{
"type": "FeatureCollection",
"name": "assentamentos-vales",
"crs": { "type": "name", "properties": { "name": "urn:ogc:def:crs:OGC:1.3:CRS84" } },
"features": [
{ "type": "Feature", "properties": { "area_ha": 1181.8 }, "geometry": { "type": "Polygon", "coordinates": [ [ [ -43.328625518243562, -17.973356242897466 ], [ -43.31505833683223, -17.964694023554898 ], [ -43.314117729091194, -17.965700109038675 ], [ -43.31317366291325, -17.968152806866211 ], [ -43.308538051043747, -17.970116512355151 ], [ -43.307945047211966, -17.971543912433241 ], [ -43.30577044152303, -17.974254719904806 ], [ -43.304138342665397, -17.975357326791926 ], [ -43.305166948172115, -17.977909170771206 ], [ -43.304925156564572, -17.978765538402417 ], [ -43.305029075011596, -17.981407292074479 ], [ -43.302867844412674, -17.987884192 ], [ -43.302757854154564, -17.990615549245316 ], [ -43.30059679828473, -17.99341226541673 ], [ -43.301810880941602, -17.9954243503499 ], [ -43.311673231861192, -18.001682578393314 ], [ -43.322086878669218, -18.003556841032538 ], [ -43.325835578653695, -18.005357412535666 ], [ -43.328968533069705, -18.004866700736653 ], [ -43.336039869503445, -18.000163964225219 ], [ -43.336384876441777, -17.996928531880812 ], [ -43.336629348723157, -17.996549853016148 ], [ -43.337538038050823, -17.996288838576831 ], [ -43.338535555218385, -17.995131475231865 ], [ -43.33870060241734, -17.994523233313465 ], [ -43.338058897816609, -17.992637617486892 ], [ -43.338053966217913, -17.990758770085918 ], [ -43.337377968584498, -17.990217018960191 ], [ -43.336591895376245, -17.988229781917543 ], [ -43.336626911207823, -17.98682214824343 ], [ -43.335684308662152, -17.984641355769934 ], [ -43.335381976312505, -17.983039875300044 ], [ -43.334465382183112, -17.981551947997556 ], [ -43.334525560498257, -17.980402760348099 ], [ -43.332553202490764, -17.97900102627386 ], [ -43.328625518243562, -17.973356242897466 ] ] ] } },
{ "type": "Feature", "properties": { "area_ha": 52.2 }, "geometry": { "type": "Polygon", "coordinates": [ [ [ -41.40179278, -17.90549167 ], [ -41.40338667, -17.90804806 ], [ -41.40575667, -17.90873333 ], [ -41.40748056, -17.90843917 ], [ -41.40759389, -17.90811833 ], [ -41.40678417, -17.90768917 ], [ -41.40649583, -17.90676583 ], [ -41.40592167, -17.90671667 ], [ -41.40588333, -17.90609778 ], [ -41.40466444, -17.9063125 ], [ -41.40455139, -17.905955559999988 ], [ -41.40488333, -17.90564139 ], [ -41.40462417, -17.90556472 ], [ -41.40426694, -17.905865 ], [ -41.40428972, -17.90635583 ], [ -41.40353722, -17.90632278 ], [ -41.40334667, -17.90545833 ], [ -41.40382222, -17.90503361 ], [ -41.40319583, -17.90485694 ], [ -41.40355028, -17.904075 ], [ -41.40327111, -17.90379222 ], [ -41.40281306, -17.90385028 ], [ -41.4026675, -17.90338056 ], [ -41.40174167, -17.90334889 ], [ -41.40181639, -17.90244889 ], [ -41.40106639, -17.90268056 ], [ -41.40101111, -17.902233060000011 ], [ -41.40147389, -17.90159111 ], [ -41.40127278, -17.901399170000012 ], [ -41.39931667, -17.90186694 ], [ -41.39901889, -17.90136139 ], [ -41.39942333, -17.90102361 ], [ -41.39811667, -17.90069278 ], [ -41.39806417, -17.899748890000012 ], [ -41.39747278, -17.90028694 ], [ -41.39713667, -17.900091939999989 ], [ -41.39755444, -17.89944667 ], [ -41.39712417, -17.89892 ], [ -41.397385, -17.89855278 ], [ -41.39688667, -17.89816194 ], [ -41.39631417, -17.89858611 ], [ -41.39602417, -17.89777944 ], [ -41.39513194, -17.897345 ], [ -41.39473306, -17.89802389 ], [ -41.39429667, -17.90379806 ], [ -41.39556111, -17.90374361 ], [ -41.39782944, -17.904191109999989 ], [ -41.40179278, -17.90549167 ] ] ] } },
{ "type": "Feature", "properties": { "area_ha": 1743.4 }, "geometry": { "type": "Polygon", "coordinates": [ [ [ -41.41686778, -17.9008325 ], [ -41.41620167, -17.90258694 ], [ -41.41422694, -17.9038525 ], [ -41.41265667, -17.90385889 ], [ -41.41144583, -17.90420667 ], [ -41.40999611, -17.90535917 ], [ -41.41024083, -17.90657056 ], [ -41.41004028, -17.90691167 ], [ -41.40775778, -17.90865083 ], [ -41.40627639, -17.90897556 ], [ -41.40324917, -17.90828972 ], [ -41.40280389, -17.90794972 ], [ -41.40163222, -17.905725559999986 ], [ -41.39775472, -17.90445306 ], [ -41.39552917, -17.90401389 ], [ -41.39427528, -17.90407472 ], [ -41.39376556, -17.908825 ], [ -41.39082139, -17.90965722 ], [ -41.38744278, -17.914515 ], [ -41.38881861, -17.91589167 ], [ -41.39033611, -17.91826972 ], [ -41.39182833000001, -17.91803722 ], [ -41.39340917, -17.91723167 ], [ -41.39458722, -17.91730583 ], [ -41.39483111, -17.91811972 ], [ -41.39588944, -17.91893528 ], [ -41.3977475, -17.91946944 ], [ -41.39810528, -17.92122972 ], [ -41.40167639, -17.92096472 ], [ -41.40392833, -17.92125917 ], [ -41.40471167, -17.92091056 ], [ -41.40950778, -17.92327028 ], [ -41.411196940000011, -17.92559611 ], [ -41.41279694, -17.92717861 ], [ -41.41439222, -17.93032917 ], [ -41.41605972, -17.93526694 ], [ -41.41378667, -17.93760028 ], [ -41.41336639, -17.93450583 ], [ -41.41146139, -17.93182778 ], [ -41.41099444, -17.93274667 ], [ -41.40988528, -17.93307222 ], [ -41.40885889, -17.93485444 ], [ -41.40772806, -17.93531444 ], [ -41.40676528, -17.93619056 ], [ -41.40074278, -17.933307219999985 ], [ -41.40088722, -17.92935083 ], [ -41.40681444, -17.92929056 ], [ -41.4053625, -17.92621667 ], [ -41.40454583, -17.92603028 ], [ -41.40368528, -17.925889439999985 ], [ -41.40224139, -17.92628528 ], [ -41.40052389, -17.92760639 ], [ -41.39757028, -17.9274225 ], [ -41.39557389, -17.92621889 ], [ -41.39488389, -17.92457722 ], [ -41.39416278, -17.92403194 ], [ -41.39125306, -17.92589194 ], [ -41.38957889, -17.9262125 ], [ -41.3880175, -17.92543667 ], [ -41.38688139, -17.92448417 ], [ -41.38468444, -17.92487194 ], [ -41.38287556, -17.92457556 ], [ -41.37801278, -17.9279 ], [ -41.37777639, -17.92927694 ], [ -41.37745556, -17.92966556 ], [ -41.37798333, -17.93493833 ], [ -41.37786389, -17.93641389 ], [ -41.37824583, -17.93791222 ], [ -41.37808889, -17.93842278 ], [ -41.37985194, -17.94355611 ], [ -41.38352028, -17.93941833 ], [ -41.38408694, -17.939103889999988 ], [ -41.38451972, -17.9381925 ], [ -41.38432944, -17.93707972 ], [ -41.38644444, -17.93656722 ], [ -41.39089361, -17.93744472 ], [ -41.39162556, -17.93960306 ], [ -41.39231417, -17.94007528 ], [ -41.39579583, -17.94083111 ], [ -41.39640556, -17.941247779999987 ], [ -41.39960472, -17.94116611 ], [ -41.40019806, -17.94385667 ], [ -41.39034333, -17.94421194 ], [ -41.38979722, -17.94491333 ], [ -41.38903167, -17.95236 ], [ -41.39269, -17.952215 ], [ -41.39470472, -17.95296583 ], [ -41.39540889, -17.95216111 ], [ -41.3975975, -17.95127028 ], [ -41.3978475, -17.95224639 ], [ -41.40318389, -17.95278944 ], [ -41.40054667, -17.95628611 ], [ -41.40057083, -17.95677056 ], [ -41.39927194, -17.95886778 ], [ -41.3996675, -17.95996083 ], [ -41.40151806, -17.96112083 ], [ -41.40273028, -17.96148806 ], [ -41.403745, -17.96116222 ], [ -41.40483861, -17.96034306 ], [ -41.40632917, -17.95993806 ], [ -41.40730528, -17.96006611 ], [ -41.40824056, -17.95820944 ], [ -41.40885056, -17.95784306 ], [ -41.41233111, -17.95797861 ], [ -41.41351306, -17.95659222 ], [ -41.41176306, -17.95217917 ], [ -41.40617556, -17.95154972 ], [ -41.40462833, -17.94921833 ], [ -41.40684056, -17.94940556 ], [ -41.40815389, -17.94799417 ], [ -41.40373194, -17.943164719999988 ], [ -41.40572, -17.94064972 ], [ -41.40685722, -17.94375583 ], [ -41.4076925, -17.94319944 ], [ -41.40877389, -17.94546361 ], [ -41.41101083, -17.94572889 ], [ -41.41094111, -17.94506417 ], [ -41.41184833, -17.94490917 ], [ -41.41205667, -17.94600694 ], [ -41.41230111, -17.94603472 ], [ -41.41848917, -17.94541444 ], [ -41.41758722, -17.94468806 ], [ -41.41631806, -17.94429861 ], [ -41.41648389, -17.94186667 ], [ -41.41614333, -17.94117139 ], [ -41.41797, -17.93878528 ], [ -41.41745361, -17.93509167 ], [ -41.42626028, -17.934720829999989 ], [ -41.42641444, -17.93376722 ], [ -41.42706861, -17.93285194 ], [ -41.4268475, -17.930853059999986 ], [ -41.43115639, -17.930901389999988 ], [ -41.43120056, -17.92953889 ], [ -41.43073556, -17.92908944 ], [ -41.42673583, -17.929014439999989 ], [ -41.42483028, -17.92317361 ], [ -41.42221361, -17.92221528 ], [ -41.42018139, -17.922285 ], [ -41.42045472, -17.92110583 ], [ -41.41920444, -17.92089056 ], [ -41.41980139, -17.91764694 ], [ -41.42162944, -17.91700861 ], [ -41.4238475, -17.91724139 ], [ -41.4249375, -17.91799667 ], [ -41.42474833, -17.91982 ], [ -41.42680917, -17.92045417 ], [ -41.42682222, -17.92254472 ], [ -41.42747083, -17.9240975 ], [ -41.43132, -17.92492528 ], [ -41.43223222, -17.92345667 ], [ -41.43104444, -17.92292667 ], [ -41.42953111, -17.92055972 ], [ -41.43299944, -17.91446917 ], [ -41.43130556, -17.913882499999989 ], [ -41.43091194, -17.91330306 ], [ -41.42831611, -17.9124475 ], [ -41.42843, -17.91202944 ], [ -41.42589028, -17.9068925 ], [ -41.42410278, -17.90706944 ], [ -41.41998583, -17.90544389 ], [ -41.41923417, -17.90543111 ], [ -41.41686778, -17.9008325 ] ] ] } },
{ "type": "Feature", "properties": { "area_ha": 444.9 }, "geometry": { "type": "Polygon", "coordinates": [ [ [ -43.248365546686507, -17.954851571343603 ], [ -43.250448388533165, -17.954210600552393 ], [ -43.250757748075571, -17.953769917370362 ], [ -43.250109450372385, -17.95220922448998 ], [ -43.248775759182692, -17.951453776055683 ], [ -43.248454311095927, -17.950199740648639 ], [ -43.248317001804217, -17.948926420448064 ], [ -43.248949084579763, -17.947683094187251 ], [ -43.249015296432844, -17.946325744044259 ], [ -43.249358587182428, -17.945764174219292 ], [ -43.251451869127095, -17.944077158831849 ], [ -43.253221376565911, -17.943236170829614 ], [ -43.256681003136215, -17.942431214730547 ], [ -43.25915838556211, -17.941198366891996 ], [ -43.26220224418568, -17.940705675448612 ], [ -43.263160798519344, -17.939018916604685 ], [ -43.262909431523738, -17.936922485457753 ], [ -43.261994853543513, -17.935713460752492 ], [ -43.261512877984266, -17.934361307433708 ], [ -43.26109923988578, -17.934056029146046 ], [ -43.25921224549824, -17.93371353209583 ], [ -43.258862048964367, -17.93325030935295 ], [ -43.258804643600214, -17.932101584344199 ], [ -43.259342402469933, -17.931193872999849 ], [ -43.258408387940129, -17.930752163976027 ], [ -43.258036327846511, -17.929977021423745 ], [ -43.258263523457821, -17.928284363539998 ], [ -43.258013722583321, -17.925578847445401 ], [ -43.258419689999009, -17.924352908390858 ], [ -43.258338165371597, -17.922444276758164 ], [ -43.259213265213731, -17.921600724357987 ], [ -43.257457221841747, -17.919445440666493 ], [ -43.256415962402023, -17.919161166589131 ], [ -43.254996468480769, -17.919822552981476 ], [ -43.254776595797786, -17.920183261780863 ], [ -43.255352506896095, -17.920659905675866 ], [ -43.255010859428396, -17.921000013948717 ], [ -43.254560115435304, -17.920785632890492 ], [ -43.252923528256986, -17.92123402516437 ], [ -43.252259971439067, -17.92201428242997 ], [ -43.251491275799239, -17.921256701994501 ], [ -43.250840518665726, -17.92139154332115 ], [ -43.251299637511693, -17.922331371576416 ], [ -43.250401126926953, -17.923305800893033 ], [ -43.248922535034922, -17.923495250166567 ], [ -43.249021666605273, -17.924242038259706 ], [ -43.247762707048992, -17.924830168787864 ], [ -43.247477067784139, -17.925383599916941 ], [ -43.248209277657779, -17.925778557923149 ], [ -43.247616189409548, -17.925912253094836 ], [ -43.246311895769651, -17.927734082940507 ], [ -43.247260647192128, -17.927917553602985 ], [ -43.246809906191551, -17.928537056471264 ], [ -43.246953406913278, -17.929150494036477 ], [ -43.245698876883907, -17.929285225391951 ], [ -43.244935068760626, -17.93024528249671 ], [ -43.245089202988723, -17.930453846492842 ], [ -43.244440136817182, -17.930995924870572 ], [ -43.244730834094909, -17.932488942995086 ], [ -43.245672731907462, -17.933582300936777 ], [ -43.245178877139061, -17.933843780630028 ], [ -43.244948483634829, -17.933365260806919 ], [ -43.244443620078151, -17.933506845195492 ], [ -43.244153333448601, -17.933937135289444 ], [ -43.244623399972056, -17.934016279666665 ], [ -43.244863953624645, -17.934943696452461 ], [ -43.243708741130824, -17.935219202349806 ], [ -43.243307093681061, -17.936748288560992 ], [ -43.243558385974467, -17.937441554720973 ], [ -43.244028098132361, -17.937367264937432 ], [ -43.243960199750056, -17.937873357367401 ], [ -43.242862433469107, -17.938470264428233 ], [ -43.243656593972872, -17.939698828546749 ], [ -43.242892726419399, -17.939286707745335 ], [ -43.242300105343439, -17.93946022241802 ], [ -43.242238467901444, -17.939756084054377 ], [ -43.242523701458452, -17.939871147928404 ], [ -43.242592838859842, -17.940639672591608 ], [ -43.241934206474085, -17.942507306402945 ], [ -43.241980676346842, -17.943169907171161 ], [ -43.2427447670823, -17.943536312616509 ], [ -43.241522413422636, -17.944249253258857 ], [ -43.241524388501304, -17.944639821125879 ], [ -43.241856403922881, -17.945681757243932 ], [ -43.242546478874878, -17.945773809488706 ], [ -43.242870712211108, -17.947703427087092 ], [ -43.243528330279553, -17.948504746649959 ], [ -43.24312547739202, -17.94970675238676 ], [ -43.243861485139163, -17.950146921811633 ], [ -43.243324085894493, -17.950465198182673 ], [ -43.243305571146088, -17.950990090171878 ], [ -43.244737612218103, -17.951094721250524 ], [ -43.245315327844587, -17.952454797050617 ], [ -43.246570049984868, -17.95205209100207 ], [ -43.248976722380704, -17.951880534873681 ], [ -43.24923447958458, -17.952753955152286 ], [ -43.247104695253775, -17.953569402711061 ], [ -43.247430191848473, -17.954373800732309 ], [ -43.248365546686507, -17.954851571343603 ] ] ] } },
{ "type": "Feature", "properties": { "area_ha": 944.2 }, "geometry": { "type": "Polygon", "coordinates": [ [ [ -43.267025391293224, -17.965549732789505 ], [ -43.271106485845181, -17.964730122716752 ], [ -43.272889611155314, -17.963508412359825 ], [ -43.275133441116523, -17.962868291558994 ], [ -43.278437221058809, -17.961334662756293 ], [ -43.28599059077699, -17.96028290789863 ], [ -43.282295598335899, -17.949255195064577 ], [ -43.280911158559853, -17.943802058040699 ], [ -43.282032238447286, -17.943881445390151 ], [ -43.282863577392916, -17.944752982454542 ], [ -43.283669409755127, -17.94493685530799 ], [ -43.285340163397052, -17.944507259281608 ], [ -43.285365220847822, -17.942569863892487 ], [ -43.284895999966807, -17.939877976235973 ], [ -43.285047550435721, -17.937715721200949 ], [ -43.282590154389126, -17.934357583994085 ], [ -43.281226853749502, -17.934300435343285 ], [ -43.278243663832221, -17.933288700175748 ], [ -43.277855946304946, -17.933733022599498 ], [ -43.274073632331373, -17.931056819708971 ], [ -43.269152769619886, -17.929658154211243 ], [ -43.268236451086501, -17.929030275546445 ], [ -43.266079549247635, -17.928364582965589 ], [ -43.264820822145523, -17.926338671572907 ], [ -43.263115156621254, -17.924811321889859 ], [ -43.261371636489905, -17.924088452158198 ], [ -43.259795569013015, -17.922650781925089 ], [ -43.259291489807417, -17.921707183144623 ], [ -43.258583073029456, -17.92228994324881 ], [ -43.258428136287044, -17.922782949504192 ], [ -43.258586134508739, -17.924070005265669 ], [ -43.258154750131759, -17.925602788786154 ], [ -43.258405523111236, -17.928287587453795 ], [ -43.258177442636352, -17.929956007670459 ], [ -43.258494153952569, -17.930637722233882 ], [ -43.25953136286266, -17.931112632498618 ], [ -43.258945737126133, -17.932119506764867 ], [ -43.259135555345281, -17.933473214064804 ], [ -43.261453620884595, -17.934087693638265 ], [ -43.262122028711616, -17.935650994904702 ], [ -43.26309688378312, -17.936956637253374 ], [ -43.263336404033637, -17.938919122125597 ], [ -43.263152550779203, -17.939557532719174 ], [ -43.262210051419679, -17.940881614502413 ], [ -43.259188415265676, -17.941331199353634 ], [ -43.256634890452176, -17.942602039796078 ], [ -43.253269796167707, -17.943364469084159 ], [ -43.251529409028059, -17.944191617309929 ], [ -43.249473266291332, -17.94584493054575 ], [ -43.24915098894008, -17.946372128318135 ], [ -43.249080833396675, -17.947735305104828 ], [ -43.248457303527907, -17.948949900057478 ], [ -43.248592626335387, -17.950169662069705 ], [ -43.248911297292061, -17.95140086366283 ], [ -43.25022315523298, -17.952126710054653 ], [ -43.250900335388302, -17.953795447242822 ], [ -43.250242610277979, -17.954486823475477 ], [ -43.248643809381981, -17.954973049043648 ], [ -43.252697896600679, -17.956051521927009 ], [ -43.257493457826222, -17.957908474835495 ], [ -43.261939208452773, -17.957291346912136 ], [ -43.264349559402213, -17.957333277365066 ], [ -43.264996323469589, -17.957598117178801 ], [ -43.266325052890664, -17.958575391637527 ], [ -43.266664297937382, -17.959222662605526 ], [ -43.266597215711556, -17.960397537462324 ], [ -43.265857874856756, -17.962294182360491 ], [ -43.266167252147127, -17.964371956414119 ], [ -43.267025391293224, -17.965549732789505 ] ], [ [ -43.267610696165825, -17.952153499339371 ], [ -43.267873849886421, -17.948928035884045 ], [ -43.26732498824925, -17.948651049909881 ], [ -43.267495260062603, -17.948219369820567 ], [ -43.267043622054487, -17.948217227693348 ], [ -43.266543458273567, -17.947597359068904 ], [ -43.266656008198559, -17.945935762620504 ], [ -43.265790694265903, -17.945393670538518 ], [ -43.265316171464654, -17.944660010774342 ], [ -43.265881279592691, -17.944804625665959 ], [ -43.265582879306713, -17.944105355227311 ], [ -43.266336215108979, -17.943854555358268 ], [ -43.266553715523088, -17.943330278449519 ], [ -43.266234559752057, -17.943084162666914 ], [ -43.26638705318021, -17.942653399647273 ], [ -43.267165200722125, -17.942463660336298 ], [ -43.267998212644478, -17.943496348884818 ], [ -43.269061177354324, -17.94415461608283 ], [ -43.269419135139003, -17.944840588795749 ], [ -43.272266913375937, -17.946819692622189 ], [ -43.275040499123762, -17.947789373750041 ], [ -43.278236653272799, -17.95496554971885 ], [ -43.270329849807602, -17.955952834177229 ], [ -43.267610696165825, -17.952153499339371 ] ] ] } },
{ "type": "Feature", "properties": { "area_ha": 130.3 }, "geometry": { "type": "Polygon", "coordinates": [ [ [ -41.54553861, -17.82178028 ], [ -41.54880306, -17.82005889 ], [ -41.55007444, -17.82045694 ], [ -41.55046833, -17.82028889 ], [ -41.55078833, -17.820914439999989 ], [ -41.5513257807524, -17.82050859687758 ], [ -41.55194202844654, -17.820744397319881 ], [ -41.553216617901505, -17.820477297891905 ], [ -41.555453024247171, -17.817013652659284 ], [ -41.555092313901412, -17.814859846143584 ], [ -41.554157089936176, -17.812749673799846 ], [ -41.556572564861973, -17.806919877072829 ], [ -41.554749580590546, -17.805363201353337 ], [ -41.554222244483071, -17.802759990038126 ], [ -41.553148242938228, -17.801491545219474 ], [ -41.550981080126633, -17.804897620195195 ], [ -41.550371400445542, -17.810423831617534 ], [ -41.54646087262816, -17.81656207900982 ], [ -41.54563179170443, -17.819264281004688 ], [ -41.544171488638547, -17.820683826555761 ], [ -41.54553861, -17.82178028 ] ] ] } },
{ "type": "Feature", "properties": { "area_ha": 6.3 }, "geometry": { "type": "Polygon", "coordinates": [ [ [ -43.580864136029057, -17.618692047803915 ], [ -43.582564323594475, -17.620761183900331 ], [ -43.584688500455073, -17.62137693116529 ], [ -43.585370793323548, -17.621317923254306 ], [ -43.580287721622895, -17.617297314196499 ], [ -43.580864136029057, -17.618692047803915 ] ] ] } },
{ "type": "Feature", "properties": { "area_ha": 30.1 }, "geometry": { "type": "Polygon", "coordinates": [ [ [ -43.584681976774299, -17.621468192326901 ], [ -43.582507942020527, -17.620836190905575 ], [ -43.581293050330054, -17.619541924897391 ], [ -43.580137126712771, -17.617178192071737 ], [ -43.568327089582716, -17.607835518956502 ], [ -43.568338983816155, -17.609682525264091 ], [ -43.569114020665495, -17.611107402305723 ], [ -43.577888432827812, -17.615910956626571 ], [ -43.579530501338738, -17.617707547043338 ], [ -43.582696424492312, -17.622341638384505 ], [ -43.584087763120884, -17.62285353215216 ], [ -43.586963168673762, -17.622577399479098 ], [ -43.585473551261011, -17.621399199682841 ], [ -43.584681976774299, -17.621468192326901 ] ] ] } },
{ "type": "Feature", "properties": { "area_ha": 0.4 }, "geometry": { "type": "Polygon", "coordinates": [ [ [ -43.544830746934224, -17.543088331028141 ], [ -43.545913387381091, -17.542421228629166 ], [ -43.546048223077442, -17.542263083240332 ], [ -43.543727270259566, -17.543306649259513 ], [ -43.544830746934224, -17.543088331028141 ] ] ] } },
{ "type": "Feature", "properties": { "area_ha": 7.2 }, "geometry": { "type": "Polygon", "coordinates": [ [ [ -43.552014107444776, -17.540304015556654 ], [ -43.553055928715565, -17.542715276224627 ], [ -43.553509154938396, -17.54309444936542 ], [ -43.554136854371407, -17.54319208359286 ], [ -43.555654064746072, -17.542235952686283 ], [ -43.552034377300004, -17.539571352300005 ], [ -43.55111698878126, -17.539983882195095 ], [ -43.552014107444776, -17.540304015556654 ] ] ] } },
{ "type": "Feature", "properties": { "area_ha": 5.2 }, "geometry": { "type": "Polygon", "coordinates": [ [ [ -43.562633821788978, -17.547388523124699 ], [ -43.564749988940619, -17.549335660615981 ], [ -43.566109984381022, -17.5511074063187 ], [ -43.567690561756528, -17.552136024117342 ], [ -43.57021771087382, -17.552955448998944 ], [ -43.562633821788978, -17.547388523124699 ] ] ] } },
{ "type": "Feature", "properties": { "area_ha": 1.0 }, "geometry": { "type": "Polygon", "coordinates": [ [ [ -43.56879783485455, -17.561469294879725 ], [ -43.567134693770349, -17.562025805271482 ], [ -43.567757871545311, -17.562271839015178 ], [ -43.567359955649607, -17.563079684235117 ], [ -43.56879783485455, -17.561469294879725 ] ] ] } },
{ "type": "Feature", "properties": { "area_ha": 26.5 }, "geometry": { "type": "Polygon", "coordinates": [ [ [ -43.565057068002353, -17.56667464708941 ], [ -43.5657318485977, -17.569740298129403 ], [ -43.568460943627016, -17.573052736795265 ], [ -43.573104484666395, -17.574555745057928 ], [ -43.576072246438557, -17.576117093174869 ], [ -43.579293580307706, -17.5788484908485 ], [ -43.565057068002353, -17.56667464708941 ] ] ] } },
{ "type": "Feature", "properties": { "area_ha": 11.0 }, "geometry": { "type": "Polygon", "coordinates": [ [ [ -43.577127152922536, -17.587767483108088 ], [ -43.575567716657886, -17.585986728582462 ], [ -43.573841341796822, -17.584624093336267 ], [ -43.571183122604545, -17.585219544577715 ], [ -43.570326680646012, -17.585972935250833 ], [ -43.577127152922536, -17.587767483108088 ] ] ] } },
{ "type": "Feature", "properties": { "area_ha": 0.9 }, "geometry": { "type": "Polygon", "coordinates": [ [ [ -43.570105846291227, -17.587683878791768 ], [ -43.570775981037322, -17.588609924044324 ], [ -43.571815426005152, -17.589345781019365 ], [ -43.569994312987554, -17.587023484103639 ], [ -43.570105846291227, -17.587683878791768 ] ] ] } },
{ "type": "Feature", "properties": { "area_ha": 630.3 }, "geometry": { "type": "Polygon", "coordinates": [ [ [ -41.975551478363116, -17.49891047563376 ], [ -41.974776509796364, -17.499270278512871 ], [ -41.974861824597902, -17.499963565982146 ], [ -41.969849782512789, -17.501579342145078 ], [ -41.971352224093451, -17.505690278660428 ], [ -41.970583335033531, -17.506224722973656 ], [ -41.97055942941774, -17.508166306577156 ], [ -41.966555279330265, -17.511473056006526 ], [ -41.967623687201943, -17.512679676191738 ], [ -41.968667502094164, -17.515986111892282 ], [ -41.970071113444405, -17.517523056365814 ], [ -41.970001113402503, -17.518459167593335 ], [ -41.969485835117972, -17.519223889838223 ], [ -41.963810279868014, -17.520189166870161 ], [ -41.962063789987425, -17.52356821291718 ], [ -41.961966390476917, -17.525009167501914 ], [ -41.962811258657588, -17.528868453285718 ], [ -41.962443891220815, -17.5305777786207 ], [ -41.96334694646611, -17.532196944649186 ], [ -41.965825279672792, -17.533068889336977 ], [ -41.969364880951865, -17.53544626588079 ], [ -41.970880794026534, -17.532482333497956 ], [ -41.971609112554468, -17.529434332516313 ], [ -41.971973271883996, -17.529292774993984 ], [ -41.97181170079304, -17.528890743722773 ], [ -41.97206166560273, -17.528326526082282 ], [ -41.97169881646041, -17.52737084746925 ], [ -41.971982190297183, -17.525307509263357 ], [ -41.972625432367415, -17.524479026752982 ], [ -41.973114006735301, -17.524404195452288 ], [ -41.973250992589008, -17.522638275884269 ], [ -41.97562433759672, -17.51930393183245 ], [ -41.976281951776876, -17.51733774362404 ], [ -41.978755796959497, -17.520439084624691 ], [ -41.986544299555142, -17.529034125341006 ], [ -41.987674607464754, -17.528415457554377 ], [ -41.987829139987092, -17.527881648716725 ], [ -41.990002779586838, -17.527752218182879 ], [ -41.99064474210644, -17.52317662228878 ], [ -41.990175841609819, -17.521837949236403 ], [ -41.988591195122154, -17.521445277579772 ], [ -41.987358089231904, -17.520544932954952 ], [ -41.986832114902043, -17.519740004223699 ], [ -41.987082127399852, -17.518228603734897 ], [ -41.988717599310746, -17.516571520701735 ], [ -41.98925159150636, -17.515308070009819 ], [ -41.990276878815784, -17.514016947939361 ], [ -41.992385834991104, -17.512446389639809 ], [ -41.993144855370012, -17.509930457186279 ], [ -41.992216314476991, -17.508989484675357 ], [ -41.99017837868449, -17.508319898364654 ], [ -41.989331450698153, -17.508166724802933 ], [ -41.988386499828152, -17.508681467776789 ], [ -41.985978562517218, -17.508509596943572 ], [ -41.984457054870056, -17.507315931479688 ], [ -41.983013741314942, -17.505457446414436 ], [ -41.982223302100778, -17.505151938112412 ], [ -41.98021497203537, -17.502167311588256 ], [ -41.976453310566228, -17.499217463944866 ], [ -41.975551478363116, -17.49891047563376 ] ] ] } },
{ "type": "Feature", "properties": { "area_ha": 412.6 }, "geometry": { "type": "Polygon", "coordinates": [ [ [ -42.421384832970382, -17.512593432110492 ], [ -42.423737811446394, -17.518940430024774 ], [ -42.426907271028732, -17.518074224801616 ], [ -42.428229030958988, -17.517088479018671 ], [ -42.428607684902175, -17.515481938155521 ], [ -42.429996498289356, -17.516311388449743 ], [ -42.430546907911314, -17.516297235270599 ], [ -42.430964643616505, -17.515033274652364 ], [ -42.430495863660042, -17.513690836088902 ], [ -42.431993179146524, -17.51300880301547 ], [ -42.431205620165443, -17.511467423919793 ], [ -42.430451930178947, -17.511102365897475 ], [ -42.424628117699406, -17.503957680393956 ], [ -42.422389535828685, -17.504259921794496 ], [ -42.415769648536639, -17.494937491525622 ], [ -42.416435132218623, -17.494079941285666 ], [ -42.416544820267582, -17.493089580689592 ], [ -42.41585175693104, -17.492184857753159 ], [ -42.414976750663762, -17.48840572760459 ], [ -42.411616413500973, -17.485336734635364 ], [ -42.410553218526381, -17.485716916545641 ], [ -42.410731413480761, -17.48688237663686 ], [ -42.408877597968043, -17.486670069041917 ], [ -42.408161307239347, -17.486864606279219 ], [ -42.408343594684652, -17.491252373784011 ], [ -42.409975907423963, -17.493268708767854 ], [ -42.410377301505612, -17.496280922436373 ], [ -42.410717997121118, -17.495977024363793 ], [ -42.412882519443876, -17.501809658121946 ], [ -42.402556992795226, -17.509342335434976 ], [ -42.405321744041537, -17.516267899035036 ], [ -42.417185022078037, -17.507835901499952 ], [ -42.421384832970382, -17.512593432110492 ] ] ] } },
{ "type": "Feature", "properties": { "area_ha": 197.8 }, "geometry": { "type": "Polygon", "coordinates": [ [ [ -42.442133275143732, -17.528349666627637 ], [ -42.444567198272658, -17.528597765538269 ], [ -42.446931049388276, -17.530978587903881 ], [ -42.447832786166138, -17.530639749166262 ], [ -42.449023769665217, -17.529454332535366 ], [ -42.450055006442199, -17.527510499653786 ], [ -42.44950842361613, -17.52684936410175 ], [ -42.448893837399339, -17.525124837384833 ], [ -42.446535084656958, -17.523360249454747 ], [ -42.445287516939729, -17.523410841063399 ], [ -42.443680529733221, -17.522079199614243 ], [ -42.442989929318088, -17.521867017052358 ], [ -42.435311347693279, -17.520186392585039 ], [ -42.43203584333034, -17.513116371551227 ], [ -42.430680364146696, -17.513750932647341 ], [ -42.431068413556105, -17.515015197429655 ], [ -42.430972442140849, -17.515955924612445 ], [ -42.430594875497768, -17.51640672258349 ], [ -42.429969788677575, -17.516399750218874 ], [ -42.428609682053413, -17.515666892641896 ], [ -42.428709310174995, -17.516222104412968 ], [ -42.428322420686726, -17.517163268273134 ], [ -42.42696131406101, -17.518171095600938 ], [ -42.423778409556732, -17.519042808901059 ], [ -42.424435470956475, -17.522205934049197 ], [ -42.442133275143732, -17.528349666627637 ] ] ] } },
{ "type": "Feature", "properties": { "area_ha": 126.1 }, "geometry": { "type": "Polygon", "coordinates": [ [ [ -41.641825492227653, -17.321085633076393 ], [ -41.641928365183105, -17.321715337242249 ], [ -41.640742780207013, -17.322651510073911 ], [ -41.639165306479796, -17.326138325282415 ], [ -41.637189168664804, -17.32768774774404 ], [ -41.63414262652671, -17.331813150104765 ], [ -41.637142648424529, -17.334549208085722 ], [ -41.639129444678474, -17.337057630691156 ], [ -41.63964477008637, -17.335509954515093 ], [ -41.641277346505966, -17.333865771793416 ], [ -41.641509242739623, -17.331433424076412 ], [ -41.642089520114027, -17.330926366981107 ], [ -41.643166487240372, -17.328470302559921 ], [ -41.64663442053007, -17.327030217565703 ], [ -41.64827026142094, -17.326965510046751 ], [ -41.650779277627599, -17.325612650981306 ], [ -41.649140535646026, -17.325080448582401 ], [ -41.649260588840903, -17.323785689762094 ], [ -41.648118505865448, -17.322761206802312 ], [ -41.647186093886631, -17.32098474933154 ], [ -41.646234799104818, -17.320482332099122 ], [ -41.645587083717359, -17.319743089622097 ], [ -41.643915364119941, -17.321034331033157 ], [ -41.641825492227653, -17.321085633076393 ] ] ] } },
{ "type": "Feature", "properties": { "area_ha": 16.3 }, "geometry": { "type": "Polygon", "coordinates": [ [ [ -41.634069423062066, -17.331752515233209 ], [ -41.637116006750091, -17.327630888397415 ], [ -41.639088416291514, -17.326085428377571 ], [ -41.640662782941341, -17.322602933190776 ], [ -41.641847799805412, -17.321662508728451 ], [ -41.641767807250105, -17.321195634718389 ], [ -41.640145307641667, -17.321081577416283 ], [ -41.63823045401768, -17.32572547710074 ], [ -41.635587765107509, -17.327312752900237 ], [ -41.634239549919201, -17.329350330419182 ], [ -41.633360957715503, -17.331077906824056 ], [ -41.634069423062066, -17.331752515233209 ] ] ] } },
{ "type": "Feature", "properties": { "area_ha": 1201.6 }, "geometry": { "type": "Polygon", "coordinates": [ [ [ -42.338480892686903, -17.17318166396586 ], [ -42.33310210252359, -17.175574756674084 ], [ -42.330775171165392, -17.17824904631857 ], [ -42.330437309860592, -17.178360620833825 ], [ -42.330118785529493, -17.17800242117114 ], [ -42.327885302421407, -17.180005391947827 ], [ -42.325643536498362, -17.178410915453039 ], [ -42.324534658370901, -17.179738538983781 ], [ -42.319958113763413, -17.182833208406695 ], [ -42.319381161764127, -17.18389497264565 ], [ -42.31945283448573, -17.185283257286578 ], [ -42.319782002215916, -17.185863431527416 ], [ -42.31825088766432, -17.18577193448796 ], [ -42.317132016043743, -17.186330737516116 ], [ -42.312417311113236, -17.185027329788866 ], [ -42.301035654749199, -17.201865460903043 ], [ -42.304320547514386, -17.202463281575568 ], [ -42.30529637023281, -17.203229851939209 ], [ -42.308804815590044, -17.203231650214708 ], [ -42.311233605460302, -17.204356815266173 ], [ -42.312413833908693, -17.204613790770658 ], [ -42.313356043476297, -17.205080474100502 ], [ -42.314689902107901, -17.207083923116219 ], [ -42.315762844091928, -17.207716402122241 ], [ -42.316439865755648, -17.209334738547348 ], [ -42.31743326109973, -17.209845505834512 ], [ -42.318157218136619, -17.209820800203822 ], [ -42.321559633434511, -17.208440113873788 ], [ -42.324244965924805, -17.209436306182301 ], [ -42.325780243632586, -17.209653269558704 ], [ -42.328116838034013, -17.210772692144921 ], [ -42.328825942250873, -17.211754525425647 ], [ -42.33007895067982, -17.212593166637348 ], [ -42.330966753457574, -17.214515441626911 ], [ -42.332024079172214, -17.21483765611255 ], [ -42.332325246900659, -17.213662211051023 ], [ -42.332762191089763, -17.213184583066099 ], [ -42.332812376161584, -17.211725719696823 ], [ -42.333948833756658, -17.209026716090172 ], [ -42.33413907280822, -17.206661162473548 ], [ -42.335887529147371, -17.206704197671311 ], [ -42.337860005785359, -17.207804786009572 ], [ -42.338407276185201, -17.209589275508641 ], [ -42.339643411037443, -17.210132560501979 ], [ -42.340235687672916, -17.211426608889468 ], [ -42.342845480790373, -17.211355932354365 ], [ -42.343369167471721, -17.21167919461298 ], [ -42.344148738940206, -17.210789380461105 ], [ -42.344689403281002, -17.207758681474104 ], [ -42.346101254474888, -17.208572160998084 ], [ -42.347462029456771, -17.207233351533127 ], [ -42.346879977881606, -17.205685238508003 ], [ -42.347947016385426, -17.20353214135524 ], [ -42.349383631081565, -17.203842561729772 ], [ -42.34991669949811, -17.20349747683353 ], [ -42.350672940108389, -17.203601028198026 ], [ -42.352059156416018, -17.204747966905831 ], [ -42.355401147806248, -17.204901753680836 ], [ -42.358538873093558, -17.201963286024608 ], [ -42.357749505513134, -17.200287592479878 ], [ -42.35751374999542, -17.196796446882345 ], [ -42.354246282939378, -17.196773907902898 ], [ -42.351071938740532, -17.198249735917926 ], [ -42.350177195392803, -17.197297940627113 ], [ -42.34658972920375, -17.195920109092636 ], [ -42.345794209063406, -17.196675840553052 ], [ -42.345283251865915, -17.198131457619237 ], [ -42.344039289776006, -17.197240790801157 ], [ -42.343105792595509, -17.196111554795955 ], [ -42.341628753000542, -17.195880189775156 ], [ -42.340789891773028, -17.195113191252048 ], [ -42.340720621199161, -17.1938123963556 ], [ -42.341564171444077, -17.192521962681038 ], [ -42.342188871936109, -17.192090860936965 ], [ -42.342822634574709, -17.192264581973504 ], [ -42.344392229936105, -17.191969653517489 ], [ -42.344991943814598, -17.191273591590377 ], [ -42.344404490691637, -17.188799013162146 ], [ -42.344869690220861, -17.188090407036647 ], [ -42.344609382375261, -17.186815337781994 ], [ -42.344768815384597, -17.185670458346429 ], [ -42.349881200971843, -17.184683745789464 ], [ -42.347566629954201, -17.184524534559344 ], [ -42.345836241961962, -17.183910305220209 ], [ -42.343958989528282, -17.182654891241416 ], [ -42.341330676611832, -17.179027948898675 ], [ -42.338480892686903, -17.17318166396586 ] ], [ [ -42.325555804213948, -17.19807471350239 ], [ -42.325238891416291, -17.198296336917632 ], [ -42.324569128975178, -17.197999222430969 ], [ -42.324925707914431, -17.198571693569793 ], [ -42.325271746045672, -17.198604569500972 ], [ -42.32466579261493, -17.199116638595328 ], [ -42.324337788743598, -17.198971383289951 ], [ -42.32437754068718, -17.198669293351472 ], [ -42.323719490943681, -17.198999293806811 ], [ -42.323043891893867, -17.19806470609592 ], [ -42.321818801983476, -17.197854735060957 ], [ -42.321595607371144, -17.19803338709043 ], [ -42.321780938698204, -17.198330251499613 ], [ -42.321460559767296, -17.198482253629546 ], [ -42.321143163166994, -17.198196108404971 ], [ -42.320721921462898, -17.198326507494063 ], [ -42.32060902162177, -17.198050632492127 ], [ -42.319558331114955, -17.198170118972783 ], [ -42.319219636321115, -17.197629896773616 ], [ -42.320716531378352, -17.196654943721175 ], [ -42.320536326222786, -17.19339133695604 ], [ -42.32000592175855, -17.19275648818768 ], [ -42.322910772849447, -17.188573187015212 ], [ -42.323205041099399, -17.188356694182762 ], [ -42.323923949248154, -17.188709012875954 ], [ -42.324481178620118, -17.188447272295797 ], [ -42.325904067335188, -17.188628705994972 ], [ -42.327159076314771, -17.190568729517182 ], [ -42.328110550721661, -17.190187180488735 ], [ -42.331485568271887, -17.187429807932375 ], [ -42.332373304932695, -17.187122434368753 ], [ -42.334187518010346, -17.187677889251397 ], [ -42.335518596008569, -17.189334918184784 ], [ -42.334279301673611, -17.194166692720902 ], [ -42.332047774544129, -17.200043968925101 ], [ -42.331368378693156, -17.200471041504361 ], [ -42.330289829057044, -17.202053314630337 ], [ -42.330053670088382, -17.201182075930138 ], [ -42.329681758487467, -17.20094443674952 ], [ -42.329914769243508, -17.19966323902608 ], [ -42.329238711145472, -17.199163293310914 ], [ -42.328977335544998, -17.199418467485476 ], [ -42.32869001092363, -17.198884642915303 ], [ -42.327592073905855, -17.199431368208501 ], [ -42.327459718934371, -17.199018293556364 ], [ -42.327083290581967, -17.199364246872214 ], [ -42.326730446656782, -17.199250001871153 ], [ -42.326525650822028, -17.199173233068823 ], [ -42.326791330864644, -17.19901801211175 ], [ -42.326663460274219, -17.198490518020485 ], [ -42.325555804213948, -17.19807471350239 ] ], [ [ -42.334135056924957, -17.183809623235454 ], [ -42.336437404661979, -17.182254546866986 ], [ -42.3366484441, -17.183579384600002 ], [ -42.334135056924957, -17.183809623235454 ] ] ] } },
{ "type": "Feature", "properties": { "area_ha": 1065.9 }, "geometry": { "type": "Polygon", "coordinates": [ [ [ -41.356207303973413, -17.101721140129655 ], [ -41.354755602085199, -17.100743015075544 ], [ -41.353635812959936, -17.10103245970738 ], [ -41.35252917508199, -17.100714758310268 ], [ -41.350702588182173, -17.103057966718413 ], [ -41.350377028538084, -17.104626536541325 ], [ -41.350677768188902, -17.1054286561765 ], [ -41.352545286444496, -17.107156953850122 ], [ -41.352758426648819, -17.107949392742171 ], [ -41.352949863146122, -17.11081509194597 ], [ -41.35192734767147, -17.113575494052512 ], [ -41.352160390136298, -17.114366256020748 ], [ -41.350728914813345, -17.116501341871263 ], [ -41.350559143453616, -17.11749397866247 ], [ -41.351097962923369, -17.120265407598538 ], [ -41.352161093305845, -17.121983254835452 ], [ -41.353717815296498, -17.122819860968558 ], [ -41.356962873919308, -17.123125351076464 ], [ -41.357281466330541, -17.123686737523169 ], [ -41.357165339003544, -17.124989557889698 ], [ -41.357688692145778, -17.125688635444686 ], [ -41.35934222, -17.12674389 ], [ -41.35969222, -17.12632194 ], [ -41.36229194, -17.12629111 ], [ -41.367395, -17.12865 ], [ -41.36896639, -17.13111 ], [ -41.37209639, -17.13201583 ], [ -41.37263722, -17.13432556 ], [ -41.37308056, -17.1343725 ], [ -41.37316944, -17.134866939999984 ], [ -41.37357361, -17.13505667 ], [ -41.37414417, -17.13350583 ], [ -41.37710889, -17.13416611 ], [ -41.37847972, -17.13504444 ], [ -41.379804177387079, -17.133665205672251 ], [ -41.380315165458576, -17.131541126855435 ], [ -41.379563016381532, -17.12835113364061 ], [ -41.378838027766349, -17.127271279979155 ], [ -41.382860791719693, -17.125563403026728 ], [ -41.382074458276108, -17.125132206284494 ], [ -41.381955078982365, -17.121637854644064 ], [ -41.381424950748908, -17.120735921561209 ], [ -41.382397602048108, -17.119467170573163 ], [ -41.381880882150774, -17.119169641742211 ], [ -41.381595685915244, -17.11835698838113 ], [ -41.382453495457135, -17.115823800355756 ], [ -41.382673915944096, -17.115576411535145 ], [ -41.383749159624259, -17.115535203311929 ], [ -41.386331293907816, -17.115716275022592 ], [ -41.387267385553017, -17.114283118687048 ], [ -41.390264947351163, -17.110934004163365 ], [ -41.3938775, -17.10832667 ], [ -41.392549295885203, -17.103410472670713 ], [ -41.393853491632399, -17.102999006789201 ], [ -41.395353246296963, -17.101571733163642 ], [ -41.395969555106817, -17.101510611628772 ], [ -41.396282802972976, -17.101103134729708 ], [ -41.395796670974221, -17.100160634767128 ], [ -41.395149296160405, -17.099432110457141 ], [ -41.394491084436822, -17.100338759440504 ], [ -41.392179467179531, -17.099301708709483 ], [ -41.39147178049177, -17.100214888270823 ], [ -41.391536615141732, -17.100503896964749 ], [ -41.386941047241024, -17.100768730026438 ], [ -41.385905890626354, -17.101173122419432 ], [ -41.385031172298042, -17.100926970528047 ], [ -41.383725688159799, -17.102867614457459 ], [ -41.382301523645296, -17.101845644551279 ], [ -41.382047056323664, -17.101985895230573 ], [ -41.382385062856052, -17.10224795620011 ], [ -41.382794401288585, -17.104092460767699 ], [ -41.378584377172245, -17.104973224009456 ], [ -41.376379627759235, -17.106638562452176 ], [ -41.375922349727908, -17.107688597424591 ], [ -41.373377545513939, -17.107869520284531 ], [ -41.372916925283114, -17.10779114597705 ], [ -41.372008216634576, -17.103981003912885 ], [ -41.368403786426782, -17.104822172965203 ], [ -41.36645360346089, -17.105569067447487 ], [ -41.36646062020953, -17.10406561266765 ], [ -41.365928916554516, -17.103125251442687 ], [ -41.363304188415192, -17.100714158875089 ], [ -41.36242719278421, -17.101328266486263 ], [ -41.360270316495615, -17.100752265403866 ], [ -41.356207303973413, -17.101721140129655 ] ] ] } },
{ "type": "Feature", "properties": { "area_ha": 3338.7 }, "geometry": { "type": "Polygon", "coordinates": [ [ [ -41.291204299483041, -17.933377499818494 ], [ -41.290489312279902, -17.932329994570964 ], [ -41.289769491509233, -17.929753919223533 ], [ -41.291143574288242, -17.926956972419401 ], [ -41.285416117713353, -17.926311625984798 ], [ -41.283227362336547, -17.923894415597381 ], [ -41.278276290306287, -17.922140693698584 ], [ -41.277510283224871, -17.923388439444235 ], [ -41.276965959951212, -17.92536263058388 ], [ -41.273986702657481, -17.926421298132222 ], [ -41.268145466767749, -17.92535339119453 ], [ -41.267505596057056, -17.926339033422085 ], [ -41.267658639430628, -17.928598280986179 ], [ -41.268234293125111, -17.92946775697742 ], [ -41.266764096525819, -17.932180519806487 ], [ -41.2668029005251, -17.932611931598196 ], [ -41.268176674752503, -17.93507787608959 ], [ -41.268614752146298, -17.937574970171685 ], [ -41.269011550302693, -17.938217273180225 ], [ -41.269413306933586, -17.938300921717008 ], [ -41.273832491867275, -17.944643894556393 ], [ -41.274370453651507, -17.946448235981304 ], [ -41.273687975814859, -17.948591422287823 ], [ -41.27376002526929, -17.949473181566741 ], [ -41.274466835719231, -17.950730769887677 ], [ -41.273385319704033, -17.952076240184272 ], [ -41.268669480846846, -17.952826494328587 ], [ -41.266534995858215, -17.953902590025347 ], [ -41.265662689090931, -17.952409283932518 ], [ -41.252249295041395, -17.956507425882588 ], [ -41.251028717307058, -17.957098794992827 ], [ -41.250363885564042, -17.958990878370638 ], [ -41.249023742569278, -17.959995618748788 ], [ -41.251199251508076, -17.963513942906395 ], [ -41.253294274169164, -17.966156156502109 ], [ -41.25407743474269, -17.967722588537654 ], [ -41.253415980943402, -17.969366958052618 ], [ -41.26063271653404, -17.972235483605367 ], [ -41.264716712283871, -17.97460784070142 ], [ -41.268911894907859, -17.973588304625057 ], [ -41.271808726678351, -17.974583052410313 ], [ -41.272518302734333, -17.97379122656082 ], [ -41.275729523989597, -17.976322600847244 ], [ -41.275069534713452, -17.978339253071862 ], [ -41.275641730089276, -17.980931649852206 ], [ -41.277247195714672, -17.982628674421345 ], [ -41.28066623565649, -17.984639558092766 ], [ -41.280802261892092, -17.985154183013925 ], [ -41.285476167229632, -17.983646739057637 ], [ -41.286601875589966, -17.983719092660952 ], [ -41.288637536211972, -17.985161267035867 ], [ -41.289903988136203, -17.984677235642124 ], [ -41.290306980595233, -17.984496786416177 ], [ -41.290615412068917, -17.978670887594365 ], [ -41.294804137881677, -17.97681028384936 ], [ -41.298343538801475, -17.977448072684204 ], [ -41.299848635011408, -17.979377770769659 ], [ -41.301069661445496, -17.983201373660751 ], [ -41.301057184394899, -17.984182926438365 ], [ -41.304327097340284, -17.985026481322798 ], [ -41.305735064932158, -17.984846334330115 ], [ -41.306357136071284, -17.984085967635764 ], [ -41.306751119662728, -17.983845887098266 ], [ -41.306919610390906, -17.984020380388802 ], [ -41.306450170899183, -17.984744246751479 ], [ -41.306627049650487, -17.987423133200757 ], [ -41.305445917997503, -17.989051149809175 ], [ -41.307444425967624, -17.991337468962801 ], [ -41.308038682509924, -17.991601732269167 ], [ -41.308267054173477, -17.991001861563308 ], [ -41.310430669340519, -17.990109750363803 ], [ -41.313034576353495, -17.988483968796707 ], [ -41.314681675846543, -17.986264942438499 ], [ -41.31742158672899, -17.979693203972626 ], [ -41.318675507208219, -17.978050530296603 ], [ -41.322333190067617, -17.975126882538699 ], [ -41.324284004891062, -17.974063764596785 ], [ -41.327660331510188, -17.970973682459981 ], [ -41.330352587427626, -17.968036835701884 ], [ -41.334103544657893, -17.958966218703978 ], [ -41.335113629839739, -17.958468656492659 ], [ -41.33616527036061, -17.9585913967218 ], [ -41.336487156092424, -17.958208515401598 ], [ -41.337421671906505, -17.958173144289344 ], [ -41.339095371771435, -17.957552313172091 ], [ -41.33828827176125, -17.951998172648032 ], [ -41.339416764294953, -17.951222499874095 ], [ -41.33911346856496, -17.950678421338669 ], [ -41.335081758400179, -17.9505809033936 ], [ -41.332049875550304, -17.949350529908688 ], [ -41.329917336952413, -17.949081853219461 ], [ -41.328927658756584, -17.949737210385813 ], [ -41.328394851005484, -17.951172739532755 ], [ -41.327473068945956, -17.951962404254186 ], [ -41.326244383077167, -17.951800364502315 ], [ -41.325893979256861, -17.952161351568392 ], [ -41.321956411104551, -17.953358617743696 ], [ -41.320524673256983, -17.953128064891061 ], [ -41.317689382522843, -17.955581517307344 ], [ -41.313919802544667, -17.957203239856696 ], [ -41.310378143961806, -17.954001526199232 ], [ -41.309482006328217, -17.949819664497895 ], [ -41.30901916082744, -17.949264058648307 ], [ -41.308157595593229, -17.943137300685919 ], [ -41.308248856744676, -17.941602913186706 ], [ -41.306195477907238, -17.941208730839147 ], [ -41.305591911490517, -17.940750982478214 ], [ -41.302622864109445, -17.940595343659172 ], [ -41.301644605661572, -17.94063629551998 ], [ -41.299992476844949, -17.941277140185111 ], [ -41.298561777179962, -17.941096531442859 ], [ -41.296407064132488, -17.941813930987404 ], [ -41.295811878330589, -17.943613160729587 ], [ -41.290780666417596, -17.940142737521622 ], [ -41.288343492090299, -17.938828558322751 ], [ -41.288134638525257, -17.938335478316198 ], [ -41.288667952328794, -17.936885660941716 ], [ -41.287966290344571, -17.936214296961467 ], [ -41.288862985147269, -17.934065756455986 ], [ -41.291204299483041, -17.933377499818494 ] ] ] } },
{ "type": "Feature", "properties": { "area_ha": 13.4 }, "geometry": { "type": "Polygon", "coordinates": [ [ [ -41.265034692690939, -17.951554104198145 ], [ -41.264010020738475, -17.949980963700011 ], [ -41.257091871255966, -17.951918155294596 ], [ -41.256023120568912, -17.953248865123282 ], [ -41.265034692690939, -17.951554104198145 ] ] ] } },
{ "type": "Feature", "properties": { "area_ha": 1820.6 }, "geometry": { "type": "Polygon", "coordinates": [ [ [ -41.278902678585347, -16.727181025790969 ], [ -41.265544162102493, -16.727801494192615 ], [ -41.253586185320714, -16.732840228652393 ], [ -41.249813834179086, -16.733153318752986 ], [ -41.249010402165084, -16.734045642479632 ], [ -41.24821781906666, -16.738119955249626 ], [ -41.245045607174063, -16.741536807688398 ], [ -41.242384683311371, -16.742471324160814 ], [ -41.244638335255488, -16.753446159555057 ], [ -41.244799904911311, -16.758906128276454 ], [ -41.246647969953301, -16.76511514555585 ], [ -41.248420438472301, -16.774057898894796 ], [ -41.256671210439777, -16.773436934329002 ], [ -41.258261327054136, -16.774313133225952 ], [ -41.259526448307518, -16.776213971516796 ], [ -41.264755460948457, -16.776489034190867 ], [ -41.271621107142799, -16.777856975717715 ], [ -41.278373534845059, -16.776187157022068 ], [ -41.278639795948969, -16.771671824141915 ], [ -41.277837976513467, -16.766648217737107 ], [ -41.278470537084111, -16.760575384299525 ], [ -41.279910117908791, -16.757488552203107 ], [ -41.279361508646851, -16.756188832825046 ], [ -41.279454178639327, -16.754615836865003 ], [ -41.278988423502234, -16.754934772590413 ], [ -41.279479165206915, -16.754191698072489 ], [ -41.280974077976332, -16.728129891627511 ], [ -41.279809378496495, -16.727354787316496 ], [ -41.278902678585347, -16.727181025790969 ] ], [ [ -41.260981145898739, -16.767263825375942 ], [ -41.254701595, -16.771562417399998 ], [ -41.250370529672992, -16.771517633882087 ], [ -41.260981145898739, -16.767263825375942 ] ] ] } },
{ "type": "Feature", "properties": { "area_ha": 168.8 }, "geometry": { "type": "Polygon", "coordinates": [ [ [ -41.265893550429702, -16.727489841707389 ], [ -41.278921773566061, -16.727000858454069 ], [ -41.279880990231248, -16.727185309289759 ], [ -41.280995021956784, -16.727926496255066 ], [ -41.281222733124025, -16.723484495166687 ], [ -41.279731636473258, -16.72133522162942 ], [ -41.278856297386639, -16.720682982437214 ], [ -41.273423925933649, -16.717928073118973 ], [ -41.258488941437712, -16.728324251200679 ], [ -41.250085020470841, -16.732805342210646 ], [ -41.253816299934492, -16.732577765863162 ], [ -41.265893550429702, -16.727489841707389 ] ] ] } },
{ "type": "Feature", "properties": { "area_ha": 33.1 }, "geometry": { "type": "Polygon", "coordinates": [ [ [ -41.249711277447616, -16.733001413056822 ], [ -41.246383377235205, -16.734552551523763 ], [ -41.243058786671462, -16.737438026945 ], [ -41.243426118264217, -16.737994691508128 ], [ -41.243595875318462, -16.73975569409787 ], [ -41.242896388467557, -16.740614683727625 ], [ -41.24207070407752, -16.740746541594756 ], [ -41.24233518314405, -16.742294241516863 ], [ -41.24492369451184, -16.741398596052981 ], [ -41.248062318493126, -16.738017099041937 ], [ -41.248829055162254, -16.733998099303992 ], [ -41.249711277447616, -16.733001413056822 ] ] ] } },
{ "type": "Feature", "properties": { "area_ha": 1197.1 }, "geometry": { "type": "Polygon", "coordinates": [ [ [ -41.058148007535081, -16.648605891138331 ], [ -41.057357220141427, -16.649865531398177 ], [ -41.056684514987587, -16.652503545520755 ], [ -41.057452887298886, -16.656304694752105 ], [ -41.057254798654256, -16.657063970306329 ], [ -41.055109358938061, -16.659863322698833 ], [ -41.053965786178011, -16.66061109974391 ], [ -41.053632580360436, -16.662465394766716 ], [ -41.049606558189588, -16.662065524856523 ], [ -41.042336473171339, -16.66535160448635 ], [ -41.036433474124294, -16.670485957709886 ], [ -41.035702774821829, -16.672077254193578 ], [ -41.035995058892084, -16.672938130591909 ], [ -41.035813288173081, -16.673733826287638 ], [ -41.034120738736711, -16.676078698970564 ], [ -41.032016228052136, -16.67980445663364 ], [ -41.031338815954499, -16.683083058588384 ], [ -41.031996098451849, -16.688986972580455 ], [ -41.032506114380254, -16.689895857861874 ], [ -41.032632979839661, -16.691467521596508 ], [ -41.034047401069103, -16.691759456473832 ], [ -41.034542321571138, -16.692551298900785 ], [ -41.033680154203765, -16.695776337648788 ], [ -41.034195767162529, -16.69647618041877 ], [ -41.034393565193668, -16.697555366262907 ], [ -41.035859106665278, -16.697562358586826 ], [ -41.038837144739183, -16.695508368783198 ], [ -41.040128362882498, -16.695159445213569 ], [ -41.04063118641988, -16.689656506977517 ], [ -41.040461440472129, -16.687336275302638 ], [ -41.039599837564602, -16.686469096077012 ], [ -41.040915070318945, -16.686401196545791 ], [ -41.043573630850908, -16.685646017602384 ], [ -41.044761945751674, -16.68505098149144 ], [ -41.0461733753517, -16.683735452624504 ], [ -41.0511126416746, -16.682249011699177 ], [ -41.052041635938302, -16.68234009205106 ], [ -41.054220367617397, -16.684800199338405 ], [ -41.056803689945504, -16.684950723505484 ], [ -41.058009220602258, -16.685452284355605 ], [ -41.059149925038142, -16.686543649486293 ], [ -41.061101999452646, -16.689271822021762 ], [ -41.061378322777117, -16.689225340398863 ], [ -41.059918103939886, -16.685788365367223 ], [ -41.061749771243633, -16.682481238969789 ], [ -41.063558527192555, -16.682827320985865 ], [ -41.064186747323731, -16.68339296578436 ], [ -41.064720461395162, -16.683476636068519 ], [ -41.065956136570534, -16.682255257165078 ], [ -41.068138015399462, -16.683947203864971 ], [ -41.071047549681083, -16.68488258172253 ], [ -41.07414167, -16.68374278 ], [ -41.07229194, -16.68078556 ], [ -41.07174278, -16.67783222 ], [ -41.06859917, -16.67472417 ], [ -41.06938167, -16.67427361 ], [ -41.06932611, -16.67275778 ], [ -41.06854944, -16.67217278 ], [ -41.0684375, -16.66926861 ], [ -41.06925611, -16.65979361 ], [ -41.07011639000001, -16.65583722 ], [ -41.06982222, -16.6548475 ], [ -41.07070139, -16.65233306 ], [ -41.07030444, -16.64939139 ], [ -41.066944073439416, -16.64831809569327 ], [ -41.065324614115923, -16.648586305923651 ], [ -41.062994293918564, -16.649750433594996 ], [ -41.060563270817944, -16.648292786426669 ], [ -41.058873625226909, -16.648080985306329 ], [ -41.058148007535081, -16.648605891138331 ] ] ] } },
{ "type": "Feature", "properties": { "area_ha": 120.7 }, "geometry": { "type": "Polygon", "coordinates": [ [ [ -40.604259058586365, -16.615972007775156 ], [ -40.602901324874125, -16.620148267671464 ], [ -40.59785689516707, -16.619408163373649 ], [ -40.595766151025749, -16.618229215628855 ], [ -40.58930414274532, -16.620132570954073 ], [ -40.590558296354445, -16.62110418438024 ], [ -40.590778263880722, -16.623300546717179 ], [ -40.592241833900495, -16.624077050213184 ], [ -40.593237673510593, -16.624179969526619 ], [ -40.595951398188248, -16.623736542897507 ], [ -40.598614968224929, -16.621987871259339 ], [ -40.602025638669659, -16.621705457618116 ], [ -40.603223955425712, -16.622044804004688 ], [ -40.60483955694464, -16.62319678188052 ], [ -40.605813625133003, -16.6246385773185 ], [ -40.606710579321941, -16.62526199431155 ], [ -40.608021906819104, -16.622541717265463 ], [ -40.608209788907864, -16.621181888707227 ], [ -40.609089751606639, -16.619790628987445 ], [ -40.610488259876071, -16.619430664766959 ], [ -40.610534162062329, -16.616729980675633 ], [ -40.611957453248735, -16.614089271902834 ], [ -40.610533015412599, -16.613743568436274 ], [ -40.604259058586365, -16.615972007775156 ] ] ] } },
{ "type": "Feature", "properties": { "area_ha": 1850.6 }, "geometry": { "type": "Polygon", "coordinates": [ [ [ -40.601794045891999, -16.622001562977648 ], [ -40.598416210048605, -16.622418788333658 ], [ -40.596383248823656, -16.623934388481679 ], [ -40.592370012456456, -16.624427095160865 ], [ -40.590614364684278, -16.623597371772131 ], [ -40.59029587333049, -16.622904985700188 ], [ -40.59024029177889, -16.621178471427893 ], [ -40.588877626637434, -16.620289152892234 ], [ -40.586262760686928, -16.621180475867561 ], [ -40.587987459292385, -16.627113402644618 ], [ -40.583518743698349, -16.627762234457901 ], [ -40.580841997454037, -16.626323480637211 ], [ -40.576465957224116, -16.627835431910388 ], [ -40.571830066316515, -16.630640829789961 ], [ -40.572683960445723, -16.632571043024523 ], [ -40.588665664182301, -16.629361031737613 ], [ -40.59178973688423, -16.640120536127132 ], [ -40.592341795552308, -16.640993151376136 ], [ -40.595599195810372, -16.64383641721345 ], [ -40.596155395527461, -16.646989137028147 ], [ -40.592837131392457, -16.648370206444323 ], [ -40.593508213957563, -16.652423360919265 ], [ -40.591169042949552, -16.655177541639116 ], [ -40.589491340687829, -16.658307508786155 ], [ -40.590536599054509, -16.660344723293182 ], [ -40.589225827027434, -16.662923889178504 ], [ -40.590536150316211, -16.663559920963475 ], [ -40.592013359809251, -16.663783499233134 ], [ -40.592768635424214, -16.664606228095703 ], [ -40.592930437185281, -16.665289430428842 ], [ -40.592469618134864, -16.66662644912989 ], [ -40.59086510088953, -16.667923829530658 ], [ -40.589343280572137, -16.670561461535844 ], [ -40.586549156534389, -16.672082921305176 ], [ -40.588745892227131, -16.673320658895339 ], [ -40.589897508048146, -16.672690888423855 ], [ -40.591200238072879, -16.67251745544327 ], [ -40.593090954321063, -16.673846141360716 ], [ -40.594220221856773, -16.676748281768035 ], [ -40.598652210412808, -16.680123255485128 ], [ -40.597776229841521, -16.680898493600861 ], [ -40.597509771120578, -16.682788072224163 ], [ -40.598015806422467, -16.685467127270179 ], [ -40.598943400819238, -16.688249292000606 ], [ -40.600136350199577, -16.690695452932623 ], [ -40.600534101330773, -16.690723543577153 ], [ -40.60122294058592, -16.689632158981411 ], [ -40.606421502246313, -16.688900885969478 ], [ -40.606512416304817, -16.686438438701032 ], [ -40.605391389338081, -16.683181650788192 ], [ -40.607616132405091, -16.679098784748874 ], [ -40.607309628771546, -16.678320201669955 ], [ -40.607548665408189, -16.677778663077962 ], [ -40.607878577877159, -16.67779455567047 ], [ -40.607860988819475, -16.676777519899925 ], [ -40.611177793440085, -16.675402932176578 ], [ -40.616808048019557, -16.674331672275098 ], [ -40.618144941668767, -16.676484437288316 ], [ -40.620690206262267, -16.677399461830024 ], [ -40.621861229776989, -16.678761231483566 ], [ -40.622759151481347, -16.67820279323627 ], [ -40.631843531775985, -16.676027026236124 ], [ -40.631618209400166, -16.675206220643769 ], [ -40.629741037189071, -16.673361570751716 ], [ -40.628852419514992, -16.671519231332375 ], [ -40.628745573776015, -16.667525458240654 ], [ -40.627899593822022, -16.666098867992048 ], [ -40.629722751877196, -16.665242030194005 ], [ -40.627066198535701, -16.662668048647788 ], [ -40.622326817653239, -16.662593142044535 ], [ -40.621072427912132, -16.662040171931945 ], [ -40.617735183168115, -16.658096534056565 ], [ -40.612555676277537, -16.655148646405252 ], [ -40.610337998762965, -16.653441002874686 ], [ -40.616704841634821, -16.630490796028539 ], [ -40.61552879233075, -16.631262627646272 ], [ -40.61267007742714, -16.62987903126054 ], [ -40.603720587900867, -16.629074950770136 ], [ -40.606533374774102, -16.625517925654986 ], [ -40.60557481159433, -16.624842094066221 ], [ -40.604804300960744, -16.623567357122059 ], [ -40.602947135134251, -16.622253416290739 ], [ -40.601794045891999, -16.622001562977648 ] ] ] } },
{ "type": "Feature", "properties": { "area_ha": 189.8 }, "geometry": { "type": "Polygon", "coordinates": [ [ [ -41.307117709051056, -16.518371641094937 ], [ -41.303667829606994, -16.519388095919087 ], [ -41.299576033490865, -16.521843430801319 ], [ -41.295609696035683, -16.526000738244846 ], [ -41.29218475259588, -16.528306785472406 ], [ -41.288671619427113, -16.533124989153354 ], [ -41.287625960919883, -16.534110129484201 ], [ -41.28610690982886, -16.534558692167582 ], [ -41.284218566193928, -16.533925053001465 ], [ -41.280809350706235, -16.534134992999579 ], [ -41.278088002815451, -16.533409492369859 ], [ -41.280057998760768, -16.534481888107795 ], [ -41.284296800403247, -16.535941013608888 ], [ -41.287116013751913, -16.536256479721764 ], [ -41.288996444563757, -16.535517930790739 ], [ -41.297307334021362, -16.529834264466633 ], [ -41.306626029597219, -16.524827739335215 ], [ -41.315560271098313, -16.521794289491389 ], [ -41.315705180395398, -16.52092535280417 ], [ -41.315063635215957, -16.519615800573938 ], [ -41.315122100039858, -16.519068159128601 ], [ -41.31363195594767, -16.518773826841752 ], [ -41.31156292004335, -16.517623801526224 ], [ -41.307117709051056, -16.518371641094937 ] ] ] } },
{ "type": "Feature", "properties": { "area_ha": 7537.9 }, "geometry": { "type": "Polygon", "coordinates": [ [ [ -41.277498552718875, -16.536403991617675 ], [ -41.2768515864839, -16.538959708016559 ], [ -41.276364130956885, -16.53983291922092 ], [ -41.275071581241846, -16.540618612823664 ], [ -41.274935345527361, -16.541955767218042 ], [ -41.273900769693221, -16.542234637135184 ], [ -41.273651992958989, -16.542632856084921 ], [ -41.271796144486238, -16.542171483829836 ], [ -41.272042006872859, -16.545514349327423 ], [ -41.27678640304169, -16.553002305049588 ], [ -41.274715255472799, -16.554915905135029 ], [ -41.270862716987956, -16.555735296589187 ], [ -41.263765989124728, -16.55940325697334 ], [ -41.261570001041157, -16.559233509109461 ], [ -41.259948236063217, -16.559516256217151 ], [ -41.257674716159109, -16.560394170028193 ], [ -41.256022323897987, -16.561716584801406 ], [ -41.25615517302267, -16.563488344186343 ], [ -41.255493523562066, -16.564184083698819 ], [ -41.252899832898009, -16.565471500570982 ], [ -41.252250813058339, -16.566578324668626 ], [ -41.252183166033618, -16.56790624729641 ], [ -41.249765137669712, -16.570967827226774 ], [ -41.248793580405852, -16.573020200583318 ], [ -41.247293530651881, -16.573374363328149 ], [ -41.24669951459159, -16.574519518921345 ], [ -41.242968742558048, -16.57851478282964 ], [ -41.234722240516824, -16.585475570626091 ], [ -41.234898446687694, -16.586123321210401 ], [ -41.233551790097465, -16.589388622811164 ], [ -41.228220388573227, -16.587683784020228 ], [ -41.226803473068543, -16.586118520972697 ], [ -41.2234668831044, -16.584020245887814 ], [ -41.216878193984208, -16.584711112995755 ], [ -41.216818813532356, -16.589478556381685 ], [ -41.215185953656402, -16.599691875235397 ], [ -41.214141314951007, -16.603520681874993 ], [ -41.213567647994296, -16.604626165853105 ], [ -41.21270531553764, -16.612800020725654 ], [ -41.210678039217747, -16.617412975693401 ], [ -41.207802476490755, -16.626251667570443 ], [ -41.205732594041407, -16.631419481550292 ], [ -41.206983037206285, -16.633050868939918 ], [ -41.20749151283848, -16.634739016149545 ], [ -41.207264675999035, -16.634889138799174 ], [ -41.207889100599743, -16.637045649146213 ], [ -41.208053141619011, -16.639251233751494 ], [ -41.20771041226007, -16.642292817655047 ], [ -41.211499397080239, -16.644589690454602 ], [ -41.213829724392632, -16.646609986248759 ], [ -41.215954950760079, -16.649925231730844 ], [ -41.22483515022445, -16.648353231741464 ], [ -41.22755036231672, -16.647261668495197 ], [ -41.22976337335313, -16.643808358336507 ], [ -41.232140467859288, -16.642910546835143 ], [ -41.234623390799598, -16.641289837776736 ], [ -41.235816817993559, -16.641033689777586 ], [ -41.23691613275578, -16.641324659498693 ], [ -41.239074888050027, -16.637714124476215 ], [ -41.240119500999775, -16.636564737755503 ], [ -41.246758477506418, -16.630949313978302 ], [ -41.248461392422264, -16.628828837001063 ], [ -41.250227164617215, -16.627344746683193 ], [ -41.250979322172796, -16.627080296913043 ], [ -41.25339338714668, -16.624938886057368 ], [ -41.257707142826376, -16.621922371271381 ], [ -41.258266812588701, -16.62132194014313 ], [ -41.258481958736681, -16.618648164932111 ], [ -41.258918147272226, -16.617032664127791 ], [ -41.258907735692773, -16.612562406943084 ], [ -41.25873051051952, -16.61069159101757 ], [ -41.256970858407009, -16.606498889173373 ], [ -41.25807792473497, -16.605585090373392 ], [ -41.262788280229017, -16.600161721061987 ], [ -41.265245276686066, -16.601585632934889 ], [ -41.266320894319563, -16.603556496961577 ], [ -41.267856400920884, -16.604899264213071 ], [ -41.268580550131688, -16.607884662046605 ], [ -41.269354442192139, -16.609232112756995 ], [ -41.270291261449024, -16.610091844616562 ], [ -41.274886160683053, -16.612749402754176 ], [ -41.277672239878576, -16.609721705284144 ], [ -41.284260106532841, -16.60924493617156 ], [ -41.28663802290685, -16.603530989166273 ], [ -41.284551314396026, -16.596130192147047 ], [ -41.285515213607695, -16.596190966248908 ], [ -41.285798888684866, -16.595810233133093 ], [ -41.286395881671361, -16.593333094282187 ], [ -41.287100236081734, -16.592425397723137 ], [ -41.28966782700163, -16.590487393137831 ], [ -41.294851928487418, -16.588245070690469 ], [ -41.295335929335394, -16.589622353090419 ], [ -41.295976486919372, -16.590321454700742 ], [ -41.301218525544826, -16.583381414996989 ], [ -41.306126076825798, -16.578226985678043 ], [ -41.309046252114612, -16.578621811946274 ], [ -41.312706812759473, -16.564944497110734 ], [ -41.313286710435356, -16.564104696026224 ], [ -41.314673160840037, -16.560315458014458 ], [ -41.318855107568659, -16.559769565887425 ], [ -41.321089727442931, -16.558458464193116 ], [ -41.32262865030949, -16.557903899779635 ], [ -41.325105195535521, -16.557728304493633 ], [ -41.326288120322474, -16.549840460380135 ], [ -41.32867999495511, -16.549985932157153 ], [ -41.330021238659427, -16.549262976243771 ], [ -41.329968509055298, -16.546043614320432 ], [ -41.330923132806298, -16.544021874169747 ], [ -41.330495343879051, -16.542505029622614 ], [ -41.331652140573759, -16.54051345946483 ], [ -41.331643647900364, -16.539081993710958 ], [ -41.332493119653684, -16.536192932927847 ], [ -41.331110832834241, -16.533966596700509 ], [ -41.330539246413451, -16.531710415349259 ], [ -41.330587372201883, -16.530765590260998 ], [ -41.328891390057869, -16.528559808325504 ], [ -41.328670405996085, -16.528382775692492 ], [ -41.327208815897635, -16.528657083064164 ], [ -41.321984408783635, -16.529861841523793 ], [ -41.320198884985388, -16.529284756617706 ], [ -41.315659093186881, -16.522526823081169 ], [ -41.306975912029955, -16.525466896820259 ], [ -41.297691167414044, -16.530455269331107 ], [ -41.288496768388747, -16.536556527091044 ], [ -41.286913754176396, -16.537006793052239 ], [ -41.28409089839645, -16.536637432952922 ], [ -41.279777698349704, -16.535152648629417 ], [ -41.277279827072078, -16.533686985229931 ], [ -41.277498552718875, -16.536403991617675 ] ] ] } },
{ "type": "Feature", "properties": { "area_ha": 239.6 }, "geometry": { "type": "Polygon", "coordinates": [ [ [ -41.057135704302347, -16.427236272342856 ], [ -41.055604220776637, -16.429227182256373 ], [ -41.052053794197988, -16.432188528798818 ], [ -41.049076811176924, -16.436881187248037 ], [ -41.047929843130909, -16.437915278731637 ], [ -41.04638615964717, -16.438213220718353 ], [ -41.045807435098745, -16.437975270073068 ], [ -41.043923707333555, -16.442628231105527 ], [ -41.059113855214726, -16.44340790790487 ], [ -41.062410959228771, -16.442791018263168 ], [ -41.062578253980014, -16.440661971385047 ], [ -41.064775407913139, -16.43198886174147 ], [ -41.057135704302347, -16.427236272342856 ] ] ] } },
{ "type": "Feature", "properties": { "area_ha": 912.4 }, "geometry": { "type": "Polygon", "coordinates": [ [ [ -41.079315391073109, -16.439680134280373 ], [ -41.074505164565522, -16.439851530866957 ], [ -41.074267423918876, -16.441195747297712 ], [ -41.065752222378116, -16.444789820962782 ], [ -41.065536608229102, -16.442530630318526 ], [ -41.061888407686524, -16.443744981304572 ], [ -41.059737822819208, -16.444118991786585 ], [ -41.043700217900245, -16.44335100102283 ], [ -41.042461924709684, -16.447023797418737 ], [ -41.043039769671054, -16.453227678377051 ], [ -41.042665259299895, -16.459153494506758 ], [ -41.043681843288972, -16.466965135555665 ], [ -41.044801858029707, -16.467148311939134 ], [ -41.047766883472896, -16.471719664287651 ], [ -41.0514046071332, -16.472187131155003 ], [ -41.054279914943614, -16.471696164270202 ], [ -41.065596756412361, -16.475343740668166 ], [ -41.072347221333004, -16.472591015160152 ], [ -41.0713707695027, -16.471024918446741 ], [ -41.071918488871432, -16.466726327751342 ], [ -41.07196257736922, -16.460958682509926 ], [ -41.060440332623436, -16.457862536012026 ], [ -41.061169165905859, -16.455067077005058 ], [ -41.061990408137625, -16.447700374877638 ], [ -41.065926252607539, -16.448181821080261 ], [ -41.077654940688774, -16.448744342848602 ], [ -41.079021515577793, -16.445058776936026 ], [ -41.079315391073109, -16.439680134280373 ] ] ] } },
{ "type": "Feature", "properties": { "area_ha": 773.6 }, "geometry": { "type": "Polygon", "coordinates": [ [ [ -40.566957019059231, -16.432655777306515 ], [ -40.566849649686802, -16.434248479392743 ], [ -40.567613595221609, -16.437076019005712 ], [ -40.571810137082622, -16.442089068420369 ], [ -40.572293239831247, -16.442937198984161 ], [ -40.572444818381356, -16.444293895219538 ], [ -40.576563617857268, -16.445535215161875 ], [ -40.576407479759879, -16.446064971545638 ], [ -40.581109291424376, -16.444681950138545 ], [ -40.585409088550335, -16.447725442151864 ], [ -40.58109221481773, -16.444781939134131 ], [ -40.576268931295388, -16.446210065268911 ], [ -40.576446471914764, -16.445605410878024 ], [ -40.572434508946984, -16.444385880414362 ], [ -40.571351217586326, -16.44700384282261 ], [ -40.569872945689411, -16.44863853429981 ], [ -40.567743210249191, -16.449162813513443 ], [ -40.566409388081141, -16.448521385193594 ], [ -40.565662969445249, -16.448760662707752 ], [ -40.565536412940595, -16.44932805820304 ], [ -40.566476608804997, -16.45066639837934 ], [ -40.567093444299822, -16.453613869464586 ], [ -40.568469049685476, -16.45439225200775 ], [ -40.569752048237135, -16.453389732924268 ], [ -40.5704641980237, -16.453347797109359 ], [ -40.571222766431646, -16.45403480917717 ], [ -40.572457359187837, -16.456336528663453 ], [ -40.575096036124897, -16.457921615772939 ], [ -40.581814802558647, -16.455162305954246 ], [ -40.582814740079016, -16.453169121639935 ], [ -40.583644959592618, -16.45362166379001 ], [ -40.586859195425077, -16.452459037814705 ], [ -40.587745096458768, -16.449360286352771 ], [ -40.589621789725655, -16.4456000082447 ], [ -40.589148203453867, -16.442674495099769 ], [ -40.590307857439051, -16.437955118412901 ], [ -40.589873645269428, -16.43679343787926 ], [ -40.588953468209233, -16.435208615094741 ], [ -40.587732264126828, -16.434258662814969 ], [ -40.586143093861565, -16.43072750208939 ], [ -40.582019654622435, -16.427744928184854 ], [ -40.581291901265871, -16.426123457034791 ], [ -40.578520479168034, -16.4223106696586 ], [ -40.576001916615063, -16.419408330033875 ], [ -40.573083661090841, -16.416953305970527 ], [ -40.572553194094297, -16.419161085164859 ], [ -40.571775072231965, -16.420508932603852 ], [ -40.572423682644796, -16.421884142735653 ], [ -40.569826113655644, -16.425096690644359 ], [ -40.568481355576154, -16.424962239307643 ], [ -40.5668782364382, -16.426052078567341 ], [ -40.563703799956691, -16.425471525706509 ], [ -40.558410897817254, -16.421747881734312 ], [ -40.558279534199038, -16.425085580948117 ], [ -40.55882135521388, -16.426429368858003 ], [ -40.559517096518988, -16.427194442357827 ], [ -40.562931093510876, -16.429427985347807 ], [ -40.565817247639444, -16.430787533175973 ], [ -40.566714124351392, -16.433193948232343 ], [ -40.566906760204908, -16.432483813520001 ], [ -40.569349564060992, -16.42850998291139 ], [ -40.569776293754089, -16.428116294804202 ], [ -40.570360762618115, -16.428009259785536 ], [ -40.570440426901243, -16.427214024678833 ], [ -40.572406232013272, -16.426781697942708 ], [ -40.570516903705375, -16.427304185655512 ], [ -40.570467537943877, -16.428059430453498 ], [ -40.569449350418921, -16.428564363462389 ], [ -40.566957019059231, -16.432655777306515 ] ] ] } },
{ "type": "Feature", "properties": { "area_ha": 1139.1 }, "geometry": { "type": "Polygon", "coordinates": [ [ [ -40.572104012216414, -16.443359478217648 ], [ -40.571125804530986, -16.441625890870366 ], [ -40.567350602300834, -16.437175314724513 ], [ -40.565764691729598, -16.431135134252123 ], [ -40.562393122827942, -16.429414097784118 ], [ -40.559340401986454, -16.427405689833456 ], [ -40.558463585598354, -16.426408167506342 ], [ -40.55800051355147, -16.425122897402478 ], [ -40.558131426986215, -16.421681092489816 ], [ -40.554612955629757, -16.419296493201905 ], [ -40.552091311433614, -16.418708207227478 ], [ -40.550321928007726, -16.418875454683992 ], [ -40.548448944670533, -16.419582162778536 ], [ -40.545265192090277, -16.421632860122994 ], [ -40.543075687373666, -16.432496046580908 ], [ -40.54996274739765, -16.435480441696036 ], [ -40.543010245855285, -16.432580755242221 ], [ -40.545178993607159, -16.4215786383321 ], [ -40.540643827847283, -16.424546738249006 ], [ -40.539571386514986, -16.42698229428321 ], [ -40.538951352973129, -16.427367853910507 ], [ -40.538297959238811, -16.428357437956198 ], [ -40.537841770316035, -16.429978637705133 ], [ -40.539227589422389, -16.432600135064142 ], [ -40.539143311651181, -16.433586811600765 ], [ -40.538078818261354, -16.434933944453036 ], [ -40.536961996788243, -16.435237649094308 ], [ -40.535134753169402, -16.437430372708075 ], [ -40.534881255216405, -16.43835936414742 ], [ -40.532010702516494, -16.440437874096251 ], [ -40.531228774391707, -16.440629933837165 ], [ -40.530034983385889, -16.442159626183127 ], [ -40.530049578112575, -16.443508519064533 ], [ -40.531418948789579, -16.444293895855175 ], [ -40.532603467886055, -16.444458486318457 ], [ -40.534054727597358, -16.452302274433304 ], [ -40.533618549438373, -16.453988571347349 ], [ -40.533019940076649, -16.454454847002712 ], [ -40.531915598139015, -16.457580065886422 ], [ -40.533519629885348, -16.459085692675295 ], [ -40.535925433787199, -16.458672508108943 ], [ -40.536428253075776, -16.458219759236393 ], [ -40.538753025866583, -16.458459447565588 ], [ -40.54381556, -16.46456778 ], [ -40.542979963096748, -16.462306336058056 ], [ -40.544965379961759, -16.458206054901478 ], [ -40.545213477825385, -16.453228498364187 ], [ -40.546597789608562, -16.449607998477759 ], [ -40.548509226746759, -16.448600965427897 ], [ -40.544340751793705, -16.445546396630835 ], [ -40.548591740480802, -16.448543150167982 ], [ -40.552875821362036, -16.445641597649335 ], [ -40.555455661673669, -16.44195788199081 ], [ -40.557744849203004, -16.437876764523562 ], [ -40.555538867111323, -16.441999287883075 ], [ -40.552949497224276, -16.445697444247411 ], [ -40.563702431817667, -16.45282594261371 ], [ -40.565524692573916, -16.448508835174323 ], [ -40.566470521246117, -16.448250626477758 ], [ -40.567376269123642, -16.448855944012951 ], [ -40.568714588357253, -16.448809422977437 ], [ -40.569711016164923, -16.448415625255258 ], [ -40.57096280499907, -16.447066218212257 ], [ -40.57206226817457, -16.444804561634751 ], [ -40.572104012216414, -16.443359478217648 ] ] ] } },
{ "type": "Feature", "properties": { "area_ha": 29.0 }, "geometry": { "type": "Polygon", "coordinates": [ [ [ -40.565250120522798, -16.449536966803031 ], [ -40.563737213596767, -16.452970910606581 ], [ -40.572318120052202, -16.458651625214262 ], [ -40.574761609069853, -16.458049655400337 ], [ -40.572234739194784, -16.456509453092991 ], [ -40.570984561546936, -16.454179472375316 ], [ -40.57034238199779, -16.453594972432189 ], [ -40.569899167904858, -16.453622060723756 ], [ -40.569194487703491, -16.454371819563779 ], [ -40.568353949081782, -16.454671367696967 ], [ -40.566867161067229, -16.453785731288828 ], [ -40.56621051391474, -16.450754872609327 ], [ -40.565250120522798, -16.449536966803031 ] ] ] } },
{ "type": "Feature", "properties": { "area_ha": 1331.8 }, "geometry": { "type": "Polygon", "coordinates": [ [ [ -41.139760805481721, -16.438564526050094 ], [ -41.154134724957643, -16.440370183736899 ], [ -41.156649219644841, -16.439963254933524 ], [ -41.169195540071591, -16.435738780906451 ], [ -41.185595952907583, -16.436518552578981 ], [ -41.185680974535288, -16.43213836627476 ], [ -41.182982285870189, -16.431422323491233 ], [ -41.182153865583075, -16.430685188886315 ], [ -41.18005212201534, -16.42964815820514 ], [ -41.179156436090217, -16.428404811869598 ], [ -41.178323060949701, -16.426010391847434 ], [ -41.176545625883442, -16.425301677929607 ], [ -41.17573800773571, -16.424555961052135 ], [ -41.173922790859542, -16.421529619111613 ], [ -41.174062457224991, -16.4174976662635 ], [ -41.17441780144857, -16.416440465988465 ], [ -41.175809075039218, -16.415186528790652 ], [ -41.17793700945861, -16.414182046029691 ], [ -41.17898409886751, -16.413054251057549 ], [ -41.179468978673199, -16.412067918032136 ], [ -41.179674672323003, -16.410075849484365 ], [ -41.179430171568207, -16.408991823494183 ], [ -41.178918326680055, -16.40763706073335 ], [ -41.178176597608136, -16.406761587363306 ], [ -41.174201779460375, -16.404367497963708 ], [ -41.165663985739016, -16.400717628989913 ], [ -41.160789997329928, -16.398957805774049 ], [ -41.156218889412031, -16.398547529065677 ], [ -41.153109953540728, -16.398718513535709 ], [ -41.151165372873599, -16.399230409856685 ], [ -41.150334597696705, -16.400521744500246 ], [ -41.149655281712874, -16.404730619889712 ], [ -41.15000804172778, -16.405647104422115 ], [ -41.15123778460292, -16.40709274786299 ], [ -41.155133230137402, -16.409194144807724 ], [ -41.157278612165683, -16.411363797546958 ], [ -41.157704491240416, -16.412137519465539 ], [ -41.157347660607115, -16.417274893661492 ], [ -41.155778253173395, -16.421319665522692 ], [ -41.154537947273703, -16.421005482289868 ], [ -41.152217981320035, -16.422489776626854 ], [ -41.149771290713055, -16.422997333280684 ], [ -41.147837653440959, -16.423105579927352 ], [ -41.145217017497878, -16.422754844228635 ], [ -41.144037938513527, -16.422133412315649 ], [ -41.143318584401207, -16.422096805302385 ], [ -41.139152721745731, -16.423337082050327 ], [ -41.139760805481721, -16.438564526050094 ] ] ] } },
{ "type": "Feature", "properties": { "area_ha": 1480.3 }, "geometry": { "type": "Polygon", "coordinates": [ [ [ -41.162149167614288, -16.438761790726339 ], [ -41.156363780210555, -16.440749828884034 ], [ -41.153635897452837, -16.441015547514304 ], [ -41.135688692705024, -16.438761821530321 ], [ -41.135067342901486, -16.461154517427573 ], [ -41.142518265608906, -16.461150454055943 ], [ -41.147211841638104, -16.460473987686743 ], [ -41.150018094648757, -16.460867386467712 ], [ -41.158570384934052, -16.495595009041267 ], [ -41.168989643512099, -16.488626019035891 ], [ -41.171795317168559, -16.475304437761714 ], [ -41.175357171010205, -16.475453861012053 ], [ -41.17639100508709, -16.471779413037801 ], [ -41.17517511124634, -16.468368184486209 ], [ -41.174026797496978, -16.467021827879776 ], [ -41.175479917235755, -16.463877355129625 ], [ -41.174816035387039, -16.46254606554886 ], [ -41.175215632277556, -16.461764189348361 ], [ -41.173597580470918, -16.459835595924357 ], [ -41.172802987030913, -16.459376274512987 ], [ -41.171451599837319, -16.459170939575504 ], [ -41.17005499105224, -16.458283395089985 ], [ -41.167983432087738, -16.455746010045274 ], [ -41.16710680237604, -16.453619979687144 ], [ -41.167085287849552, -16.452842649433563 ], [ -41.167969837550388, -16.449988563089224 ], [ -41.168042695999247, -16.447393436033977 ], [ -41.167788975283322, -16.447114837802371 ], [ -41.165754069565217, -16.446734839106334 ], [ -41.163527851270594, -16.444093812502381 ], [ -41.162149167614288, -16.438761790726339 ] ] ] } },
{ "type": "Feature", "properties": { "area_ha": 1396.2 }, "geometry": { "type": "Polygon", "coordinates": [ [ [ -41.10231185254797, -16.362400620504108 ], [ -41.104760755405415, -16.357323531681331 ], [ -41.103879099952678, -16.355870481041357 ], [ -41.103809883426528, -16.355122353540011 ], [ -41.104420066649162, -16.353659640288711 ], [ -41.104054241429928, -16.352285821701866 ], [ -41.101853227433693, -16.350933569155988 ], [ -41.100445306007522, -16.350858975764105 ], [ -41.098141273548158, -16.351387620718128 ], [ -41.096146343078637, -16.350252892062194 ], [ -41.095566316322682, -16.349170754511992 ], [ -41.093586536489646, -16.349796683898017 ], [ -41.092481376042691, -16.3508671999511 ], [ -41.091990944284483, -16.352203563155239 ], [ -41.09265711630399, -16.35382704804195 ], [ -41.09309080820411, -16.357781888944675 ], [ -41.091600534706494, -16.359978382718595 ], [ -41.088707311702898, -16.361303355225431 ], [ -41.086498354846519, -16.36335244870908 ], [ -41.084139040797723, -16.36379648700105 ], [ -41.082274725290866, -16.364632606345499 ], [ -41.079534207243924, -16.367893529721293 ], [ -41.076162525211956, -16.370720282209533 ], [ -41.070722594938353, -16.374548294403017 ], [ -41.0672180051628, -16.374840704151733 ], [ -41.065880199305461, -16.376926413960742 ], [ -41.065172897706056, -16.379331737064746 ], [ -41.063744266270852, -16.381658303233738 ], [ -41.063087148412002, -16.383428501352888 ], [ -41.062429772668409, -16.387069519925312 ], [ -41.064292670764928, -16.387926747028672 ], [ -41.064799921505191, -16.388695265323577 ], [ -41.066685950578595, -16.389586845778254 ], [ -41.068900242595916, -16.391471028433298 ], [ -41.069650650927883, -16.392563577591169 ], [ -41.072711437817681, -16.394439919174303 ], [ -41.074445632967929, -16.398149605798608 ], [ -41.079353768023012, -16.398005511944266 ], [ -41.080667218629493, -16.398502722539305 ], [ -41.081344498559559, -16.399311158685677 ], [ -41.082315747568707, -16.399534912539053 ], [ -41.085462593275551, -16.39839826577423 ], [ -41.086176781241676, -16.397757466373132 ], [ -41.087455251035976, -16.395702912543161 ], [ -41.088569433163237, -16.394519290838929 ], [ -41.088371112094862, -16.392962457605929 ], [ -41.089986951694705, -16.39198045329757 ], [ -41.090873072867993, -16.393310657990568 ], [ -41.09295519113666, -16.392384631605111 ], [ -41.097320712331843, -16.392877927104294 ], [ -41.099312211732048, -16.391876727576037 ], [ -41.102936356399866, -16.392666573182296 ], [ -41.105522800362088, -16.391480236858172 ], [ -41.106187072248495, -16.390750517147506 ], [ -41.105855233198206, -16.389701812695723 ], [ -41.105912222707332, -16.387297315125384 ], [ -41.104920638708016, -16.38713648244935 ], [ -41.098735426627705, -16.373663628700385 ], [ -41.098999721240517, -16.372229489478261 ], [ -41.100427728613148, -16.370503294406138 ], [ -41.101601009094878, -16.367391501441364 ], [ -41.101051436984896, -16.365517440015719 ], [ -41.10231185254797, -16.362400620504108 ] ] ] } },
{ "type": "Feature", "properties": { "area_ha": 1367.7 }, "geometry": { "type": "Polygon", "coordinates": [ [ [ -39.9783925, -16.12035417 ], [ -39.93824167, -16.090206389999985 ], [ -39.936569634064611, -16.094189745356271 ], [ -39.936400016704027, -16.098156934411421 ], [ -39.936951417161154, -16.102169050801361 ], [ -39.938919087375005, -16.107141604569073 ], [ -39.939172382390545, -16.109325828985028 ], [ -39.938396379771703, -16.121155694692437 ], [ -39.923467656341209, -16.12159801631844 ], [ -39.96912639, -16.13994139 ], [ -39.970000073489032, -16.139512861791896 ], [ -39.971493010212953, -16.13792086238449 ], [ -39.972147357953084, -16.136310983720286 ], [ -39.972036383251819, -16.135569643224283 ], [ -39.971056152468314, -16.133980957539709 ], [ -39.971045095331384, -16.131711662918985 ], [ -39.972974856057178, -16.126458093636835 ], [ -39.974718198889001, -16.124855954167 ], [ -39.975497714282064, -16.123141225993567 ], [ -39.976350616235166, -16.122742657330697 ], [ -39.9783925, -16.12035417 ] ] ] } },
{ "type": "Feature", "properties": { "area_ha": 1201.6 }, "geometry": { "type": "Polygon", "coordinates": [ [ [ -41.543413075501142, -16.976620823701573 ], [ -41.542549208495672, -16.975749637115381 ], [ -41.542406263282153, -16.974685018619404 ], [ -41.541049659689499, -16.973963568780139 ], [ -41.539279756581209, -16.974615005576549 ], [ -41.538463605446488, -16.975623314124867 ], [ -41.536811413262583, -16.976505356954348 ], [ -41.533923286348809, -16.976174056135623 ], [ -41.532687788859015, -16.97532111962277 ], [ -41.532037413310285, -16.975488193464223 ], [ -41.528957912433732, -16.97523351184514 ], [ -41.527985406535763, -16.975784311376454 ], [ -41.525053525988966, -16.974228964947226 ], [ -41.523248712489043, -16.973601242324563 ], [ -41.521379482048346, -16.973123671947658 ], [ -41.518269234366493, -16.972910815393412 ], [ -41.517359240643088, -16.972458134936538 ], [ -41.519161107384903, -16.97019603250374 ], [ -41.519017829331965, -16.968602833919942 ], [ -41.519489200987657, -16.965567601911506 ], [ -41.520771955915158, -16.964837083093414 ], [ -41.522271820290847, -16.963235274450525 ], [ -41.522798095943145, -16.961585891354193 ], [ -41.523330762800555, -16.957828400015231 ], [ -41.525871153298468, -16.952637575865165 ], [ -41.5262269977976, -16.951556045663871 ], [ -41.526074063583714, -16.949156140756305 ], [ -41.527057520421053, -16.947217777362695 ], [ -41.524062533632424, -16.94679888614769 ], [ -41.524034319631873, -16.946084882130585 ], [ -41.52062807965175, -16.944220474691054 ], [ -41.517311600536203, -16.946893774295173 ], [ -41.514820748397618, -16.947922645653488 ], [ -41.511951973784377, -16.951524118778217 ], [ -41.509941339195052, -16.951925567233936 ], [ -41.508280324187702, -16.951415140612216 ], [ -41.498677689963174, -16.957567272259293 ], [ -41.499813934293144, -16.959525427702101 ], [ -41.499960621267633, -16.960539270795717 ], [ -41.502288245276112, -16.961670501232351 ], [ -41.502185334646327, -16.962162181043379 ], [ -41.503509757678664, -16.963330550668555 ], [ -41.503975550583682, -16.964217334292481 ], [ -41.504649437550469, -16.964433942200298 ], [ -41.504014799424482, -16.964553498915414 ], [ -41.505084886575688, -16.965923983789562 ], [ -41.504623587205188, -16.966634294249378 ], [ -41.505592873394576, -16.967731291957218 ], [ -41.507309279138319, -16.972519399231835 ], [ -41.507475310371071, -16.974937353575644 ], [ -41.505847540354623, -16.977622531852688 ], [ -41.505022859208921, -16.977854780810848 ], [ -41.504995638046715, -16.978118358713083 ], [ -41.50530582508042, -16.978099616305315 ], [ -41.504864916229209, -16.979137754923237 ], [ -41.503830511504198, -16.987223121656367 ], [ -41.504592857549284, -16.98735583013228 ], [ -41.504955682452831, -16.990154670405005 ], [ -41.507930887822631, -16.993812131847111 ], [ -41.512305333399091, -16.998343107084828 ], [ -41.513037502937358, -16.997928932670604 ], [ -41.513718136164968, -16.996875807504264 ], [ -41.512972487337194, -16.992701893629324 ], [ -41.511521971716981, -16.990220858914782 ], [ -41.511896805055294, -16.989837294871297 ], [ -41.513511912164191, -16.989070128250308 ], [ -41.514800967474734, -16.989982529503084 ], [ -41.515611586283505, -16.990112418117516 ], [ -41.51820516697498, -16.989282945197452 ], [ -41.519794307244254, -16.988400787057589 ], [ -41.520835326456428, -16.988734402677316 ], [ -41.522986783607458, -16.988697720898166 ], [ -41.524295431578366, -16.989049321683108 ], [ -41.524600735238337, -16.988653107272935 ], [ -41.525265179465912, -16.988916634288184 ], [ -41.525614445111152, -16.989754543140847 ], [ -41.528435710468095, -16.991279908240678 ], [ -41.530773525872441, -16.991674911510049 ], [ -41.53241844295718, -16.989754253762367 ], [ -41.532789604822007, -16.98796459822216 ], [ -41.533229027315436, -16.987657564372441 ], [ -41.534215595870471, -16.987602164656522 ], [ -41.543413075501142, -16.976620823701573 ] ] ] } },
{ "type": "Feature", "properties": { "area_ha": 750.5 }, "geometry": { "type": "Polygon", "coordinates": [ [ [ -41.497206122362712, -16.95683570385685 ], [ -41.498677689963174, -16.957567272259293 ], [ -41.508280324187702, -16.951415140612216 ], [ -41.509941339195052, -16.951925567233936 ], [ -41.511951973784377, -16.951524118778224 ], [ -41.514820748397618, -16.947922645653488 ], [ -41.517311600536203, -16.946893774295173 ], [ -41.519429163244993, -16.944802263174328 ], [ -41.516615622827537, -16.942822775776996 ], [ -41.515614361441074, -16.938806698193343 ], [ -41.506365183831726, -16.934416124782707 ], [ -41.50547319867804, -16.931253900081419 ], [ -41.50124213282681, -16.929914781719475 ], [ -41.495938975424949, -16.929817089562068 ], [ -41.490202162270251, -16.931322305550818 ], [ -41.489772528986073, -16.931861455846899 ], [ -41.489547372628593, -16.934004902974216 ], [ -41.488250328939294, -16.935989801436843 ], [ -41.487485580338188, -16.936351389742683 ], [ -41.486472483585629, -16.936381797981465 ], [ -41.484787855049149, -16.937441051659178 ], [ -41.483213205008681, -16.937586670141147 ], [ -41.482317908244809, -16.938013056887979 ], [ -41.479866378905434, -16.937844141228194 ], [ -41.477889865525661, -16.941697950258046 ], [ -41.476916122426751, -16.942585930045876 ], [ -41.478300245241691, -16.943164911766772 ], [ -41.47892135426936, -16.943067403019818 ], [ -41.479195689411711, -16.943949259787381 ], [ -41.479579214063513, -16.943854274045652 ], [ -41.48182305866149, -16.945353492205406 ], [ -41.48331593698213, -16.94540758748807 ], [ -41.484262209906497, -16.946001246477749 ], [ -41.484180248519792, -16.946905496172047 ], [ -41.485738701421802, -16.946949741134489 ], [ -41.486406342082361, -16.947763563174696 ], [ -41.48721508806139, -16.947889192013754 ], [ -41.488825115180028, -16.948998617191531 ], [ -41.490383819509397, -16.949060886267059 ], [ -41.491359589814692, -16.949753504314959 ], [ -41.49143432353641, -16.950439059480736 ], [ -41.493110851069083, -16.95018373073902 ], [ -41.493172275447606, -16.950571375873405 ], [ -41.495412954071739, -16.951817551053292 ], [ -41.495256059857937, -16.952018184460396 ], [ -41.496018141878906, -16.952893677906399 ], [ -41.496094255400493, -16.953660865416271 ], [ -41.496676437458838, -16.954394399155657 ], [ -41.496133116064023, -16.955891403130007 ], [ -41.496336907883077, -16.956455423094809 ], [ -41.497106793205582, -16.956421428251833 ], [ -41.497206122362712, -16.95683570385685 ] ] ] } },
{ "type": "Feature", "properties": { "area_ha": 299.9 }, "geometry": { "type": "Polygon", "coordinates": [ [ [ -41.532353799923222, -17.007199401138621 ], [ -41.539353366043485, -17.006245036970213 ], [ -41.541855595991244, -17.005238308489925 ], [ -41.538373568260113, -17.000413458158665 ], [ -41.540305200390414, -16.996776485747777 ], [ -41.54170524142534, -16.991312615713991 ], [ -41.54183257444226, -16.984049173389305 ], [ -41.538356299043151, -16.982654781106223 ], [ -41.534215595870471, -16.987602164656529 ], [ -41.533229027315436, -16.987657564372441 ], [ -41.532789604822007, -16.987964598222174 ], [ -41.53241844295718, -16.989754253762367 ], [ -41.526128167061657, -16.996573626549559 ], [ -41.526405915389518, -16.996985661251955 ], [ -41.526705765312784, -16.996945809173216 ], [ -41.526687298720006, -16.997668617346179 ], [ -41.527184914685691, -16.998375983831785 ], [ -41.52702918075218, -16.999362431457335 ], [ -41.527339025529145, -16.99936761502002 ], [ -41.527213322362343, -16.999793691336095 ], [ -41.527489139709054, -17.000061231908571 ], [ -41.526220038177215, -17.00412343562844 ], [ -41.526715140155623, -17.006041151079518 ], [ -41.528875275875023, -17.005418177362721 ], [ -41.531112430124338, -17.007034210520967 ], [ -41.532353799923222, -17.007199401138621 ] ] ] } },
{ "type": "Feature", "properties": { "area_ha": 1987.9 }, "geometry": { "type": "Polygon", "coordinates": [ [ [ -41.634994225311132, -16.612551019695992 ], [ -41.614189223429491, -16.613677320834103 ], [ -41.614068832007369, -16.617229885085955 ], [ -41.613294336039139, -16.617276725692822 ], [ -41.612845019352918, -16.620966215011801 ], [ -41.61383531141643, -16.624109576387841 ], [ -41.61443580962866, -16.629120850639556 ], [ -41.615412246544103, -16.633573233975504 ], [ -41.614221600088307, -16.63573534297624 ], [ -41.607582971015837, -16.64484447802656 ], [ -41.605364841099707, -16.646725851616242 ], [ -41.614844720482594, -16.664962888725963 ], [ -41.615650260138914, -16.670483556958757 ], [ -41.616350043597265, -16.672088532408846 ], [ -41.617212531997993, -16.672759770410725 ], [ -41.620506312235783, -16.67417804463971 ], [ -41.620851877299998, -16.673719739599996 ], [ -41.620533991623596, -16.674192921335571 ], [ -41.62230906490359, -16.675146949159934 ], [ -41.624360585422046, -16.675186386574808 ], [ -41.62490844894338, -16.675467391166613 ], [ -41.626451365442513, -16.677303308801832 ], [ -41.628118847379952, -16.678139830895198 ], [ -41.631329471323959, -16.678915868999205 ], [ -41.631860056009266, -16.67930574524997 ], [ -41.632659151227479, -16.680864838076346 ], [ -41.635669091588127, -16.681388705406011 ], [ -41.637119642703119, -16.680975638535461 ], [ -41.636878203127857, -16.679693159587618 ], [ -41.637312871517999, -16.675822273540501 ], [ -41.636830987858211, -16.670472110237711 ], [ -41.637248736605827, -16.668811131547816 ], [ -41.635687174886776, -16.66481942680306 ], [ -41.638562955550356, -16.641610866723131 ], [ -41.639794947204599, -16.633718903037444 ], [ -41.639993315054404, -16.629375046743391 ], [ -41.639548349494618, -16.624494773999182 ], [ -41.644086739040894, -16.618536657354021 ], [ -41.644785939580878, -16.613254186466651 ], [ -41.637051945771553, -16.612188143213082 ], [ -41.634994225311132, -16.612551019695992 ] ] ] } },
{ "type": "Feature", "properties": { "area_ha": 140.2 }, "geometry": { "type": "Polygon", "coordinates": [ [ [ -41.445877449373988, -16.365492561668621 ], [ -41.448661298537402, -16.364455048035513 ], [ -41.449747267161264, -16.364574050030186 ], [ -41.450483610597949, -16.365283029408335 ], [ -41.452455141415861, -16.366357879237011 ], [ -41.452801538145387, -16.365771367742276 ], [ -41.452460814674687, -16.364974881293797 ], [ -41.453272153843145, -16.363389424265979 ], [ -41.455284876024805, -16.363603874422246 ], [ -41.457750098753294, -16.3627643633491 ], [ -41.457687159445122, -16.361714469888913 ], [ -41.45490142456589, -16.361209300501336 ], [ -41.454310809232069, -16.358946345544208 ], [ -41.454993216922595, -16.358641575924324 ], [ -41.455205572951293, -16.357694429670119 ], [ -41.456075972912863, -16.356535021086966 ], [ -41.454751737866857, -16.354427225915156 ], [ -41.454982842638117, -16.353717585554541 ], [ -41.454897538638171, -16.351212905814972 ], [ -41.452978893163341, -16.351392131753112 ], [ -41.448399147838437, -16.353843844099593 ], [ -41.445670829106916, -16.35284776905236 ], [ -41.445877449373988, -16.365492561668621 ] ] ] } },
{ "type": "Feature", "properties": { "area_ha": 1866.2 }, "geometry": { "type": "Polygon", "coordinates": [ [ [ -41.473176591197621, -16.395452476145589 ], [ -41.47238192462023, -16.391265317970785 ], [ -41.473055109164257, -16.388882152820909 ], [ -41.472469060030157, -16.385187936045678 ], [ -41.473147020044614, -16.381861814916299 ], [ -41.471918736613674, -16.375660644826983 ], [ -41.464944927955642, -16.372241221619824 ], [ -41.463064833032796, -16.373762098389005 ], [ -41.461283825204063, -16.374359957605812 ], [ -41.45644359834256, -16.371185681563556 ], [ -41.456294437036021, -16.370328266777886 ], [ -41.457488822200894, -16.366272743718799 ], [ -41.457769559984321, -16.362900701579576 ], [ -41.45529633770969, -16.363739193340155 ], [ -41.453339507407065, -16.36351148670034 ], [ -41.452602625046872, -16.364992819756694 ], [ -41.452943548536368, -16.365762391367117 ], [ -41.452480295087192, -16.366495094805281 ], [ -41.450411647380903, -16.365400251898951 ], [ -41.449675225505239, -16.364702512456457 ], [ -41.447937221660268, -16.364714346262026 ], [ -41.445877229881894, -16.365589291680564 ], [ -41.445930985842374, -16.368742815210428 ], [ -41.441471001500013, -16.368809051309398 ], [ -41.441496206832738, -16.370337736788837 ], [ -41.438762653913237, -16.371107113295498 ], [ -41.439149907140319, -16.373225939755148 ], [ -41.438520996248968, -16.375209097392542 ], [ -41.439258627487206, -16.377053718599136 ], [ -41.441073207349703, -16.379285952269207 ], [ -41.442805627415218, -16.379698513074832 ], [ -41.444061559768116, -16.380447158116947 ], [ -41.442638868359161, -16.38450654879599 ], [ -41.441162054913491, -16.385436821312247 ], [ -41.439931426354605, -16.385703146620919 ], [ -41.438982004514166, -16.385482410202428 ], [ -41.43881823587202, -16.384971748119028 ], [ -41.437827190032266, -16.384734806571064 ], [ -41.433469343854256, -16.384409360238269 ], [ -41.433249626399672, -16.382854570558738 ], [ -41.430791349013262, -16.382409524621089 ], [ -41.429878759990451, -16.383119260908529 ], [ -41.429870834565214, -16.383508001350346 ], [ -41.43121820485468, -16.385466494867352 ], [ -41.42983262722273, -16.386401506352545 ], [ -41.42908827595074, -16.386303498773341 ], [ -41.42821363254923, -16.386877892519784 ], [ -41.427661031448558, -16.389613497948496 ], [ -41.427998413021108, -16.390271295387016 ], [ -41.426457412405377, -16.392366257312954 ], [ -41.424820284820832, -16.393780563180265 ], [ -41.423352888406292, -16.397153125393807 ], [ -41.42323584307298, -16.39924321337363 ], [ -41.4236672610757, -16.400292181454148 ], [ -41.426307252444452, -16.402842653996792 ], [ -41.428188655462421, -16.403209195346523 ], [ -41.43029640919103, -16.404256433224695 ], [ -41.432345387611733, -16.40480949704866 ], [ -41.432228680313806, -16.404146891821632 ], [ -41.433255598526806, -16.403800287931649 ], [ -41.435761498620344, -16.404880507167359 ], [ -41.437204992060764, -16.404864453956911 ], [ -41.438039951793584, -16.405469247151615 ], [ -41.441219268399024, -16.405706896799401 ], [ -41.443017125738322, -16.406665733510906 ], [ -41.44251482422483, -16.407250958755572 ], [ -41.442826759821948, -16.409172829690181 ], [ -41.444091167298275, -16.409693695830416 ], [ -41.443964968407464, -16.410095961438991 ], [ -41.447966009752946, -16.412062328392594 ], [ -41.44876249673819, -16.412262533360124 ], [ -41.454298806613366, -16.411963000688651 ], [ -41.456116361783039, -16.410782557585783 ], [ -41.459448400919243, -16.411396839215797 ], [ -41.461881564357043, -16.412465763503864 ], [ -41.467483299479639, -16.409420717299174 ], [ -41.467743217010657, -16.409000350946247 ], [ -41.47005360045496, -16.404629203786957 ], [ -41.47045161402265, -16.400895863250675 ], [ -41.472283210258624, -16.399382628097008 ], [ -41.473221548328929, -16.399244101412719 ], [ -41.473176591197621, -16.395452476145589 ] ] ] } },
{ "type": "Feature", "properties": { "area_ha": 246.8 }, "geometry": { "type": "Polygon", "coordinates": [ [ [ -41.472645764969343, -16.375988684206622 ], [ -41.473804881162032, -16.381835672014624 ], [ -41.473125833841813, -16.385150513532256 ], [ -41.473711345532863, -16.388866229178532 ], [ -41.473040010051257, -16.391290672893316 ], [ -41.473551077129287, -16.393181215215179 ], [ -41.478132900020789, -16.394492836912985 ], [ -41.479800021934082, -16.396351548402855 ], [ -41.480894515150226, -16.398170604049014 ], [ -41.48489414020149, -16.395848853556679 ], [ -41.484602680275664, -16.393040611258325 ], [ -41.485502591847791, -16.389559838791868 ], [ -41.487332523746304, -16.3851444797249 ], [ -41.487177715602677, -16.384135222635866 ], [ -41.485764755152339, -16.381265198313852 ], [ -41.4801154309026, -16.379652665649267 ], [ -41.479378162463092, -16.378561886188347 ], [ -41.478021194377227, -16.377846871042177 ], [ -41.472645764969343, -16.375988684206622 ] ] ] } },
{ "type": "Feature", "properties": { "area_ha": 930.4 }, "geometry": { "type": "Polygon", "coordinates": [ [ [ -40.635606648232745, -16.02229842669739 ], [ -40.629948590927491, -16.028895959091265 ], [ -40.627357373852448, -16.027440564197843 ], [ -40.62417906413652, -16.029227831470696 ], [ -40.621909368839255, -16.031059428728732 ], [ -40.621579104448372, -16.032166829174912 ], [ -40.619941778438857, -16.032385163390234 ], [ -40.621952222689657, -16.036012008508369 ], [ -40.631574690364054, -16.042545257065363 ], [ -40.627045390637832, -16.054445647966975 ], [ -40.623402964405905, -16.060703290392329 ], [ -40.625866171352115, -16.062271814477953 ], [ -40.629276037873439, -16.061846085642966 ], [ -40.62952274005341, -16.06142166563103 ], [ -40.644173990757103, -16.053022534536542 ], [ -40.646902579680045, -16.049567434156511 ], [ -40.649582298024391, -16.046998328299814 ], [ -40.651440059966809, -16.042221415346312 ], [ -40.653110465197095, -16.040798736667913 ], [ -40.658802483665305, -16.034201276733732 ], [ -40.658655546813925, -16.033620599698473 ], [ -40.635606648232745, -16.02229842669739 ] ] ] } },
{ "type": "Feature", "properties": { "area_ha": 3047.3 }, "geometry": { "type": "Polygon", "coordinates": [ [ [ -41.29238815546632, -15.844849844352364 ], [ -41.293337518387744, -15.842998461533382 ], [ -41.292482526134386, -15.841112925515786 ], [ -41.285114513357904, -15.843170750166124 ], [ -41.284635093287484, -15.838564289494293 ], [ -41.285505310871621, -15.831303459848881 ], [ -41.28597649034856, -15.822059919916008 ], [ -41.284625212788292, -15.821926755864084 ], [ -41.280991920282609, -15.82253799355216 ], [ -41.276878605957002, -15.826788474694009 ], [ -41.276148931870331, -15.827027127597589 ], [ -41.2747780008416, -15.828401573305985 ], [ -41.273761388007941, -15.830634961002019 ], [ -41.274270128672107, -15.833800034028037 ], [ -41.273845650437501, -15.844667937980953 ], [ -41.266845636853326, -15.845585974211776 ], [ -41.260884778937502, -15.84736393462147 ], [ -41.257097313365897, -15.847691015786918 ], [ -41.256383081933436, -15.848431897303781 ], [ -41.255896543783287, -15.84940673174885 ], [ -41.256342980920422, -15.852615575135257 ], [ -41.256965393891221, -15.854164474197106 ], [ -41.256569684221532, -15.862012555126878 ], [ -41.258487790385551, -15.866344269321557 ], [ -41.262509209143481, -15.871753835098746 ], [ -41.267509672215525, -15.880150053518065 ], [ -41.268659550948406, -15.880197845084403 ], [ -41.27186923881537, -15.881693686218505 ], [ -41.275961925064067, -15.883032784908794 ], [ -41.280350830294957, -15.883553654768651 ], [ -41.279864224532375, -15.885530627408752 ], [ -41.285974336029028, -15.888617368749244 ], [ -41.287784052129751, -15.890572883464129 ], [ -41.288749991319314, -15.891094166937352 ], [ -41.294583868890584, -15.899420635622235 ], [ -41.298709098845954, -15.899695055221517 ], [ -41.300247011393843, -15.898868404163242 ], [ -41.302601921087508, -15.896831545996958 ], [ -41.303685334795887, -15.896798128136446 ], [ -41.308677570891277, -15.891090948409522 ], [ -41.305545646893961, -15.886820564651197 ], [ -41.307445747233231, -15.880887286538437 ], [ -41.309523477740839, -15.878844203320741 ], [ -41.31401759137124, -15.880205677395937 ], [ -41.315407946090076, -15.878023298002754 ], [ -41.317008843895927, -15.876779172961442 ], [ -41.318282559394532, -15.876277944840531 ], [ -41.322415821132623, -15.87317476013601 ], [ -41.323119243420486, -15.872171007167674 ], [ -41.324527978258963, -15.868858060749567 ], [ -41.324970344273702, -15.864674708373661 ], [ -41.326547717713488, -15.863805966220459 ], [ -41.32562035251496, -15.861104478631812 ], [ -41.323872125315575, -15.859593820831543 ], [ -41.323704331224469, -15.855089869355099 ], [ -41.321303861233048, -15.855776534519512 ], [ -41.319999379654043, -15.855003965218256 ], [ -41.31810213415929, -15.856683254104871 ], [ -41.317289900792709, -15.856889125952234 ], [ -41.315886302341269, -15.856125560362479 ], [ -41.314291029263515, -15.853493182388242 ], [ -41.312707336495748, -15.853760988017628 ], [ -41.309941525849474, -15.853731920051315 ], [ -41.307815864073959, -15.855463743597291 ], [ -41.303213908768655, -15.85585178203565 ], [ -41.299657770082206, -15.856666529730578 ], [ -41.294621091178286, -15.851190939460446 ], [ -41.293445224269561, -15.849550105166792 ], [ -41.29238815546632, -15.844849844352364 ] ] ] } },
{ "type": "Feature", "properties": { "area_ha": 2005.9 }, "geometry": { "type": "Polygon", "coordinates": [ [ [ -41.341393036679044, -15.865377321409937 ], [ -41.342872439339125, -15.86868376175182 ], [ -41.34258510518822, -15.868934544368573 ], [ -41.342733694979543, -15.869354442420505 ], [ -41.342308219615731, -15.871013698629106 ], [ -41.340828127931324, -15.873930617901989 ], [ -41.341149630217487, -15.876378242199362 ], [ -41.340973300530962, -15.878005031628877 ], [ -41.339108229445507, -15.882384938098886 ], [ -41.338870038657078, -15.883772630873937 ], [ -41.339315214420807, -15.885683147450978 ], [ -41.339140837754307, -15.88738949841145 ], [ -41.337812109987325, -15.889212937512376 ], [ -41.327626652383167, -15.893564770700884 ], [ -41.326415389084644, -15.898565903081792 ], [ -41.324367017986816, -15.900552706772965 ], [ -41.323057312742414, -15.903538638462503 ], [ -41.327107755051621, -15.904204695173147 ], [ -41.327693246103685, -15.904727705522181 ], [ -41.328083627947343, -15.905755725496963 ], [ -41.331816070002525, -15.906415605132722 ], [ -41.334941429022862, -15.90792682475845 ], [ -41.336172419695743, -15.910871654149684 ], [ -41.335999415962988, -15.918299478756085 ], [ -41.337346340603936, -15.920007553756335 ], [ -41.341663702286823, -15.91374568347705 ], [ -41.343842477419415, -15.911972964005674 ], [ -41.347143673592996, -15.909882294089957 ], [ -41.351754569807582, -15.909710981801167 ], [ -41.355402868962692, -15.908575584641143 ], [ -41.363614855098689, -15.909826287517065 ], [ -41.367584953705538, -15.911442124221749 ], [ -41.368250378629071, -15.915186828005114 ], [ -41.370017442870456, -15.917260676536198 ], [ -41.372486519110602, -15.918617773087416 ], [ -41.374404673655107, -15.916255092047663 ], [ -41.375667434441198, -15.915175717892613 ], [ -41.377750807453083, -15.914423285900083 ], [ -41.380609367625382, -15.912619385681257 ], [ -41.38204274144735, -15.912826398803597 ], [ -41.382361392844786, -15.911715049084078 ], [ -41.380991325185114, -15.910354749522149 ], [ -41.379737501429418, -15.909850930905636 ], [ -41.378179826363436, -15.910205982736198 ], [ -41.377015507338683, -15.91119051206676 ], [ -41.375514059208143, -15.911733907271808 ], [ -41.374487661593783, -15.911040098082838 ], [ -41.375031630039018, -15.910167628726047 ], [ -41.372831574600326, -15.908904543339188 ], [ -41.372145816581849, -15.908155237439249 ], [ -41.371678190550952, -15.906938820942718 ], [ -41.371833629115351, -15.906412849760597 ], [ -41.378666524201698, -15.900550003644613 ], [ -41.380146299773422, -15.896010350966849 ], [ -41.378948674205695, -15.894085334678849 ], [ -41.379078109423645, -15.891139873897112 ], [ -41.381811485955971, -15.886987021224565 ], [ -41.387283186226774, -15.884325903762234 ], [ -41.392077420716319, -15.887359736555869 ], [ -41.389591862767112, -15.883271419408384 ], [ -41.385943812397471, -15.884450781832673 ], [ -41.383155106823814, -15.884522323689296 ], [ -41.381836957278566, -15.883695739974128 ], [ -41.381468655386122, -15.882143399944468 ], [ -41.377746696626609, -15.881105872678884 ], [ -41.374938196504836, -15.88077670592866 ], [ -41.371234651041171, -15.882346993008314 ], [ -41.364694113678574, -15.881935333470068 ], [ -41.3646560263848, -15.880898818302656 ], [ -41.364040049754877, -15.879925900028184 ], [ -41.36288952797976, -15.879049785585185 ], [ -41.357885035223944, -15.87813281347481 ], [ -41.352588508903821, -15.867970245689481 ], [ -41.348745818818955, -15.866090626396948 ], [ -41.34819244098987, -15.866373746803252 ], [ -41.342050243062111, -15.865016484335893 ], [ -41.341393036679044, -15.865377321409937 ] ] ] } },
{ "type": "Feature", "properties": { "area_ha": 1184.1 }, "geometry": { "type": "Polygon", "coordinates": [ [ [ -41.146245852230855, -15.878404843700764 ], [ -41.146898586355995, -15.877780183086049 ], [ -41.147886577043302, -15.877678035059647 ], [ -41.150218030275525, -15.87565187953042 ], [ -41.150211065036906, -15.87397494474604 ], [ -41.150571411006908, -15.873333846574171 ], [ -41.157569352606579, -15.87034521206138 ], [ -41.168489009471116, -15.868845835847164 ], [ -41.169751206390025, -15.865936742957709 ], [ -41.170688711288321, -15.865852261357841 ], [ -41.174391208264545, -15.86432206500762 ], [ -41.170309108015282, -15.857821782963818 ], [ -41.168933945815304, -15.85292810411528 ], [ -41.170260710930712, -15.84604287444879 ], [ -41.169202568782161, -15.841693711754647 ], [ -41.168599522961905, -15.836823723435907 ], [ -41.169143439288618, -15.834906741099356 ], [ -41.168185875341756, -15.829625403349892 ], [ -41.167420766755313, -15.829433557500424 ], [ -41.166863793765721, -15.828586034322385 ], [ -41.166644207478363, -15.827169183868719 ], [ -41.166841094512314, -15.826999436292736 ], [ -41.153456433929449, -15.828549439429539 ], [ -41.152433323286111, -15.829780601067061 ], [ -41.155555370278663, -15.838354528899638 ], [ -41.157973691415997, -15.84323281147114 ], [ -41.156571422592194, -15.846837403604825 ], [ -41.157067326626823, -15.848717094303252 ], [ -41.156553195185168, -15.848785458436543 ], [ -41.151294092663825, -15.852932999387223 ], [ -41.150482124523705, -15.858570025157164 ], [ -41.149121907916445, -15.861696668525095 ], [ -41.148178607070051, -15.862582437195083 ], [ -41.147156799202214, -15.863177779493768 ], [ -41.141809588886474, -15.861448932414849 ], [ -41.133474399062095, -15.85781334596876 ], [ -41.130030365459874, -15.859333905819939 ], [ -41.132891752257393, -15.86535913452933 ], [ -41.133330122731337, -15.870354434024744 ], [ -41.134239397443622, -15.871590966687094 ], [ -41.137537450154774, -15.873668661135698 ], [ -41.137200569392853, -15.875069548199079 ], [ -41.137516865184296, -15.87654032845222 ], [ -41.138494167173143, -15.877698190892298 ], [ -41.140334569196632, -15.878868017429784 ], [ -41.138535159887901, -15.880962366331305 ], [ -41.138716043635185, -15.881215187940006 ], [ -41.146245852230855, -15.878404843700764 ] ] ] } },
{ "type": "Feature", "properties": { "area_ha": 149.0 }, "geometry": { "type": "Polygon", "coordinates": [ [ [ -41.145932186364796, -15.878866388802752 ], [ -41.138965091877857, -15.881381013302319 ], [ -41.139776696774405, -15.882084013405615 ], [ -41.142416874497144, -15.883304547163346 ], [ -41.147733125536334, -15.887191425453542 ], [ -41.148361909954303, -15.887182231916274 ], [ -41.153847209557327, -15.893242354742078 ], [ -41.157002768188725, -15.891082439600948 ], [ -41.155715505326498, -15.886627330877401 ], [ -41.154585235774121, -15.884061722380521 ], [ -41.154862944488649, -15.883492989232492 ], [ -41.156095275101698, -15.882824406304131 ], [ -41.15614035678486, -15.882469846579349 ], [ -41.154550850229661, -15.880489005611409 ], [ -41.153702323449458, -15.879994594653326 ], [ -41.150727379025319, -15.87924603635196 ], [ -41.145932186364796, -15.878866388802752 ] ] ] } },
{ "type": "Feature", "properties": { "area_ha": 1425.9 }, "geometry": { "type": "Polygon", "coordinates": [ [ [ -41.155962747887571, -15.804323239985132 ], [ -41.154519464576914, -15.805502728838462 ], [ -41.156372690791159, -15.807917031429612 ], [ -41.157265934098973, -15.809623649198016 ], [ -41.158047213025441, -15.813838426250264 ], [ -41.157975333597733, -15.814830649617086 ], [ -41.157667836609171, -15.816713814778574 ], [ -41.155844028884573, -15.82017620200646 ], [ -41.153436849329282, -15.82226200305209 ], [ -41.153049185970382, -15.827480632826653 ], [ -41.153643272579522, -15.828522285931417 ], [ -41.166841094512314, -15.826999436292747 ], [ -41.166663164692586, -15.828072137625506 ], [ -41.167420766755313, -15.829433557500435 ], [ -41.167977696090361, -15.829655312438877 ], [ -41.170516904194315, -15.829629425004965 ], [ -41.177118190762499, -15.827530745504212 ], [ -41.179410905339331, -15.825485476577848 ], [ -41.18093388295604, -15.824621866250302 ], [ -41.185565536109252, -15.824194081618808 ], [ -41.186388941114267, -15.824399932870051 ], [ -41.187923176221283, -15.826275109111954 ], [ -41.190779362332435, -15.828192098889255 ], [ -41.19721543035994, -15.830819918768551 ], [ -41.202361711641302, -15.836326439739626 ], [ -41.202864040114932, -15.836000631665355 ], [ -41.204174032103339, -15.836542869234473 ], [ -41.206739267156273, -15.836516208861873 ], [ -41.213069193132348, -15.837703069982382 ], [ -41.213850555136418, -15.835404542091945 ], [ -41.214609020310739, -15.834340447691076 ], [ -41.220698555131953, -15.832974924055138 ], [ -41.219054468547945, -15.830237659147967 ], [ -41.21926604797244, -15.828537408658757 ], [ -41.21723863708354, -15.827306466071054 ], [ -41.215817645721025, -15.826808895634686 ], [ -41.214240888099994, -15.826952840063404 ], [ -41.21366026952613, -15.828037702668331 ], [ -41.212459582893544, -15.827305034169664 ], [ -41.211009919248831, -15.827525539425148 ], [ -41.210063195495273, -15.828210270049251 ], [ -41.209802694932456, -15.827984704781716 ], [ -41.207320237650841, -15.828348609096455 ], [ -41.207302828906187, -15.827559801489263 ], [ -41.206826186001436, -15.826858009816148 ], [ -41.206307989509078, -15.82666108151126 ], [ -41.206435596334039, -15.826487272320021 ], [ -41.204949732638397, -15.823672525705927 ], [ -41.204298874190584, -15.822952181898776 ], [ -41.204190227345407, -15.822123705295736 ], [ -41.203767721998133, -15.821944590941639 ], [ -41.203149188531974, -15.822149377590087 ], [ -41.201710763538408, -15.8216136320237 ], [ -41.201932261625281, -15.820217669420295 ], [ -41.20299359561804, -15.818115445484949 ], [ -41.202117897492428, -15.815800508372416 ], [ -41.202476085771771, -15.814386375580009 ], [ -41.201784346490747, -15.814556684622326 ], [ -41.200078049322656, -15.814099329242829 ], [ -41.198204738964648, -15.813036254425855 ], [ -41.196279789279565, -15.813249628025664 ], [ -41.193366900531728, -15.8131044355521 ], [ -41.190401646606922, -15.81385102798769 ], [ -41.187419492531532, -15.811717320568276 ], [ -41.18602889039088, -15.810089495410523 ], [ -41.185518042057211, -15.808662777720015 ], [ -41.184917609843367, -15.806644265457425 ], [ -41.184555578407746, -15.801938023289788 ], [ -41.183671061312495, -15.79924265846868 ], [ -41.182597028278053, -15.799371854780151 ], [ -41.182353894512204, -15.799027715338939 ], [ -41.178405772276491, -15.801021341936544 ], [ -41.17285743777002, -15.802816107533417 ], [ -41.171615215764177, -15.803988759838241 ], [ -41.170613977092415, -15.803845264129293 ], [ -41.169968280550123, -15.802843950612164 ], [ -41.169443175387336, -15.802912983482553 ], [ -41.167053822212658, -15.80170572267334 ], [ -41.165770696199608, -15.802572060632009 ], [ -41.164411467464554, -15.802679935641848 ], [ -41.162383216389074, -15.801449505339336 ], [ -41.157391989468188, -15.801168361878057 ], [ -41.15641981288848, -15.801503007466598 ], [ -41.15585701935268, -15.802296363563929 ], [ -41.155962747887571, -15.804323239985132 ] ] ] } }
]
}
