{"type": "FeatureCollection","name": "brumadinho-estruturas-contencao","crs": {"type": "name","properties": {"name": "urn:ogc:def:crs:OGC:1.3:CRS84"}},"features": [{"type": "Feature","properties": {"classe": "Estrutura de Contenção","descricao": "Dique 2"},"geometry": {"type": "MultiPolygon","coordinates": [[[[-44.13828673,-20.13639968,0],[-44.13827756,-20.13640649,0],[-44.13827621,-20.1364075,0],[-44.13827369,-20.13640937,0],[-44.13827275,-20.13641006,0],[-44.13827163,-20.1364109,0],[-44.13827141,-20.13641107,0],[-44.13826982,-20.13641232,0],[-44.13826948,-20.13641257,0],[-44.13826882,-20.13641305,0],[-44.13826851,-20.1364133,0],[-44.13826763,-20.13641392,0],[-44.13826685,-20.13641461,0],[-44.13826607,-20.1364153,0],[-44.13826542,-20.13641587,0],[-44.13826488,-20.13641631,0],[-44.13826122,-20.13641891,0],[-44.13825356,-20.13642434,0],[-44.1382517,-20.13642566,0],[-44.13824844,-20.13642803,0],[-44.13824747,-20.13642874,0],[-44.13824592,-20.13642987,0],[-44.13824257,-20.1364323,0],[-44.13824043,-20.13643387,0],[-44.13823833,-20.13643539,0],[-44.13823619,-20.13643695,0],[-44.1382307,-20.13644094,0],[-44.1382231,-20.13644647,0],[-44.13821547,-20.13645203,0],[-44.13821404,-20.13645307,0],[-44.13821228,-20.13645442,0],[-44.13820807,-20.13645767,0],[-44.13820064,-20.1364634,0],[-44.13819512,-20.13646765,0],[-44.13819321,-20.13646912,0],[-44.13819052,-20.13647118,0],[-44.1381892,-20.1364722,0],[-44.13818576,-20.13647484,0],[-44.13818266,-20.13647722,0],[-44.13817833,-20.13648054,0],[-44.13817088,-20.13648627,0],[-44.13816622,-20.13648984,0],[-44.13816345,-20.13649197,0],[-44.13816175,-20.13649327,0],[-44.138156,-20.13649769,0],[-44.13815528,-20.13649824,0],[-44.13815311,-20.1364999,0],[-44.138153,-20.13649998,0],[-44.13814854,-20.13650338,0],[-44.13814107,-20.13650908,0],[-44.1381378,-20.13651157,0],[-44.13813361,-20.13651476,0],[-44.13813295,-20.13651527,0],[-44.13812613,-20.13652046,0],[-44.13812478,-20.13652149,0],[-44.13812325,-20.13652265,0],[-44.13812183,-20.13652374,0],[-44.1381194,-20.1365256,0],[-44.13811874,-20.13652613,0],[-44.13811144,-20.13653199,0],[-44.13810811,-20.13653466,0],[-44.13810431,-20.13653772,0],[-44.13810415,-20.13653784,0],[-44.13809685,-20.13654371,0],[-44.13809553,-20.13654477,0],[-44.1380941,-20.13654592,0],[-44.13809254,-20.13654717,0],[-44.13808956,-20.13654956,0],[-44.13808345,-20.13655447,0],[-44.13808226,-20.13655543,0],[-44.13807893,-20.1365581,0],[-44.13807497,-20.13656129,0],[-44.13806767,-20.13656715,0],[-44.13806502,-20.13656927,0],[-44.13806038,-20.13657301,0],[-44.13805308,-20.13657887,0],[-44.13804862,-20.13658245,0],[-44.13804735,-20.13658347,0],[-44.13804578,-20.13658473,0],[-44.13803849,-20.13659059,0],[-44.13803601,-20.13659258,0],[-44.13803595,-20.13659263,0],[-44.13803119,-20.13659644,0],[-44.13802548,-20.13660102,0],[-44.13802405,-20.13660216,0],[-44.13802388,-20.1366023,0],[-44.13801658,-20.13660815,0],[-44.13801104,-20.13661259,0],[-44.13800928,-20.13661401,0],[-44.13800685,-20.13661595,0],[-44.13800198,-20.13661986,0],[-44.13799723,-20.13662366,0],[-44.13799467,-20.13662571,0],[-44.13799036,-20.13662916,0],[-44.13798737,-20.13663156,0],[-44.13798028,-20.13663724,0],[-44.13798006,-20.13663742,0],[-44.13797775,-20.13663927,0],[-44.13797276,-20.13664327,0],[-44.13796711,-20.13664778,0],[-44.13796545,-20.13664912,0],[-44.13796186,-20.13665199,0],[-44.13796104,-20.13665264,0],[-44.13795815,-20.13665496,0],[-44.13795085,-20.13666083,0],[-44.13794865,-20.1366626,0],[-44.13794847,-20.13666274,0],[-44.13794839,-20.13666281,0],[-44.13794358,-20.13666669,0],[-44.13794092,-20.13666884,0],[-44.13793861,-20.13667072,0],[-44.13793653,-20.13667241,0],[-44.13793632,-20.13667259,0],[-44.13793402,-20.13667449,0],[-44.13793383,-20.13667464,0],[-44.13793342,-20.13667499,0],[-44.13793167,-20.13667647,0],[-44.13793159,-20.13667654,0],[-44.13792946,-20.13667835,0],[-44.13792922,-20.13667856,0],[-44.13792714,-20.13668033,0],[-44.13792672,-20.13668069,0],[-44.1379251,-20.13668206,0],[-44.13792461,-20.13668248,0],[-44.13792361,-20.13668334,0],[-44.13792321,-20.13668369,0],[-44.13792269,-20.13668413,0],[-44.13792241,-20.13668438,0],[-44.13792214,-20.13668461,0],[-44.13792191,-20.13668482,0],[-44.13792174,-20.13668497,0],[-44.13792149,-20.13668519,0],[-44.13792136,-20.13668531,0],[-44.13791995,-20.13668634,0],[-44.13791616,-20.13668913,0],[-44.13791457,-20.13669036,0],[-44.13791224,-20.13669216,0],[-44.13791073,-20.13669338,0],[-44.13790945,-20.13669441,0],[-44.13790779,-20.13669576,0],[-44.13790728,-20.13669618,0],[-44.13790549,-20.13669763,0],[-44.13790392,-20.1366989,0],[-44.13790011,-20.136702,0],[-44.13790002,-20.13670207,0],[-44.13789278,-20.13670793,0],[-44.13789274,-20.13670796,0],[-44.13789076,-20.13670956,0],[-44.13788546,-20.13671383,0],[-44.13787934,-20.13671877,0],[-44.13787818,-20.13671971,0],[-44.13787656,-20.13672101,0],[-44.13787632,-20.13672121,0],[-44.13787089,-20.13672558,0],[-44.1378636,-20.13673145,0],[-44.13786173,-20.13673296,0],[-44.13786,-20.13673436,0],[-44.13785632,-20.13673732,0],[-44.13784903,-20.13674319,0],[-44.1378481,-20.13674394,0],[-44.13784737,-20.13674453,0],[-44.13784726,-20.13674463,0],[-44.13784667,-20.1367451,0],[-44.13784438,-20.13674695,0],[-44.13784176,-20.13674907,0],[-44.13783862,-20.1367516,0],[-44.13783448,-20.13675494,0],[-44.13783271,-20.13675637,0],[-44.13783124,-20.13675755,0],[-44.13783108,-20.13675769,0],[-44.13783002,-20.13675854,0],[-44.13782993,-20.1367586,0],[-44.13782965,-20.13675882,0],[-44.13782955,-20.13675884,0],[-44.13782922,-20.1367589,0],[-44.13782911,-20.13675892,0],[-44.13782882,-20.13675898,0],[-44.1378285,-20.13675915,0],[-44.13782778,-20.13675955,0],[-44.13782731,-20.13675984,0],[-44.13782656,-20.13676029,0],[-44.13782651,-20.13676033,0],[-44.13782583,-20.13676081,0],[-44.13782504,-20.13676136,0],[-44.13782407,-20.13676211,0],[-44.13782332,-20.13676268,0],[-44.13782195,-20.13676381,0],[-44.13782132,-20.13676433,0],[-44.13781941,-20.13676597,0],[-44.13781933,-20.13676604,0],[-44.137819,-20.13676632,0],[-44.13781665,-20.1367684,0],[-44.13781656,-20.13676848,0],[-44.13781598,-20.13676901,0],[-44.13781422,-20.13677061,0],[-44.13781413,-20.1367707,0],[-44.13781255,-20.13677218,0],[-44.13781214,-20.13677258,0],[-44.1378115,-20.1367732,0],[-44.13780831,-20.1367763,0],[-44.13780585,-20.13677866,0],[-44.13780491,-20.13677957,0],[-44.13780442,-20.13678004,0],[-44.13780418,-20.13678027,0],[-44.13780275,-20.13678168,0],[-44.1378026,-20.13678183,0],[-44.13780143,-20.13678306,0],[-44.13779956,-20.13678508,0],[-44.13778343,-20.13679916,0],[-44.13778294,-20.13679958,0],[-44.1377811,-20.13680118,0],[-44.13777934,-20.13680271,0],[-44.13777812,-20.13680374,0],[-44.13777655,-20.13680508,0],[-44.13777453,-20.13680679,0],[-44.1377733,-20.13680783,0],[-44.13777099,-20.1368098,0],[-44.13777003,-20.13681061,0],[-44.13776516,-20.13681473,0],[-44.13776491,-20.13681495,0],[-44.13776386,-20.13681584,0],[-44.13776087,-20.13681837,0],[-44.1377576,-20.13682115,0],[-44.13775675,-20.13682187,0],[-44.13775668,-20.13682193,0],[-44.13775191,-20.13682597,0],[-44.13775141,-20.1368264,0],[-44.13774962,-20.13682791,0],[-44.13774817,-20.13682914,0],[-44.13774418,-20.13683253,0],[-44.13774185,-20.13683386,0],[-44.13773339,-20.13683869,0],[-44.1377288,-20.13684131,0],[-44.13772512,-20.13684341,0],[-44.13772131,-20.13684558,0],[-44.13772015,-20.13684625,0],[-44.13771997,-20.13684641,0],[-44.13771985,-20.13684655,0],[-44.13771878,-20.13684899,0],[-44.13771781,-20.13685119,0],[-44.13771585,-20.13685566,0],[-44.13771482,-20.13685799,0],[-44.13771433,-20.13685841,0],[-44.13770759,-20.1368641,0],[-44.13770719,-20.13686443,0],[-44.13770677,-20.13686479,0],[-44.137704,-20.13686712,0],[-44.13770006,-20.13687046,0],[-44.1376974,-20.1368727,0],[-44.13769292,-20.13687648,0],[-44.13769169,-20.13687752,0],[-44.13768681,-20.13688165,0],[-44.1376858,-20.13688251,0],[-44.13768314,-20.13688476,0],[-44.13767962,-20.13688773,0],[-44.13767867,-20.13688854,0],[-44.13767527,-20.13689142,0],[-44.1376735,-20.13689292,0],[-44.13767099,-20.13689387,0],[-44.13767017,-20.13689419,0],[-44.13766471,-20.13689625,0],[-44.13766458,-20.13689636,0],[-44.13766407,-20.13689681,0],[-44.13766397,-20.13689691,0],[-44.13766362,-20.13689722,0],[-44.1376621,-20.13689857,0],[-44.13766116,-20.13689941,0],[-44.13765674,-20.13690336,0],[-44.13765534,-20.13690459,0],[-44.1376537,-20.13690604,0],[-44.13764879,-20.13691039,0],[-44.13764853,-20.13691069,0],[-44.13764844,-20.1369108,0],[-44.13764835,-20.13691091,0],[-44.13764547,-20.13691516,0],[-44.13764315,-20.13691859,0],[-44.13764251,-20.13691953,0],[-44.137641,-20.13692081,0],[-44.13763612,-20.13692494,0],[-44.1376351,-20.1369258,0],[-44.137629,-20.13693097,0],[-44.13762187,-20.13693701,0],[-44.13761958,-20.13693895,0],[-44.13761938,-20.13693911,0],[-44.13761766,-20.13693977,0],[-44.13761498,-20.13694077,0],[-44.13761397,-20.13694142,0],[-44.13761358,-20.13694177,0],[-44.13761138,-20.13694375,0],[-44.137609,-20.13694588,0],[-44.13760664,-20.13694799,0],[-44.13760571,-20.13694883,0],[-44.13760225,-20.13695192,0],[-44.13760095,-20.13695309,0],[-44.13759971,-20.13695421,0],[-44.13759964,-20.13695427,0],[-44.13759777,-20.13695595,0],[-44.13759496,-20.13695847,0],[-44.13759276,-20.13696043,0],[-44.13759209,-20.13696104,0],[-44.13758732,-20.1369653,0],[-44.13758583,-20.13696664,0],[-44.13758577,-20.13696669,0],[-44.13758319,-20.13696902,0],[-44.13758133,-20.1369707,0],[-44.13757889,-20.13697288,0],[-44.13757806,-20.13697362,0],[-44.13757384,-20.13697739,0],[-44.13757194,-20.13697909,0],[-44.1375672,-20.13698332,0],[-44.13756499,-20.1369853,0],[-44.13756384,-20.13698632,0],[-44.1375616,-20.13698819,0],[-44.13756146,-20.13698829,0],[-44.13756129,-20.13698842,0],[-44.13755777,-20.13699135,0],[-44.13755058,-20.13699732,0],[-44.1375499,-20.13699789,0],[-44.13754794,-20.13699952,0],[-44.13754341,-20.13700329,0],[-44.13754224,-20.13700426,0],[-44.13753625,-20.13700929,0],[-44.13753428,-20.13701095,0],[-44.13753256,-20.13701239,0],[-44.13753211,-20.13701273,0],[-44.13753088,-20.13701366,0],[-44.13753082,-20.13701371,0],[-44.13752892,-20.13701527,0],[-44.1375288,-20.13701537,0],[-44.13752704,-20.13701671,0],[-44.13752656,-20.13701707,0],[-44.13752145,-20.13702097,0],[-44.13752094,-20.13702136,0],[-44.13752079,-20.13702148,0],[-44.13752007,-20.13702204,0],[-44.13751396,-20.13702679,0],[-44.13751301,-20.13702753,0],[-44.13751031,-20.13702927,0],[-44.13751028,-20.13702928,0],[-44.13750594,-20.13703207,0],[-44.1375027,-20.13703416,0],[-44.13749799,-20.13703718,0],[-44.13748993,-20.13704236,0],[-44.13748968,-20.13704251,0],[-44.13748616,-20.13704478,0],[-44.13748205,-20.1370475,0],[-44.1374805,-20.13704853,0],[-44.13747633,-20.1370513,0],[-44.13747605,-20.13705153,0],[-44.13747442,-20.13705288,0],[-44.13747362,-20.13705355,0],[-44.13747335,-20.13705377,0],[-44.13747208,-20.13705482,0],[-44.13747196,-20.13705491,0],[-44.13747153,-20.13705524,0],[-44.1374704,-20.13705594,0],[-44.13747009,-20.13705613,0],[-44.13746915,-20.13705672,0],[-44.13746887,-20.1370569,0],[-44.13746753,-20.13705809,0],[-44.13746717,-20.13705841,0],[-44.13746708,-20.13705849,0],[-44.13746574,-20.13705973,0],[-44.13746517,-20.13706026,0],[-44.13746417,-20.13706118,0],[-44.13746311,-20.13706216,0],[-44.13746168,-20.13706343,0],[-44.1374611,-20.13706395,0],[-44.13746019,-20.13706469,0],[-44.13745978,-20.13706503,0],[-44.13745941,-20.13706533,0],[-44.13745914,-20.13706556,0],[-44.13745533,-20.13706879,0],[-44.13745304,-20.13707074,0],[-44.13744592,-20.13707678,0],[-44.13744278,-20.13707945,0],[-44.13744099,-20.13708081,0],[-44.13744052,-20.13708117,0],[-44.13743971,-20.13708183,0],[-44.13743961,-20.13708191,0],[-44.13743881,-20.13708258,0],[-44.13743871,-20.13708267,0],[-44.1374377,-20.13708352,0],[-44.13743575,-20.13708511,0],[-44.13743526,-20.13708553,0],[-44.13743522,-20.13708561,0],[-44.1374352,-20.1370857,0],[-44.13743464,-20.13708624,0],[-44.13743368,-20.13708707,0],[-44.13743167,-20.13708882,0],[-44.13743139,-20.13708906,0],[-44.13742462,-20.13709492,0],[-44.13742398,-20.13709548,0],[-44.13742038,-20.1370986,0],[-44.13742022,-20.13709874,0],[-44.13741897,-20.13709982,0],[-44.13741759,-20.13710104,0],[-44.13741417,-20.13710407,0],[-44.13741061,-20.13710721,0],[-44.13740602,-20.13711127,0],[-44.13740586,-20.1371114,0],[-44.13740457,-20.13711249,0],[-44.1374036,-20.13711337,0],[-44.13740342,-20.13711353,0],[-44.1373967,-20.13711958,0],[-44.13739614,-20.13712009,0],[-44.13739334,-20.13712261,0],[-44.13739324,-20.1371227,0],[-44.13738982,-20.13712584,0],[-44.1373837,-20.13713148,0],[-44.137383,-20.13713212,0],[-44.13737621,-20.1371385,0],[-44.13737614,-20.13713856,0],[-44.13737607,-20.13713863,0],[-44.13737594,-20.13713875,0],[-44.13737575,-20.13713888,0],[-44.13737109,-20.13714206,0],[-44.13736818,-20.13714402,0],[-44.13736638,-20.13714523,0],[-44.13736554,-20.13714579,0],[-44.13736533,-20.13714598,0],[-44.13736329,-20.13714777,0],[-44.13736288,-20.13714813,0],[-44.13736106,-20.13714976,0],[-44.13735835,-20.13715218,0],[-44.13735697,-20.13715319,0],[-44.13735601,-20.13715423,0],[-44.13735415,-20.13715589,0],[-44.1373541,-20.13715594,0],[-44.13734922,-20.13716032,0],[-44.13734739,-20.13716196,0],[-44.13734717,-20.13716216,0],[-44.13734699,-20.13716232,0],[-44.13734654,-20.13716278,0],[-44.13734649,-20.13716284,0],[-44.13734614,-20.13716321,0],[-44.13734065,-20.13716864,0],[-44.13734032,-20.13716897,0],[-44.13733737,-20.1371719,0],[-44.13733513,-20.13717411,0],[-44.13733402,-20.13717519,0],[-44.13733168,-20.13717749,0],[-44.13732711,-20.13718195,0],[-44.13732514,-20.13718388,0],[-44.13732341,-20.13718458,0],[-44.13732235,-20.137185,0],[-44.13732095,-20.13718588,0],[-44.13732036,-20.13718625,0],[-44.13731946,-20.13718689,0],[-44.13731892,-20.13718727,0],[-44.13731866,-20.13718746,0],[-44.13731822,-20.13718774,0],[-44.13731794,-20.13718792,0],[-44.13731778,-20.13718802,0],[-44.13731758,-20.13718814,0],[-44.137314,-20.13719037,0],[-44.13731174,-20.13719156,0],[-44.13731164,-20.13719161,0],[-44.13731083,-20.13719211,0],[-44.13730833,-20.13719364,0],[-44.13730307,-20.13719739,0],[-44.13730203,-20.13719813,0],[-44.13729817,-20.13720069,0],[-44.13729539,-20.13720276,0],[-44.13728839,-20.13720799,0],[-44.13728828,-20.13720807,0],[-44.13728826,-20.13720809,0],[-44.13728782,-20.13720839,0],[-44.13728432,-20.1372108,0],[-44.13727193,-20.13721998,0],[-44.13726816,-20.13722288,0],[-44.13726516,-20.13722519,0],[-44.13726457,-20.13722564,0],[-44.13726315,-20.13722666,0],[-44.13726249,-20.13722714,0],[-44.13725807,-20.13723032,0],[-44.1372575,-20.13723073,0],[-44.13725538,-20.13723225,0],[-44.13725099,-20.1372357,0],[-44.13725008,-20.13723637,0],[-44.13724826,-20.13723773,0],[-44.13724254,-20.137242,0],[-44.13724007,-20.13724385,0],[-44.13723754,-20.13724591,0],[-44.13723607,-20.137247,0],[-44.13723513,-20.13724772,0],[-44.13723212,-20.13724997,0],[-44.13723,-20.13725157,0],[-44.13722823,-20.13725289,0],[-44.1372276,-20.13725336,0],[-44.13722696,-20.13725385,0],[-44.13722548,-20.13725511,0],[-44.13722464,-20.13725571,0],[-44.13722011,-20.13725898,0],[-44.13721978,-20.13725921,0],[-44.13721752,-20.13726084,0],[-44.13721676,-20.13726151,0],[-44.1372121,-20.13726449,0],[-44.13721142,-20.13726492,0],[-44.13720645,-20.13726842,0],[-44.13720558,-20.13726901,0],[-44.13720447,-20.13726978,0],[-44.1372019,-20.13727154,0],[-44.13719757,-20.13727464,0],[-44.13719742,-20.13727474,0],[-44.1371968,-20.13727523,0],[-44.13719534,-20.13727636,0],[-44.13719333,-20.13727793,0],[-44.13719279,-20.13727835,0],[-44.13718968,-20.13728102,0],[-44.13718769,-20.13728272,0],[-44.13718729,-20.137283,0],[-44.1371871,-20.13728313,0],[-44.13718268,-20.13728707,0],[-44.13718144,-20.13728818,0],[-44.13718104,-20.13728847,0],[-44.13718024,-20.13728907,0],[-44.1371755,-20.13729329,0],[-44.1371742,-20.13729445,0],[-44.13717143,-20.13729636,0],[-44.13717085,-20.13729677,0],[-44.13716892,-20.13729843,0],[-44.13716819,-20.13729906,0],[-44.13716745,-20.1372997,0],[-44.13716472,-20.13730205,0],[-44.1371634,-20.13730294,0],[-44.13716145,-20.13730426,0],[-44.13716081,-20.13730479,0],[-44.13715509,-20.13730954,0],[-44.13715361,-20.13731076,0],[-44.13714833,-20.13731507,0],[-44.13714829,-20.1373151,0],[-44.13714601,-20.13731657,0],[-44.13714506,-20.13731718,0],[-44.13714346,-20.13731822,0],[-44.13714057,-20.13732052,0],[-44.13713948,-20.1373214,0],[-44.13713859,-20.1373221,0],[-44.13713843,-20.13732224,0],[-44.13713677,-20.13732356,0],[-44.13713274,-20.13732612,0],[-44.13713067,-20.13732744,0],[-44.13712999,-20.13732788,0],[-44.13712443,-20.13733213,0],[-44.13712303,-20.13733302,0],[-44.13711799,-20.13733627,0],[-44.13711628,-20.13733687,0],[-44.1371143,-20.13733784,0],[-44.13711168,-20.13733912,0],[-44.13711021,-20.1373398,0],[-44.13710696,-20.13734127,0],[-44.13710405,-20.13734259,0],[-44.13710347,-20.1373428,0],[-44.13709975,-20.13734413,0],[-44.13709939,-20.13734433,0],[-44.13709459,-20.13734709,0],[-44.13709398,-20.13734744,0],[-44.13709045,-20.13734967,0],[-44.13708544,-20.13735283,0],[-44.13708446,-20.13735308,0],[-44.13708165,-20.1373538,0],[-44.13708162,-20.13735382,0],[-44.13707823,-20.13735553,0],[-44.13707818,-20.13735554,0],[-44.13707531,-20.13735645,0],[-44.13707275,-20.13735656,0],[-44.13707272,-20.13735656,0],[-44.13706978,-20.13735644,0],[-44.13706968,-20.13735644,0],[-44.13706398,-20.1373576,0],[-44.13706029,-20.13735786,0],[-44.13705942,-20.13735792,0],[-44.13705686,-20.13735844,0],[-44.13705449,-20.13735893,0],[-44.13705263,-20.13735931,0],[-44.13704935,-20.13736003,0],[-44.13704891,-20.13736015,0],[-44.13704837,-20.13736049,0],[-44.13704736,-20.13736124,0],[-44.13704582,-20.13736252,0],[-44.13704574,-20.13736259,0],[-44.13703806,-20.13736745,0],[-44.13703713,-20.13736824,0],[-44.13703648,-20.13736881,0],[-44.1370335,-20.13737082,0],[-44.13703333,-20.13737093,0],[-44.13703249,-20.13737149,0],[-44.13703231,-20.13737161,0],[-44.13702655,-20.1373755,0],[-44.13702596,-20.13737601,0],[-44.13702037,-20.13738015,0],[-44.13701836,-20.13738184,0],[-44.13701755,-20.13738252,0],[-44.13701488,-20.13738478,0],[-44.13701468,-20.13738495,0],[-44.13700863,-20.13739016,0],[-44.13700474,-20.13739351,0],[-44.13700419,-20.13739399,0],[-44.13700332,-20.13739474,0],[-44.13700277,-20.13739522,0],[-44.13700196,-20.13739591,0],[-44.13700157,-20.13739623,0],[-44.13700148,-20.13739631,0],[-44.13699394,-20.13740282,0],[-44.13699006,-20.13740618,0],[-44.13698614,-20.13740957,0],[-44.13698593,-20.13740973,0],[-44.1369855,-20.13741008,0],[-44.13698472,-20.13741071,0],[-44.13698126,-20.13741367,0],[-44.1369767,-20.13741758,0],[-44.13697587,-20.13741829,0],[-44.1369751,-20.13741896,0],[-44.13697006,-20.13742327,0],[-44.13696663,-20.13742621,0],[-44.13696446,-20.13742795,0],[-44.13696163,-20.13743036,0],[-44.13695924,-20.13743239,0],[-44.13694859,-20.13744145,0],[-44.13694753,-20.13744234,0],[-44.1369474,-20.13744245,0],[-44.13694726,-20.13744256,0],[-44.13694671,-20.137443,0],[-44.13694327,-20.13744576,0],[-44.13693859,-20.13744971,0],[-44.13693304,-20.13745438,0],[-44.1369312,-20.13745594,0],[-44.13692925,-20.13745756,0],[-44.1369261,-20.13746016,0],[-44.13692434,-20.13746159,0],[-44.1369203,-20.13746487,0],[-44.13691921,-20.13746576,0],[-44.13691859,-20.13746623,0],[-44.13691802,-20.13746666,0],[-44.13691797,-20.13746669,0],[-44.13691753,-20.137467,0],[-44.13691557,-20.13746864,0],[-44.1369152,-20.13746894,0],[-44.136915,-20.13746911,0],[-44.1369114,-20.13747222,0],[-44.13690968,-20.13747374,0],[-44.13690707,-20.13747605,0],[-44.13690523,-20.13747775,0],[-44.13690449,-20.13747843,0],[-44.13690269,-20.13748009,0],[-44.13690027,-20.1374824,0],[-44.13689709,-20.13748544,0],[-44.13689534,-20.13748715,0],[-44.13689107,-20.13749131,0],[-44.1368906,-20.13749176,0],[-44.13689031,-20.13749205,0],[-44.13688837,-20.13749394,0],[-44.13688208,-20.13749906,0],[-44.1368773,-20.13750383,0],[-44.13687564,-20.1375055,0],[-44.1368702,-20.13751094,0],[-44.13686541,-20.13751488,0],[-44.13685667,-20.13752385,0],[-44.13685198,-20.13752867,0],[-44.13685067,-20.13752974,0],[-44.13684965,-20.13753058,0],[-44.13684081,-20.13753984,0],[-44.13683828,-20.13754248,0],[-44.1368382,-20.13754257,0],[-44.13683798,-20.1375428,0],[-44.13683774,-20.13754305,0],[-44.13683737,-20.13754344,0],[-44.13683717,-20.13754365,0],[-44.13683675,-20.13754399,0],[-44.13683121,-20.13754975,0],[-44.13682812,-20.13755312,0],[-44.1368281,-20.13755314,0],[-44.13682807,-20.13755316,0],[-44.13682493,-20.13755646,0],[-44.13682576,-20.13755716,0],[-44.13681701,-20.13756487,0],[-44.1368167,-20.13756491,0],[-44.13681644,-20.1375649,0],[-44.13681638,-20.1375649,0],[-44.13681584,-20.13756549,0],[-44.13681369,-20.13756782,0],[-44.1368126,-20.1375694,0],[-44.1368119,-20.13757043,0],[-44.13681101,-20.13757172,0],[-44.13680963,-20.13757373,0],[-44.1368091,-20.13757451,0],[-44.13680861,-20.1375737,0],[-44.13680813,-20.13757272,0],[-44.13680807,-20.13757273,0],[-44.13680778,-20.13757268,0],[-44.13680775,-20.13757267,0],[-44.13680772,-20.1375725,0],[-44.13680771,-20.13757248,0],[-44.13680671,-20.13757305,0],[-44.13680643,-20.13757322,0],[-44.1368058,-20.13757361,0],[-44.13680564,-20.13757371,0],[-44.13680533,-20.13757401,0],[-44.13680526,-20.13757407,0],[-44.13680489,-20.13757443,0],[-44.13680481,-20.1375745,0],[-44.13680446,-20.13757485,0],[-44.1368044,-20.13757492,0],[-44.13680439,-20.13757501,0],[-44.13680437,-20.13757513,0],[-44.13680429,-20.13757526,0],[-44.13680421,-20.13757532,0],[-44.13680369,-20.13757581,0],[-44.13680358,-20.13757591,0],[-44.13679468,-20.1375845,0],[-44.1367938,-20.13758535,0],[-44.13679349,-20.13758565,0],[-44.13679336,-20.13758586,0],[-44.13679324,-20.13758605,0],[-44.13679197,-20.13758721,0],[-44.13678795,-20.1375941,0],[-44.13678616,-20.13759715,0],[-44.13678569,-20.13759795,0],[-44.13678545,-20.13759837,0],[-44.13678434,-20.13759931,0],[-44.13678368,-20.13759986,0],[-44.13678323,-20.13760036,0],[-44.13678197,-20.1376027,0],[-44.13677694,-20.13761209,0],[-44.13677661,-20.13761254,0],[-44.13677636,-20.13761289,0],[-44.13677579,-20.1376137,0],[-44.13677539,-20.13761426,0],[-44.13677189,-20.13762149,0],[-44.13676966,-20.13762609,0],[-44.13676927,-20.13762711,0],[-44.13676864,-20.13762873,0],[-44.13676762,-20.13763019,0],[-44.13676747,-20.13763101,0],[-44.13676678,-20.13763499,0],[-44.13676595,-20.13763618,0],[-44.13676515,-20.13764511,0],[-44.13676507,-20.137646,0],[-44.13676474,-20.13764649,0],[-44.13676464,-20.13764664,0],[-44.13676452,-20.13764684,0],[-44.13676448,-20.1376469,0],[-44.13676446,-20.13764695,0],[-44.13676445,-20.137647,0],[-44.13676443,-20.13764716,0],[-44.13676443,-20.1376472,0],[-44.13676441,-20.13764764,0],[-44.13676441,-20.13764771,0],[-44.13676439,-20.13764845,0],[-44.13676423,-20.13764861,0],[-44.13675967,-20.13765334,0],[-44.13675322,-20.13766003,0],[-44.13675084,-20.13766251,0],[-44.1367489,-20.13766454,0],[-44.1367487,-20.13766475,0],[-44.13674852,-20.13766494,0],[-44.13674757,-20.13766592,0],[-44.13674677,-20.13766676,0],[-44.13674032,-20.13767346,0],[-44.13673569,-20.13767828,0],[-44.13673562,-20.13767835,0],[-44.13673452,-20.13767949,0],[-44.13673386,-20.13768018,0],[-44.13672711,-20.13768721,0],[-44.13672699,-20.13768733,0],[-44.13672657,-20.13768761,0],[-44.13672361,-20.13768966,0],[-44.13672216,-20.13769067,0],[-44.1367209,-20.13769154,0],[-44.13671931,-20.13769264,0],[-44.13671326,-20.13769682,0],[-44.13671147,-20.13769798,0],[-44.13670345,-20.13770319,0],[-44.13669944,-20.13770579,0],[-44.13669843,-20.13770581,0],[-44.13669294,-20.13770596,0],[-44.13669166,-20.137706,0],[-44.13669025,-20.13770604,0],[-44.13668532,-20.13770617,0],[-44.13668429,-20.1377062,0],[-44.13668285,-20.13770529,0],[-44.13668235,-20.13770498,0],[-44.13668233,-20.13770528,0],[-44.13668231,-20.1377055,0],[-44.13668229,-20.13770564,0],[-44.13668224,-20.13770567,0],[-44.13668079,-20.13770656,0],[-44.13668077,-20.13770664,0],[-44.13668075,-20.13770669,0],[-44.13668073,-20.13770677,0],[-44.1366807,-20.13770687,0],[-44.13668036,-20.13770801,0],[-44.13667995,-20.13770934,0],[-44.13667993,-20.13770953,0],[-44.13667994,-20.13770969,0],[-44.13668011,-20.13771482,0],[-44.1366801,-20.13771511,0],[-44.13668027,-20.1377163,0],[-44.1366811,-20.13772198,0],[-44.13668048,-20.13772295,0],[-44.13667937,-20.13772468,0],[-44.13667853,-20.13772602,0],[-44.13667718,-20.13772819,0],[-44.13667291,-20.137735,0],[-44.13667202,-20.13773622,0],[-44.13667118,-20.13773739,0],[-44.13666963,-20.13773953,0],[-44.13666816,-20.13774156,0],[-44.13666752,-20.13774246,0],[-44.13666649,-20.13774399,0],[-44.1366664,-20.13774413,0],[-44.13666323,-20.13774888,0],[-44.13666239,-20.13775014,0],[-44.13666118,-20.13775177,0],[-44.13666115,-20.13775182,0],[-44.13665553,-20.13775944,0],[-44.13665517,-20.13775994,0],[-44.13665267,-20.13776333,0],[-44.13665127,-20.13776529,0],[-44.13665004,-20.13776697,0],[-44.13664841,-20.13776919,0],[-44.13664732,-20.13777068,0],[-44.13664622,-20.13777212,0],[-44.13664542,-20.13777317,0],[-44.13664431,-20.13777463,0],[-44.13664171,-20.13777805,0],[-44.13664014,-20.13778086,0],[-44.13663913,-20.1377823,0],[-44.13663753,-20.13778459,0],[-44.13663364,-20.13779018,0],[-44.13663263,-20.13779163,0],[-44.13663005,-20.13779518,0],[-44.13662965,-20.13779573,0],[-44.1366295,-20.13779594,0],[-44.13662846,-20.13779745,0],[-44.13662761,-20.13779868,0],[-44.13662521,-20.13780349,0],[-44.13662258,-20.13780833,0],[-44.13662241,-20.1378086,0],[-44.13661922,-20.13781449,0],[-44.13661915,-20.13781462,0],[-44.13661667,-20.13781934,0],[-44.13661609,-20.1378204,0],[-44.13661541,-20.13782171,0],[-44.13661448,-20.13782344,0],[-44.13661391,-20.13782448,0],[-44.13661276,-20.1378266,0],[-44.13661083,-20.13783016,0],[-44.13661022,-20.13783149,0],[-44.1366099,-20.13783219,0],[-44.13660986,-20.13783227,0],[-44.13660837,-20.13783576,0],[-44.13660835,-20.13783581,0],[-44.1366072,-20.13783815,0],[-44.13660671,-20.13783917,0],[-44.13660603,-20.13784071,0],[-44.13660588,-20.13784106,0],[-44.13660555,-20.13784192,0],[-44.13660712,-20.13784812,0],[-44.13660975,-20.13785858,0],[-44.13661094,-20.13786329,0],[-44.13661177,-20.13786662,0],[-44.13661253,-20.13787275,0],[-44.1366129,-20.13787581,0],[-44.13661369,-20.13788224,0],[-44.13661359,-20.13788236,0],[-44.1366132,-20.13788282,0],[-44.13661308,-20.13788291,0],[-44.13661288,-20.13788307,0],[-44.13661275,-20.13788324,0],[-44.13661234,-20.13788381,0],[-44.1366121,-20.13788409,0],[-44.13661142,-20.13788491,0],[-44.13661098,-20.1378854,0],[-44.13661004,-20.13788643,0],[-44.13660999,-20.13788648,0],[-44.1366099,-20.13788659,0],[-44.13660943,-20.13788712,0],[-44.13660879,-20.13788785,0],[-44.13660863,-20.13788803,0],[-44.13660843,-20.13788824,0],[-44.13660762,-20.13788886,0],[-44.13660728,-20.13788912,0],[-44.13660708,-20.13788928,0],[-44.13660701,-20.13788933,0],[-44.13660685,-20.13788953,0],[-44.1366067,-20.1378897,0],[-44.13660665,-20.13788976,0],[-44.13660639,-20.13789006,0],[-44.13660576,-20.13789079,0],[-44.13660536,-20.13789133,0],[-44.13660491,-20.13789188,0],[-44.1366049,-20.137892,0],[-44.13660466,-20.13789232,0],[-44.13660446,-20.13789258,0],[-44.13660434,-20.13789276,0],[-44.13660417,-20.13789302,0],[-44.13660393,-20.1378933,0],[-44.13660381,-20.13789345,0],[-44.1366037,-20.13789363,0],[-44.13660366,-20.13789369,0],[-44.1366033,-20.13789414,0],[-44.13660322,-20.13789425,0],[-44.13660305,-20.13789453,0],[-44.13660303,-20.13789458,0],[-44.13660276,-20.1378949,0],[-44.13660272,-20.13789494,0],[-44.13660275,-20.13789499,0],[-44.13660241,-20.13789545,0],[-44.13660237,-20.1378955,0],[-44.13660221,-20.13789581,0],[-44.13660219,-20.13789584,0],[-44.13660199,-20.13789607,0],[-44.13660197,-20.13789609,0],[-44.13660153,-20.13789665,0],[-44.1366015,-20.1378967,0],[-44.13660106,-20.13789725,0],[-44.13660103,-20.13789728,0],[-44.13660058,-20.13789776,0],[-44.13660055,-20.13789778,0],[-44.13660024,-20.13789817,0],[-44.13659987,-20.13789859,0],[-44.13659974,-20.13789878,0],[-44.13659943,-20.13789917,0],[-44.13659925,-20.13789944,0],[-44.13659898,-20.13789975,0],[-44.13659884,-20.13789994,0],[-44.13659834,-20.1379005,0],[-44.13659813,-20.13790081,0],[-44.13659799,-20.13790098,0],[-44.13659791,-20.13790108,0],[-44.13659734,-20.13790172,0],[-44.1365971,-20.13790207,0],[-44.13659707,-20.13790211,0],[-44.13659705,-20.13790213,0],[-44.13659652,-20.13790275,0],[-44.13659627,-20.1379031,0],[-44.13659619,-20.13790318,0],[-44.13659613,-20.13790337,0],[-44.13659588,-20.13790371,0],[-44.13659565,-20.13790405,0],[-44.13659569,-20.13790411,0],[-44.13659562,-20.1379042,0],[-44.1365956,-20.13790423,0],[-44.13659521,-20.13790464,0],[-44.13659488,-20.13790496,0],[-44.13659482,-20.13790512,0],[-44.13659476,-20.13790527,0],[-44.13659455,-20.13790548,0],[-44.13659415,-20.13790592,0],[-44.13659341,-20.13790661,0],[-44.13659294,-20.13790704,0],[-44.13659209,-20.13790784,0],[-44.13659156,-20.13790837,0],[-44.13659115,-20.13790881,0],[-44.13659104,-20.13790893,0],[-44.13658963,-20.1379102,0],[-44.13658851,-20.13791123,0],[-44.13658809,-20.13791164,0],[-44.1365874,-20.13791229,0],[-44.13658717,-20.13791253,0],[-44.13658654,-20.13791314,0],[-44.13658647,-20.13791321,0],[-44.13658587,-20.1379138,0],[-44.13658521,-20.13791444,0],[-44.13658506,-20.13791457,0],[-44.13658504,-20.13791459,0],[-44.13658442,-20.13791519,0],[-44.1365843,-20.1379153,0],[-44.13658279,-20.13791666,0],[-44.13658239,-20.13791702,0],[-44.13658201,-20.13791736,0],[-44.13658175,-20.1379176,0],[-44.13658159,-20.13791773,0],[-44.13658094,-20.13791831,0],[-44.13658086,-20.13791838,0],[-44.13658075,-20.13791849,0],[-44.13658009,-20.13791907,0],[-44.1365798,-20.13791933,0],[-44.13657946,-20.13791963,0],[-44.13657883,-20.13792017,0],[-44.13657846,-20.13792049,0],[-44.13657824,-20.13792069,0],[-44.13657816,-20.13792075,0],[-44.13657806,-20.13792085,0],[-44.13657803,-20.13792087,0],[-44.13657795,-20.13792095,0],[-44.13657793,-20.13792097,0],[-44.13657783,-20.13792105,0],[-44.13657781,-20.13792108,0],[-44.13657693,-20.13792192,0],[-44.13657671,-20.13792214,0],[-44.13657666,-20.13792219,0],[-44.13657557,-20.1379232,0],[-44.13657538,-20.13792337,0],[-44.13657481,-20.13792389,0],[-44.13657474,-20.13792396,0],[-44.13657422,-20.13792446,0],[-44.13657416,-20.13792452,0],[-44.1365741,-20.13792457,0],[-44.13657357,-20.13792508,0],[-44.13657352,-20.13792513,0],[-44.13657315,-20.1379255,0],[-44.13657312,-20.13792553,0],[-44.13657291,-20.13792573,0],[-44.1365725,-20.13792613,0],[-44.13657246,-20.13792617,0],[-44.13657092,-20.1379276,0],[-44.1365708,-20.13792771,0],[-44.13657051,-20.137928,0],[-44.13657012,-20.13792837,0],[-44.1365701,-20.13792839,0],[-44.13656981,-20.13792868,0],[-44.13656939,-20.13792907,0],[-44.13656936,-20.13792909,0],[-44.13656846,-20.13792992,0],[-44.13656841,-20.13792997,0],[-44.13656835,-20.13793002,0],[-44.13656814,-20.1379302,0],[-44.13656799,-20.13793035,0],[-44.13656705,-20.13793126,0],[-44.136567,-20.13793131,0],[-44.13656683,-20.13793147,0],[-44.13656601,-20.13793223,0],[-44.13656598,-20.13793227,0],[-44.13656591,-20.13793233,0],[-44.13656395,-20.13793413,0],[-44.13656369,-20.13793437,0],[-44.13656343,-20.1379346,0],[-44.1365634,-20.13793463,0],[-44.13656237,-20.13793554,0],[-44.13656234,-20.13793556,0],[-44.13656136,-20.13793643,0],[-44.13656105,-20.1379367,0],[-44.13656102,-20.13793673,0],[-44.13655994,-20.13793767,0],[-44.13655955,-20.13793801,0],[-44.1365595,-20.13793805,0],[-44.13655745,-20.13793986,0],[-44.13655679,-20.13794042,0],[-44.13655645,-20.13794072,0],[-44.13655642,-20.13794074,0],[-44.13655516,-20.13794182,0],[-44.1365547,-20.13794222,0],[-44.13655445,-20.13794243,0],[-44.13655414,-20.1379427,0],[-44.13655407,-20.13794275,0],[-44.13655401,-20.13794281,0],[-44.1365535,-20.13794325,0],[-44.13655293,-20.13794374,0],[-44.13655257,-20.13794406,0],[-44.13655227,-20.13794432,0],[-44.13655219,-20.13794438,0],[-44.13655198,-20.13794457,0],[-44.13655194,-20.1379446,0],[-44.13655174,-20.13794479,0],[-44.1365517,-20.13794482,0],[-44.13655079,-20.13794564,0],[-44.13655064,-20.13794578,0],[-44.13654958,-20.13794673,0],[-44.13654946,-20.13794684,0],[-44.13654941,-20.13794689,0],[-44.13654937,-20.13794692,0],[-44.13654929,-20.137947,0],[-44.13654839,-20.13794783,0],[-44.13654832,-20.1379479,0],[-44.13654783,-20.13794835,0],[-44.1365478,-20.13794838,0],[-44.13654656,-20.13794948,0],[-44.13654649,-20.13794954,0],[-44.13654562,-20.1379503,0],[-44.13654558,-20.13795034,0],[-44.13654497,-20.13795087,0],[-44.13654495,-20.1379509,0],[-44.13654436,-20.13795142,0],[-44.13654433,-20.13795144,0],[-44.13654412,-20.13795163,0],[-44.13654368,-20.13795201,0],[-44.13654253,-20.13795302,0],[-44.13654248,-20.13795305,0],[-44.13654219,-20.13795331,0],[-44.13654114,-20.13795425,0],[-44.13654111,-20.13795428,0],[-44.13654051,-20.13795482,0],[-44.13654188,-20.1379562,0],[-44.13657128,-20.1379859,0],[-44.13657371,-20.13798836,0],[-44.13657429,-20.13798786,0],[-44.1365744,-20.13798776,0],[-44.13657472,-20.13798749,0],[-44.13657474,-20.13798747,0],[-44.13657507,-20.13798718,0],[-44.13657509,-20.13798716,0],[-44.13657558,-20.13798671,0],[-44.13657562,-20.13798668,0],[-44.1365757,-20.13798661,0],[-44.13657691,-20.13798552,0],[-44.13657697,-20.13798547,0],[-44.13657771,-20.13798479,0],[-44.13657778,-20.13798473,0],[-44.13657858,-20.13798401,0],[-44.13657863,-20.13798396,0],[-44.13657922,-20.13798342,0],[-44.13657941,-20.13798325,0],[-44.13658099,-20.13798181,0],[-44.13658105,-20.13798176,0],[-44.13658147,-20.13798137,0],[-44.1365816,-20.13798126,0],[-44.13658237,-20.13798055,0],[-44.13658361,-20.13797946,0],[-44.13658532,-20.13797795,0],[-44.1365857,-20.13797761,0],[-44.13658588,-20.13797745,0],[-44.13658617,-20.13797718,0],[-44.13658727,-20.1379762,0],[-44.13658741,-20.13797607,0],[-44.13658751,-20.13797598,0],[-44.13658759,-20.13797592,0],[-44.13658785,-20.13797568,0],[-44.13658862,-20.137975,0],[-44.13658926,-20.13797444,0],[-44.13659046,-20.13797338,0],[-44.13659075,-20.13797312,0],[-44.13659108,-20.13797283,0],[-44.13659112,-20.1379728,0],[-44.13659146,-20.1379725,0],[-44.1365915,-20.13797247,0],[-44.13659414,-20.13797025,0],[-44.13659445,-20.13796999,0],[-44.13659563,-20.13796901,0],[-44.13659572,-20.13796893,0],[-44.13659597,-20.13796872,0],[-44.13659608,-20.13796864,0],[-44.13659748,-20.13796752,0],[-44.1365977,-20.13796734,0],[-44.13659773,-20.13796731,0],[-44.13659809,-20.13796701,0],[-44.1365982,-20.13796691,0],[-44.13659948,-20.13796582,0],[-44.13659954,-20.13796578,0],[-44.13660012,-20.13796529,0],[-44.13660016,-20.13796525,0],[-44.13660059,-20.13796492,0],[-44.13660065,-20.13796487,0],[-44.1366012,-20.13796443,0],[-44.13660124,-20.1379644,0],[-44.13660167,-20.13796406,0],[-44.13660187,-20.13796389,0],[-44.13660196,-20.13796382,0],[-44.13660413,-20.137962,0],[-44.13660422,-20.13796193,0],[-44.13660481,-20.13796147,0],[-44.13660485,-20.13796143,0],[-44.13660513,-20.1379612,0],[-44.13660522,-20.13796113,0],[-44.13660577,-20.1379607,0],[-44.13660591,-20.13796059,0],[-44.13660666,-20.13795998,0],[-44.13660676,-20.13795991,0],[-44.13660691,-20.13795978,0],[-44.13660764,-20.1379592,0],[-44.13660784,-20.13795903,0],[-44.13660859,-20.1379584,0],[-44.13660911,-20.13795796,0],[-44.13661048,-20.13795681,0],[-44.1366105,-20.13795679,0],[-44.13661057,-20.13795673,0],[-44.13661128,-20.13795617,0],[-44.13661227,-20.13795537,0],[-44.13661235,-20.13795531,0],[-44.13661245,-20.13795523,0],[-44.13661252,-20.13795517,0],[-44.1366126,-20.1379551,0],[-44.1366127,-20.13795502,0],[-44.13661279,-20.13795493,0],[-44.13661303,-20.13795472,0],[-44.13661321,-20.13795456,0],[-44.13661436,-20.13795352,0],[-44.1366146,-20.1379533,0],[-44.13661466,-20.13795325,0],[-44.1366155,-20.13795251,0],[-44.13661578,-20.13795227,0],[-44.13661619,-20.13795189,0],[-44.13661643,-20.1379517,0],[-44.13661661,-20.13795154,0],[-44.13661666,-20.1379515,0],[-44.1366172,-20.13795103,0],[-44.13661788,-20.13795043,0],[-44.1366184,-20.13794998,0],[-44.1366194,-20.13794912,0],[-44.13662087,-20.13794784,0],[-44.13662177,-20.13794707,0],[-44.13662253,-20.13794645,0],[-44.13662276,-20.13794627,0],[-44.13662294,-20.13794612,0],[-44.13662299,-20.13794608,0],[-44.13662382,-20.1379454,0],[-44.13662402,-20.13794524,0],[-44.13662482,-20.13794461,0],[-44.13662498,-20.13794448,0],[-44.13662508,-20.1379444,0],[-44.13662593,-20.13794373,0],[-44.13662609,-20.13794361,0],[-44.13662643,-20.13794336,0],[-44.13662648,-20.13794331,0],[-44.1366274,-20.13794256,0],[-44.13662755,-20.13794244,0],[-44.13662814,-20.13794198,0],[-44.13662822,-20.13794191,0],[-44.1366297,-20.13794066,0],[-44.1366299,-20.13794049,0],[-44.13663055,-20.13793993,0],[-44.13663174,-20.1379389,0],[-44.13663196,-20.13793871,0],[-44.13663214,-20.13793858,0],[-44.13663282,-20.13793809,0],[-44.13663289,-20.13793804,0],[-44.13663367,-20.13793744,0],[-44.13663375,-20.13793738,0],[-44.13663388,-20.13793727,0],[-44.13663507,-20.13793629,0],[-44.13663514,-20.13793623,0],[-44.13663577,-20.1379357,0],[-44.13663591,-20.13793558,0],[-44.1366369,-20.13793476,0],[-44.136637,-20.13793469,0],[-44.13663764,-20.13793423,0],[-44.13663769,-20.13793419,0],[-44.13663799,-20.13793396,0],[-44.13663803,-20.13793395,0],[-44.13663827,-20.13793387,0],[-44.13663831,-20.13793386,0],[-44.13663855,-20.13793378,0],[-44.13663864,-20.1379337,0],[-44.13663909,-20.13793335,0],[-44.13663923,-20.13793325,0],[-44.13663981,-20.13793284,0],[-44.13663985,-20.13793282,0],[-44.13663988,-20.1379328,0],[-44.13663999,-20.13793273,0],[-44.13664002,-20.13793274,0],[-44.13664013,-20.13793276,0],[-44.13664026,-20.13793269,0],[-44.13664072,-20.13793244,0],[-44.13664088,-20.13793235,0],[-44.13664134,-20.1379321,0],[-44.13664144,-20.13793207,0],[-44.1366417,-20.137932,0],[-44.13664174,-20.13793197,0],[-44.13664184,-20.13793189,0],[-44.13664204,-20.13793179,0],[-44.13664245,-20.13793156,0],[-44.13664292,-20.13793124,0],[-44.13664355,-20.13793082,0],[-44.13664359,-20.1379308,0],[-44.13664361,-20.13793078,0],[-44.13664365,-20.13793076,0],[-44.13664399,-20.13793059,0],[-44.13664427,-20.13793044,0],[-44.13664532,-20.13792972,0],[-44.1366454,-20.13792967,0],[-44.13664552,-20.13792959,0],[-44.13664558,-20.13792955,0],[-44.13664588,-20.13792936,0],[-44.13664644,-20.13792907,0],[-44.13664655,-20.137929,0],[-44.13664744,-20.13792838,0],[-44.1366475,-20.13792835,0],[-44.13664777,-20.13792819,0],[-44.13664788,-20.13792812,0],[-44.13664832,-20.13792782,0],[-44.13664842,-20.13792777,0],[-44.13664883,-20.13792756,0],[-44.13664897,-20.13792748,0],[-44.13664954,-20.13792713,0],[-44.13664961,-20.13792709,0],[-44.1366499,-20.13792694,0],[-44.13665005,-20.13792683,0],[-44.13665064,-20.13792644,0],[-44.1366508,-20.13792634,0],[-44.13665137,-20.13792598,0],[-44.13665157,-20.13792583,0],[-44.13665225,-20.13792533,0],[-44.13665252,-20.13792517,0],[-44.13665334,-20.13792467,0],[-44.13665363,-20.1379245,0],[-44.13665447,-20.13792399,0],[-44.1366546,-20.1379239,0],[-44.13665493,-20.13792368,0],[-44.13665511,-20.1379236,0],[-44.1366556,-20.13792339,0],[-44.13665588,-20.13792322,0],[-44.13665656,-20.13792283,0],[-44.1366566,-20.13792283,0],[-44.13665669,-20.13792284,0],[-44.1366569,-20.13792271,0],[-44.13665737,-20.13792241,0],[-44.13665758,-20.13792231,0],[-44.13665803,-20.1379221,0],[-44.1366584,-20.13792188,0],[-44.13665885,-20.1379216,0],[-44.1366591,-20.13792145,0],[-44.13665927,-20.13792137,0],[-44.13665958,-20.13792122,0],[-44.13665988,-20.13792102,0],[-44.1366604,-20.13792069,0],[-44.13666074,-20.13792051,0],[-44.13666127,-20.13792023,0],[-44.13666174,-20.13791995,0],[-44.13666239,-20.13791957,0],[-44.13666252,-20.13791955,0],[-44.1366627,-20.13791951,0],[-44.13666319,-20.1379192,0],[-44.13666375,-20.13791885,0],[-44.13666428,-20.13791854,0],[-44.13666482,-20.13791824,0],[-44.13666595,-20.13791749,0],[-44.1366668,-20.13791693,0],[-44.13666715,-20.1379167,0],[-44.13666732,-20.1379166,0],[-44.13666765,-20.13791638,0],[-44.1366677,-20.13791633,0],[-44.13666777,-20.13791626,0],[-44.13666791,-20.13791611,0],[-44.1366684,-20.13791576,0],[-44.13666866,-20.13791558,0],[-44.13667067,-20.13791423,0],[-44.13667113,-20.13791392,0],[-44.13667139,-20.13791375,0],[-44.13667144,-20.13791371,0],[-44.1366731,-20.13791256,0],[-44.13667441,-20.13791165,0],[-44.13667557,-20.13791091,0],[-44.13667592,-20.13791068,0],[-44.13667665,-20.13791022,0],[-44.13667698,-20.13791003,0],[-44.13667729,-20.13791005,0],[-44.13667823,-20.13791012,0],[-44.13667841,-20.13791014,0],[-44.13667846,-20.13791015,0],[-44.13668304,-20.13791085,0],[-44.13668404,-20.13791101,0],[-44.13668431,-20.13791105,0],[-44.13669504,-20.13791275,0],[-44.13669729,-20.13791313,0],[-44.13669774,-20.13791319,0],[-44.13669815,-20.13791328,0],[-44.13670318,-20.13791402,0],[-44.1367055,-20.13791425,0],[-44.13670579,-20.13791428,0],[-44.13670925,-20.13791464,0],[-44.13671083,-20.1379148,0],[-44.13671355,-20.13791508,0],[-44.13671419,-20.13791514,0],[-44.13671475,-20.1379152,0],[-44.13671496,-20.13791522,0],[-44.13671527,-20.13791524,0],[-44.13671811,-20.13791544,0],[-44.13672176,-20.13791558,0],[-44.13672405,-20.1379157,0],[-44.13672794,-20.13791602,0],[-44.13672978,-20.13791607,0],[-44.13673007,-20.13791608,0],[-44.13673339,-20.13791626,0],[-44.13673356,-20.13791627,0],[-44.13673455,-20.13791626,0],[-44.13673601,-20.13791625,0],[-44.1367363,-20.13791624,0],[-44.13673667,-20.13791623,0],[-44.13674057,-20.13791604,0],[-44.13674104,-20.13791606,0],[-44.13674132,-20.13791606,0],[-44.13674825,-20.13791621,0],[-44.13675061,-20.13791623,0],[-44.13675113,-20.13791627,0],[-44.13675193,-20.13791629,0],[-44.13675447,-20.13791635,0],[-44.13675794,-20.13791525,0],[-44.13676519,-20.13791296,0],[-44.13676846,-20.13791192,0],[-44.13677496,-20.13790987,0],[-44.13677739,-20.13790878,0],[-44.13677823,-20.1379084,0],[-44.13677912,-20.137908,0],[-44.13678022,-20.13790751,0],[-44.13678098,-20.13790717,0],[-44.13678146,-20.13790695,0],[-44.13678857,-20.13790523,0],[-44.13678862,-20.13790522,0],[-44.13678882,-20.13790517,0],[-44.13678885,-20.13790527,0],[-44.1367889,-20.13790548,0],[-44.13678975,-20.13790932,0],[-44.13678958,-20.13790965,0],[-44.13678825,-20.13791226,0],[-44.13678861,-20.1379126,0],[-44.13678869,-20.13791267,0],[-44.13679036,-20.13791455,0],[-44.13679064,-20.13791486,0],[-44.13679073,-20.13791497,0],[-44.13679622,-20.13792199,0],[-44.13679624,-20.13792201,0],[-44.13679659,-20.13792251,0],[-44.13680029,-20.13792575,0],[-44.13680048,-20.13792595,0],[-44.13680356,-20.13792926,0],[-44.13681665,-20.13792643,0],[-44.13682026,-20.13792416,0],[-44.13682143,-20.13792342,0],[-44.13682365,-20.1379231,0],[-44.13683276,-20.13792179,0],[-44.13683285,-20.13792175,0],[-44.13683303,-20.13792174,0],[-44.13683625,-20.13792127,0],[-44.13683899,-20.13792087,0],[-44.13684228,-20.13792039,0],[-44.1368448,-20.13792003,0],[-44.13684884,-20.13791944,0],[-44.13685038,-20.13791942,0],[-44.136857,-20.13791933,0],[-44.13685748,-20.13791929,0],[-44.13686218,-20.13791897,0],[-44.13686308,-20.13791912,0],[-44.13686417,-20.13791908,0],[-44.13686674,-20.13791898,0],[-44.13686734,-20.13791896,0],[-44.13686927,-20.13791889,0],[-44.13687702,-20.13791847,0],[-44.13687941,-20.13791827,0],[-44.13688121,-20.13791777,0],[-44.13688622,-20.13791637,0],[-44.13688923,-20.13791541,0],[-44.13689165,-20.13791464,0],[-44.1368923,-20.13791443,0],[-44.13689553,-20.1379131,0],[-44.13689867,-20.13791163,0],[-44.13689993,-20.13791103,0],[-44.13690541,-20.13790846,0],[-44.1369073,-20.13790757,0],[-44.13690818,-20.13790715,0],[-44.13690917,-20.13790667,0],[-44.1369117,-20.13790543,0],[-44.13691245,-20.13790509,0],[-44.13691334,-20.1379047,0],[-44.13691529,-20.13790384,0],[-44.1369166,-20.13790327,0],[-44.1369169,-20.13790313,0],[-44.13691913,-20.13790216,0],[-44.13692254,-20.13790062,0],[-44.13692542,-20.13789932,0],[-44.13692768,-20.13789831,0],[-44.13692975,-20.13789737,0],[-44.13693312,-20.13789593,0],[-44.13693487,-20.13789519,0],[-44.13693599,-20.13789471,0],[-44.13693853,-20.13789363,0],[-44.13693891,-20.13789347,0],[-44.13694282,-20.13789179,0],[-44.1369438,-20.13789137,0],[-44.13694933,-20.13788901,0],[-44.13695333,-20.13788734,0],[-44.13695821,-20.13788531,0],[-44.13696072,-20.13788426,0],[-44.13696107,-20.13788411,0],[-44.13696215,-20.13788359,0],[-44.13696427,-20.13788256,0],[-44.13697083,-20.13787937,0],[-44.13697117,-20.1378792,0],[-44.13697578,-20.13787696,0],[-44.13697762,-20.13787606,0],[-44.13698027,-20.13787526,0],[-44.1369809,-20.13787507,0],[-44.13698967,-20.13787122,0],[-44.13699144,-20.13787044,0],[-44.13699193,-20.13787023,0],[-44.13699842,-20.13786762,0],[-44.13700036,-20.13786683,0],[-44.13700059,-20.13786693,0],[-44.13700098,-20.13786711,0],[-44.13700129,-20.13786723,0],[-44.13700497,-20.1378686,0],[-44.13701342,-20.13787175,0],[-44.13701457,-20.13787245,0],[-44.13701966,-20.13787497,0],[-44.13702214,-20.13787621,0],[-44.13702636,-20.1378783,0],[-44.13702777,-20.13787956,0],[-44.13702787,-20.13787966,0],[-44.13702968,-20.137879,0],[-44.13703112,-20.13787848,0],[-44.1370448,-20.13787305,0],[-44.13704678,-20.1378723,0],[-44.13705058,-20.13787087,0],[-44.13705135,-20.13787061,0],[-44.13705191,-20.13787042,0],[-44.13705545,-20.13786922,0],[-44.13705731,-20.13786859,0],[-44.13706149,-20.13786718,0],[-44.13706226,-20.13786692,0],[-44.13706459,-20.13786613,0],[-44.13706775,-20.13786506,0],[-44.13707251,-20.13786342,0],[-44.13708181,-20.13786021,0],[-44.13708813,-20.13785804,0],[-44.13709101,-20.13785634,0],[-44.13709391,-20.13785535,0],[-44.13709569,-20.13785474,0],[-44.13709731,-20.13785422,0],[-44.13709831,-20.13785381,0],[-44.13709932,-20.13785321,0],[-44.13709976,-20.13785292,0],[-44.13710029,-20.13785256,0],[-44.13710105,-20.13785201,0],[-44.13710154,-20.13785164,0],[-44.13710188,-20.13785137,0],[-44.1371022,-20.13785108,0],[-44.1371034,-20.13784997,0],[-44.13710532,-20.13784844,0],[-44.13710547,-20.13784832,0],[-44.13710701,-20.13784702,0],[-44.13710755,-20.13784657,0],[-44.1371077,-20.13784644,0],[-44.13710881,-20.1378454,0],[-44.13711133,-20.13784316,0],[-44.13711388,-20.13784087,0],[-44.13711413,-20.13784065,0],[-44.13711874,-20.13783654,0],[-44.13712053,-20.13783488,0],[-44.13712078,-20.13783465,0],[-44.13712332,-20.13783234,0],[-44.13712768,-20.13782839,0],[-44.13712794,-20.13782815,0],[-44.13713034,-20.13782598,0],[-44.13713289,-20.13782364,0],[-44.13713456,-20.13782211,0],[-44.13713783,-20.13781913,0],[-44.13714145,-20.13781583,0],[-44.13714179,-20.13781553,0],[-44.13714445,-20.1378131,0],[-44.13714764,-20.13781026,0],[-44.13714838,-20.13780957,0],[-44.13715079,-20.13780737,0],[-44.13715468,-20.13780381,0],[-44.13715522,-20.1378033,0],[-44.13715888,-20.13779996,0],[-44.13716226,-20.13779706,0],[-44.13716243,-20.13779691,0],[-44.13716649,-20.13779316,0],[-44.13716904,-20.13779081,0],[-44.13716945,-20.13779043,0],[-44.1371721,-20.13778799,0],[-44.13717469,-20.13778555,0],[-44.13717584,-20.13778447,0],[-44.13717816,-20.13778229,0],[-44.13718053,-20.13778007,0],[-44.13718276,-20.13777815,0],[-44.13718519,-20.13777605,0],[-44.13718688,-20.13777444,0],[-44.1371875,-20.13777385,0],[-44.13718956,-20.13777189,0],[-44.13719398,-20.13776769,0],[-44.13719642,-20.1377655,0],[-44.13720007,-20.13776222,0],[-44.1372032,-20.13775922,0],[-44.13720531,-20.1377572,0],[-44.13721161,-20.13775119,0],[-44.13721671,-20.13774638,0],[-44.13721843,-20.13774477,0],[-44.13722244,-20.13774091,0],[-44.13722342,-20.13773997,0],[-44.13722435,-20.13773908,0],[-44.13722787,-20.1377357,0],[-44.13722971,-20.13773391,0],[-44.13723013,-20.13773351,0],[-44.13723223,-20.13773147,0],[-44.13723681,-20.13772704,0],[-44.1372392,-20.13772474,0],[-44.13724352,-20.13772058,0],[-44.13724696,-20.13771728,0],[-44.13724712,-20.13771712,0],[-44.13725024,-20.13771413,0],[-44.13725159,-20.13771284,0],[-44.13725338,-20.13771113,0],[-44.1372534,-20.13771111,0],[-44.1372569,-20.13770767,0],[-44.1372589,-20.13770569,0],[-44.13726354,-20.13770112,0],[-44.13726504,-20.13769964,0],[-44.13726587,-20.13769885,0],[-44.13726922,-20.13769565,0],[-44.13727023,-20.13769464,0],[-44.13727557,-20.13768931,0],[-44.1372768,-20.13768808,0],[-44.13727869,-20.13768619,0],[-44.13728105,-20.13768394,0],[-44.1372825,-20.13768246,0],[-44.13728339,-20.13768154,0],[-44.13728528,-20.13767961,0],[-44.1372899,-20.13767488,0],[-44.13729157,-20.13767316,0],[-44.13729287,-20.13767194,0],[-44.13729497,-20.1376697,0],[-44.13729596,-20.13766859,0],[-44.13729625,-20.13766822,0],[-44.13729646,-20.13766795,0],[-44.1372977,-20.13766625,0],[-44.13729836,-20.13766532,0],[-44.13729913,-20.13766418,0],[-44.13729958,-20.13766353,0],[-44.13730147,-20.13766081,0],[-44.13730431,-20.13765674,0],[-44.13730454,-20.13765639,0],[-44.13730459,-20.13765633,0],[-44.13730554,-20.13765497,0],[-44.13730565,-20.13765481,0],[-44.13730698,-20.13765294,0],[-44.13730793,-20.13765161,0],[-44.13730869,-20.13765054,0],[-44.13731235,-20.13764534,0],[-44.13731406,-20.13764292,0],[-44.13731781,-20.13763745,0],[-44.13731835,-20.13763667,0],[-44.13731871,-20.13763614,0],[-44.13732179,-20.13763172,0],[-44.13732262,-20.13763053,0],[-44.13732512,-20.13762674,0],[-44.1373261,-20.13762525,0],[-44.13732864,-20.13762142,0],[-44.13732971,-20.1376198,0],[-44.13733,-20.13761935,0],[-44.13733108,-20.13761772,0],[-44.13733122,-20.13761752,0],[-44.13733675,-20.13760955,0],[-44.13733678,-20.13760952,0],[-44.13733948,-20.1376056,0],[-44.13733993,-20.13760496,0],[-44.13734143,-20.13760284,0],[-44.13733972,-20.13760287,0],[-44.13733871,-20.13760282,0],[-44.13733551,-20.13760267,0],[-44.1373319,-20.13760256,0],[-44.13732257,-20.13760227,0],[-44.13732129,-20.13760231,0],[-44.1373188,-20.13760238,0],[-44.1373133,-20.13760247,0],[-44.13731187,-20.13760249,0],[-44.13730841,-20.13760276,0],[-44.13730659,-20.13760293,0],[-44.13730573,-20.137603,0],[-44.13730096,-20.13760343,0],[-44.1373004,-20.13760348,0],[-44.13729853,-20.13760361,0],[-44.13729898,-20.13760297,0],[-44.1373004,-20.13760098,0],[-44.13730096,-20.1376002,0],[-44.1373042,-20.13759572,0],[-44.13730461,-20.13759515,0],[-44.13730522,-20.13759431,0],[-44.13730562,-20.13759376,0],[-44.13730757,-20.13759106,0],[-44.13730979,-20.13758797,0],[-44.13731193,-20.13758498,0],[-44.13731521,-20.13758043,0],[-44.13731562,-20.13757984,0],[-44.13731764,-20.13757697,0],[-44.13732074,-20.13757259,0],[-44.13732082,-20.13757248,0],[-44.13732284,-20.13756962,0],[-44.13732292,-20.13756951,0],[-44.13732446,-20.13756735,0],[-44.13732584,-20.13756542,0],[-44.13732615,-20.13756499,0],[-44.13732709,-20.13756367,0],[-44.13732874,-20.13756136,0],[-44.1373303,-20.13755916,0],[-44.13733113,-20.137558,0],[-44.13733169,-20.13755719,0],[-44.137337,-20.13754955,0],[-44.13733963,-20.13754576,0],[-44.13734251,-20.13754166,0],[-44.1373441,-20.13753939,0],[-44.13734784,-20.13753406,0],[-44.13734871,-20.13753279,0],[-44.13735046,-20.13753026,0],[-44.13735281,-20.13752684,0],[-44.1373533,-20.13752613,0],[-44.13735443,-20.13752448,0],[-44.13735571,-20.13752263,0],[-44.13735775,-20.13751969,0],[-44.1373586,-20.13751845,0],[-44.13736408,-20.13751055,0],[-44.13736696,-20.13750639,0],[-44.13736937,-20.13750289,0],[-44.13737016,-20.13750174,0],[-44.13737482,-20.13749495,0],[-44.13737799,-20.13749034,0],[-44.1373801,-20.13748726,0],[-44.13738273,-20.13748343,0],[-44.13738555,-20.13747933,0],[-44.13738716,-20.13747698,0],[-44.13738735,-20.1374767,0],[-44.13738889,-20.13747448,0],[-44.13739083,-20.13747164,0],[-44.13739154,-20.13747061,0],[-44.13739314,-20.13746828,0],[-44.13739628,-20.1374637,0],[-44.13740155,-20.13745601,0],[-44.13740251,-20.13745461,0],[-44.137407,-20.13744808,0],[-44.13741187,-20.13744097,0],[-44.13741227,-20.13744039,0],[-44.1374129,-20.13743947,0],[-44.13741383,-20.13743811,0],[-44.13741771,-20.13743244,0],[-44.13741862,-20.1374311,0],[-44.13742136,-20.13742739,0],[-44.13742323,-20.13742484,0],[-44.13742889,-20.13741718,0],[-44.13743393,-20.13741034,0],[-44.13743442,-20.13740968,0],[-44.13743493,-20.137409,0],[-44.13743519,-20.13740863,0],[-44.13743758,-20.13740541,0],[-44.1374401,-20.13740202,0],[-44.13744565,-20.13739455,0],[-44.13744859,-20.13739058,0],[-44.13745134,-20.13738691,0],[-44.13745137,-20.13738686,0],[-44.13745367,-20.13738378,0],[-44.1374564,-20.13738013,0],[-44.13745704,-20.13737929,0],[-44.13745735,-20.13737893,0],[-44.13746249,-20.13737306,0],[-44.13746295,-20.13737254,0],[-44.13746322,-20.13737223,0],[-44.13746347,-20.13737195,0],[-44.13746404,-20.13737129,0],[-44.13746488,-20.1373704,0],[-44.13746554,-20.13736968,0],[-44.13746638,-20.13736875,0],[-44.13746945,-20.13736531,0],[-44.13747338,-20.13736093,0],[-44.13747572,-20.13735834,0],[-44.13747617,-20.13735784,0],[-44.13747854,-20.13735522,0],[-44.13748202,-20.13735145,0],[-44.13748218,-20.13735128,0],[-44.1374826,-20.13735083,0],[-44.1374844,-20.13734892,0],[-44.13748622,-20.137347,0],[-44.13748683,-20.13734636,0],[-44.13748844,-20.13734466,0],[-44.13749034,-20.13734265,0],[-44.13749491,-20.13733795,0],[-44.13749547,-20.13733737,0],[-44.13749853,-20.13733422,0],[-44.13749925,-20.13733347,0],[-44.13750136,-20.13733125,0],[-44.13750276,-20.13732977,0],[-44.13750744,-20.13732495,0],[-44.1375075,-20.13732488,0],[-44.13750782,-20.13732455,0],[-44.13750786,-20.13732451,0],[-44.13751256,-20.13731961,0],[-44.13751432,-20.13731784,0],[-44.13751656,-20.13731557,0],[-44.13751873,-20.13731337,0],[-44.13752053,-20.13731149,0],[-44.13752079,-20.13731121,0],[-44.13752373,-20.13730814,0],[-44.13752663,-20.13730525,0],[-44.13752737,-20.13730451,0],[-44.13753058,-20.13730132,0],[-44.13753243,-20.13729948,0],[-44.13753384,-20.13729802,0],[-44.13753391,-20.13729795,0],[-44.13753601,-20.13729577,0],[-44.13753688,-20.13729491,0],[-44.13754052,-20.13729133,0],[-44.13754754,-20.1372844,0],[-44.13754767,-20.13728428,0],[-44.13754928,-20.13728264,0],[-44.13755053,-20.13728142,0],[-44.13755566,-20.13727638,0],[-44.13755674,-20.13727531,0],[-44.13756019,-20.13727192,0],[-44.13756233,-20.13726982,0],[-44.13756266,-20.13726949,0],[-44.13756381,-20.13726836,0],[-44.13756401,-20.13726816,0],[-44.13756416,-20.13726803,0],[-44.13756657,-20.13726565,0],[-44.13757251,-20.13725981,0],[-44.13757709,-20.13725532,0],[-44.13758,-20.13725247,0],[-44.13758209,-20.13725036,0],[-44.13758558,-20.13724691,0],[-44.13758661,-20.13724589,0],[-44.13759032,-20.13724223,0],[-44.137595,-20.13723761,0],[-44.1375967,-20.13723593,0],[-44.13759908,-20.13723358,0],[-44.13760356,-20.13722915,0],[-44.13760714,-20.1372256,0],[-44.13760721,-20.13722553,0],[-44.13761171,-20.13722097,0],[-44.13761292,-20.13721974,0],[-44.13761406,-20.13721859,0],[-44.13761413,-20.13721851,0],[-44.13761437,-20.13721827,0],[-44.13761669,-20.13721595,0],[-44.13762144,-20.13721122,0],[-44.13762981,-20.13720274,0],[-44.13762826,-20.13720118,0],[-44.13764224,-20.13718884,0],[-44.13765137,-20.13718078,0],[-44.13764423,-20.13718302,0],[-44.13764388,-20.13718308,0],[-44.13764144,-20.13718349,0],[-44.13764106,-20.13718359,0],[-44.13763926,-20.13718404,0],[-44.13763291,-20.13718611,0],[-44.13763268,-20.13718619,0],[-44.13763208,-20.13718638,0],[-44.13761497,-20.13719176,0],[-44.13761365,-20.13719218,0],[-44.13761295,-20.13719243,0],[-44.13760822,-20.13719418,0],[-44.13759336,-20.13719875,0],[-44.13759242,-20.13719904,0],[-44.13759028,-20.13719969,0],[-44.13759021,-20.13719972,0],[-44.13758984,-20.13719986,0],[-44.13758606,-20.13720133,0],[-44.13758927,-20.13719816,0],[-44.1375903,-20.13719711,0],[-44.13759041,-20.137197,0],[-44.13759067,-20.13719674,0],[-44.13759721,-20.1371901,0],[-44.13760193,-20.13718532,0],[-44.13760375,-20.13718347,0],[-44.13760525,-20.13718195,0],[-44.13760541,-20.13718178,0],[-44.13760825,-20.13717895,0],[-44.13761031,-20.13717686,0],[-44.1376156,-20.13717151,0],[-44.13761648,-20.13717062,0],[-44.13761684,-20.13717025,0],[-44.13762338,-20.13716362,0],[-44.13762697,-20.13715998,0],[-44.13762888,-20.13715804,0],[-44.13763645,-20.13715036,0],[-44.13763937,-20.13714741,0],[-44.13764088,-20.13714588,0],[-44.13764158,-20.13714518,0],[-44.1376422,-20.13714456,0],[-44.13764254,-20.13714422,0],[-44.13764301,-20.13714374,0],[-44.13764746,-20.1371393,0],[-44.1376496,-20.13713716,0],[-44.13765184,-20.13713491,0],[-44.13765618,-20.13713058,0],[-44.13765714,-20.13712961,0],[-44.13765863,-20.13712813,0],[-44.13765911,-20.13712765,0],[-44.1376597,-20.13712707,0],[-44.13766162,-20.13712517,0],[-44.13766278,-20.137124,0],[-44.13766641,-20.13712036,0],[-44.13766877,-20.13711799,0],[-44.13766934,-20.13711742,0],[-44.13767387,-20.13711288,0],[-44.13767592,-20.13711083,0],[-44.13768037,-20.13710637,0],[-44.13768251,-20.13710425,0],[-44.13768372,-20.13710304,0],[-44.13768532,-20.13710146,0],[-44.13768908,-20.13709767,0],[-44.13769189,-20.13709482,0],[-44.13769251,-20.1370942,0],[-44.13769496,-20.13709173,0],[-44.13769563,-20.13709105,0],[-44.13769698,-20.13708968,0],[-44.13769982,-20.13708688,0],[-44.13770225,-20.13708448,0],[-44.13770404,-20.13708271,0],[-44.13770691,-20.13707978,0],[-44.13770877,-20.13707789,0],[-44.137711,-20.13707563,0],[-44.13771538,-20.13707129,0],[-44.13771603,-20.13707065,0],[-44.1377174,-20.13706929,0],[-44.13771825,-20.13706845,0],[-44.1377212,-20.13706552,0],[-44.13772199,-20.13706474,0],[-44.13772629,-20.13706048,0],[-44.13772742,-20.13705934,0],[-44.13772856,-20.13705817,0],[-44.13773195,-20.13705471,0],[-44.13773236,-20.13705428,0],[-44.13773332,-20.13705327,0],[-44.13773507,-20.13705152,0],[-44.13773776,-20.13704883,0],[-44.13774166,-20.13704493,0],[-44.13774285,-20.13704374,0],[-44.13774543,-20.13704115,0],[-44.13774733,-20.13703919,0],[-44.13774816,-20.13703833,0],[-44.13775282,-20.13703353,0],[-44.13775315,-20.13703317,0],[-44.13775459,-20.13703162,0],[-44.13775694,-20.13702909,0],[-44.13775993,-20.13702587,0],[-44.13776073,-20.13702502,0],[-44.1377608,-20.13702494,0],[-44.13776093,-20.13702481,0],[-44.13776238,-20.13702329,0],[-44.13776737,-20.13701806,0],[-44.13776754,-20.13701788,0],[-44.13776813,-20.13701726,0],[-44.13776851,-20.13701686,0],[-44.13777113,-20.13701414,0],[-44.13777291,-20.1370123,0],[-44.13777384,-20.13701135,0],[-44.13777498,-20.13701018,0],[-44.13778034,-20.13700466,0],[-44.13778185,-20.1370031,0],[-44.13778308,-20.13700194,0],[-44.13778689,-20.13699806,0],[-44.13779264,-20.13699219,0],[-44.13779342,-20.1369914,0],[-44.13779499,-20.1369898,0],[-44.13779888,-20.13698582,0],[-44.13779996,-20.13698472,0],[-44.13780158,-20.13698307,0],[-44.13780274,-20.13698199,0],[-44.13780402,-20.13698079,0],[-44.13780545,-20.13697945,0],[-44.13780618,-20.13697876,0],[-44.13780673,-20.13697825,0],[-44.13780796,-20.13697711,0],[-44.13780848,-20.13697662,0],[-44.13781093,-20.13697433,0],[-44.13781133,-20.13697395,0],[-44.13781348,-20.13697194,0],[-44.13781459,-20.13697091,0],[-44.13781481,-20.1369707,0],[-44.13781563,-20.13696986,0],[-44.13781567,-20.13696982,0],[-44.13781655,-20.13696892,0],[-44.13781657,-20.13696889,0],[-44.13781685,-20.1369686,0],[-44.13781688,-20.13696857,0],[-44.13781755,-20.13696788,0],[-44.1378179,-20.13696746,0],[-44.13781846,-20.13696679,0],[-44.13781849,-20.13696675,0],[-44.13781982,-20.13696529,0],[-44.13782039,-20.13696465,0],[-44.13782468,-20.1369601,0],[-44.13782499,-20.13695977,0],[-44.13782513,-20.13695962,0],[-44.13782623,-20.13695847,0],[-44.13783267,-20.13695171,0],[-44.13783283,-20.13695154,0],[-44.13783922,-20.13694506,0],[-44.13784325,-20.13694097,0],[-44.13784576,-20.13693842,0],[-44.13785076,-20.13693335,0],[-44.13785104,-20.13693307,0],[-44.13785119,-20.13693291,0],[-44.13785146,-20.13693263,0],[-44.13785223,-20.13693182,0],[-44.13785864,-20.13692504,0],[-44.13785996,-20.13692365,0],[-44.13786506,-20.13691831,0],[-44.13786807,-20.13691516,0],[-44.13786902,-20.13691417,0],[-44.13786991,-20.13691326,0],[-44.13787156,-20.13691158,0],[-44.1378748,-20.13690826,0],[-44.13787671,-20.13690628,0],[-44.13787802,-20.13690492,0],[-44.13788373,-20.136899,0],[-44.1378845,-20.13689821,0],[-44.13788493,-20.13689776,0],[-44.13789095,-20.13689155,0],[-44.13789099,-20.13689151,0],[-44.13789284,-20.13688965,0],[-44.13789306,-20.13688943,0],[-44.13789756,-20.1368849,0],[-44.13789796,-20.13688449,0],[-44.13790265,-20.13687976,0],[-44.13790411,-20.1368783,0],[-44.13790593,-20.13687646,0],[-44.13791067,-20.13687168,0],[-44.13791504,-20.13686728,0],[-44.13791722,-20.13686508,0],[-44.13791845,-20.13686385,0],[-44.137919,-20.13686329,0],[-44.13792378,-20.13685847,0],[-44.13792878,-20.13685343,0],[-44.13793033,-20.13685186,0],[-44.13793689,-20.13684525,0],[-44.13793714,-20.136845,0],[-44.13794344,-20.13683865,0],[-44.13794382,-20.13683827,0],[-44.13795,-20.13683203,0],[-44.13795237,-20.13682965,0],[-44.1379549,-20.13682709,0],[-44.13795655,-20.13682543,0],[-44.13795967,-20.13682227,0],[-44.13796311,-20.13681881,0],[-44.13796918,-20.13681268,0],[-44.13796965,-20.1368122,0],[-44.13797328,-20.13680853,0],[-44.13797613,-20.13680556,0],[-44.13798087,-20.13680061,0],[-44.13798256,-20.13679885,0],[-44.13798715,-20.13679405,0],[-44.13798901,-20.13679211,0],[-44.13799403,-20.13678688,0],[-44.13799544,-20.1367854,0],[-44.1380019,-20.13677866,0],[-44.1380032,-20.1367773,0],[-44.13800379,-20.13677668,0],[-44.13803801,-20.1367427,0],[-44.13804157,-20.13673925,0],[-44.13804508,-20.13673583,0],[-44.13804823,-20.13673276,0],[-44.13805125,-20.13672983,0],[-44.13805491,-20.13672626,0],[-44.13805946,-20.13672183,0],[-44.13806158,-20.13671978,0],[-44.13806825,-20.13671328,0],[-44.13806947,-20.1367121,0],[-44.1380711,-20.13671051,0],[-44.13807492,-20.13670679,0],[-44.13807766,-20.13670412,0],[-44.1380816,-20.1367003,0],[-44.13808606,-20.13669598,0],[-44.13808828,-20.13669383,0],[-44.13809372,-20.13668856,0],[-44.13809497,-20.13668735,0],[-44.13809717,-20.13668521,0],[-44.13810086,-20.13668164,0],[-44.13810166,-20.13668087,0],[-44.13810837,-20.13667441,0],[-44.13810941,-20.13667341,0],[-44.13811194,-20.13667097,0],[-44.13811273,-20.1366702,0],[-44.13811496,-20.13666807,0],[-44.13811508,-20.13666796,0],[-44.13812179,-20.13666151,0],[-44.13812339,-20.13665997,0],[-44.13812638,-20.1366571,0],[-44.13812843,-20.13665505,0],[-44.13813501,-20.13664846,0],[-44.13813922,-20.13664424,0],[-44.13814158,-20.13664188,0],[-44.1381446,-20.13663884,0],[-44.13814816,-20.13663528,0],[-44.13814897,-20.13663447,0],[-44.13815473,-20.1366287,0],[-44.13815877,-20.13662465,0],[-44.13816131,-20.13662211,0],[-44.13816542,-20.13661798,0],[-44.13816788,-20.13661552,0],[-44.13817426,-20.13660913,0],[-44.13817446,-20.13660893,0],[-44.13817924,-20.13660413,0],[-44.1381795,-20.13660387,0],[-44.13817957,-20.13660381,0],[-44.13818101,-20.13660235,0],[-44.13818233,-20.13660102,0],[-44.13818758,-20.13659573,0],[-44.13819159,-20.1365917,0],[-44.13819247,-20.13659082,0],[-44.13819414,-20.13658914,0],[-44.13819988,-20.13658336,0],[-44.13820071,-20.13658253,0],[-44.13820096,-20.13658228,0],[-44.13820726,-20.13657594,0],[-44.13821383,-20.13656933,0],[-44.13821774,-20.13656539,0],[-44.13821789,-20.13656525,0],[-44.13822039,-20.13656273,0],[-44.13822529,-20.1365578,0],[-44.13822566,-20.13655743,0],[-44.13822696,-20.13655613,0],[-44.13823351,-20.13654953,0],[-44.13824008,-20.13654292,0],[-44.1382439,-20.13653908,0],[-44.13824664,-20.13653633,0],[-44.13825072,-20.13653223,0],[-44.13825162,-20.13653132,0],[-44.13825321,-20.13652972,0],[-44.13825976,-20.13652313,0],[-44.13826633,-20.13651652,0],[-44.13826984,-20.136513,0],[-44.13827005,-20.13651278,0],[-44.13827289,-20.13650993,0],[-44.13827591,-20.13650688,0],[-44.13827613,-20.13650667,0],[-44.13827946,-20.13650332,0],[-44.13828601,-20.13649672,0],[-44.13829258,-20.13649012,0],[-44.13829524,-20.13648745,0],[-44.1382962,-20.13648648,0],[-44.13829914,-20.13648352,0],[-44.13830078,-20.13648187,0],[-44.13830154,-20.1364811,0],[-44.13830571,-20.13647691,0],[-44.13831167,-20.13647091,0],[-44.13831226,-20.13647033,0],[-44.13831302,-20.13646957,0],[-44.13831337,-20.13646923,0],[-44.13831361,-20.13646899,0],[-44.13831384,-20.13646877,0],[-44.13831444,-20.13646814,0],[-44.13831448,-20.1364681,0],[-44.13831878,-20.13646369,0],[-44.13832228,-20.1364601,0],[-44.13832314,-20.13645922,0],[-44.13832527,-20.13645703,0],[-44.1383268,-20.13645547,0],[-44.13832856,-20.13645366,0],[-44.13833178,-20.13645036,0],[-44.13833828,-20.13644371,0],[-44.13834479,-20.13643703,0],[-44.13834818,-20.13643355,0],[-44.13835065,-20.13643102,0],[-44.13835128,-20.13643038,0],[-44.13835188,-20.13642977,0],[-44.13835779,-20.13642371,0],[-44.13836388,-20.13641746,0],[-44.13836428,-20.13641706,0],[-44.13837079,-20.13641038,0],[-44.13837177,-20.13640938,0],[-44.13837409,-20.136407,0],[-44.13837695,-20.13640407,0],[-44.13838066,-20.13640027,0],[-44.13838398,-20.13639687,0],[-44.1384386,-20.13634393,0],[-44.13843877,-20.13634389,0],[-44.13843882,-20.13634388,0],[-44.13844045,-20.13634253,0],[-44.13844096,-20.13634212,0],[-44.1384415,-20.1363417,0],[-44.13844164,-20.13634159,0],[-44.13844335,-20.13634006,0],[-44.13844378,-20.13633967,0],[-44.13844563,-20.13633804,0],[-44.13844603,-20.1363377,0],[-44.1384465,-20.13633724,0],[-44.13844658,-20.13633716,0],[-44.13844789,-20.13633588,0],[-44.13844958,-20.13633421,0],[-44.1384501,-20.1363337,0],[-44.13845209,-20.13633182,0],[-44.13845234,-20.13633157,0],[-44.13845419,-20.13632974,0],[-44.13845556,-20.13632838,0],[-44.13845561,-20.13632833,0],[-44.13845884,-20.13632512,0],[-44.1384608,-20.13632338,0],[-44.13846128,-20.13632294,0],[-44.1384626,-20.13632176,0],[-44.1384628,-20.1363216,0],[-44.13846327,-20.13632118,0],[-44.13846441,-20.13632013,0],[-44.1384675,-20.13631732,0],[-44.13846459,-20.13631439,0],[-44.13843519,-20.13628469,0],[-44.13843349,-20.13628297,0],[-44.13843326,-20.13628318,0],[-44.13843307,-20.13628334,0],[-44.13843081,-20.13628531,0],[-44.13843077,-20.13628535,0],[-44.13843033,-20.1362858,0],[-44.13843021,-20.13628592,0],[-44.13842847,-20.13628757,0],[-44.13842728,-20.1362886,0],[-44.13842472,-20.13629082,0],[-44.13842065,-20.13629435,0],[-44.13841985,-20.13629505,0],[-44.13841948,-20.13629537,0],[-44.13841904,-20.13629575,0],[-44.13841744,-20.13629714,0],[-44.13841319,-20.13630082,0],[-44.13841021,-20.13630339,0],[-44.13840997,-20.13630357,0],[-44.13840903,-20.13630424,0],[-44.13840862,-20.13630456,0],[-44.13840685,-20.1363059,0],[-44.13840679,-20.13630592,0],[-44.13840657,-20.13630602,0],[-44.13840415,-20.13630783,0],[-44.13840303,-20.13630867,0],[-44.13839831,-20.13631225,0],[-44.13839277,-20.13631646,0],[-44.13839053,-20.13631816,0],[-44.1383882,-20.13631993,0],[-44.13838485,-20.13632253,0],[-44.13838385,-20.1363233,0],[-44.1383834,-20.13632365,0],[-44.13837928,-20.13632689,0],[-44.13837664,-20.13632897,0],[-44.13837267,-20.13633216,0],[-44.13836994,-20.13633435,0],[-44.13836873,-20.13633529,0],[-44.138364,-20.13633893,0],[-44.13836383,-20.13633907,0],[-44.13836342,-20.13633938,0],[-44.13836303,-20.13633967,0],[-44.13836109,-20.13634113,0],[-44.13835884,-20.13634283,0],[-44.13835826,-20.13634327,0],[-44.13835721,-20.13634399,0],[-44.13835705,-20.1363441,0],[-44.13835376,-20.13634663,0],[-44.13835162,-20.13634827,0],[-44.13834922,-20.1363501,0],[-44.13834669,-20.13635209,0],[-44.13834349,-20.13635459,0],[-44.13834039,-20.13635711,0],[-44.13833909,-20.13635816,0],[-44.13833903,-20.13635821,0],[-44.13833853,-20.13635861,0],[-44.13833837,-20.13635874,0],[-44.13833473,-20.13636171,0],[-44.1383344,-20.13636198,0],[-44.13833163,-20.1363641,0],[-44.1383309,-20.13636465,0],[-44.13833078,-20.13636475,0],[-44.13832911,-20.13636596,0],[-44.13832892,-20.13636609,0],[-44.13832781,-20.13636682,0],[-44.13832764,-20.13636694,0],[-44.13833048,-20.13637603,0],[-44.13832004,-20.13637237,0],[-44.13831866,-20.13637349,0],[-44.1383178,-20.13637419,0],[-44.13831642,-20.13637532,0],[-44.13831448,-20.13637692,0],[-44.13831411,-20.13637722,0],[-44.13831373,-20.13637752,0],[-44.13831285,-20.13637821,0],[-44.13831583,-20.13638769,0],[-44.13830585,-20.1363842,0],[-44.13830508,-20.13638485,0],[-44.13830469,-20.13638526,0],[-44.13830413,-20.13638582,0],[-44.13830335,-20.13638662,0],[-44.13830315,-20.13638683,0],[-44.13830303,-20.13638702,0],[-44.13830255,-20.13638744,0],[-44.13830199,-20.13638793,0],[-44.13830163,-20.13638824,0],[-44.1383007,-20.13638905,0],[-44.13829886,-20.13639058,0],[-44.13829884,-20.13639059,0],[-44.13829844,-20.13639094,0],[-44.13829838,-20.13639098,0],[-44.13829795,-20.13639134,0],[-44.1382913,-20.13639629,0],[-44.1382894,-20.1363977,0],[-44.13828673,-20.13639968,0]]]]}},{"type": "Feature","properties": {"classe": "Estrutura de Contenção","descricao": "Dique 2"},"geometry": {"type": "MultiPolygon","coordinates": [[[[-44.13741905,-20.13597363,0],[-44.13741768,-20.13597398,0],[-44.13741659,-20.13597435,0],[-44.13741221,-20.13597582,0],[-44.13741143,-20.13597608,0],[-44.13741052,-20.13597643,0],[-44.13740899,-20.13597701,0],[-44.1374071,-20.13597774,0],[-44.13740502,-20.13597853,0],[-44.13740175,-20.13597978,0],[-44.13740023,-20.1359807,0],[-44.13739864,-20.13598165,0],[-44.13739825,-20.13598189,0],[-44.13738959,-20.13598562,0],[-44.13738935,-20.13598572,0],[-44.13738883,-20.13598595,0],[-44.1373843,-20.13598812,0],[-44.13738117,-20.1359897,0],[-44.13738089,-20.13598983,0],[-44.13737847,-20.13599105,0],[-44.1373772,-20.13599169,0],[-44.13737281,-20.13599337,0],[-44.13737187,-20.13599374,0],[-44.13737126,-20.13599397,0],[-44.13736977,-20.13599455,0],[-44.1373627,-20.13599707,0],[-44.13736192,-20.13599735,0],[-44.13736157,-20.13599747,0],[-44.13735558,-20.13599962,0],[-44.13735381,-20.13600035,0],[-44.13735327,-20.13600057,0],[-44.13735114,-20.13600144,0],[-44.13734859,-20.13600277,0],[-44.13734696,-20.13600362,0],[-44.13734528,-20.13600465,0],[-44.13734114,-20.13600719,0],[-44.13734035,-20.13600767,0],[-44.13733756,-20.13600946,0],[-44.13733729,-20.13600963,0],[-44.13733261,-20.13601263,0],[-44.13732937,-20.1360147,0],[-44.13732909,-20.13601488,0],[-44.1373254,-20.13601724,0],[-44.13732145,-20.13601979,0],[-44.1373191,-20.13602131,0],[-44.13731618,-20.13602453,0],[-44.13731509,-20.13602573,0],[-44.13730951,-20.13603187,0],[-44.13730866,-20.1360328,0],[-44.13730452,-20.13603736,0],[-44.13730241,-20.13603973,0],[-44.13730039,-20.13604199,0],[-44.13729839,-20.13604423,0],[-44.1372961,-20.13604692,0],[-44.13729307,-20.13605047,0],[-44.13729069,-20.13605323,0],[-44.13729002,-20.136054,0],[-44.13728999,-20.13605404,0],[-44.1372855,-20.13605923,0],[-44.13728402,-20.13606095,0],[-44.13728369,-20.13606132,0],[-44.1372792,-20.13606652,0],[-44.13727817,-20.13606823,0],[-44.13727661,-20.13607083,0],[-44.13727541,-20.13607281,0],[-44.1372725,-20.13607691,0],[-44.13726704,-20.13608457,0],[-44.13726658,-20.13608522,0],[-44.13726585,-20.13608624,0],[-44.13726569,-20.13608646,0],[-44.13726386,-20.13608907,0],[-44.13726371,-20.13608929,0],[-44.13726277,-20.13609063,0],[-44.13726128,-20.1360927,0],[-44.13726126,-20.13609273,0],[-44.13726026,-20.13609412,0],[-44.13725742,-20.13609819,0],[-44.13725367,-20.13610356,0],[-44.13725148,-20.13610669,0],[-44.13725048,-20.13610881,0],[-44.13724955,-20.13611079,0],[-44.13724919,-20.13611155,0],[-44.13724627,-20.13611911,0],[-44.13724481,-20.13612289,0],[-44.13724461,-20.13612413,0],[-44.13720751,-20.13615119,0],[-44.1370258,-20.13628375,0],[-44.13695246,-20.13619408,0],[-44.13693849,-20.1362048,0],[-44.13692856,-20.13621283,0],[-44.1369242,-20.13621701,0],[-44.13692262,-20.13621946,0],[-44.1369213,-20.13622223,0],[-44.13691401,-20.13623613,0],[-44.13690629,-20.13624999,0],[-44.13689734,-20.13626593,0],[-44.13689452,-20.13627105,0],[-44.13688808,-20.13627817,0],[-44.13688371,-20.13628339,0],[-44.13687577,-20.13629216,0],[-44.13687458,-20.13629411,0],[-44.13687449,-20.13629429,0],[-44.13685621,-20.13631289,0],[-44.13684578,-20.13632451,0],[-44.13682986,-20.13634099,0],[-44.13682323,-20.13634663,0],[-44.13681492,-20.13635194,0],[-44.13681318,-20.13635249,0],[-44.13680781,-20.1363542,0],[-44.13679133,-20.13635831,0],[-44.13677819,-20.13636199,0],[-44.13676185,-20.13636742,0],[-44.13674543,-20.13637359,0],[-44.13674225,-20.13637549,0],[-44.13673333,-20.13637949,0],[-44.13673201,-20.13638056,0],[-44.13672983,-20.13638205,0],[-44.1367261,-20.13638398,0],[-44.13672519,-20.13638465,0],[-44.13672127,-20.13638882,0],[-44.13671979,-20.13638995,0],[-44.13671803,-20.13639201,0],[-44.1367143,-20.1363972,0],[-44.13670938,-20.13640519,0],[-44.13670233,-20.13641593,0],[-44.13669506,-20.13642504,0],[-44.13668772,-20.13643178,0],[-44.13668019,-20.1364376,0],[-44.1366763,-20.13644127,0],[-44.13667399,-20.13644482,0],[-44.13666986,-20.13645117,0],[-44.13666857,-20.13645229,0],[-44.13666716,-20.13645351,0],[-44.13665985,-20.13645884,0],[-44.13664955,-20.13646441,0],[-44.13662986,-20.13647327,0],[-44.13661189,-20.13648091,0],[-44.1366038,-20.13648471,0],[-44.13660146,-20.13648566,0],[-44.13659771,-20.13648728,0],[-44.13659473,-20.13648887,0],[-44.13659301,-20.13648997,0],[-44.13658955,-20.13649148,0],[-44.13658792,-20.13649241,0],[-44.13658609,-20.13649374,0],[-44.13658429,-20.13649579,0],[-44.13657689,-20.13650718,0],[-44.13656897,-20.13651831,0],[-44.13655891,-20.13653027,0],[-44.1365474,-20.13654149,0],[-44.13653607,-20.13655063,0],[-44.13652602,-20.13655722,0],[-44.1365176,-20.13656149,0],[-44.13651015,-20.13656471,0],[-44.13650477,-20.13656685,0],[-44.13650058,-20.1365693,0],[-44.13649386,-20.13657408,0],[-44.13649361,-20.13657366,0],[-44.13649297,-20.13657271,0],[-44.13648908,-20.13656664,0],[-44.13648599,-20.13656209,0],[-44.13648435,-20.13655958,0],[-44.13648472,-20.13655918,0],[-44.13649023,-20.13655326,0],[-44.1364934,-20.13654986,0],[-44.13649437,-20.13654885,0],[-44.13649835,-20.13654471,0],[-44.13650102,-20.13654192,0],[-44.1365048,-20.13653816,0],[-44.13650781,-20.13653515,0],[-44.13650866,-20.13653438,0],[-44.1365125,-20.13653089,0],[-44.13651569,-20.13652834,0],[-44.13651793,-20.13652655,0],[-44.13651966,-20.13652489,0],[-44.13652029,-20.13652429,0],[-44.13652263,-20.13652157,0],[-44.13652473,-20.13651853,0],[-44.13652548,-20.13651731,0],[-44.13652697,-20.13651487,0],[-44.13652837,-20.13651309,0],[-44.13653137,-20.13650928,0],[-44.13653204,-20.13650843,0],[-44.13653786,-20.13650225,0],[-44.13654109,-20.13649882,0],[-44.1365432,-20.13649659,0],[-44.13654789,-20.13649202,0],[-44.1365513,-20.1364887,0],[-44.13655816,-20.13648202,0],[-44.13656166,-20.13647862,0],[-44.13656224,-20.13647806,0],[-44.13657981,-20.13646163,0],[-44.13658497,-20.13645681,0],[-44.13658794,-20.13645413,0],[-44.13659947,-20.13644377,0],[-44.13660339,-20.13644024,0],[-44.13660573,-20.13643814,0],[-44.13660578,-20.1364381,0],[-44.13661518,-20.13643017,0],[-44.1366201,-20.13642602,0],[-44.13662866,-20.13641911,0],[-44.13663264,-20.13641529,0],[-44.13663322,-20.13641473,0],[-44.13663555,-20.13641046,0],[-44.13663764,-20.13640284,0],[-44.13663936,-20.13639657,0],[-44.13664328,-20.13638515,0],[-44.13664577,-20.13637877,0],[-44.1366482,-20.13637255,0],[-44.13664987,-20.13636874,0],[-44.13665307,-20.13636143,0],[-44.13665705,-20.1363537,0],[-44.13666189,-20.13634549,0],[-44.13666298,-20.13634363,0],[-44.13666561,-20.13633792,0],[-44.13666582,-20.13633735,0],[-44.13666851,-20.13633018,0],[-44.13667209,-20.13631951,0],[-44.13667522,-20.13630984,0],[-44.13667659,-20.13630561,0],[-44.13668158,-20.13629064,0],[-44.13668648,-20.13627737,0],[-44.13669082,-20.13626787,0],[-44.1366933,-20.13626373,0],[-44.13669359,-20.13626324,0],[-44.13670111,-20.13625309,0],[-44.13668837,-20.13624369,0],[-44.13668826,-20.1362437,0],[-44.13668808,-20.13624372,0],[-44.13668371,-20.13624431,0],[-44.13668295,-20.13624443,0],[-44.1366822,-20.13624456,0],[-44.13667855,-20.13624523,0],[-44.13667802,-20.13624533,0],[-44.13667442,-20.13624578,0],[-44.13667355,-20.13624592,0],[-44.13667264,-20.13624608,0],[-44.13666609,-20.13624752,0],[-44.13666552,-20.13624767,0],[-44.13665931,-20.13624971,0],[-44.13665592,-20.13625101,0],[-44.136655,-20.13625128,0],[-44.13665434,-20.13625148,0],[-44.13665416,-20.13625154,0],[-44.1366521,-20.13625222,0],[-44.13665165,-20.1362524,0],[-44.13664983,-20.13625314,0],[-44.13664548,-20.13625492,0],[-44.13664303,-20.13625592,0],[-44.1366419,-20.13625647,0],[-44.1366406,-20.1362571,0],[-44.13663865,-20.13625815,0],[-44.13663392,-20.13625442,0],[-44.13663363,-20.13625419,0],[-44.13662985,-20.13625122,0],[-44.13662758,-20.13624945,0],[-44.13662534,-20.13624792,0],[-44.13662457,-20.13624723,0],[-44.13662105,-20.13624442,0],[-44.13662023,-20.13624381,0],[-44.13661797,-20.1362421,0],[-44.13661753,-20.13624177,0],[-44.1366173,-20.13624158,0],[-44.1366164,-20.13624085,0],[-44.13661514,-20.13624108,0],[-44.13661462,-20.13624118,0],[-44.13661407,-20.1362413,0],[-44.1366113,-20.13624226,0],[-44.13660905,-20.13624291,0],[-44.13660417,-20.13624476,0],[-44.13660276,-20.13624533,0],[-44.13660138,-20.1362459,0],[-44.1365998,-20.13624662,0],[-44.1365987,-20.13624714,0],[-44.13659765,-20.13624769,0],[-44.13659716,-20.13624795,0],[-44.13659421,-20.13624955,0],[-44.13658659,-20.13625369,0],[-44.13658605,-20.13625399,0],[-44.13658485,-20.13625467,0],[-44.1365846,-20.13625481,0],[-44.13658363,-20.13625534,0],[-44.13658003,-20.13625714,0],[-44.13657939,-20.13625746,0],[-44.13657915,-20.13625758,0],[-44.13657594,-20.13625919,0],[-44.13656612,-20.13626411,0],[-44.13656468,-20.13626482,0],[-44.1365626,-20.13626569,0],[-44.13656257,-20.1362657,0],[-44.13655689,-20.13626807,0],[-44.13655665,-20.13626817,0],[-44.13654911,-20.13627133,0],[-44.13654874,-20.13627154,0],[-44.13654646,-20.13627279,0],[-44.13654546,-20.13627334,0],[-44.13653805,-20.13627679,0],[-44.13653762,-20.13627698,0],[-44.13653231,-20.13628164,0],[-44.13653043,-20.13628288,0],[-44.1365297,-20.13628336,0],[-44.13652907,-20.13628399,0],[-44.13652893,-20.13628413,0],[-44.1365239,-20.13628917,0],[-44.13652302,-20.13629006,0],[-44.13652197,-20.13629104,0],[-44.13651682,-20.13629558,0],[-44.13651594,-20.13629635,0],[-44.1365119,-20.13629918,0],[-44.13650928,-20.13630017,0],[-44.13650873,-20.13630038,0],[-44.13650736,-20.1363009,0],[-44.13649832,-20.13630433,0],[-44.13649794,-20.13630448,0],[-44.13649603,-20.1363052,0],[-44.13648836,-20.13630811,0],[-44.13648815,-20.13630817,0],[-44.13648804,-20.1363082,0],[-44.13648622,-20.13630866,0],[-44.13648574,-20.13630878,0],[-44.13647256,-20.13631214,0],[-44.13646822,-20.13631325,0],[-44.13646555,-20.13631398,0],[-44.13646299,-20.13631464,0],[-44.13645852,-20.13631579,0],[-44.13645554,-20.13631655,0],[-44.1364555,-20.13631656,0],[-44.13645346,-20.13631709,0],[-44.13645213,-20.13631743,0],[-44.13645005,-20.13631825,0],[-44.13644974,-20.13631838,0],[-44.13644878,-20.13631876,0],[-44.1364468,-20.13632045,0],[-44.13644662,-20.13632061,0],[-44.13644591,-20.13632093,0],[-44.13644443,-20.13632158,0],[-44.13644407,-20.13632211,0],[-44.1364424,-20.13632459,0],[-44.13644203,-20.13632494,0],[-44.13644143,-20.13632551,0],[-44.13643808,-20.13632932,0],[-44.13643663,-20.13633096,0],[-44.1364362,-20.13633166,0],[-44.13643593,-20.13633209,0],[-44.13643414,-20.1363336,0],[-44.13643119,-20.13633609,0],[-44.13642759,-20.13633913,0],[-44.13642617,-20.13634033,0],[-44.13642709,-20.13633883,0],[-44.13642712,-20.13633878,0],[-44.13643285,-20.13632943,0],[-44.13643809,-20.13632253,0],[-44.13644114,-20.13631918,0],[-44.13644303,-20.1363163,0],[-44.13644443,-20.13631219,0],[-44.1364445,-20.13631181,0],[-44.1364451,-20.13630887,0],[-44.13644533,-20.1363077,0],[-44.13644623,-20.13630325,0],[-44.1364478,-20.1362955,0],[-44.13644967,-20.13628444,0],[-44.13644984,-20.13628344,0],[-44.13645147,-20.13627122,0],[-44.13645153,-20.13627031,0],[-44.13645226,-20.13626016,0],[-44.13645222,-20.13625715,0],[-44.13645212,-20.13624951,0],[-44.13645103,-20.136238,0],[-44.13645068,-20.13623564,0],[-44.13644877,-20.13623643,0],[-44.13644524,-20.13623788,0],[-44.13644193,-20.13623927,0],[-44.13643558,-20.13624195,0],[-44.13643465,-20.13624234,0],[-44.13642487,-20.13624646,0],[-44.1364239,-20.13624687,0],[-44.13642334,-20.1362471,0],[-44.13642133,-20.1362479,0],[-44.13641843,-20.13624904,0],[-44.13641657,-20.13624977,0],[-44.13641449,-20.1362506,0],[-44.13641263,-20.13625133,0],[-44.13640331,-20.13625496,0],[-44.13639907,-20.13625661,0],[-44.13639861,-20.13625678,0],[-44.13639729,-20.13625731,0],[-44.13639689,-20.13625747,0],[-44.13639503,-20.1362586,0],[-44.13639481,-20.13625873,0],[-44.13638595,-20.1362641,0],[-44.13638554,-20.13626435,0],[-44.13638327,-20.13626572,0],[-44.1363778,-20.13626914,0],[-44.13637639,-20.13627002,0],[-44.1363722,-20.13627275,0],[-44.13636892,-20.13627458,0],[-44.13636426,-20.13627719,0],[-44.13636303,-20.13627788,0],[-44.13636172,-20.13627861,0],[-44.13636073,-20.13627936,0],[-44.13635654,-20.13628256,0],[-44.13635449,-20.13628422,0],[-44.13635304,-20.13628531,0],[-44.13635275,-20.13628553,0],[-44.13634874,-20.13628855,0],[-44.13634718,-20.13628973,0],[-44.13634574,-20.13629077,0],[-44.13634488,-20.13629139,0],[-44.13634276,-20.13629277,0],[-44.13634035,-20.13629407,0],[-44.13633691,-20.13629592,0],[-44.13633578,-20.13629646,0],[-44.13633423,-20.13629719,0],[-44.13633402,-20.13629729,0],[-44.13632841,-20.13629989,0],[-44.13632587,-20.13630106,0],[-44.13632483,-20.13630147,0],[-44.13631967,-20.13630351,0],[-44.13631876,-20.13630387,0],[-44.13631786,-20.13630423,0],[-44.13631712,-20.1363045,0],[-44.1363144,-20.13630538,0],[-44.13630827,-20.13630717,0],[-44.13630721,-20.13630747,0],[-44.13630631,-20.13630774,0],[-44.13630619,-20.13630776,0],[-44.13629857,-20.13630954,0],[-44.13629849,-20.13630956,0],[-44.13629589,-20.13631018,0],[-44.13629455,-20.1363105,0],[-44.13629371,-20.13631066,0],[-44.13628992,-20.13631136,0],[-44.13628788,-20.13631174,0],[-44.13628762,-20.13631179,0],[-44.13628639,-20.13631201,0],[-44.13628374,-20.13631244,0],[-44.13627932,-20.13631316,0],[-44.13627772,-20.13631342,0],[-44.1362749,-20.13631369,0],[-44.13627123,-20.13631404,0],[-44.13626826,-20.13631433,0],[-44.1362602,-20.13631511,0],[-44.13625035,-20.13631606,0],[-44.13624938,-20.13631615,0],[-44.13624769,-20.13631635,0],[-44.13624693,-20.13631644,0],[-44.13624297,-20.1363169,0],[-44.13624145,-20.13631701,0],[-44.1362393,-20.13631717,0],[-44.13623106,-20.13631778,0],[-44.13622926,-20.13631792,0],[-44.13622151,-20.13631852,0],[-44.13621804,-20.13631879,0],[-44.13621301,-20.13631918,0],[-44.13620997,-20.13631941,0],[-44.13620833,-20.13631962,0],[-44.13620827,-20.13631963,0],[-44.13620121,-20.13632053,0],[-44.13619806,-20.13632093,0],[-44.13619754,-20.136321,0],[-44.13618773,-20.13632225,0],[-44.13618522,-20.13632257,0],[-44.13617697,-20.1363236,0],[-44.13617304,-20.13632409,0],[-44.1361699,-20.13632438,0],[-44.13616844,-20.13632452,0],[-44.13616661,-20.13632468,0],[-44.13616404,-20.13632492,0],[-44.13616377,-20.13632495,0],[-44.1361632,-20.13632502,0],[-44.13615611,-20.13632581,0],[-44.13614627,-20.13632692,0],[-44.13614359,-20.13632723,0],[-44.13613905,-20.13632773,0],[-44.1361377,-20.1363279,0],[-44.13613565,-20.1363283,0],[-44.13613516,-20.13632841,0],[-44.13613152,-20.13632923,0],[-44.13612985,-20.13632961,0],[-44.13612859,-20.13632989,0],[-44.13612649,-20.13633036,0],[-44.13612638,-20.13633038,0],[-44.13611653,-20.13633259,0],[-44.13610703,-20.13633472,0],[-44.13609818,-20.13633671,0],[-44.13609707,-20.13633696,0],[-44.13609518,-20.13633738,0],[-44.13609481,-20.13633746,0],[-44.13608995,-20.13633855,0],[-44.13608946,-20.13632906,0],[-44.13608944,-20.13632861,0],[-44.1360891,-20.1363181,0],[-44.13608883,-20.13630838,0],[-44.13608828,-20.13629472,0],[-44.13608804,-20.13628728,0],[-44.13608066,-20.13628853,0],[-44.13607083,-20.13629019,0],[-44.13606797,-20.13629067,0],[-44.13606499,-20.13629117,0],[-44.13606312,-20.13629149,0],[-44.13605202,-20.13629299,0],[-44.13605188,-20.136293,0],[-44.13604837,-20.13629348,0],[-44.13604317,-20.13629443,0],[-44.1360416,-20.13629472,0],[-44.13603264,-20.13629636,0],[-44.1360325,-20.13629639,0],[-44.13603195,-20.13629649,0],[-44.1360307,-20.13629672,0],[-44.13602829,-20.13629715,0],[-44.13602756,-20.13629727,0],[-44.13602163,-20.13629832,0],[-44.1360154,-20.13629942,0],[-44.13601197,-20.13630002,0],[-44.13600623,-20.13630104,0],[-44.13600155,-20.13630178,0],[-44.13600143,-20.1363018,0],[-44.13599849,-20.13630227,0],[-44.13599385,-20.136303,0],[-44.13599181,-20.13630333,0],[-44.13599026,-20.13630357,0],[-44.13598135,-20.13630499,0],[-44.13597164,-20.13630653,0],[-44.13596676,-20.1363073,0],[-44.13596628,-20.13630738,0],[-44.13596547,-20.13630752,0],[-44.1359642,-20.13630774,0],[-44.1359619,-20.13630813,0],[-44.13596124,-20.13630824,0],[-44.13595282,-20.13630966,0],[-44.13595156,-20.13630987,0],[-44.13594521,-20.13631095,0],[-44.13594118,-20.13631163,0],[-44.1359315,-20.13631326,0],[-44.13593001,-20.13631351,0],[-44.13592726,-20.13631398,0],[-44.13592528,-20.13631431,0],[-44.13592105,-20.13631497,0],[-44.13591875,-20.13631533,0],[-44.13591545,-20.13631585,0],[-44.13591135,-20.13631649,0],[-44.13590881,-20.13631689,0],[-44.13590125,-20.13631844,0],[-44.1358959,-20.13631955,0],[-44.13589511,-20.13631971,0],[-44.13589167,-20.13632042,0],[-44.13589145,-20.13632047,0],[-44.1358871,-20.13632132,0],[-44.13588249,-20.13632223,0],[-44.1358815,-20.13632242,0],[-44.13587979,-20.13632273,0],[-44.13587864,-20.13632295,0],[-44.13587774,-20.13632311,0],[-44.13587759,-20.13632314,0],[-44.1358717,-20.13632407,0],[-44.13586853,-20.13632458,0],[-44.13586144,-20.13632589,0],[-44.13585783,-20.13632656,0],[-44.13585181,-20.13632767,0],[-44.13584877,-20.13632823,0],[-44.13584159,-20.1363296,0],[-44.13584155,-20.1363296,0],[-44.13584032,-20.13632984,0],[-44.13584023,-20.13632985,0],[-44.13583782,-20.1363305,0],[-44.13583278,-20.13633185,0],[-44.13583248,-20.13633194,0],[-44.13582814,-20.1363331,0],[-44.13582281,-20.13633453,0],[-44.13581347,-20.13633703,0],[-44.135812,-20.13633743,0],[-44.13580617,-20.13633901,0],[-44.13580383,-20.13633964,0],[-44.13580042,-20.13634057,0],[-44.13579449,-20.13634221,0],[-44.13579333,-20.13634253,0],[-44.13579142,-20.13634303,0],[-44.13578893,-20.13634364,0],[-44.13578811,-20.13634385,0],[-44.13578747,-20.13634404,0],[-44.13578602,-20.13634443,0],[-44.1357848,-20.13634475,0],[-44.13578477,-20.13634476,0],[-44.13578142,-20.13634591,0],[-44.13577601,-20.13634775,0],[-44.13577596,-20.13634777,0],[-44.13577136,-20.13634934,0],[-44.13576673,-20.13635092,0],[-44.13576532,-20.1363514,0],[-44.13576503,-20.13635149,0],[-44.13576498,-20.1363515,0],[-44.13576219,-20.13635248,0],[-44.13575772,-20.13635405,0],[-44.13575547,-20.13635483,0],[-44.13575496,-20.13635503,0],[-44.13575029,-20.13635678,0],[-44.13574856,-20.13635732,0],[-44.13573994,-20.13635999,0],[-44.13573938,-20.13636016,0],[-44.13573733,-20.13636094,0],[-44.13573108,-20.13636345,0],[-44.13572814,-20.13636439,0],[-44.13572173,-20.13636645,0],[-44.13572142,-20.13636655,0],[-44.13572103,-20.1363667,0],[-44.13571946,-20.13636731,0],[-44.13571714,-20.13636808,0],[-44.13571468,-20.13636901,0],[-44.13571194,-20.13637004,0],[-44.13571176,-20.13637011,0],[-44.13571106,-20.13637038,0],[-44.13571098,-20.13637042,0],[-44.13571091,-20.13637046,0],[-44.13570947,-20.13637109,0],[-44.13570577,-20.13637272,0],[-44.1357014,-20.13637465,0],[-44.13570084,-20.13637494,0],[-44.13570066,-20.13637503,0],[-44.13570061,-20.13637506,0],[-44.13570037,-20.13637517,0],[-44.13569969,-20.13637551,0],[-44.13569763,-20.13637651,0],[-44.13569679,-20.13637696,0],[-44.13569319,-20.13637888,0],[-44.13568977,-20.13638069,0],[-44.13568894,-20.13638115,0],[-44.13568678,-20.13638222,0],[-44.13568632,-20.13638244,0],[-44.13568613,-20.13638251,0],[-44.13568446,-20.13638323,0],[-44.1356837,-20.13638355,0],[-44.13568291,-20.13638387,0],[-44.1356816,-20.13638457,0],[-44.13568095,-20.13638492,0],[-44.13567881,-20.13638611,0],[-44.13567418,-20.13638886,0],[-44.13567361,-20.1363892,0],[-44.13567222,-20.13639003,0],[-44.13566789,-20.13639262,0],[-44.13566374,-20.13639479,0],[-44.13566329,-20.13639503,0],[-44.13566305,-20.13639517,0],[-44.13566264,-20.13639542,0],[-44.1356606,-20.13639667,0],[-44.13565937,-20.13639746,0],[-44.13565878,-20.13639786,0],[-44.13565739,-20.1363988,0],[-44.13565723,-20.13639889,0],[-44.1356545,-20.13640058,0],[-44.13565149,-20.1364022,0],[-44.13564658,-20.13640486,0],[-44.13564451,-20.13640598,0],[-44.135643,-20.13640683,0],[-44.13564233,-20.13640723,0],[-44.13564205,-20.1364074,0],[-44.13563861,-20.13640946,0],[-44.13563471,-20.13641193,0],[-44.13563267,-20.13641328,0],[-44.13563111,-20.13641447,0],[-44.13562982,-20.13641546,0],[-44.13562677,-20.13641779,0],[-44.13562534,-20.13641896,0],[-44.13562508,-20.13641918,0],[-44.13562382,-20.13642024,0],[-44.1356233,-20.13642068,0],[-44.13562156,-20.13642204,0],[-44.13561981,-20.13642354,0],[-44.13561296,-20.13642943,0],[-44.13561283,-20.13642956,0],[-44.13561118,-20.13643108,0],[-44.1356108,-20.13643142,0],[-44.13561066,-20.13643155,0],[-44.13560928,-20.1364329,0],[-44.13560628,-20.13643583,0],[-44.13560535,-20.13643674,0],[-44.13560349,-20.13643856,0],[-44.13560185,-20.13644042,0],[-44.13559649,-20.13644592,0],[-44.13559615,-20.13644628,0],[-44.13559533,-20.13644721,0],[-44.1355941,-20.13644859,0],[-44.13559233,-20.13645116,0],[-44.13559106,-20.13645317,0],[-44.1355901,-20.13645468,0],[-44.13558506,-20.13646091,0],[-44.13558398,-20.13646224,0],[-44.13558349,-20.13646286,0],[-44.13558297,-20.13646357,0],[-44.13558268,-20.13646414,0],[-44.13558221,-20.13646505,0],[-44.13558039,-20.1364686,0],[-44.1355785,-20.13647139,0],[-44.13557773,-20.13647254,0],[-44.13557505,-20.13647651,0],[-44.13557417,-20.13647822,0],[-44.13557314,-20.13648026,0],[-44.13557279,-20.13648095,0],[-44.1355725,-20.13648158,0],[-44.13557178,-20.13648293,0],[-44.13557092,-20.13648454,0],[-44.13556967,-20.13648687,0],[-44.13556742,-20.13649087,0],[-44.1355663,-20.13649275,0],[-44.13556539,-20.13649427,0],[-44.13556431,-20.1364961,0],[-44.13556337,-20.13649774,0],[-44.13556284,-20.1364986,0],[-44.1355625,-20.13649916,0],[-44.13556152,-20.13650089,0],[-44.13555907,-20.13650473,0],[-44.13555905,-20.13650475,0],[-44.13555901,-20.13650481,0],[-44.13555898,-20.13650489,0],[-44.13555887,-20.13650503,0],[-44.13555832,-20.13650579,0],[-44.13555358,-20.13651219,0],[-44.13555296,-20.13651303,0],[-44.13555255,-20.1365136,0],[-44.13555121,-20.13651549,0],[-44.13555111,-20.13651568,0],[-44.13555104,-20.13651586,0],[-44.13555098,-20.13651605,0],[-44.13555094,-20.13651617,0],[-44.13555084,-20.13651658,0],[-44.13555067,-20.13651723,0],[-44.13554686,-20.13652364,0],[-44.13554681,-20.13652373,0],[-44.13554643,-20.13652437,0],[-44.13554293,-20.1365307,0],[-44.13554238,-20.13653178,0],[-44.13554221,-20.13653212,0],[-44.13554109,-20.13653434,0],[-44.13554104,-20.13653445,0],[-44.13554026,-20.13653609,0],[-44.13554045,-20.13654105,0],[-44.13553956,-20.13654354,0],[-44.13553935,-20.13654413,0],[-44.13553946,-20.13654638,0],[-44.13553973,-20.13655198,0],[-44.13553999,-20.13655535,0],[-44.13554,-20.13655551,0],[-44.13553976,-20.13655628,0],[-44.13553959,-20.13655683,0],[-44.13553922,-20.13655803,0],[-44.13553895,-20.13655889,0],[-44.13553846,-20.13656021,0],[-44.13553828,-20.13656069,0],[-44.13553529,-20.13656841,0],[-44.13553403,-20.13657165,0],[-44.13553351,-20.13657319,0],[-44.13553318,-20.13657401,0],[-44.1355329,-20.1365747,0],[-44.13553193,-20.13657711,0],[-44.13553184,-20.13657734,0],[-44.13553,-20.13658198,0],[-44.13552838,-20.13658889,0],[-44.13552832,-20.13658914,0],[-44.13552831,-20.13658919,0],[-44.135528,-20.13659096,0],[-44.13552699,-20.13659859,0],[-44.1355265,-20.13660224,0],[-44.13552591,-20.13660416,0],[-44.13552579,-20.13660455,0],[-44.13552584,-20.13660834,0],[-44.13552583,-20.13660844,0],[-44.13552529,-20.13661136,0],[-44.13552525,-20.13661164,0],[-44.13552459,-20.13661615,0],[-44.1355239,-20.13662089,0],[-44.13552348,-20.13662383,0],[-44.13552272,-20.13662931,0],[-44.13552235,-20.13663198,0],[-44.13552222,-20.13663316,0],[-44.13552187,-20.13663643,0],[-44.13552159,-20.13663869,0],[-44.1355213,-20.13664098,0],[-44.13552102,-20.13664269,0],[-44.13552093,-20.13664331,0],[-44.13552087,-20.13664373,0],[-44.13552044,-20.13664584,0],[-44.1355204,-20.13664596,0],[-44.13551995,-20.13664773,0],[-44.13551984,-20.13664809,0],[-44.13551939,-20.13664962,0],[-44.13551894,-20.13665184,0],[-44.13551849,-20.13665449,0],[-44.13551778,-20.1366587,0],[-44.13551749,-20.13666098,0],[-44.13551738,-20.13666191,0],[-44.13551756,-20.13666246,0],[-44.13551794,-20.13666356,0],[-44.13551965,-20.13666848,0],[-44.13552154,-20.13667391,0],[-44.13552166,-20.13667425,0],[-44.13552168,-20.13667426,0],[-44.13552359,-20.13667943,0],[-44.13552469,-20.13668273,0],[-44.1355248,-20.13668304,0],[-44.13552599,-20.13668386,0],[-44.13552735,-20.1366847,0],[-44.13552786,-20.13668501,0],[-44.13552831,-20.13668528,0],[-44.13552976,-20.13668609,0],[-44.13553366,-20.13668826,0],[-44.13553731,-20.13669053,0],[-44.13553735,-20.13669057,0],[-44.1355442,-20.13669504,0],[-44.1355443,-20.13669511,0],[-44.13554474,-20.13669538,0],[-44.1355497,-20.13669842,0],[-44.13555072,-20.13669989,0],[-44.13555645,-20.13670822,0],[-44.13555698,-20.13670948,0],[-44.13555709,-20.13670976,0],[-44.13555926,-20.13671491,0],[-44.13555954,-20.13671594,0],[-44.13556375,-20.13673155,0],[-44.13556409,-20.13673279,0],[-44.13556431,-20.1367336,0],[-44.13556451,-20.13673438,0],[-44.13556455,-20.13673451,0],[-44.13556471,-20.13673509,0],[-44.13556474,-20.13673519,0],[-44.13556556,-20.13673826,0],[-44.1355657,-20.13673875,0],[-44.13556587,-20.13673939,0],[-44.13556589,-20.13673947,0],[-44.13556591,-20.13673953,0],[-44.13556592,-20.13673958,0],[-44.13556593,-20.13673963,0],[-44.13556594,-20.13673967,0],[-44.13556594,-20.13673971,0],[-44.13556594,-20.13673976,0],[-44.13556595,-20.13673979,0],[-44.13556599,-20.13673994,0],[-44.1355661,-20.13673989,0],[-44.13557072,-20.13673816,0],[-44.13557345,-20.13673739,0],[-44.13557394,-20.13673729,0],[-44.13557503,-20.13673707,0],[-44.13557624,-20.13673668,0],[-44.13557789,-20.13673577,0],[-44.13558553,-20.13673085,0],[-44.13558831,-20.13672913,0],[-44.13559696,-20.13672376,0],[-44.13560176,-20.13672113,0],[-44.13561102,-20.13671674,0],[-44.13561298,-20.1367156,0],[-44.13561318,-20.13671549,0],[-44.13561462,-20.1367144,0],[-44.13561549,-20.13671374,0],[-44.13561828,-20.13671117,0],[-44.13562041,-20.13670888,0],[-44.13562152,-20.13670769,0],[-44.13562184,-20.13670729,0],[-44.13562513,-20.13670324,0],[-44.13563187,-20.13669426,0],[-44.13563194,-20.13669416,0],[-44.13563268,-20.13669318,0],[-44.13563318,-20.1366929,0],[-44.13563388,-20.13669272,0],[-44.13564129,-20.13669112,0],[-44.13564414,-20.13669134,0],[-44.13564584,-20.13669073,0],[-44.13564801,-20.13669077,0],[-44.1356484,-20.13669085,0],[-44.13564912,-20.136691,0],[-44.13565014,-20.13669316,0],[-44.13565039,-20.13669368,0],[-44.13565072,-20.13669444,0],[-44.13565126,-20.13669568,0],[-44.13565157,-20.13669639,0],[-44.13565189,-20.13669711,0],[-44.1356521,-20.13669756,0],[-44.13565353,-20.13670196,0],[-44.1356549,-20.13670577,0],[-44.13565656,-20.13671037,0],[-44.13565666,-20.13671272,0],[-44.13565667,-20.13671303,0],[-44.13565685,-20.13671744,0],[-44.13565686,-20.13671771,0],[-44.13565692,-20.13671884,0],[-44.13565701,-20.13672033,0],[-44.1356571,-20.13672177,0],[-44.13565722,-20.13672318,0],[-44.1356573,-20.13672401,0],[-44.13565771,-20.13672886,0],[-44.1356578,-20.13672979,0],[-44.13565804,-20.13673224,0],[-44.13565857,-20.13673701,0],[-44.13565905,-20.13674126,0],[-44.13565949,-20.13674523,0],[-44.13566031,-20.1367472,0],[-44.13566131,-20.1367496,0],[-44.13566246,-20.13675237,0],[-44.13566343,-20.13675471,0],[-44.13566363,-20.1367552,0],[-44.13566459,-20.13675655,0],[-44.13566808,-20.13676148,0],[-44.13566879,-20.13676249,0],[-44.13567271,-20.13676657,0],[-44.13567585,-20.13676983,0],[-44.13567592,-20.13676991,0],[-44.13568279,-20.13677701,0],[-44.13568542,-20.13677962,0],[-44.1356895,-20.13678369,0],[-44.13569078,-20.13678493,0],[-44.13569127,-20.1367854,0],[-44.13569214,-20.13678618,0],[-44.13569498,-20.13678882,0],[-44.13569949,-20.13679304,0],[-44.13570231,-20.13679565,0],[-44.13570276,-20.13679608,0],[-44.13570851,-20.13680181,0],[-44.13570936,-20.13680266,0],[-44.13571391,-20.13680719,0],[-44.13571405,-20.13680737,0],[-44.13571412,-20.13680743,0],[-44.13571673,-20.13680949,0],[-44.13571769,-20.13681025,0],[-44.13571794,-20.13681061,0],[-44.13571964,-20.13681301,0],[-44.13571999,-20.13681342,0],[-44.1357205,-20.136814,0],[-44.13572143,-20.13681506,0],[-44.13572151,-20.13681515,0],[-44.13572237,-20.13681685,0],[-44.13572252,-20.13681713,0],[-44.13572327,-20.13681861,0],[-44.13572348,-20.13681903,0],[-44.13572452,-20.13682107,0],[-44.1357255,-20.1368233,0],[-44.13572585,-20.13682465,0],[-44.13572591,-20.13682555,0],[-44.13572588,-20.13682677,0],[-44.13572575,-20.13682888,0],[-44.13572575,-20.13682933,0],[-44.13572576,-20.13682949,0],[-44.13572578,-20.13682953,0],[-44.13572581,-20.13682949,0],[-44.13572585,-20.13682943,0],[-44.13572747,-20.13682812,0],[-44.13572901,-20.13682651,0],[-44.13572957,-20.13682706,0],[-44.13573113,-20.13682428,0],[-44.13573181,-20.13682396,0],[-44.13573242,-20.13682334,0],[-44.13573288,-20.13682039,0],[-44.13573328,-20.13681965,0],[-44.13573333,-20.13681957,0],[-44.13573335,-20.13681946,0],[-44.13573338,-20.13681931,0],[-44.13573348,-20.1368188,0],[-44.13573358,-20.13681794,0],[-44.13573358,-20.13681788,0],[-44.13573361,-20.13681764,0],[-44.13573361,-20.1368176,0],[-44.13573352,-20.13681616,0],[-44.13573335,-20.13681311,0],[-44.13573392,-20.13681068,0],[-44.13573522,-20.1368067,0],[-44.13573568,-20.13680444,0],[-44.13573667,-20.13680207,0],[-44.13573765,-20.13679971,0],[-44.13573878,-20.13679715,0],[-44.1357412,-20.1367938,0],[-44.13574332,-20.13679013,0],[-44.13574513,-20.13678804,0],[-44.13574516,-20.13678802,0],[-44.13574656,-20.13678684,0],[-44.13575007,-20.13678391,0],[-44.13575066,-20.13678345,0],[-44.13575246,-20.13678228,0],[-44.1357578,-20.13677757,0],[-44.13577046,-20.13676657,0],[-44.1357739,-20.1367633,0],[-44.13577785,-20.13675954,0],[-44.13577972,-20.13675776,0],[-44.13578447,-20.1367536,0],[-44.13578788,-20.13675094,0],[-44.13578937,-20.13674979,0],[-44.1357942,-20.1367467,0],[-44.13579598,-20.13674588,0],[-44.13579881,-20.13674458,0],[-44.13580331,-20.13674313,0],[-44.13580357,-20.13674307,0],[-44.1358204,-20.13673863,0],[-44.13582051,-20.1367386,0],[-44.13582065,-20.13673863,0],[-44.13582304,-20.13673923,0],[-44.13582496,-20.13673988,0],[-44.13582893,-20.13674085,0],[-44.13583135,-20.13674143,0],[-44.13583139,-20.13674144,0],[-44.1358335,-20.13674209,0],[-44.13583428,-20.13674226,0],[-44.13583458,-20.13674232,0],[-44.13583565,-20.13674269,0],[-44.13583748,-20.13674313,0],[-44.13583874,-20.13674343,0],[-44.13584598,-20.13674557,0],[-44.13584723,-20.1367459,0],[-44.13584861,-20.13674633,0],[-44.1358483,-20.13674825,0],[-44.13584812,-20.13674922,0],[-44.135848,-20.13675026,0],[-44.13584776,-20.13675094,0],[-44.13584758,-20.13675152,0],[-44.1358475,-20.13675176,0],[-44.13584575,-20.13676096,0],[-44.13584573,-20.13676114,0],[-44.13584505,-20.13676682,0],[-44.13584397,-20.13677094,0],[-44.13584363,-20.13677242,0],[-44.13584352,-20.13677291,0],[-44.13584315,-20.13677497,0],[-44.13584244,-20.13678305,0],[-44.13584242,-20.13678332,0],[-44.1358424,-20.1367836,0],[-44.13584224,-20.13678661,0],[-44.13584091,-20.13679419,0],[-44.13583984,-20.13680026,0],[-44.13583983,-20.1368004,0],[-44.1358397,-20.1368019,0],[-44.13583889,-20.13680605,0],[-44.13583762,-20.13681257,0],[-44.13583757,-20.13681284,0],[-44.13584907,-20.13681242,0],[-44.13585104,-20.13681243,0],[-44.13585277,-20.13681236,0],[-44.1358634,-20.13681199,0],[-44.13586552,-20.13681191,0],[-44.13586799,-20.13681182,0],[-44.13587693,-20.13681151,0],[-44.13587953,-20.13681142,0],[-44.13588136,-20.1368113,0],[-44.13588324,-20.13681119,0],[-44.13588509,-20.13681114,0],[-44.13588593,-20.13681109,0],[-44.13588948,-20.13681102,0],[-44.1358954,-20.1368109,0],[-44.13589841,-20.1368108,0],[-44.13589943,-20.13681073,0],[-44.13590257,-20.13681051,0],[-44.13590403,-20.13681041,0],[-44.13590747,-20.13681048,0],[-44.13590866,-20.13681044,0],[-44.135909,-20.13681045,0],[-44.13590964,-20.13681046,0],[-44.13590991,-20.13681047,0],[-44.13591018,-20.13681052,0],[-44.13591059,-20.13681058,0],[-44.13591086,-20.13681063,0],[-44.13591131,-20.13681074,0],[-44.13591252,-20.13681097,0],[-44.13591272,-20.13681103,0],[-44.13591286,-20.13681106,0],[-44.13591309,-20.13681107,0],[-44.13591336,-20.13681107,0],[-44.13591329,-20.13681126,0],[-44.13591324,-20.13681143,0],[-44.13591316,-20.13681167,0],[-44.13591315,-20.13681171,0],[-44.1359126,-20.13681336,0],[-44.13591208,-20.13681493,0],[-44.13591201,-20.13681513,0],[-44.13591139,-20.13681701,0],[-44.13591003,-20.13682113,0],[-44.13590998,-20.13682126,0],[-44.13590964,-20.1368223,0],[-44.13590857,-20.13682553,0],[-44.13590854,-20.13682563,0],[-44.13590808,-20.13682702,0],[-44.13590582,-20.13683383,0],[-44.13590568,-20.13683426,0],[-44.13590527,-20.1368355,0],[-44.13590459,-20.13683756,0],[-44.13590387,-20.13683976,0],[-44.13590284,-20.13684288,0],[-44.13590272,-20.13684325,0],[-44.13589999,-20.13685151,0],[-44.13589809,-20.13685726,0],[-44.1358974,-20.13685934,0],[-44.13589726,-20.13685975,0],[-44.13589714,-20.13686013,0],[-44.13589544,-20.13686529,0],[-44.13589528,-20.1368658,0],[-44.13589512,-20.13686628,0],[-44.13589431,-20.13686876,0],[-44.1358933,-20.13687184,0],[-44.13589231,-20.13687488,0],[-44.13589176,-20.13687656,0],[-44.13589148,-20.1368774,0],[-44.13588921,-20.13688418,0],[-44.1358886,-20.13688602,0],[-44.13588763,-20.13688893,0],[-44.1358857,-20.13689464,0],[-44.13588521,-20.13689608,0],[-44.13588341,-20.13690142,0],[-44.13588317,-20.13690211,0],[-44.13588279,-20.13690325,0],[-44.13588077,-20.13690921,0],[-44.13587991,-20.13691179,0],[-44.13587989,-20.13691185,0],[-44.13587982,-20.13691206,0],[-44.13587897,-20.13691456,0],[-44.13587799,-20.13691753,0],[-44.13587716,-20.13692002,0],[-44.13587701,-20.13692046,0],[-44.13587615,-20.13692306,0],[-44.13587514,-20.1369261,0],[-44.13587514,-20.13692636,0],[-44.13587516,-20.13692713,0],[-44.13587519,-20.13692837,0],[-44.13587524,-20.13693075,0],[-44.13587533,-20.13693255,0],[-44.13587536,-20.13693302,0],[-44.13587564,-20.13693825,0],[-44.13587593,-20.13694381,0],[-44.13587639,-20.13694728,0],[-44.13587748,-20.13695543,0],[-44.13587778,-20.13695769,0],[-44.13587815,-20.13696052,0],[-44.13587832,-20.13696178,0],[-44.13588002,-20.13696387,0],[-44.13588034,-20.13696426,0],[-44.13588358,-20.13696824,0],[-44.1358861,-20.13697133,0],[-44.13588748,-20.13697387,0],[-44.13588809,-20.13697705,0],[-44.13588627,-20.1369805,0],[-44.1358855,-20.13698195,0],[-44.13588474,-20.13698221,0],[-44.13588215,-20.13698644,0],[-44.1358816,-20.13698691,0],[-44.13587929,-20.13698849,0],[-44.13587674,-20.13699023,0],[-44.13587313,-20.13699193,0],[-44.13587162,-20.13699258,0],[-44.13586657,-20.13699476,0],[-44.13586341,-20.13699802,0],[-44.13586109,-20.13700042,0],[-44.13585529,-20.13700367,0],[-44.13585506,-20.13700379,0],[-44.13584842,-20.13700932,0],[-44.13584387,-20.1370131,0],[-44.13584105,-20.13701523,0],[-44.1358339,-20.13702064,0],[-44.1358331,-20.13702124,0],[-44.13583027,-20.13702418,0],[-44.1358302,-20.13702427,0],[-44.13583018,-20.13702431,0],[-44.13583015,-20.13702434,0],[-44.13583012,-20.13702439,0],[-44.13582997,-20.1370246,0],[-44.13582987,-20.13702473,0],[-44.13582977,-20.13702488,0],[-44.13582964,-20.137025,0],[-44.13582947,-20.13702515,0],[-44.13582944,-20.13702517,0],[-44.1358293,-20.13702529,0],[-44.13582917,-20.13702541,0],[-44.135829,-20.13702556,0],[-44.1358272,-20.13702745,0],[-44.13582272,-20.13703214,0],[-44.13582055,-20.13703439,0],[-44.13581996,-20.137035,0],[-44.13581901,-20.13703588,0],[-44.1358187,-20.137036,0],[-44.13581607,-20.13703804,0],[-44.13581376,-20.13703985,0],[-44.13581329,-20.13704033,0],[-44.13581086,-20.1370428,0],[-44.13580865,-20.13704531,0],[-44.13580786,-20.13704651,0],[-44.13580752,-20.13704704,0],[-44.13580665,-20.13704883,0],[-44.1358049,-20.13705178,0],[-44.1358022,-20.13705551,0],[-44.13580133,-20.13705671,0],[-44.13579644,-20.13706307,0],[-44.13579635,-20.13706319,0],[-44.13579595,-20.13706354,0],[-44.13579043,-20.13707074,0],[-44.13579042,-20.13707077,0],[-44.1357848,-20.13707826,0],[-44.13578478,-20.13707828,0],[-44.13577969,-20.13708494,0],[-44.13577871,-20.13708604,0],[-44.13577618,-20.13708889,0],[-44.13577609,-20.137089,0],[-44.13577599,-20.13708916,0],[-44.13577589,-20.13708931,0],[-44.13577579,-20.13708945,0],[-44.13577569,-20.13708959,0],[-44.13577556,-20.13708974,0],[-44.13577539,-20.13708993,0],[-44.13577516,-20.13709017,0],[-44.13577492,-20.1370904,0],[-44.13577474,-20.13709057,0],[-44.1357746,-20.1370907,0],[-44.1357744,-20.13709085,0],[-44.13577399,-20.13709119,0],[-44.13577326,-20.13709177,0],[-44.13577266,-20.13709229,0],[-44.13577185,-20.13709299,0],[-44.13576476,-20.13709913,0],[-44.13576282,-20.1371008,0],[-44.13575743,-20.13710509,0],[-44.13575383,-20.13710795,0],[-44.13574993,-20.13711083,0],[-44.13574766,-20.13711252,0],[-44.13574382,-20.13711516,0],[-44.13574239,-20.13711618,0],[-44.1357412,-20.13711704,0],[-44.13573897,-20.13711895,0],[-44.13573665,-20.13712136,0],[-44.13573572,-20.1371224,0],[-44.13573425,-20.13712408,0],[-44.13573198,-20.13712676,0],[-44.13573009,-20.13712906,0],[-44.13572997,-20.13712921,0],[-44.13572861,-20.13713095,0],[-44.1357275,-20.13713254,0],[-44.13572669,-20.13713396,0],[-44.13572593,-20.1371356,0],[-44.13572493,-20.13713781,0],[-44.13572483,-20.13713803,0],[-44.13572282,-20.13714212,0],[-44.13572044,-20.13714659,0],[-44.13571941,-20.13714853,0],[-44.13571516,-20.13715573,0],[-44.13571444,-20.13715695,0],[-44.13571003,-20.13716334,0],[-44.13570904,-20.13716477,0],[-44.13570786,-20.13716686,0],[-44.13570661,-20.13716934,0],[-44.1357041,-20.13717228,0],[-44.1357013,-20.13717555,0],[-44.13570027,-20.13717741,0],[-44.1356981,-20.13717973,0],[-44.13569455,-20.13718353,0],[-44.13569369,-20.13718488,0],[-44.13569317,-20.13718562,0],[-44.13569283,-20.13718604,0],[-44.13569257,-20.13718636,0],[-44.13569208,-20.13718692,0],[-44.13569089,-20.13718827,0],[-44.13568562,-20.13719396,0],[-44.13568374,-20.13719599,0],[-44.13568103,-20.13719905,0],[-44.1356792,-20.13720105,0],[-44.13567376,-20.13720697,0],[-44.13567289,-20.13720794,0],[-44.1356676,-20.13721381,0],[-44.13566652,-20.13721507,0],[-44.13566285,-20.13721931,0],[-44.13566055,-20.1372221,0],[-44.13565928,-20.13722365,0],[-44.13565673,-20.13722691,0],[-44.13565497,-20.13722928,0],[-44.13565454,-20.13722977,0],[-44.13565077,-20.13723403,0],[-44.13564883,-20.13723655,0],[-44.13564845,-20.13723701,0],[-44.13564503,-20.13724108,0],[-44.13564214,-20.13724438,0],[-44.1356405,-20.13724626,0],[-44.13563598,-20.13725144,0],[-44.13563397,-20.13725375,0],[-44.13562962,-20.13725864,0],[-44.13562637,-20.13726231,0],[-44.13562346,-20.13726569,0],[-44.13562151,-20.13726794,0],[-44.13561707,-20.13727288,0],[-44.13561555,-20.13727457,0],[-44.13561445,-20.13727579,0],[-44.13561231,-20.13727831,0],[-44.13560852,-20.13728269,0],[-44.13560448,-20.13728709,0],[-44.13560417,-20.13728743,0],[-44.13560062,-20.13729116,0],[-44.13559827,-20.13729393,0],[-44.1355949,-20.1372979,0],[-44.13559222,-20.13730065,0],[-44.13559171,-20.13730115,0],[-44.13559005,-20.13730279,0],[-44.13558553,-20.13730807,0],[-44.13558327,-20.13731071,0],[-44.13558015,-20.13731378,0],[-44.13557885,-20.13731504,0],[-44.13557557,-20.13731824,0],[-44.13557261,-20.1373217,0],[-44.13556753,-20.13732762,0],[-44.13556619,-20.13732896,0],[-44.13556119,-20.13733397,0],[-44.13555979,-20.13733559,0],[-44.13555352,-20.13734292,0],[-44.135553,-20.13734352,0],[-44.13554704,-20.13734959,0],[-44.13554355,-20.13735368,0],[-44.13553951,-20.1373584,0],[-44.13553532,-20.13736272,0],[-44.13553096,-20.13736785,0],[-44.13552747,-20.13737195,0],[-44.1355253,-20.13737418,0],[-44.13551851,-20.13738219,0],[-44.1355161,-20.13738503,0],[-44.13551653,-20.13738526,0],[-44.13551695,-20.13738547,0],[-44.13551886,-20.13738646,0],[-44.1355196,-20.13738684,0],[-44.13551972,-20.1373869,0],[-44.13552858,-20.13739144,0],[-44.13553823,-20.1373964,0],[-44.13554695,-20.13740088,0],[-44.13555491,-20.13740496,0],[-44.13555661,-20.13740583,0],[-44.13556137,-20.13740828,0],[-44.13556533,-20.13741031,0],[-44.13557013,-20.13741277,0],[-44.13557056,-20.137413,0],[-44.13557497,-20.13741528,0],[-44.13557786,-20.13741677,0],[-44.13558099,-20.13741849,0],[-44.13558236,-20.13741968,0],[-44.13558328,-20.13742139,0],[-44.13558352,-20.13742197,0],[-44.13558361,-20.13742217,0],[-44.13558457,-20.1374245,0],[-44.13558484,-20.13742519,0],[-44.13558639,-20.13742922,0],[-44.13558716,-20.13743137,0],[-44.13558717,-20.13743139,0],[-44.13558865,-20.1374355,0],[-44.13558995,-20.13743938,0],[-44.13559017,-20.13744006,0],[-44.13559117,-20.13744306,0],[-44.13559414,-20.13744581,0],[-44.13559472,-20.13744783,0],[-44.13559589,-20.13745187,0],[-44.13559653,-20.13745407,0],[-44.13559759,-20.13745789,0],[-44.13559855,-20.13746138,0],[-44.13559903,-20.13746312,0],[-44.13560032,-20.13746788,0],[-44.13560119,-20.13747111,0],[-44.1356015,-20.13747224,0],[-44.13560179,-20.1374729,0],[-44.13560337,-20.13747651,0],[-44.13560365,-20.13747713,0],[-44.13560599,-20.13748672,0],[-44.13560601,-20.1374868,0],[-44.13560607,-20.13748707,0],[-44.13560845,-20.13749332,0],[-44.13560857,-20.13749362,0],[-44.13560894,-20.13749542,0],[-44.13561112,-20.13750602,0],[-44.13561131,-20.13750698,0],[-44.13561133,-20.13750707,0],[-44.13561148,-20.13750783,0],[-44.13561246,-20.13751276,0],[-44.13561297,-20.13751533,0],[-44.13561508,-20.13752601,0],[-44.13561602,-20.13753076,0],[-44.13561608,-20.13753106,0],[-44.13560233,-20.1375318,0],[-44.13559956,-20.13753184,0],[-44.13559083,-20.13753209,0],[-44.13558479,-20.13753203,0],[-44.1355837,-20.13753202,0],[-44.13558009,-20.13753198,0],[-44.1355777,-20.13753196,0],[-44.13556375,-20.13753168,0],[-44.13555995,-20.13753156,0],[-44.13555666,-20.13753141,0],[-44.13555624,-20.1375314,0],[-44.13554365,-20.13753118,0],[-44.13553887,-20.13754407,0],[-44.13553698,-20.13754917,0],[-44.13553676,-20.13754978,0],[-44.13554165,-20.13755112,0],[-44.13554401,-20.13755211,0],[-44.13554421,-20.13756805,0],[-44.13554423,-20.13757032,0],[-44.13554426,-20.137577,0],[-44.13554422,-20.13758107,0],[-44.13554421,-20.13758194,0],[-44.13554649,-20.13758243,0],[-44.13555231,-20.13758369,0],[-44.13555288,-20.13758381,0],[-44.13556005,-20.13758536,0],[-44.13556967,-20.13758744,0],[-44.13557622,-20.13758886,0],[-44.1355842,-20.13759058,0],[-44.13559273,-20.13759243,0],[-44.13559292,-20.13759247,0],[-44.13559396,-20.1375927,0],[-44.13559465,-20.13759206,0],[-44.13559903,-20.13758801,0],[-44.13560532,-20.1375822,0],[-44.13560558,-20.13758196,0],[-44.13560641,-20.13758263,0],[-44.13560912,-20.13758481,0],[-44.13561334,-20.1375882,0],[-44.13561665,-20.13759085,0],[-44.13562157,-20.13759478,0],[-44.13562224,-20.13759532,0],[-44.13562403,-20.13759675,0],[-44.13562443,-20.13759707,0],[-44.13563158,-20.1376028,0],[-44.13563301,-20.13760394,0],[-44.1356351,-20.13760561,0],[-44.13563896,-20.1376087,0],[-44.13564297,-20.13761192,0],[-44.1356465,-20.13761475,0],[-44.1356495,-20.13761715,0],[-44.13565012,-20.13761765,0],[-44.13565599,-20.13762236,0],[-44.13565616,-20.13762251,0],[-44.13565628,-20.13762267,0],[-44.1356563,-20.13762289,0],[-44.13565608,-20.13762324,0],[-44.13565603,-20.13762333,0],[-44.13565517,-20.13762427,0],[-44.13565352,-20.13762608,0],[-44.13565192,-20.13762925,0],[-44.13565204,-20.13763415,0],[-44.13565212,-20.1376342,0],[-44.13565371,-20.13763503,0],[-44.13565396,-20.13763516,0],[-44.13565425,-20.13763534,0],[-44.13565442,-20.13763543,0],[-44.13565467,-20.13763557,0],[-44.13565491,-20.13763572,0],[-44.13565602,-20.13763639,0],[-44.13565645,-20.13763664,0],[-44.13565674,-20.1376368,0],[-44.13565778,-20.13763743,0],[-44.13565826,-20.13763773,0],[-44.13565951,-20.13764023,0],[-44.13566103,-20.13764327,0],[-44.13566497,-20.13764541,0],[-44.13566577,-20.13764579,0],[-44.13566586,-20.13764584,0],[-44.13566909,-20.13764739,0],[-44.13567165,-20.13764862,0],[-44.13567177,-20.13764875,0],[-44.13567429,-20.13765153,0],[-44.13567618,-20.13765362,0],[-44.13567647,-20.13765378,0],[-44.13567736,-20.13765432,0],[-44.13567937,-20.13765561,0],[-44.13568014,-20.137656,0],[-44.13568176,-20.1376574,0],[-44.13568301,-20.13765848,0],[-44.13568486,-20.13766007,0],[-44.13568715,-20.13766091,0],[-44.13568912,-20.13766163,0],[-44.13569021,-20.13766209,0],[-44.13569056,-20.13766224,0],[-44.13569207,-20.1376628,0],[-44.13569245,-20.13766294,0],[-44.13569762,-20.13766694,0],[-44.13569902,-20.13766749,0],[-44.13570145,-20.13766845,0],[-44.13570223,-20.13766873,0],[-44.13570475,-20.13766975,0],[-44.1357076,-20.13767035,0],[-44.135708,-20.13767063,0],[-44.13570929,-20.13767153,0],[-44.13570985,-20.13767169,0],[-44.1357129,-20.13767228,0],[-44.13571656,-20.13767369,0],[-44.13571661,-20.13767373,0],[-44.13571948,-20.13767509,0],[-44.13572057,-20.1376756,0],[-44.13572269,-20.13767677,0],[-44.13572463,-20.13767877,0],[-44.13572736,-20.13768068,0],[-44.13572743,-20.13768072,0],[-44.1357292,-20.13768172,0],[-44.1357339,-20.1376847,0],[-44.13573572,-20.1376869,0],[-44.13573718,-20.13768866,0],[-44.13573773,-20.13768924,0],[-44.13573838,-20.13768976,0],[-44.13573997,-20.13769049,0],[-44.13574189,-20.13769112,0],[-44.13574885,-20.1376934,0],[-44.13575011,-20.13769362,0],[-44.13575146,-20.13769427,0],[-44.13575446,-20.13769495,0],[-44.13575785,-20.13769572,0],[-44.13575841,-20.13769615,0],[-44.13576125,-20.13769846,0],[-44.13576256,-20.13769933,0],[-44.13576313,-20.13770041,0],[-44.13576383,-20.13770142,0],[-44.13576528,-20.13770353,0],[-44.13576567,-20.13770452,0],[-44.13576677,-20.13770999,0],[-44.13576685,-20.13771012,0],[-44.13576691,-20.13771019,0],[-44.1357673,-20.13771138,0],[-44.13576739,-20.13771158,0],[-44.13576765,-20.13771222,0],[-44.13576883,-20.13771783,0],[-44.13576946,-20.13771869,0],[-44.13576994,-20.13771928,0],[-44.13577048,-20.13771998,0],[-44.13577118,-20.13772076,0],[-44.13577134,-20.1377209,0],[-44.13577677,-20.13772282,0],[-44.13577775,-20.13772417,0],[-44.13577781,-20.13772421,0],[-44.13578151,-20.13772686,0],[-44.1357822,-20.13772753,0],[-44.13578548,-20.13773071,0],[-44.13578571,-20.13773098,0],[-44.13578579,-20.13773107,0],[-44.13578634,-20.13773197,0],[-44.13578639,-20.13773206,0],[-44.13578669,-20.13773246,0],[-44.13578941,-20.13773604,0],[-44.13578977,-20.1377369,0],[-44.13579108,-20.13773976,0],[-44.13579129,-20.13773995,0],[-44.13579145,-20.13774007,0],[-44.13579159,-20.13774021,0],[-44.13579372,-20.13774198,0],[-44.13579403,-20.13774224,0],[-44.1357956,-20.13774412,0],[-44.13579576,-20.13774432,0],[-44.13579805,-20.13774633,0],[-44.13579827,-20.13774653,0],[-44.13579956,-20.13774896,0],[-44.13579959,-20.137749,0],[-44.13579963,-20.13774906,0],[-44.13579975,-20.13774904,0],[-44.13580041,-20.13774894,0],[-44.13580074,-20.13774889,0],[-44.13580103,-20.13774883,0],[-44.13580129,-20.13774879,0],[-44.13580144,-20.13774877,0],[-44.13580158,-20.13774875,0],[-44.13580176,-20.13774872,0],[-44.13580193,-20.13774867,0],[-44.13580203,-20.13774865,0],[-44.13580208,-20.13774863,0],[-44.13580452,-20.13774808,0],[-44.13580521,-20.13774781,0],[-44.13580622,-20.13774743,0],[-44.13580642,-20.13774735,0],[-44.13580681,-20.1377472,0],[-44.13580749,-20.13774693,0],[-44.13580776,-20.13774682,0],[-44.13580819,-20.13774665,0],[-44.13580884,-20.13774639,0],[-44.13580965,-20.13774607,0],[-44.13580985,-20.13774599,0],[-44.13581014,-20.13774587,0],[-44.13581055,-20.13774571,0],[-44.13581306,-20.13774471,0],[-44.1358174,-20.13774304,0],[-44.1358209,-20.13774156,0],[-44.1358225,-20.13774088,0],[-44.13582287,-20.13774072,0],[-44.13582589,-20.13773951,0],[-44.13582595,-20.13773949,0],[-44.13582612,-20.13773942,0],[-44.1358305,-20.1377376,0],[-44.13583063,-20.13773754,0],[-44.13583537,-20.13773553,0],[-44.13583587,-20.13773532,0],[-44.13583756,-20.13773535,0],[-44.13583844,-20.1377354,0],[-44.13583898,-20.13773543,0],[-44.13583985,-20.13773547,0],[-44.13584019,-20.13773549,0],[-44.13584024,-20.13773548,0],[-44.13584204,-20.13773523,0],[-44.13584236,-20.13773519,0],[-44.13584401,-20.13773494,0],[-44.13584427,-20.1377349,0],[-44.13584432,-20.13773488,0],[-44.13584506,-20.13773462,0],[-44.13584524,-20.13773457,0],[-44.13584583,-20.13773441,0],[-44.13584673,-20.13773411,0],[-44.13584728,-20.13773393,0],[-44.13584785,-20.13773382,0],[-44.1358479,-20.13773381,0],[-44.13584808,-20.13773376,0],[-44.13584912,-20.13773345,0],[-44.13584916,-20.13773344,0],[-44.13584967,-20.13773325,0],[-44.13584982,-20.1377332,0],[-44.13585058,-20.13773296,0],[-44.13585106,-20.1377328,0],[-44.13585201,-20.13773245,0],[-44.13585545,-20.13773117,0],[-44.13585672,-20.13773063,0],[-44.13585831,-20.13772996,0],[-44.13585917,-20.13772963,0],[-44.13585926,-20.13772959,0],[-44.13586004,-20.13772928,0],[-44.13586105,-20.13772887,0],[-44.13586195,-20.1377285,0],[-44.13586248,-20.13772827,0],[-44.13586292,-20.13772809,0],[-44.13586325,-20.13772794,0],[-44.13586365,-20.13772777,0],[-44.1358642,-20.13772754,0],[-44.13586713,-20.13772621,0],[-44.13586836,-20.13772565,0],[-44.13586855,-20.13772557,0],[-44.13587278,-20.13772372,0],[-44.13587362,-20.13772336,0],[-44.13587393,-20.13772322,0],[-44.13587399,-20.13772319,0],[-44.13587424,-20.13772308,0],[-44.13587428,-20.13772306,0],[-44.13587722,-20.13772178,0],[-44.13587741,-20.13772169,0],[-44.13587967,-20.1377207,0],[-44.13588342,-20.13771913,0],[-44.13588347,-20.13771911,0],[-44.13588481,-20.13771854,0],[-44.1358851,-20.13771842,0],[-44.13588647,-20.13771784,0],[-44.1358872,-20.13771755,0],[-44.13588821,-20.1377171,0],[-44.13589032,-20.13771618,0],[-44.13589134,-20.13771575,0],[-44.13589231,-20.13771535,0],[-44.13589424,-20.13771456,0],[-44.13589522,-20.13771416,0],[-44.13589538,-20.1377141,0],[-44.13589867,-20.13771274,0],[-44.1358992,-20.13771252,0],[-44.13589977,-20.13771233,0],[-44.13589982,-20.13771231,0],[-44.13590109,-20.13771193,0],[-44.13590113,-20.13771191,0],[-44.13590189,-20.13771166,0],[-44.13590197,-20.13771163,0],[-44.13590259,-20.13771144,0],[-44.13590274,-20.13771139,0],[-44.13590444,-20.13771075,0],[-44.13590458,-20.13771071,0],[-44.13590492,-20.13771062,0],[-44.1359052,-20.13771052,0],[-44.13590528,-20.13771049,0],[-44.13590574,-20.13771034,0],[-44.13590609,-20.13771024,0],[-44.13590652,-20.13771011,0],[-44.13590706,-20.13770993,0],[-44.13590746,-20.13770979,0],[-44.13590844,-20.13770941,0],[-44.13590875,-20.13770928,0],[-44.13590994,-20.13770888,0],[-44.13590998,-20.13770886,0],[-44.13591021,-20.13770878,0],[-44.13591113,-20.13770843,0],[-44.13591126,-20.13770837,0],[-44.13591213,-20.13770803,0],[-44.13591304,-20.13770765,0],[-44.13591411,-20.13770719,0],[-44.1359148,-20.13770691,0],[-44.13591717,-20.13770586,0],[-44.13591777,-20.13770559,0],[-44.13591808,-20.13770545,0],[-44.13591918,-20.13770501,0],[-44.1359196,-20.13770484,0],[-44.13592,-20.13770476,0],[-44.13592339,-20.13770324,0],[-44.13593207,-20.13769936,0],[-44.13594114,-20.13769529,0],[-44.13594372,-20.13769414,0],[-44.13594896,-20.13769179,0],[-44.13594992,-20.13769136,0],[-44.13595387,-20.13768959,0],[-44.13595899,-20.1376873,0],[-44.13596642,-20.13768397,0],[-44.13596775,-20.13768337,0],[-44.13597648,-20.13767945,0],[-44.13597681,-20.1376793,0],[-44.13597781,-20.13767885,0],[-44.13598558,-20.13767536,0],[-44.13598847,-20.13767406,0],[-44.13599464,-20.13767129,0],[-44.13600284,-20.1376676,0],[-44.1360034,-20.13766735,0],[-44.13600921,-20.13766474,0],[-44.13601246,-20.13766328,0],[-44.13602022,-20.13765979,0],[-44.13602123,-20.13765934,0],[-44.13602306,-20.13765851,0],[-44.13603028,-20.13765526,0],[-44.136031,-20.13765495,0],[-44.13603865,-20.13765129,0],[-44.13603913,-20.13765106,0],[-44.13603938,-20.1376509,0],[-44.13604168,-20.13764943,0],[-44.13604524,-20.13764714,0],[-44.13604664,-20.13764625,0],[-44.13605457,-20.13764116,0],[-44.13605562,-20.13764048,0],[-44.13605737,-20.13763936,0],[-44.13606253,-20.13763604,0],[-44.13606281,-20.13763587,0],[-44.13607048,-20.13763096,0],[-44.13607223,-20.13762985,0],[-44.13607846,-20.13762586,0],[-44.13608094,-20.13762428,0],[-44.13608641,-20.13762079,0],[-44.13608667,-20.13762062,0],[-44.13608873,-20.13761931,0],[-44.1360944,-20.13761569,0],[-44.13609491,-20.13761537,0],[-44.13609738,-20.13761381,0],[-44.13609862,-20.13761306,0],[-44.13609935,-20.13761267,0],[-44.13609989,-20.13761242,0],[-44.1361003,-20.13761221,0],[-44.1361023,-20.13761073,0],[-44.13610273,-20.13761041,0],[-44.13610281,-20.13761036,0],[-44.1361063,-20.13760798,0],[-44.13610762,-20.13760736,0],[-44.13610906,-20.13760672,0],[-44.13611042,-20.13760612,0],[-44.13611115,-20.13760581,0],[-44.13611152,-20.13760565,0],[-44.13611227,-20.13760532,0],[-44.13611362,-20.13760473,0],[-44.13611428,-20.13760442,0],[-44.13611541,-20.13760384,0],[-44.13611751,-20.13760272,0],[-44.13611878,-20.13760203,0],[-44.13611949,-20.13760164,0],[-44.13612113,-20.13760074,0],[-44.13612329,-20.13759954,0],[-44.1361269,-20.13759751,0],[-44.13612786,-20.13759696,0],[-44.13613443,-20.13759317,0],[-44.13613532,-20.13759266,0],[-44.13613605,-20.13759224,0],[-44.13614434,-20.13758745,0],[-44.13615101,-20.1375836,0],[-44.13615165,-20.13758323,0],[-44.13615254,-20.13758272,0],[-44.13615593,-20.13758075,0],[-44.13615598,-20.13758073,0],[-44.13615638,-20.13758049,0],[-44.13616087,-20.13757794,0],[-44.13616911,-20.13757326,0],[-44.13616914,-20.13757324,0],[-44.13617361,-20.13757069,0],[-44.13617745,-20.13756851,0],[-44.13618012,-20.13756699,0],[-44.13618326,-20.1375652,0],[-44.13618569,-20.13756382,0],[-44.13618715,-20.13756299,0],[-44.13619402,-20.13755908,0],[-44.13619627,-20.1375578,0],[-44.13619703,-20.13755737,0],[-44.13619898,-20.13755626,0],[-44.13620031,-20.13755569,0],[-44.13620094,-20.13755542,0],[-44.13620122,-20.13755531,0],[-44.13620218,-20.13755488,0],[-44.13620278,-20.13755462,0],[-44.13620705,-20.13755281,0],[-44.13620906,-20.13755198,0],[-44.13621047,-20.13755134,0],[-44.136212,-20.13755069,0],[-44.13621514,-20.13754936,0],[-44.13621664,-20.13754817,0],[-44.13621934,-20.13754604,0],[-44.13622546,-20.1375412,0],[-44.13622672,-20.13754026,0],[-44.13622819,-20.13753915,0],[-44.13623447,-20.13753446,0],[-44.1362348,-20.13753422,0],[-44.13624116,-20.13753067,0],[-44.13624286,-20.13752973,0],[-44.13624433,-20.13752891,0],[-44.136247,-20.13752745,0],[-44.13625122,-20.13752513,0],[-44.13625135,-20.13752506,0],[-44.13625326,-20.13752404,0],[-44.13625623,-20.13752246,0],[-44.13625933,-20.13752088,0],[-44.13625957,-20.13752075,0],[-44.13625985,-20.13752062,0],[-44.13626195,-20.13751961,0],[-44.136262,-20.13751958,0],[-44.13626283,-20.1375192,0],[-44.13626615,-20.13751767,0],[-44.13626671,-20.13751742,0],[-44.13626684,-20.13751736,0],[-44.13626794,-20.13751688,0],[-44.13626832,-20.13751672,0],[-44.13626876,-20.13751653,0],[-44.13627041,-20.13751581,0],[-44.1362714,-20.13751539,0],[-44.13627434,-20.13751412,0],[-44.1362765,-20.1375132,0],[-44.13627795,-20.13751257,0],[-44.13627874,-20.13751224,0],[-44.13628105,-20.13751125,0],[-44.13628249,-20.13751063,0],[-44.13628491,-20.13750962,0],[-44.13628646,-20.13750899,0],[-44.13628696,-20.1375088,0],[-44.13628785,-20.13750846,0],[-44.13628961,-20.1375078,0],[-44.13629159,-20.13750708,0],[-44.13629236,-20.13750681,0],[-44.13629344,-20.13750643,0],[-44.1362936,-20.13750638,0],[-44.13629488,-20.13750599,0],[-44.13629515,-20.13750592,0],[-44.13629605,-20.13750569,0],[-44.13629714,-20.13750544,0],[-44.13629729,-20.1375054,0],[-44.13630009,-20.13750476,0],[-44.13630069,-20.13750463,0],[-44.13630135,-20.13750449,0],[-44.13630183,-20.1375044,0],[-44.13630228,-20.13750431,0],[-44.13630328,-20.13750402,0],[-44.13630402,-20.1375038,0],[-44.13630446,-20.13750364,0],[-44.13630604,-20.13750306,0],[-44.13630663,-20.13750284,0],[-44.13630885,-20.13750205,0],[-44.13631269,-20.13750067,0],[-44.13631531,-20.1374997,0],[-44.13631616,-20.13749938,0],[-44.13631631,-20.13749933,0],[-44.13631804,-20.13749864,0],[-44.1363191,-20.13749822,0],[-44.1363197,-20.13749797,0],[-44.13632169,-20.13749713,0],[-44.13632343,-20.13749636,0],[-44.1363242,-20.13749602,0],[-44.13632496,-20.13749568,0],[-44.13632641,-20.13749503,0],[-44.13632687,-20.13749482,0],[-44.13632693,-20.13749479,0],[-44.1363299,-20.13749337,0],[-44.13633039,-20.13749312,0],[-44.1363336,-20.13749147,0],[-44.13633368,-20.13749142,0],[-44.13633729,-20.13748946,0],[-44.13633848,-20.1374888,0],[-44.13634203,-20.13748688,0],[-44.13634368,-20.13748598,0],[-44.13634508,-20.13748522,0],[-44.13634723,-20.13748456,0],[-44.13635077,-20.13748269,0],[-44.13635092,-20.13748261,0],[-44.13635184,-20.13748212,0],[-44.13635514,-20.13748038,0],[-44.13635866,-20.13747922,0],[-44.13635969,-20.13747871,0],[-44.13636726,-20.13747492,0],[-44.13636846,-20.13747436,0],[-44.13636904,-20.13747408,0],[-44.13637712,-20.13747026,0],[-44.13637736,-20.13747019,0],[-44.13638004,-20.13746937,0],[-44.13638299,-20.13746791,0],[-44.13638621,-20.13746632,0],[-44.13638624,-20.1374663,0],[-44.13638972,-20.13746458,0],[-44.13639096,-20.13746424,0],[-44.13639124,-20.13746417,0],[-44.13639205,-20.13746394,0],[-44.13639494,-20.13746235,0],[-44.13640104,-20.137459,0],[-44.13640149,-20.13745875,0],[-44.13640229,-20.1374586,0],[-44.13640389,-20.13745792,0],[-44.1364134,-20.13745385,0],[-44.13641407,-20.13745356,0],[-44.13641461,-20.13745333,0],[-44.1364156,-20.13745333,0],[-44.13642278,-20.13745363,0],[-44.13642315,-20.13745364,0],[-44.13642477,-20.13745324,0],[-44.13642674,-20.13745276,0],[-44.13642766,-20.13745253,0],[-44.13643605,-20.13744878,0],[-44.13643621,-20.13744871,0],[-44.13643637,-20.13744864,0],[-44.13644303,-20.13745311,0],[-44.13644513,-20.13745413,0],[-44.1364497,-20.13746001,0],[-44.13645518,-20.13746699,0],[-44.13647835,-20.13747038,0],[-44.1364866,-20.13747159,0],[-44.13649713,-20.13747313,0],[-44.13650647,-20.13747419,0],[-44.13651449,-20.13747511,0],[-44.1365171,-20.1374754,0],[-44.13653429,-20.13747777,0],[-44.13653445,-20.13747779,0],[-44.13654238,-20.13747857,0],[-44.13656171,-20.13748051,0],[-44.13656964,-20.1374813,0],[-44.13657431,-20.13748177,0],[-44.13657459,-20.13748181,0],[-44.13657473,-20.13748182,0],[-44.13657482,-20.13748184,0],[-44.13657493,-20.13748182,0],[-44.13657525,-20.13748176,0],[-44.13657553,-20.13748189,0],[-44.13657707,-20.13748192,0],[-44.13658775,-20.13748212,0],[-44.13659279,-20.13748221,0],[-44.13659781,-20.13748231,0],[-44.13659813,-20.13748231,0],[-44.13661154,-20.13748256,0],[-44.1366126,-20.13748258,0],[-44.13661428,-20.13748261,0],[-44.13661628,-20.13748214,0],[-44.13661675,-20.13748203,0],[-44.13661685,-20.137482,0],[-44.13661781,-20.13748177,0],[-44.13662358,-20.13748038,0],[-44.13663323,-20.13747806,0],[-44.13663948,-20.13747655,0],[-44.13664407,-20.13747543,0],[-44.13664711,-20.13747468,0],[-44.13665365,-20.13747303,0],[-44.13665847,-20.13747182,0],[-44.13665977,-20.13747149,0],[-44.13667404,-20.13747102,0],[-44.13667498,-20.13747104,0],[-44.13667751,-20.13747108,0],[-44.13667888,-20.13747111,0],[-44.13668114,-20.13747114,0],[-44.1366822,-20.13747116,0],[-44.13668431,-20.1374712,0],[-44.13668495,-20.13747143,0],[-44.13668497,-20.13747144,0],[-44.13668541,-20.13747155,0],[-44.13669063,-20.13747285,0],[-44.13669963,-20.13747283,0],[-44.1366977,-20.1374776,0],[-44.13669546,-20.13748332,0],[-44.13669492,-20.13748478,0],[-44.13669417,-20.13748673,0],[-44.13669366,-20.13749288,0],[-44.13669294,-20.1374998,0],[-44.13669293,-20.13750009,0],[-44.1366929,-20.13750026,0],[-44.13669188,-20.13751165,0],[-44.13669169,-20.13751378,0],[-44.13669903,-20.13752188,0],[-44.13670473,-20.13752688,0],[-44.13671241,-20.13753034,0],[-44.13672123,-20.13753124,0],[-44.1367275,-20.13753207,0],[-44.13674306,-20.13752881,0],[-44.13674535,-20.13752818,0],[-44.13674927,-20.1375261,0],[-44.13675378,-20.13752371,0],[-44.13675607,-20.13752307,0],[-44.13675788,-20.1375235,0],[-44.13675927,-20.13752376,0],[-44.13676085,-20.13752269,0],[-44.13676503,-20.13751988,0],[-44.13676684,-20.13751838,0],[-44.1367706,-20.13751526,0],[-44.13677209,-20.13751386,0],[-44.13677373,-20.13751229,0],[-44.13677499,-20.13751108,0],[-44.13677888,-20.13750513,0],[-44.13678245,-20.13749967,0],[-44.13678424,-20.13749673,0],[-44.13678689,-20.13749238,0],[-44.13679028,-20.13748889,0],[-44.13679105,-20.13748809,0],[-44.13679302,-20.13748604,0],[-44.1367941,-20.13748494,0],[-44.13679488,-20.13748414,0],[-44.13679684,-20.13748213,0],[-44.13680044,-20.13747844,0],[-44.13680119,-20.13747766,0],[-44.13680146,-20.13747739,0],[-44.13680163,-20.13747721,0],[-44.1368018,-20.13747704,0],[-44.13680335,-20.13747546,0],[-44.13680651,-20.13747221,0],[-44.13680661,-20.13747211,0],[-44.13680747,-20.13747122,0],[-44.13680782,-20.13747087,0],[-44.13680993,-20.13746872,0],[-44.13681046,-20.13746818,0],[-44.13681376,-20.13746483,0],[-44.1368152,-20.13746336,0],[-44.13681584,-20.13746271,0],[-44.13681647,-20.13746207,0],[-44.13682307,-20.13745537,0],[-44.13682377,-20.13745465,0],[-44.136825,-20.13745339,0],[-44.13682961,-20.13744872,0],[-44.13683409,-20.13744416,0],[-44.13683564,-20.13744259,0],[-44.1368362,-20.13744202,0],[-44.13684274,-20.13743537,0],[-44.13684349,-20.13743461,0],[-44.13684705,-20.13743099,0],[-44.13684845,-20.13742956,0],[-44.13684933,-20.13742867,0],[-44.13685417,-20.13742376,0],[-44.13685515,-20.13742276,0],[-44.13685588,-20.13742202,0],[-44.13685906,-20.1374188,0],[-44.13685971,-20.13741814,0],[-44.13686243,-20.13741539,0],[-44.13686248,-20.13741533,0],[-44.13686523,-20.13741253,0],[-44.13686566,-20.1374121,0],[-44.13686754,-20.13741019,0],[-44.136869,-20.13740869,0],[-44.13687475,-20.13740277,0],[-44.13687556,-20.13740194,0],[-44.13687565,-20.13740185,0],[-44.13687689,-20.13740058,0],[-44.13688134,-20.1373959,0],[-44.13688206,-20.13739518,0],[-44.13688501,-20.13739227,0],[-44.1368886,-20.1373886,0],[-44.13688866,-20.13738854,0],[-44.13689327,-20.13738403,0],[-44.13689438,-20.13738289,0],[-44.13689529,-20.13738197,0],[-44.13689746,-20.13737977,0],[-44.13690137,-20.13737584,0],[-44.13690191,-20.13737529,0],[-44.13690514,-20.13737204,0],[-44.13690727,-20.13736989,0],[-44.13690837,-20.13736877,0],[-44.1369097,-20.13736744,0],[-44.1369112,-20.13736592,0],[-44.13691277,-20.13736341,0],[-44.13691383,-20.13736135,0],[-44.13691819,-20.13735288,0],[-44.13691929,-20.13735075,0],[-44.13692323,-20.13734375,0],[-44.13692692,-20.13733722,0],[-44.13692853,-20.13733528,0],[-44.13693281,-20.13733012,0],[-44.13693457,-20.13732789,0],[-44.13693596,-20.13732611,0],[-44.13693977,-20.13732131,0],[-44.13694036,-20.13732056,0],[-44.13694396,-20.13731603,0],[-44.13694642,-20.13731304,0],[-44.13695239,-20.13730579,0],[-44.1369526,-20.13730554,0],[-44.13695317,-20.13730475,0],[-44.13695865,-20.13729856,0],[-44.13696027,-20.13729673,0],[-44.13696031,-20.13729665,0],[-44.13696035,-20.13729654,0],[-44.13696038,-20.13729648,0],[-44.13696055,-20.1372963,0],[-44.13696068,-20.13729616,0],[-44.13696078,-20.13729605,0],[-44.13696486,-20.13729213,0],[-44.13696497,-20.13729201,0],[-44.13696566,-20.13729155,0],[-44.13696687,-20.13729075,0],[-44.13697218,-20.13728712,0],[-44.13697341,-20.13728624,0],[-44.13697655,-20.13728401,0],[-44.13698018,-20.13728057,0],[-44.13698219,-20.13727867,0],[-44.13698349,-20.13727727,0],[-44.1369839,-20.13727643,0],[-44.13698394,-20.13727574,0],[-44.13698424,-20.13727475,0],[-44.13698532,-20.13727318,0],[-44.13698553,-20.13727287,0],[-44.13699138,-20.13726553,0],[-44.13699445,-20.13726167,0],[-44.13699506,-20.1372607,0],[-44.13699526,-20.13726045,0],[-44.13699703,-20.13725772,0],[-44.13700219,-20.13724977,0],[-44.13700443,-20.13724631,0],[-44.1370079,-20.13724202,0],[-44.13700808,-20.13724177,0],[-44.13701333,-20.13723401,0],[-44.13701533,-20.13723105,0],[-44.13701932,-20.13722622,0],[-44.1370207,-20.13722455,0],[-44.13702476,-20.13721956,0],[-44.13702507,-20.13721913,0],[-44.13702924,-20.13721327,0],[-44.1370309,-20.1372112,0],[-44.13703176,-20.13721012,0],[-44.13703351,-20.13720787,0],[-44.13703583,-20.13720495,0],[-44.13703667,-20.13720378,0],[-44.13703747,-20.13720266,0],[-44.13704221,-20.13719691,0],[-44.13704266,-20.13719624,0],[-44.13704269,-20.1371962,0],[-44.13704867,-20.13718903,0],[-44.13705302,-20.13718382,0],[-44.1370548,-20.13718169,0],[-44.13706058,-20.13717478,0],[-44.13706101,-20.13717427,0],[-44.13706609,-20.13716657,0],[-44.1370678,-20.13716398,0],[-44.13706838,-20.1371632,0],[-44.13706871,-20.13716273,0],[-44.13707119,-20.13715852,0],[-44.13707123,-20.13715845,0],[-44.13707267,-20.13715537,0],[-44.13707816,-20.13715101,0],[-44.13708432,-20.13714612,0],[-44.13708557,-20.13714518,0],[-44.13708827,-20.13714317,0],[-44.13709316,-20.13713963,0],[-44.13709329,-20.13713953,0],[-44.13710048,-20.13713394,0],[-44.1371035,-20.13713159,0],[-44.13710811,-20.1371283,0],[-44.13710965,-20.1371272,0],[-44.1371152,-20.13712305,0],[-44.13712089,-20.13711898,0],[-44.1371225,-20.13711784,0],[-44.13712332,-20.13711729,0],[-44.13712636,-20.13711525,0],[-44.13712895,-20.13711404,0],[-44.13713132,-20.13711381,0],[-44.1371345,-20.1371141,0],[-44.13713456,-20.13711411,0],[-44.13713978,-20.13711404,0],[-44.13714052,-20.13711352,0],[-44.13714234,-20.13711333,0],[-44.1371451,-20.13711219,0],[-44.13715363,-20.13710866,0],[-44.13716294,-20.13710481,0],[-44.13716328,-20.13710466,0],[-44.13717177,-20.13710104,0],[-44.13718099,-20.13709711,0],[-44.13718919,-20.13709362,0],[-44.13718985,-20.13709333,0],[-44.13719591,-20.13709072,0],[-44.13719818,-20.13708977,0],[-44.13719901,-20.13708936,0],[-44.1372052,-20.13708631,0],[-44.13720717,-20.13708529,0],[-44.13720764,-20.13708505,0],[-44.13721056,-20.13708307,0],[-44.13721154,-20.13708241,0],[-44.13721283,-20.13708154,0],[-44.13721499,-20.13708008,0],[-44.13721686,-20.13707881,0],[-44.13721784,-20.13707815,0],[-44.13721867,-20.13707759,0],[-44.13721959,-20.13707697,0],[-44.13722323,-20.1370745,0],[-44.13722337,-20.13707441,0],[-44.13722587,-20.13707271,0],[-44.13722793,-20.13707132,0],[-44.13722879,-20.13707073,0],[-44.13723114,-20.13706914,0],[-44.1372326,-20.13706815,0],[-44.13723605,-20.13706583,0],[-44.13723933,-20.13706362,0],[-44.13724032,-20.13706295,0],[-44.13724167,-20.13706204,0],[-44.13724276,-20.1370613,0],[-44.13724675,-20.13705858,0],[-44.13724791,-20.1370578,0],[-44.13724838,-20.13705748,0],[-44.13724949,-20.13705674,0],[-44.13724966,-20.13705662,0],[-44.13725255,-20.1370499,0],[-44.13725387,-20.13704682,0],[-44.13725609,-20.13704808,0],[-44.13725779,-20.1370478,0],[-44.13725969,-20.13704749,0],[-44.13726295,-20.13704597,0],[-44.13726351,-20.13704433,0],[-44.1372645,-20.13704418,0],[-44.13726562,-20.13704415,0],[-44.13726635,-20.13703952,0],[-44.13726653,-20.13703835,0],[-44.13726685,-20.13703672,0],[-44.13726753,-20.13703302,0],[-44.13726837,-20.13702839,0],[-44.13727135,-20.13702441,0],[-44.13727603,-20.1370206,0],[-44.13727651,-20.13702036,0],[-44.13728078,-20.13701822,0],[-44.13728379,-20.13701671,0],[-44.13728491,-20.13701583,0],[-44.13728911,-20.13701441,0],[-44.13728523,-20.13702007,0],[-44.13728251,-20.13702406,0],[-44.13727765,-20.13703118,0],[-44.13727503,-20.13703532,0],[-44.13728367,-20.13702537,0],[-44.13728652,-20.13702209,0],[-44.13729456,-20.13701275,0],[-44.13729713,-20.13700977,0],[-44.13729871,-20.13700794,0],[-44.13730188,-20.13700168,0],[-44.13730552,-20.13699662,0],[-44.13730638,-20.13699542,0],[-44.13730782,-20.13699396,0],[-44.13731172,-20.13699001,0],[-44.13731641,-20.13698641,0],[-44.13731963,-20.13698369,0],[-44.13732072,-20.13698276,0],[-44.13732124,-20.13698232,0],[-44.1373218,-20.13698188,0],[-44.13732515,-20.13697919,0],[-44.13732841,-20.1369769,0],[-44.13733055,-20.13697615,0],[-44.13733086,-20.13697618,0],[-44.137334,-20.13697198,0],[-44.13733569,-20.13696973,0],[-44.13734638,-20.13695545,0],[-44.13733608,-20.13695729,0],[-44.13732715,-20.13695984,0],[-44.13732571,-20.13696018,0],[-44.13732554,-20.13696022,0],[-44.13731955,-20.13696244,0],[-44.13731575,-20.13696388,0],[-44.13731431,-20.13696449,0],[-44.13730727,-20.13696745,0],[-44.13730467,-20.13696855,0],[-44.13729763,-20.13697159,0],[-44.13729068,-20.13697458,0],[-44.13728925,-20.13697521,0],[-44.13728495,-20.1369771,0],[-44.13727376,-20.13698196,0],[-44.13727132,-20.13698306,0],[-44.13727041,-20.13698347,0],[-44.13726795,-20.1369846,0],[-44.13725618,-20.13698971,0],[-44.137256,-20.13698979,0],[-44.13725499,-20.13699024,0],[-44.13725341,-20.13699094,0],[-44.13724482,-20.13699478,0],[-44.13723565,-20.13699898,0],[-44.13723352,-20.13699995,0],[-44.13723297,-20.1370002,0],[-44.13722915,-20.1370018,0],[-44.13722388,-20.13700408,0],[-44.13721771,-20.13700683,0],[-44.13721629,-20.13700746,0],[-44.1372054,-20.13701212,0],[-44.1372021,-20.13701372,0],[-44.13719978,-20.13701468,0],[-44.13719715,-20.13701579,0],[-44.1371971,-20.13701581,0],[-44.13719707,-20.13701582,0],[-44.13719548,-20.13701674,0],[-44.13719536,-20.13701681,0],[-44.13718452,-20.13702324,0],[-44.1371837,-20.13702355,0],[-44.13718308,-20.13702393,0],[-44.13716893,-20.13703253,0],[-44.13717942,-20.13702545,0],[-44.13718334,-20.13702281,0],[-44.13718358,-20.13702264,0],[-44.13718383,-20.13702248,0],[-44.13718723,-20.13702018,0],[-44.13719488,-20.13701503,0],[-44.13719503,-20.13701493,0],[-44.1371952,-20.13701481,0],[-44.13719523,-20.13701479,0],[-44.13719527,-20.13701476,0],[-44.13719547,-20.13701463,0],[-44.1372,-20.13701158,0],[-44.13720065,-20.13701113,0],[-44.13720166,-20.13701046,0],[-44.13720285,-20.13700966,0],[-44.13721065,-20.1370044,0],[-44.13721272,-20.137003,0],[-44.13721485,-20.13700156,0],[-44.13721645,-20.13700049,0],[-44.13721847,-20.13699913,0],[-44.13722342,-20.13699579,0],[-44.13722602,-20.13699404,0],[-44.13722849,-20.13699237,0],[-44.13722888,-20.13699211,0],[-44.13723408,-20.1369886,0],[-44.13723594,-20.13698735,0],[-44.13723832,-20.13698575,0],[-44.13724188,-20.13698335,0],[-44.13724275,-20.13698276,0],[-44.13724873,-20.13697873,0],[-44.1372497,-20.13697808,0],[-44.13725347,-20.13697554,0],[-44.13725517,-20.13697439,0],[-44.13725749,-20.13697282,0],[-44.13726352,-20.13696876,0],[-44.13726531,-20.13696755,0],[-44.13726713,-20.13696633,0],[-44.13727202,-20.13696303,0],[-44.13727311,-20.1369623,0],[-44.13727438,-20.13696144,0],[-44.13727579,-20.13696049,0],[-44.13727604,-20.13696032,0],[-44.13728093,-20.13695703,0],[-44.13728566,-20.13695384,0],[-44.13728854,-20.1369519,0],[-44.13728873,-20.13695177,0],[-44.13729014,-20.13695082,0],[-44.13729294,-20.13694893,0],[-44.13729509,-20.13694748,0],[-44.13729654,-20.1369465,0],[-44.13730164,-20.13694307,0],[-44.13730434,-20.13694125,0],[-44.13730599,-20.13694014,0],[-44.13731216,-20.13693598,0],[-44.13731228,-20.13693589,0],[-44.13731443,-20.13693444,0],[-44.13731845,-20.13693174,0],[-44.13731996,-20.13693072,0],[-44.13732249,-20.13692902,0],[-44.13732429,-20.1369278,0],[-44.13732778,-20.13692545,0],[-44.13732954,-20.13692426,0],[-44.13733132,-20.13692306,0],[-44.13733557,-20.13692019,0],[-44.13733867,-20.1369181,0],[-44.1373403,-20.13691701,0],[-44.13734163,-20.13691611,0],[-44.13734339,-20.13691492,0],[-44.13735119,-20.13690967,0],[-44.13735146,-20.13690949,0],[-44.13735191,-20.13690918,0],[-44.13735256,-20.13690875,0],[-44.13735901,-20.1369044,0],[-44.13736357,-20.13690132,0],[-44.13736381,-20.13690118,0],[-44.13736705,-20.13689924,0],[-44.13737522,-20.13689434,0],[-44.13737807,-20.13689263,0],[-44.1373792,-20.13689198,0],[-44.13738335,-20.1368896,0],[-44.13738564,-20.13688828,0],[-44.13738848,-20.13688618,0],[-44.13739014,-20.13688491,0],[-44.13739093,-20.13688433,0],[-44.13739462,-20.13688161,0],[-44.13739822,-20.13687869,0],[-44.1373983,-20.13687862,0],[-44.13740239,-20.13687545,0],[-44.13740541,-20.13687277,0],[-44.1374083,-20.13687021,0],[-44.13740994,-20.13686883,0],[-44.13741226,-20.13686659,0],[-44.13741397,-20.13686495,0],[-44.13741637,-20.1368627,0],[-44.13741762,-20.13686149,0],[-44.13741902,-20.13686013,0],[-44.13742039,-20.1368588,0],[-44.13742568,-20.13685365,0],[-44.13742612,-20.1368532,0],[-44.13743083,-20.13684852,0],[-44.13743237,-20.13684704,0],[-44.13743816,-20.13684133,0],[-44.13743911,-20.13684039,0],[-44.13743928,-20.13684019,0],[-44.13744012,-20.13683781,0],[-44.13744108,-20.13683536,0],[-44.13744112,-20.13683526,0],[-44.1374412,-20.13683506,0],[-44.13744194,-20.13683317,0],[-44.13744257,-20.13683157,0],[-44.13744573,-20.13682353,0],[-44.13744606,-20.13682267,0],[-44.13744707,-20.1368201,0],[-44.13744895,-20.13681533,0],[-44.13745025,-20.13681201,0],[-44.13745071,-20.13681083,0],[-44.13745324,-20.1368044,0],[-44.13745374,-20.13680312,0],[-44.13745397,-20.13680252,0],[-44.13745678,-20.13679535,0],[-44.13745792,-20.13679244,0],[-44.13745964,-20.13678804,0],[-44.1374614,-20.13678354,0],[-44.13746172,-20.13678272,0],[-44.13746269,-20.13678024,0],[-44.13746558,-20.13677286,0],[-44.13746606,-20.13677162,0],[-44.13746816,-20.13676395,0],[-44.13746834,-20.1367633,0],[-44.13746874,-20.13676207,0],[-44.13746971,-20.13675853,0],[-44.13747137,-20.13675253,0],[-44.1374716,-20.1367517,0],[-44.13747347,-20.13674494,0],[-44.13747426,-20.13674252,0],[-44.13747469,-20.1367412,0],[-44.13747775,-20.13673038,0],[-44.13747865,-20.13672719,0],[-44.13748059,-20.13672134,0],[-44.13748084,-20.1367206,0],[-44.13748385,-20.13671036,0],[-44.13748417,-20.13670992,0],[-44.13748451,-20.13670949,0],[-44.13748829,-20.13670452,0],[-44.13749055,-20.13670163,0],[-44.13749156,-20.13670034,0],[-44.13749415,-20.13669706,0],[-44.13749657,-20.13669408,0],[-44.13749912,-20.13669094,0],[-44.13750113,-20.13668834,0],[-44.13750242,-20.13668676,0],[-44.13750582,-20.13668257,0],[-44.13750847,-20.13667931,0],[-44.13750975,-20.13667773,0],[-44.13751378,-20.13667274,0],[-44.13751427,-20.13667207,0],[-44.13751542,-20.13667048,0],[-44.13752025,-20.13666445,0],[-44.13752098,-20.13666354,0],[-44.13752608,-20.13665714,0],[-44.13752914,-20.1366533,0],[-44.13753207,-20.13664961,0],[-44.13753789,-20.1366423,0],[-44.13753896,-20.13664096,0],[-44.13754388,-20.13663476,0],[-44.13754828,-20.13662923,0],[-44.1375497,-20.13662744,0],[-44.13755495,-20.13662084,0],[-44.1375557,-20.13661991,0],[-44.13756015,-20.13661433,0],[-44.13756154,-20.13661259,0],[-44.13756646,-20.13660647,0],[-44.13756756,-20.1366051,0],[-44.1375731,-20.1365982,0],[-44.13757408,-20.13659749,0],[-44.13757583,-20.13659623,0],[-44.13758169,-20.136592,0],[-44.13758613,-20.13658879,0],[-44.13758928,-20.1365865,0],[-44.13759584,-20.13658172,0],[-44.13759685,-20.13658097,0],[-44.13760369,-20.13657591,0],[-44.13760435,-20.13657543,0],[-44.13761047,-20.13657077,0],[-44.13761086,-20.13657047,0],[-44.1376115,-20.13656963,0],[-44.13761695,-20.13656255,0],[-44.13762017,-20.13655837,0],[-44.13762283,-20.13655488,0],[-44.13762852,-20.13654744,0],[-44.1376328,-20.13654185,0],[-44.13763441,-20.13653975,0],[-44.1376401,-20.13653232,0],[-44.13764198,-20.13652986,0],[-44.13764599,-20.13652464,0],[-44.13764684,-20.13652353,0],[-44.13765058,-20.1365187,0],[-44.13766089,-20.13650649,0],[-44.13766352,-20.13650398,0],[-44.13766431,-20.13650304,0],[-44.13767045,-20.13649574,0],[-44.13767362,-20.13649198,0],[-44.13767617,-20.13648885,0],[-44.13767639,-20.13648858,0],[-44.13768245,-20.13648115,0],[-44.13768785,-20.13647453,0],[-44.13768836,-20.13647391,0],[-44.13769075,-20.13647099,0],[-44.13769439,-20.13646646,0],[-44.13769945,-20.13646016,0],[-44.13770025,-20.13645917,0],[-44.13770627,-20.13645168,0],[-44.13771101,-20.13644577,0],[-44.13771212,-20.1364444,0],[-44.1377141,-20.13644194,0],[-44.13771811,-20.13643688,0],[-44.13772252,-20.13643133,0],[-44.13772393,-20.13642956,0],[-44.13772992,-20.13642202,0],[-44.137734,-20.13641687,0],[-44.13773574,-20.13641469,0],[-44.13774159,-20.13640732,0],[-44.13774547,-20.13640241,0],[-44.13774609,-20.13640163,0],[-44.13774688,-20.13640013,0],[-44.13775177,-20.13639082,0],[-44.13775191,-20.13639056,0],[-44.13775269,-20.13638933,0],[-44.13775437,-20.13638674,0],[-44.13775447,-20.13638649,0],[-44.13775619,-20.13638216,0],[-44.1377571,-20.13637987,0],[-44.1377611,-20.13637432,0],[-44.13776181,-20.13637349,0],[-44.13776395,-20.13637099,0],[-44.13776448,-20.13637038,0],[-44.13776532,-20.1363706,0],[-44.13776829,-20.1363669,0],[-44.13776905,-20.13636595,0],[-44.1377731,-20.13636067,0],[-44.13777407,-20.1363592,0],[-44.13777539,-20.13635718,0],[-44.13777919,-20.1363514,0],[-44.13778145,-20.13634797,0],[-44.1377847,-20.13634311,0],[-44.13778553,-20.13634186,0],[-44.13778994,-20.13633527,0],[-44.13779155,-20.13633285,0],[-44.13779553,-20.1363271,0],[-44.13779585,-20.13632664,0],[-44.13779977,-20.13632096,0],[-44.13780104,-20.13631938,0],[-44.13780261,-20.13631742,0],[-44.13780661,-20.13631171,0],[-44.13780674,-20.13631153,0],[-44.13780797,-20.13630976,0],[-44.1378121,-20.13630387,0],[-44.13781424,-20.13630079,0],[-44.13781703,-20.13629655,0],[-44.13781761,-20.13629569,0],[-44.13782033,-20.13629156,0],[-44.137823,-20.13628795,0],[-44.13782307,-20.13628785,0],[-44.13782774,-20.13628158,0],[-44.13782888,-20.13628005,0],[-44.13782902,-20.13627986,0],[-44.13783392,-20.1362733,0],[-44.13783399,-20.13627321,0],[-44.13783594,-20.13627056,0],[-44.13783585,-20.13626931,0],[-44.13783589,-20.13626814,0],[-44.13783717,-20.13626633,0],[-44.13783917,-20.13626353,0],[-44.13783967,-20.13626284,0],[-44.13784249,-20.13625884,0],[-44.13784132,-20.13625851,0],[-44.13784042,-20.13625748,0],[-44.13783638,-20.1362528,0],[-44.13783622,-20.13625261,0],[-44.13783173,-20.13624742,0],[-44.13783026,-20.13624568,0],[-44.13782765,-20.1362426,0],[-44.13782428,-20.13623862,0],[-44.13782243,-20.13623643,0],[-44.13782253,-20.13623503,0],[-44.13782264,-20.13623345,0],[-44.13782217,-20.13623086,0],[-44.13782178,-20.13622873,0],[-44.13782165,-20.13622817,0],[-44.13782103,-20.13622559,0],[-44.1378206,-20.13622376,0],[-44.13782007,-20.13622119,0],[-44.13781985,-20.13622012,0],[-44.13781965,-20.13621842,0],[-44.13781959,-20.13621787,0],[-44.13781961,-20.13621722,0],[-44.13781961,-20.13621704,0],[-44.13781966,-20.13621525,0],[-44.13781958,-20.13621461,0],[-44.13781929,-20.1362125,0],[-44.13781885,-20.13621043,0],[-44.13781831,-20.13620791,0],[-44.13781812,-20.13620702,0],[-44.13781792,-20.1362061,0],[-44.13781756,-20.13620462,0],[-44.13781681,-20.13620149,0],[-44.13781566,-20.13619808,0],[-44.13781509,-20.1361964,0],[-44.13781275,-20.13618951,0],[-44.13781051,-20.1361829,0],[-44.13780954,-20.13618006,0],[-44.13780904,-20.13617862,0],[-44.13780656,-20.13617136,0],[-44.13780333,-20.13616192,0],[-44.13780198,-20.13615795,0],[-44.13780036,-20.13615322,0],[-44.13780028,-20.13615299,0],[-44.13779712,-20.13614377,0],[-44.13779689,-20.13614312,0],[-44.13779565,-20.13613961,0],[-44.13779443,-20.13613617,0],[-44.13779409,-20.13613545,0],[-44.13779341,-20.13613403,0],[-44.13779262,-20.1361324,0],[-44.13779095,-20.13612993,0],[-44.13778978,-20.1361282,0],[-44.13778943,-20.13612772,0],[-44.13778695,-20.13612423,0],[-44.13778505,-20.13612158,0],[-44.13778419,-20.13612038,0],[-44.13778177,-20.13611706,0],[-44.13777966,-20.13611415,0],[-44.13777875,-20.13611294,0],[-44.13777687,-20.13611045,0],[-44.13777511,-20.13610809,0],[-44.13777356,-20.13610623,0],[-44.13777346,-20.1361061,0],[-44.13777238,-20.13610481,0],[-44.13777162,-20.13610411,0],[-44.1377711,-20.13610363,0],[-44.13777081,-20.13610354,0],[-44.1377706,-20.13610348,0],[-44.13777046,-20.13610345,0],[-44.13777036,-20.13610344,0],[-44.13777027,-20.13610339,0],[-44.13777021,-20.13610335,0],[-44.13777014,-20.13610329,0],[-44.13777008,-20.13610325,0],[-44.13776999,-20.13610318,0],[-44.13776991,-20.13610313,0],[-44.13776911,-20.1361026,0],[-44.13776844,-20.13610217,0],[-44.13776769,-20.13610177,0],[-44.13776698,-20.13610141,0],[-44.13776577,-20.13610089,0],[-44.13776567,-20.13610085,0],[-44.13776422,-20.13610024,0],[-44.13776237,-20.13609956,0],[-44.13775948,-20.1360985,0],[-44.13775786,-20.13609794,0],[-44.13775707,-20.13609767,0],[-44.13775302,-20.13609627,0],[-44.13775253,-20.13609611,0],[-44.13775141,-20.13609574,0],[-44.13774698,-20.13609427,0],[-44.13774598,-20.13609394,0],[-44.13774599,-20.13609371,0],[-44.13774599,-20.13609358,0],[-44.13774529,-20.13609338,0],[-44.13773922,-20.13609164,0],[-44.13773605,-20.13609073,0],[-44.13773534,-20.13609057,0],[-44.13773429,-20.13609033,0],[-44.13773368,-20.13609019,0],[-44.13773025,-20.13608924,0],[-44.13773023,-20.13608921,0],[-44.13772838,-20.13608805,0],[-44.13772675,-20.13608703,0],[-44.13772673,-20.13608701,0],[-44.13772471,-20.13608494,0],[-44.13772205,-20.13608222,0],[-44.13772155,-20.13608171,0],[-44.13772152,-20.1360817,0],[-44.1377215,-20.13608168,0],[-44.13771835,-20.13607791,0],[-44.13771444,-20.13607321,0],[-44.13771408,-20.13607278,0],[-44.13771356,-20.13607226,0],[-44.13771232,-20.13607103,0],[-44.13770802,-20.13606677,0],[-44.13770613,-20.13606489,0],[-44.1377048,-20.13606357,0],[-44.13770455,-20.13606344,0],[-44.13770345,-20.13606287,0],[-44.13770054,-20.13606059,0],[-44.13769841,-20.13605891,0],[-44.1376913,-20.13605333,0],[-44.13768916,-20.13605164,0],[-44.13768798,-20.13605102,0],[-44.13768559,-20.13604963,0],[-44.1376828,-20.13604792,0],[-44.13767828,-20.13604516,0],[-44.13767467,-20.13604302,0],[-44.13766573,-20.13603773,0],[-44.13765751,-20.13603286,0],[-44.13764857,-20.13602757,0],[-44.13764832,-20.13602741,0],[-44.13764356,-20.13602438,0],[-44.13764051,-20.13602243,0],[-44.13763193,-20.13601695,0],[-44.13762394,-20.13601185,0],[-44.13761536,-20.13600637,0],[-44.13761313,-20.13600495,0],[-44.13761105,-20.13600362,0],[-44.13760739,-20.13600129,0],[-44.13760363,-20.13599889,0],[-44.13759866,-20.13599597,0],[-44.13759155,-20.13599178,0],[-44.13759044,-20.13599112,0],[-44.1375863,-20.13598869,0],[-44.13758144,-20.13598587,0],[-44.1375789,-20.1359844,0],[-44.13757341,-20.13598046,0],[-44.13756536,-20.1359747,0],[-44.13755773,-20.13596923,0],[-44.13754969,-20.13596346,0],[-44.13754951,-20.13596333,0],[-44.13754017,-20.13596062,0],[-44.13753946,-20.13596042,0],[-44.13753629,-20.1359595,0],[-44.13753495,-20.13595867,0],[-44.13753484,-20.13595861,0],[-44.13752956,-20.13595579,0],[-44.1375226,-20.13595208,0],[-44.13752245,-20.135952,0],[-44.13752078,-20.13595111,0],[-44.13751835,-20.13594981,0],[-44.13751703,-20.13594887,0],[-44.13751224,-20.13594544,0],[-44.13750835,-20.13594266,0],[-44.13750583,-20.1359405,0],[-44.13750334,-20.13593824,0],[-44.13750151,-20.13593672,0],[-44.13750078,-20.1359369,0],[-44.13750063,-20.13593695,0],[-44.13749102,-20.13593985,0],[-44.13748987,-20.13594012,0],[-44.13748901,-20.13594032,0],[-44.13748158,-20.13594192,0],[-44.13747688,-20.13594292,0],[-44.13747398,-20.13594354,0],[-44.13747317,-20.13594402,0],[-44.13747073,-20.13594547,0],[-44.13746817,-20.13594699,0],[-44.1374676,-20.13594733,0],[-44.13745944,-20.13595218,0],[-44.13745384,-20.13595551,0],[-44.13745133,-20.135957,0],[-44.13744366,-20.13596155,0],[-44.13744315,-20.13596183,0],[-44.1374394,-20.13596387,0],[-44.13743474,-20.13596641,0],[-44.13742634,-20.13597098,0],[-44.13742612,-20.1359711,0],[-44.1374224,-20.13597313,0],[-44.13742192,-20.13597314,0],[-44.13742105,-20.13597315,0],[-44.13741968,-20.13597347,0],[-44.13741905,-20.13597363,0]]]]}},{"type": "Feature","properties": {"classe": "Estrutura de Contenção","descricao": "Dique 2"},"geometry": {"type": "MultiPolygon","coordinates": [[[[-44.13588516,-20.13683866,0],[-44.13587745,-20.13684398,0],[-44.13587354,-20.13684689,0],[-44.13586697,-20.13685215,0],[-44.13586069,-20.13685757,0],[-44.13585462,-20.13686307,0],[-44.13584918,-20.13686814,0],[-44.13584601,-20.13687127,0],[-44.13584296,-20.1368745,0],[-44.13584058,-20.13687725,0],[-44.13583829,-20.13688006,0],[-44.13583353,-20.13688628,0],[-44.13581693,-20.13690922,0],[-44.13581247,-20.13691512,0],[-44.13580994,-20.13691818,0],[-44.1358073,-20.13692116,0],[-44.13580455,-20.13692403,0],[-44.13580167,-20.13692678,0],[-44.13579897,-20.13692913,0],[-44.13579637,-20.1369312,0],[-44.13579277,-20.13693377,0],[-44.13578905,-20.1369362,0],[-44.13578523,-20.13693853,0],[-44.13577884,-20.13694216,0],[-44.13576884,-20.13694758,0],[-44.13575598,-20.13695474,0],[-44.13574928,-20.13695859,0],[-44.13574301,-20.13696238,0],[-44.13573642,-20.13696666,0],[-44.13571481,-20.13698131,0],[-44.13571043,-20.13698418,0],[-44.13570452,-20.13698786,0],[-44.13569502,-20.13699344,0],[-44.13568217,-20.13700065,0],[-44.13566544,-20.13701017,0],[-44.13566229,-20.13701205,0],[-44.13565676,-20.13701561,0],[-44.13565439,-20.13701728,0],[-44.13565159,-20.13701941,0],[-44.13564888,-20.13702164,0],[-44.13564359,-20.13702628,0],[-44.13563429,-20.1370347,0],[-44.1356316,-20.13703704,0],[-44.13562635,-20.13704138,0],[-44.13562018,-20.13704608,0],[-44.13561651,-20.13704872,0],[-44.1356001,-20.13706024,0],[-44.1355937,-20.1370649,0],[-44.1355858,-20.1370709,0],[-44.13557708,-20.13707767,0],[-44.1355669,-20.13708578,0],[-44.13555949,-20.13709206,0],[-44.13555318,-20.13709767,0],[-44.13554699,-20.1371033,0],[-44.13553793,-20.13711184,0],[-44.13553329,-20.13711657,0],[-44.13553056,-20.13711959,0],[-44.13552793,-20.13712267,0],[-44.13552537,-20.13712582,0],[-44.1355229,-20.13712902,0],[-44.13552021,-20.13713268,0],[-44.13551778,-20.13713615,0],[-44.13551542,-20.13713968,0],[-44.1355118,-20.13714554,0],[-44.13550918,-20.13715017,0],[-44.13550738,-20.13715355,0],[-44.13550396,-20.13716039,0],[-44.13550232,-20.13716385,0],[-44.13549949,-20.13717014,0],[-44.13549538,-20.13718007,0],[-44.13548637,-20.13720316,0],[-44.13548331,-20.13721153,0],[-44.13548187,-20.13721575,0],[-44.1354805,-20.13721998,0],[-44.13547875,-20.13722599,0],[-44.13547303,-20.13724862,0],[-44.1354714,-20.13725437,0],[-44.13546946,-20.13726076,0],[-44.13546284,-20.13728161,0],[-44.13545726,-20.13729973,0],[-44.13545195,-20.13731731,0],[-44.13544969,-20.13732438,0],[-44.13544689,-20.13733226,0],[-44.13544466,-20.13733769,0],[-44.13544291,-20.13734159,0],[-44.13544105,-20.13734544,0],[-44.13543906,-20.13734923,0],[-44.13543708,-20.13735267,0],[-44.135435,-20.13735607,0],[-44.13543066,-20.13736268,0],[-44.13541942,-20.13737885,0],[-44.13541564,-20.13738453,0],[-44.13541226,-20.13739012,0],[-44.13541046,-20.13739332,0],[-44.13540636,-20.13740115,0],[-44.13540191,-20.13741051,0],[-44.13539939,-20.13741622,0],[-44.13539687,-20.13742226,0],[-44.13539269,-20.1374328,0],[-44.13538284,-20.13745871,0],[-44.13538047,-20.13746464,0],[-44.13537777,-20.13747111,0],[-44.13537296,-20.13748195,0],[-44.135366,-20.13749713,0],[-44.13536314,-20.13750313,0],[-44.13535994,-20.13750939,0],[-44.1353565,-20.13751553,0],[-44.13535458,-20.13751873,0],[-44.13534809,-20.13752905,0],[-44.13534365,-20.13753561,0],[-44.13533509,-20.13754764,0],[-44.13533258,-20.13755143,0],[-44.13533035,-20.13755502,0],[-44.13532616,-20.13756229,0],[-44.1353242,-20.13756597,0],[-44.13532246,-20.13756945,0],[-44.13532087,-20.13757298,0],[-44.1353195,-20.13757656,0],[-44.13531853,-20.13757973,0],[-44.13531774,-20.13758294,0],[-44.13531707,-20.1375862,0],[-44.13531589,-20.13759363,0],[-44.13531381,-20.13761116,0],[-44.13531323,-20.13761526,0],[-44.13531257,-20.13761934,0],[-44.13531115,-20.13762654,0],[-44.13531038,-20.13762966,0],[-44.13530912,-20.13763395,0],[-44.13530788,-20.13763766,0],[-44.13530652,-20.13764134,0],[-44.13530507,-20.13764498,0],[-44.13530253,-20.13765071,0],[-44.13530114,-20.13765352,0],[-44.13529956,-20.13765648,0],[-44.13529749,-20.13766002,0],[-44.13529529,-20.1376635,0],[-44.135293,-20.13766693,0],[-44.13528512,-20.13767819,0],[-44.13528289,-20.1376815,0],[-44.13527969,-20.13768666,0],[-44.13527761,-20.1376904,0],[-44.13527569,-20.13769414,0],[-44.13527387,-20.13769792,0],[-44.13526787,-20.13771105,0],[-44.13526486,-20.13771731,0],[-44.13526162,-20.13772344,0],[-44.135259,-20.13772786,0],[-44.13525684,-20.13773117,0],[-44.13525457,-20.13773442,0],[-44.13525221,-20.1377376,0],[-44.13524979,-20.13774066,0],[-44.13524686,-20.13774416,0],[-44.13523966,-20.1377525,0],[-44.13523736,-20.13775528,0],[-44.13523521,-20.13775803,0],[-44.13523322,-20.13776082,0],[-44.13523145,-20.13776369,0],[-44.13522998,-20.13776667,0],[-44.13522883,-20.13776985,0],[-44.13522797,-20.13777315,0],[-44.13522726,-20.13777674,0],[-44.13522541,-20.13778782,0],[-44.13522455,-20.13779154,0],[-44.1352237,-20.13779438,0],[-44.13522272,-20.13779719,0],[-44.13522141,-20.13780058,0],[-44.13521996,-20.13780395,0],[-44.13521839,-20.13780727,0],[-44.13521666,-20.13781053,0],[-44.13521525,-20.13781296,0],[-44.13521376,-20.13781535,0],[-44.1352072,-20.13782508,0],[-44.13520526,-20.13782814,0],[-44.13520348,-20.13783127,0],[-44.13520217,-20.1378339,0],[-44.13520096,-20.13783659,0],[-44.13519959,-20.13783991,0],[-44.13519831,-20.13784327,0],[-44.13519638,-20.13784911,0],[-44.13519466,-20.13785554,0],[-44.1351929,-20.13786362,0],[-44.13518926,-20.13788172,0],[-44.13518836,-20.13788572,0],[-44.13518736,-20.13788968,0],[-44.13518623,-20.1378936,0],[-44.13518493,-20.13789744,0],[-44.13518383,-20.13790021,0],[-44.13518215,-20.13790376,0],[-44.13518025,-20.1379072,0],[-44.13517815,-20.13791052,0],[-44.13517668,-20.13791262,0],[-44.13517514,-20.13791466,0],[-44.13517258,-20.13791769,0],[-44.13516983,-20.13792052,0],[-44.13516687,-20.13792312,0],[-44.13516369,-20.13792542,0],[-44.13516073,-20.13792713,0],[-44.13515729,-20.1379287,0],[-44.13515368,-20.13793003,0],[-44.13514994,-20.13793116,0],[-44.13514611,-20.13793212,0],[-44.1351422,-20.13793295,0],[-44.13513825,-20.13793364,0],[-44.13513179,-20.13793452,0],[-44.13512786,-20.13793491,0],[-44.1351239,-20.13793521,0],[-44.13511561,-20.1379356,0],[-44.13510725,-20.13793566,0],[-44.13510306,-20.13793554,0],[-44.13509843,-20.13793523,0],[-44.13509385,-20.13793468,0],[-44.13508988,-20.13793396,0],[-44.13508596,-20.13793304,0],[-44.1350821,-20.13793196,0],[-44.13507829,-20.13793076,0],[-44.13507484,-20.13792954,0],[-44.13507216,-20.13792845,0],[-44.13506807,-20.13792657,0],[-44.13506458,-20.1379248,0],[-44.13506113,-20.13792294,0],[-44.13505159,-20.13791745,0],[-44.13504623,-20.13791416,0],[-44.13504315,-20.13791212,0],[-44.13502967,-20.13790272,0],[-44.13502592,-20.13790019,0],[-44.13502326,-20.13789845,0],[-44.13501846,-20.13789554,0],[-44.13501265,-20.13789243,0],[-44.13500892,-20.1378906,0],[-44.13500156,-20.13788718,0],[-44.13499305,-20.13788334,0],[-44.13498884,-20.13788137,0],[-44.13498534,-20.13787963,0],[-44.13498192,-20.13787778,0],[-44.1349786,-20.13787582,0],[-44.13497535,-20.13787377,0],[-44.13496884,-20.13786934,0],[-44.13496305,-20.13786526,0],[-44.13496053,-20.13786355,0],[-44.13495794,-20.13786195,0],[-44.13495454,-20.13786017,0],[-44.134951,-20.13785862,0],[-44.13494735,-20.13785724,0],[-44.13494424,-20.13785622,0],[-44.13494109,-20.13785529,0],[-44.13493437,-20.13785358,0],[-44.13493096,-20.13785282,0],[-44.13491546,-20.13784976,0],[-44.13491122,-20.13784883,0],[-44.13490703,-20.13784781,0],[-44.13490308,-20.13784672,0],[-44.13490025,-20.13784582,0],[-44.13489588,-20.13784424,0],[-44.13489205,-20.13784274,0],[-44.13488448,-20.13783954,0],[-44.13487285,-20.1378342,0],[-44.13486892,-20.13783261,0],[-44.13486491,-20.13783115,0],[-44.13486084,-20.13782981,0],[-44.13485672,-20.13782854,0],[-44.13484525,-20.13782527,0],[-44.13483434,-20.13782229,0],[-44.13483035,-20.1378213,0],[-44.13482636,-20.13782047,0],[-44.13482238,-20.13781989,0],[-44.13482008,-20.1378197,0],[-44.13481778,-20.13781965,0],[-44.1348153,-20.13781975,0],[-44.13481181,-20.13782017,0],[-44.13480777,-20.137821,0],[-44.13480373,-20.13782206,0],[-44.13479558,-20.13782437,0],[-44.13479131,-20.13782543,0],[-44.134787,-20.13782627,0],[-44.1347834,-20.13782677,0],[-44.13477978,-20.13782708,0],[-44.13477616,-20.13782723,0],[-44.13477328,-20.13782724,0],[-44.13477042,-20.13782712,0],[-44.13476676,-20.13782678,0],[-44.13476317,-20.13782619,0],[-44.13475967,-20.13782529,0],[-44.13475609,-20.13782397,0],[-44.13475266,-20.13782231,0],[-44.13474978,-20.13782061,0],[-44.13474702,-20.13781871,0],[-44.13474439,-20.13781664,0],[-44.13474216,-20.13781466,0],[-44.13474005,-20.13781257,0],[-44.13473806,-20.13781036,0],[-44.13473587,-20.13780756,0],[-44.13473389,-20.13780461,0],[-44.13473211,-20.13780152,0],[-44.13473071,-20.13779864,0],[-44.13472945,-20.13779567,0],[-44.13472833,-20.13779264,0],[-44.13472747,-20.13779008,0],[-44.13472624,-20.1377861,0],[-44.13472181,-20.13777058,0],[-44.13472064,-20.1377669,0],[-44.13471938,-20.13776325,0],[-44.13471779,-20.1377591,0],[-44.13471609,-20.13775499,0],[-44.1347143,-20.13775092,0],[-44.13471017,-20.13774219,0],[-44.13470693,-20.13773594,0],[-44.13470258,-20.13772814,0],[-44.134699,-20.1377215,0],[-44.13469564,-20.13771475,0],[-44.13469411,-20.13771143,0],[-44.13469133,-20.13770486,0],[-44.1346889,-20.13769838,0],[-44.13468734,-20.13769382,0],[-44.134686,-20.13768958,0],[-44.13468475,-20.13768531,0],[-44.13468361,-20.13768101,0],[-44.13468269,-20.13767713,0],[-44.13467762,-20.13765416,0],[-44.13467443,-20.13764066,0],[-44.13467282,-20.13763296,0],[-44.13467173,-20.13762684,0],[-44.13467067,-20.13761962,0],[-44.13466866,-20.13760416,0],[-44.13466505,-20.13758172,0],[-44.13466181,-20.13756051,0],[-44.13466088,-20.1375539,0],[-44.13466039,-20.13754963,0],[-44.13466002,-20.13754536,0],[-44.13465978,-20.13754114,0],[-44.13465934,-20.13752683,0],[-44.13465913,-20.13752263,0],[-44.13465878,-20.13751844,0],[-44.13465831,-20.13751473,0],[-44.13465769,-20.13751105,0],[-44.13465694,-20.13750739,0],[-44.13465604,-20.13750375,0],[-44.13465501,-20.13750014,0],[-44.13465314,-20.13749443,0],[-44.13465114,-20.13748933,0],[-44.13464884,-20.13748429,0],[-44.13464748,-20.13748155,0],[-44.13464437,-20.13747564,0],[-44.1346378,-20.13746356,0],[-44.13462644,-20.13744098,0],[-44.13462438,-20.1374371,0],[-44.13462194,-20.13743277,0],[-44.13461993,-20.13742939,0],[-44.1346178,-20.13742609,0],[-44.13461553,-20.1374229,0],[-44.13461288,-20.13741962,0],[-44.13461011,-20.13741642,0],[-44.13459951,-20.13740465,0],[-44.13459716,-20.13740189,0],[-44.13459459,-20.13739856,0],[-44.13459224,-20.13739514,0],[-44.13459013,-20.13739162,0],[-44.13458866,-20.13738875,0],[-44.13458743,-20.13738579,0],[-44.1345863,-20.13738189,0],[-44.13458584,-20.13737946,0],[-44.13458552,-20.13737701,0],[-44.13458534,-20.1373733,0],[-44.13458542,-20.13736956,0],[-44.13458573,-20.13736582,0],[-44.13458622,-20.13736209,0],[-44.13458686,-20.1373584,0],[-44.13458733,-20.13735614,0],[-44.13458812,-20.13735312,0],[-44.13458921,-20.1373498,0],[-44.13459064,-20.13734583,0],[-44.13459375,-20.13733774,0],[-44.13460494,-20.13731042,0],[-44.13460749,-20.1373038,0],[-44.13460863,-20.13730049,0],[-44.13460979,-20.13729662,0],[-44.13461084,-20.13729276,0],[-44.1346118,-20.13728892,0],[-44.1346126,-20.13728515,0],[-44.13461312,-20.13728145,0],[-44.13461323,-20.13727787,0],[-44.13461276,-20.13727444,0],[-44.13461169,-20.13727141,0],[-44.13461011,-20.13726852,0],[-44.13460818,-20.13726576,0],[-44.13460601,-20.13726313,0],[-44.13460371,-20.13726064,0],[-44.1346016,-20.13725853,0],[-44.13459951,-20.13725663,0],[-44.13459744,-20.137255,0],[-44.13459544,-20.13725376,0],[-44.1345941,-20.13725319,0],[-44.13459282,-20.1372529,0],[-44.1345918,-20.13725293,0],[-44.13459103,-20.13725315,0],[-44.13459053,-20.13725338,0],[-44.13458874,-20.1372548,0],[-44.13458707,-20.13725693,0],[-44.13458552,-20.13725959,0],[-44.13458407,-20.13726264,0],[-44.13458273,-20.137266,0],[-44.13458152,-20.13726958,0],[-44.13458043,-20.13727333,0],[-44.13457953,-20.13727702,0],[-44.13457873,-20.13728078,0],[-44.1345765,-20.1372922,0],[-44.13457567,-20.13729619,0],[-44.13457472,-20.13730014,0],[-44.13457362,-20.13730397,0],[-44.13457229,-20.13730771,0],[-44.13457069,-20.13731131,0],[-44.1345686,-20.13731501,0],[-44.13456622,-20.13731858,0],[-44.13456363,-20.13732205,0],[-44.13455965,-20.13732698,0],[-44.13455385,-20.13733387,0],[-44.13454661,-20.13734209,0],[-44.13454056,-20.13734852,0],[-44.13453207,-20.13735733,0],[-44.1345296,-20.13736005,0],[-44.13452724,-20.13736283,0],[-44.13452503,-20.13736566,0],[-44.13452299,-20.13736856,0],[-44.13452117,-20.13737153,0],[-44.13451938,-20.13737512,0],[-44.13451804,-20.13737879,0],[-44.13451727,-20.13738255,0],[-44.13451713,-20.13738563,0],[-44.13451737,-20.13738874,0],[-44.13451795,-20.13739186,0],[-44.13451894,-20.13739527,0],[-44.13452028,-20.13739868,0],[-44.1345219,-20.13740205,0],[-44.13452374,-20.13740538,0],[-44.13452575,-20.13740865,0],[-44.13452814,-20.13741221,0],[-44.13453195,-20.1374175,0],[-44.13453717,-20.13742445,0],[-44.13453963,-20.13742799,0],[-44.13454147,-20.13743098,0],[-44.13454314,-20.13743406,0],[-44.1345446,-20.13743721,0],[-44.13454586,-20.13744048,0],[-44.13454692,-20.13744382,0],[-44.13454779,-20.13744721,0],[-44.1345484,-20.13745012,0],[-44.13454891,-20.13745305,0],[-44.13454986,-20.13746004,0],[-44.13455021,-20.13746357,0],[-44.13455051,-20.13746781,0],[-44.1345507,-20.13747207,0],[-44.13455109,-20.13749902,0],[-44.13455104,-20.13751351,0],[-44.13455078,-20.13752205,0],[-44.13455053,-20.13752627,0],[-44.13454968,-20.13753574,0],[-44.13454891,-20.13754178,0],[-44.13454843,-20.13754479,0],[-44.13454763,-20.1375491,0],[-44.13454671,-20.13755339,0],[-44.13454301,-20.13756889,0],[-44.1345423,-20.1375722,0],[-44.13454149,-20.13757655,0],[-44.13454083,-20.1375809,0],[-44.13454043,-20.13758443,0],[-44.13454015,-20.13758796,0],[-44.13454,-20.13759148,0],[-44.13454003,-20.13759518,0],[-44.13454028,-20.13759887,0],[-44.13454077,-20.13760241,0],[-44.13454145,-20.13760593,0],[-44.13454226,-20.13760944,0],[-44.13454455,-20.13761838,0],[-44.13454552,-20.13762249,0],[-44.13454631,-20.13762663,0],[-44.13454674,-20.13763,0],[-44.134547,-20.13763338,0],[-44.1345471,-20.13763677,0],[-44.13454706,-20.13763962,0],[-44.13454691,-20.13764246,0],[-44.13454659,-20.13764595,0],[-44.13454608,-20.13764942,0],[-44.13454537,-20.13765285,0],[-44.13454428,-20.13765665,0],[-44.13454295,-20.13766041,0],[-44.13454144,-20.13766412,0],[-44.13453977,-20.13766784,0],[-44.13453155,-20.13768497,0],[-44.13452727,-20.13769445,0],[-44.13452441,-20.13770146,0],[-44.13452328,-20.13770458,0],[-44.13452224,-20.13770773,0],[-44.1345204,-20.13771425,0],[-44.13451831,-20.13772317,0],[-44.13451683,-20.13773071,0],[-44.1345121,-20.13775767,0],[-44.13451058,-20.13776576,0],[-44.13450787,-20.13777861,0],[-44.13450546,-20.13778861,0],[-44.13450345,-20.13779578,0],[-44.1345013,-20.13780246,0],[-44.1344962,-20.13781637,0],[-44.13449501,-20.13782006,0],[-44.13449392,-20.13782379,0],[-44.13449099,-20.13783465,0],[-44.13448972,-20.13783871,0],[-44.13448829,-20.13784273,0],[-44.13448683,-20.13784647,0],[-44.13448529,-20.13785018,0],[-44.13448232,-20.13785694,0],[-44.13447786,-20.13786646,0],[-44.13447454,-20.13787289,0],[-44.13447298,-20.13787556,0],[-44.13447128,-20.13787815,0],[-44.13446943,-20.13788062,0],[-44.13446719,-20.13788321,0],[-44.13446477,-20.13788566,0],[-44.13446221,-20.137888,0],[-44.13445892,-20.13789073,0],[-44.1344522,-20.13789607,0],[-44.13444896,-20.13789884,0],[-44.13444693,-20.13790074,0],[-44.13444513,-20.13790254,0],[-44.13444232,-20.13790569,0],[-44.1344397,-20.13790898,0],[-44.13443725,-20.13791237,0],[-44.13443263,-20.13791938,0],[-44.13443018,-20.1379228,0],[-44.13442755,-20.13792578,0],[-44.13442461,-20.13792847,0],[-44.13442138,-20.13793084,0],[-44.13441865,-20.13793246,0],[-44.13441576,-20.13793382,0],[-44.13441275,-20.13793489,0],[-44.13440866,-20.13793581,0],[-44.13440442,-20.13793629,0],[-44.1344001,-20.13793643,0],[-44.1343947,-20.1379362,0],[-44.13439033,-20.13793571,0],[-44.13438603,-20.13793495,0],[-44.13438249,-20.13793407,0],[-44.13437908,-20.13793295,0],[-44.13437584,-20.13793156,0],[-44.13437267,-20.1379298,0],[-44.13436972,-20.1379278,0],[-44.134367,-20.13792568,0],[-44.1343625,-20.13792174,0],[-44.1343605,-20.13792011,0],[-44.13435781,-20.1379185,0],[-44.13435489,-20.13791745,0],[-44.1343518,-20.13791707,0],[-44.13434854,-20.13791714,0],[-44.1343455,-20.1379174,0],[-44.1343424,-20.13791785,0],[-44.13433929,-20.13791853,0],[-44.13433625,-20.13791949,0],[-44.13433354,-20.1379207,0],[-44.134331,-20.13792223,0],[-44.1343288,-20.13792398,0],[-44.13432713,-20.13792565,0],[-44.13432556,-20.13792748,0],[-44.13432406,-20.13792943,0],[-44.13431843,-20.13793756,0],[-44.13431642,-20.13794019,0],[-44.13431371,-20.13794322,0],[-44.13431077,-20.13794595,0],[-44.13430764,-20.13794831,0],[-44.13430529,-20.13794973,0],[-44.13430287,-20.13795088,0],[-44.13430072,-20.13795161,0],[-44.13429852,-20.13795205,0],[-44.13429623,-20.13795218,0],[-44.13429389,-20.13795204,0],[-44.13429096,-20.13795157,0],[-44.13428797,-20.13795085,0],[-44.13428493,-20.13794994,0],[-44.13428163,-20.13794883,0],[-44.13427829,-20.13794759,0],[-44.13427493,-20.13794626,0],[-44.13426234,-20.13794103,0],[-44.1342554,-20.13793836,0],[-44.13425196,-20.13793721,0],[-44.13424849,-20.1379362,0],[-44.13424499,-20.13793535,0],[-44.13424146,-20.13793469,0],[-44.13423801,-20.13793426,0],[-44.13423454,-20.13793401,0],[-44.13423104,-20.13793391,0],[-44.13422736,-20.13793393,0],[-44.13422366,-20.13793408,0],[-44.13422014,-20.13793434,0],[-44.13421663,-20.13793471,0],[-44.13421313,-20.13793517,0],[-44.13420018,-20.13793725,0],[-44.13419615,-20.13793775,0],[-44.13419208,-20.1379381,0],[-44.13418803,-20.13793824,0],[-44.13418402,-20.1379381,0],[-44.13418046,-20.13793767,0],[-44.13417695,-20.13793698,0],[-44.13417352,-20.13793606,0],[-44.13417017,-20.13793492,0],[-44.13416613,-20.13793323,0],[-44.13416302,-20.13793166,0],[-44.1341601,-20.13792992,0],[-44.13415741,-20.13792801,0],[-44.13415568,-20.13792654,0],[-44.13415413,-20.13792497,0],[-44.1341526,-20.13792302,0],[-44.13415137,-20.13792093,0],[-44.13415031,-20.13791829,0],[-44.13414969,-20.13791557,0],[-44.13414948,-20.13791285,0],[-44.13414975,-20.13790952,0],[-44.13415095,-20.13790349,0],[-44.13415123,-20.13790098,0],[-44.13415118,-20.13790016,0],[-44.13415088,-20.13789906,0],[-44.1341503,-20.13789822,0],[-44.13414975,-20.13789774,0],[-44.13414876,-20.13789719,0],[-44.13414667,-20.13789657,0],[-44.13414418,-20.13789621,0],[-44.13413916,-20.13789575,0],[-44.13413651,-20.13789537,0],[-44.13413383,-20.13789473,0],[-44.13413161,-20.13789393,0],[-44.13412944,-20.13789288,0],[-44.13412704,-20.13789141,0],[-44.13412447,-20.13788946,0],[-44.13412201,-20.13788728,0],[-44.13411711,-20.1378826,0],[-44.13411455,-20.13788033,0],[-44.13411183,-20.13787826,0],[-44.13410895,-20.13787642,0],[-44.13410592,-20.13787484,0],[-44.13410277,-20.13787358,0],[-44.13409951,-20.13787271,0],[-44.13409729,-20.13787238,0],[-44.13409356,-20.13787225,0],[-44.13408974,-20.13787247,0],[-44.13407783,-20.13787388,0],[-44.13407376,-20.13787419,0],[-44.13406964,-20.13787434,0],[-44.13406617,-20.13787433,0],[-44.13405879,-20.13787406,0],[-44.13405492,-20.13787378,0],[-44.13405107,-20.13787341,0],[-44.13404727,-20.1378729,0],[-44.13404438,-20.13787241,0],[-44.13404155,-20.13787181,0],[-44.13403747,-20.13787071,0],[-44.13403411,-20.1378695,0],[-44.13403097,-20.13786803,0],[-44.13402812,-20.13786628,0],[-44.13402562,-20.13786419,0],[-44.13402385,-20.13786213,0],[-44.13402239,-20.13785984,0],[-44.13402096,-20.13785677,0],[-44.13401983,-20.13785349,0],[-44.1340179,-20.13784663,0],[-44.13401621,-20.13784124,0],[-44.13401545,-20.1378392,0],[-44.13401459,-20.13783723,0],[-44.13401313,-20.13783454,0],[-44.13401139,-20.13783206,0],[-44.13400936,-20.13782984,0],[-44.13400678,-20.13782773,0],[-44.13400392,-20.13782592,0],[-44.13400086,-20.13782432,0],[-44.13399767,-20.13782288,0],[-44.13399438,-20.13782163,0],[-44.13399102,-20.13782064,0],[-44.1339876,-20.13781998,0],[-44.13398444,-20.13781974,0],[-44.1339813,-20.13781987,0],[-44.13397781,-20.13782037,0],[-44.13396713,-20.13782262,0],[-44.13396327,-20.13782321,0],[-44.13395937,-20.13782354,0],[-44.13395545,-20.13782358,0],[-44.13395176,-20.13782331,0],[-44.13394809,-20.13782275,0],[-44.13394447,-20.13782192,0],[-44.13394085,-20.1378208,0],[-44.13393728,-20.13781946,0],[-44.13393377,-20.13781794,0],[-44.13393031,-20.13781628,0],[-44.13392715,-20.13781463,0],[-44.13392189,-20.13781165,0],[-44.13391509,-20.13780749,0],[-44.13391178,-20.13780528,0],[-44.13390858,-20.13780294,0],[-44.13390515,-20.13780015,0],[-44.13390189,-20.13779719,0],[-44.13389881,-20.13779407,0],[-44.13389678,-20.13779181,0],[-44.13389488,-20.13778946,0],[-44.1338932,-20.13778715,0],[-44.13389167,-20.13778475,0],[-44.13388978,-20.13778131,0],[-44.1338881,-20.13777776,0],[-44.13388657,-20.13777412,0],[-44.13388534,-20.13777099,0],[-44.13388083,-20.13775886,0],[-44.13387913,-20.13775468,0],[-44.13387726,-20.13775059,0],[-44.13387535,-20.13774696,0],[-44.13387325,-20.13774344,0],[-44.13387097,-20.13774001,0],[-44.13386851,-20.13773671,0],[-44.13386647,-20.13773424,0],[-44.13386456,-20.13773211,0],[-44.13386168,-20.13772913,0],[-44.13385867,-20.13772625,0],[-44.13385556,-20.13772346,0],[-44.13385237,-20.13772075,0],[-44.13384551,-20.13771517,0],[-44.13384213,-20.13771232,0],[-44.13383961,-20.13771006,0],[-44.13383717,-20.13770772,0],[-44.13383495,-20.13770547,0],[-44.13383281,-20.13770317,0],[-44.13382996,-20.13769985,0],[-44.1338273,-20.1376964,0],[-44.13382487,-20.13769281,0],[-44.13382277,-20.13768919,0],[-44.13382086,-20.13768547,0],[-44.13381907,-20.13768168,0],[-44.13381426,-20.13767078,0],[-44.13381286,-20.13766778,0],[-44.13381134,-20.13766489,0],[-44.13380964,-20.13766217,0],[-44.1338073,-20.13765922,0],[-44.13380465,-20.13765657,0],[-44.13380244,-20.13765476,0],[-44.13380009,-20.13765317,0],[-44.13379762,-20.13765184,0],[-44.13379453,-20.13765064,0],[-44.13379133,-20.13764988,0],[-44.13378808,-20.13764959,0],[-44.13378517,-20.13764978,0],[-44.13378274,-20.13765028,0],[-44.13377938,-20.13765147,0],[-44.13377619,-20.13765304,0],[-44.13377305,-20.13765489,0],[-44.13375942,-20.13766378,0],[-44.13375577,-20.13766624,0],[-44.13375268,-20.13766845,0],[-44.13374969,-20.13767077,0],[-44.13374635,-20.13767366,0],[-44.13374317,-20.13767671,0],[-44.13374061,-20.13767934,0],[-44.13373067,-20.13769002,0],[-44.1337283,-20.13769276,0],[-44.13372643,-20.13769512,0],[-44.13371813,-20.13770653,0],[-44.13371541,-20.13770988,0],[-44.13371254,-20.13771301,0],[-44.13371022,-20.13771517,0],[-44.13370822,-20.13771674,0],[-44.13370471,-20.1377191,0],[-44.13370103,-20.13772126,0],[-44.13369194,-20.13772604,0],[-44.13368905,-20.13772778,0],[-44.13368638,-20.1377297,0],[-44.133684,-20.13773182,0],[-44.13368201,-20.13773419,0],[-44.13368034,-20.13773708,0],[-44.13367906,-20.13774021,0],[-44.1336781,-20.13774317,0],[-44.13367636,-20.13774905,0],[-44.13367531,-20.13775198,0],[-44.13367401,-20.1377546,0],[-44.13367272,-20.13775634,0],[-44.13367119,-20.13775775,0],[-44.13366937,-20.13775883,0],[-44.13366736,-20.1377594,0],[-44.13366519,-20.13775941,0],[-44.13366289,-20.13775896,0],[-44.13366056,-20.13775821,0],[-44.13365816,-20.13775723,0],[-44.13365572,-20.13775608,0],[-44.1336505,-20.13775345,0],[-44.13364779,-20.13775229,0],[-44.13364524,-20.13775147,0],[-44.13364262,-20.13775091,0],[-44.13363994,-20.13775066,0],[-44.13363628,-20.13775084,0],[-44.13363257,-20.13775145,0],[-44.13362883,-20.13775234,0],[-44.13362508,-20.13775345,0],[-44.13362139,-20.13775482,0],[-44.13361783,-20.13775647,0],[-44.13361448,-20.13775846,0],[-44.13361208,-20.13776028,0],[-44.13360956,-20.13776264,0],[-44.13360723,-20.13776523,0],[-44.13360508,-20.13776801,0],[-44.13360309,-20.13777094,0],[-44.13360125,-20.137774,0],[-44.13359945,-20.13777737,0],[-44.13359783,-20.13778083,0],[-44.1335964,-20.13778437,0],[-44.13359527,-20.13778758,0],[-44.13359218,-20.13779764,0],[-44.13359102,-20.13780118,0],[-44.13359002,-20.13780389,0],[-44.1335889,-20.1378065,0],[-44.13358762,-20.13780899,0],[-44.13358611,-20.13781135,0],[-44.13358437,-20.13781353,0],[-44.13358248,-20.1378154,0],[-44.13358041,-20.13781715,0],[-44.13357757,-20.1378193,0],[-44.13356753,-20.13782649,0],[-44.13356456,-20.13782885,0],[-44.13356176,-20.13783134,0],[-44.13355919,-20.13783399,0],[-44.13355694,-20.13783682,0],[-44.13355577,-20.13783865,0],[-44.13355508,-20.13783992,0],[-44.13355448,-20.13784117,0],[-44.13355306,-20.1378449,0],[-44.13355195,-20.13784881,0],[-44.1335511,-20.13785284,0],[-44.13355046,-20.13785696,0],[-44.13354998,-20.13786111,0],[-44.13354863,-20.13787753,0],[-44.1335481,-20.1378812,0],[-44.13354726,-20.1378847,0],[-44.13354595,-20.13788797,0],[-44.13354462,-20.13789019,0],[-44.13354228,-20.13789304,0],[-44.13353952,-20.13789567,0],[-44.13353646,-20.13789817,0],[-44.1335263,-20.13790572,0],[-44.13352346,-20.13790809,0],[-44.1335207,-20.13791059,0],[-44.13351801,-20.13791319,0],[-44.1335135,-20.13791784,0],[-44.13351134,-20.13792023,0],[-44.13350471,-20.137928,0],[-44.13350224,-20.13793074,0],[-44.13349969,-20.13793339,0],[-44.13349703,-20.13793596,0],[-44.13349427,-20.13793842,0],[-44.1334904,-20.1379415,0],[-44.13348263,-20.1379473,0],[-44.13347717,-20.13795153,0],[-44.13345345,-20.13797078,0],[-44.13345062,-20.13797299,0],[-44.13344707,-20.13797562,0],[-44.13344341,-20.13797808,0],[-44.13344029,-20.13797996,0],[-44.13343708,-20.13798167,0],[-44.13343295,-20.13798354,0],[-44.1334287,-20.13798517,0],[-44.13342435,-20.13798655,0],[-44.13342195,-20.1379872,0],[-44.13341768,-20.13798822,0],[-44.13341337,-20.1379891,0],[-44.13340902,-20.13798986,0],[-44.13339204,-20.13799243,0],[-44.13338463,-20.13799385,0],[-44.13338093,-20.13799475,0],[-44.13337808,-20.13799558,0],[-44.13337529,-20.13799654,0],[-44.13337206,-20.13799786,0],[-44.13336919,-20.13799922,0],[-44.13336314,-20.13800255,0],[-44.13335784,-20.13800588,0],[-44.13334475,-20.13801457,0],[-44.13334143,-20.13801667,0],[-44.13333194,-20.13802231,0],[-44.13332895,-20.13802425,0],[-44.13332718,-20.13802552,0],[-44.13332441,-20.13802778,0],[-44.13332147,-20.13803069,0],[-44.1333196,-20.13803283,0],[-44.1333158,-20.13803761,0],[-44.13331386,-20.1380397,0],[-44.13331171,-20.1380414,0],[-44.13330936,-20.13804255,0],[-44.13330674,-20.13804341,0],[-44.13329738,-20.13804587,0],[-44.13329396,-20.13804687,0],[-44.13329079,-20.13804788,0],[-44.13328761,-20.13804903,0],[-44.13328355,-20.13805076,0],[-44.13327955,-20.13805272,0],[-44.13327563,-20.1380549,0],[-44.13326075,-20.13806404,0],[-44.13324008,-20.13807592,0],[-44.13323517,-20.13807891,0],[-44.13323227,-20.13808078,0],[-44.13322949,-20.13808276,0],[-44.13322619,-20.13808551,0],[-44.13322317,-20.13808852,0],[-44.13322045,-20.13809175,0],[-44.13321859,-20.13809434,0],[-44.13321296,-20.13810283,0],[-44.13321067,-20.13810586,0],[-44.13320823,-20.13810855,0],[-44.1332054,-20.13811097,0],[-44.13320281,-20.13811281,0],[-44.13320006,-20.13811451,0],[-44.13319717,-20.13811611,0],[-44.13319433,-20.13811752,0],[-44.13319141,-20.13811883,0],[-44.13318731,-20.13812042,0],[-44.1331831,-20.13812186,0],[-44.13317881,-20.13812319,0],[-44.13316063,-20.13812829,0],[-44.13315615,-20.13812962,0],[-44.13315051,-20.13813146,0],[-44.13314757,-20.13813253,0],[-44.13314241,-20.13813459,0],[-44.13313887,-20.13813611,0],[-44.13313189,-20.13813931,0],[-44.13312846,-20.13814099,0],[-44.13312535,-20.13814262,0],[-44.13312231,-20.13814433,0],[-44.13311853,-20.13814673,0],[-44.13311489,-20.13814932,0],[-44.13311139,-20.13815207,0],[-44.13309908,-20.13816262,0],[-44.1330965,-20.13816464,0],[-44.13309375,-20.13816659,0],[-44.1330909,-20.1381684,0],[-44.13308789,-20.13817009,0],[-44.13308481,-20.13817165,0],[-44.13307426,-20.13817662,0],[-44.13306731,-20.13818007,0],[-44.13306174,-20.13818303,0],[-44.13305222,-20.13818823,0],[-44.13304865,-20.13819029,0],[-44.13304516,-20.13819244,0],[-44.13304178,-20.13819472,0],[-44.13303916,-20.13819668,0],[-44.13303667,-20.13819877,0],[-44.13303351,-20.13820185,0],[-44.13303055,-20.13820516,0],[-44.13302773,-20.13820861,0],[-44.13301802,-20.13822137,0],[-44.13301548,-20.13822458,0],[-44.13301298,-20.13822759,0],[-44.13300782,-20.1382335,0],[-44.13300236,-20.13823948,0],[-44.13299743,-20.13824463,0],[-44.13298606,-20.13825577,0],[-44.13298364,-20.13825821,0],[-44.13298144,-20.13826064,0],[-44.13297956,-20.13826309,0],[-44.1329786,-20.13826464,0],[-44.13297784,-20.13826621,0],[-44.13297731,-20.1382678,0],[-44.13297706,-20.1382694,0],[-44.13297711,-20.13827106,0],[-44.13297745,-20.13827272,0],[-44.13297807,-20.13827441,0],[-44.1329789,-20.13827612,0],[-44.13298044,-20.13827868,0],[-44.13298225,-20.13828129,0],[-44.13298853,-20.13828943,0],[-44.1329908,-20.13829223,0],[-44.13299317,-20.138295,0],[-44.13299743,-20.13829949,0],[-44.13300523,-20.1383073,0],[-44.13300794,-20.13831015,0],[-44.13301054,-20.13831307,0],[-44.13301297,-20.13831609,0],[-44.13301487,-20.13831876,0],[-44.13301659,-20.13832152,0],[-44.13301812,-20.13832437,0],[-44.1330196,-20.1383277,0],[-44.13302084,-20.13833113,0],[-44.13302184,-20.13833462,0],[-44.13302247,-20.1383375,0],[-44.13302296,-20.13834041,0],[-44.13302335,-20.13834376,0],[-44.13302353,-20.13834712,0],[-44.13302346,-20.13835048,0],[-44.13302303,-20.13835446,0],[-44.13302227,-20.1383584,0],[-44.13302123,-20.13836231,0],[-44.13302042,-20.13836487,0],[-44.13301889,-20.13836896,0],[-44.13301711,-20.13837296,0],[-44.13301505,-20.13837684,0],[-44.1330131,-20.13837999,0],[-44.13301095,-20.13838303,0],[-44.13300902,-20.13838548,0],[-44.13300698,-20.13838787,0],[-44.13300486,-20.13839019,0],[-44.13299517,-20.13840016,0],[-44.13299267,-20.13840292,0],[-44.13299026,-20.13840575,0],[-44.13298758,-20.13840912,0],[-44.13298501,-20.13841258,0],[-44.13298073,-20.13841869,0],[-44.13297505,-20.13842704,0],[-44.13297221,-20.13843103,0],[-44.13296951,-20.13843446,0],[-44.13296664,-20.13843776,0],[-44.13296361,-20.13844093,0],[-44.13296042,-20.13844395,0],[-44.13295736,-20.13844658,0],[-44.1329542,-20.1384491,0],[-44.13295097,-20.13845154,0],[-44.13294256,-20.13845753,0],[-44.13293759,-20.13846097,0],[-44.13293447,-20.138463,0],[-44.13293128,-20.13846492,0],[-44.132928,-20.1384667,0],[-44.13292474,-20.13846824,0],[-44.13292139,-20.13846961,0],[-44.13291797,-20.13847082,0],[-44.13291402,-20.13847201,0],[-44.13290099,-20.13847547,0],[-44.13289402,-20.13847754,0],[-44.1328906,-20.13847874,0],[-44.13288754,-20.13847998,0],[-44.13288454,-20.13848137,0],[-44.13288133,-20.13848303,0],[-44.13287821,-20.13848483,0],[-44.13287516,-20.13848677,0],[-44.13287145,-20.13848938,0],[-44.13286783,-20.13849213,0],[-44.13285507,-20.13850241,0],[-44.13285231,-20.13850473,0],[-44.13284381,-20.13851224,0],[-44.13284071,-20.13851478,0],[-44.13283751,-20.1385171,0],[-44.13283398,-20.13851923,0],[-44.13283026,-20.13852091,0],[-44.13282651,-20.13852203,0],[-44.13282261,-20.13852271,0],[-44.13281863,-20.13852302,0],[-44.13281565,-20.13852303,0],[-44.13281176,-20.13852281,0],[-44.13280791,-20.13852232,0],[-44.13280414,-20.13852154,0],[-44.1328012,-20.13852067,0],[-44.13279836,-20.13851962,0],[-44.13279566,-20.1385184,0],[-44.13279269,-20.13851682,0],[-44.13278721,-20.1385136,0],[-44.13278429,-20.1385121,0],[-44.13278152,-20.13851109,0],[-44.13277947,-20.13851077,0],[-44.1327776,-20.138511,0],[-44.13277589,-20.13851191,0],[-44.13277443,-20.13851341,0],[-44.13277337,-20.13851504,0],[-44.13277212,-20.13851775,0],[-44.13277114,-20.13852052,0],[-44.13276829,-20.13852976,0],[-44.1327671,-20.1385329,0],[-44.13276613,-20.13853502,0],[-44.13276501,-20.13853707,0],[-44.13276308,-20.13853996,0],[-44.13276084,-20.13854266,0],[-44.13275833,-20.13854515,0],[-44.13275557,-20.13854742,0],[-44.13275236,-20.13854957,0],[-44.13274892,-20.13855144,0],[-44.13274529,-20.13855302,0],[-44.13274232,-20.13855405,0],[-44.13273926,-20.13855491,0],[-44.13273614,-20.13855564,0],[-44.13273184,-20.13855644,0],[-44.13271757,-20.13855863,0],[-44.13271018,-20.13855993,0],[-44.13270591,-20.13856078,0],[-44.13268888,-20.13856448,0],[-44.13267571,-20.13856725,0],[-44.13267165,-20.13856819,0],[-44.13266761,-20.13856922,0],[-44.13266363,-20.13857037,0],[-44.13265993,-20.1385716,0],[-44.13265603,-20.13857309,0],[-44.1326522,-20.13857472,0],[-44.13264842,-20.13857646,0],[-44.13264422,-20.13857856,0],[-44.13264083,-20.13858038,0],[-44.1326375,-20.13858228,0],[-44.13263425,-20.13858423,0],[-44.13262902,-20.13858762,0],[-44.13262702,-20.13858903,0],[-44.13262433,-20.13859109,0],[-44.13262183,-20.13859327,0],[-44.13261957,-20.13859561,0],[-44.13261761,-20.1385981,0],[-44.1326159,-20.13860074,0],[-44.13261438,-20.13860345,0],[-44.13261153,-20.13860916,0],[-44.1326101,-20.13861171,0],[-44.13260851,-20.13861404,0],[-44.13260669,-20.13861606,0],[-44.13260485,-20.13861751,0],[-44.1326028,-20.13861862,0],[-44.13260038,-20.13861944,0],[-44.13259727,-20.13861983,0],[-44.13259421,-20.13861967,0],[-44.13259112,-20.13861906,0],[-44.13258805,-20.13861806,0],[-44.13258506,-20.13861669,0],[-44.13258237,-20.13861511,0],[-44.13257621,-20.13861111,0],[-44.13257256,-20.13860896,0],[-44.13256954,-20.13860741,0],[-44.13256641,-20.13860605,0],[-44.13256318,-20.13860496,0],[-44.13255951,-20.1386041,0],[-44.13255574,-20.13860352,0],[-44.13255217,-20.13860316,0],[-44.13254857,-20.13860297,0],[-44.13254493,-20.13860299,0],[-44.13254038,-20.13860335,0],[-44.13253581,-20.13860401,0],[-44.13253004,-20.13860509,0],[-44.1325195,-20.13860737,0],[-44.13250679,-20.13861031,0],[-44.1324913,-20.13861415,0],[-44.13248013,-20.13861682,0],[-44.13247298,-20.13861883,0],[-44.13246948,-20.13861999,0],[-44.13246554,-20.13862147,0],[-44.13246173,-20.13862319,0],[-44.13245891,-20.13862469,0],[-44.13245539,-20.13862678,0],[-44.13245193,-20.13862899,0],[-44.13244852,-20.1386313,0],[-44.13243909,-20.13863798,0],[-44.13243605,-20.13864005,0],[-44.13243296,-20.13864198,0],[-44.1324298,-20.1386437,0],[-44.13242785,-20.13864462,0],[-44.13242632,-20.13864523,0],[-44.13242228,-20.13864652,0],[-44.13241809,-20.13864746,0],[-44.13241377,-20.13864813,0],[-44.13240938,-20.13864855,0],[-44.13240493,-20.13864873,0],[-44.132401,-20.13864868,0],[-44.13239413,-20.13864827,0],[-44.1323901,-20.13864789,0],[-44.13238608,-20.1386474,0],[-44.13238207,-20.1386468,0],[-44.13237809,-20.13864606,0],[-44.13237415,-20.13864515,0],[-44.13237115,-20.13864432,0],[-44.13236733,-20.13864309,0],[-44.13235207,-20.13863771,0],[-44.13234898,-20.13863673,0],[-44.13234586,-20.13863584,0],[-44.1323427,-20.13863506,0],[-44.1323383,-20.1386342,0],[-44.13233385,-20.13863355,0],[-44.13232715,-20.13863295,0],[-44.13232277,-20.13863274,0],[-44.1323184,-20.13863268,0],[-44.13231405,-20.13863281,0],[-44.13230996,-20.13863314,0],[-44.13230593,-20.13863366,0],[-44.13230201,-20.13863438,0],[-44.13229867,-20.13863517,0],[-44.13229546,-20.13863608,0],[-44.13229274,-20.13863698,0],[-44.13229021,-20.13863796,0],[-44.13228791,-20.13863904,0],[-44.13228597,-20.1386402,0],[-44.13228438,-20.1386415,0],[-44.13228298,-20.1386434,0],[-44.1322824,-20.13864548,0],[-44.13228273,-20.13864771,0],[-44.13228381,-20.13865003,0],[-44.13228512,-20.13865203,0],[-44.13228676,-20.13865401,0],[-44.13228869,-20.13865591,0],[-44.13229099,-20.13865775,0],[-44.1322935,-20.13865943,0],[-44.13229614,-20.13866096,0],[-44.13230352,-20.13866467,0],[-44.13230629,-20.13866633,0],[-44.13230837,-20.13866811,0],[-44.13230947,-20.13866997,0],[-44.1323096,-20.13867121,0],[-44.13230936,-20.13867215,0],[-44.13230907,-20.13867276,0],[-44.13230831,-20.13867377,0],[-44.1323073,-20.13867474,0],[-44.13230506,-20.13867634,0],[-44.13230252,-20.13867792,0],[-44.13229996,-20.13867967,0],[-44.13229767,-20.13868176,0],[-44.13229615,-20.13868382,0],[-44.13229483,-20.13868615,0],[-44.1322922,-20.13869118,0],[-44.13229029,-20.1386941,0],[-44.13228797,-20.13869685,0],[-44.13228572,-20.13869889,0],[-44.13228345,-20.1387005,0],[-44.13228123,-20.13870177,0],[-44.13227886,-20.13870293,0],[-44.13227571,-20.13870425,0],[-44.13227242,-20.13870546,0],[-44.13225726,-20.13871054,0],[-44.13224926,-20.13871357,0],[-44.13224202,-20.13871652,0],[-44.13223565,-20.13871933,0],[-44.13223249,-20.1387209,0],[-44.13222954,-20.13872254,0],[-44.13222658,-20.13872453,0],[-44.1322246,-20.13872633,0],[-44.13222301,-20.13872834,0],[-44.13222179,-20.13873061,0],[-44.13222086,-20.13873306,0],[-44.13221996,-20.1387361,0],[-44.13221928,-20.13873929,0],[-44.13221892,-20.13874262,0],[-44.13221895,-20.13874582,0],[-44.13221932,-20.13874907,0],[-44.13222004,-20.13875233,0],[-44.13222112,-20.13875564,0],[-44.13222252,-20.1387589,0],[-44.13222418,-20.13876204,0],[-44.13222605,-20.13876512,0],[-44.1322303,-20.13877147,0],[-44.13223247,-20.13877486,0],[-44.13223424,-20.13877804,0],[-44.13223579,-20.13878134,0],[-44.13223722,-20.13878507,0],[-44.1322384,-20.1387889,0],[-44.13223938,-20.1387928,0],[-44.13223991,-20.13879533,0],[-44.1322406,-20.13879944,0],[-44.1322411,-20.13880358,0],[-44.13224137,-20.13880775,0],[-44.13224141,-20.13881199,0],[-44.13224098,-20.13882653,0],[-44.13224108,-20.13883066,0],[-44.13224145,-20.13883474,0],[-44.1322422,-20.13883878,0],[-44.1322433,-20.13884274,0],[-44.13224471,-20.13884661,0],[-44.13224589,-20.13884927,0],[-44.1322472,-20.13885188,0],[-44.13224864,-20.13885441,0],[-44.1322508,-20.13885774,0],[-44.13225319,-20.13886088,0],[-44.13225493,-20.13886282,0],[-44.13225654,-20.13886439,0],[-44.13225827,-20.13886584,0],[-44.13226181,-20.13886819,0],[-44.13226567,-20.1388702,0],[-44.13226918,-20.13887174,0],[-44.13227282,-20.13887313,0],[-44.13227654,-20.13887439,0],[-44.13228764,-20.13887779,0],[-44.13229469,-20.13887986,0],[-44.13229879,-20.13888094,0],[-44.13230291,-20.13888192,0],[-44.13230705,-20.13888275,0],[-44.13231032,-20.13888329,0],[-44.1323136,-20.13888368,0],[-44.1323162,-20.13888388,0],[-44.13231881,-20.13888398,0],[-44.13232338,-20.13888401,0],[-44.13232796,-20.13888384,0],[-44.13233253,-20.13888347,0],[-44.13233706,-20.13888286,0],[-44.13233967,-20.13888238,0],[-44.13234586,-20.13888097,0],[-44.13235621,-20.13887822,0],[-44.13236793,-20.13887484,0],[-44.13237217,-20.13887397,0],[-44.13237525,-20.13887364,0],[-44.13237834,-20.13887356,0],[-44.13238141,-20.13887373,0],[-44.13238427,-20.13887409,0],[-44.13238709,-20.13887463,0],[-44.13239075,-20.13887556,0],[-44.13239423,-20.13887681,0],[-44.13239746,-20.13887846,0],[-44.13239995,-20.13888026,0],[-44.13240219,-20.13888237,0],[-44.13240419,-20.13888476,0],[-44.13240587,-20.13888725,0],[-44.13240739,-20.13888991,0],[-44.132409,-20.13889315,0],[-44.13241052,-20.13889651,0],[-44.13241386,-20.13890436,0],[-44.13241562,-20.13890824,0],[-44.13241749,-20.13891209,0],[-44.13241945,-20.13891589,0],[-44.13242276,-20.13892207,0],[-44.13242445,-20.13892542,0],[-44.13242603,-20.13892879,0],[-44.13242744,-20.13893217,0],[-44.13242876,-20.13893599,0],[-44.1324297,-20.13893983,0],[-44.13242999,-20.13894193,0],[-44.13243011,-20.13894403,0],[-44.13243003,-20.13894622,0],[-44.13242975,-20.13894841,0],[-44.13242916,-20.13895117,0],[-44.13242836,-20.13895393,0],[-44.13242739,-20.13895669,0],[-44.13242608,-20.13896001,0],[-44.13242466,-20.13896334,0],[-44.13241767,-20.13897835,0],[-44.13241441,-20.13898566,0],[-44.13241299,-20.13898896,0],[-44.13241171,-20.13899223,0],[-44.1324107,-20.1389955,0],[-44.13241008,-20.13899879,0],[-44.13240996,-20.13900191,0],[-44.13241023,-20.13900506,0],[-44.13241082,-20.13900824,0],[-44.13241149,-20.13901079,0],[-44.1324123,-20.13901334,0],[-44.13241376,-20.1390172,0],[-44.13241546,-20.13902103,0],[-44.1324174,-20.13902481,0],[-44.13241922,-20.139028,0],[-44.13242343,-20.13903463,0],[-44.13242578,-20.13903808,0],[-44.13242823,-20.13904148,0],[-44.13243463,-20.13904989,0],[-44.13244266,-20.13906071,0],[-44.13244462,-20.13906353,0],[-44.13244672,-20.13906677,0],[-44.13244864,-20.13907006,0],[-44.13245034,-20.1390734,0],[-44.13245175,-20.13907679,0],[-44.13245278,-20.13908025,0],[-44.13245306,-20.13908157,0],[-44.13245347,-20.13908509,0],[-44.13245351,-20.13908863,0],[-44.1324532,-20.13909218,0],[-44.13245259,-20.1390957,0],[-44.13245168,-20.13909916,0],[-44.13245044,-20.13910254,0],[-44.1324492,-20.13910513,0],[-44.13244715,-20.13910852,0],[-44.13244478,-20.13911179,0],[-44.13243683,-20.13912164,0],[-44.13243418,-20.13912515,0],[-44.13243171,-20.13912874,0],[-44.13242952,-20.13913243,0],[-44.13242885,-20.13913374,0],[-44.1324282,-20.13913511,0],[-44.13242734,-20.13913725,0],[-44.13242613,-20.13914111,0],[-44.13242522,-20.13914508,0],[-44.13242455,-20.13914912,0],[-44.13242406,-20.13915322,0],[-44.1324237,-20.13915736,0],[-44.13242286,-20.13917247,0],[-44.13242247,-20.13917659,0],[-44.13242185,-20.13918063,0],[-44.13242092,-20.13918456,0],[-44.13242025,-20.13918661,0],[-44.13241857,-20.13919041,0],[-44.13241649,-20.13919409,0],[-44.13241417,-20.13919768,0],[-44.13240909,-20.13920514,0],[-44.13240681,-20.13920874,0],[-44.13240478,-20.13921243,0],[-44.13240316,-20.13921624,0],[-44.13240275,-20.13921752,0],[-44.13240181,-20.13922157,0],[-44.13240129,-20.13922574,0],[-44.13240108,-20.13923,0],[-44.1324011,-20.13923432,0],[-44.13240129,-20.13923869,0],[-44.13240154,-20.13924211,0],[-44.13240197,-20.13924624,0],[-44.13240249,-20.13925038,0],[-44.1324031,-20.13925453,0],[-44.13240452,-20.13926284,0],[-44.13240582,-20.13926941,0],[-44.13240802,-20.13927933,0],[-44.13240968,-20.13928608,0],[-44.13241065,-20.13928956,0],[-44.13241279,-20.13929636,0],[-44.13241399,-20.13929983,0],[-44.13241525,-20.1393032,0],[-44.13241656,-20.13930643,0],[-44.13241922,-20.1393126,0],[-44.13242018,-20.13931542,0],[-44.13242063,-20.13931806,0],[-44.13242036,-20.13932047,0],[-44.13241994,-20.13932152,0],[-44.13241957,-20.13932215,0],[-44.1324186,-20.13932329,0],[-44.13241645,-20.13932495,0],[-44.13241376,-20.13932639,0],[-44.13241068,-20.13932771,0],[-44.13240115,-20.13933134,0],[-44.13239846,-20.13933246,0],[-44.13239515,-20.13933396,0],[-44.13239185,-20.13933557,0],[-44.13238858,-20.1393373,0],[-44.13238534,-20.13933913,0],[-44.13238191,-20.1393412,0],[-44.13237852,-20.13934337,0],[-44.13237518,-20.13934561,0],[-44.13236855,-20.13935031,0],[-44.13236508,-20.13935292,0],[-44.13235894,-20.13935777,0],[-44.13235596,-20.13936027,0],[-44.13235306,-20.13936284,0],[-44.13234978,-20.13936598,0],[-44.13234665,-20.13936922,0],[-44.13234369,-20.13937259,0],[-44.13234095,-20.13937609,0],[-44.13233945,-20.13937823,0],[-44.13233803,-20.13938047,0],[-44.13233593,-20.13938415,0],[-44.13233399,-20.13938793,0],[-44.13233218,-20.13939178,0],[-44.13233047,-20.13939569,0],[-44.13232539,-20.13940791,0],[-44.1323221,-20.13941531,0],[-44.13232031,-20.13941902,0],[-44.13231842,-20.13942265,0],[-44.13231622,-20.13942647,0],[-44.13231379,-20.13943014,0],[-44.13231168,-20.13943293,0],[-44.13230947,-20.13943558,0],[-44.1323068,-20.13943852,0],[-44.13230404,-20.13944139,0],[-44.13228941,-20.13945568,0],[-44.13228648,-20.13945861,0],[-44.13228234,-20.13946297,0],[-44.13227956,-20.13946612,0],[-44.13227688,-20.13946934,0],[-44.1322743,-20.13947263,0],[-44.13227183,-20.139476,0],[-44.13226967,-20.13947914,0],[-44.1322676,-20.13948234,0],[-44.13226562,-20.13948559,0],[-44.13226345,-20.13948932,0],[-44.13226138,-20.13949311,0],[-44.13225441,-20.13950683,0],[-44.13225147,-20.13951207,0],[-44.13224897,-20.13951603,0],[-44.13224691,-20.13951908,0],[-44.13224056,-20.13952817,0],[-44.13223864,-20.13953103,0],[-44.13223495,-20.13953684,0],[-44.13223321,-20.1395398,0],[-44.13223025,-20.1395453,0],[-44.13222837,-20.1395492,0],[-44.13222663,-20.13955316,0],[-44.13222342,-20.13956121,0],[-44.13222085,-20.13956839,0],[-44.13221854,-20.1395753,0],[-44.13221649,-20.13958224,0],[-44.13221563,-20.13958573,0],[-44.13221484,-20.13958971,0],[-44.13221428,-20.1395937,0],[-44.13221403,-20.13959695,0],[-44.13221396,-20.1396002,0],[-44.13221407,-20.13960344,0],[-44.13221449,-20.13960767,0],[-44.13221517,-20.13961186,0],[-44.13221606,-20.13961578,0],[-44.13221726,-20.13961962,0],[-44.13221834,-20.13962232,0],[-44.13221958,-20.13962498,0],[-44.1322245,-20.13963457,0],[-44.13222638,-20.13963858,0],[-44.13222808,-20.13964267,0],[-44.13222911,-20.13964552,0],[-44.13223004,-20.1396484,0],[-44.13223123,-20.13965271,0],[-44.13223223,-20.13965708,0],[-44.13223303,-20.13966134,0],[-44.13223366,-20.13966562,0],[-44.13223404,-20.13966885,0],[-44.1322343,-20.13967207,0],[-44.13223442,-20.13967529,0],[-44.13223434,-20.13967869,0],[-44.13223406,-20.13968207,0],[-44.1322336,-20.13968542,0],[-44.13223284,-20.13968913,0],[-44.13223184,-20.13969275,0],[-44.13223089,-20.13969542,0],[-44.13222975,-20.13969799,0],[-44.1322284,-20.13970044,0],[-44.13222697,-20.13970254,0],[-44.13222534,-20.1397045,0],[-44.13222364,-20.13970621,0],[-44.13222181,-20.13970783,0],[-44.1322189,-20.13971004,0],[-44.13221581,-20.13971211,0],[-44.13221258,-20.13971407,0],[-44.13220925,-20.13971596,0],[-44.13220436,-20.13971857,0],[-44.13220092,-20.1397203,0],[-44.13219743,-20.13972195,0],[-44.13219389,-20.1397235,0],[-44.13218243,-20.13972813,0],[-44.1321787,-20.13972975,0],[-44.13217582,-20.1397311,0],[-44.13217301,-20.13973253,0],[-44.13217026,-20.13973408,0],[-44.13216642,-20.13973655,0],[-44.13216341,-20.13973876,0],[-44.13216051,-20.1397411,0],[-44.1321577,-20.13974355,0],[-44.13215497,-20.13974611,0],[-44.13215191,-20.13974919,0],[-44.1321389,-20.13976301,0],[-44.13213055,-20.13977156,0],[-44.13212754,-20.13977449,0],[-44.13212463,-20.1397772,0],[-44.13211862,-20.13978246,0],[-44.13211256,-20.13978744,0],[-44.13209696,-20.13979988,0],[-44.1320909,-20.13980489,0],[-44.13207992,-20.13981413,0],[-44.1320751,-20.13981799,0],[-44.13207208,-20.1398203,0],[-44.13206594,-20.1398248,0],[-44.13204586,-20.13983881,0],[-44.1320395,-20.13984344,0],[-44.13203642,-20.13984584,0],[-44.13203346,-20.13984832,0],[-44.1320306,-20.13985094,0],[-44.13202791,-20.13985368,0],[-44.13202542,-20.13985654,0],[-44.13202318,-20.13985954,0],[-44.13202132,-20.13986258,0],[-44.13202022,-20.13986475,0],[-44.13201891,-20.13986797,0],[-44.1320176,-20.1398721,0],[-44.13201652,-20.13987634,0],[-44.13201283,-20.13989452,0],[-44.13201188,-20.13989853,0],[-44.13201022,-20.13990461,0],[-44.13200926,-20.13990761,0],[-44.13200812,-20.13991079,0],[-44.13200683,-20.13991392,0],[-44.1320054,-20.13991699,0],[-44.13200382,-20.13991996,0],[-44.13200033,-20.13992578,0],[-44.13199106,-20.13993989,0],[-44.13198759,-20.13994532,0],[-44.13197296,-20.13996909,0],[-44.13196946,-20.13997449,0],[-44.1319679,-20.13997673,0],[-44.13196592,-20.13997934,0],[-44.13196383,-20.13998184,0],[-44.13196161,-20.13998419,0],[-44.13195933,-20.13998628,0],[-44.1319569,-20.13998819,0],[-44.13195432,-20.13998991,0],[-44.13195116,-20.13999164,0],[-44.13194784,-20.13999314,0],[-44.1319444,-20.13999447,0],[-44.13194087,-20.13999569,0],[-44.13193447,-20.13999767,0],[-44.13192412,-20.14000066,0],[-44.13191158,-20.14000462,0],[-44.13190831,-20.1400056,0],[-44.13190502,-20.14000647,0],[-44.13190155,-20.14000722,0],[-44.13189805,-20.14000782,0],[-44.13189453,-20.14000827,0],[-44.13189107,-20.14000857,0],[-44.13188761,-20.14000876,0],[-44.13188407,-20.14000884,0],[-44.13188053,-20.14000878,0],[-44.131877,-20.14000856,0],[-44.13187375,-20.14000818,0],[-44.13187051,-20.14000765,0],[-44.1318673,-20.14000698,0],[-44.13186388,-20.14000612,0],[-44.1318605,-20.14000514,0],[-44.13185715,-20.14000406,0],[-44.13185139,-20.14000193,0],[-44.13183411,-20.13999448,0],[-44.13181251,-20.13998581,0],[-44.13180569,-20.13998291,0],[-44.13179722,-20.13997912,0],[-44.13179353,-20.13997761,0],[-44.13178981,-20.13997632,0],[-44.13178596,-20.1399753,0],[-44.1317823,-20.13997456,0],[-44.13177866,-20.13997405,0],[-44.13177507,-20.13997379,0],[-44.13177156,-20.13997382,0],[-44.13176818,-20.13997422,0],[-44.13176498,-20.13997507,0],[-44.13176401,-20.13997546,0],[-44.13176107,-20.13997706,0],[-44.13175832,-20.13997911,0],[-44.13175571,-20.13998151,0],[-44.13175318,-20.13998415,0],[-44.13175071,-20.13998696,0],[-44.13174784,-20.1399904,0],[-44.1317422,-20.13999757,0],[-44.13173664,-20.14000508,0],[-44.1317326,-20.14001037,0],[-44.13172834,-20.14001551,0],[-44.13172611,-20.14001799,0],[-44.1317235,-20.14002068,0],[-44.13172078,-20.14002325,0],[-44.13171761,-20.14002596,0],[-44.13171433,-20.14002856,0],[-44.13170442,-20.14003593,0],[-44.13169807,-20.14004079,0],[-44.13169497,-20.14004329,0],[-44.13169161,-20.14004618,0],[-44.13168834,-20.14004916,0],[-44.13168518,-20.14005221,0],[-44.13167487,-20.14006267,0],[-44.13167221,-20.14006548,0],[-44.13166967,-20.14006833,0],[-44.13166728,-20.14007123,0],[-44.13166516,-20.14007415,0],[-44.13166332,-20.14007715,0],[-44.13166188,-20.14008026,0],[-44.13166087,-20.14008369,0],[-44.13166033,-20.14008722,0],[-44.13166019,-20.14009079,0],[-44.13166041,-20.14009411,0],[-44.131661,-20.14009747,0],[-44.13166199,-20.14010072,0],[-44.13166339,-20.14010382,0],[-44.131665,-20.14010636,0],[-44.13166691,-20.14010872,0],[-44.1316691,-20.14011089,0],[-44.131672,-20.14011322,0],[-44.13167867,-20.14011801,0],[-44.13168222,-20.14012069,0],[-44.1316857,-20.14012348,0],[-44.1316888,-20.14012618,0],[-44.13169168,-20.140129,0],[-44.13169424,-20.14013198,0],[-44.13169636,-20.14013514,0],[-44.13169775,-20.14013806,0],[-44.13169894,-20.14014181,0],[-44.13169962,-20.14014565,0],[-44.13169981,-20.14014951,0],[-44.13169946,-20.14015332,0],[-44.13169851,-20.14015699,0],[-44.13169804,-20.14015815,0],[-44.1316965,-20.14016096,0],[-44.13169456,-20.14016364,0],[-44.1316923,-20.14016622,0],[-44.13168984,-20.14016874,0],[-44.13168209,-20.14017602,0],[-44.13167954,-20.14017846,0],[-44.13167705,-20.14018098,0],[-44.13167355,-20.14018493,0],[-44.13167133,-20.14018775,0],[-44.13166869,-20.14019131,0],[-44.13166362,-20.14019864,0],[-44.13165975,-20.14020472,0],[-44.1316559,-20.14021113,0],[-44.13164718,-20.14022612,0],[-44.131645,-20.14022963,0],[-44.13164277,-20.14023293,0],[-44.13164042,-20.14023613,0],[-44.13163881,-20.14023818,0],[-44.13163715,-20.14024017,0],[-44.13163471,-20.14024284,0],[-44.13162705,-20.14025055,0],[-44.13162149,-20.14025633,0],[-44.13161866,-20.14025915,0],[-44.13161571,-20.14026183,0],[-44.13161291,-20.14026403,0],[-44.13161088,-20.14026543,0],[-44.13160878,-20.14026673,0],[-44.13160527,-20.14026863,0],[-44.13160162,-20.14027035,0],[-44.13159787,-20.14027194,0],[-44.13159403,-20.14027342,0],[-44.13158833,-20.14027545,0],[-44.1315727,-20.14028059,0],[-44.13156423,-20.14028356,0],[-44.13156007,-20.14028518,0],[-44.1315562,-20.14028685,0],[-44.13155239,-20.14028863,0],[-44.13154604,-20.14029187,0],[-44.13154292,-20.14029359,0],[-44.13153712,-20.14029699,0],[-44.13153107,-20.14030089,0],[-44.13152779,-20.14030316,0],[-44.13152455,-20.14030549,0],[-44.13151817,-20.14031027,0],[-44.13150636,-20.14031953,0],[-44.13150146,-20.14032326,0],[-44.13149532,-20.14032762,0],[-44.13149222,-20.14032966,0],[-44.13148906,-20.14033163,0],[-44.13148585,-20.1403335,0],[-44.13148269,-20.14033518,0],[-44.13147948,-20.14033676,0],[-44.13147622,-20.14033824,0],[-44.13147291,-20.14033961,0],[-44.13146991,-20.14034074,0],[-44.13146686,-20.14034177,0],[-44.13146243,-20.14034303,0],[-44.13144887,-20.14034624,0],[-44.13144478,-20.1403473,0],[-44.13144052,-20.14034851,0],[-44.13140786,-20.1403585,0],[-44.13139567,-20.14036238,0],[-44.13138702,-20.14036525,0],[-44.13136654,-20.14037245,0],[-44.13135791,-20.14037541,0],[-44.13134949,-20.14037815,0],[-44.13134101,-20.14038069,0],[-44.13133674,-20.14038186,0],[-44.13132912,-20.1403837,0],[-44.13132155,-20.14038519,0],[-44.13131203,-20.14038684,0],[-44.13130829,-20.14038756,0],[-44.13130088,-20.14038925,0],[-44.13128612,-20.14039335,0],[-44.13127464,-20.14039636,0],[-44.13126843,-20.14039781,0],[-44.13125685,-20.1404003,0],[-44.13125312,-20.14040126,0],[-44.1312495,-20.14040239,0],[-44.13124605,-20.14040379,0],[-44.13124334,-20.14040522,0],[-44.13124057,-20.14040706,0],[-44.13123796,-20.14040914,0],[-44.13123526,-20.14041161,0],[-44.13123264,-20.14041421,0],[-44.1312165,-20.14043107,0],[-44.13121102,-20.14043639,0],[-44.13120807,-20.14043906,0],[-44.13120504,-20.14044165,0],[-44.13120191,-20.14044413,0],[-44.13119838,-20.14044667,0],[-44.13119474,-20.14044907,0],[-44.13119101,-20.14045134,0],[-44.1311851,-20.14045463,0],[-44.13117817,-20.14045812,0],[-44.13116979,-20.14046211,0],[-44.13115699,-20.14046779,0],[-44.13114953,-20.14047122,0],[-44.13114588,-20.14047301,0],[-44.1311352,-20.14047852,0],[-44.13113161,-20.14048013,0],[-44.13112866,-20.14048125,0],[-44.13112487,-20.14048236,0],[-44.13112113,-20.14048322,0],[-44.13111365,-20.14048471,0],[-44.13111,-20.14048553,0],[-44.13110647,-20.14048653,0],[-44.13110313,-20.14048782,0],[-44.13110168,-20.14048854,0],[-44.13109885,-20.14049036,0],[-44.13109623,-20.14049253,0],[-44.13109376,-20.14049497,0],[-44.13109141,-20.14049762,0],[-44.13108915,-20.14050042,0],[-44.13108697,-20.1405033,0],[-44.1310775,-20.14051648,0],[-44.13106826,-20.14052851,0],[-44.13105789,-20.14054249,0],[-44.13105565,-20.14054529,0],[-44.13105331,-20.14054801,0],[-44.13105041,-20.14055106,0],[-44.13104735,-20.14055397,0],[-44.13104417,-20.14055675,0],[-44.13104086,-20.14055941,0],[-44.13103875,-20.140561,0],[-44.13103526,-20.14056347,0],[-44.13103201,-20.14056563,0],[-44.13102869,-20.14056772,0],[-44.13102531,-20.14056969,0],[-44.13102185,-20.14057154,0],[-44.13101881,-20.140573,0],[-44.13100193,-20.14058051,0],[-44.13099361,-20.14058433,0],[-44.13098955,-20.14058638,0],[-44.13098707,-20.14058775,0],[-44.13098294,-20.14059033,0],[-44.1309807,-20.14059193,0],[-44.13097741,-20.14059457,0],[-44.13097428,-20.14059736,0],[-44.13097125,-20.14060027,0],[-44.1309683,-20.14060323,0],[-44.13096519,-20.14060645,0],[-44.13096222,-20.14060972,0],[-44.13095946,-20.14061307,0],[-44.13095702,-20.14061654,0],[-44.13095571,-20.14061881,0],[-44.13095433,-20.14062187,0],[-44.13095327,-20.14062516,0],[-44.13095249,-20.14062854,0],[-44.13095189,-20.14063195,0],[-44.13095083,-20.14063874,0],[-44.13095022,-20.14064203,0],[-44.130949,-20.14064748,0],[-44.13094847,-20.14065043,0],[-44.13094817,-20.14065338,0],[-44.13094824,-20.1406563,0],[-44.1309489,-20.14065973,0],[-44.13095001,-20.14066318,0],[-44.1309527,-20.14067026,0],[-44.13095374,-20.14067344,0],[-44.13095486,-20.1406774,0],[-44.13095578,-20.14068137,0],[-44.13095642,-20.14068527,0],[-44.1309567,-20.14068901,0],[-44.13095651,-20.14069249,0],[-44.13095608,-20.14069449,0],[-44.13095539,-20.14069629,0],[-44.13095382,-20.14069847,0],[-44.13095166,-20.14069996,0],[-44.13095013,-20.14070046,0],[-44.13094851,-20.14070066,0],[-44.13094582,-20.1407004,0],[-44.13094329,-20.14069951,0],[-44.13094116,-20.14069806,0],[-44.13093971,-20.14069607,0],[-44.13093919,-20.14069398,0],[-44.13093921,-20.14069161,0],[-44.13093966,-20.14068906,0],[-44.13094029,-20.14068681,0],[-44.13094113,-20.14068456,0],[-44.13094485,-20.14067672,0],[-44.13094569,-20.14067422,0],[-44.13094596,-20.14067178,0],[-44.13094549,-20.14066943,0],[-44.13094436,-20.14066718,0],[-44.13094269,-20.14066507,0],[-44.13094057,-20.14066316,0],[-44.13093805,-20.14066151,0],[-44.13093464,-20.14065994,0],[-44.1309309,-20.14065866,0],[-44.13092356,-20.14065644,0],[-44.1309201,-20.14065545,0],[-44.13091656,-20.14065459,0],[-44.13091355,-20.14065403,0],[-44.1309105,-20.14065361,0],[-44.13090743,-20.1406533,0],[-44.13090432,-20.14065312,0],[-44.13090121,-20.14065309,0],[-44.13089812,-20.14065325,0],[-44.13089432,-20.14065378,0],[-44.13089054,-20.14065459,0],[-44.13088678,-20.14065559,0],[-44.13088292,-20.14065674,0],[-44.13087624,-20.14065893,0],[-44.13087295,-20.14066016,0],[-44.13086972,-20.14066152,0],[-44.13086609,-20.14066331,0],[-44.13086255,-20.14066527,0],[-44.1308593,-20.14066722,0],[-44.13085612,-20.14066925,0],[-44.13085299,-20.14067136,0],[-44.13084598,-20.14067622,0],[-44.13084277,-20.14067823,0],[-44.13083565,-20.14068237,0],[-44.13083176,-20.14068454,0],[-44.1308244,-20.14068848,0],[-44.1308041,-20.14069878,0],[-44.13079422,-20.14070389,0],[-44.13079088,-20.1407055,0],[-44.13078794,-20.14070681,0],[-44.13078194,-20.14070924,0],[-44.13077418,-20.14071205,0],[-44.13075735,-20.14071764,0],[-44.13075396,-20.14071889,0],[-44.13074875,-20.14072101,0],[-44.130745,-20.14072269,0],[-44.13074132,-20.14072448,0],[-44.13073772,-20.14072637,0],[-44.1307274,-20.14073224,0],[-44.13072415,-20.14073394,0],[-44.13072032,-20.14073576,0],[-44.13071641,-20.14073738,0],[-44.13071242,-20.14073873,0],[-44.13070966,-20.14073946,0],[-44.13070687,-20.14074006,0],[-44.13070321,-20.14074068,0],[-44.13069952,-20.14074108,0],[-44.13069581,-20.14074124,0],[-44.13069204,-20.14074113,0],[-44.13068825,-20.1407408,0],[-44.13067548,-20.14073909,0],[-44.13067116,-20.1407386,0],[-44.13066682,-20.14073832,0],[-44.13066224,-20.14073831,0],[-44.13065765,-20.14073857,0],[-44.13065309,-20.14073908,0],[-44.13064718,-20.14074011,0],[-44.13064283,-20.14074115,0],[-44.13063856,-20.14074245,0],[-44.13063492,-20.14074386,0],[-44.13063139,-20.14074549,0],[-44.13062757,-20.14074756,0],[-44.13062392,-20.14074988,0],[-44.1306205,-20.14075244,0],[-44.13061793,-20.14075469,0],[-44.13061551,-20.14075707,0],[-44.13061331,-20.14075947,0],[-44.13061123,-20.14076193,0],[-44.1306093,-20.14076442,0],[-44.13060767,-20.14076672,0],[-44.13060623,-20.14076904,0],[-44.13060503,-20.14077137,0],[-44.1306039,-20.14077457,0],[-44.13060351,-20.14077779,0],[-44.13060398,-20.14078103,0],[-44.13060519,-20.14078426,0],[-44.130607,-20.14078758,0],[-44.1306149,-20.14079957,0],[-44.13061691,-20.14080285,0],[-44.13061879,-20.14080622,0],[-44.13062075,-20.14081027,0],[-44.1306225,-20.14081442,0],[-44.13062406,-20.14081864,0],[-44.13062593,-20.14082454,0],[-44.13062698,-20.14082871,0],[-44.13062776,-20.14083292,0],[-44.13062811,-20.14083587,0],[-44.13062831,-20.14083883,0],[-44.13062838,-20.14084178,0],[-44.13062833,-20.14084494,0],[-44.13062813,-20.14084809,0],[-44.13062775,-20.1408512,0],[-44.13062694,-20.14085517,0],[-44.13062574,-20.14085905,0],[-44.13062412,-20.14086281,0],[-44.13062216,-20.14086647,0],[-44.13061995,-20.14087005,0],[-44.13061753,-20.1408736,0],[-44.13061496,-20.14087708,0],[-44.13061227,-20.14088051,0],[-44.13060948,-20.14088386,0],[-44.13060666,-20.14088704,0],[-44.13060361,-20.14089026,0],[-44.13060044,-20.14089334,0],[-44.13059717,-20.14089625,0],[-44.13059376,-20.14089894,0],[-44.13059042,-20.1409012,0],[-44.13058695,-20.14090317,0],[-44.13058335,-20.1409048,0],[-44.13057963,-20.14090603,0],[-44.13057604,-20.14090674,0],[-44.13057223,-20.14090707,0],[-44.13056834,-20.1409071,0],[-44.13055603,-20.14090658,0],[-44.13054747,-20.14090637,0],[-44.13054328,-20.14090634,0],[-44.13053522,-20.14090649,0],[-44.1305312,-20.14090669,0],[-44.13052717,-20.140907,0],[-44.13052316,-20.14090746,0],[-44.13051968,-20.14090802,0],[-44.13051623,-20.14090873,0],[-44.13051223,-20.14090973,0],[-44.13050826,-20.14091088,0],[-44.1304899,-20.14091671,0],[-44.1304815,-20.14091909,0],[-44.13047314,-20.14092118,0],[-44.13046887,-20.1409221,0],[-44.13046462,-20.14092276,0],[-44.13046103,-20.14092303,0],[-44.13045745,-20.14092302,0],[-44.13045392,-20.14092276,0],[-44.13045052,-20.14092226,0],[-44.13044722,-20.14092151,0],[-44.13044438,-20.14092065,0],[-44.13044168,-20.14091957,0],[-44.13043913,-20.14091823,0],[-44.1304369,-20.1409167,0],[-44.13043487,-20.14091493,0],[-44.13043341,-20.14091339,0],[-44.13043205,-20.14091174,0],[-44.13043004,-20.14090898,0],[-44.13042813,-20.14090606,0],[-44.13042124,-20.14089474,0],[-44.13041882,-20.14089114,0],[-44.13041616,-20.14088773,0],[-44.13041387,-20.14088528,0],[-44.13041135,-20.14088305,0],[-44.13040923,-20.14088147,0],[-44.13040699,-20.14088,0],[-44.13040352,-20.14087801,0],[-44.1303999,-20.14087618,0],[-44.13039615,-20.1408745,0],[-44.13039259,-20.14087307,0],[-44.13038821,-20.14087151,0],[-44.13038374,-20.14087015,0],[-44.1303792,-20.14086899,0],[-44.13037458,-20.14086805,0],[-44.13036992,-20.14086735,0],[-44.13036613,-20.14086694,0],[-44.13036235,-20.1408667,0],[-44.13035859,-20.14086665,0],[-44.13035472,-20.14086682,0],[-44.13035091,-20.14086729,0],[-44.13034711,-20.14086811,0],[-44.13034339,-20.14086922,0],[-44.13033974,-20.14087055,0],[-44.13033616,-20.14087206,0],[-44.13033093,-20.14087457,0],[-44.13031897,-20.14088089,0],[-44.13031644,-20.14088238,0],[-44.13031426,-20.14088392,0],[-44.13031256,-20.14088557,0],[-44.13031151,-20.1408874,0],[-44.13031125,-20.14088981,0],[-44.13031185,-20.14089244,0],[-44.1303131,-20.14089522,0],[-44.13031482,-20.14089806,0],[-44.13031878,-20.14090417,0],[-44.13032062,-20.1409076,0],[-44.13032292,-20.14091271,0],[-44.13032406,-20.1409156,0],[-44.13032554,-20.14091967,0],[-44.13032688,-20.14092379,0],[-44.1303281,-20.14092794,0],[-44.13032919,-20.14093206,0],[-44.13033004,-20.14093583,0],[-44.13033059,-20.14093957,0],[-44.13033071,-20.14094299,0],[-44.13033042,-20.14094638,0],[-44.1303297,-20.14094971,0],[-44.13032827,-20.14095357,0],[-44.13032634,-20.14095733,0],[-44.13032407,-20.14096101,0],[-44.1303173,-20.14097071,0],[-44.13031323,-20.14097682,0],[-44.1303101,-20.14098203,0],[-44.1303085,-20.14098504,0],[-44.13030704,-20.1409881,0],[-44.13030571,-20.14099121,0],[-44.13030453,-20.14099437,0],[-44.13030333,-20.14099814,0],[-44.13029967,-20.14101217,0],[-44.13029847,-20.14101579,0],[-44.13029699,-20.14101926,0],[-44.13029578,-20.14102151,0],[-44.13029439,-20.14102365,0],[-44.1302922,-20.14102637,0],[-44.13028973,-20.14102884,0],[-44.13028651,-20.14103146,0],[-44.13027987,-20.14103641,0],[-44.13027729,-20.14103864,0],[-44.13027496,-20.14104101,0],[-44.13027296,-20.14104352,0],[-44.13027138,-20.14104617,0],[-44.13027033,-20.14104896,0],[-44.13026989,-20.14105226,0],[-44.13027001,-20.14105543,0],[-44.13027045,-20.14105871,0],[-44.13027164,-20.1410656,0],[-44.13027207,-20.14106863,0],[-44.13027239,-20.14107172,0],[-44.1302726,-20.14107485,0],[-44.13027269,-20.14107808,0],[-44.13027266,-20.14108132,0],[-44.13027253,-20.14108457,0],[-44.13027179,-20.14109564,0],[-44.13027173,-20.14109868,0],[-44.1302718,-20.14110172,0],[-44.1302721,-20.14110582,0],[-44.13027412,-20.14112204,0],[-44.13027437,-20.14112541,0],[-44.13027438,-20.14112875,0],[-44.13027409,-20.14113188,0],[-44.1302736,-20.14113501,0],[-44.13026932,-20.14115881,0],[-44.13026674,-20.14117667,0],[-44.13026568,-20.14118335,0],[-44.13026435,-20.14118984,0],[-44.13026333,-20.14119375,0],[-44.13026214,-20.14119757,0],[-44.13026108,-20.14120048,0],[-44.13025988,-20.14120331,0],[-44.13025857,-20.14120604,0],[-44.130257,-20.14120879,0],[-44.13025461,-20.14121209,0],[-44.13025183,-20.14121514,0],[-44.13024873,-20.14121796,0],[-44.13024536,-20.14122056,0],[-44.1302419,-20.14122286,0],[-44.13023476,-20.14122722,0],[-44.13023133,-20.14122947,0],[-44.1302281,-20.1412319,0],[-44.13022544,-20.14123427,0],[-44.13022306,-20.14123686,0],[-44.130221,-20.14123965,0],[-44.1302195,-20.14124228,0],[-44.13021824,-20.14124505,0],[-44.13021718,-20.14124791,0],[-44.13021632,-20.14125069,0],[-44.13021492,-20.14125633,0],[-44.13021285,-20.14126707,0],[-44.13021205,-20.14127024,0],[-44.13021085,-20.14127315,0],[-44.13020894,-20.14127594,0],[-44.13020646,-20.14127842,0],[-44.13020356,-20.14128061,0],[-44.13020093,-20.14128222,0],[-44.13019807,-20.14128356,0],[-44.13019414,-20.14128484,0],[-44.13018994,-20.14128576,0],[-44.13017236,-20.14128846,0],[-44.13016846,-20.14128914,0],[-44.1301647,-20.14128993,0],[-44.13016115,-20.14129087,0],[-44.1301579,-20.14129203,0],[-44.13015507,-20.14129347,0],[-44.13015279,-20.14129529,0],[-44.13015222,-20.14129596,0],[-44.13015189,-20.14129643,0],[-44.13015108,-20.14129793,0],[-44.13015054,-20.14129959,0],[-44.13015012,-20.14130292,0],[-44.13015032,-20.14130649,0],[-44.13015103,-20.14131016,0],[-44.13015219,-20.14131378,0],[-44.13015371,-20.141317,0],[-44.13015578,-20.14131997,0],[-44.13015832,-20.14132258,0],[-44.13016123,-20.14132477,0],[-44.13016442,-20.14132643,0],[-44.13016757,-20.14132739,0],[-44.13017082,-20.14132777,0],[-44.13017407,-20.14132752,0],[-44.13017673,-20.14132679,0],[-44.13017931,-20.14132565,0],[-44.13018178,-20.14132417,0],[-44.13018423,-20.14132229,0],[-44.13018653,-20.14132014,0],[-44.13018867,-20.14131778,0],[-44.13019084,-20.14131501,0],[-44.13019508,-20.14130923,0],[-44.13019733,-20.14130645,0],[-44.13019971,-20.14130374,0],[-44.13020219,-20.14130108,0],[-44.13020639,-20.14129682,0],[-44.13021174,-20.14129183,0],[-44.13021439,-20.14128952,0],[-44.13021709,-20.14128734,0],[-44.13021986,-20.14128535,0],[-44.13022275,-20.14128363,0],[-44.13022617,-20.14128207,0],[-44.13023337,-20.1412794,0],[-44.13023722,-20.14127787,0],[-44.13024108,-20.14127619,0],[-44.13024816,-20.14127291,0],[-44.13026374,-20.14126549,0],[-44.13027016,-20.14126253,0],[-44.13027409,-20.14126087,0],[-44.13027804,-20.14125942,0],[-44.13028205,-20.14125826,0],[-44.13028512,-20.14125764,0],[-44.13028822,-20.14125724,0],[-44.13029134,-20.14125706,0],[-44.13029558,-20.14125715,0],[-44.1302998,-20.14125749,0],[-44.13030845,-20.1412584,0],[-44.13031266,-20.1412586,0],[-44.13031676,-20.14125837,0],[-44.13031867,-20.14125805,0],[-44.13032182,-20.14125712,0],[-44.13032486,-20.1412558,0],[-44.13032783,-20.14125417,0],[-44.13033073,-20.1412523,0],[-44.1303336,-20.14125026,0],[-44.13034406,-20.14124214,0],[-44.13034877,-20.14123882,0],[-44.1303506,-20.14123769,0],[-44.13035344,-20.14123617,0],[-44.13035702,-20.14123453,0],[-44.13036073,-20.14123308,0],[-44.13036454,-20.14123182,0],[-44.13036845,-20.14123076,0],[-44.13037149,-20.14123011,0],[-44.13037458,-20.14122955,0],[-44.1303813,-20.14122856,0],[-44.13039434,-20.1412269,0],[-44.13040223,-20.14122582,0],[-44.13040614,-20.14122518,0],[-44.13041023,-20.14122439,0],[-44.13041425,-20.14122349,0],[-44.13041821,-20.14122247,0],[-44.13042279,-20.14122109,0],[-44.13042624,-20.14121982,0],[-44.13042954,-20.14121834,0],[-44.13043264,-20.14121658,0],[-44.13043498,-20.14121493,0],[-44.13043718,-20.14121309,0],[-44.13044011,-20.14121023,0],[-44.13044281,-20.14120723,0],[-44.13044803,-20.14120103,0],[-44.13045045,-20.14119832,0],[-44.13045308,-20.14119572,0],[-44.13045587,-20.14119323,0],[-44.13046124,-20.14118881,0],[-44.13047447,-20.14117864,0],[-44.13047773,-20.14117624,0],[-44.13048106,-20.14117394,0],[-44.13048466,-20.14117169,0],[-44.13049556,-20.14116526,0],[-44.13050234,-20.14116099,0],[-44.13051222,-20.14115448,0],[-44.13051567,-20.14115232,0],[-44.13051896,-20.14115049,0],[-44.13052236,-20.14114881,0],[-44.13052557,-20.14114741,0],[-44.13052886,-20.14114613,0],[-44.13053219,-20.14114494,0],[-44.13053667,-20.14114348,0],[-44.13055408,-20.14113829,0],[-44.13055812,-20.14113698,0],[-44.130562,-20.14113559,0],[-44.13057342,-20.14113113,0],[-44.13057692,-20.14112983,0],[-44.13057971,-20.14112889,0],[-44.13058474,-20.1411275,0],[-44.13059526,-20.14112517,0],[-44.13059868,-20.14112428,0],[-44.130602,-20.14112319,0],[-44.13060401,-20.14112237,0],[-44.13060597,-20.14112144,0],[-44.13060911,-20.14111968,0],[-44.13061829,-20.14111374,0],[-44.13062214,-20.14111149,0],[-44.13062614,-20.14110943,0],[-44.13063028,-20.14110757,0],[-44.13063453,-20.14110596,0],[-44.13063798,-20.14110487,0],[-44.1306419,-20.14110383,0],[-44.13065378,-20.14110106,0],[-44.13065768,-20.14110001,0],[-44.1306615,-20.14109875,0],[-44.13066423,-20.14109767,0],[-44.13066801,-20.14109589,0],[-44.13067168,-20.14109387,0],[-44.13067525,-20.14109167,0],[-44.13067872,-20.14108931,0],[-44.13068961,-20.14108117,0],[-44.13069446,-20.14107787,0],[-44.13069768,-20.14107598,0],[-44.13070155,-20.14107396,0],[-44.13070553,-20.14107212,0],[-44.13070959,-20.14107041,0],[-44.13071372,-20.14106884,0],[-44.13072004,-20.14106671,0],[-44.13072324,-20.14106577,0],[-44.13072753,-20.14106466,0],[-44.13073758,-20.14106232,0],[-44.1307418,-20.14106123,0],[-44.13074591,-20.14105995,0],[-44.13074985,-20.14105837,0],[-44.13075347,-20.14105648,0],[-44.13075691,-20.14105427,0],[-44.13076002,-20.14105195,0],[-44.13076895,-20.14104459,0],[-44.13077201,-20.14104225,0],[-44.130775,-20.14104019,0],[-44.13077812,-20.1410383,0],[-44.13078135,-20.14103656,0],[-44.13078426,-20.14103518,0],[-44.13078724,-20.14103393,0],[-44.13079028,-20.14103281,0],[-44.13079428,-20.14103156,0],[-44.13079836,-20.1410305,0],[-44.13080248,-20.14102962,0],[-44.13080588,-20.14102902,0],[-44.13080929,-20.14102857,0],[-44.13081399,-20.1410282,0],[-44.13081775,-20.1410281,0],[-44.1308215,-20.14102816,0],[-44.13082522,-20.1410284,0],[-44.13082889,-20.14102884,0],[-44.1308325,-20.1410295,0],[-44.13083664,-20.14103064,0],[-44.13084041,-20.14103211,0],[-44.13084408,-20.14103388,0],[-44.13084767,-20.14103587,0],[-44.13085121,-20.14103802,0],[-44.13086401,-20.14104623,0],[-44.13086997,-20.14104973,0],[-44.13087337,-20.14105152,0],[-44.13087683,-20.14105317,0],[-44.13088035,-20.14105469,0],[-44.13088393,-20.14105606,0],[-44.13088755,-20.14105725,0],[-44.13089148,-20.1410583,0],[-44.13089547,-20.14105907,0],[-44.13089869,-20.14105945,0],[-44.13090193,-20.14105964,0],[-44.13090519,-20.14105967,0],[-44.13090846,-20.14105956,0],[-44.13091174,-20.14105932,0],[-44.13091501,-20.14105896,0],[-44.13091922,-20.14105834,0],[-44.1309234,-20.14105753,0],[-44.13092635,-20.14105681,0],[-44.13092928,-20.141056,0],[-44.13093294,-20.14105483,0],[-44.13093657,-20.14105354,0],[-44.13094015,-20.14105213,0],[-44.13094368,-20.14105063,0],[-44.13095969,-20.14104334,0],[-44.13096821,-20.14103962,0],[-44.13098095,-20.14103459,0],[-44.1309931,-20.14102959,0],[-44.13100182,-20.14102617,0],[-44.13100871,-20.14102359,0],[-44.13101364,-20.1410219,0],[-44.13101789,-20.14102054,0],[-44.13103071,-20.14101664,0],[-44.1310385,-20.14101413,0],[-44.13104286,-20.14101255,0],[-44.13104717,-20.14101087,0],[-44.13105145,-20.14100909,0],[-44.13105811,-20.14100617,0],[-44.13106744,-20.14100181,0],[-44.13107393,-20.14099852,0],[-44.13108839,-20.14099051,0],[-44.13109128,-20.14098905,0],[-44.13109422,-20.14098767,0],[-44.1310972,-20.14098638,0],[-44.13110087,-20.14098496,0],[-44.13110459,-20.14098366,0],[-44.13112113,-20.14097858,0],[-44.13112458,-20.14097736,0],[-44.13112752,-20.1409762,0],[-44.1311304,-20.14097494,0],[-44.13113388,-20.14097326,0],[-44.13113727,-20.14097143,0],[-44.13114057,-20.14096946,0],[-44.13114411,-20.14096714,0],[-44.13115421,-20.14096011,0],[-44.13116075,-20.14095566,0],[-44.13116728,-20.14095148,0],[-44.13117378,-20.14094759,0],[-44.13118269,-20.14094247,0],[-44.13119629,-20.14093488,0],[-44.13120361,-20.140931,0],[-44.1312184,-20.14092341,0],[-44.131228,-20.14091867,0],[-44.13123431,-20.14091573,0],[-44.13124786,-20.14090976,0],[-44.13125694,-20.14090592,0],[-44.13126508,-20.14090278,0],[-44.13127336,-20.14089983,0],[-44.13127755,-20.14089841,0],[-44.13129393,-20.14089315,0],[-44.13129938,-20.14089123,0],[-44.13130407,-20.14088943,0],[-44.13130777,-20.14088789,0],[-44.13131871,-20.14088298,0],[-44.13132626,-20.14087941,0],[-44.13133004,-20.14087748,0],[-44.13133752,-20.14087344,0],[-44.13134534,-20.14086903,0],[-44.13134922,-20.14086677,0],[-44.13135493,-20.14086329,0],[-44.13136897,-20.14085411,0],[-44.13137218,-20.14085213,0],[-44.13137531,-20.14085033,0],[-44.1313785,-20.14084864,0],[-44.13138176,-20.14084709,0],[-44.13138509,-20.14084569,0],[-44.13138852,-20.14084446,0],[-44.13139201,-20.14084338,0],[-44.13139567,-20.14084236,0],[-44.13139937,-20.14084144,0],[-44.13140311,-20.14084062,0],[-44.13140687,-20.14083989,0],[-44.13141065,-20.14083928,0],[-44.13141563,-20.14083869,0],[-44.13141991,-20.14083834,0],[-44.13142418,-20.14083812,0],[-44.13142843,-20.14083806,0],[-44.13143264,-20.14083818,0],[-44.13143677,-20.14083853,0],[-44.13144082,-20.14083917,0],[-44.13144553,-20.14084041,0],[-44.13144918,-20.14084176,0],[-44.13145265,-20.14084338,0],[-44.13145589,-20.14084528,0],[-44.13145885,-20.14084747,0],[-44.13146155,-20.14085001,0],[-44.13146649,-20.14085542,0],[-44.13146906,-20.14085795,0],[-44.13147182,-20.14086008,0],[-44.1314733,-20.14086096,0],[-44.13147442,-20.14086151,0],[-44.13147787,-20.14086276,0],[-44.13148155,-20.14086355,0],[-44.13148541,-20.14086397,0],[-44.13148937,-20.14086405,0],[-44.13149339,-20.1408638,0],[-44.13149741,-20.14086323,0],[-44.13149909,-20.14086288,0],[-44.13150217,-20.14086205,0],[-44.13150606,-20.14086067,0],[-44.1315099,-20.14085902,0],[-44.13151371,-20.1408572,0],[-44.13152393,-20.14085201,0],[-44.13153007,-20.1408487,0],[-44.13153941,-20.14084349,0],[-44.13154294,-20.14084166,0],[-44.13154655,-20.14084004,0],[-44.13155065,-20.14083855,0],[-44.13155486,-20.14083737,0],[-44.13155923,-20.14083646,0],[-44.13156364,-20.14083572,0],[-44.13157698,-20.14083385,0],[-44.13158139,-20.14083313,0],[-44.13158491,-20.14083241,0],[-44.13158841,-20.14083154,0],[-44.13159184,-20.14083052,0],[-44.13159561,-20.1408292,0],[-44.13159925,-20.14082768,0],[-44.1316027,-20.14082586,0],[-44.13160628,-20.14082344,0],[-44.1316096,-20.14082065,0],[-44.13161267,-20.14081755,0],[-44.13161467,-20.14081523,0],[-44.1316184,-20.14081041,0],[-44.13163066,-20.14079306,0],[-44.13163559,-20.14078633,0],[-44.13163809,-20.14078301,0],[-44.13164187,-20.14077824,0],[-44.13164358,-20.14077622,0],[-44.13164598,-20.14077358,0],[-44.13164848,-20.14077103,0],[-44.13165106,-20.14076862,0],[-44.13165374,-20.14076637,0],[-44.1316568,-20.14076411,0],[-44.13165999,-20.14076212,0],[-44.13166329,-20.14076043,0],[-44.1316667,-20.14075911,0],[-44.13167045,-20.1407582,0],[-44.13167349,-20.14075789,0],[-44.13167589,-20.14075787,0],[-44.13167832,-20.14075803,0],[-44.13168228,-20.14075859,0],[-44.13168626,-20.14075945,0],[-44.13169023,-20.14076054,0],[-44.13169418,-20.14076181,0],[-44.13169678,-20.14076274,0],[-44.13169935,-20.14076377,0],[-44.13170297,-20.14076546,0],[-44.13170652,-20.14076737,0],[-44.13170998,-20.14076943,0],[-44.13171337,-20.14077161,0],[-44.13172255,-20.14077771,0],[-44.13172565,-20.14077955,0],[-44.13172883,-20.14078115,0],[-44.13173135,-20.14078218,0],[-44.13173507,-20.1407833,0],[-44.13173888,-20.14078409,0],[-44.13174275,-20.14078455,0],[-44.13174664,-20.14078472,0],[-44.13175051,-20.14078456,0],[-44.13175433,-20.14078404,0],[-44.13175655,-20.14078355,0],[-44.13175824,-20.14078305,0],[-44.13176181,-20.14078167,0],[-44.13176517,-20.14077996,0],[-44.13176844,-20.14077798,0],[-44.13177166,-20.14077582,0],[-44.13178071,-20.14076951,0],[-44.13178665,-20.14076548,0],[-44.13179156,-20.14076226,0],[-44.13179546,-20.14075982,0],[-44.1318026,-20.14075559,0],[-44.13180585,-20.14075382,0],[-44.13180915,-20.14075217,0],[-44.13181247,-20.14075067,0],[-44.13181586,-20.14074932,0],[-44.13181979,-20.14074799,0],[-44.13182378,-20.14074682,0],[-44.13183069,-20.14074512,0],[-44.13183506,-20.1407442,0],[-44.13185097,-20.14074129,0],[-44.13186929,-20.14073843,0],[-44.13188314,-20.14073598,0],[-44.13189455,-20.14073374,0],[-44.13189832,-20.1407329,0],[-44.1319033,-20.14073169,0],[-44.13190991,-20.14072982,0],[-44.13191344,-20.14072869,0],[-44.13193059,-20.14072292,0],[-44.13194568,-20.1407182,0],[-44.13195459,-20.14071529,0],[-44.13195899,-20.14071372,0],[-44.13196286,-20.14071224,0],[-44.13196668,-20.14071066,0],[-44.13197051,-20.14070892,0],[-44.13197427,-20.14070706,0],[-44.13197794,-20.14070506,0],[-44.13198151,-20.14070291,0],[-44.13198471,-20.14070075,0],[-44.13198729,-20.14069887,0],[-44.1319905,-20.14069632,0],[-44.13199363,-20.14069366,0],[-44.13199968,-20.14068812,0],[-44.1320027,-20.14068521,0],[-44.13200563,-20.14068223,0],[-44.13200847,-20.14067917,0],[-44.13201115,-20.14067601,0],[-44.13201477,-20.14067126,0],[-44.13201847,-20.14066602,0],[-44.13202455,-20.14065707,0],[-44.13202944,-20.14065015,0],[-44.13203394,-20.14064408,0],[-44.13204081,-20.14063528,0],[-44.13204863,-20.14062567,0],[-44.13205358,-20.14061986,0],[-44.13205898,-20.14061386,0],[-44.13206176,-20.14061093,0],[-44.132067,-20.14060569,0],[-44.1320697,-20.14060315,0],[-44.13207247,-20.14060068,0],[-44.13207531,-20.1405983,0],[-44.13207745,-20.14059663,0],[-44.1320812,-20.14059388,0],[-44.13208505,-20.14059124,0],[-44.13209291,-20.14058618,0],[-44.13211032,-20.1405755,0],[-44.13211321,-20.14057359,0],[-44.132116,-20.1405716,0],[-44.13211866,-20.14056951,0],[-44.13212115,-20.1405673,0],[-44.13212347,-20.14056495,0],[-44.13212569,-20.14056251,0],[-44.13212814,-20.14055972,0],[-44.1321305,-20.14055683,0],[-44.13213297,-20.1405534,0],[-44.1321402,-20.14054245,0],[-44.1321446,-20.14053642,0],[-44.13214928,-20.14053062,0],[-44.1321567,-20.14052205,0],[-44.13215892,-20.14051922,0],[-44.13216076,-20.14051653,0],[-44.1321625,-20.14051326,0],[-44.13216357,-20.14051014,0],[-44.1321641,-20.14050701,0],[-44.13216416,-20.14050379,0],[-44.13216383,-20.14049772,0],[-44.132164,-20.14049529,0],[-44.13216461,-20.1404931,0],[-44.13216534,-20.14049183,0],[-44.13216603,-20.14049103,0],[-44.13216674,-20.14049043,0],[-44.1321679,-20.14048972,0],[-44.13217085,-20.14048865,0],[-44.13217435,-20.140488,0],[-44.13217821,-20.14048763,0],[-44.1321866,-20.14048715,0],[-44.13219156,-20.14048671,0],[-44.1321958,-20.14048611,0],[-44.13220002,-20.14048529,0],[-44.13220416,-20.14048425,0],[-44.13220816,-20.14048294,0],[-44.13221193,-20.14048129,0],[-44.13221392,-20.14048019,0],[-44.13221579,-20.14047893,0],[-44.13221856,-20.14047654,0],[-44.13222101,-20.14047381,0],[-44.13222319,-20.1404708,0],[-44.13222514,-20.14046757,0],[-44.13222676,-20.14046438,0],[-44.13222821,-20.14046107,0],[-44.13222941,-20.14045793,0],[-44.13223048,-20.14045471,0],[-44.13223144,-20.14045145,0],[-44.13223243,-20.14044758,0],[-44.13223315,-20.14044422,0],[-44.13223375,-20.14044083,0],[-44.13223421,-20.14043743,0],[-44.13223452,-20.14043402,0],[-44.13223465,-20.14042993,0],[-44.1322344,-20.14041512,0],[-44.13223452,-20.14041105,0],[-44.13223495,-20.14040705,0],[-44.1322357,-20.1404035,0],[-44.13223678,-20.14040003,0],[-44.13223816,-20.14039666,0],[-44.13223986,-20.14039332,0],[-44.13224182,-20.1403901,0],[-44.13224402,-20.14038701,0],[-44.13224646,-20.14038408,0],[-44.13224935,-20.14038113,0],[-44.13225231,-20.14037861,0],[-44.13225549,-20.14037629,0],[-44.13225883,-20.14037414,0],[-44.1322623,-20.14037214,0],[-44.13226587,-20.14037029,0],[-44.13226943,-20.14036865,0],[-44.13227307,-20.14036716,0],[-44.13227679,-20.14036586,0],[-44.13228002,-20.14036492,0],[-44.13228329,-20.1403641,0],[-44.13228661,-20.14036341,0],[-44.13229083,-20.14036269,0],[-44.13230873,-20.14036003,0],[-44.13231683,-20.14035863,0],[-44.13232136,-20.14035775,0],[-44.13232585,-20.14035676,0],[-44.13233029,-20.14035565,0],[-44.13233366,-20.14035467,0],[-44.13233844,-20.14035304,0],[-44.1323411,-20.14035199,0],[-44.1323445,-20.14035048,0],[-44.13234784,-20.14034885,0],[-44.13235113,-20.14034713,0],[-44.13235437,-20.14034533,0],[-44.13235839,-20.14034298,0],[-44.13236232,-20.14034051,0],[-44.13236534,-20.14033846,0],[-44.13237126,-20.14033418,0],[-44.13237793,-20.14032911,0],[-44.13239917,-20.14031259,0],[-44.13242117,-20.14029517,0],[-44.13243892,-20.14028194,0],[-44.1324455,-20.14027667,0],[-44.13244989,-20.14027279,0],[-44.13245427,-20.14026849,0],[-44.13245735,-20.14026519,0],[-44.13246031,-20.1402618,0],[-44.13246315,-20.14025831,0],[-44.13246586,-20.14025474,0],[-44.13246817,-20.14025155,0],[-44.13247846,-20.1402367,0],[-44.13248114,-20.14023299,0],[-44.13248389,-20.14022938,0],[-44.13248676,-20.14022591,0],[-44.13248878,-20.14022367,0],[-44.13249087,-20.14022154,0],[-44.13249305,-20.14021953,0],[-44.13249557,-20.14021747,0],[-44.13249819,-20.14021562,0],[-44.13250092,-20.14021401,0],[-44.13250441,-20.14021244,0],[-44.13250802,-20.14021135,0],[-44.13251127,-20.14021083,0],[-44.13251453,-20.14021067,0],[-44.13251775,-20.14021082,0],[-44.1325209,-20.14021123,0],[-44.13252689,-20.14021218,0],[-44.13252968,-20.1402124,0],[-44.13253231,-20.1402122,0],[-44.13253315,-20.140212,0],[-44.13253416,-20.14021165,0],[-44.13253542,-20.14021102,0],[-44.13253754,-20.14020942,0],[-44.13253949,-20.14020735,0],[-44.13254132,-20.14020493,0],[-44.13254309,-20.14020225,0],[-44.13255305,-20.14018566,0],[-44.13255503,-20.14018253,0],[-44.13255746,-20.14017895,0],[-44.13256001,-20.14017542,0],[-44.13256268,-20.14017196,0],[-44.13256547,-20.14016859,0],[-44.13256863,-20.14016504,0],[-44.1325716,-20.1401619,0],[-44.13257466,-20.14015883,0],[-44.13257778,-20.14015581,0],[-44.13258098,-20.14015286,0],[-44.13258417,-20.14015005,0],[-44.13259072,-20.14014462,0],[-44.13259408,-20.14014199,0],[-44.13259989,-20.14013765,0],[-44.13262256,-20.14012128,0],[-44.13262566,-20.14011887,0],[-44.13262862,-20.14011637,0],[-44.13263104,-20.14011412,0],[-44.13263329,-20.14011176,0],[-44.13263533,-20.14010929,0],[-44.13263701,-20.14010684,0],[-44.13263846,-20.14010428,0],[-44.13263965,-20.14010161,0],[-44.13264066,-20.14009853,0],[-44.13264142,-20.14009536,0],[-44.13264199,-20.14009211,0],[-44.13264255,-20.14008778,0],[-44.13264288,-20.14008339,0],[-44.13264295,-20.14007936,0],[-44.13264287,-20.14007531,0],[-44.13264256,-20.14006774,0],[-44.13264183,-20.14005608,0],[-44.13264176,-20.14005187,0],[-44.13264184,-20.14004774,0],[-44.13264206,-20.14004401,0],[-44.13264254,-20.14004044,0],[-44.13264328,-20.14003752,0],[-44.13264437,-20.14003482,0],[-44.13264589,-20.14003241,0],[-44.13264799,-20.14003026,0],[-44.13265053,-20.14002847,0],[-44.13265295,-20.14002721,0],[-44.13265524,-20.14002629,0],[-44.13265765,-20.14002551,0],[-44.13266156,-20.14002457,0],[-44.13266564,-20.14002385,0],[-44.13268018,-20.14002188,0],[-44.1326847,-20.14002143,0],[-44.13268926,-20.14002111,0],[-44.13270499,-20.14002038,0],[-44.13272404,-20.14001915,0],[-44.13273143,-20.14001883,0],[-44.13273488,-20.14001876,0],[-44.13273828,-20.14001882,0],[-44.13274203,-20.14001915,0],[-44.13274569,-20.14001974,0],[-44.13274923,-20.14002061,0],[-44.13275255,-20.14002175,0],[-44.13275567,-20.14002314,0],[-44.13275856,-20.14002475,0],[-44.13276077,-20.1400263,0],[-44.1327627,-20.14002802,0],[-44.13276425,-20.14002989,0],[-44.1327655,-20.14003212,0],[-44.13276614,-20.14003397,0],[-44.13276651,-20.14003592,0],[-44.13276661,-20.14003882,0],[-44.13276636,-20.1400418,0],[-44.1327651,-20.14004988,0],[-44.13276484,-20.14005233,0],[-44.13276479,-20.14005435,0],[-44.13276498,-20.14005629,0],[-44.1327655,-20.14005821,0],[-44.13276635,-20.14006,0],[-44.13276787,-20.14006206,0],[-44.13276984,-20.14006383,0],[-44.13277229,-20.14006531,0],[-44.13277508,-20.14006648,0],[-44.13277812,-20.14006741,0],[-44.13278207,-20.14006825,0],[-44.13278591,-20.14006871,0],[-44.13278985,-20.14006887,0],[-44.13279383,-20.14006874,0],[-44.13279683,-20.14006846,0],[-44.13280893,-20.14006687,0],[-44.13281198,-20.14006637,0],[-44.13281535,-20.14006563,0],[-44.13281867,-20.14006468,0],[-44.13282191,-20.1400635,0],[-44.13282465,-20.14006227,0],[-44.13283072,-20.14005913,0],[-44.132841,-20.14005336,0],[-44.13284455,-20.14005156,0],[-44.13284738,-20.14005032,0],[-44.13285028,-20.14004921,0],[-44.13285323,-20.14004821,0],[-44.13285761,-20.14004692,0],[-44.13287181,-20.14004329,0],[-44.13287626,-20.14004201,0],[-44.13288062,-20.14004055,0],[-44.13288469,-20.14003891,0],[-44.13288862,-20.14003703,0],[-44.13289172,-20.14003527,0],[-44.1328947,-20.14003333,0],[-44.13289754,-20.14003122,0],[-44.13290022,-20.14002893,0],[-44.13290214,-20.14002707,0],[-44.13290397,-20.14002511,0],[-44.13290685,-20.14002174,0],[-44.1329096,-20.14001825,0],[-44.13291611,-20.14000966,0],[-44.13291784,-20.14000749,0],[-44.13291964,-20.14000539,0],[-44.13292212,-20.14000283,0],[-44.13292477,-20.14000043,0],[-44.13292757,-20.13999817,0],[-44.1329305,-20.13999604,0],[-44.13293348,-20.13999408,0],[-44.13293658,-20.13999226,0],[-44.13293978,-20.1399906,0],[-44.13294286,-20.13998921,0],[-44.13294601,-20.13998795,0],[-44.13294922,-20.13998677,0],[-44.13296314,-20.13998204,0],[-44.13296681,-20.13998065,0],[-44.13297089,-20.13997891,0],[-44.13297402,-20.13997741,0],[-44.13297709,-20.13997581,0],[-44.13298844,-20.13996945,0],[-44.13300375,-20.13996131,0],[-44.13300731,-20.13995934,0],[-44.1330187,-20.13995253,0],[-44.13302387,-20.13994963,0],[-44.13302713,-20.13994807,0],[-44.13302929,-20.13994726,0],[-44.1330315,-20.13994658,0],[-44.13303512,-20.13994573,0],[-44.13303883,-20.13994515,0],[-44.1330426,-20.13994484,0],[-44.13304639,-20.13994481,0],[-44.1330498,-20.13994504,0],[-44.1330532,-20.13994554,0],[-44.13305563,-20.13994606,0],[-44.13305805,-20.1399467,0],[-44.13306192,-20.13994788,0],[-44.13307837,-20.13995333,0],[-44.13310388,-20.1399614,0],[-44.13311087,-20.13996371,0],[-44.13311839,-20.13996648,0],[-44.13312206,-20.139968,0],[-44.13313243,-20.13997272,0],[-44.13313589,-20.13997422,0],[-44.13314081,-20.13997604,0],[-44.13314565,-20.13997737,0],[-44.13314966,-20.13997821,0],[-44.13315374,-20.13997888,0],[-44.13315786,-20.13997943,0],[-44.1331662,-20.1399803,0],[-44.13317137,-20.13998072,0],[-44.13318001,-20.13998128,0],[-44.13318434,-20.13998149,0],[-44.13319301,-20.13998174,0],[-44.13319726,-20.13998176,0],[-44.13320158,-20.13998167,0],[-44.13320616,-20.13998148,0],[-44.13321531,-20.13998091,0],[-44.13322769,-20.13997995,0],[-44.13323926,-20.13997899,0],[-44.13325013,-20.13997797,0],[-44.13325696,-20.13997721,0],[-44.13326457,-20.13997617,0],[-44.1332682,-20.13997548,0],[-44.13327164,-20.13997459,0],[-44.13327485,-20.13997341,0],[-44.13327776,-20.13997182,0],[-44.13328011,-20.13996993,0],[-44.13328226,-20.13996754,0],[-44.13328418,-20.13996486,0],[-44.13328964,-20.13995596,0],[-44.13329229,-20.13995208,0],[-44.13329444,-20.13994927,0],[-44.13329674,-20.13994654,0],[-44.13329917,-20.13994391,0],[-44.13330176,-20.1399414,0],[-44.13330444,-20.13993911,0],[-44.13330727,-20.13993696,0],[-44.13331022,-20.13993498,0],[-44.1333133,-20.13993317,0],[-44.13331592,-20.13993183,0],[-44.13331861,-20.13993061,0],[-44.13332251,-20.13992906,0],[-44.13332651,-20.13992769,0],[-44.13333057,-20.13992644,0],[-44.13333469,-20.13992532,0],[-44.13334106,-20.13992381,0],[-44.1333461,-20.1399228,0],[-44.13335051,-20.13992207,0],[-44.13335491,-20.13992149,0],[-44.13335929,-20.13992112,0],[-44.13336363,-20.13992102,0],[-44.13336657,-20.13992113,0],[-44.13336947,-20.13992143,0],[-44.1333722,-20.1399219,0],[-44.13337489,-20.13992255,0],[-44.13337857,-20.1399237,0],[-44.13338576,-20.13992628,0],[-44.13338933,-20.13992743,0],[-44.13339288,-20.13992833,0],[-44.1333959,-20.13992879,0],[-44.13339888,-20.13992892,0],[-44.13340183,-20.13992864,0],[-44.13340468,-20.13992797,0],[-44.13340801,-20.13992661,0],[-44.13341104,-20.13992472,0],[-44.13341367,-20.13992233,0],[-44.13341573,-20.13991958,0],[-44.13341737,-20.13991648,0],[-44.1334188,-20.13991265,0],[-44.13341987,-20.13990859,0],[-44.13342064,-20.13990436,0],[-44.13342101,-20.13990137,0],[-44.13342126,-20.13989834,0],[-44.13342135,-20.13989436,0],[-44.13342118,-20.13989049,0],[-44.13342083,-20.13988661,0],[-44.13341891,-20.13987075,0],[-44.13341719,-20.13985779,0],[-44.1334168,-20.13985405,0],[-44.13341656,-20.1398505,0],[-44.1334165,-20.13984697,0],[-44.13341668,-20.13984348,0],[-44.13341714,-20.13984007,0],[-44.13341791,-20.13983672,0],[-44.13341898,-20.13983346,0],[-44.1334206,-20.13982983,0],[-44.13342254,-20.13982632,0],[-44.13342472,-20.13982289,0],[-44.13342875,-20.13981724,0],[-44.13343185,-20.13981333,0],[-44.13343401,-20.13981081,0],[-44.13343625,-20.1398084,0],[-44.13343899,-20.13980573,0],[-44.13344191,-20.1398033,0],[-44.13344457,-20.13980149,0],[-44.13344737,-20.13979991,0],[-44.13345047,-20.13979852,0],[-44.13345367,-20.13979745,0],[-44.13345698,-20.13979676,0],[-44.13345915,-20.13979655,0],[-44.13346136,-20.1397965,0],[-44.13346476,-20.13979667,0],[-44.1334682,-20.13979704,0],[-44.13347861,-20.13979846,0],[-44.13348203,-20.1397988,0],[-44.13348546,-20.13979899,0],[-44.13348921,-20.13979898,0],[-44.13349294,-20.13979876,0],[-44.13349666,-20.13979832,0],[-44.13350006,-20.13979772,0],[-44.13350342,-20.13979697,0],[-44.13350673,-20.13979611,0],[-44.13351019,-20.13979509,0],[-44.13351355,-20.13979395,0],[-44.1335158,-20.13979308,0],[-44.13351797,-20.13979213,0],[-44.13352124,-20.13979041,0],[-44.13352423,-20.13978843,0],[-44.13352684,-20.1397862,0],[-44.13352897,-20.13978382,0],[-44.1335326,-20.13977889,0],[-44.13353436,-20.13977664,0],[-44.13353612,-20.13977471,0],[-44.13353783,-20.13977321,0],[-44.13353944,-20.1397723,0],[-44.13354088,-20.13977218,0],[-44.13354215,-20.13977302,0],[-44.13354324,-20.13977468,0],[-44.13354421,-20.13977696,0],[-44.13354511,-20.13977971,0],[-44.13354915,-20.13979433,0],[-44.13355038,-20.13979821,0],[-44.13355174,-20.13980207,0],[-44.1335532,-20.13980586,0],[-44.13355447,-20.13980885,0],[-44.13355588,-20.13981173,0],[-44.13355752,-20.13981444,0],[-44.13355969,-20.13981725,0],[-44.13356219,-20.13981979,0],[-44.13356495,-20.13982208,0],[-44.13356813,-20.13982424,0],[-44.1335715,-20.13982613,0],[-44.13357521,-20.1398279,0],[-44.13358256,-20.13983114,0],[-44.13358558,-20.13983266,0],[-44.13358873,-20.13983469,0],[-44.13359714,-20.139841,0],[-44.13360138,-20.13984391,0],[-44.13360342,-20.13984517,0],[-44.13360661,-20.139847,0],[-44.13361314,-20.13985058,0],[-44.13361637,-20.13985245,0],[-44.13361951,-20.13985446,0],[-44.1336226,-20.13985672,0],[-44.13362559,-20.13985914,0],[-44.13363149,-20.13986433,0],[-44.13363976,-20.13987203,0],[-44.1336426,-20.13987454,0],[-44.13364542,-20.13987683,0],[-44.13364822,-20.13987881,0],[-44.13365097,-20.13988036,0],[-44.13365365,-20.13988135,0],[-44.13365624,-20.13988161,0],[-44.13365869,-20.139881,0],[-44.13366095,-20.13987961,0],[-44.13366296,-20.13987759,0],[-44.13366482,-20.13987482,0],[-44.13366646,-20.1398716,0],[-44.13367194,-20.1398591,0],[-44.13367341,-20.13985599,0],[-44.13367499,-20.13985292,0],[-44.13367673,-20.13984994,0],[-44.13367866,-20.13984708,0],[-44.13368068,-20.13984453,0],[-44.13368287,-20.1398421,0],[-44.13368619,-20.13983884,0],[-44.13368897,-20.13983629,0],[-44.13369749,-20.13982869,0],[-44.13370927,-20.13981789,0],[-44.13371189,-20.13981567,0],[-44.13371435,-20.13981382,0],[-44.13371696,-20.13981219,0],[-44.13371957,-20.13981091,0],[-44.13372232,-20.13980982,0],[-44.13372517,-20.13980889,0],[-44.13372841,-20.13980798,0],[-44.13373173,-20.13980722,0],[-44.13373556,-20.13980651,0],[-44.13374343,-20.13980544,0],[-44.13375052,-20.13980465,0],[-44.13375795,-20.13980396,0],[-44.13376752,-20.13980334,0],[-44.13377232,-20.13980318,0],[-44.13377685,-20.13980313,0],[-44.13378138,-20.13980318,0],[-44.1337877,-20.13980338,0],[-44.13379222,-20.13980362,0],[-44.13379672,-20.13980397,0],[-44.13380119,-20.13980443,0],[-44.13380539,-20.13980501,0],[-44.13380954,-20.13980573,0],[-44.13381363,-20.1398066,0],[-44.13381598,-20.1398072,0],[-44.1338183,-20.13980786,0],[-44.13382178,-20.139809,0],[-44.13382513,-20.13981034,0],[-44.13382832,-20.13981192,0],[-44.13383086,-20.13981348,0],[-44.13383325,-20.13981523,0],[-44.13383559,-20.13981729,0],[-44.13383775,-20.13981953,0],[-44.13384048,-20.13982289,0],[-44.13384293,-20.1398265,0],[-44.13384515,-20.13983029,0],[-44.13384671,-20.13983332,0],[-44.13384817,-20.13983641,0],[-44.1338495,-20.13983947,0],[-44.13385074,-20.13984257,0],[-44.13385189,-20.13984569,0],[-44.13385599,-20.13985766,0],[-44.13385732,-20.1398612,0],[-44.13385988,-20.1398674,0],[-44.13386242,-20.13987278,0],[-44.13386531,-20.13987826,0],[-44.13386681,-20.13988088,0],[-44.13386828,-20.13988325,0],[-44.13386987,-20.13988549,0],[-44.13387163,-20.13988755,0],[-44.13387395,-20.13988967,0],[-44.13387653,-20.13989159,0],[-44.13387929,-20.1398934,0],[-44.1338828,-20.13989553,0],[-44.13390239,-20.13990678,0],[-44.13390802,-20.13990993,0],[-44.13391065,-20.13991119,0],[-44.13391325,-20.13991212,0],[-44.13391588,-20.13991258,0],[-44.13391855,-20.13991247,0],[-44.13392126,-20.13991186,0],[-44.133924,-20.13991086,0],[-44.13392675,-20.13990956,0],[-44.13392983,-20.13990786,0],[-44.13393608,-20.13990416,0],[-44.13393929,-20.13990242,0],[-44.1339424,-20.13990102,0],[-44.13394522,-20.13990007,0],[-44.13394825,-20.13989938,0],[-44.13395224,-20.13989887,0],[-44.1339563,-20.13989872,0],[-44.13396037,-20.13989893,0],[-44.13396439,-20.1398995,0],[-44.1339683,-20.1399005,0],[-44.13397074,-20.1399014,0],[-44.13397223,-20.13990208,0],[-44.13397419,-20.13990315,0],[-44.13397768,-20.1399055,0],[-44.13398101,-20.13990818,0],[-44.13398721,-20.13991364,0],[-44.13399265,-20.13991818,0],[-44.13399567,-20.13992054,0],[-44.13399878,-20.13992281,0],[-44.13400197,-20.13992498,0],[-44.13400532,-20.13992706,0],[-44.13400925,-20.13992929,0],[-44.13401326,-20.13993136,0],[-44.13401737,-20.13993325,0],[-44.13402157,-20.13993492,0],[-44.13402591,-20.13993636,0],[-44.13403035,-20.13993753,0],[-44.13403415,-20.13993831,0],[-44.13403799,-20.13993896,0],[-44.13404187,-20.1399395,0],[-44.13405877,-20.13994151,0],[-44.13406736,-20.1399426,0],[-44.13407158,-20.13994303,0],[-44.13407529,-20.13994327,0],[-44.13407914,-20.13994331,0],[-44.13408286,-20.13994306,0],[-44.13408639,-20.13994241,0],[-44.13408998,-20.13994115,0],[-44.13409324,-20.13993937,0],[-44.13409613,-20.1399372,0],[-44.13409818,-20.13993511,0],[-44.13409986,-20.13993283,0],[-44.13410107,-20.13993039,0],[-44.13410173,-20.13992782,0],[-44.13410178,-20.13992514,0],[-44.13410136,-20.13992235,0],[-44.13409915,-20.13991326,0],[-44.13409856,-20.13990999,0],[-44.13409825,-20.13990726,0],[-44.1340982,-20.13990458,0],[-44.1340985,-20.13990201,0],[-44.13409945,-20.13989909,0],[-44.13410097,-20.13989643,0],[-44.13410299,-20.13989409,0],[-44.13410549,-20.13989217,0],[-44.1341087,-20.13989063,0],[-44.13411231,-20.13988963,0],[-44.1341162,-20.13988908,0],[-44.13412012,-20.13988894,0],[-44.13412417,-20.13988911,0],[-44.13412828,-20.1398895,0],[-44.13413755,-20.1398907,0],[-44.13414101,-20.13989107,0],[-44.13414448,-20.13989133,0],[-44.13414889,-20.13989144,0],[-44.13415331,-20.13989135,0],[-44.13416139,-20.13989098,0],[-44.13416534,-20.13989091,0],[-44.13416929,-20.13989098,0],[-44.13417322,-20.13989122,0],[-44.13417674,-20.1398916,0],[-44.13418022,-20.13989212,0],[-44.13418367,-20.13989275,0],[-44.13419165,-20.13989439,0],[-44.13419558,-20.13989505,0],[-44.13419949,-20.13989543,0],[-44.13420206,-20.13989545,0],[-44.13420555,-20.13989513,0],[-44.13420912,-20.13989446,0],[-44.13421269,-20.13989354,0],[-44.13422751,-20.13988895,0],[-44.13423485,-20.13988694,0],[-44.13424187,-20.13988531,0],[-44.13424823,-20.13988402,0],[-44.13425564,-20.13988276,0],[-44.13425985,-20.13988217,0],[-44.13427898,-20.13988015,0],[-44.13428831,-20.13987899,0],[-44.13429289,-20.13987822,0],[-44.13429658,-20.13987747,0],[-44.13430025,-20.13987663,0],[-44.13430755,-20.13987475,0],[-44.13431735,-20.13987189,0],[-44.13434602,-20.13986309,0],[-44.13435003,-20.1398618,0],[-44.134354,-20.13986042,0],[-44.1343579,-20.13985892,0],[-44.13436086,-20.13985767,0],[-44.13436378,-20.13985634,0],[-44.13436664,-20.13985493,0],[-44.13437017,-20.13985302,0],[-44.13437358,-20.13985096,0],[-44.13437616,-20.13984919,0],[-44.13437904,-20.13984697,0],[-44.13438204,-20.13984437,0],[-44.13439076,-20.13983613,0],[-44.13439399,-20.13983317,0],[-44.13440066,-20.13982742,0],[-44.13440409,-20.13982465,0],[-44.13440804,-20.13982163,0],[-44.13441503,-20.13981663,0],[-44.13441861,-20.13981425,0],[-44.13442224,-20.13981195,0],[-44.1344258,-20.13980982,0],[-44.13442943,-20.13980781,0],[-44.13443311,-20.13980592,0],[-44.13443682,-20.13980418,0],[-44.1344481,-20.1397994,0],[-44.13445175,-20.13979775,0],[-44.13445525,-20.13979595,0],[-44.13445851,-20.13979391,0],[-44.13446121,-20.13979181,0],[-44.13446326,-20.13978991,0],[-44.1344652,-20.1397879,0],[-44.13447073,-20.13978164,0],[-44.13447367,-20.13977864,0],[-44.13447637,-20.13977634,0],[-44.13447929,-20.13977422,0],[-44.13448239,-20.13977227,0],[-44.13448563,-20.13977047,0],[-44.13448899,-20.13976881,0],[-44.13449155,-20.13976768,0],[-44.1344955,-20.13976609,0],[-44.13450756,-20.13976158,0],[-44.13451152,-20.13975995,0],[-44.13451468,-20.1397585,0],[-44.13451777,-20.13975695,0],[-44.13452155,-20.13975487,0],[-44.13452905,-20.13975057,0],[-44.13453237,-20.13974879,0],[-44.13454594,-20.139742,0],[-44.13455252,-20.13973859,0],[-44.13455928,-20.13973486,0],[-44.13456261,-20.13973294,0],[-44.13456903,-20.13972903,0],[-44.13457208,-20.13972699,0],[-44.13457501,-20.13972483,0],[-44.13457738,-20.13972287,0],[-44.13457967,-20.13972081,0],[-44.13458424,-20.13971627,0],[-44.13458943,-20.13971066,0],[-44.13459789,-20.139701,0],[-44.13460061,-20.13969769,0],[-44.13460313,-20.13969425,0],[-44.13460488,-20.13969146,0],[-44.13460647,-20.13968858,0],[-44.13460777,-20.13968588,0],[-44.13460968,-20.13968134,0],[-44.13461093,-20.13967806,0],[-44.13461449,-20.13966815,0],[-44.13461602,-20.13966416,0],[-44.13461771,-20.13966027,0],[-44.13461962,-20.1396566,0],[-44.13462181,-20.13965311,0],[-44.13462432,-20.13964985,0],[-44.13462664,-20.13964739,0],[-44.13462916,-20.13964509,0],[-44.13463185,-20.13964292,0],[-44.13463468,-20.13964088,0],[-44.1346396,-20.13963772,0],[-44.13464292,-20.13963576,0],[-44.13464969,-20.13963199,0],[-44.1346535,-20.13962995,0],[-44.13465737,-20.13962803,0],[-44.13466034,-20.13962671,0],[-44.13466337,-20.13962548,0],[-44.13466734,-20.13962403,0],[-44.13467137,-20.13962269,0],[-44.13467864,-20.13962051,0],[-44.13468759,-20.13961807,0],[-44.1347014,-20.13961465,0],[-44.13470586,-20.13961347,0],[-44.13471025,-20.13961218,0],[-44.13471455,-20.13961074,0],[-44.13471721,-20.13960973,0],[-44.1347198,-20.13960862,0],[-44.13472288,-20.13960706,0],[-44.13472499,-20.1396058,0],[-44.13472703,-20.13960444,0],[-44.13472986,-20.13960227,0],[-44.13473255,-20.13959992,0],[-44.13473512,-20.13959742,0],[-44.13473756,-20.13959481,0],[-44.13473994,-20.13959204,0],[-44.13474218,-20.13958918,0],[-44.13474429,-20.13958623,0],[-44.13474624,-20.13958319,0],[-44.134748,-20.13958005,0],[-44.13474924,-20.13957745,0],[-44.13475077,-20.1395736,0],[-44.13475205,-20.13956964,0],[-44.13475312,-20.13956561,0],[-44.13475401,-20.13956152,0],[-44.13475472,-20.13955739,0],[-44.13475507,-20.13955469,0],[-44.13475534,-20.13955198,0],[-44.13475553,-20.13954879,0],[-44.1347556,-20.13954559,0],[-44.13475555,-20.13954167,0],[-44.13475539,-20.13953775,0],[-44.13475483,-20.1395299,0],[-44.13475356,-20.13951644,0],[-44.13475324,-20.13951217,0],[-44.13475303,-20.13950791,0],[-44.13475297,-20.13950367,0],[-44.13475314,-20.13949946,0],[-44.13475359,-20.1394954,0],[-44.13475423,-20.13949193,0],[-44.13475507,-20.1394885,0],[-44.13475609,-20.13948511,0],[-44.13475728,-20.13948179,0],[-44.13475865,-20.13947853,0],[-44.1347604,-20.13947501,0],[-44.13476243,-20.13947164,0],[-44.13476474,-20.13946847,0],[-44.13476733,-20.13946548,0],[-44.13477014,-20.13946264,0],[-44.13477288,-20.13946016,0],[-44.13477576,-20.1394578,0],[-44.13477875,-20.13945554,0],[-44.13478231,-20.13945305,0],[-44.13478597,-20.13945068,0],[-44.13478982,-20.13944833,0],[-44.13479373,-20.13944608,0],[-44.13479771,-20.13944391,0],[-44.134804,-20.13944073,0],[-44.1348075,-20.13943908,0],[-44.13481353,-20.1394364,0],[-44.13482795,-20.13943025,0],[-44.13483603,-20.13942663,0],[-44.13483968,-20.13942491,0],[-44.1348473,-20.13942107,0],[-44.13485128,-20.13941894,0],[-44.1348583,-20.13941501,0],[-44.13486479,-20.13941118,0],[-44.13487166,-20.13940684,0],[-44.13487842,-20.13940236,0],[-44.13489075,-20.139394,0],[-44.1348994,-20.13938835,0],[-44.13491245,-20.13938035,0],[-44.13493023,-20.13936977,0],[-44.13494708,-20.13935916,0],[-44.13495226,-20.13935616,0],[-44.13495558,-20.13935439,0],[-44.13496665,-20.13934882,0],[-44.1349732,-20.13934544,0],[-44.13497642,-20.13934366,0],[-44.13498167,-20.13934048,0],[-44.13498625,-20.13933733,0],[-44.13498871,-20.1393355,0],[-44.13499225,-20.13933269,0],[-44.13499571,-20.13932979,0],[-44.13501175,-20.13931567,0],[-44.1350166,-20.13931125,0],[-44.13501918,-20.13930878,0],[-44.13502213,-20.13930584,0],[-44.135025,-20.13930283,0],[-44.13502778,-20.13929974,0],[-44.1350305,-20.13929657,0],[-44.13504053,-20.13928437,0],[-44.13504511,-20.13927915,0],[-44.13504794,-20.13927605,0],[-44.13505372,-20.13927003,0],[-44.13505645,-20.13926736,0],[-44.13505924,-20.13926479,0],[-44.13506212,-20.13926238,0],[-44.13506512,-20.13926018,0],[-44.13506813,-20.13925835,0],[-44.13506907,-20.13925785,0],[-44.13507256,-20.1392563,0],[-44.13507621,-20.13925501,0],[-44.13507998,-20.13925391,0],[-44.13509538,-20.13925008,0],[-44.13510323,-20.13924784,0],[-44.13510668,-20.13924674,0],[-44.13511009,-20.13924554,0],[-44.13511344,-20.13924421,0],[-44.13511698,-20.13924256,0],[-44.13512041,-20.13924072,0],[-44.13512375,-20.1392387,0],[-44.13512711,-20.13923644,0],[-44.13513287,-20.13923216,0],[-44.13513769,-20.1392282,0],[-44.13514027,-20.13922591,0],[-44.13514528,-20.13922116,0],[-44.13514788,-20.13921852,0],[-44.13515292,-20.13921311,0],[-44.13515577,-20.13920982,0],[-44.13516248,-20.13920176,0],[-44.13516811,-20.13919471,0],[-44.13517082,-20.13919112,0],[-44.13517538,-20.13918465,0],[-44.1351797,-20.13917804,0],[-44.13518427,-20.1391705,0],[-44.13519899,-20.13914451,0],[-44.13520223,-20.13913895,0],[-44.13520451,-20.13913527,0],[-44.13520688,-20.13913164,0],[-44.13520936,-20.13912808,0],[-44.13521196,-20.13912461,0],[-44.13521361,-20.13912255,0],[-44.13521779,-20.13911781,0],[-44.13522084,-20.13911464,0],[-44.13522399,-20.13911153,0],[-44.13523042,-20.1391055,0],[-44.13523368,-20.13910258,0],[-44.13524031,-20.13909682,0],[-44.13525397,-20.13908547,0],[-44.13525722,-20.13908263,0],[-44.13525994,-20.13908013,0],[-44.13526258,-20.13907757,0],[-44.1352651,-20.13907492,0],[-44.1352675,-20.13907219,0],[-44.13527037,-20.13906848,0],[-44.13527231,-20.13906559,0],[-44.13527427,-20.13906228,0],[-44.13527608,-20.13905886,0],[-44.13527891,-20.139053,0],[-44.13528337,-20.13904329,0],[-44.13528641,-20.13903709,0],[-44.13528941,-20.13903147,0],[-44.13529383,-20.13902369,0],[-44.13529614,-20.13901985,0],[-44.13530067,-20.13901283,0],[-44.13531115,-20.13899801,0],[-44.13531549,-20.13899161,0],[-44.13531758,-20.13898836,0],[-44.1353208,-20.1389831,0],[-44.13532366,-20.13897808,0],[-44.13533182,-20.13896308,0],[-44.13533606,-20.13895492,0],[-44.13534106,-20.13894465,0],[-44.1353456,-20.13893463,0],[-44.1353544,-20.13891435,0],[-44.13535809,-20.13890625,0],[-44.13536367,-20.13889477,0],[-44.13536726,-20.13888775,0],[-44.1353692,-20.13888417,0],[-44.13537529,-20.1388735,0],[-44.13537747,-20.13886996,0],[-44.13537966,-20.13886665,0],[-44.13538429,-20.13886013,0],[-44.13538882,-20.13885393,0],[-44.13539398,-20.13884717,0],[-44.13539869,-20.13884132,0],[-44.1354011,-20.13883845,0],[-44.13540622,-20.1388327,0],[-44.13540887,-20.1388299,0],[-44.1354116,-20.13882718,0],[-44.13541472,-20.13882427,0],[-44.13541796,-20.13882149,0],[-44.135421,-20.13881906,0],[-44.1354273,-20.13881442,0],[-44.13543435,-20.13880966,0],[-44.135442,-20.13880467,0],[-44.13544763,-20.13880083,0],[-44.135451,-20.13879834,0],[-44.1354543,-20.13879577,0],[-44.1354663,-20.13878598,0],[-44.13546969,-20.13878334,0],[-44.13547321,-20.1387809,0],[-44.13547626,-20.13877909,0],[-44.13547941,-20.13877744,0],[-44.13548974,-20.13877265,0],[-44.13549314,-20.138771,0],[-44.13549643,-20.13876921,0],[-44.13549818,-20.13876814,0],[-44.13550015,-20.13876679,0],[-44.13550342,-20.13876419,0],[-44.1355065,-20.13876134,0],[-44.13551078,-20.13875689,0],[-44.13551736,-20.13874938,0],[-44.13551969,-20.13874685,0],[-44.13552214,-20.13874444,0],[-44.13552443,-20.13874246,0],[-44.13552683,-20.13874062,0],[-44.13553012,-20.13873839,0],[-44.13553325,-20.13873653,0],[-44.13553648,-20.13873479,0],[-44.13553979,-20.13873315,0],[-44.13554501,-20.13873077,0],[-44.13554923,-20.13872897,0],[-44.13556567,-20.13872247,0],[-44.13556988,-20.13872061,0],[-44.13557398,-20.1387186,0],[-44.13557796,-20.13871641,0],[-44.13558179,-20.13871402,0],[-44.13558371,-20.13871267,0],[-44.13558749,-20.13870966,0],[-44.13559023,-20.13870719,0],[-44.13559823,-20.13869946,0],[-44.13560104,-20.13869687,0],[-44.13560393,-20.13869436,0],[-44.13560689,-20.13869193,0],[-44.13560994,-20.13868961,0],[-44.13561337,-20.13868726,0],[-44.1356162,-20.13868553,0],[-44.13561971,-20.13868363,0],[-44.1356233,-20.13868186,0],[-44.13562623,-20.13868053,0],[-44.1356322,-20.13867811,0],[-44.1356361,-20.13867673,0],[-44.13564005,-20.13867546,0],[-44.13565471,-20.13867116,0],[-44.13567922,-20.13866345,0],[-44.13568936,-20.13866001,0],[-44.13570192,-20.13865547,0],[-44.13570919,-20.13865304,0],[-44.13571535,-20.1386512,0],[-44.13572209,-20.13864939,0],[-44.13572636,-20.13864839,0],[-44.13573067,-20.13864752,0],[-44.1357343,-20.13864691,0],[-44.13573794,-20.1386464,0],[-44.13575176,-20.13864482,0],[-44.13575899,-20.13864387,0],[-44.13577116,-20.13864177,0],[-44.13578809,-20.13863866,0],[-44.13579426,-20.13863746,0],[-44.13579807,-20.13863664,0],[-44.1358018,-20.13863573,0],[-44.13580544,-20.13863468,0],[-44.13580894,-20.13863341,0],[-44.13581121,-20.13863241,0],[-44.13581338,-20.13863126,0],[-44.13581454,-20.13863055,0],[-44.13581799,-20.138628,0],[-44.13582119,-20.1386251,0],[-44.13582419,-20.13862192,0],[-44.13582703,-20.13861856,0],[-44.13583162,-20.13861268,0],[-44.135834,-20.13860977,0],[-44.13583696,-20.1386065,0],[-44.13584011,-20.13860337,0],[-44.13584328,-20.13860047,0],[-44.13584661,-20.13859773,0],[-44.1358496,-20.13859554,0],[-44.13585272,-20.1385935,0],[-44.13585593,-20.13859158,0],[-44.13585924,-20.13858979,0],[-44.13586262,-20.13858811,0],[-44.13586606,-20.13858654,0],[-44.13586957,-20.13858509,0],[-44.135875,-20.13858312,0],[-44.13588126,-20.13858128,0],[-44.13588559,-20.13858018,0],[-44.13589868,-20.13857713,0],[-44.13590622,-20.13857519,0],[-44.13591332,-20.13857309,0],[-44.13593491,-20.13856639,0],[-44.13594153,-20.13856441,0],[-44.13595345,-20.13856118,0],[-44.13596767,-20.13855753,0],[-44.13598269,-20.13855399,0],[-44.13600546,-20.13854903,0],[-44.136014,-20.13854744,0],[-44.13603199,-20.13854452,0],[-44.13603892,-20.1385433,0],[-44.13604669,-20.13854167,0],[-44.13605054,-20.13854072,0],[-44.13605435,-20.13853967,0],[-44.13605813,-20.13853852,0],[-44.13606241,-20.13853709,0],[-44.13606665,-20.13853557,0],[-44.13607602,-20.13853205,0],[-44.13608181,-20.13852978,0],[-44.13608536,-20.13852827,0],[-44.13608851,-20.13852678,0],[-44.13609153,-20.13852516,0],[-44.13609438,-20.13852337,0],[-44.13609701,-20.13852135,0],[-44.13609928,-20.13851916,0],[-44.13610132,-20.13851676,0],[-44.13610317,-20.13851419,0],[-44.13610496,-20.13851129,0],[-44.13610659,-20.13850827,0],[-44.13610809,-20.13850515,0],[-44.13610966,-20.13850154,0],[-44.13611239,-20.13849446,0],[-44.13611453,-20.13848834,0],[-44.13611552,-20.13848525,0],[-44.1361166,-20.13848162,0],[-44.13611858,-20.13847429,0],[-44.13612352,-20.13845383,0],[-44.13612441,-20.13845049,0],[-44.13612623,-20.13844438,0],[-44.13612856,-20.13843746,0],[-44.13613005,-20.13843338,0],[-44.13613171,-20.13842943,0],[-44.13613362,-20.13842567,0],[-44.1361359,-20.13842219,0],[-44.1361371,-20.13842072,0],[-44.13613953,-20.13841824,0],[-44.13614223,-20.13841598,0],[-44.13614513,-20.1384139,0],[-44.1361482,-20.138412,0],[-44.13615141,-20.13841025,0],[-44.13615501,-20.13840855,0],[-44.13615872,-20.1384071,0],[-44.13616255,-20.13840593,0],[-44.13616613,-20.13840518,0],[-44.13616979,-20.13840467,0],[-44.13617351,-20.13840434,0],[-44.13617951,-20.13840413,0],[-44.13618318,-20.13840416,0],[-44.13618686,-20.13840431,0],[-44.13619054,-20.13840455,0],[-44.13619523,-20.13840499,0],[-44.1362101,-20.13840674,0],[-44.13621483,-20.13840723,0],[-44.13621956,-20.13840759,0],[-44.13622393,-20.13840778,0],[-44.13622831,-20.13840785,0],[-44.13623269,-20.13840783,0],[-44.1362395,-20.13840765,0],[-44.13626836,-20.13840636,0],[-44.13627702,-20.13840625,0],[-44.13629067,-20.13840659,0],[-44.1362963,-20.13840661,0],[-44.13630089,-20.13840644,0],[-44.13630544,-20.13840602,0],[-44.1363092,-20.13840543,0],[-44.13631294,-20.13840467,0],[-44.13631665,-20.13840377,0],[-44.13632441,-20.13840159,0],[-44.13633801,-20.13839756,0],[-44.13635602,-20.13839246,0],[-44.1363635,-20.13839061,0],[-44.13637982,-20.13838689,0],[-44.13638339,-20.13838598,0],[-44.13638739,-20.13838485,0],[-44.13639131,-20.13838357,0],[-44.13639557,-20.13838189,0],[-44.13639969,-20.13837997,0],[-44.13640366,-20.13837778,0],[-44.13640706,-20.1383756,0],[-44.13641697,-20.13836855,0],[-44.13642176,-20.13836536,0],[-44.13642812,-20.13836154,0],[-44.13644132,-20.13835418,0],[-44.13644499,-20.13835207,0],[-44.13644859,-20.13834987,0],[-44.13645188,-20.13834771,0],[-44.13645509,-20.13834546,0],[-44.13646456,-20.13833859,0],[-44.13646794,-20.13833631,0],[-44.13647139,-20.13833413,0],[-44.13647506,-20.13833199,0],[-44.1364788,-20.13832996,0],[-44.13648256,-20.13832809,0],[-44.13648637,-20.1383263,0],[-44.1364939,-20.138323,0],[-44.1364976,-20.13832148,0],[-44.13650133,-20.13832005,0],[-44.13650445,-20.13831896,0],[-44.13650762,-20.13831797,0],[-44.13651006,-20.13831728,0],[-44.13651419,-20.13831627,0],[-44.13653091,-20.13831277,0],[-44.1365355,-20.13831166,0],[-44.13654061,-20.13831021,0],[-44.13654432,-20.13830903,0],[-44.1365517,-20.13830651,0],[-44.13656867,-20.13830034,0],[-44.13657616,-20.1382974,0],[-44.13657993,-20.13829576,0],[-44.13658363,-20.13829403,0],[-44.13658728,-20.13829221,0],[-44.13659005,-20.13829072,0],[-44.13659276,-20.13828916,0],[-44.13659482,-20.13828787,0],[-44.13659737,-20.13828613,0],[-44.13660067,-20.13828367,0],[-44.13660384,-20.13828106,0],[-44.13660686,-20.13827831,0],[-44.13660973,-20.1382754,0],[-44.13661247,-20.13827228,0],[-44.13661508,-20.13826904,0],[-44.13662292,-20.13825872,0],[-44.13662755,-20.13825293,0],[-44.13663236,-20.1382473,0],[-44.13663483,-20.13824456,0],[-44.13663747,-20.13824177,0],[-44.13664017,-20.13823908,0],[-44.13664297,-20.13823651,0],[-44.13664588,-20.1382341,0],[-44.1366492,-20.13823172,0],[-44.13665246,-20.1382298,0],[-44.1366555,-20.13822832,0],[-44.13665866,-20.13822704,0],[-44.13666219,-20.13822581,0],[-44.13666581,-20.13822473,0],[-44.1366695,-20.1382238,0],[-44.1366729,-20.13822308,0],[-44.13667633,-20.13822247,0],[-44.13668423,-20.13822134,0],[-44.1366887,-20.13822084,0],[-44.1366994,-20.13821986,0],[-44.13671725,-20.13821846,0],[-44.13672157,-20.13821806,0],[-44.13672968,-20.13821717,0],[-44.13673747,-20.13821614,0],[-44.13674204,-20.13821539,0],[-44.13674656,-20.13821448,0],[-44.13675028,-20.13821359,0],[-44.13675393,-20.13821257,0],[-44.13675752,-20.13821141,0],[-44.13676103,-20.1382101,0],[-44.13676516,-20.13820825,0],[-44.13676747,-20.13820701,0],[-44.13677043,-20.13820516,0],[-44.13677359,-20.13820284,0],[-44.13677661,-20.13820032,0],[-44.13677948,-20.13819762,0],[-44.13678222,-20.13819476,0],[-44.13678463,-20.13819201,0],[-44.13678693,-20.13818916,0],[-44.13678952,-20.13818566,0],[-44.13679425,-20.13817897,0],[-44.136797,-20.13817472,0],[-44.13680295,-20.13816486,0],[-44.13680991,-20.13815265,0],[-44.13681478,-20.13814368,0],[-44.1368184,-20.13813645,0],[-44.1368201,-20.13813279,0],[-44.1368217,-20.13812911,0],[-44.13682354,-20.13812436,0],[-44.1368249,-20.13812025,0],[-44.13682607,-20.13811611,0],[-44.13682704,-20.13811195,0],[-44.1368278,-20.13810776,0],[-44.13682828,-20.13810355,0],[-44.13682841,-20.13810097,0],[-44.13682842,-20.13809838,0],[-44.1368283,-20.13809603,0],[-44.13682807,-20.13809368,0],[-44.13682749,-20.13808968,0],[-44.13682671,-20.13808569,0],[-44.13682578,-20.13808171,0],[-44.13682475,-20.13807773,0],[-44.13682321,-20.13807229,0],[-44.13682078,-20.1380648,0],[-44.13681767,-20.13805627,0],[-44.13681433,-20.13804809,0],[-44.13681258,-20.13804417,0],[-44.13680903,-20.1380369,0],[-44.13680512,-20.13802953,0],[-44.13680301,-20.1380258,0],[-44.13680083,-20.1380221,0],[-44.13679779,-20.13801727,0],[-44.13679305,-20.1380104,0],[-44.13678019,-20.13799288,0],[-44.13677569,-20.1379866,0],[-44.13677183,-20.13798083,0],[-44.13676999,-20.13797787,0],[-44.13676821,-20.13797487,0],[-44.13676504,-20.13796916,0],[-44.13675586,-20.13795128,0],[-44.1367523,-20.1379449,0],[-44.13675051,-20.13794196,0],[-44.13674861,-20.13793912,0],[-44.13674658,-20.13793639,0],[-44.13674462,-20.13793407,0],[-44.13674251,-20.1379319,0],[-44.1367399,-20.13792961,0],[-44.13673709,-20.13792755,0],[-44.13673424,-20.13792581,0],[-44.13673126,-20.13792424,0],[-44.13672817,-20.13792281,0],[-44.13671535,-20.13791754,0],[-44.13671134,-20.13791572,0],[-44.13670925,-20.13791464,0],[-44.1367082,-20.13791409,0],[-44.13670519,-20.1379123,0],[-44.13670235,-20.13791036,0],[-44.13669966,-20.13790824,0],[-44.13669715,-20.13790595,0],[-44.13669498,-20.13790367,0],[-44.13669292,-20.13790128,0],[-44.13668127,-20.13788644,0],[-44.13667684,-20.13788101,0],[-44.13667416,-20.13787786,0],[-44.13666864,-20.1378717,0],[-44.1366658,-20.13786869,0],[-44.13666258,-20.13786543,0],[-44.13665927,-20.13786226,0],[-44.13665587,-20.13785919,0],[-44.13665236,-20.13785626,0],[-44.13665012,-20.13785453,0],[-44.13664703,-20.13785229,0],[-44.13663759,-20.13784584,0],[-44.13663449,-20.13784363,0],[-44.13663117,-20.13784112,0],[-44.13661651,-20.13782937,0],[-44.13661383,-20.13782734,0],[-44.13661276,-20.1378266,0],[-44.13661016,-20.1378248,0],[-44.13660637,-20.13782242,0],[-44.13660246,-20.13782016,0],[-44.13659582,-20.13781669,0],[-44.13658746,-20.13781271,0],[-44.13656398,-20.13780196,0],[-44.13655293,-20.13779714,0],[-44.13654445,-20.13779375,0],[-44.13653806,-20.13779149,0],[-44.1365343,-20.1377903,0],[-44.13652182,-20.13778656,0],[-44.13651791,-20.13778522,0],[-44.13651408,-20.13778372,0],[-44.13651035,-20.13778204,0],[-44.13650644,-20.13777999,0],[-44.13650272,-20.13777769,0],[-44.13649957,-20.13777539,0],[-44.1364966,-20.13777289,0],[-44.13649383,-20.13777018,0],[-44.13649122,-20.1377672,0],[-44.13648881,-20.13776406,0],[-44.13648669,-20.137761,0],[-44.1364847,-20.13775784,0],[-44.13648294,-20.13775485,0],[-44.13647871,-20.13774661,0],[-44.13647762,-20.13774413,0],[-44.13647573,-20.13773929,0],[-44.13647436,-20.13773516,0],[-44.13647323,-20.13773102,0],[-44.13647242,-20.13772687,0],[-44.13647207,-20.13772374,0],[-44.13647199,-20.13772064,0],[-44.13647223,-20.13771756,0],[-44.13647309,-20.13771347,0],[-44.1364745,-20.13770947,0],[-44.13647604,-20.13770618,0],[-44.13647783,-20.13770296,0],[-44.13647985,-20.13769981,0],[-44.13648204,-20.13769672,0],[-44.13648476,-20.13769323,0],[-44.13648988,-20.1376872,0],[-44.13651194,-20.137663,0],[-44.13651791,-20.13765622,0],[-44.13652214,-20.13765124,0],[-44.13652678,-20.13764548,0],[-44.13652926,-20.13764218,0],[-44.13653164,-20.13763882,0],[-44.13653387,-20.13763539,0],[-44.13653549,-20.13763262,0],[-44.13653738,-20.1376291,0],[-44.13653914,-20.13762551,0],[-44.13654094,-20.13762148,0],[-44.13654427,-20.1376133,0],[-44.136548,-20.13760331,0],[-44.13656007,-20.13756942,0],[-44.13656539,-20.13755484,0],[-44.13657015,-20.13754261,0],[-44.13657296,-20.13753598,0],[-44.13657446,-20.13753271,0],[-44.13657668,-20.13752825,0],[-44.13657848,-20.13752492,0],[-44.13658038,-20.13752163,0],[-44.13658437,-20.13751516,0],[-44.13659188,-20.13750362,0],[-44.13659393,-20.13750033,0],[-44.13659756,-20.13749414,0],[-44.13660317,-20.13748395,0],[-44.13660396,-20.13748242,0],[-44.1366068,-20.13747694,0],[-44.13660855,-20.13747331,0],[-44.13661029,-20.13746938,0],[-44.13661348,-20.13746139,0],[-44.13661622,-20.13745398,0],[-44.13662212,-20.13743743,0],[-44.13662613,-20.13742719,0],[-44.13662705,-20.13742507,0],[-44.13632954,-20.1370613,0],[-44.13632908,-20.13706073,0],[-44.13606369,-20.13673623,0],[-44.13606093,-20.13673731,0],[-44.13605772,-20.13673876,0],[-44.1360542,-20.13674061,0],[-44.13605049,-20.13674284,0],[-44.13604685,-20.13674523,0],[-44.13603045,-20.13675693,0],[-44.13602534,-20.13676038,0],[-44.13602499,-20.1367606,0],[-44.13602275,-20.136762,0],[-44.13602049,-20.13676341,0],[-44.13601758,-20.1367651,0],[-44.13601347,-20.13676732,0],[-44.13600929,-20.13676942,0],[-44.13600195,-20.13677277,0],[-44.13599535,-20.13677553,0],[-44.13597365,-20.13678427,0],[-44.13596753,-20.13678684,0],[-44.13596072,-20.13678988,0],[-44.13595663,-20.13679187,0],[-44.13595264,-20.13679401,0],[-44.13594951,-20.13679586,0],[-44.13594645,-20.13679783,0],[-44.13594187,-20.13680108,0],[-44.13593907,-20.1368032,0],[-44.13592533,-20.13681424,0],[-44.13591968,-20.13681851,0],[-44.13591496,-20.13682169,0],[-44.13590872,-20.13682545,0],[-44.13590857,-20.13682553,0],[-44.13589064,-20.13683538,0],[-44.13588758,-20.13683716,0],[-44.13588516,-20.13683866,0]]]]}},{"type": "Feature","properties": {"classe": "Estrutura de Contenção","descricao": "Estaca Prancha"},"geometry": {"type": "MultiPolygon","coordinates": [[[[-44.15888117,-20.15425793,0],[-44.15934939,-20.15378503,0],[-44.15934921,-20.15378462,0],[-44.15934759,-20.15378115,0],[-44.15934584,-20.15377773,0],[-44.15934391,-20.15377429,0],[-44.15934183,-20.15377093,0],[-44.15933958,-20.15376767,0],[-44.15933711,-20.15376449,0],[-44.15933448,-20.1537614,0],[-44.1593317,-20.15375837,0],[-44.15932883,-20.15375541,0],[-44.15932341,-20.15375009,0],[-44.15931794,-20.15374498,0],[-44.15931245,-20.1537401,0],[-44.15930059,-20.15373019,0],[-44.15929382,-20.15372432,0],[-44.1592905,-20.15372133,0],[-44.15928046,-20.15371193,0],[-44.1592761,-20.15370801,0],[-44.15927333,-20.15370574,0],[-44.15927046,-20.15370364,0],[-44.15926701,-20.15370149,0],[-44.15926341,-20.15369966,0],[-44.15925966,-20.15369819,0],[-44.15925689,-20.15369737,0],[-44.15925407,-20.15369672,0],[-44.15925046,-20.1536961,0],[-44.1592468,-20.15369571,0],[-44.15924311,-20.15369557,0],[-44.15923889,-20.15369574,0],[-44.15923464,-20.15369616,0],[-44.15922341,-20.15369757,0],[-44.15921886,-20.15369794,0],[-44.1592143,-20.15369806,0],[-44.15920979,-20.15369785,0],[-44.15920527,-20.15369735,0],[-44.15920077,-20.15369662,0],[-44.15919781,-20.15369605,0],[-44.15918522,-20.15369327,0],[-44.1591785,-20.15369187,0],[-44.15917072,-20.1536904,0],[-44.15916682,-20.15368975,0],[-44.15916293,-20.15368916,0],[-44.15915654,-20.15368837,0],[-44.15914183,-20.15368716,0],[-44.15913768,-20.15368659,0],[-44.15913372,-20.15368568,0],[-44.15913021,-20.15368438,0],[-44.15912815,-20.15368331,0],[-44.15912606,-20.15368193,0],[-44.15912395,-20.15368023,0],[-44.15912196,-20.15367835,0],[-44.15912006,-20.15367635,0],[-44.15911442,-20.15367005,0],[-44.15911195,-20.1536676,0],[-44.1591067,-20.15366283,0],[-44.15910251,-20.15365882,0],[-44.15910046,-20.15365663,0],[-44.15909838,-20.15365415,0],[-44.15909591,-20.15365086,0],[-44.1590936,-20.15364743,0],[-44.15909141,-20.1536439,0],[-44.15908934,-20.15364028,0],[-44.15908753,-20.15363688,0],[-44.15908414,-20.15362996,0],[-44.15908226,-20.15362581,0],[-44.15907733,-20.15361447,0],[-44.15907569,-20.15361095,0],[-44.15907393,-20.15360751,0],[-44.15907191,-20.15360408,0],[-44.15907091,-20.15360256,0],[-44.15906937,-20.15360046,0],[-44.15906674,-20.15359731,0],[-44.15906388,-20.15359433,0],[-44.15906083,-20.15359149,0],[-44.1590576,-20.1535888,0],[-44.15905394,-20.15358605,0],[-44.15905014,-20.15358343,0],[-44.15904627,-20.15358092,0],[-44.15904231,-20.15357849,0],[-44.15902288,-20.15356707,0],[-44.15901728,-20.15356351,0],[-44.15901458,-20.15356163,0],[-44.15901186,-20.15355956,0],[-44.15900925,-20.15355738,0],[-44.15900676,-20.15355508,0],[-44.15900442,-20.15355269,0],[-44.15900223,-20.15355018,0],[-44.15900018,-20.15354756,0],[-44.15899832,-20.15354487,0],[-44.15899659,-20.15354209,0],[-44.15899499,-20.15353924,0],[-44.1589931,-20.15353548,0],[-44.15899138,-20.15353165,0],[-44.15898982,-20.15352774,0],[-44.15898844,-20.15352378,0],[-44.15898763,-20.15352108,0],[-44.15898653,-20.15351661,0],[-44.15898589,-20.15351332,0],[-44.15898537,-20.15351002,0],[-44.15898494,-20.15350651,0],[-44.15898463,-20.153503,0],[-44.15898447,-20.15349948,0],[-44.15898446,-20.15349597,0],[-44.15898465,-20.15349248,0],[-44.15898512,-20.1534884,0],[-44.15898583,-20.15348434,0],[-44.15898663,-20.15348084,0],[-44.15898757,-20.15347737,0],[-44.15898869,-20.15347396,0],[-44.15898998,-20.15347061,0],[-44.15899125,-20.15346783,0],[-44.158993,-20.15346452,0],[-44.15899494,-20.15346129,0],[-44.15899703,-20.15345813,0],[-44.15900024,-20.15345373,0],[-44.15900308,-20.15345013,0],[-44.15901268,-20.15343849,0],[-44.15902226,-20.1534262,0],[-44.15903068,-20.15341575,0],[-44.15903338,-20.15341223,0],[-44.15903517,-20.15340971,0],[-44.15903688,-20.15340713,0],[-44.15903863,-20.15340428,0],[-44.15904027,-20.15340138,0],[-44.15904179,-20.15339841,0],[-44.1590433,-20.15339507,0],[-44.15904469,-20.15339166,0],[-44.15904688,-20.15338583,0],[-44.15905101,-20.15337411,0],[-44.15905225,-20.15337075,0],[-44.15905358,-20.15336744,0],[-44.1590554,-20.15336346,0],[-44.15905741,-20.15335957,0],[-44.1590593,-20.15335634,0],[-44.15906132,-20.15335319,0],[-44.15906348,-20.15335011,0],[-44.15906556,-20.15334737,0],[-44.15908074,-20.1533289,0],[-44.15909077,-20.15331685,0],[-44.1590954,-20.15331109,0],[-44.15909759,-20.15330814,0],[-44.15909964,-20.15330511,0],[-44.15910097,-20.15330293,0],[-44.15910288,-20.15329946,0],[-44.15910466,-20.15329592,0],[-44.15911126,-20.15328159,0],[-44.15911486,-20.15327429,0],[-44.15911685,-20.15327046,0],[-44.15912071,-20.15326358,0],[-44.15912622,-20.15325434,0],[-44.15912893,-20.15324961,0],[-44.15913157,-20.15324471,0],[-44.15913501,-20.15323789,0],[-44.15914004,-20.15322738,0],[-44.15914719,-20.15321183,0],[-44.15915173,-20.15320226,0],[-44.15915431,-20.15319642,0],[-44.15915682,-20.15318994,0],[-44.15915917,-20.1531831,0],[-44.15916247,-20.15317213,0],[-44.15916747,-20.15315459,0],[-44.15917063,-20.15314261,0],[-44.1591736,-20.1531298,0],[-44.15917566,-20.15311987,0],[-44.15917701,-20.15311222,0],[-44.15917793,-20.15310567,0],[-44.15917878,-20.15309778,0],[-44.15917928,-20.15309156,0],[-44.15917963,-20.15308418,0],[-44.15917977,-20.1530766,0],[-44.15917984,-20.15305699,0],[-44.15918029,-20.1530261,0],[-44.15918033,-20.1530152,0],[-44.15918014,-20.15300287,0],[-44.15917933,-20.15297985,0],[-44.15917928,-20.15297349,0],[-44.15917948,-20.15296618,0],[-44.15917977,-20.15296206,0],[-44.15918007,-20.15295906,0],[-44.15918049,-20.15295609,0],[-44.15918104,-20.15295316,0],[-44.15918198,-20.15294954,0],[-44.15918318,-20.15294601,0],[-44.15918476,-20.15294236,0],[-44.15918662,-20.15293883,0],[-44.15918875,-20.15293543,0],[-44.15919114,-20.1529322,0],[-44.15919345,-20.15292953,0],[-44.15919653,-20.15292648,0],[-44.15919937,-20.15292392,0],[-44.15920823,-20.1529164,0],[-44.15921146,-20.15291353,0],[-44.15921462,-20.15291058,0],[-44.15921768,-20.15290755,0],[-44.15921996,-20.15290515,0],[-44.15922217,-20.15290269,0],[-44.15922408,-20.1529004,0],[-44.1592259,-20.15289806,0],[-44.15922794,-20.15289519,0],[-44.15922986,-20.15289225,0],[-44.15923167,-20.15288924,0],[-44.15923338,-20.15288617,0],[-44.15923519,-20.15288268,0],[-44.15923695,-20.15287905,0],[-44.15923861,-20.15287538,0],[-44.15924017,-20.15287167,0],[-44.15924182,-20.15286742,0],[-44.15924747,-20.15285099,0],[-44.15924907,-20.15284697,0],[-44.15925056,-20.15284375,0],[-44.15925255,-20.15283995,0],[-44.15925472,-20.15283624,0],[-44.15925703,-20.15283259,0],[-44.15925946,-20.15282903,0],[-44.15926196,-20.15282559,0],[-44.1592646,-20.15282226,0],[-44.1592674,-20.15281905,0],[-44.15926987,-20.15281651,0],[-44.15927433,-20.15281226,0],[-44.1592842,-20.15280318,0],[-44.15929002,-20.15279747,0],[-44.15930475,-20.15278196,0],[-44.1593108,-20.15277529,0],[-44.15932051,-20.15276438,0],[-44.15932726,-20.15275742,0],[-44.15933411,-20.15275074,0],[-44.1593676,-20.15271862,0],[-44.15937888,-20.15270747,0],[-44.1593866,-20.15269962,0],[-44.1593947,-20.15269104,0],[-44.15939739,-20.15268806,0],[-44.15940195,-20.15268269,0],[-44.1594046,-20.15267937,0],[-44.15940716,-20.15267598,0],[-44.15940962,-20.15267254,0],[-44.15941216,-20.15266876,0],[-44.1594146,-20.15266493,0],[-44.15941692,-20.15266103,0],[-44.15941985,-20.15265572,0],[-44.15942231,-20.15265074,0],[-44.15942392,-20.15264719,0],[-44.15942542,-20.15264362,0],[-44.1594268,-20.15264001,0],[-44.15942803,-20.15263636,0],[-44.15942914,-20.15263247,0],[-44.15943,-20.15262853,0],[-44.15943052,-20.15262512,0],[-44.15943086,-20.15262168,0],[-44.15943106,-20.15261823,0],[-44.15943115,-20.1526146,0],[-44.15943133,-20.15260171,0],[-44.15943165,-20.15259523,0],[-44.1594319,-20.15259201,0],[-44.15943227,-20.1525885,0],[-44.15943276,-20.15258502,0],[-44.15943335,-20.15258178,0],[-44.15943411,-20.15257859,0],[-44.15943507,-20.15257546,0],[-44.15943648,-20.15257189,0],[-44.15943816,-20.15256841,0],[-44.15944004,-20.152565,0],[-44.15944214,-20.15256152,0],[-44.15944882,-20.15255117,0],[-44.1594514,-20.15254701,0],[-44.15945567,-20.15253975,0],[-44.15946266,-20.15252753,0],[-44.15946462,-20.15252428,0],[-44.15946666,-20.15252108,0],[-44.15946922,-20.15251741,0],[-44.15947196,-20.15251386,0],[-44.15947435,-20.15251104,0],[-44.15947684,-20.1525083,0],[-44.15947943,-20.15250564,0],[-44.15948245,-20.15250273,0],[-44.15948559,-20.15249991,0],[-44.15948906,-20.15249698,0],[-44.15949263,-20.15249415,0],[-44.15950684,-20.15248362,0],[-44.15951024,-20.15248088,0],[-44.15951351,-20.15247801,0],[-44.15951666,-20.15247502,0],[-44.15951954,-20.15247205,0],[-44.15952229,-20.15246896,0],[-44.15952488,-20.15246577,0],[-44.15952709,-20.15246279,0],[-44.15953114,-20.15245686,0],[-44.15953849,-20.15244547,0],[-44.15954228,-20.15243974,0],[-44.15954655,-20.15243361,0],[-44.15954877,-20.15243061,0],[-44.15955193,-20.15242665,0],[-44.15955449,-20.15242373,0],[-44.15955716,-20.1524209,0],[-44.15955991,-20.15241813,0],[-44.15956273,-20.15241542,0],[-44.15956636,-20.15241209,0],[-44.15956916,-20.1524096,0],[-44.15957489,-20.15240474,0],[-44.15958077,-20.15240004,0],[-44.15959385,-20.15239019,0],[-44.1595968,-20.15238787,0],[-44.15960297,-20.15238278,0],[-44.15960891,-20.15237765,0],[-44.15961741,-20.15237009,0],[-44.15962288,-20.15236502,0],[-44.15962796,-20.15235997,0],[-44.15963215,-20.1523555,0],[-44.15963466,-20.15235268,0],[-44.1596426,-20.15234354,0],[-44.1596485,-20.15233656,0],[-44.15965279,-20.15233114,0],[-44.1596553,-20.15232774,0],[-44.15966178,-20.15231855,0],[-44.15966398,-20.15231552,0],[-44.15966675,-20.15231191,0],[-44.15967254,-20.15230486,0],[-44.15967648,-20.15230037,0],[-44.15967888,-20.15229777,0],[-44.15968426,-20.15229226,0],[-44.15969025,-20.15228645,0],[-44.15969545,-20.15228155,0],[-44.1597005,-20.15227653,0],[-44.15970428,-20.15227234,0],[-44.15971713,-20.15225726,0],[-44.15972257,-20.15225131,0],[-44.159728,-20.15224583,0],[-44.1597308,-20.1522432,0],[-44.15973858,-20.15223626,0],[-44.15974295,-20.15223211,0],[-44.15974502,-20.15222999,0],[-44.15974735,-20.1522274,0],[-44.15974947,-20.15222472,0],[-44.1597513,-20.15222189,0],[-44.15975289,-20.15221862,0],[-44.15975416,-20.15221518,0],[-44.1597552,-20.15221161,0],[-44.15975636,-20.15220668,0],[-44.15975698,-20.1522034,0],[-44.15975803,-20.15219674,0],[-44.1597592,-20.15218828,0],[-44.15975967,-20.15218428,0],[-44.15976037,-20.15217627,0],[-44.15976054,-20.15217289,0],[-44.15976059,-20.15216951,0],[-44.15976049,-20.15216597,0],[-44.15975998,-20.152159,0],[-44.15975958,-20.15215558,0],[-44.15975902,-20.1521522,0],[-44.15975827,-20.15214888,0],[-44.15975736,-20.15214586,0],[-44.15975628,-20.15214291,0],[-44.15975307,-20.15213537,0],[-44.1597517,-20.15213161,0],[-44.15975099,-20.15212892,0],[-44.15975051,-20.15212621,0],[-44.15975022,-20.15212351,0],[-44.15975013,-20.15212073,0],[-44.15975031,-20.15211801,0],[-44.15975084,-20.1521154,0],[-44.15975197,-20.15211251,0],[-44.15975358,-20.15210982,0],[-44.15975559,-20.15210738,0],[-44.15975795,-20.15210522,0],[-44.15976037,-20.15210356,0],[-44.15976299,-20.15210223,0],[-44.15976575,-20.15210128,0],[-44.15976861,-20.15210077,0],[-44.15977245,-20.15210085,0],[-44.15977626,-20.15210169,0],[-44.15977991,-20.15210318,0],[-44.1597812,-20.1521039,0],[-44.15978379,-20.15210572,0],[-44.15978612,-20.15210789,0],[-44.15978817,-20.15211032,0],[-44.1597899,-20.15211298,0],[-44.15979082,-20.15211483,0],[-44.15979171,-20.15211721,0],[-44.15979241,-20.15212044,0],[-44.1597927,-20.15212376,0],[-44.15979267,-20.15212709,0],[-44.15979241,-20.15213036,0],[-44.15979197,-20.15213347,0],[-44.15979139,-20.15213635,0],[-44.15979043,-20.15214054,0],[-44.15979027,-20.1521423,0],[-44.15979047,-20.15214378,0],[-44.159791,-20.15214499,0],[-44.15979178,-20.15214585,0],[-44.15979302,-20.1521463,0],[-44.1597943,-20.15214593,0],[-44.15979546,-20.15214459,0],[-44.15979637,-20.15214245,0],[-44.15979702,-20.15213967,0],[-44.15979749,-20.15213638,0],[-44.15979783,-20.15213275,0],[-44.15979873,-20.15212072,0],[-44.15979925,-20.1521161,0],[-44.15979993,-20.15211172,0],[-44.15980074,-20.15210734,0],[-44.15980253,-20.1520986,0],[-44.15980392,-20.15209117,0],[-44.15980435,-20.1520881,0],[-44.15980462,-20.15208516,0],[-44.15980471,-20.15208227,0],[-44.15980461,-20.15207944,0],[-44.15980422,-20.15207621,0],[-44.15980356,-20.15207313,0],[-44.15980267,-20.15207027,0],[-44.15980158,-20.15206767,0],[-44.15980078,-20.15206622,0],[-44.15979986,-20.15206493,0],[-44.15979775,-20.15206306,0],[-44.15979536,-20.152062,0],[-44.15979272,-20.1520616,0],[-44.15978946,-20.15206167,0],[-44.15978595,-20.15206213,0],[-44.1597747,-20.15206429,0],[-44.15977175,-20.15206469,0],[-44.15976875,-20.15206495,0],[-44.15976604,-20.15206505,0],[-44.15976331,-20.15206505,0],[-44.15975885,-20.15206494,0],[-44.15975435,-20.15206468,0],[-44.15974985,-20.15206423,0],[-44.15974539,-20.15206356,0],[-44.15974036,-20.15206248,0],[-44.15973741,-20.15206167,0],[-44.1597254,-20.15205783,0],[-44.15972131,-20.15205658,0],[-44.15971724,-20.15205547,0],[-44.15971382,-20.15205469,0],[-44.15971043,-20.15205414,0],[-44.15970696,-20.15205387,0],[-44.15970351,-20.15205381,0],[-44.15969949,-20.15205393,0],[-44.15969554,-20.15205428,0],[-44.15969175,-20.15205499,0],[-44.15968826,-20.15205613,0],[-44.15968509,-20.15205777,0],[-44.15968349,-20.15205893,0],[-44.15968204,-20.15206024,0],[-44.15967992,-20.15206272,0],[-44.15967815,-20.15206561,0],[-44.15967672,-20.15206875,0],[-44.1596757,-20.15207169,0],[-44.15967388,-20.15207774,0],[-44.15967286,-20.15208075,0],[-44.15967132,-20.15208437,0],[-44.15966959,-20.15208792,0],[-44.15966777,-20.15209139,0],[-44.15966577,-20.15209472,0],[-44.15966345,-20.15209778,0],[-44.15966121,-20.15210002,0],[-44.15965872,-20.15210202,0],[-44.15965604,-20.15210381,0],[-44.15965321,-20.15210543,0],[-44.15965081,-20.15210662,0],[-44.15964831,-20.15210765,0],[-44.15964428,-20.15210885,0],[-44.15964008,-20.15210975,0],[-44.1596358,-20.15211058,0],[-44.1596315,-20.15211154,0],[-44.15962861,-20.15211236,0],[-44.15962576,-20.15211336,0],[-44.15962311,-20.15211447,0],[-44.15962095,-20.1521155,0],[-44.15961885,-20.15211663,0],[-44.15961575,-20.15211849,0],[-44.1596067,-20.15212463,0],[-44.15959604,-20.1521317,0],[-44.159593,-20.15213387,0],[-44.15959002,-20.15213612,0],[-44.15958737,-20.15213825,0],[-44.1595848,-20.15214046,0],[-44.15958234,-20.15214277,0],[-44.15958006,-20.15214515,0],[-44.15957572,-20.15215012,0],[-44.15957044,-20.15215648,0],[-44.15956793,-20.15215977,0],[-44.15956587,-20.15216274,0],[-44.15956208,-20.15216879,0],[-44.15956031,-20.15217185,0],[-44.15955695,-20.15217809,0],[-44.1595542,-20.15218359,0],[-44.15955228,-20.1521877,0],[-44.15955045,-20.15219184,0],[-44.15954873,-20.15219602,0],[-44.15954433,-20.15220746,0],[-44.15954263,-20.15221151,0],[-44.15954077,-20.15221546,0],[-44.1595387,-20.15221928,0],[-44.15953745,-20.15222129,0],[-44.15953588,-20.15222352,0],[-44.15953312,-20.15222692,0],[-44.15953013,-20.1522302,0],[-44.15952697,-20.15223337,0],[-44.15951571,-20.15224397,0],[-44.15951039,-20.15224922,0],[-44.15950731,-20.15225253,0],[-44.15949878,-20.15226239,0],[-44.15949639,-20.15226503,0],[-44.15949371,-20.1522678,0],[-44.15949092,-20.15227047,0],[-44.15948803,-20.15227303,0],[-44.15948504,-20.15227549,0],[-44.15948174,-20.15227795,0],[-44.1594616,-20.15229194,0],[-44.15945493,-20.15229684,0],[-44.15945165,-20.15229935,0],[-44.15944616,-20.15230376,0],[-44.15942264,-20.15232347,0],[-44.15941864,-20.15232705,0],[-44.15941651,-20.15232906,0],[-44.15941203,-20.15233362,0],[-44.15940737,-20.15233877,0],[-44.15940252,-20.15234441,0],[-44.15940001,-20.15234747,0],[-44.15939763,-20.15235058,0],[-44.15939544,-20.1523538,0],[-44.15939377,-20.15235663,0],[-44.15939279,-20.15235853,0],[-44.15939143,-20.1523616,0],[-44.15938993,-20.15236564,0],[-44.1593886,-20.15236976,0],[-44.15938526,-20.15238114,0],[-44.1593843,-20.15238413,0],[-44.1593831,-20.15238757,0],[-44.15938181,-20.15239098,0],[-44.15937902,-20.15239774,0],[-44.15937429,-20.15240861,0],[-44.15936791,-20.15242433,0],[-44.15936643,-20.15242768,0],[-44.15936486,-20.15243097,0],[-44.15936317,-20.1524342,0],[-44.15936172,-20.15243673,0],[-44.15935836,-20.1524419,0],[-44.15935585,-20.15244547,0],[-44.15934597,-20.1524591,0],[-44.15934378,-20.15246202,0],[-44.15934151,-20.15246487,0],[-44.15933841,-20.15246846,0],[-44.15933028,-20.15247708,0],[-44.15932513,-20.15248276,0],[-44.15932233,-20.15248611,0],[-44.15931961,-20.15248953,0],[-44.15930845,-20.15250397,0],[-44.15930426,-20.15250905,0],[-44.15930018,-20.15251365,0],[-44.15929763,-20.15251638,0],[-44.159295,-20.15251904,0],[-44.15929205,-20.15252183,0],[-44.15928899,-20.15252453,0],[-44.15928584,-20.15252714,0],[-44.15928043,-20.15253132,0],[-44.15926588,-20.15254167,0],[-44.15925863,-20.15254703,0],[-44.15924043,-20.15256088,0],[-44.15923416,-20.15256583,0],[-44.15923073,-20.15256868,0],[-44.15922737,-20.15257159,0],[-44.15922266,-20.152576,0],[-44.1592175,-20.15258119,0],[-44.15920634,-20.15259262,0],[-44.15920124,-20.15259758,0],[-44.1591986,-20.15259995,0],[-44.15919655,-20.15260167,0],[-44.15919444,-20.15260332,0],[-44.15919244,-20.15260476,0],[-44.15919037,-20.15260613,0],[-44.15918647,-20.15260845,0],[-44.15918243,-20.15261056,0],[-44.15917828,-20.15261252,0],[-44.15917298,-20.15261478,0],[-44.15916618,-20.1526174,0],[-44.15915914,-20.15261989,0],[-44.15915127,-20.1526225,0],[-44.15914701,-20.15262382,0],[-44.15914273,-20.15262504,0],[-44.15913842,-20.1526261,0],[-44.15913475,-20.15262683,0],[-44.159132,-20.15262725,0],[-44.15912768,-20.15262774,0],[-44.15912333,-20.15262808,0],[-44.15911023,-20.15262883,0],[-44.15910526,-20.15262926,0],[-44.15909993,-20.15262994,0],[-44.15909557,-20.15263065,0],[-44.15909124,-20.15263149,0],[-44.15908693,-20.15263244,0],[-44.15908265,-20.15263351,0],[-44.15907652,-20.15263527,0],[-44.15907288,-20.15263644,0],[-44.15906567,-20.15263894,0],[-44.15905821,-20.15264165,0],[-44.1590516,-20.15264426,0],[-44.15904837,-20.15264569,0],[-44.15904511,-20.15264731,0],[-44.15904191,-20.15264904,0],[-44.15903897,-20.15265076,0],[-44.15903319,-20.15265439,0],[-44.15902516,-20.15265967,0],[-44.15901848,-20.15266374,0],[-44.15901108,-20.15266788,0],[-44.1590073,-20.15266985,0],[-44.1590035,-20.15267172,0],[-44.15899576,-20.15267527,0],[-44.15898987,-20.15267782,0],[-44.15896759,-20.15268695,0],[-44.15895817,-20.15269108,0],[-44.15895155,-20.1526942,0],[-44.15893491,-20.15270259,0],[-44.15892993,-20.15270494,0],[-44.15892476,-20.15270723,0],[-44.15890682,-20.1527148,0],[-44.15890049,-20.15271765,0],[-44.15889386,-20.15272091,0],[-44.15889061,-20.15272263,0],[-44.1588874,-20.15272444,0],[-44.15888119,-20.15272818,0],[-44.15887523,-20.15273208,0],[-44.15887129,-20.15273484,0],[-44.15886435,-20.15273998,0],[-44.15884874,-20.15275204,0],[-44.15883826,-20.15275999,0],[-44.15883489,-20.15276262,0],[-44.15882004,-20.15277511,0],[-44.15881693,-20.1527776,0],[-44.15881384,-20.15277992,0],[-44.15881068,-20.15278214,0],[-44.15880741,-20.15278422,0],[-44.15880405,-20.15278617,0],[-44.15880061,-20.15278799,0],[-44.15879661,-20.15278991,0],[-44.15879251,-20.15279165,0],[-44.15878814,-20.15279323,0],[-44.15878431,-20.15279442,0],[-44.15878043,-20.15279549,0],[-44.15877692,-20.15279635,0],[-44.15876981,-20.1527979,0],[-44.15876298,-20.15279919,0],[-44.15875955,-20.15279975,0],[-44.15875494,-20.15280041,0],[-44.15874027,-20.15280225,0],[-44.15873563,-20.15280291,0],[-44.15873103,-20.15280369,0],[-44.15872747,-20.15280442,0],[-44.15872394,-20.15280525,0],[-44.15872044,-20.15280616,0],[-44.15870901,-20.15280943,0],[-44.15870524,-20.15281038,0],[-44.158701,-20.15281122,0],[-44.15869703,-20.15281172,0],[-44.15868649,-20.15281254,0],[-44.15868335,-20.15281297,0],[-44.15868053,-20.15281366,0],[-44.15867781,-20.15281496,0],[-44.15867619,-20.15281649,0],[-44.15867531,-20.15281796,0],[-44.15867468,-20.15282026,0],[-44.15867461,-20.15282247,0],[-44.1586749,-20.15282484,0],[-44.15867545,-20.15282732,0],[-44.15867808,-20.15283589,0],[-44.15867886,-20.15283928,0],[-44.15867947,-20.15284278,0],[-44.15868032,-20.15284925,0],[-44.15868063,-20.15285299,0],[-44.15868074,-20.15285667,0],[-44.15868058,-20.15286022,0],[-44.15868002,-20.1528638,0],[-44.15867893,-20.15286707,0],[-44.15867765,-20.15286929,0],[-44.15867601,-20.15287122,0],[-44.1586739,-20.15287288,0],[-44.15867146,-20.15287409,0],[-44.15866845,-20.15287489,0],[-44.15866516,-20.15287525,0],[-44.15866173,-20.15287533,0],[-44.15865815,-20.15287522,0],[-44.15865446,-20.15287495,0],[-44.15865068,-20.15287459,0],[-44.15864186,-20.1528736,0],[-44.1586373,-20.15287317,0],[-44.15862809,-20.15287254,0],[-44.15861885,-20.15287221,0],[-44.15861358,-20.15287217,0],[-44.15860914,-20.15287222,0],[-44.15858718,-20.15287276,0],[-44.15858211,-20.15287269,0],[-44.15857805,-20.15287252,0],[-44.158574,-20.15287224,0],[-44.15856997,-20.15287186,0],[-44.15856595,-20.15287138,0],[-44.15856196,-20.15287079,0],[-44.1585562,-20.15286969,0],[-44.15855211,-20.15286872,0],[-44.15854806,-20.15286763,0],[-44.15853963,-20.15286518,0],[-44.1585354,-20.15286405,0],[-44.15853237,-20.15286335,0],[-44.15852933,-20.15286275,0],[-44.15852556,-20.15286218,0],[-44.15852176,-20.15286177,0],[-44.15851744,-20.15286144,0],[-44.1585131,-20.15286126,0],[-44.15850875,-20.15286119,0],[-44.15850491,-20.15286123,0],[-44.15850107,-20.15286136,0],[-44.15849436,-20.15286183,0],[-44.15849044,-20.15286223,0],[-44.15848654,-20.15286272,0],[-44.15848268,-20.15286335,0],[-44.15847888,-20.15286414,0],[-44.1584761,-20.15286485,0],[-44.15847337,-20.1528657,0],[-44.15846995,-20.15286698,0],[-44.15846633,-20.15286857,0],[-44.1584515,-20.15287562,0],[-44.15844722,-20.15287754,0],[-44.15844288,-20.15287931,0],[-44.15843897,-20.1528807,0],[-44.158435,-20.15288192,0],[-44.15843098,-20.15288297,0],[-44.15842618,-20.15288399,0],[-44.15842236,-20.15288463,0],[-44.15841853,-20.15288511,0],[-44.15841469,-20.15288541,0],[-44.15841128,-20.1528855,0],[-44.15840787,-20.15288543,0],[-44.15840447,-20.15288524,0],[-44.15840036,-20.15288483,0],[-44.15839631,-20.15288417,0],[-44.15839324,-20.15288345,0],[-44.15839023,-20.15288254,0],[-44.1583873,-20.15288142,0],[-44.15838391,-20.15287982,0],[-44.15838063,-20.15287799,0],[-44.15837742,-20.15287598,0],[-44.15837373,-20.15287345,0],[-44.15836143,-20.15286436,0],[-44.15835716,-20.15286134,0],[-44.15835087,-20.15285721,0],[-44.15834765,-20.15285526,0],[-44.15834438,-20.15285339,0],[-44.15834162,-20.15285192,0],[-44.15833544,-20.15284893,0],[-44.15833202,-20.15284745,0],[-44.15832854,-20.15284607,0],[-44.15832487,-20.15284478,0],[-44.15832101,-20.15284358,0],[-44.15831711,-20.15284249,0],[-44.15831317,-20.1528415,0],[-44.15830556,-20.15283984,0],[-44.15829796,-20.15283848,0],[-44.15829362,-20.15283783,0],[-44.1582762,-20.15283545,0],[-44.15827167,-20.15283476,0],[-44.15826501,-20.15283363,0],[-44.15825638,-20.15283197,0],[-44.15825209,-20.15283104,0],[-44.15824756,-20.15282997,0],[-44.15824306,-20.15282879,0],[-44.15823866,-20.15282753,0],[-44.15823429,-20.15282618,0],[-44.15822996,-20.15282473,0],[-44.15822196,-20.15282181,0],[-44.15821449,-20.15281882,0],[-44.15819723,-20.15281134,0],[-44.15819009,-20.15280854,0],[-44.15818531,-20.15280688,0],[-44.15818099,-20.15280554,0],[-44.15817665,-20.15280433,0],[-44.15817223,-20.15280324,0],[-44.15816778,-20.15280229,0],[-44.15816412,-20.15280163,0],[-44.15816045,-20.1528011,0],[-44.15815676,-20.15280075,0],[-44.15815262,-20.15280061,0],[-44.15814848,-20.1528007,0],[-44.15814434,-20.152801,0],[-44.15814016,-20.15280148,0],[-44.1581363,-20.15280209,0],[-44.15813247,-20.15280284,0],[-44.15812867,-20.15280376,0],[-44.15812503,-20.15280483,0],[-44.15812143,-20.15280604,0],[-44.15811806,-20.15280726,0],[-44.15810801,-20.15281114,0],[-44.1581018,-20.15281343,0],[-44.15809633,-20.15281525,0],[-44.15808607,-20.15281838,0],[-44.15808233,-20.15281961,0],[-44.15807869,-20.15282101,0],[-44.15807527,-20.15282258,0],[-44.15807198,-20.15282437,0],[-44.15806857,-20.15282653,0],[-44.15806529,-20.15282888,0],[-44.1580621,-20.15283137,0],[-44.15805343,-20.15283848,0],[-44.15805026,-20.15284087,0],[-44.158047,-20.15284307,0],[-44.1580437,-20.15284495,0],[-44.15804027,-20.15284648,0],[-44.15803697,-20.15284752,0],[-44.15803354,-20.15284825,0],[-44.15803002,-20.15284873,0],[-44.15802723,-20.15284898,0],[-44.1580244,-20.15284912,0],[-44.15802073,-20.15284917,0],[-44.15801702,-20.15284909,0],[-44.15801328,-20.1528489,0],[-44.15800682,-20.15284836,0],[-44.15798848,-20.15284623,0],[-44.15798445,-20.15284581,0],[-44.15797777,-20.15284527,0],[-44.15796976,-20.15284485,0],[-44.15796575,-20.15284475,0],[-44.15796176,-20.15284474,0],[-44.15795577,-20.15284493,0],[-44.15795206,-20.15284521,0],[-44.15794836,-20.1528456,0],[-44.15794423,-20.15284614,0],[-44.15794012,-20.15284683,0],[-44.15793607,-20.15284767,0],[-44.15793179,-20.15284879,0],[-44.15792759,-20.15285014,0],[-44.15792367,-20.15285168,0],[-44.15791984,-20.1528534,0],[-44.15791607,-20.15285529,0],[-44.15791266,-20.15285713,0],[-44.15790596,-20.15286107,0],[-44.15789585,-20.15286748,0],[-44.15786941,-20.15288535,0],[-44.15784585,-20.15290163,0],[-44.15783778,-20.15290745,0],[-44.15783229,-20.15291162,0],[-44.15782935,-20.15291399,0],[-44.15781161,-20.15292873,0],[-44.15780515,-20.15293425,0],[-44.15780207,-20.15293713,0],[-44.15779923,-20.15294003,0],[-44.15779649,-20.15294302,0],[-44.15778879,-20.15295179,0],[-44.1577859,-20.15295519,0],[-44.15778082,-20.15296137,0],[-44.15777649,-20.15296695,0],[-44.15775783,-20.15299262,0],[-44.15775549,-20.15299572,0],[-44.15775232,-20.15299964,0],[-44.1577498,-20.15300251,0],[-44.15774718,-20.1530053,0],[-44.15774177,-20.15301077,0],[-44.15773573,-20.15301667,0],[-44.15773239,-20.15301983,0],[-44.15772899,-20.15302291,0],[-44.15772547,-20.15302586,0],[-44.15772395,-20.15302704,0],[-44.15772078,-20.15302932,0],[-44.1577175,-20.15303146,0],[-44.15771413,-20.15303346,0],[-44.15771066,-20.1530353,0],[-44.15770711,-20.15303699,0],[-44.15770355,-20.15303845,0],[-44.15769991,-20.15303974,0],[-44.15769622,-20.15304086,0],[-44.15769258,-20.15304179,0],[-44.15768891,-20.15304256,0],[-44.1576852,-20.15304319,0],[-44.15768187,-20.15304363,0],[-44.15767852,-20.15304396,0],[-44.15767498,-20.15304419,0],[-44.15767145,-20.15304429,0],[-44.15766791,-20.15304424,0],[-44.15766401,-20.15304397,0],[-44.15766013,-20.15304354,0],[-44.15765625,-20.15304297,0],[-44.15765101,-20.15304203,0],[-44.15763538,-20.15303849,0],[-44.15762867,-20.15303721,0],[-44.15762204,-20.15303617,0],[-44.15761444,-20.15303528,0],[-44.15761015,-20.15303496,0],[-44.15760651,-20.15303481,0],[-44.15760286,-20.15303476,0],[-44.15759869,-20.15303481,0],[-44.1575815,-20.15303523,0],[-44.1575769,-20.15303525,0],[-44.15757234,-20.15303517,0],[-44.15756773,-20.15303495,0],[-44.15756319,-20.15303452,0],[-44.15756015,-20.15303405,0],[-44.15755717,-20.15303341,0],[-44.15755428,-20.15303255,0],[-44.1575512,-20.15303131,0],[-44.15754824,-20.15302979,0],[-44.1575452,-20.15302792,0],[-44.15754223,-20.15302587,0],[-44.15753271,-20.15301885,0],[-44.15752961,-20.15301678,0],[-44.15752642,-20.15301485,0],[-44.15752312,-20.15301308,0],[-44.1575203,-20.15301177,0],[-44.15751742,-20.15301058,0],[-44.15751448,-20.15300951,0],[-44.15751092,-20.15300836,0],[-44.15749594,-20.153004,0],[-44.15749147,-20.15300256,0],[-44.15748728,-20.15300111,0],[-44.15748314,-20.15299955,0],[-44.15747905,-20.15299789,0],[-44.1574716,-20.1529945,0],[-44.15746736,-20.15299246,0],[-44.15745662,-20.152987,0],[-44.15745073,-20.1529841,0],[-44.15744648,-20.15298214,0],[-44.15744218,-20.15298031,0],[-44.15743781,-20.15297864,0],[-44.15743343,-20.15297722,0],[-44.1574296,-20.15297615,0],[-44.15742573,-20.1529752,0],[-44.15741791,-20.15297354,0],[-44.15739805,-20.15296974,0],[-44.1573938,-20.15296881,0],[-44.15738958,-20.1529678,0],[-44.1573854,-20.15296666,0],[-44.15738135,-20.1529654,0],[-44.15737765,-20.15296406,0],[-44.15737401,-20.15296259,0],[-44.15737042,-20.15296099,0],[-44.1573655,-20.15295859,0],[-44.15736212,-20.15295677,0],[-44.1573588,-20.15295486,0],[-44.1573523,-20.15295082,0],[-44.15734826,-20.15294809,0],[-44.15734341,-20.15294463,0],[-44.1573378,-20.15294036,0],[-44.15733511,-20.15293813,0],[-44.15733253,-20.1529358,0],[-44.15732988,-20.15293313,0],[-44.15732739,-20.15293032,0],[-44.15732507,-20.15292738,0],[-44.15732275,-20.15292406,0],[-44.15732063,-20.15292061,0],[-44.15731847,-20.15291663,0],[-44.15731691,-20.15291356,0],[-44.15730945,-20.15289825,0],[-44.15730751,-20.15289453,0],[-44.15730537,-20.15289095,0],[-44.15730303,-20.15288771,0],[-44.1573004,-20.1528847,0],[-44.15729745,-20.15288193,0],[-44.15729424,-20.1528794,0],[-44.15729096,-20.15287718,0],[-44.15728753,-20.1528751,0],[-44.1572806,-20.15287128,0],[-44.15727367,-20.15286774,0],[-44.15727014,-20.15286605,0],[-44.15726243,-20.15286266,0],[-44.15724841,-20.15285687,0],[-44.15724495,-20.15285534,0],[-44.15723828,-20.15285213,0],[-44.1572303,-20.15284801,0],[-44.15722639,-20.15284583,0],[-44.15721463,-20.15283872,0],[-44.15721066,-20.15283646,0],[-44.15720643,-20.15283431,0],[-44.15720293,-20.15283273,0],[-44.15718874,-20.15282684,0],[-44.1571801,-20.15282298,0],[-44.15717655,-20.15282152,0],[-44.15717295,-20.15282015,0],[-44.15715908,-20.15281519,0],[-44.15715302,-20.15281278,0],[-44.15714305,-20.1528082,0],[-44.15713617,-20.15280513,0],[-44.15712367,-20.15279999,0],[-44.15711666,-20.15279721,0],[-44.15710901,-20.15279434,0],[-44.15710184,-20.15279195,0],[-44.15709822,-20.1527909,0],[-44.15709457,-20.15278997,0],[-44.15709057,-20.15278912,0],[-44.15708654,-20.15278839,0],[-44.15707727,-20.15278702,0],[-44.15706023,-20.15278503,0],[-44.15705618,-20.15278448,0],[-44.15704813,-20.15278318,0],[-44.15704015,-20.15278162,0],[-44.15703606,-20.15278068,0],[-44.15703238,-20.15277975,0],[-44.15701895,-20.15277618,0],[-44.15701446,-20.15277503,0],[-44.15700867,-20.15277365,0],[-44.15700416,-20.1527727,0],[-44.15698917,-20.15276995,0],[-44.15698482,-20.15276896,0],[-44.15698049,-20.15276783,0],[-44.15697625,-20.15276658,0],[-44.15696045,-20.1527614,0],[-44.15695735,-20.15276045,0],[-44.15695423,-20.15275958,0],[-44.15695109,-20.15275883,0],[-44.15694693,-20.15275804,0],[-44.15694303,-20.15275753,0],[-44.15693911,-20.15275719,0],[-44.15693517,-20.15275701,0],[-44.15693123,-20.15275696,0],[-44.1569273,-20.15275705,0],[-44.15692309,-20.15275731,0],[-44.15691711,-20.15275799,0],[-44.15690959,-20.15275917,0],[-44.15690587,-20.1527599,0],[-44.1569022,-20.15276073,0],[-44.15689336,-20.15276298,0],[-44.15688885,-20.15276389,0],[-44.15688428,-20.15276459,0],[-44.15687945,-20.15276513,0],[-44.15687479,-20.15276546,0],[-44.15687011,-20.15276563,0],[-44.15686542,-20.1527656,0],[-44.15686103,-20.15276539,0],[-44.15685663,-20.15276503,0],[-44.15685003,-20.15276426,0],[-44.15684568,-20.15276362,0],[-44.15684135,-20.15276285,0],[-44.15683705,-20.15276193,0],[-44.15683265,-20.1527608,0],[-44.15682829,-20.15275951,0],[-44.15682421,-20.15275818,0],[-44.1568078,-20.15275247,0],[-44.15679907,-20.15274974,0],[-44.15679466,-20.1527485,0],[-44.15679024,-20.15274734,0],[-44.15678578,-20.15274629,0],[-44.15677941,-20.15274496,0],[-44.15677066,-20.15274329,0],[-44.15675776,-20.15274111,0],[-44.15675063,-20.15274015,0],[-44.15674617,-20.15273967,0],[-44.15673722,-20.15273896,0],[-44.15671743,-20.15273774,0],[-44.15670828,-20.15273711,0],[-44.15669793,-20.15273617,0],[-44.15669341,-20.15273561,0],[-44.15668988,-20.15273509,0],[-44.15668284,-20.15273385,0],[-44.15667613,-20.15273247,0],[-44.15666873,-20.15273075,0],[-44.15666227,-20.15272906,0],[-44.15665541,-20.15272705,0],[-44.1566466,-20.15272422,0],[-44.1566358,-20.15272051,0],[-44.15662952,-20.15271825,0],[-44.15662164,-20.15271522,0],[-44.15661779,-20.15271357,0],[-44.15661457,-20.15271204,0],[-44.15661143,-20.1527104,0],[-44.15660838,-20.15270862,0],[-44.15660567,-20.15270685,0],[-44.15660304,-20.15270497,0],[-44.15660047,-20.15270299,0],[-44.15659785,-20.15270083,0],[-44.15659275,-20.15269632,0],[-44.15658065,-20.15268487,0],[-44.15657796,-20.15268245,0],[-44.15657454,-20.15267954,0],[-44.15657103,-20.15267672,0],[-44.15656506,-20.15267227,0],[-44.15656198,-20.15267016,0],[-44.1565582,-20.15266778,0],[-44.15655433,-20.15266552,0],[-44.15654982,-20.15266309,0],[-44.15654629,-20.15266133,0],[-44.15653472,-20.15265588,0],[-44.15653055,-20.15265378,0],[-44.15652646,-20.15265158,0],[-44.15652243,-20.15264929,0],[-44.15651453,-20.15264465,0],[-44.15651197,-20.15264326,0],[-44.15650857,-20.15264162,0],[-44.15650508,-20.15264015,0],[-44.15650151,-20.15263886,0],[-44.15649788,-20.15263774,0],[-44.15649523,-20.15263706,0],[-44.15649256,-20.15263649,0],[-44.15648905,-20.15263594,0],[-44.15648552,-20.15263556,0],[-44.15648089,-20.15263531,0],[-44.15647625,-20.15263528,0],[-44.1564716,-20.15263546,0],[-44.15646811,-20.15263574,0],[-44.15646463,-20.15263616,0],[-44.15646167,-20.15263664,0],[-44.15645873,-20.15263723,0],[-44.15645487,-20.15263816,0],[-44.15644725,-20.15264037,0],[-44.15643835,-20.15264317,0],[-44.15643498,-20.1526441,0],[-44.15642995,-20.15264527,0],[-44.15642599,-20.15264603,0],[-44.15642199,-20.15264667,0],[-44.15641798,-20.15264721,0],[-44.15641394,-20.15264764,0],[-44.15641033,-20.15264795,0],[-44.1564067,-20.15264816,0],[-44.15640277,-20.15264828,0],[-44.15639429,-20.15264825,0],[-44.1563852,-20.15264796,0],[-44.15636233,-20.15264695,0],[-44.1563581,-20.15264686,0],[-44.15635388,-20.15264692,0],[-44.15634939,-20.15264723,0],[-44.15634572,-20.15264768,0],[-44.15634207,-20.15264827,0],[-44.15633823,-20.15264904,0],[-44.15633441,-20.15264994,0],[-44.15633063,-20.15265098,0],[-44.15632727,-20.15265203,0],[-44.15632394,-20.15265319,0],[-44.15632066,-20.15265444,0],[-44.15631733,-20.15265583,0],[-44.15631404,-20.15265731,0],[-44.15631079,-20.15265888,0],[-44.1563067,-20.152661,0],[-44.15630268,-20.15266324,0],[-44.15629872,-20.15266559,0],[-44.15629486,-20.15266805,0],[-44.15629202,-20.15266998,0],[-44.15628827,-20.15267273,0],[-44.15628465,-20.15267561,0],[-44.15628115,-20.15267862,0],[-44.15627778,-20.15268175,0],[-44.15627459,-20.15268501,0],[-44.15627156,-20.15268839,0],[-44.15626873,-20.1526919,0],[-44.15626544,-20.15269661,0],[-44.15626435,-20.15269841,0],[-44.15626251,-20.15270181,0],[-44.15626083,-20.1527053,0],[-44.15625927,-20.15270886,0],[-44.15625779,-20.15271246,0],[-44.15625423,-20.1527217,0],[-44.15624878,-20.15273611,0],[-44.15624521,-20.15274584,0],[-44.15624289,-20.15275274,0],[-44.15624175,-20.15275639,0],[-44.15623971,-20.15276358,0],[-44.15623882,-20.15276719,0],[-44.15623803,-20.15277081,0],[-44.15623737,-20.15277446,0],[-44.15623694,-20.15277764,0],[-44.15623661,-20.15278147,0],[-44.15623642,-20.15278532,0],[-44.15623633,-20.15278918,0],[-44.15623628,-20.15280079,0],[-44.15623604,-20.15280945,0],[-44.15623584,-20.15281322,0],[-44.15623554,-20.15281697,0],[-44.15623511,-20.15282067,0],[-44.1562345,-20.15282431,0],[-44.15623365,-20.15282788,0],[-44.15623263,-20.15283102,0],[-44.15623197,-20.15283264,0],[-44.1562301,-20.15283653,0],[-44.1562279,-20.15284028,0],[-44.1562254,-20.15284387,0],[-44.1562226,-20.15284729,0],[-44.15622019,-20.15284982,0],[-44.15621762,-20.15285222,0],[-44.15621492,-20.15285452,0],[-44.1562121,-20.15285672,0],[-44.15620778,-20.15285975,0],[-44.1562044,-20.15286187,0],[-44.15620061,-20.15286409,0],[-44.1561896,-20.15287028,0],[-44.15618297,-20.15287419,0],[-44.15617976,-20.15287624,0],[-44.15617667,-20.15287839,0],[-44.15617468,-20.1528799,0],[-44.15617277,-20.15288147,0],[-44.15617047,-20.15288358,0],[-44.15616833,-20.15288581,0],[-44.15616612,-20.15288849,0],[-44.1561641,-20.15289131,0],[-44.15616222,-20.15289421,0],[-44.15615908,-20.15289953,0],[-44.15615746,-20.15290257,0],[-44.15615599,-20.15290566,0],[-44.15615474,-20.15290881,0],[-44.15615377,-20.15291204,0],[-44.1561531,-20.15291557,0],[-44.15615271,-20.15291979,0],[-44.15615262,-20.1529241,0],[-44.15615273,-20.15292847,0],[-44.15615377,-20.15294571,0],[-44.15615403,-20.15295451,0],[-44.15615401,-20.15295889,0],[-44.15615389,-20.15296242,0],[-44.15615366,-20.1529659,0],[-44.15615336,-20.15296865,0],[-44.15615235,-20.15297529,0],[-44.15615153,-20.15297905,0],[-44.15615045,-20.15298255,0],[-44.15614901,-20.15298568,0],[-44.15614797,-20.15298724,0],[-44.15614676,-20.15298861,0],[-44.15614527,-20.15298983,0],[-44.15614379,-20.15299066,0],[-44.15614175,-20.1529914,0],[-44.15613873,-20.15299196,0],[-44.15613546,-20.15299209,0],[-44.15613202,-20.15299191,0],[-44.15612847,-20.15299148,0],[-44.15611809,-20.15298977,0],[-44.15611083,-20.15298872,0],[-44.15610647,-20.1529882,0],[-44.15610215,-20.1529879,0],[-44.15609791,-20.15298794,0],[-44.15609434,-20.15298837,0],[-44.1560909,-20.15298921,0],[-44.15608871,-20.15299001,0],[-44.15608659,-20.15299098,0],[-44.15608395,-20.15299247,0],[-44.15608143,-20.15299419,0],[-44.15607814,-20.1529969,0],[-44.15607498,-20.15299985,0],[-44.1560689,-20.15300582,0],[-44.15606283,-20.15301151,0],[-44.15605752,-20.15301614,0],[-44.15605403,-20.15301897,0],[-44.1560479,-20.15302378,0],[-44.15604165,-20.15302847,0],[-44.15602525,-20.15304018,0],[-44.15600869,-20.15305165,0],[-44.15600385,-20.1530552,0],[-44.15600111,-20.15305741,0],[-44.15599844,-20.15305971,0],[-44.15598447,-20.15307255,0],[-44.1559816,-20.1530751,0],[-44.15597867,-20.15307757,0],[-44.1559664,-20.15308713,0],[-44.15596308,-20.15308996,0],[-44.15596015,-20.15309278,0],[-44.15595748,-20.15309574,0],[-44.15595514,-20.15309885,0],[-44.15595324,-20.15310214,0],[-44.15595196,-20.15310528,0],[-44.15595099,-20.15310848,0],[-44.15594874,-20.15311822,0],[-44.15594786,-20.15312133,0],[-44.15594718,-20.15312323,0],[-44.15594636,-20.15312505,0],[-44.15594466,-20.15312775,0],[-44.15594301,-20.15312964,0],[-44.15594108,-20.15313127,0],[-44.15593888,-20.15313261,0],[-44.15593645,-20.15313372,0],[-44.15593384,-20.15313464,0],[-44.15592989,-20.15313573,0],[-44.15591964,-20.15313807,0],[-44.15591656,-20.15313885,0],[-44.15591244,-20.15314008,0],[-44.15590835,-20.15314148,0],[-44.15590432,-20.15314301,0],[-44.15590076,-20.1531445,0],[-44.1558973,-20.15314612,0],[-44.15589452,-20.15314761,0],[-44.15589188,-20.15314924,0],[-44.1558894,-20.15315105,0],[-44.15588675,-20.15315345,0],[-44.15588494,-20.15315541,0],[-44.15588282,-20.15315814,0],[-44.15588092,-20.15316105,0],[-44.15587924,-20.15316406,0],[-44.15587772,-20.15316716,0],[-44.15587634,-20.15317034,0],[-44.15587503,-20.15317385,0],[-44.15587392,-20.15317743,0],[-44.15587308,-20.15318108,0],[-44.1558725,-20.15318524,0],[-44.15587223,-20.15318946,0],[-44.15587216,-20.15319373,0],[-44.15587243,-20.15320793,0],[-44.15587232,-20.15321683,0],[-44.15587212,-20.15322177,0],[-44.1558715,-20.15323064,0],[-44.15587108,-20.15323507,0],[-44.15586912,-20.15325237,0],[-44.15586862,-20.15325901,0],[-44.15586851,-20.15326233,0],[-44.15586862,-20.15326866,0],[-44.15586969,-20.15328588,0],[-44.1558698,-20.15328949,0],[-44.15586981,-20.15329329,0],[-44.1558697,-20.15329709,0],[-44.15586932,-20.15330324,0],[-44.15586871,-20.1533092,0],[-44.15586824,-20.15331281,0],[-44.15586766,-20.1533164,0],[-44.15586682,-20.15332064,0],[-44.15586582,-20.15332485,0],[-44.15586478,-20.15332865,0],[-44.15586241,-20.15333618,0],[-44.15585991,-20.15334342,0],[-44.15585628,-20.15335337,0],[-44.15585495,-20.15335726,0],[-44.15585373,-20.15336118,0],[-44.15585268,-20.15336511,0],[-44.15585205,-20.153368,0],[-44.15585156,-20.15337091,0],[-44.15585114,-20.15337452,0],[-44.15585093,-20.15337816,0],[-44.1558509,-20.15338172,0],[-44.155851,-20.15338529,0],[-44.15585149,-20.15339245,0],[-44.155852,-20.15339771,0],[-44.15585264,-20.15340275,0],[-44.15585335,-20.15340718,0],[-44.15585667,-20.15342487,0],[-44.15585744,-20.15342946,0],[-44.15585854,-20.15343718,0],[-44.15585897,-20.15344105,0],[-44.1558593,-20.15344492,0],[-44.1558595,-20.15344878,0],[-44.15585954,-20.15345203,0],[-44.15585947,-20.15345518,0],[-44.15585923,-20.15345915,0],[-44.15585886,-20.15346311,0],[-44.15585838,-20.15346707,0],[-44.1558578,-20.15347103,0],[-44.15585637,-20.1534789,0],[-44.15585436,-20.15348763,0],[-44.15585043,-20.15350347,0],[-44.15584915,-20.1535094,0],[-44.15584809,-20.15351536,0],[-44.15584593,-20.15353048,0],[-44.15584501,-20.15353772,0],[-44.15584414,-20.15354602,0],[-44.15584312,-20.15355683,0],[-44.15584202,-20.15356946,0],[-44.15584144,-20.15357444,0],[-44.15584073,-20.15357853,0],[-44.15583968,-20.15358243,0],[-44.15583817,-20.15358607,0],[-44.15583673,-20.15358847,0],[-44.15583499,-20.15359068,0],[-44.15583299,-20.1535927,0],[-44.15582994,-20.15359508,0],[-44.15582653,-20.15359709,0],[-44.15582254,-20.15359884,0],[-44.15581831,-20.15360028,0],[-44.1558139,-20.15360151,0],[-44.15580869,-20.15360277,0],[-44.15579527,-20.15360562,0],[-44.15579101,-20.15360645,0],[-44.15578379,-20.15360765,0],[-44.15577654,-20.15360869,0],[-44.15577022,-20.15360947,0],[-44.15575264,-20.15361123,0],[-44.15574147,-20.15361248,0],[-44.1557351,-20.15361336,0],[-44.15571491,-20.15361654,0],[-44.15570511,-20.15361783,0],[-44.15570051,-20.15361827,0],[-44.15569596,-20.15361849,0],[-44.15569148,-20.15361837,0],[-44.15568816,-20.153618,0],[-44.15568491,-20.15361733,0],[-44.15568266,-20.15361667,0],[-44.15568045,-20.15361588,0],[-44.15567756,-20.15361465,0],[-44.15567472,-20.15361328,0],[-44.15567091,-20.15361126,0],[-44.15566326,-20.153607,0],[-44.15565924,-20.15360487,0],[-44.15564441,-20.1535973,0],[-44.15562895,-20.15358966,0],[-44.15562224,-20.15358617,0],[-44.15561471,-20.15358196,0],[-44.15560735,-20.15357751,0],[-44.15560136,-20.1535736,0],[-44.15559843,-20.15357156,0],[-44.15559336,-20.15356782,0],[-44.15559088,-20.15356588,0],[-44.15558545,-20.1535613,0],[-44.15557364,-20.15355078,0],[-44.15556864,-20.15354661,0],[-44.15556588,-20.15354449,0],[-44.1555534,-20.15353531,0],[-44.15554987,-20.1535329,0],[-44.1555469,-20.15353103,0],[-44.15554386,-20.15352926,0],[-44.15554042,-20.15352743,0],[-44.15553623,-20.15352539,0],[-44.15553196,-20.15352346,0],[-44.15552423,-20.15352019,0],[-44.15550375,-20.15351186,0],[-44.15549238,-20.15350698,0],[-44.15548855,-20.15350548,0],[-44.15548485,-20.15350421,0],[-44.15548029,-20.15350294,0],[-44.15547632,-20.15350208,0],[-44.15547231,-20.15350138,0],[-44.15546826,-20.15350082,0],[-44.15546418,-20.15350038,0],[-44.15545752,-20.15349992,0],[-44.15545246,-20.15349979,0],[-44.15544603,-20.15349982,0],[-44.15543025,-20.15350008,0],[-44.15542624,-20.15350008,0],[-44.15541796,-20.15349983,0],[-44.15541399,-20.1534996,0],[-44.15541005,-20.15349928,0],[-44.15540612,-20.15349884,0],[-44.15540223,-20.15349824,0],[-44.15539788,-20.15349733,0],[-44.15539461,-20.15349649,0],[-44.15539137,-20.15349554,0],[-44.15538454,-20.15349324,0],[-44.15538096,-20.15349187,0],[-44.15536824,-20.15348644,0],[-44.1553653,-20.1534853,0],[-44.15536232,-20.15348426,0],[-44.15535855,-20.15348314,0],[-44.15535472,-20.15348217,0],[-44.15535085,-20.15348132,0],[-44.15534694,-20.15348056,0],[-44.15533984,-20.15347933,0],[-44.1553245,-20.15347694,0],[-44.15531613,-20.15347542,0],[-44.15531041,-20.15347408,0],[-44.15530658,-20.15347296,0],[-44.15530286,-20.15347169,0],[-44.15529928,-20.15347027,0],[-44.15529588,-20.15346871,0],[-44.15529271,-20.15346699,0],[-44.15528974,-20.15346506,0],[-44.15528442,-20.15346133,0],[-44.15528195,-20.15345987,0],[-44.15527969,-20.1534589,0],[-44.15527572,-20.15345743,0],[-44.15527423,-20.15345648,0],[-44.15527317,-20.15345513,0],[-44.15527148,-20.15345168,0],[-44.1552703,-20.15344988,0],[-44.15526833,-20.15344801,0],[-44.15526584,-20.15344633,0],[-44.15526303,-20.15344488,0],[-44.15526009,-20.15344371,0],[-44.15525747,-20.15344295,0],[-44.15525501,-20.15344266,0],[-44.15525331,-20.15344286,0],[-44.15525188,-20.15344344,0],[-44.15525081,-20.15344437,0],[-44.15525006,-20.15344632,0],[-44.15525027,-20.15344873,0],[-44.15525092,-20.15345051,0],[-44.15525193,-20.15345233,0],[-44.15525356,-20.15345461,0],[-44.15525556,-20.15345685,0],[-44.1552577,-20.1534589,0],[-44.15526233,-20.15346303,0],[-44.1552646,-20.15346528,0],[-44.15526677,-20.15346776,0],[-44.15526883,-20.15347042,0],[-44.15527284,-20.15347598,0],[-44.15527677,-20.15348125,0],[-44.15528113,-20.15348669,0],[-44.15528343,-20.15348925,0],[-44.15529431,-20.15349998,0],[-44.15529649,-20.15350194,0],[-44.15529954,-20.15350423,0],[-44.15530285,-20.15350626,0],[-44.15530637,-20.15350804,0],[-44.15530906,-20.15350919,0],[-44.15531184,-20.1535102,0],[-44.15531485,-20.15351111,0],[-44.15531792,-20.15351187,0],[-44.15532104,-20.15351251,0],[-44.15532487,-20.15351312,0],[-44.15532873,-20.15351355,0],[-44.15533234,-20.1535138,0],[-44.15533595,-20.15351388,0],[-44.15533958,-20.15351377,0],[-44.1553428,-20.15351349,0],[-44.15534925,-20.15351259,0],[-44.15536562,-20.15350963,0],[-44.15537294,-20.15350847,0],[-44.15537739,-20.1535079,0],[-44.15538186,-20.15350742,0],[-44.15538633,-20.15350704,0],[-44.1553908,-20.15350674,0],[-44.15539764,-20.1535065,0],[-44.15540525,-20.15350654,0],[-44.1554098,-20.15350668,0],[-44.15541433,-20.15350694,0],[-44.15541882,-20.15350737,0],[-44.15542324,-20.153508,0],[-44.15542641,-20.15350863,0],[-44.15543009,-20.15350949,0],[-44.15543371,-20.15351046,0],[-44.15543761,-20.15351164,0],[-44.15544137,-20.153513,0],[-44.15544495,-20.15351465,0],[-44.15544807,-20.15351651,0],[-44.15545097,-20.15351865,0],[-44.15545367,-20.15352101,0],[-44.15545624,-20.15352365,0],[-44.15545856,-20.15352646,0],[-44.15546008,-20.1535286,0],[-44.15546361,-20.15353393,0],[-44.15546771,-20.1535404,0],[-44.15546964,-20.15354376,0],[-44.15547163,-20.1535476,0],[-44.15547898,-20.1535629,0],[-44.15548074,-20.15356636,0],[-44.15548259,-20.15356977,0],[-44.15548453,-20.15357312,0],[-44.15548897,-20.15358014,0],[-44.15549269,-20.15358621,0],[-44.15550246,-20.15360314,0],[-44.15550423,-20.15360596,0],[-44.15550609,-20.1536087,0],[-44.1555081,-20.15361133,0],[-44.15551065,-20.15361424,0],[-44.15551279,-20.15361642,0],[-44.15551552,-20.15361901,0],[-44.15552399,-20.15362661,0],[-44.15552618,-20.15362867,0],[-44.15553895,-20.15364153,0],[-44.15554706,-20.15364925,0],[-44.15555006,-20.1536522,0],[-44.15555294,-20.15365525,0],[-44.15555547,-20.15365822,0],[-44.15555787,-20.15366129,0],[-44.15556016,-20.15366444,0],[-44.15556237,-20.15366766,0],[-44.15556478,-20.15367137,0],[-44.15556878,-20.15367786,0],[-44.1555728,-20.15368486,0],[-44.15557465,-20.15368844,0],[-44.15557618,-20.15369166,0],[-44.15557901,-20.15369823,0],[-44.15558432,-20.15371163,0],[-44.1555871,-20.15371822,0],[-44.1555886,-20.15372146,0],[-44.15559013,-20.15372449,0],[-44.15559176,-20.15372746,0],[-44.15559362,-20.15373054,0],[-44.15559558,-20.15373356,0],[-44.15559766,-20.15373651,0],[-44.15560028,-20.15373998,0],[-44.15560521,-20.15374608,0],[-44.15560749,-20.15374873,0],[-44.15561036,-20.15375183,0],[-44.15561335,-20.15375481,0],[-44.1556165,-20.15375766,0],[-44.15561955,-20.15376014,0],[-44.15562272,-20.15376251,0],[-44.15562599,-20.15376476,0],[-44.15562957,-20.15376706,0],[-44.15564277,-20.15377518,0],[-44.15565261,-20.15378134,0],[-44.15565814,-20.1537845,0],[-44.15566489,-20.15378795,0],[-44.15566879,-20.15378981,0],[-44.155676,-20.15379303,0],[-44.15567965,-20.15379454,0],[-44.15568334,-20.15379597,0],[-44.15568887,-20.15379791,0],[-44.15569775,-20.15380075,0],[-44.15572176,-20.15380802,0],[-44.15572545,-20.15380929,0],[-44.15572905,-20.1538107,0],[-44.15573252,-20.15381232,0],[-44.1557352,-20.1538138,0],[-44.1557378,-20.15381542,0],[-44.15574865,-20.15382285,0],[-44.15575249,-20.15382537,0],[-44.15575641,-20.15382781,0],[-44.15576637,-20.15383374,0],[-44.15577217,-20.15383744,0],[-44.15577578,-20.15383992,0],[-44.15578285,-20.15384504,0],[-44.15578768,-20.1538487,0],[-44.15579079,-20.15385117,0],[-44.15579381,-20.15385371,0],[-44.15579671,-20.15385634,0],[-44.15579993,-20.15385963,0],[-44.15580217,-20.15386228,0],[-44.15580424,-20.15386505,0],[-44.15580616,-20.15386792,0],[-44.15580781,-20.15387065,0],[-44.15580932,-20.15387345,0],[-44.15581119,-20.15387747,0],[-44.1558128,-20.1538816,0],[-44.1558142,-20.15388581,0],[-44.15581781,-20.1538986,0],[-44.15581902,-20.15390237,0],[-44.15582035,-20.15390607,0],[-44.15582146,-20.15390878,0],[-44.15582271,-20.15391141,0],[-44.15582463,-20.15391475,0],[-44.15582607,-20.15391686,0],[-44.15582763,-20.1539189,0],[-44.15582988,-20.15392151,0],[-44.15583228,-20.15392402,0],[-44.1558348,-20.15392645,0],[-44.15583742,-20.15392883,0],[-44.15584854,-20.15393847,0],[-44.15585128,-20.15394092,0],[-44.15585345,-20.15394297,0],[-44.15586315,-20.15395247,0],[-44.15586648,-20.15395555,0],[-44.15586947,-20.15395811,0],[-44.15587252,-20.1539606,0],[-44.15588224,-20.15396825,0],[-44.15589433,-20.15397815,0],[-44.15589991,-20.1539824,0],[-44.15590588,-20.15398656,0],[-44.15590892,-20.15398855,0],[-44.15591428,-20.15399186,0],[-44.1559377,-20.15400547,0],[-44.15595703,-20.15401636,0],[-44.15596051,-20.15401853,0],[-44.15596377,-20.15402087,0],[-44.15596669,-20.15402345,0],[-44.15596767,-20.15402446,0],[-44.15596971,-20.15402695,0],[-44.15597197,-20.15403029,0],[-44.15597813,-20.15404099,0],[-44.15598023,-20.15404418,0],[-44.15598256,-20.15404725,0],[-44.15598506,-20.15405011,0],[-44.15598777,-20.15405284,0],[-44.15599062,-20.15405547,0],[-44.15599392,-20.15405827,0],[-44.15600596,-20.15406821,0],[-44.15601785,-20.15407849,0],[-44.15602321,-20.15408323,0],[-44.15602546,-20.15408532,0],[-44.15602862,-20.15408853,0],[-44.15603158,-20.15409186,0],[-44.15603431,-20.1540953,0],[-44.15603642,-20.15409831,0],[-44.15603827,-20.15410142,0],[-44.15603978,-20.15410465,0],[-44.15604088,-20.15410793,0],[-44.15604166,-20.15411132,0],[-44.15604216,-20.1541148,0],[-44.15604238,-20.15411709,0],[-44.15604251,-20.15411939,0],[-44.15604259,-20.15412303,0],[-44.15604251,-20.1541267,0],[-44.15604229,-20.15413037,0],[-44.15604184,-20.15413464,0],[-44.15604122,-20.1541389,0],[-44.15604015,-20.15414434,0],[-44.15603909,-20.15414853,0],[-44.15603782,-20.15415266,0],[-44.15603629,-20.15415669,0],[-44.1560346,-20.15416045,0],[-44.15602782,-20.15417448,0],[-44.15602519,-20.15418042,0],[-44.1560234,-20.15418483,0],[-44.15601935,-20.15419568,0],[-44.15601668,-20.1542035,0],[-44.15601411,-20.15421186,0],[-44.15601226,-20.15421854,0],[-44.15600883,-20.15423207,0],[-44.15600622,-20.15424323,0],[-44.1560045,-20.15425153,0],[-44.15600311,-20.15425945,0],[-44.15600262,-20.1542628,0],[-44.15600196,-20.15426874,0],[-44.15600157,-20.15427554,0],[-44.15600151,-20.15427974,0],[-44.15600162,-20.1542839,0],[-44.15600192,-20.15428803,0],[-44.15600256,-20.15429269,0],[-44.15600345,-20.15429671,0],[-44.1560046,-20.15430064,0],[-44.15600568,-20.15430372,0],[-44.15600695,-20.15430669,0],[-44.15600847,-20.15430954,0],[-44.15601046,-20.15431244,0],[-44.15601273,-20.1543152,0],[-44.15601518,-20.15431788,0],[-44.15602069,-20.15432361,0],[-44.15602236,-20.15432545,0],[-44.15602508,-20.15432876,0],[-44.1560276,-20.15433223,0],[-44.15602996,-20.15433584,0],[-44.15603214,-20.15433955,0],[-44.15603613,-20.154347,0],[-44.15603825,-20.15435073,0],[-44.15604049,-20.15435442,0],[-44.15604286,-20.15435805,0],[-44.15604997,-20.15436825,0],[-44.1560522,-20.15437168,0],[-44.15605358,-20.15437405,0],[-44.1560548,-20.15437646,0],[-44.15605635,-20.1543802,0],[-44.15605759,-20.15438399,0],[-44.15605861,-20.15438786,0],[-44.15605942,-20.15439177,0],[-44.15606002,-20.1543957,0],[-44.15606036,-20.15439906,0],[-44.15606053,-20.15440238,0],[-44.15606046,-20.15440652,0],[-44.15606001,-20.15441044,0],[-44.1560593,-20.15441345,0],[-44.15605832,-20.1544162,0],[-44.15605714,-20.1544186,0],[-44.15605578,-20.15442056,0],[-44.15605428,-20.15442196,0],[-44.15605357,-20.15442237,0],[-44.1560528,-20.15442262,0],[-44.15605212,-20.1544227,0],[-44.15605138,-20.15442264,0],[-44.1560505,-20.15442239,0],[-44.15604866,-20.1544214,0],[-44.15604677,-20.15441988,0],[-44.15604484,-20.15441796,0],[-44.15604291,-20.15441576,0],[-44.156041,-20.15441336,0],[-44.15603643,-20.15440731,0],[-44.15603395,-20.15440456,0],[-44.15603132,-20.15440239,0],[-44.15602843,-20.15440082,0],[-44.1560261,-20.15440014,0],[-44.15602371,-20.15439987,0],[-44.15602183,-20.15439994,0],[-44.15601998,-20.15440025,0],[-44.15601728,-20.15440117,0],[-44.15601479,-20.15440258,0],[-44.1560126,-20.15440447,0],[-44.15601073,-20.15440694,0],[-44.1560092,-20.15440981,0],[-44.1560079,-20.15441297,0],[-44.156007,-20.15441563,0],[-44.15600619,-20.15441839,0],[-44.15600543,-20.15442145,0],[-44.15600415,-20.15442776,0],[-44.15600353,-20.15443147,0],[-44.15600252,-20.15443871,0],[-44.15600181,-20.15444573,0],[-44.15600139,-20.15445225,0],[-44.15600129,-20.15445783,0],[-44.15600151,-20.15446414,0],[-44.15600206,-20.15447156,0],[-44.15600417,-20.15449539,0],[-44.15600447,-20.15449965,0],[-44.1560046,-20.1545031,0],[-44.15600462,-20.15450656,0],[-44.15600453,-20.15451,0],[-44.15600433,-20.15451308,0],[-44.15600297,-20.15452639,0],[-44.15600239,-20.15453364,0],[-44.1560023,-20.1545373,0],[-44.1560024,-20.15454082,0],[-44.15600269,-20.15454431,0],[-44.15600321,-20.15454801,0],[-44.15600393,-20.15455162,0],[-44.15600492,-20.15455512,0],[-44.15600636,-20.15455877,0],[-44.15600823,-20.15456218,0],[-44.15601042,-20.15456508,0],[-44.15601299,-20.15456769,0],[-44.1560159,-20.15457001,0],[-44.15601936,-20.15457217,0],[-44.15602913,-20.15457727,0],[-44.15603217,-20.15457892,0],[-44.15603515,-20.15458068,0],[-44.15603821,-20.15458269,0],[-44.15604117,-20.15458485,0],[-44.15604407,-20.15458712,0],[-44.1560469,-20.15458949,0],[-44.15605136,-20.15459345,0],[-44.15605804,-20.15459985,0],[-44.15606129,-20.15460313,0],[-44.15607238,-20.15461491,0],[-44.15607508,-20.15461763,0],[-44.15607833,-20.15462067,0],[-44.15608981,-20.15463061,0],[-44.15609275,-20.15463327,0],[-44.15610155,-20.15464182,0],[-44.1561043,-20.15464425,0],[-44.1561073,-20.15464653,0],[-44.15611088,-20.15464869,0],[-44.1561137,-20.15464999,0],[-44.15611663,-20.15465109,0],[-44.15611981,-20.1546521,0],[-44.15612622,-20.15465397,0],[-44.15612938,-20.15465499,0],[-44.15613227,-20.15465608,0],[-44.15613504,-20.15465738,0],[-44.15613802,-20.15465913,0],[-44.1561409,-20.15466112,0],[-44.15614666,-20.15466534,0],[-44.15614962,-20.15466734,0],[-44.1561527,-20.15466926,0],[-44.15615588,-20.15467108,0],[-44.15615915,-20.15467278,0],[-44.15616152,-20.15467392,0],[-44.15616395,-20.15467497,0],[-44.1561668,-20.15467607,0],[-44.15617101,-20.15467744,0],[-44.15617477,-20.15467847,0],[-44.15617858,-20.15467936,0],[-44.15618242,-20.15468008,0],[-44.15618629,-20.1546806,0],[-44.15619051,-20.1546809,0],[-44.15619474,-20.1546809,0],[-44.15619879,-20.15468059,0],[-44.15620281,-20.15468,0],[-44.15620676,-20.15467916,0],[-44.15621068,-20.15467811,0],[-44.15621455,-20.15467688,0],[-44.15621839,-20.15467551,0],[-44.15622217,-20.15467402,0],[-44.15622795,-20.15467146,0],[-44.15623843,-20.1546666,0],[-44.15624196,-20.15466514,0],[-44.15624572,-20.15466379,0],[-44.15624954,-20.15466268,0],[-44.15625341,-20.15466189,0],[-44.15625785,-20.1546614,0],[-44.15626233,-20.15466124,0],[-44.15627219,-20.15466116,0],[-44.15627646,-20.15466089,0],[-44.15628059,-20.15466023,0],[-44.15628429,-20.1546591,0],[-44.15628777,-20.15465751,0],[-44.15629097,-20.15465546,0],[-44.15629339,-20.15465343,0],[-44.15629557,-20.15465113,0],[-44.15629749,-20.1546486,0],[-44.15629914,-20.15464587,0],[-44.15630062,-20.15464266,0],[-44.15630186,-20.15463928,0],[-44.15630301,-20.15463563,0],[-44.15630407,-20.15463188,0],[-44.15630506,-20.15462807,0],[-44.15630771,-20.1546171,0],[-44.1563087,-20.15461333,0],[-44.15631089,-20.15460584,0],[-44.156313,-20.1545994,0],[-44.15631528,-20.15459307,0],[-44.15631669,-20.1545894,0],[-44.15631939,-20.1545827,0],[-44.15632645,-20.15456562,0],[-44.15632987,-20.15455696,0],[-44.15633411,-20.15454566,0],[-44.15633721,-20.15453668,0],[-44.15633931,-20.15453006,0],[-44.15634152,-20.15452269,0],[-44.15634362,-20.15451528,0],[-44.15634625,-20.15450531,0],[-44.15634825,-20.15449715,0],[-44.15635015,-20.15448873,0],[-44.15635102,-20.15448439,0],[-44.15635176,-20.15448019,0],[-44.15635237,-20.15447602,0],[-44.15635289,-20.15447066,0],[-44.15635299,-20.15446659,0],[-44.15635271,-20.15446262,0],[-44.15635189,-20.15445882,0],[-44.15635065,-20.15445571,0],[-44.15634901,-20.15445269,0],[-44.15634711,-20.15444971,0],[-44.156345,-20.15444667,0],[-44.15633825,-20.1544374,0],[-44.15633463,-20.15443223,0],[-44.15632902,-20.15442389,0],[-44.15632495,-20.15441746,0],[-44.15632267,-20.15441354,0],[-44.15632074,-20.15441004,0],[-44.15631709,-20.15440295,0],[-44.15631535,-20.15439931,0],[-44.15631389,-20.15439597,0],[-44.15631251,-20.1543926,0],[-44.15631009,-20.154386,0],[-44.15630905,-20.15438277,0],[-44.15630813,-20.15437952,0],[-44.15630723,-20.15437566,0],[-44.15630643,-20.15437116,0],[-44.1563059,-20.15436736,0],[-44.1563055,-20.15436354,0],[-44.15630525,-20.15435973,0],[-44.15630518,-20.15435591,0],[-44.1563053,-20.15435244,0],[-44.15630561,-20.15434897,0],[-44.15630601,-20.15434608,0],[-44.15630654,-20.1543432,0],[-44.1563074,-20.15433941,0],[-44.15631042,-20.15432807,0],[-44.15631174,-20.15432269,0],[-44.15631319,-20.15431582,0],[-44.15631398,-20.15431159,0],[-44.15631539,-20.1543031,0],[-44.15631954,-20.15427504,0],[-44.15632127,-20.15426114,0],[-44.15632389,-20.15423621,0],[-44.1563248,-20.15422533,0],[-44.15632634,-20.15420427,0],[-44.15632676,-20.15419987,0],[-44.15632733,-20.15419532,0],[-44.15632809,-20.15419104,0],[-44.15632912,-20.15418685,0],[-44.15633018,-20.15418368,0],[-44.15633145,-20.15418061,0],[-44.15633294,-20.15417763,0],[-44.15633498,-20.15417416,0],[-44.1563394,-20.15416736,0],[-44.15634111,-20.15416453,0],[-44.15634271,-20.15416162,0],[-44.15634445,-20.15415802,0],[-44.15634583,-20.15415477,0],[-44.15634712,-20.15415148,0],[-44.15635108,-20.15414065,0],[-44.15635224,-20.15413785,0],[-44.15635348,-20.1541351,0],[-44.15635482,-20.1541324,0],[-44.15635665,-20.15412914,0],[-44.15635869,-20.15412602,0],[-44.15636098,-20.15412309,0],[-44.15636324,-20.15412069,0],[-44.15636571,-20.15411847,0],[-44.15636835,-20.15411642,0],[-44.15637116,-20.15411455,0],[-44.15637391,-20.15411296,0],[-44.15637676,-20.1541115,0],[-44.15638031,-20.15410982,0],[-44.15639116,-20.15410503,0],[-44.15640328,-20.15409928,0],[-44.15640745,-20.15409742,0],[-44.1564114,-20.15409576,0],[-44.1564154,-20.15409421,0],[-44.15641961,-20.15409273,0],[-44.15642388,-20.15409143,0],[-44.15642821,-20.15409034,0],[-44.15643162,-20.15408965,0],[-44.1564497,-20.15408671,0],[-44.15645281,-20.15408608,0],[-44.15645588,-20.15408532,0],[-44.15645917,-20.1540843,0],[-44.15646241,-20.15408312,0],[-44.15646628,-20.15408148,0],[-44.15647006,-20.15407965,0],[-44.15647375,-20.15407765,0],[-44.156477,-20.15407568,0],[-44.15648017,-20.15407359,0],[-44.15648548,-20.15406978,0],[-44.15648897,-20.15406711,0],[-44.15649237,-20.15406436,0],[-44.15649567,-20.15406153,0],[-44.15649861,-20.15405882,0],[-44.1565014,-20.15405602,0],[-44.15650399,-20.15405309,0],[-44.15650634,-20.15405002,0],[-44.15650825,-20.15404701,0],[-44.1565103,-20.15404319,0],[-44.15651404,-20.15403536,0],[-44.15651601,-20.1540315,0],[-44.15651718,-20.15402945,0],[-44.15651942,-20.15402606,0],[-44.15652209,-20.15402273,0],[-44.15652501,-20.15401955,0],[-44.15652811,-20.15401647,0],[-44.15653134,-20.15401345,0],[-44.15656864,-20.15397954,0],[-44.15658655,-20.15396241,0],[-44.15659222,-20.15395735,0],[-44.15659812,-20.15395254,0],[-44.15660116,-20.15395026,0],[-44.15660497,-20.15394759,0],[-44.15661034,-20.15394414,0],[-44.15661434,-20.15394181,0],[-44.15661842,-20.15393964,0],[-44.15662258,-20.15393762,0],[-44.1566263,-20.15393599,0],[-44.15663009,-20.15393451,0],[-44.15663439,-20.15393306,0],[-44.15664867,-20.1539288,0],[-44.15665303,-20.15392732,0],[-44.1566573,-20.15392564,0],[-44.15666091,-20.15392397,0],[-44.15666445,-20.15392214,0],[-44.15666777,-20.15392028,0],[-44.15667105,-20.15391832,0],[-44.15667429,-20.15391629,0],[-44.15667787,-20.15391391,0],[-44.1566814,-20.15391145,0],[-44.15670056,-20.15389736,0],[-44.15670687,-20.1538929,0],[-44.15671009,-20.15389075,0],[-44.15671385,-20.1538884,0],[-44.15671646,-20.15388688,0],[-44.15672024,-20.15388479,0],[-44.15673645,-20.15387628,0],[-44.15674033,-20.15387412,0],[-44.15674414,-20.15387186,0],[-44.1567472,-20.15386993,0],[-44.1567502,-20.15386792,0],[-44.15675378,-20.15386536,0],[-44.15675729,-20.15386269,0],[-44.15676299,-20.15385812,0],[-44.15676829,-20.15385371,0],[-44.15677324,-20.15384949,0],[-44.15677825,-20.15384503,0],[-44.15678843,-20.15383563,0],[-44.15680705,-20.15381761,0],[-44.15681275,-20.15381244,0],[-44.15681618,-20.15380951,0],[-44.15682465,-20.15380272,0],[-44.15683189,-20.15379712,0],[-44.15683468,-20.15379506,0],[-44.1568403,-20.15379113,0],[-44.15684683,-20.15378686,0],[-44.1568499,-20.15378469,0],[-44.15685271,-20.1537824,0],[-44.15685513,-20.15377986,0],[-44.15685622,-20.15377837,0],[-44.15685791,-20.1537752,0],[-44.15685913,-20.15377174,0],[-44.15686002,-20.15376807,0],[-44.15686065,-20.15376425,0],[-44.15686111,-20.15376033,0],[-44.15686146,-20.15375635,0],[-44.15686174,-20.1537522,0],[-44.15686207,-20.15374473,0],[-44.15686232,-20.15374111,0],[-44.15686277,-20.15373763,0],[-44.15686352,-20.15373434,0],[-44.15686416,-20.15373253,0],[-44.15686519,-20.15373045,0],[-44.15686561,-20.15372979,0],[-44.15686772,-20.15372723,0],[-44.15687026,-20.15372496,0],[-44.15687308,-20.15372288,0],[-44.15687907,-20.15371906,0],[-44.15688176,-20.15371743,0],[-44.15688445,-20.15371593,0],[-44.15688718,-20.15371469,0],[-44.15689002,-20.15371386,0],[-44.15689297,-20.15371353,0],[-44.15689606,-20.15371359,0],[-44.1569088,-20.15371481,0],[-44.15691306,-20.15371503,0],[-44.15691739,-20.15371503,0],[-44.15692082,-20.1537148,0],[-44.15692426,-20.1537144,0],[-44.15692771,-20.15371386,0],[-44.15693116,-20.15371322,0],[-44.1569465,-20.15370986,0],[-44.15695248,-20.15370874,0],[-44.15695659,-20.15370817,0],[-44.15697532,-20.15370622,0],[-44.15698397,-20.15370507,0],[-44.15698829,-20.15370437,0],[-44.15699253,-20.15370352,0],[-44.15699666,-20.15370247,0],[-44.15700064,-20.15370114,0],[-44.15700365,-20.15369983,0],[-44.15700545,-20.15369888,0],[-44.15700898,-20.15369664,0],[-44.1570123,-20.15369409,0],[-44.15701545,-20.15369128,0],[-44.15701844,-20.15368828,0],[-44.15702697,-20.15367881,0],[-44.15702971,-20.15367607,0],[-44.15703209,-20.15367396,0],[-44.1570342,-20.1536723,0],[-44.1570377,-20.15366988,0],[-44.15704136,-20.15366769,0],[-44.15704529,-20.15366564,0],[-44.15704934,-20.15366385,0],[-44.15705344,-20.15366236,0],[-44.15705762,-20.15366119,0],[-44.15706189,-20.15366042,0],[-44.15706602,-20.15366011,0],[-44.1570702,-20.1536601,0],[-44.15707442,-20.15366032,0],[-44.15708582,-20.1536613,0],[-44.15709024,-20.15366159,0],[-44.15709452,-20.1536617,0],[-44.15709877,-20.15366163,0],[-44.15710299,-20.15366136,0],[-44.1571053,-20.15366113,0],[-44.15710941,-20.15366051,0],[-44.15711342,-20.15365961,0],[-44.15711729,-20.15365836,0],[-44.15712021,-20.15365711,0],[-44.15712306,-20.15365565,0],[-44.15713367,-20.15364948,0],[-44.15713682,-20.15364778,0],[-44.15714004,-20.15364617,0],[-44.15714565,-20.15364369,0],[-44.15715404,-20.15364037,0],[-44.15717622,-20.15363192,0],[-44.15719292,-20.15362512,0],[-44.15719706,-20.15362351,0],[-44.15720123,-20.153622,0],[-44.15720444,-20.15362096,0],[-44.15720797,-20.15361993,0],[-44.15721205,-20.1536189,0],[-44.15721615,-20.15361799,0],[-44.15722442,-20.15361637,0],[-44.15723415,-20.15361464,0],[-44.15723843,-20.153614,0],[-44.15724625,-20.15361309,0],[-44.1572533,-20.15361253,0],[-44.15725801,-20.15361227,0],[-44.15726274,-20.15361213,0],[-44.15726612,-20.15361213,0],[-44.1572729,-20.15361235,0],[-44.15727764,-20.15361264,0],[-44.15729512,-20.15361402,0],[-44.15730242,-20.15361452,0],[-44.15730962,-20.15361484,0],[-44.15731667,-20.15361495,0],[-44.15732011,-20.15361489,0],[-44.15732367,-20.15361472,0],[-44.15732723,-20.15361444,0],[-44.15733135,-20.15361399,0],[-44.15733546,-20.15361342,0],[-44.15733955,-20.15361274,0],[-44.15734401,-20.15361184,0],[-44.15734843,-20.15361077,0],[-44.15735272,-20.15360953,0],[-44.15735697,-20.15360814,0],[-44.15736772,-20.15360435,0],[-44.15738974,-20.15359628,0],[-44.15740266,-20.15359139,0],[-44.15741911,-20.15358497,0],[-44.15742694,-20.15358206,0],[-44.15743534,-20.15357925,0],[-44.15743968,-20.15357796,0],[-44.15744406,-20.15357676,0],[-44.15745112,-20.15357504,0],[-44.15745823,-20.15357348,0],[-44.15746392,-20.15357233,0],[-44.15747142,-20.15357097,0],[-44.15748298,-20.15356906,0],[-44.15749376,-20.15356755,0],[-44.15751379,-20.15356526,0],[-44.15752374,-20.15356398,0],[-44.15753423,-20.15356236,0],[-44.15754614,-20.15356025,0],[-44.1575582,-20.15355784,0],[-44.15757013,-20.15355518,0],[-44.15757865,-20.15355304,0],[-44.1575993,-20.15354734,0],[-44.15760773,-20.15354524,0],[-44.1576149,-20.15354371,0],[-44.15761943,-20.15354286,0],[-44.15762753,-20.15354153,0],[-44.15763464,-20.15354059,0],[-44.1576431,-20.15353976,0],[-44.1576476,-20.15353944,0],[-44.15765662,-20.15353905,0],[-44.157665,-20.15353898,0],[-44.15766916,-20.15353909,0],[-44.15768511,-20.15353999,0],[-44.15768908,-20.15354014,0],[-44.15769454,-20.15354013,0],[-44.1576992,-20.15353989,0],[-44.15770384,-20.15353944,0],[-44.15770845,-20.15353881,0],[-44.15771304,-20.153538,0],[-44.15771758,-20.15353699,0],[-44.15772203,-20.15353576,0],[-44.15772592,-20.1535345,0],[-44.15772977,-20.15353309,0],[-44.15773359,-20.15353158,0],[-44.15773785,-20.15352979,0],[-44.15774454,-20.15352683,0],[-44.1577606,-20.15351939,0],[-44.15776756,-20.15351628,0],[-44.15777183,-20.15351454,0],[-44.15777615,-20.15351297,0],[-44.1577808,-20.15351155,0],[-44.1577842,-20.15351072,0],[-44.15778763,-20.15351002,0],[-44.15780105,-20.1535077,0],[-44.15780471,-20.15350695,0],[-44.15780831,-20.15350604,0],[-44.15781181,-20.15350496,0],[-44.15781524,-20.15350369,0],[-44.15781861,-20.15350229,0],[-44.15782192,-20.15350075,0],[-44.15782658,-20.15349831,0],[-44.15782988,-20.15349636,0],[-44.15783306,-20.15349424,0],[-44.15783606,-20.15349193,0],[-44.15783856,-20.1534897,0],[-44.15784053,-20.15348771,0],[-44.15784277,-20.15348517,0],[-44.15784488,-20.15348252,0],[-44.1578469,-20.15347978,0],[-44.15784886,-20.15347695,0],[-44.15785268,-20.15347104,0],[-44.15785639,-20.15346488,0],[-44.15786105,-20.15345648,0],[-44.15786583,-20.15344732,0],[-44.15786727,-20.15344434,0],[-44.15786994,-20.15343831,0],[-44.15787296,-20.15343071,0],[-44.15787785,-20.15341762,0],[-44.15788064,-20.15341097,0],[-44.15788214,-20.15340768,0],[-44.15788495,-20.1534019,0],[-44.15788819,-20.15339565,0],[-44.15789188,-20.15338894,0],[-44.15789578,-20.15338236,0],[-44.15789897,-20.15337742,0],[-44.15790112,-20.15337429,0],[-44.15790558,-20.15336813,0],[-44.15791011,-20.15336224,0],[-44.15791474,-20.15335665,0],[-44.15791715,-20.15335395,0],[-44.15792081,-20.15335023,0],[-44.15792306,-20.15334814,0],[-44.15792541,-20.15334614,0],[-44.15792815,-20.15334399,0],[-44.15793099,-20.15334194,0],[-44.15793684,-20.153338,0],[-44.15795904,-20.15332353,0],[-44.15796688,-20.15331854,0],[-44.15797085,-20.15331613,0],[-44.15797456,-20.15331399,0],[-44.15797831,-20.15331195,0],[-44.15798212,-20.15330999,0],[-44.15798563,-20.15330829,0],[-44.1579892,-20.15330671,0],[-44.15799335,-20.15330506,0],[-44.15799756,-20.15330354,0],[-44.15800183,-20.15330214,0],[-44.15800613,-20.15330083,0],[-44.15801129,-20.15329939,0],[-44.15801571,-20.15329827,0],[-44.15802015,-20.15329725,0],[-44.15802461,-20.15329635,0],[-44.15802908,-20.15329561,0],[-44.15803357,-20.15329506,0],[-44.15803654,-20.15329484,0],[-44.15803952,-20.15329473,0],[-44.15804503,-20.15329481,0],[-44.15804886,-20.15329503,0],[-44.15805267,-20.15329539,0],[-44.15805647,-20.15329587,0],[-44.15806023,-20.15329649,0],[-44.15806396,-20.15329727,0],[-44.15806756,-20.15329821,0],[-44.15806994,-20.15329895,0],[-44.15807235,-20.15329979,0],[-44.15807473,-20.15330072,0],[-44.15807826,-20.15330222,0],[-44.15808175,-20.15330384,0],[-44.15809659,-20.1533112,0],[-44.15810024,-20.15331313,0],[-44.15810748,-20.15331712,0],[-44.15812653,-20.15332801,0],[-44.15813338,-20.15333166,0],[-44.15814035,-20.15333507,0],[-44.15814389,-20.15333666,0],[-44.1581473,-20.15333807,0],[-44.15815422,-20.15334064,0],[-44.15815789,-20.15334186,0],[-44.1581653,-20.15334409,0],[-44.15816985,-20.15334536,0],[-44.15817441,-20.15334655,0],[-44.15817861,-20.15334754,0],[-44.15818283,-20.15334842,0],[-44.15818799,-20.15334934,0],[-44.15819185,-20.15334993,0],[-44.15820732,-20.15335207,0],[-44.15821413,-20.15335318,0],[-44.15822164,-20.15335462,0],[-44.15823292,-20.15335693,0],[-44.15824021,-20.1533582,0],[-44.15824469,-20.1533588,0],[-44.15824922,-20.15335928,0],[-44.15825377,-20.15335964,0],[-44.15825832,-20.15335989,0],[-44.15826287,-20.15336001,0],[-44.15826869,-20.15335996,0],[-44.15827157,-20.15335983,0],[-44.15827884,-20.15335922,0],[-44.158292,-20.1533576,0],[-44.15829857,-20.15335688,0],[-44.15830299,-20.15335651,0],[-44.15830743,-20.15335624,0],[-44.15831186,-20.15335607,0],[-44.15831629,-20.15335603,0],[-44.158321,-20.15335613,0],[-44.15832634,-20.15335649,0],[-44.15833214,-20.15335721,0],[-44.15833643,-20.15335792,0],[-44.1583407,-20.15335872,0],[-44.15835482,-20.15336169,0],[-44.15838363,-20.15336839,0],[-44.15840452,-20.15337289,0],[-44.15841208,-20.15337464,0],[-44.15842341,-20.15337762,0],[-44.15843168,-20.15338002,0],[-44.1584399,-20.15338256,0],[-44.15845413,-20.15338726,0],[-44.15846186,-20.15338965,0],[-44.15846583,-20.15339074,0],[-44.15846983,-20.15339174,0],[-44.1584896,-20.15339617,0],[-44.15849374,-20.15339719,0],[-44.15849783,-20.15339835,0],[-44.1585012,-20.15339946,0],[-44.15850453,-20.1534007,0],[-44.15850779,-20.15340207,0],[-44.15851117,-20.15340365,0],[-44.15851449,-20.15340536,0],[-44.15851775,-20.15340718,0],[-44.15852095,-20.15340909,0],[-44.15852541,-20.15341197,0],[-44.15853779,-20.15342067,0],[-44.15854156,-20.1534232,0],[-44.158552,-20.15342973,0],[-44.15855701,-20.15343309,0],[-44.15855908,-20.15343461,0],[-44.1585617,-20.15343668,0],[-44.15856422,-20.15343885,0],[-44.15856737,-20.15344183,0],[-44.15857988,-20.15345432,0],[-44.15858297,-20.15345758,0],[-44.15858493,-20.15345983,0],[-44.1585868,-20.15346214,0],[-44.15858944,-20.15346572,0],[-44.15859161,-20.15346896,0],[-44.15859814,-20.15347947,0],[-44.15860025,-20.15348269,0],[-44.15861057,-20.15349733,0],[-44.15861401,-20.1535025,0],[-44.15861606,-20.15350578,0],[-44.15862002,-20.15351243,0],[-44.15862412,-20.15351974,0],[-44.15863351,-20.15353821,0],[-44.15863529,-20.1535419,0],[-44.15863752,-20.15354714,0],[-44.15863896,-20.15355123,0],[-44.15863965,-20.15355352,0],[-44.15864054,-20.15355714,0],[-44.15864125,-20.15356081,0],[-44.1586418,-20.1535645,0],[-44.15864219,-20.15356822,0],[-44.15864243,-20.15357195,0],[-44.15864252,-20.15357576,0],[-44.15864242,-20.15357981,0],[-44.15864216,-20.15358384,0],[-44.15864173,-20.15358785,0],[-44.15864112,-20.15359182,0],[-44.1586403,-20.15359574,0],[-44.15863895,-20.15360047,0],[-44.1586384,-20.15360199,0],[-44.15863669,-20.15360603,0],[-44.15863474,-20.15360999,0],[-44.15863062,-20.1536179,0],[-44.15862898,-20.15362125,0],[-44.15862591,-20.15362804,0],[-44.15862352,-20.15363394,0],[-44.15862245,-20.15363692,0],[-44.15862137,-20.1536404,0],[-44.15861949,-20.15364744,0],[-44.1586177,-20.15365508,0],[-44.15861678,-20.15365957,0],[-44.15861605,-20.15366361,0],[-44.15861478,-20.15367173,0],[-44.15861319,-20.15368376,0],[-44.15861176,-20.15369697,0],[-44.15861078,-20.15370832,0],[-44.15861028,-20.15371872,0],[-44.15860981,-20.15373551,0],[-44.15860889,-20.15375716,0],[-44.15860864,-20.15376612,0],[-44.15860863,-20.15377061,0],[-44.15860886,-20.15377958,0],[-44.15860939,-20.15378855,0],[-44.15861001,-20.15379512,0],[-44.15861234,-20.15381593,0],[-44.15861347,-20.1538284,0],[-44.15861501,-20.15384916,0],[-44.15861544,-20.15385778,0],[-44.15861555,-20.15386208,0],[-44.15861552,-20.15386907,0],[-44.1586154,-20.15387177,0],[-44.15861514,-20.15387482,0],[-44.15861474,-20.15387785,0],[-44.15861404,-20.15388178,0],[-44.15861158,-20.15389354,0],[-44.1586112,-20.15389588,0],[-44.15861078,-20.15389923,0],[-44.15861049,-20.15390478,0],[-44.15861059,-20.15390901,0],[-44.15861095,-20.15391323,0],[-44.15861157,-20.15391742,0],[-44.15861229,-20.15392086,0],[-44.15861359,-20.1539254,0],[-44.1586149,-20.15392897,0],[-44.15861635,-20.15393237,0],[-44.15861793,-20.15393573,0],[-44.1586233,-20.15394627,0],[-44.15862521,-20.15395018,0],[-44.15862691,-20.15395417,0],[-44.15862816,-20.15395778,0],[-44.15862921,-20.15396146,0],[-44.15863001,-20.15396477,0],[-44.15863071,-20.15396811,0],[-44.15863189,-20.15397487,0],[-44.15863267,-20.1539805,0],[-44.15863448,-20.15399609,0],[-44.15863502,-20.15399977,0],[-44.15863569,-20.15400343,0],[-44.15863658,-20.15400712,0],[-44.15863734,-20.15400967,0],[-44.15863838,-20.1540126,0],[-44.15863956,-20.15401549,0],[-44.158641,-20.15401856,0],[-44.15864258,-20.15402158,0],[-44.15864428,-20.15402456,0],[-44.15864609,-20.15402748,0],[-44.15864854,-20.15403113,0],[-44.15865328,-20.15403759,0],[-44.15865779,-20.15404324,0],[-44.1586625,-20.15404871,0],[-44.15866494,-20.15405137,0],[-44.15866933,-20.1540558,0],[-44.15867125,-20.15405759,0],[-44.15867524,-20.154061,0],[-44.158681,-20.15406545,0],[-44.15869044,-20.15407221,0],[-44.15869387,-20.15407483,0],[-44.15869677,-20.15407735,0],[-44.15869953,-20.15408003,0],[-44.15870217,-20.15408282,0],[-44.15870608,-20.15408741,0],[-44.15870792,-20.15408978,0],[-44.15871007,-20.15409277,0],[-44.15871834,-20.15410479,0],[-44.15872034,-20.1541078,0],[-44.15872223,-20.15411087,0],[-44.15872346,-20.15411307,0],[-44.15872537,-20.15411683,0],[-44.15872704,-20.15412045,0],[-44.15873177,-20.15413159,0],[-44.15873345,-20.15413526,0],[-44.15873483,-20.15413798,0],[-44.1587378,-20.15414334,0],[-44.15873961,-20.15414639,0],[-44.1587415,-20.15414941,0],[-44.15874314,-20.15415202,0],[-44.15874637,-20.15414848,0],[-44.15888117,-20.15425793,0]]]]}},{"type": "Feature","properties": {"classe": "Estrutura de Contenção","descricao": "Estaca Prancha"},"geometry": {"type": "MultiPolygon","coordinates": [[[[-44.15873178,-20.154436,0],[-44.15873211,-20.15443603,0],[-44.15873244,-20.15443601,0],[-44.15873276,-20.15443593,0],[-44.15873307,-20.15443579,0],[-44.15873334,-20.15443562,0],[-44.15873354,-20.15443544,0],[-44.15883857,-20.15432566,0],[-44.1589447,-20.15421264,0],[-44.15894473,-20.15421261,0],[-44.1589449,-20.15421239,0],[-44.15895604,-20.15419534,0],[-44.15895612,-20.15419531,0],[-44.15895639,-20.15419513,0],[-44.1589565,-20.15419503,0],[-44.15895663,-20.15419491,0],[-44.15901624,-20.15414057,0],[-44.15901638,-20.15414044,0],[-44.15910248,-20.15404382,0],[-44.15916096,-20.15398146,0],[-44.15916099,-20.15398143,0],[-44.15916104,-20.15398137,0],[-44.15920627,-20.15392661,0],[-44.15924773,-20.15388801,0],[-44.15924783,-20.15388791,0],[-44.15932176,-20.15380806,0],[-44.15938205,-20.15374562,0],[-44.15938209,-20.15374557,0],[-44.15938228,-20.15374531,0],[-44.15938243,-20.15374503,0],[-44.15938251,-20.15374472,0],[-44.15938254,-20.15374441,0],[-44.15938252,-20.15374409,0],[-44.15938243,-20.15374379,0],[-44.15938229,-20.1537435,0],[-44.1593821,-20.15374324,0],[-44.15938187,-20.15374302,0],[-44.1593816,-20.15374284,0],[-44.15938129,-20.1537427,0],[-44.15938097,-20.15374262,0],[-44.15938064,-20.15374259,0],[-44.15938031,-20.15374262,0],[-44.15937999,-20.1537427,0],[-44.15937968,-20.15374283,0],[-44.15937941,-20.15374301,0],[-44.15937922,-20.15374318,0],[-44.15931891,-20.15380565,0],[-44.15924499,-20.15388548,0],[-44.15920349,-20.15392412,0],[-44.15920337,-20.15392424,0],[-44.15920332,-20.1539243,0],[-44.15915806,-20.1539791,0],[-44.1590996,-20.15404144,0],[-44.15909957,-20.15404147,0],[-44.15901351,-20.15413804,0],[-44.1589541,-20.15419221,0],[-44.15895396,-20.15419226,0],[-44.15895377,-20.15419235,0],[-44.1589535,-20.15419253,0],[-44.15895326,-20.15419275,0],[-44.15895309,-20.15419297,0],[-44.15894173,-20.15421036,0],[-44.15883572,-20.15432325,0],[-44.1587307,-20.15443301,0],[-44.15873066,-20.15443306,0],[-44.15873047,-20.15443331,0],[-44.15873032,-20.1544336,0],[-44.15873024,-20.1544339,0],[-44.1587302,-20.15443422,0],[-44.15873023,-20.15443453,0],[-44.15873032,-20.15443483,0],[-44.15873046,-20.15443512,0],[-44.15873065,-20.15443538,0],[-44.15873088,-20.1544356,0],[-44.15873115,-20.15443579,0],[-44.15873145,-20.15443592,0],[-44.15873178,-20.154436,0]]]]}},{"type": "Feature","properties": {"classe": "Estrutura de Contenção","descricao": "Estaca Prancha"},"geometry": {"type": "MultiPolygon","coordinates": [[[[-44.15927912,-20.15390501,0],[-44.15925113,-20.15388434,0],[-44.15925109,-20.15388431,0],[-44.15925029,-20.15388373,0],[-44.15923792,-20.15389714,0],[-44.15924385,-20.15389162,0],[-44.15923161,-20.15390398,0],[-44.15920994,-20.15392748,0],[-44.1592083,-20.15393053,0],[-44.15918679,-20.15395359,0],[-44.15918404,-20.15395653,0],[-44.15916226,-20.1539799,0],[-44.15916104,-20.15398137,0],[-44.15916099,-20.15398143,0],[-44.15916096,-20.15398146,0],[-44.15913213,-20.1540122,0],[-44.15911833,-20.15402691,0],[-44.15911709,-20.15402849,0],[-44.15907513,-20.15407451,0],[-44.1590618,-20.15408913,0],[-44.15906023,-20.15409085,0],[-44.15901021,-20.15414571,0],[-44.15900232,-20.1541539,0],[-44.1589586,-20.15419731,0],[-44.15895253,-20.15420372,0],[-44.1589348,-20.15422243,0],[-44.1589352,-20.15422276,0],[-44.15895493,-20.15423923,0],[-44.15895737,-20.15424126,0],[-44.15896358,-20.15424644,0],[-44.15900386,-20.1542791,0],[-44.15901075,-20.15428435,0],[-44.15903036,-20.15430232,0],[-44.15903914,-20.1543082,0],[-44.15904684,-20.1542994,0],[-44.15905295,-20.15430209,0],[-44.15911859,-20.15435561,0],[-44.15911304,-20.15436395,0],[-44.15914777,-20.15439548,0],[-44.15916478,-20.15437906,0],[-44.1591753,-20.15436868,0],[-44.15906149,-20.15427431,0],[-44.15899738,-20.15422155,0],[-44.15904145,-20.15417672,0],[-44.15905671,-20.15418686,0],[-44.15908341,-20.15415841,0],[-44.15909491,-20.15416756,0],[-44.1592013,-20.15425357,0],[-44.15938744,-20.15405417,0],[-44.15938932,-20.15405297,0],[-44.15939859,-20.15406069,0],[-44.15940413,-20.15405488,0],[-44.1594171,-20.15404128,0],[-44.1593463,-20.15398074,0],[-44.15934493,-20.1539772,0],[-44.15934625,-20.15397832,0],[-44.15935718,-20.1539652,0],[-44.15935124,-20.15396111,0],[-44.15934949,-20.15396278,0],[-44.15934939,-20.15396288,0],[-44.15934692,-20.15396085,0],[-44.1593203,-20.15394075,0],[-44.15932014,-20.1539409,0],[-44.15931797,-20.15394304,0],[-44.15931786,-20.15394315,0],[-44.15931613,-20.15394217,0],[-44.15931264,-20.15393938,0],[-44.15930777,-20.15393547,0],[-44.15927666,-20.15391054,0],[-44.15927527,-20.15390942,0],[-44.15927652,-20.15390819,0],[-44.15927705,-20.15390766,0],[-44.15927932,-20.15390541,0],[-44.15927912,-20.15390501,0]]]]}},{"type": "Feature","properties": {"classe": "Estrutura de Contenção","descricao": "BH-1"},"geometry": {"type": "MultiPolygon","coordinates": [[[[-44.14300855,-20.14429072,0],[-44.14512352,-20.1431173,0],[-44.14512399,-20.14311483,0],[-44.14512285,-20.14311061,0],[-44.14512235,-20.14310951,0],[-44.14512101,-20.14310578,0],[-44.14512088,-20.14310346,0],[-44.14511962,-20.14309783,0],[-44.14511954,-20.14309673,0],[-44.14511922,-20.14309603,0],[-44.14511849,-20.14309395,0],[-44.14511648,-20.1430896,0],[-44.14511335,-20.14308354,0],[-44.14511055,-20.14308008,0],[-44.14510944,-20.14307861,0],[-44.14510917,-20.14307846,0],[-44.145109,-20.14307817,0],[-44.14510492,-20.14307344,0],[-44.14510299,-20.14307287,0],[-44.14509948,-20.14307116,0],[-44.1450985,-20.14307045,0],[-44.14509738,-20.14306952,0],[-44.14508993,-20.14306623,0],[-44.14508556,-20.14306533,0],[-44.14508484,-20.14306524,0],[-44.14508038,-20.14306408,0],[-44.14507769,-20.14306293,0],[-44.14507365,-20.14306037,0],[-44.14507185,-20.1430594,0],[-44.14507084,-20.14305896,0],[-44.1450675,-20.14305717,0],[-44.14506561,-20.14305625,0],[-44.1450613,-20.14305337,0],[-44.14505881,-20.14305126,0],[-44.14505037,-20.14304352,0],[-44.14504913,-20.14304218,0],[-44.14504957,-20.14304007,0],[-44.14505173,-20.14303326,0],[-44.14505176,-20.14303315,0],[-44.14505176,-20.14303307,0],[-44.14505185,-20.14303287,0],[-44.14505395,-20.14302608,0],[-44.14505594,-20.14302414,0],[-44.1450556,-20.14302065,0],[-44.14505566,-20.14301863,0],[-44.14505512,-20.14301211,0],[-44.14505201,-20.14300606,0],[-44.14505201,-20.14300605,0],[-44.14505199,-20.14300603,0],[-44.14504777,-20.143001,0],[-44.14504341,-20.14299697,0],[-44.14504291,-20.14299656,0],[-44.14504248,-20.14299627,0],[-44.14503815,-20.14299202,0],[-44.14503591,-20.1429879,0],[-44.14503478,-20.14298618,0],[-44.1450303,-20.14298137,0],[-44.1450275,-20.14297882,0],[-44.14502688,-20.14297558,0],[-44.14502673,-20.14297286,0],[-44.14502625,-20.14296978,0],[-44.14502514,-20.14296822,0],[-44.1450235,-20.14296643,0],[-44.14502073,-20.14296714,0],[-44.14501787,-20.14296974,0],[-44.14501568,-20.1429714,0],[-44.14501391,-20.1429713,0],[-44.14501281,-20.14297076,0],[-44.14501096,-20.1429697,0],[-44.14500881,-20.14296551,0],[-44.14500518,-20.14296064,0],[-44.14500495,-20.14296012,0],[-44.14500442,-20.1429579,0],[-44.14500388,-20.14295214,0],[-44.14500347,-20.1429516,0],[-44.14500319,-20.1429504,0],[-44.1450022,-20.14294472,0],[-44.14500162,-20.14294255,0],[-44.14499865,-20.14293904,0],[-44.14499716,-20.14293556,0],[-44.14499568,-20.14293283,0],[-44.14499499,-20.14293111,0],[-44.14499268,-20.14292664,0],[-44.14499175,-20.14292443,0],[-44.14499161,-20.14292119,0],[-44.14499173,-20.14291854,0],[-44.14499158,-20.1429154,0],[-44.14498978,-20.14291138,0],[-44.14498962,-20.14291021,0],[-44.14498849,-20.14290635,0],[-44.144988,-20.14290405,0],[-44.1449879,-20.14289948,0],[-44.14498756,-20.1428973,0],[-44.14498686,-20.14289613,0],[-44.14498562,-20.14289477,0],[-44.14498122,-20.14289311,0],[-44.14498056,-20.14289303,0],[-44.14497609,-20.14288847,0],[-44.14497593,-20.14288836,0],[-44.14497541,-20.14288821,0],[-44.144968,-20.14288679,0],[-44.14496653,-20.14288635,0],[-44.144963,-20.14288247,0],[-44.14496052,-20.1428791,0],[-44.14496113,-20.14287523,0],[-44.14496111,-20.14287392,0],[-44.144962,-20.14287007,0],[-44.14495976,-20.14286752,0],[-44.14495788,-20.14286175,0],[-44.14495752,-20.14286102,0],[-44.14495742,-20.14286072,0],[-44.14495711,-20.14286012,0],[-44.14495277,-20.14285608,0],[-44.1449515,-20.14285567,0],[-44.14494758,-20.1428538,0],[-44.14494651,-20.14285294,0],[-44.14494509,-20.14285192,0],[-44.14494246,-20.14284773,0],[-44.14493807,-20.14284303,0],[-44.14493784,-20.14284285,0],[-44.14493768,-20.14284248,0],[-44.14493545,-20.14283631,0],[-44.14493406,-20.14283379,0],[-44.14493048,-20.14283197,0],[-44.14492857,-20.14282992,0],[-44.14492562,-20.14282752,0],[-44.144921,-20.14282284,0],[-44.14491905,-20.14282108,0],[-44.14491703,-20.14281757,0],[-44.14491628,-20.14281564,0],[-44.14491353,-20.14280659,0],[-44.14491204,-20.14280426,0],[-44.1449096,-20.1427992,0],[-44.14490857,-20.14279851,0],[-44.14490642,-20.14279752,0],[-44.14490194,-20.14279572,0],[-44.14490006,-20.14279486,0],[-44.1448977,-20.14279069,0],[-44.14489461,-20.14278459,0],[-44.14489142,-20.14277937,0],[-44.14489121,-20.14277878,0],[-44.14489059,-20.14277653,0],[-44.14488796,-20.14277282,0],[-44.14488711,-20.14277032,0],[-44.14488373,-20.14276779,0],[-44.14488109,-20.14276526,0],[-44.14487791,-20.14276424,0],[-44.14487193,-20.14276158,0],[-44.14487154,-20.14276143,0],[-44.14487136,-20.14276138,0],[-44.1448622,-20.14276138,0],[-44.14486197,-20.14276134,0],[-44.14486186,-20.14276126,0],[-44.14486173,-20.14276116,0],[-44.14485788,-20.14275599,0],[-44.14485527,-20.14275209,0],[-44.14485406,-20.14275057,0],[-44.14485248,-20.14274808,0],[-44.14485072,-20.1427447,0],[-44.14484953,-20.14274303,0],[-44.14484654,-20.14273962,0],[-44.14484307,-20.14273396,0],[-44.14484305,-20.1427339,0],[-44.14484299,-20.14273377,0],[-44.14483947,-20.14272826,0],[-44.14483827,-20.1427249,0],[-44.14483857,-20.14272066,0],[-44.14483879,-20.1427199,0],[-44.1448392,-20.14271587,0],[-44.14483585,-20.14271367,0],[-44.14483354,-20.1427115,0],[-44.14483074,-20.14270945,0],[-44.14482765,-20.14270678,0],[-44.14482602,-20.14270487,0],[-44.14482403,-20.14270162,0],[-44.14482258,-20.14269772,0],[-44.14482197,-20.14269575,0],[-44.14482046,-20.14269209,0],[-44.14481968,-20.14268867,0],[-44.14481837,-20.14268505,0],[-44.14481783,-20.14268271,0],[-44.1448169,-20.14267962,0],[-44.14481647,-20.14267784,0],[-44.1448146,-20.14267485,0],[-44.144812,-20.14267302,0],[-44.14481021,-20.14267055,0],[-44.14480859,-20.14266723,0],[-44.14480546,-20.14266149,0],[-44.1448054,-20.14266122,0],[-44.14480511,-20.14266059,0],[-44.14480107,-20.14265628,0],[-44.14479898,-20.14265564,0],[-44.14479558,-20.14265401,0],[-44.14479432,-20.1426536,0],[-44.14478784,-20.14265409,0],[-44.14478602,-20.14265378,0],[-44.1447848,-20.14265351,0],[-44.14478273,-20.14265234,0],[-44.1447795,-20.14264947,0],[-44.14477648,-20.14264887,0],[-44.14477417,-20.14264546,0],[-44.14477333,-20.14264326,0],[-44.14477307,-20.14264,0],[-44.14477403,-20.1426366,0],[-44.14477361,-20.14263423,0],[-44.14477368,-20.1426315,0],[-44.14477425,-20.14262741,0],[-44.14477432,-20.1426252,0],[-44.14477421,-20.14262292,0],[-44.14477351,-20.14261911,0],[-44.14477341,-20.14261616,0],[-44.14477119,-20.14261229,0],[-44.14476782,-20.14260709,0],[-44.14476773,-20.14260654,0],[-44.14476715,-20.14260523,0],[-44.14476513,-20.14259804,0],[-44.14476526,-20.14259622,0],[-44.14476694,-20.14258929,0],[-44.14476697,-20.14258902,0],[-44.14476679,-20.14258859,0],[-44.14476398,-20.14258307,0],[-44.14476301,-20.14257996,0],[-44.14476107,-20.1425768,0],[-44.14475903,-20.14257211,0],[-44.14475844,-20.1425709,0],[-44.1447583,-20.1425704,0],[-44.14475778,-20.14256751,0],[-44.14475666,-20.14256295,0],[-44.14475645,-20.14256186,0],[-44.14475597,-20.14256011,0],[-44.1447545,-20.14255597,0],[-44.14475378,-20.14255281,0],[-44.14475343,-20.1425486,0],[-44.14475331,-20.1425481,0],[-44.14475306,-20.14254377,0],[-44.14475236,-20.14254,0],[-44.14475188,-20.14253804,0],[-44.14475072,-20.14253254,0],[-44.14474981,-20.14252698,0],[-44.14474954,-20.14252568,0],[-44.14474931,-20.14252487,0],[-44.14474846,-20.14252277,0],[-44.14474491,-20.14251999,0],[-44.14474348,-20.14251662,0],[-44.14474439,-20.14251273,0],[-44.14474508,-20.14251084,0],[-44.144746,-20.14250759,0],[-44.14474267,-20.1425041,0],[-44.14473901,-20.14250115,0],[-44.14473738,-20.14250006,0],[-44.14473546,-20.14249851,0],[-44.14473426,-20.14249399,0],[-44.14473426,-20.14249398,0],[-44.14473269,-20.14248646,0],[-44.14473225,-20.14248298,0],[-44.14473175,-20.14248042,0],[-44.14473235,-20.14247779,0],[-44.14473217,-20.14247382,0],[-44.14473326,-20.14247139,0],[-44.14473261,-20.14246856,0],[-44.14472964,-20.14246397,0],[-44.14472927,-20.14246269,0],[-44.14472932,-20.14246234,0],[-44.14472941,-20.14246211,0],[-44.14472966,-20.14246137,0],[-44.14473243,-20.14245591,0],[-44.14473185,-20.14245129,0],[-44.14473119,-20.14244427,0],[-44.14473154,-20.14244259,0],[-44.14473218,-20.1424375,0],[-44.14473273,-20.14243524,0],[-44.14473304,-20.14243221,0],[-44.14473358,-20.14242976,0],[-44.14473386,-20.14242621,0],[-44.14473549,-20.14242249,0],[-44.14473895,-20.14241768,0],[-44.14473926,-20.1424172,0],[-44.14474077,-20.14240936,0],[-44.14474245,-20.14240543,0],[-44.1447434,-20.1424028,0],[-44.14474521,-20.14239916,0],[-44.14474666,-20.14239682,0],[-44.14474916,-20.14239338,0],[-44.14475056,-20.14239015,0],[-44.14475093,-20.14238851,0],[-44.1447523,-20.14238404,0],[-44.14475348,-20.14237714,0],[-44.14475359,-20.14237619,0],[-44.14475432,-20.1423721,0],[-44.14475449,-20.14236797,0],[-44.14475472,-20.14236699,0],[-44.14475494,-20.14236307,0],[-44.14475495,-20.14235403,0],[-44.14475297,-20.14235064,0],[-44.14474942,-20.14234623,0],[-44.14474877,-20.14234558,0],[-44.14474846,-20.14234496,0],[-44.14474362,-20.14234141,0],[-44.14473989,-20.14233925,0],[-44.14473588,-20.14233965,0],[-44.14473417,-20.14233949,0],[-44.14473032,-20.14234011,0],[-44.14472817,-20.14233787,0],[-44.14472643,-20.14233582,0],[-44.1447245,-20.14233231,0],[-44.14472082,-20.14232723,0],[-44.14472057,-20.14232699,0],[-44.14472028,-20.14232676,0],[-44.14471128,-20.14232242,0],[-44.14470805,-20.14232072,0],[-44.14470252,-20.1423169,0],[-44.14470175,-20.14231602,0],[-44.14469897,-20.14231499,0],[-44.14469576,-20.14231422,0],[-44.1446922,-20.14231208,0],[-44.14468887,-20.14231443,0],[-44.14468317,-20.14231807,0],[-44.1446826,-20.1423183,0],[-44.14468203,-20.14231807,0],[-44.1446742,-20.1423186,0],[-44.14467303,-20.14231837,0],[-44.14467255,-20.14231795,0],[-44.14467235,-20.14231749,0],[-44.14467252,-20.142317,0],[-44.14467305,-20.14231524,0],[-44.14467689,-20.14231208,0],[-44.14467685,-20.14230847,0],[-44.14467941,-20.14230541,0],[-44.14468258,-20.14229957,0],[-44.14468265,-20.14229947,0],[-44.14468255,-20.14229932,0],[-44.14467954,-20.14229343,0],[-44.14467424,-20.14229139,0],[-44.14467318,-20.14229078,0],[-44.14467295,-20.1422906,0],[-44.14467278,-20.14229038,0],[-44.14467321,-20.1422857,0],[-44.14467482,-20.14228286,0],[-44.14468018,-20.14228138,0],[-44.14468101,-20.14227968,0],[-44.14467895,-20.142276,0],[-44.14467929,-20.14227234,0],[-44.14467623,-20.14226956,0],[-44.14467332,-20.14226506,0],[-44.14467284,-20.14226373,0],[-44.14467273,-20.14226327,0],[-44.14466995,-20.14225745,0],[-44.14466816,-20.14225422,0],[-44.14466629,-20.14225188,0],[-44.14466384,-20.14224977,0],[-44.14465832,-20.14224135,0],[-44.14465434,-20.14223784,0],[-44.14465326,-20.14223709,0],[-44.14465227,-20.14223607,0],[-44.14464848,-20.14223257,0],[-44.14464482,-20.14222749,0],[-44.14464459,-20.14222722,0],[-44.14464433,-20.14222699,0],[-44.14463937,-20.14222311,0],[-44.14463659,-20.14221914,0],[-44.14463565,-20.14221792,0],[-44.14463532,-20.14221647,0],[-44.14463366,-20.14221046,0],[-44.14463345,-20.14220887,0],[-44.14463007,-20.14219982,0],[-44.14462864,-20.14219718,0],[-44.14462587,-20.14219401,0],[-44.14462454,-20.14219202,0],[-44.14462402,-20.14219075,0],[-44.14462074,-20.14218658,0],[-44.14461734,-20.14218168,0],[-44.14461715,-20.14218095,0],[-44.14461638,-20.14217944,0],[-44.1446133,-20.14217556,0],[-44.14461007,-20.14216959,0],[-44.14460712,-20.14216356,0],[-44.14460707,-20.1421634,0],[-44.14460691,-20.1421624,0],[-44.14460543,-20.14215595,0],[-44.14460539,-20.14215452,0],[-44.14460442,-20.14215211,0],[-44.14460306,-20.14214918,0],[-44.14460182,-20.14214547,0],[-44.14459946,-20.14213642,0],[-44.14459863,-20.14212738,0],[-44.14459837,-20.14212659,0],[-44.14459754,-20.14212475,0],[-44.14459519,-20.14212057,0],[-44.1445942,-20.14211832,0],[-44.14459163,-20.14211491,0],[-44.14458805,-20.14211142,0],[-44.14458688,-20.14211036,0],[-44.14458602,-20.14210925,0],[-44.14458628,-20.14210755,0],[-44.14458839,-20.14210049,0],[-44.14458841,-20.14210022,0],[-44.14458834,-20.1421,0],[-44.1445848,-20.14209433,0],[-44.14458343,-20.14209116,0],[-44.14458272,-20.14208728,0],[-44.14458264,-20.14208592,0],[-44.14458208,-20.14208212,0],[-44.14457868,-20.1420748,0],[-44.14457773,-20.14207397,0],[-44.14457649,-20.14207306,0],[-44.14456916,-20.14206674,0],[-44.14456772,-20.14206535,0],[-44.14456751,-20.14206398,0],[-44.14456788,-20.14206275,0],[-44.14456913,-20.14205503,0],[-44.14456915,-20.14205495,0],[-44.14456912,-20.14205485,0],[-44.14456755,-20.14204752,0],[-44.14456677,-20.1420459,0],[-44.14456583,-20.14204263,0],[-44.14456512,-20.1420408,0],[-44.14456425,-20.14203685,0],[-44.14456388,-20.14203297,0],[-44.14456355,-20.14203137,0],[-44.14456313,-20.14202781,0],[-44.14456214,-20.14202561,0],[-44.14455983,-20.14202302,0],[-44.14455689,-20.14202153,0],[-44.14455049,-20.14201871,0],[-44.14455034,-20.14201867,0],[-44.14455029,-20.14201864,0],[-44.14454603,-20.1420137,0],[-44.14454434,-20.14200965,0],[-44.14454423,-20.14200639,0],[-44.1445436,-20.14200325,0],[-44.14454347,-20.14200061,0],[-44.14454269,-20.14199884,0],[-44.14454124,-20.14199192,0],[-44.14454113,-20.14199156,0],[-44.14454103,-20.1419914,0],[-44.14454087,-20.14199094,0],[-44.14453202,-20.14198248,0],[-44.14453187,-20.14198199,0],[-44.14453144,-20.14197348,0],[-44.14453143,-20.14197344,0],[-44.14453142,-20.14197342,0],[-44.1445314,-20.14197325,0],[-44.14452975,-20.14196599,0],[-44.14452834,-20.14196145,0],[-44.14452739,-20.14195921,0],[-44.14452656,-20.14195535,0],[-44.14452526,-20.14195221,0],[-44.14452245,-20.14194629,0],[-44.1445223,-20.14194599,0],[-44.14452198,-20.14194545,0],[-44.14451785,-20.14194116,0],[-44.14451584,-20.14193723,0],[-44.14451645,-20.14193348,0],[-44.14451694,-20.1419324,0],[-44.14451729,-20.1419282,0],[-44.14451639,-20.14192455,0],[-44.1445151,-20.14192157,0],[-44.1445143,-20.14191915,0],[-44.14451375,-20.14191803,0],[-44.14451257,-20.14191649,0],[-44.14450891,-20.14191356,0],[-44.14450637,-20.14191323,0],[-44.14450303,-20.14191204,0],[-44.14450064,-20.1419123,0],[-44.14449575,-20.14191219,0],[-44.14449346,-20.14191253,0],[-44.14448878,-20.1419144,0],[-44.14448746,-20.14190998,0],[-44.14448482,-20.1419091,0],[-44.14448391,-20.14190888,0],[-44.14448315,-20.14190924,0],[-44.14448309,-20.14190996,0],[-44.14448284,-20.14191096,0],[-44.14448389,-20.14191197,0],[-44.14448861,-20.14191456,0],[-44.14448812,-20.14191902,0],[-44.14448915,-20.14192303,0],[-44.14448977,-20.14192464,0],[-44.14449085,-20.14192807,0],[-44.14448919,-20.14193199,0],[-44.14448909,-20.14193307,0],[-44.14448412,-20.14193707,0],[-44.14448391,-20.14193721,0],[-44.14448376,-20.14193721,0],[-44.14448371,-20.14193707,0],[-44.14448368,-20.141937,0],[-44.14448146,-20.14193022,0],[-44.14447962,-20.14192801,0],[-44.14447854,-20.14192396,0],[-44.14447428,-20.14191995,0],[-44.144474,-20.14191922,0],[-44.14447385,-20.14191895,0],[-44.14447006,-20.14191391,0],[-44.1444655,-20.14190987,0],[-44.14447126,-20.14190086,0],[-44.14447443,-20.14189244,0],[-44.14447509,-20.14189247,0],[-44.14448065,-20.14189502,0],[-44.14448398,-20.14189509,0],[-44.14448674,-20.1418945,0],[-44.14449317,-20.14189232,0],[-44.14449357,-20.14189221,0],[-44.14449381,-20.14189217,0],[-44.14449399,-20.14189194,0],[-44.14449395,-20.14189158,0],[-44.14449358,-20.14188991,0],[-44.14449125,-20.14188289,0],[-44.14448853,-20.14187867,0],[-44.14448807,-20.14187761,0],[-44.14448617,-20.14187383,0],[-44.14448522,-20.14187277,0],[-44.14448411,-20.14187175,0],[-44.14448236,-20.14187216,0],[-44.14448108,-20.14187381,0],[-44.14447798,-20.14187706,0],[-44.14447451,-20.14187872,0],[-44.14447057,-20.14187747,0],[-44.1444688,-20.14187739,0],[-44.14446495,-20.14187659,0],[-44.14446336,-20.14187522,0],[-44.1444618,-20.14187371,0],[-44.14446273,-20.14187159,0],[-44.14446284,-20.14186672,0],[-44.14446369,-20.14186343,0],[-44.14446503,-20.14186149,0],[-44.14446908,-20.14185949,0],[-44.1444716,-20.14185569,0],[-44.14447055,-20.14185181,0],[-44.14447007,-20.14185097,0],[-44.14446956,-20.14184664,0],[-44.14446515,-20.14183926,0],[-44.14446412,-20.14183856,0],[-44.1444636,-20.14183758,0],[-44.1444627,-20.14183524,0],[-44.14446119,-20.14183231,0],[-44.14446023,-20.14182853,0],[-44.14445866,-20.14182569,0],[-44.14445568,-20.14182179,0],[-44.14445386,-20.14182118,0],[-44.14445209,-20.14181945,0],[-44.14445133,-20.1418153,0],[-44.14445108,-20.14181479,0],[-44.14445069,-20.14181041,0],[-44.14444967,-20.14180712,0],[-44.14444622,-20.14180187,0],[-44.14444529,-20.14180223,0],[-44.14443701,-20.14180098,0],[-44.14443667,-20.14179871,0],[-44.14443652,-20.14179244,0],[-44.14443649,-20.14179227,0],[-44.14443626,-20.14179184,0],[-44.1444337,-20.14178609,0],[-44.14443141,-20.14178321,0],[-44.14443215,-20.14177883,0],[-44.14443213,-20.14177857,0],[-44.14443265,-20.14177418,0],[-44.14443159,-20.14177009,0],[-44.14442984,-20.14176755,0],[-44.14442816,-20.1417643,0],[-44.14442699,-20.14175641,0],[-44.14442687,-20.14175608,0],[-44.14442285,-20.14175128,0],[-44.14441673,-20.14173902,0],[-44.14441625,-20.14173795,0],[-44.14441566,-20.14173585,0],[-44.144415,-20.14173166,0],[-44.14441391,-20.14172891,0],[-44.14441151,-20.14172593,0],[-44.14440839,-20.1417207,0],[-44.14440795,-20.14172027,0],[-44.14440746,-20.14171984,0],[-44.14440268,-20.1417162,0],[-44.14439885,-20.14171657,0],[-44.14439407,-20.14171526,0],[-44.1443893,-20.14171376,0],[-44.14438761,-20.14171071,0],[-44.14438686,-20.14170838,0],[-44.14438614,-20.1417047,0],[-44.14438478,-20.14170166,0],[-44.14438529,-20.14169779,0],[-44.1443894,-20.141694,0],[-44.14439067,-20.14169384,0],[-44.14439292,-20.14169266,0],[-44.14439047,-20.14169166,0],[-44.14438943,-20.14168857,0],[-44.14438688,-20.14168602,0],[-44.14438597,-20.14168359,0],[-44.14438173,-20.14168185,0],[-44.14437992,-20.14167809,0],[-44.14437904,-20.14167537,0],[-44.14437888,-20.14167452,0],[-44.14437854,-20.14167318,0],[-44.1443782,-20.14166717,0],[-44.14437747,-20.14166548,0],[-44.14437684,-20.14166249,0],[-44.14437593,-20.1416603,0],[-44.14437544,-20.14165643,0],[-44.14437599,-20.1416474,0],[-44.14437393,-20.14164419,0],[-44.14437056,-20.14164046,0],[-44.14436932,-20.14163951,0],[-44.14436848,-20.14163833,0],[-44.14436508,-20.14163448,0],[-44.14436126,-20.14162906,0],[-44.14436106,-20.14162891,0],[-44.14435423,-20.14162019,0],[-44.14435384,-20.14161802,0],[-44.14435157,-20.14161397,0],[-44.14434854,-20.14161113,0],[-44.14434417,-20.14160908,0],[-44.14434204,-20.14160748,0],[-44.14433836,-20.14160553,0],[-44.14433828,-20.14159844,0],[-44.14433816,-20.14159672,0],[-44.14433811,-20.141593,0],[-44.14433894,-20.14158999,0],[-44.14434216,-20.14158492,0],[-44.14434312,-20.1415849,0],[-44.14434906,-20.14158653,0],[-44.14436129,-20.14158631,0],[-44.1443629,-20.14158561,0],[-44.14436537,-20.1415841,0],[-44.14436633,-20.1415798,0],[-44.14436683,-20.14157891,0],[-44.14436827,-20.14157508,0],[-44.144365,-20.14157163,0],[-44.14436138,-20.1415694,0],[-44.14435912,-20.14156814,0],[-44.14435589,-20.14156598,0],[-44.14435786,-20.14156263,0],[-44.14436143,-20.14155991,0],[-44.14436268,-20.14155815,0],[-44.14436282,-20.14155698,0],[-44.14436602,-20.14155225,0],[-44.1443696,-20.14154798,0],[-44.14436975,-20.14154673,0],[-44.14437109,-20.14154396,0],[-44.14437258,-20.14154035,0],[-44.14437382,-20.14153896,0],[-44.14437278,-20.14152992,0],[-44.14437236,-20.14152879,0],[-44.14437121,-20.14152212,0],[-44.14437096,-20.14152111,0],[-44.14437094,-20.14152088,0],[-44.14437101,-20.14152069,0],[-44.14437028,-20.14151276,0],[-44.14437047,-20.14151184,0],[-44.14437043,-20.14151104,0],[-44.14436971,-20.14150431,0],[-44.14436963,-20.1415028,0],[-44.14436791,-20.14149957,0],[-44.14436739,-20.14149748,0],[-44.14436336,-20.14149522,0],[-44.14436179,-20.14149409,0],[-44.14435663,-20.14149788,0],[-44.14435219,-20.14150031,0],[-44.14434747,-20.14149812,0],[-44.14434667,-20.14149365,0],[-44.14434592,-20.14149059,0],[-44.14434271,-20.14148469,0],[-44.14434258,-20.14148472,0],[-44.14433382,-20.1414852,0],[-44.14433314,-20.14148541,0],[-44.14433254,-20.14148511,0],[-44.14432676,-20.14148452,0],[-44.14433244,-20.14148389,0],[-44.14433318,-20.14147725,0],[-44.1443338,-20.1414761,0],[-44.14433358,-20.14147552,0],[-44.14433337,-20.14147534,0],[-44.1443332,-20.14147405,0],[-44.14433296,-20.14146674,0],[-44.14433304,-20.14146648,0],[-44.1443331,-20.14146635,0],[-44.14433325,-20.14146487,0],[-44.14433498,-20.14145906,0],[-44.14433491,-20.14145745,0],[-44.1443391,-20.1414539,0],[-44.14433987,-20.14145129,0],[-44.14434133,-20.14144845,0],[-44.14434197,-20.14144756,0],[-44.14434293,-20.14144416,0],[-44.14434565,-20.141442,0],[-44.14434691,-20.14143944,0],[-44.14435003,-20.14143709,0],[-44.1443515,-20.14143143,0],[-44.14435201,-20.14143043,0],[-44.14435223,-20.1414301,0],[-44.14435258,-20.14142914,0],[-44.14435663,-20.14142522,0],[-44.14435823,-20.14142142,0],[-44.14436028,-20.14141962,0],[-44.14436222,-20.14141582,0],[-44.14436483,-20.14141489,0],[-44.14436691,-20.14141243,0],[-44.14436834,-20.14140915,0],[-44.14436802,-20.141407,0],[-44.14436872,-20.1414034,0],[-44.1443702,-20.14140184,0],[-44.14437187,-20.14139943,0],[-44.14437532,-20.14139765,0],[-44.14437795,-20.14139441,0],[-44.14437876,-20.14139185,0],[-44.14437907,-20.14138768,0],[-44.14437958,-20.14138538,0],[-44.14438017,-20.1413841,0],[-44.14438138,-20.14137653,0],[-44.14438144,-20.14137636,0],[-44.14438148,-20.14137627,0],[-44.14438157,-20.14137599,0],[-44.14438633,-20.14137182,0],[-44.14438955,-20.14136736,0],[-44.14439014,-20.14136637,0],[-44.14438935,-20.14136009,0],[-44.14438977,-20.14135833,0],[-44.14439021,-20.14135736,0],[-44.14439128,-20.14135016,0],[-44.1443915,-20.1413495,0],[-44.14439153,-20.1413493,0],[-44.14439204,-20.14134859,0],[-44.14439549,-20.14134423,0],[-44.14439728,-20.14134029,0],[-44.14439866,-20.14133817,0],[-44.14440094,-20.14133352,0],[-44.1444021,-20.14133237,0],[-44.14440349,-20.14133129,0],[-44.14440589,-20.14132691,0],[-44.14440605,-20.14132651,0],[-44.1444087,-20.1413205,0],[-44.14440831,-20.1413154,0],[-44.14440877,-20.14131324,0],[-44.14440936,-20.14131205,0],[-44.14441064,-20.14130818,0],[-44.14441277,-20.14130623,0],[-44.14441414,-20.14130423,0],[-44.14441691,-20.14130109,0],[-44.14441816,-20.14129721,0],[-44.14441913,-20.14129522,0],[-44.14441964,-20.14129462,0],[-44.14442029,-20.1412932,0],[-44.14442394,-20.14128964,0],[-44.14442594,-20.14128622,0],[-44.14442746,-20.14128391,0],[-44.14442924,-20.14127786,0],[-44.14442952,-20.1412772,0],[-44.14442968,-20.14127694,0],[-44.14442995,-20.14127622,0],[-44.14443342,-20.14127143,0],[-44.14443514,-20.14126819,0],[-44.14443623,-20.14126504,0],[-44.1444364,-20.14126218,0],[-44.14443709,-20.14125916,0],[-44.1444381,-20.14125774,0],[-44.14443964,-20.14125374,0],[-44.14444164,-20.14125203,0],[-44.1444428,-20.14125016,0],[-44.14444568,-20.1412468,0],[-44.14444591,-20.1412443,0],[-44.14444708,-20.14124114,0],[-44.1444476,-20.14123955,0],[-44.14444918,-20.14123225,0],[-44.14444922,-20.14123212,0],[-44.14444933,-20.14123189,0],[-44.14445353,-20.14122705,0],[-44.1444554,-20.14122311,0],[-44.14445684,-20.14122112,0],[-44.14445872,-20.14121435,0],[-44.14445887,-20.14121398,0],[-44.14445899,-20.14121367,0],[-44.1444629,-20.14120874,0],[-44.14446381,-20.14120508,0],[-44.14446586,-20.14120248,0],[-44.14446799,-20.14119669,0],[-44.1444683,-20.14119607,0],[-44.14446867,-20.141194,0],[-44.14447097,-20.1411892,0],[-44.14447112,-20.14118704,0],[-44.14447374,-20.14118275,0],[-44.14447377,-20.1411823,0],[-44.14447509,-20.14117803,0],[-44.14447601,-20.14117584,0],[-44.14447837,-20.14116937,0],[-44.1444786,-20.14116923,0],[-44.14447877,-20.14116901,0],[-44.1444832,-20.14116453,0],[-44.1444832,-20.14116449,0],[-44.14448509,-20.14116,0],[-44.14448599,-20.14115812,0],[-44.14448781,-20.1411512,0],[-44.14448788,-20.14115098,0],[-44.14448794,-20.14115089,0],[-44.14448804,-20.14115066,0],[-44.14449226,-20.14114593,0],[-44.14449402,-20.14114198,0],[-44.14449527,-20.14113972,0],[-44.14449753,-20.14113312,0],[-44.1444976,-20.14113296,0],[-44.1444977,-20.14113278,0],[-44.14450231,-20.14112827,0],[-44.14450625,-20.14112396,0],[-44.14450668,-20.14112336,0],[-44.14450733,-20.1411213,0],[-44.14450952,-20.14111699,0],[-44.14450973,-20.14111495,0],[-44.14451101,-20.14111153,0],[-44.14451172,-20.14111,0],[-44.1445129,-20.14110593,0],[-44.1445141,-20.14110319,0],[-44.14451659,-20.14109691,0],[-44.14451674,-20.14109663,0],[-44.14451704,-20.14109577,0],[-44.14451966,-20.14109033,0],[-44.14452019,-20.14108789,0],[-44.14452262,-20.14108407,0],[-44.14452347,-20.1410819,0],[-44.14452492,-20.14107888,0],[-44.14452544,-20.14107768,0],[-44.14452673,-20.14107355,0],[-44.14452818,-20.14107121,0],[-44.14452876,-20.14106986,0],[-44.14453166,-20.14106546,0],[-44.14453184,-20.14106509,0],[-44.1445341,-20.14106085,0],[-44.1445351,-20.14105965,0],[-44.14453639,-20.14105659,0],[-44.1445384,-20.14105372,0],[-44.14453924,-20.14105184,0],[-44.14454229,-20.14104835,0],[-44.14454432,-20.14104444,0],[-44.14454529,-20.14104283,0],[-44.14454558,-20.14104241,0],[-44.14454604,-20.14104158,0],[-44.1445496,-20.14103716,0],[-44.14455128,-20.14103383,0],[-44.14455569,-20.14102639,0],[-44.14455648,-20.14102556,0],[-44.1445569,-20.14102482,0],[-44.14456063,-20.14102044,0],[-44.14456532,-20.14101442,0],[-44.14457347,-20.14100544,0],[-44.14457739,-20.1410001,0],[-44.14457872,-20.14099782,0],[-44.1445811,-20.14099456,0],[-44.14458459,-20.14098922,0],[-44.14458483,-20.14098903,0],[-44.144585,-20.14098881,0],[-44.14459047,-20.14098534,0],[-44.1445942,-20.14098233,0],[-44.14459578,-20.14098132,0],[-44.14459674,-20.14097983,0],[-44.14460003,-20.14097629,0],[-44.14460383,-20.14097107,0],[-44.14460395,-20.14097095,0],[-44.14460403,-20.14097083,0],[-44.14460894,-20.14096663,0],[-44.14461342,-20.14096184,0],[-44.14461344,-20.14096183,0],[-44.1446192,-20.14095825,0],[-44.14462305,-20.14095499,0],[-44.14462467,-20.14095439,0],[-44.14462606,-20.14095287,0],[-44.1446289,-20.14094935,0],[-44.14462964,-20.1409467,0],[-44.14463144,-20.14094269,0],[-44.1446327,-20.14094055,0],[-44.14463781,-20.14093486,0],[-44.14464012,-20.1409328,0],[-44.14464232,-20.14093029,0],[-44.14464473,-20.14092812,0],[-44.14464833,-20.14092247,0],[-44.14465132,-20.14091685,0],[-44.14465197,-20.14091583,0],[-44.14465788,-20.14090785,0],[-44.14465958,-20.14090596,0],[-44.1446616,-20.14090349,0],[-44.14466399,-20.14090108,0],[-44.1446671,-20.14089497,0],[-44.14466949,-20.14088983,0],[-44.14467126,-20.14088667,0],[-44.14467564,-20.14088083,0],[-44.14467841,-20.14087851,0],[-44.14468089,-20.14087504,0],[-44.14468257,-20.1408734,0],[-44.1446836,-20.14087183,0],[-44.14468568,-20.14086735,0],[-44.14468571,-20.14086731,0],[-44.14468726,-20.14086281,0],[-44.14468837,-20.14086077,0],[-44.14469055,-20.14085714,0],[-44.14469222,-20.14085536,0],[-44.14469299,-20.1408538,0],[-44.14469613,-20.14085001,0],[-44.14470001,-20.1408448,0],[-44.14470009,-20.1408447,0],[-44.14470836,-20.14083581,0],[-44.14471492,-20.1408268,0],[-44.14471692,-20.14082444,0],[-44.14471945,-20.14082172,0],[-44.14472132,-20.14081955,0],[-44.14472526,-20.14081423,0],[-44.14472908,-20.14081001,0],[-44.14472974,-20.14080942,0],[-44.14473029,-20.14080881,0],[-44.14474592,-20.14078853,0],[-44.14475027,-20.1407836,0],[-44.14475427,-20.14077833,0],[-44.14475798,-20.14077385,0],[-44.14476738,-20.14076381,0],[-44.14476748,-20.14076369,0],[-44.1447676,-20.14076357,0],[-44.14477528,-20.14075481,0],[-44.14478271,-20.14074581,0],[-44.14478686,-20.14074159,0],[-44.14478917,-20.14073898,0],[-44.14479039,-20.14073681,0],[-44.14479228,-20.14073286,0],[-44.14479532,-20.1407278,0],[-44.14479583,-20.14072717,0],[-44.14479651,-20.14072642,0],[-44.14480005,-20.14072211,0],[-44.14480241,-20.1407188,0],[-44.14480743,-20.14071098,0],[-44.14481397,-20.14069907,0],[-44.14481863,-20.14069177,0],[-44.14481935,-20.14068847,0],[-44.14481993,-20.14068658,0],[-44.14482063,-20.14068274,0],[-44.14482054,-20.14067836,0],[-44.14482049,-20.14067804,0],[-44.14482038,-20.14067371,0],[-44.14482349,-20.14066469,0],[-44.14482379,-20.14066302,0],[-44.14482451,-20.14065668,0],[-44.14482468,-20.14065566,0],[-44.14482487,-20.14065497,0],[-44.14482652,-20.14064746,0],[-44.1448266,-20.14064663,0],[-44.14482885,-20.14063761,0],[-44.14483146,-20.14062858,0],[-44.14483207,-20.14062551,0],[-44.14483335,-20.14061765,0],[-44.14483631,-20.14060231,0],[-44.14483639,-20.1406015,0],[-44.14483632,-20.14060069,0],[-44.14483548,-20.14059705,0],[-44.14483447,-20.14059343,0],[-44.14483424,-20.14059245,0],[-44.14483033,-20.1405834,0],[-44.14483097,-20.14057905,0],[-44.14483099,-20.1405787,0],[-44.14483153,-20.14057437,0],[-44.14483209,-20.14057104,0],[-44.14483232,-20.14056847,0],[-44.14483278,-20.14056534,0],[-44.14483304,-20.14056286,0],[-44.14483388,-20.14055802,0],[-44.14483424,-20.14055492,0],[-44.14483626,-20.14054776,0],[-44.14483635,-20.14054729,0],[-44.14483739,-20.14053826,0],[-44.14483747,-20.14053669,0],[-44.144838,-20.14053126,0],[-44.1448381,-20.14052922,0],[-44.14483838,-20.14052685,0],[-44.144839,-20.14052313,0],[-44.14483931,-20.14052019,0],[-44.1448395,-20.14051116,0],[-44.14484036,-20.14050213,0],[-44.14484055,-20.14049309,0],[-44.14484092,-20.14048863,0],[-44.14484094,-20.1404885,0],[-44.14484133,-20.14048406,0],[-44.14484191,-20.1404805,0],[-44.14484256,-20.140478,0],[-44.14484312,-20.14047503,0],[-44.14484344,-20.14047287,0],[-44.14484576,-20.14046618,0],[-44.1448458,-20.14046604,0],[-44.14484581,-20.14046597,0],[-44.1448463,-20.14045698,0],[-44.14484644,-20.14045639,0],[-44.14484722,-20.14044924,0],[-44.14484764,-20.14044795,0],[-44.14484973,-20.14043892,0],[-44.14484973,-20.14043533,0],[-44.14484985,-20.14043358,0],[-44.14484986,-20.14042989,0],[-44.14485051,-20.14042562,0],[-44.1448506,-20.14042521,0],[-44.14485252,-20.14040888,0],[-44.144853,-20.14040279,0],[-44.14485173,-20.14039375,0],[-44.14485178,-20.14038472,0],[-44.14485212,-20.14038125,0],[-44.14485254,-20.14037877,0],[-44.14485289,-20.14037569,0],[-44.14485341,-20.1403734,0],[-44.14485586,-20.14036811,0],[-44.14485629,-20.14036707,0],[-44.14485639,-20.14036667,0],[-44.14485639,-20.14036618,0],[-44.14485553,-20.140358,0],[-44.14485549,-20.14035722,0],[-44.14485464,-20.14034984,0],[-44.14485457,-20.14034859,0],[-44.14485473,-20.14034742,0],[-44.144856,-20.14034355,0],[-44.14485685,-20.14034035,0],[-44.14485696,-20.14033956,0],[-44.14485688,-20.14033875,0],[-44.14485604,-20.14033566,0],[-44.14485474,-20.14033176,0],[-44.14485455,-20.14033052,0],[-44.14485521,-20.14032062,0],[-44.14485739,-20.14030454,0],[-44.14485758,-20.14030343,0],[-44.14485762,-20.14030211,0],[-44.14485723,-20.1402953,0],[-44.14485726,-20.14029439,0],[-44.14485777,-20.14029298,0],[-44.14485985,-20.14028872,0],[-44.14486071,-20.14028537,0],[-44.14486017,-20.14028174,0],[-44.14486007,-20.14027985,0],[-44.14485962,-20.14027633,0],[-44.14486018,-20.14027275,0],[-44.14486027,-20.14027096,0],[-44.14486097,-20.1402673,0],[-44.14486191,-20.14025827,0],[-44.1448615,-20.14025396,0],[-44.14486144,-20.14025359,0],[-44.14486107,-20.14024923,0],[-44.14486049,-20.14024549,0],[-44.14486042,-20.14024385,0],[-44.14485995,-20.14024019,0],[-44.14485948,-20.14023744,0],[-44.14485787,-20.14023234,0],[-44.14485742,-20.14023038,0],[-44.14485663,-20.14022799,0],[-44.14485493,-20.14022371,0],[-44.14485468,-20.14022209,0],[-44.14485498,-20.14021306,0],[-44.14485515,-20.14021157,0],[-44.1448568,-20.14020407,0],[-44.14485682,-20.14020403,0],[-44.14485685,-20.14020394,0],[-44.1448591,-20.14019718,0],[-44.14486177,-20.14019064,0],[-44.14486349,-20.14018599,0],[-44.14486659,-20.14017697,0],[-44.14487082,-20.14017204,0],[-44.14487321,-20.14016796,0],[-44.14487388,-20.14016588,0],[-44.14487611,-20.14016315,0],[-44.14487773,-20.14016046,0],[-44.1448783,-20.14015895,0],[-44.14487869,-20.14015656,0],[-44.14487907,-20.14015266,0],[-44.14487958,-20.14014992,0],[-44.14488012,-20.14014623,0],[-44.14488016,-20.14014462,0],[-44.14488086,-20.1401409,0],[-44.14488192,-20.14013721,0],[-44.14488429,-20.14013335,0],[-44.14488497,-20.14013188,0],[-44.14488529,-20.14013135,0],[-44.14488586,-20.14013101,0],[-44.14489046,-20.1401272,0],[-44.14489382,-20.14012289,0],[-44.14489326,-20.14012078,0],[-44.14489244,-20.14011673,0],[-44.14489019,-20.14010985,0],[-44.14488825,-20.14010479,0],[-44.14488745,-20.14010342,0],[-44.14488602,-20.14010019,0],[-44.14488437,-20.14009731,0],[-44.1448831,-20.14009573,0],[-44.14488102,-20.14009146,0],[-44.14488072,-20.14009066,0],[-44.14487906,-20.14008667,0],[-44.14487813,-20.14007763,0],[-44.14487832,-20.1400686,0],[-44.14487951,-20.14005957,0],[-44.1448814,-20.14005054,0],[-44.14488402,-20.14004152,0],[-44.14488764,-20.14003369,0],[-44.14488826,-20.1400325,0],[-44.14489124,-20.14002803,0],[-44.14489446,-20.1400235,0],[-44.14489602,-20.14002166,0],[-44.14489913,-20.1400174,0],[-44.14490278,-20.1400118,0],[-44.14490611,-20.14000589,0],[-44.14490629,-20.14000548,0],[-44.14490703,-20.14000422,0],[-44.1449096,-20.14000015,0],[-44.14491136,-20.13999647,0],[-44.14491323,-20.13999452,0],[-44.14491531,-20.13999367,0],[-44.14491899,-20.13999094,0],[-44.14492281,-20.13998749,0],[-44.14492363,-20.13998629,0],[-44.14492492,-20.13998574,0],[-44.14492929,-20.1399826,0],[-44.14493392,-20.13997851,0],[-44.14493413,-20.13997814,0],[-44.14493453,-20.13997794,0],[-44.14494413,-20.13997157,0],[-44.14494536,-20.13997069,0],[-44.14494657,-20.13996954,0],[-44.14495029,-20.13996631,0],[-44.14495628,-20.13996294,0],[-44.14495935,-20.13996056,0],[-44.1449614,-20.13995875,0],[-44.14496334,-20.13995797,0],[-44.14496766,-20.13995564,0],[-44.14497336,-20.13995199,0],[-44.14497385,-20.1399516,0],[-44.1449787,-20.13994801,0],[-44.14498254,-20.13994586,0],[-44.14498451,-20.13994447,0],[-44.14498643,-20.13994262,0],[-44.14498889,-20.13993956,0],[-44.14499215,-20.13993725,0],[-44.14499415,-20.1399355,0],[-44.14499596,-20.13993363,0],[-44.14499886,-20.13993092,0],[-44.14500176,-20.13992959,0],[-44.14500476,-20.13992746,0],[-44.14500751,-20.13992465,0],[-44.14500907,-20.1399225,0],[-44.14501137,-20.13992141,0],[-44.14501471,-20.1399188,0],[-44.14501745,-20.13991567,0],[-44.14501879,-20.1399136,0],[-44.14502099,-20.13991262,0],[-44.14502493,-20.13991037,0],[-44.14503029,-20.13990669,0],[-44.14503037,-20.13990649,0],[-44.14503059,-20.13990628,0],[-44.14503422,-20.13990107,0],[-44.14503859,-20.13989617,0],[-44.14504022,-20.13989557,0],[-44.14504947,-20.13988872,0],[-44.14504959,-20.1398885,0],[-44.14504982,-20.13988836,0],[-44.14505451,-20.13988411,0],[-44.14505489,-20.13988398,0],[-44.14505943,-20.13988178,0],[-44.14506079,-20.13988101,0],[-44.14506256,-20.13987974,0],[-44.14506517,-20.13987612,0],[-44.14506905,-20.13987237,0],[-44.14506977,-20.13987142,0],[-44.14507024,-20.13987075,0],[-44.14507147,-20.13986848,0],[-44.14507289,-20.13986531,0],[-44.14507569,-20.13986174,0],[-44.14507672,-20.13985989,0],[-44.14507869,-20.13985793,0],[-44.14508119,-20.13985273,0],[-44.14508413,-20.13984371,0],[-44.14508473,-20.13984029,0],[-44.14508553,-20.13983735,0],[-44.1450865,-20.13983289,0],[-44.14508841,-20.13982943,0],[-44.14508954,-20.13982671,0],[-44.14509074,-20.1398235,0],[-44.14509193,-20.13981991,0],[-44.14509345,-20.13981664,0],[-44.14509509,-20.13981385,0],[-44.14509808,-20.13981146,0],[-44.14510233,-20.13980765,0],[-44.14510439,-20.13980455,0],[-44.14510866,-20.13979954,0],[-44.14510952,-20.13979865,0],[-44.14511277,-20.13979438,0],[-44.14511711,-20.13978965,0],[-44.1451172,-20.13978953,0],[-44.14511733,-20.13978943,0],[-44.14512694,-20.13978306,0],[-44.14513106,-20.13978068,0],[-44.14514614,-20.13977025,0],[-44.14515022,-20.13976654,0],[-44.14515316,-20.13976272,0],[-44.1451545,-20.13976154,0],[-44.14515576,-20.1397609,0],[-44.14516033,-20.13975802,0],[-44.14516367,-20.13975374,0],[-44.14516436,-20.13975279,0],[-44.14516537,-20.13975211,0],[-44.14516774,-20.13975152,0],[-44.14517215,-20.13975114,0],[-44.14517495,-20.13975002,0],[-44.14517947,-20.13974955,0],[-44.14518029,-20.13974982,0],[-44.14518453,-20.13974841,0],[-44.14518872,-20.13974989,0],[-44.1451933,-20.13975388,0],[-44.14519383,-20.13975411,0],[-44.14519406,-20.13975424,0],[-44.1451944,-20.1397542,0],[-44.14519474,-20.13975389,0],[-44.14519525,-20.13975277,0],[-44.14519768,-20.13974825,0],[-44.14519889,-20.13974487,0],[-44.14520148,-20.1397428,0],[-44.14520587,-20.1397379,0],[-44.14520713,-20.13973587,0],[-44.14521016,-20.13972685,0],[-44.14521059,-20.13972424,0],[-44.14521207,-20.13971908,0],[-44.14521232,-20.13971783,0],[-44.14521297,-20.13971742,0],[-44.1452134,-20.13971696,0],[-44.14521847,-20.13971359,0],[-44.14522301,-20.13971027,0],[-44.14522469,-20.13970885,0],[-44.14523261,-20.13970344,0],[-44.14523494,-20.13970206,0],[-44.14524046,-20.13970153,0],[-44.14524219,-20.13970101,0],[-44.14524311,-20.13970078,0],[-44.14524555,-20.13969992,0],[-44.14524519,-20.13969711,0],[-44.14524419,-20.13969272,0],[-44.14524391,-20.13969088,0],[-44.14524337,-20.13968982,0],[-44.14524226,-20.13968861,0],[-44.14523975,-20.13968421,0],[-44.14523922,-20.13968182,0],[-44.14524083,-20.13968044,0],[-44.14524231,-20.1396795,0],[-44.1452462,-20.13967818,0],[-44.14524757,-20.13967778,0],[-44.14525189,-20.13967604,0],[-44.14525651,-20.13967723,0],[-44.14525686,-20.13967721,0],[-44.14526144,-20.13968032,0],[-44.14526316,-20.13968031,0],[-44.14526758,-20.13967871,0],[-44.14527101,-20.13967869,0],[-44.14527843,-20.13967297,0],[-44.14527841,-20.13967088,0],[-44.14527754,-20.13966687,0],[-44.14527752,-20.13966393,0],[-44.14527931,-20.13966266,0],[-44.14528068,-20.13966129,0],[-44.14528519,-20.13965919,0],[-44.14529027,-20.13965631,0],[-44.14529125,-20.13965589,0],[-44.14529204,-20.13965497,0],[-44.1452973,-20.13965257,0],[-44.14529987,-20.13965012,0],[-44.14530396,-20.13965116,0],[-44.14530548,-20.13965129,0],[-44.14531206,-20.13965258,0],[-44.14531899,-20.13965416,0],[-44.14531955,-20.13965457,0],[-44.14532005,-20.1396551,0],[-44.1453237,-20.13965967,0],[-44.14532824,-20.13966418,0],[-44.14532834,-20.13966433,0],[-44.1453285,-20.13966445,0],[-44.14533231,-20.13966961,0],[-44.14533527,-20.13967325,0],[-44.14533578,-20.13967535,0],[-44.14533799,-20.13967782,0],[-44.14534756,-20.13967842,0],[-44.14535094,-20.13967651,0],[-44.14535428,-20.13967061,0],[-44.14535395,-20.13966736,0],[-44.14535466,-20.13966431,0],[-44.14535441,-20.13966165,0],[-44.14535436,-20.13965799,0],[-44.14535404,-20.13965527,0],[-44.14535434,-20.13965251,0],[-44.14535677,-20.13964674,0],[-44.14535686,-20.13964625,0],[-44.14535696,-20.13964592,0],[-44.14536007,-20.13963981,0],[-44.14536167,-20.13963723,0],[-44.14536124,-20.13963357,0],[-44.14536121,-20.13963182,0],[-44.14536085,-20.13962819,0],[-44.14535992,-20.13962582,0],[-44.14535743,-20.13962215,0],[-44.14535643,-20.13962009,0],[-44.14535614,-20.13961914,0],[-44.1453562,-20.13961795,0],[-44.14535748,-20.13961328,0],[-44.14535835,-20.13961092,0],[-44.14535847,-20.13961011,0],[-44.14535808,-20.13960956,0],[-44.14535751,-20.13960792,0],[-44.14535537,-20.1396031,0],[-44.14535468,-20.13960106,0],[-44.1453562,-20.13959203,0],[-44.14535654,-20.13959103,0],[-44.14535762,-20.13958701,0],[-44.14535833,-20.13958366,0],[-44.14535835,-20.139583,0],[-44.14535844,-20.13958225,0],[-44.14535775,-20.13957402,0],[-44.14535778,-20.13957389,0],[-44.14535997,-20.13956706,0],[-44.14536156,-20.13955591,0],[-44.14536063,-20.13955324,0],[-44.14535784,-20.13954698,0],[-44.14535777,-20.13954692,0],[-44.14535756,-20.13954686,0],[-44.14535017,-20.13954503,0],[-44.14534828,-20.1395447,0],[-44.14534649,-20.13954511,0],[-44.14533949,-20.13954751,0],[-44.1453387,-20.13954782,0],[-44.14533694,-20.13954841,0],[-44.1453329,-20.13955031,0],[-44.14532911,-20.13955112,0],[-44.14532453,-20.13955102,0],[-44.14532411,-20.139551,0],[-44.14531955,-20.1395509,0],[-44.14531632,-20.13954971,0],[-44.14531333,-20.1395498,0],[-44.14530999,-20.13954914,0],[-44.14530812,-20.13954839,0],[-44.1453053,-20.1395466,0],[-44.14530275,-20.13954442,0],[-44.14530045,-20.13954384,0],[-44.1452958,-20.13954192,0],[-44.1452909,-20.13954013,0],[-44.14528841,-20.13953984,0],[-44.1452816,-20.13953768,0],[-44.14528118,-20.13953761,0],[-44.14527499,-20.13953441,0],[-44.14527181,-20.13953207,0],[-44.14526877,-20.13953123,0],[-44.14526235,-20.13952832,0],[-44.14526227,-20.13952826,0],[-44.14525794,-20.13952337,0],[-44.14525556,-20.13951925,0],[-44.1452555,-20.13951666,0],[-44.14525518,-20.13951248,0],[-44.14525513,-20.13951022,0],[-44.14525817,-20.13950625,0],[-44.14526251,-20.13950131,0],[-44.14526254,-20.13950122,0],[-44.14526702,-20.13949653,0],[-44.14526772,-20.13949626,0],[-44.14527202,-20.13949398,0],[-44.14527291,-20.13949306,0],[-44.1452746,-20.13949224,0],[-44.14527759,-20.13948845,0],[-44.14528163,-20.13948562,0],[-44.14528324,-20.13948476,0],[-44.14529051,-20.13948394,0],[-44.14529121,-20.13948373,0],[-44.14529184,-20.13948388,0],[-44.14529933,-20.13948469,0],[-44.14530077,-20.13948516,0],[-44.14530256,-20.13948502,0],[-44.14531029,-20.13948332,0],[-44.14531041,-20.13948332,0],[-44.1453184,-20.13948484,0],[-44.14531991,-20.13948494,0],[-44.14532112,-20.13948457,0],[-44.14532369,-20.13948344,0],[-44.14532787,-20.13948194,0],[-44.14533907,-20.13947975,0],[-44.14534224,-20.13948053,0],[-44.14534795,-20.13948292,0],[-44.14534862,-20.13948314,0],[-44.14534957,-20.13948267,0],[-44.14535541,-20.13948096,0],[-44.14535822,-20.1394771,0],[-44.1453627,-20.13947939,0],[-44.145365,-20.13948364,0],[-44.14536547,-20.13948579,0],[-44.14536462,-20.13948975,0],[-44.14536492,-20.13949268,0],[-44.14536223,-20.13950564,0],[-44.14536228,-20.13950675,0],[-44.14536173,-20.13951073,0],[-44.14536203,-20.13951453,0],[-44.14536218,-20.13951583,0],[-44.14536247,-20.13951977,0],[-44.14536402,-20.1395231,0],[-44.14536751,-20.13952698,0],[-44.14536987,-20.13952662,0],[-44.14537374,-20.1395257,0],[-44.14537709,-20.13952529,0],[-44.14538178,-20.13952429,0],[-44.14538212,-20.13952416,0],[-44.14538667,-20.13952279,0],[-44.14538923,-20.13952231,0],[-44.1453932,-20.13952279,0],[-44.14539863,-20.13952221,0],[-44.14540362,-20.13951997,0],[-44.14540582,-20.13951956,0],[-44.1454065,-20.13951935,0],[-44.14541342,-20.13951815,0],[-44.1454154,-20.13951723,0],[-44.14541945,-20.13951482,0],[-44.14542501,-20.13951012,0],[-44.14542623,-20.1395099,0],[-44.14543264,-20.13950924,0],[-44.14543771,-20.13950815,0],[-44.14544064,-20.1395078,0],[-44.14544416,-20.13950687,0],[-44.14544759,-20.13950535,0],[-44.14545147,-20.13950428,0],[-44.14545375,-20.13950349,0],[-44.14545488,-20.13950321,0],[-44.14545989,-20.13950218,0],[-44.14546173,-20.13950068,0],[-44.14546334,-20.13949858,0],[-44.14546756,-20.13949823,0],[-44.14546839,-20.13949795,0],[-44.14547292,-20.13949776,0],[-44.14547642,-20.13949894,0],[-44.14547936,-20.13950227,0],[-44.14548245,-20.13950392,0],[-44.14548409,-20.13950385,0],[-44.14548999,-20.13950423,0],[-44.14549201,-20.13950416,0],[-44.14549417,-20.13950438,0],[-44.14549868,-20.1395051,0],[-44.14550158,-20.13950536,0],[-44.14550486,-20.1395055,0],[-44.14550751,-20.13950584,0],[-44.14551114,-20.13950596,0],[-44.14551476,-20.13950586,0],[-44.14551775,-20.13950525,0],[-44.14552071,-20.13950512,0],[-44.14552304,-20.13950468,0],[-44.14552951,-20.13950251,0],[-44.14552856,-20.13950087,0],[-44.14553031,-20.13949988,0],[-44.14553077,-20.13950207,0],[-44.14553121,-20.13950252,0],[-44.14553808,-20.13950423,0],[-44.14554165,-20.13950427,0],[-44.14554701,-20.13950487,0],[-44.14554942,-20.13950491,0],[-44.14555202,-20.13950509,0],[-44.14555676,-20.13950475,0],[-44.14555898,-20.13950495,0],[-44.14556246,-20.13950596,0],[-44.14556466,-20.13950635,0],[-44.14556853,-20.13950795,0],[-44.14557435,-20.13951177,0],[-44.14557626,-20.13951348,0],[-44.14557806,-20.13951477,0],[-44.14558157,-20.13951751,0],[-44.14558714,-20.13952086,0],[-44.14558741,-20.13952104,0],[-44.1455876,-20.13952115,0],[-44.14559263,-20.13952515,0],[-44.14559713,-20.13952754,0],[-44.14559911,-20.13952809,0],[-44.14560255,-20.13952998,0],[-44.14560457,-20.13953197,0],[-44.14560667,-20.13953326,0],[-44.14561055,-20.13953369,0],[-44.14561207,-20.13953395,0],[-44.14561623,-20.13953435,0],[-44.14561956,-20.1395332,0],[-44.14562466,-20.13953008,0],[-44.14562542,-20.13952971,0],[-44.14563541,-20.13952584,0],[-44.14564009,-20.13952573,0],[-44.14564028,-20.13952572,0],[-44.14564498,-20.13952562,0],[-44.14564878,-20.13952475,0],[-44.14565455,-20.13952357,0],[-44.14565652,-20.13952305,0],[-44.14566065,-20.13952122,0],[-44.14566314,-20.13952029,0],[-44.14566414,-20.13951984,0],[-44.14566905,-20.13951684,0],[-44.14567374,-20.13951436,0],[-44.14567441,-20.13951288,0],[-44.1456746,-20.13951225,0],[-44.14567543,-20.13951068,0],[-44.14567702,-20.13950628,0],[-44.14568006,-20.13950325,0],[-44.14568205,-20.139502,0],[-44.14568338,-20.13950147,0],[-44.14568631,-20.13950051,0],[-44.14568883,-20.13949939,0],[-44.14569296,-20.13949849,0],[-44.14569768,-20.13949887,0],[-44.14569781,-20.13949888,0],[-44.14570252,-20.13949923,0],[-44.14570716,-20.13949901,0],[-44.14570749,-20.13949903,0],[-44.14571209,-20.13949872,0],[-44.14571882,-20.1394944,0],[-44.14571987,-20.13949268,0],[-44.14572171,-20.13949068,0],[-44.14572482,-20.13948832,0],[-44.14573092,-20.13948542,0],[-44.1457313,-20.13948517,0],[-44.14574089,-20.13948158,0],[-44.14574515,-20.13948047,0],[-44.14574698,-20.13947976,0],[-44.14575047,-20.13947862,0],[-44.14576005,-20.13947751,0],[-44.1457696,-20.13948083,0],[-44.14577189,-20.13948344,0],[-44.14577248,-20.13948562,0],[-44.14577285,-20.13948874,0],[-44.14577294,-20.13949144,0],[-44.14577341,-20.13949466,0],[-44.14577179,-20.13949681,0],[-44.14576889,-20.13950312,0],[-44.14576863,-20.13950447,0],[-44.14576635,-20.13950978,0],[-44.14576604,-20.1395127,0],[-44.14576438,-20.13951698,0],[-44.14576355,-20.13951821,0],[-44.14576152,-20.13952171,0],[-44.14576166,-20.13952347,0],[-44.1457627,-20.13952799,0],[-44.14576285,-20.13953075,0],[-44.1457644,-20.13953517,0],[-44.14576444,-20.13953536,0],[-44.14576677,-20.13953981,0],[-44.14576809,-20.13954093,0],[-44.14576927,-20.13954117,0],[-44.14577083,-20.13954131,0],[-44.14577788,-20.13954077,0],[-44.14577884,-20.13954089,0],[-44.14577992,-20.13954089,0],[-44.14578397,-20.13953989,0],[-44.14578699,-20.13953856,0],[-44.14578842,-20.139538,0],[-44.145798,-20.1395349,0],[-44.1458016,-20.13953434,0],[-44.14580467,-20.1395337,0],[-44.14580758,-20.1395332,0],[-44.14580981,-20.13953309,0],[-44.1458155,-20.13953257,0],[-44.14581715,-20.13953248,0],[-44.14582672,-20.13953263,0],[-44.14583628,-20.13953363,0],[-44.14584584,-20.13953545,0],[-44.14585539,-20.13953815,0],[-44.145857,-20.13953872,0],[-44.14586096,-20.13954027,0],[-44.14586494,-20.13954167,0],[-44.14587042,-20.13954416,0],[-44.14587448,-20.13954617,0],[-44.14587654,-20.13954743,0],[-44.14587938,-20.13954939,0],[-44.14588225,-20.13955108,0],[-44.14588402,-20.13955221,0],[-44.14588759,-20.13955508,0],[-44.1458915,-20.13955849,0],[-44.14589354,-20.13955987,0],[-44.14590258,-20.13956758,0],[-44.14590307,-20.13956793,0],[-44.14590748,-20.13957245,0],[-44.14591259,-20.13957687,0],[-44.14591304,-20.13957709,0],[-44.14591891,-20.13957974,0],[-44.14592213,-20.1395817,0],[-44.14593438,-20.13958326,0],[-44.1459387,-20.13958341,0],[-44.14594125,-20.13958366,0],[-44.14594292,-20.13958426,0],[-44.14594854,-20.13958587,0],[-44.14595043,-20.13958624,0],[-44.1459508,-20.13958628,0],[-44.14595147,-20.13958652,0],[-44.14595727,-20.13958883,0],[-44.14596035,-20.13958976,0],[-44.14596387,-20.13959165,0],[-44.1459699,-20.13959423,0],[-44.14597101,-20.13959396,0],[-44.14597653,-20.13959226,0],[-44.14597948,-20.13959168,0],[-44.14598312,-20.13958947,0],[-44.14598676,-20.13958823,0],[-44.14598907,-20.13958724,0],[-44.14598981,-20.13958677,0],[-44.14599117,-20.13958608,0],[-44.14599488,-20.13958253,0],[-44.14599867,-20.13958082,0],[-44.14600803,-20.13957712,0],[-44.14600808,-20.13957696,0],[-44.14600826,-20.13957655,0],[-44.14601065,-20.13957032,0],[-44.14601239,-20.13956811,0],[-44.146014,-20.13956444,0],[-44.14601792,-20.13955926,0],[-44.146018,-20.13955917,0],[-44.14601808,-20.1395591,0],[-44.14602246,-20.13955435,0],[-44.14602754,-20.13955035,0],[-44.14602768,-20.13955025,0],[-44.14602792,-20.13955011,0],[-44.14603344,-20.13954666,0],[-44.14603714,-20.13954485,0],[-44.14603994,-20.13954378,0],[-44.14604565,-20.13954217,0],[-44.14604672,-20.13954182,0],[-44.1460473,-20.13954171,0],[-44.14605629,-20.13954078,0],[-44.14605675,-20.13954079,0],[-44.14606571,-20.1395414,0],[-44.14606586,-20.13954138,0],[-44.14606616,-20.13954126,0],[-44.14607192,-20.13953797,0],[-44.14607545,-20.13953713,0],[-44.14607961,-20.13953739,0],[-44.14608067,-20.13953723,0],[-44.14608501,-20.13953742,0],[-44.14608956,-20.13953709,0],[-44.14608999,-20.13953704,0],[-44.14609458,-20.13953674,0],[-44.14609865,-20.13953622,0],[-44.14610047,-20.13953587,0],[-44.14610416,-20.13953534,0],[-44.14611371,-20.13953772,0],[-44.14611702,-20.13953838,0],[-44.14612474,-20.13954016,0],[-44.14613194,-20.13954241,0],[-44.14613282,-20.13954272,0],[-44.14614237,-20.13954542,0],[-44.14614707,-20.13954625,0],[-44.1461473,-20.13954631,0],[-44.14615193,-20.13954731,0],[-44.14616148,-20.13955053,0],[-44.14616173,-20.13955053,0],[-44.14616923,-20.1395525,0],[-44.14617103,-20.13955332,0],[-44.1461847,-20.13955603,0],[-44.1461867,-20.13955667,0],[-44.14619015,-20.13955744,0],[-44.14619192,-20.13955827,0],[-44.14619343,-20.13955995,0],[-44.14619968,-20.1395636,0],[-44.14620379,-20.13956515,0],[-44.14620648,-20.13956645,0],[-44.14620923,-20.13956767,0],[-44.14621033,-20.13956803,0],[-44.14621245,-20.13956908,0],[-44.14621677,-20.139571,0],[-44.1462231,-20.13957407,0],[-44.14622831,-20.13957719,0],[-44.146229,-20.13957754,0],[-44.14622981,-20.1395782,0],[-44.146235,-20.13958093,0],[-44.14623784,-20.13958304,0],[-44.14624049,-20.13958478,0],[-44.14624524,-20.13958731,0],[-44.14624677,-20.1395879,0],[-44.14624738,-20.13958828,0],[-44.14624964,-20.13958947,0],[-44.14625321,-20.13959087,0],[-44.14625692,-20.1395946,0],[-44.1462578,-20.13959557,0],[-44.14625824,-20.13959641,0],[-44.14626181,-20.13960081,0],[-44.14626197,-20.13960124,0],[-44.1462641,-20.13960547,0],[-44.14626529,-20.13960654,0],[-44.14626641,-20.13960781,0],[-44.14627323,-20.13961456,0],[-44.14627462,-20.13961581,0],[-44.14627593,-20.13961731,0],[-44.14629506,-20.13961855,0],[-44.14629976,-20.13961927,0],[-44.14630785,-20.1396207,0],[-44.14632329,-20.13962424,0],[-44.14633328,-20.1396272,0],[-44.14634283,-20.13963066,0],[-44.14634468,-20.13963122,0],[-44.14635164,-20.1396337,0],[-44.14635238,-20.13963402,0],[-44.14635405,-20.13963461,0],[-44.14635873,-20.13963607,0],[-44.14636192,-20.13963734,0],[-44.14636536,-20.13963885,0],[-44.1463713,-20.13964214,0],[-44.14637141,-20.13964219,0],[-44.14637147,-20.13964222,0],[-44.14637705,-20.13964591,0],[-44.14638099,-20.13964948,0],[-44.14638186,-20.13965041,0],[-44.1463823,-20.13965123,0],[-44.14639052,-20.13965668,0],[-44.14639311,-20.13965787,0],[-44.14639751,-20.13966034,0],[-44.14639961,-20.13966078,0],[-44.14640061,-20.13966086,0],[-44.14640887,-20.13966112,0],[-44.14641057,-20.13966128,0],[-44.14641904,-20.13966059,0],[-44.1464192,-20.13966059,0],[-44.14641935,-20.13966058,0],[-44.14642215,-20.13966046,0],[-44.14642806,-20.13965981,0],[-44.14642916,-20.13965945,0],[-44.14643027,-20.13965908,0],[-44.14643417,-20.13965656,0],[-44.14643795,-20.13965563,0],[-44.14644174,-20.1396547,0],[-44.1464447,-20.13965459,0],[-44.14645752,-20.13965173,0],[-44.14645946,-20.1396516,0],[-44.14646709,-20.13965045,0],[-44.14647667,-20.13964972,0],[-44.14647866,-20.13964982,0],[-44.1464838,-20.13964942,0],[-44.1464865,-20.13964918,0],[-44.14648921,-20.13964894,0],[-44.14649174,-20.13964791,0],[-44.14649568,-20.13964713,0],[-44.14649962,-20.13964635,0],[-44.14650251,-20.13964575,0],[-44.14650539,-20.13964515,0],[-44.14651497,-20.13964326,0],[-44.14651541,-20.13964325,0],[-44.1465234,-20.13964395,0],[-44.14652563,-20.13964392,0],[-44.14653281,-20.13964414,0],[-44.14653396,-20.13964402,0],[-44.14653511,-20.13964389,0],[-44.14653844,-20.13964295,0],[-44.14654034,-20.13963979,0],[-44.1465437,-20.13963753,0],[-44.14654713,-20.13963719,0],[-44.1465502,-20.13963705,0],[-44.14655328,-20.13963692,0],[-44.14656283,-20.13963971,0],[-44.14656641,-20.13963743,0],[-44.14656931,-20.13963699,0],[-44.1465714,-20.13963604,0],[-44.14657349,-20.13963509,0],[-44.14657529,-20.13963409,0],[-44.14657729,-20.13962964,0],[-44.14658204,-20.13962564,0],[-44.1465823,-20.13962534,0],[-44.146583,-20.1396251,0],[-44.14658794,-20.13962163,0],[-44.1465912,-20.13962021,0],[-44.14659447,-20.13961878,0],[-44.14660067,-20.13961667,0],[-44.14660122,-20.13961642,0],[-44.14660188,-20.13961615,0],[-44.14660617,-20.13961179,0],[-44.14661084,-20.1396078,0],[-44.14661118,-20.13960748,0],[-44.14661175,-20.13960716,0],[-44.14661588,-20.13960289,0],[-44.14662045,-20.1396001,0],[-44.14662175,-20.1395994,0],[-44.14662525,-20.1395982,0],[-44.14662876,-20.13959701,0],[-44.14663003,-20.13959676,0],[-44.14663187,-20.13959649,0],[-44.14663574,-20.13959613,0],[-44.14663961,-20.13959577,0],[-44.14664335,-20.13959475,0],[-44.14664627,-20.1395939,0],[-44.14664919,-20.13959305,0],[-44.1466558,-20.13958931,0],[-44.1466578,-20.13958839,0],[-44.14665878,-20.13958816,0],[-44.14666007,-20.13958811,0],[-44.1466671,-20.13958818,0],[-44.14666835,-20.13958813,0],[-44.1466694,-20.13958837,0],[-44.14667673,-20.13959051,0],[-44.1466779,-20.13959081,0],[-44.14668046,-20.13959185,0],[-44.14668379,-20.13959291,0],[-44.14668745,-20.13959497,0],[-44.14669012,-20.13959598,0],[-44.14669385,-20.13959753,0],[-44.14669757,-20.13959909,0],[-44.14670625,-20.13959888,0],[-44.14670656,-20.13959891,0],[-44.14670699,-20.13959899,0],[-44.14671601,-20.13959875,0],[-44.14671985,-20.13959776,0],[-44.14672369,-20.13959676,0],[-44.14672571,-20.13959594,0],[-44.14673049,-20.13959752,0],[-44.14673526,-20.13959909,0],[-44.14673578,-20.13959922,0],[-44.14674187,-20.13960154,0],[-44.14674481,-20.13960206,0],[-44.14674942,-20.13960348,0],[-44.14674985,-20.13960356,0],[-44.14675437,-20.13960471,0],[-44.14675739,-20.13960464,0],[-44.14676042,-20.13960456,0],[-44.14676692,-20.13960509,0],[-44.14677028,-20.13959248,0],[-44.14677364,-20.13957987,0],[-44.14676818,-20.13957695,0],[-44.1467641,-20.13957414,0],[-44.14675543,-20.13957088,0],[-44.14675455,-20.13957039,0],[-44.14675195,-20.13956923,0],[-44.14674878,-20.13956811,0],[-44.14674549,-20.1395667,0],[-44.14674219,-20.13956528,0],[-44.14673403,-20.13956587,0],[-44.14672587,-20.13956646,0],[-44.14672243,-20.13956575,0],[-44.146719,-20.13956504,0],[-44.14671632,-20.13956427,0],[-44.14671541,-20.13956335,0],[-44.14671469,-20.13956248,0],[-44.14671279,-20.13955912,0],[-44.14671077,-20.13955627,0],[-44.14670874,-20.13955342,0],[-44.14670819,-20.13955212,0],[-44.14670684,-20.13954791,0],[-44.14670652,-20.13954583,0],[-44.14670621,-20.13954376,0],[-44.14670356,-20.13953502,0],[-44.14670092,-20.13952627,0],[-44.14670082,-20.13952305,0],[-44.14670052,-20.13951724,0],[-44.14669754,-20.13951408,0],[-44.14669456,-20.13951092,0],[-44.14669068,-20.13950815,0],[-44.14668902,-20.13950711,0],[-44.14667924,-20.13949906,0],[-44.14667882,-20.13949868,0],[-44.14667841,-20.1394983,0],[-44.14667398,-20.1394942,0],[-44.14666888,-20.13949021,0],[-44.1466684,-20.13949009,0],[-44.14666793,-20.13948997,0],[-44.14666798,-20.13948911,0],[-44.14666887,-20.13948543,0],[-44.14666977,-20.13948174,0],[-44.14667039,-20.13948095,0],[-44.146677,-20.13947956,0],[-44.1466788,-20.13947929,0],[-44.14668061,-20.13947902,0],[-44.14668434,-20.13947894,0],[-44.14668808,-20.13947887,0],[-44.14668922,-20.13947995,0],[-44.1466924,-20.13948148,0],[-44.14669558,-20.139483,0],[-44.14669762,-20.13948341,0],[-44.14670144,-20.13948472,0],[-44.1467028,-20.13948524,0],[-44.1467102,-20.13948731,0],[-44.14671426,-20.13948786,0],[-44.14672178,-20.13947866,0],[-44.1467293,-20.13946945,0],[-44.14672642,-20.13946598,0],[-44.14672483,-20.13946465,0],[-44.14671607,-20.1394615,0],[-44.14670732,-20.13945836,0],[-44.14670364,-20.13945957,0],[-44.14669949,-20.13946136,0],[-44.14669774,-20.13946205,0],[-44.14669295,-20.13946323,0],[-44.14668816,-20.13946441,0],[-44.14668786,-20.13946324,0],[-44.14668674,-20.1394598,0],[-44.14668562,-20.13945635,0],[-44.1466843,-20.13945309,0],[-44.14668299,-20.13944982,0],[-44.14668222,-20.13944821,0],[-44.14667805,-20.13944428,0],[-44.14667388,-20.13944035,0],[-44.14666917,-20.13943683,0],[-44.14666847,-20.13943643,0],[-44.14666581,-20.13943442,0],[-44.14666315,-20.13943241,0],[-44.14666044,-20.13943045,0],[-44.14665773,-20.13942848,0],[-44.14665547,-20.1394261,0],[-44.14665321,-20.13942372,0],[-44.14665078,-20.1394215,0],[-44.14664835,-20.13941928,0],[-44.14664403,-20.13941432,0],[-44.1466401,-20.13940901,0],[-44.14663617,-20.13940369,0],[-44.14663312,-20.13940205,0],[-44.14663007,-20.13940041,0],[-44.14662615,-20.13939957,0],[-44.14662223,-20.13939874,0],[-44.1466182,-20.13939905,0],[-44.14661416,-20.13939935,0],[-44.14661099,-20.13940191,0],[-44.14660783,-20.13940447,0],[-44.14660601,-20.13940491,0],[-44.14660163,-20.13940873,0],[-44.14659725,-20.13941254,0],[-44.14659274,-20.13941619,0],[-44.14659198,-20.13941659,0],[-44.14658896,-20.13941826,0],[-44.14658595,-20.13941993,0],[-44.14658315,-20.13942146,0],[-44.14657988,-20.13942244,0],[-44.1465766,-20.13942342,0],[-44.14657264,-20.13942712,0],[-44.14656867,-20.13943083,0],[-44.1465676,-20.13943875,0],[-44.14656753,-20.13944088,0],[-44.14656715,-20.1394443,0],[-44.14656385,-20.13945096,0],[-44.14656323,-20.13945274,0],[-44.14656296,-20.13945332,0],[-44.14655974,-20.1394585,0],[-44.14655715,-20.13946233,0],[-44.14655608,-20.13946409,0],[-44.14655185,-20.13946913,0],[-44.14654679,-20.13947339,0],[-44.14654459,-20.13947476,0],[-44.14654065,-20.13947661,0],[-44.146534,-20.13947934,0],[-44.14653041,-20.13948046,0],[-44.14652683,-20.13948159,0],[-44.14652542,-20.13948199,0],[-44.14652243,-20.1394828,0],[-44.14651944,-20.13948362,0],[-44.14651584,-20.13948402,0],[-44.14651141,-20.13948436,0],[-44.14651082,-20.13948447,0],[-44.14650626,-20.13948473,0],[-44.14649326,-20.13948334,0],[-44.14648842,-20.13948126,0],[-44.14648715,-20.13948098,0],[-44.14648654,-20.13948064,0],[-44.14648589,-20.13948005,0],[-44.14648062,-20.13947718,0],[-44.14647762,-20.13947513,0],[-44.1464752,-20.13947326,0],[-44.14647295,-20.13947086,0],[-44.1464707,-20.13946847,0],[-44.1464681,-20.13946543,0],[-44.14646635,-20.13946355,0],[-44.14646557,-20.13946188,0],[-44.14646285,-20.13945783,0],[-44.14646223,-20.13945627,0],[-44.14646054,-20.13945282,0],[-44.14645862,-20.13944995,0],[-44.14645513,-20.13944706,0],[-44.14645272,-20.13944375,0],[-44.14645052,-20.13944239,0],[-44.1464491,-20.1394414,0],[-44.14644476,-20.13943879,0],[-44.14644132,-20.13943466,0],[-44.14643957,-20.13943331,0],[-44.14643281,-20.13943197,0],[-44.14643002,-20.13943131,0],[-44.14642728,-20.13943201,0],[-44.14642306,-20.1394321,0],[-44.14642098,-20.1394326,0],[-44.1464189,-20.13943309,0],[-44.14641548,-20.13943453,0],[-44.14641346,-20.13943698,0],[-44.14641085,-20.13943801,0],[-44.14640125,-20.13944217,0],[-44.14640015,-20.13944245,0],[-44.14639711,-20.13944348,0],[-44.14639383,-20.1394455,0],[-44.14639167,-20.13944625,0],[-44.14638209,-20.139448,0],[-44.14637252,-20.1394477,0],[-44.14636867,-20.13944698,0],[-44.14636297,-20.13944575,0],[-44.14636112,-20.13944505,0],[-44.14635774,-20.13944329,0],[-44.14635468,-20.13944208,0],[-44.14635342,-20.13944152,0],[-44.14634919,-20.13943822,0],[-44.14634608,-20.13943419,0],[-44.14634488,-20.13943326,0],[-44.1463439,-20.1394326,0],[-44.1463419,-20.13943229,0],[-44.14633674,-20.13943188,0],[-44.14633434,-20.13943144,0],[-44.14633163,-20.13943157,0],[-44.1463264,-20.13943256,0],[-44.14632477,-20.13943266,0],[-44.1463231,-20.1394325,0],[-44.14631687,-20.13943248,0],[-44.1463152,-20.13943228,0],[-44.14631264,-20.13943161,0],[-44.14630894,-20.1394309,0],[-44.14630565,-20.13942982,0],[-44.14630221,-20.1394282,0],[-44.14629707,-20.13942492,0],[-44.14629646,-20.13942458,0],[-44.14629611,-20.13942433,0],[-44.14629159,-20.13942015,0],[-44.14628792,-20.13941584,0],[-44.14628741,-20.13941507,0],[-44.14628382,-20.13940678,0],[-44.14628214,-20.13939774,0],[-44.14628306,-20.13938871,0],[-44.14628678,-20.13938148,0],[-44.14628721,-20.1393801,0],[-44.14628727,-20.13937969,0],[-44.14628739,-20.13937913,0],[-44.14628943,-20.13937313,0],[-44.14628981,-20.13937067,0],[-44.14629049,-20.13936724,0],[-44.14629061,-20.13936517,0],[-44.14629157,-20.13936164,0],[-44.14629215,-20.13935756,0],[-44.1462929,-20.13935599,0],[-44.14629375,-20.13935262,0],[-44.14629369,-20.13934995,0],[-44.14629449,-20.13934552,0],[-44.14629442,-20.13934359,0],[-44.14628862,-20.13934202,0],[-44.14628699,-20.13934116,0],[-44.1462829,-20.13933966,0],[-44.14628176,-20.13933944,0],[-44.14627745,-20.13933653,0],[-44.14627574,-20.13933608,0],[-44.14626813,-20.13933465,0],[-44.14626789,-20.13933466,0],[-44.14626764,-20.13933466,0],[-44.14626084,-20.13933677,0],[-44.14625831,-20.13933737,0],[-44.14624875,-20.13933728,0],[-44.14624633,-20.13933661,0],[-44.14624136,-20.13933429,0],[-44.14623969,-20.13933382,0],[-44.1462392,-20.13933363,0],[-44.14623541,-20.13933067,0],[-44.1462343,-20.13932987,0],[-44.14623387,-20.1393292,0],[-44.14623092,-20.13932521,0],[-44.14623017,-20.13932474,0],[-44.14622968,-20.13932446,0],[-44.14622878,-20.13932435,0],[-44.14622039,-20.13932516,0],[-44.14622025,-20.1393252,0],[-44.14622011,-20.13932525,0],[-44.14622003,-20.13932523,0],[-44.14621992,-20.13932515,0],[-44.14621259,-20.13932319,0],[-44.14621056,-20.13932176,0],[-44.1462074,-20.13931906,0],[-44.14620555,-20.13931605,0],[-44.1462029,-20.13931428,0],[-44.14619796,-20.1393099,0],[-44.14619652,-20.13930697,0],[-44.14619389,-20.13930472,0],[-44.14619153,-20.13930288,0],[-44.14618775,-20.13930146,0],[-44.14618365,-20.13929787,0],[-44.146182,-20.13929622,0],[-44.14617753,-20.13929361,0],[-44.14617712,-20.13929343,0],[-44.14617648,-20.13929261,0],[-44.14617319,-20.13928878,0],[-44.14617294,-20.13928835,0],[-44.14617248,-20.13928715,0],[-44.14617016,-20.13928195,0],[-44.14616929,-20.13927973,0],[-44.14616656,-20.13927068,0],[-44.14616304,-20.1392643,0],[-44.14616181,-20.13926279,0],[-44.1461611,-20.13926162,0],[-44.14615783,-20.13925752,0],[-44.14615475,-20.13925255,0],[-44.14615416,-20.13925196,0],[-44.14615354,-20.13925142,0],[-44.14615087,-20.13925001,0],[-44.14614806,-20.13924867,0],[-44.146144,-20.13924597,0],[-44.14614177,-20.13924556,0],[-44.14613444,-20.13924452,0],[-44.14613322,-20.13924456,0],[-44.14612676,-20.13924517,0],[-44.14612487,-20.13924523,0],[-44.14612168,-20.1392494,0],[-44.14611776,-20.13925237,0],[-44.14611663,-20.13925366,0],[-44.14611525,-20.13925434,0],[-44.14611308,-20.1392544,0],[-44.14610746,-20.139254,0],[-44.14610569,-20.13925406,0],[-44.14610412,-20.13925378,0],[-44.14610014,-20.13925229,0],[-44.14609685,-20.13925159,0],[-44.14609614,-20.13925133,0],[-44.14609412,-20.13925035,0],[-44.14609026,-20.13924877,0],[-44.14608466,-20.13924501,0],[-44.14608339,-20.13924317,0],[-44.14607947,-20.13924087,0],[-44.14607707,-20.13923906,0],[-44.14607346,-20.1392375,0],[-44.1460696,-20.13923407,0],[-44.14606843,-20.13923321,0],[-44.14606754,-20.13923225,0],[-44.14606342,-20.13922891,0],[-44.14606076,-20.13922499,0],[-44.14605949,-20.13922359,0],[-44.14605803,-20.13922033,0],[-44.14605599,-20.13921787,0],[-44.14605503,-20.13921592,0],[-44.14604873,-20.13920686,0],[-44.14604861,-20.1392068,0],[-44.14604854,-20.13920673,0],[-44.14604827,-20.1392066,0],[-44.14604172,-20.13920424,0],[-44.146039,-20.13920167,0],[-44.1460366,-20.13920004,0],[-44.1460346,-20.13919775,0],[-44.14602947,-20.13919412,0],[-44.14602537,-20.13919256,0],[-44.146024,-20.13919253,0],[-44.14601992,-20.13919163,0],[-44.14601035,-20.13919162,0],[-44.14600078,-20.13919226,0],[-44.14599121,-20.1391934,0],[-44.14598687,-20.13919342,0],[-44.14598591,-20.13919348,0],[-44.14598164,-20.13919352,0],[-44.14597725,-20.13919259,0],[-44.14597591,-20.13919205,0],[-44.14597209,-20.13919093,0],[-44.14597034,-20.13919006,0],[-44.14596878,-20.1391884,0],[-44.14596537,-20.13918572,0],[-44.14596038,-20.13918139,0],[-44.14595658,-20.13917596,0],[-44.14595456,-20.13917167,0],[-44.14595356,-20.13916978,0],[-44.14595308,-20.13916836,0],[-44.14595048,-20.13916367,0],[-44.14594989,-20.1391612,0],[-44.14594803,-20.13915698,0],[-44.1459478,-20.13915614,0],[-44.14594639,-20.13915215,0],[-44.14594363,-20.13914647,0],[-44.14594205,-20.13914459,0],[-44.14593879,-20.13913864,0],[-44.14593869,-20.13913837,0],[-44.14593681,-20.13913403,0],[-44.14593576,-20.13913249,0],[-44.14593414,-20.13913098,0],[-44.1459246,-20.13912598,0],[-44.14591536,-20.13912459,0],[-44.14591504,-20.13912455,0],[-44.14591468,-20.13912454,0],[-44.14590613,-20.13912547,0],[-44.14590547,-20.13912564,0],[-44.14590476,-20.13912551,0],[-44.14590284,-20.13912483,0],[-44.14589752,-20.13912328,0],[-44.14589592,-20.13912269,0],[-44.14589116,-20.13912024,0],[-44.14588638,-20.13911694,0],[-44.14588504,-20.13911697,0],[-44.1458773,-20.13911567,0],[-44.14587686,-20.13911563,0],[-44.1458768,-20.13911561,0],[-44.14587675,-20.1391156,0],[-44.14586734,-20.13911554,0],[-44.14586726,-20.13911549,0],[-44.14586718,-20.13911554,0],[-44.14586684,-20.13911562,0],[-44.14585971,-20.13911751,0],[-44.14585768,-20.13911783,0],[-44.14585498,-20.13911811,0],[-44.14585148,-20.13911873,0],[-44.1458481,-20.13911902,0],[-44.14584471,-20.13911872,0],[-44.1458418,-20.13911858,0],[-44.14583854,-20.1391183,0],[-44.14582973,-20.13911544,0],[-44.14582913,-20.1391153,0],[-44.14582899,-20.13911528,0],[-44.14581944,-20.13911091,0],[-44.14581654,-20.13910909,0],[-44.14581084,-20.13910631,0],[-44.14581013,-20.13910609,0],[-44.1458099,-20.13910606,0],[-44.14580972,-20.13910613,0],[-44.14580934,-20.1391063,0],[-44.14580447,-20.1391102,0],[-44.14580029,-20.13911427,0],[-44.1457989,-20.13911529,0],[-44.14579528,-20.1391196,0],[-44.14579067,-20.13912392,0],[-44.14579044,-20.13912406,0],[-44.14579003,-20.13912428,0],[-44.14578471,-20.13912768,0],[-44.14578107,-20.13912944,0],[-44.14577854,-20.13913087,0],[-44.14577222,-20.13913393,0],[-44.14577148,-20.13913419,0],[-44.14576623,-20.13913729,0],[-44.14576188,-20.13914013,0],[-44.14575778,-20.13914219,0],[-44.14575444,-20.1391442,0],[-44.14575229,-20.13914522,0],[-44.14574774,-20.13914643,0],[-44.14574738,-20.13914655,0],[-44.14574271,-20.13914762,0],[-44.14573935,-20.13914797,0],[-44.14573629,-20.13914815,0],[-44.14572356,-20.13914923,0],[-44.14572187,-20.13914946,0],[-44.14571479,-20.13915102,0],[-44.14571417,-20.13915119,0],[-44.14570744,-20.13915386,0],[-44.14570439,-20.13915531,0],[-44.14570048,-20.1391563,0],[-44.14569714,-20.13915778,0],[-44.14569481,-20.13915859,0],[-44.14569199,-20.13915728,0],[-44.14568925,-20.13915616,0],[-44.14568527,-20.13915384,0],[-44.14567569,-20.13915626,0],[-44.14567282,-20.13915354,0],[-44.14567125,-20.13915081,0],[-44.14566884,-20.13914827,0],[-44.14566619,-20.13914295,0],[-44.14566574,-20.13914175,0],[-44.14566168,-20.13913698,0],[-44.14565755,-20.13913267,0],[-44.14565668,-20.13913194,0],[-44.14565224,-20.13912783,0],[-44.14564833,-20.13912359,0],[-44.14564775,-20.13912304,0],[-44.14564717,-20.13912238,0],[-44.14564368,-20.13911786,0],[-44.14564146,-20.13911452,0],[-44.1456399,-20.1391124,0],[-44.14563768,-20.13910885,0],[-44.14563614,-20.13910692,0],[-44.14563521,-20.13910546,0],[-44.14563262,-20.13909641,0],[-44.14563336,-20.13907834,0],[-44.14563054,-20.1390762,0],[-44.1456283,-20.13907407,0],[-44.14562536,-20.13907205,0],[-44.14562326,-20.13906926,0],[-44.14562087,-20.13906726,0],[-44.14561607,-20.13906275,0],[-44.14561432,-20.13906018,0],[-44.14561165,-20.1390579,0],[-44.14560926,-20.13905611,0],[-44.14560581,-20.13905437,0],[-44.14560049,-20.13905107,0],[-44.14559997,-20.13905083,0],[-44.14559972,-20.13905074,0],[-44.14559017,-20.13904815,0],[-44.14558061,-20.13904643,0],[-44.14557606,-20.13904666,0],[-44.14557548,-20.13904676,0],[-44.14557104,-20.13904704,0],[-44.14556759,-20.13904766,0],[-44.14556384,-20.13904865,0],[-44.14556146,-20.13904915,0],[-44.14555189,-20.13905029,0],[-44.14554232,-20.13905001,0],[-44.1455414,-20.13904991,0],[-44.14553283,-20.13905074,0],[-44.14553276,-20.13905076,0],[-44.14553275,-20.13905077,0],[-44.14552906,-20.13905631,0],[-44.1455255,-20.13905974,0],[-44.14552423,-20.13906078,0],[-44.14552313,-20.13906143,0],[-44.1455194,-20.13906322,0],[-44.14551804,-20.13906396,0],[-44.14551353,-20.13906563,0],[-44.1455107,-20.13906603,0],[-44.14550396,-20.13906677,0],[-44.14549998,-20.13906488,0],[-44.14549885,-20.13906445,0],[-44.14549442,-20.13906139,0],[-44.14549032,-20.13906475,0],[-44.14548482,-20.1390683,0],[-44.14548469,-20.13906846,0],[-44.14548456,-20.13906858,0],[-44.14548402,-20.13906933,0],[-44.14548095,-20.13907397,0],[-44.14547729,-20.13907758,0],[-44.14547642,-20.13907873,0],[-44.14547519,-20.13907986,0],[-44.14547172,-20.13908333,0],[-44.14546746,-20.13908657,0],[-44.14546655,-20.13908748,0],[-44.14546136,-20.13909161,0],[-44.14545597,-20.13909523,0],[-44.14545576,-20.13909535,0],[-44.14545538,-20.13909555,0],[-44.14545026,-20.13909919,0],[-44.14544637,-20.13910157,0],[-44.14544425,-20.13910253,0],[-44.14543907,-20.1391045,0],[-44.14543674,-20.13911199,0],[-44.14543568,-20.13911252,0],[-44.14542999,-20.13911084,0],[-44.14542718,-20.13911125,0],[-44.14542273,-20.13910925,0],[-44.14542216,-20.13910918,0],[-44.14542177,-20.13910833,0],[-44.14541892,-20.13910441,0],[-44.14541794,-20.13910413,0],[-44.14541723,-20.139104,0],[-44.14541638,-20.13910439,0],[-44.14541547,-20.13910644,0],[-44.14541428,-20.13911027,0],[-44.14541207,-20.13911341,0],[-44.14541495,-20.13911591,0],[-44.14542052,-20.13911622,0],[-44.14542452,-20.13911595,0],[-44.14542715,-20.13911612,0],[-44.14543027,-20.13911644,0],[-44.14543542,-20.13911476,0],[-44.14543673,-20.13911514,0],[-44.14543814,-20.13912121,0],[-44.14543817,-20.13912257,0],[-44.14543763,-20.13912347,0],[-44.14543668,-20.13912441,0],[-44.14543266,-20.13912632,0],[-44.14543155,-20.13912674,0],[-44.14542624,-20.13913076,0],[-44.14542599,-20.13913155,0],[-44.14542166,-20.13913547,0],[-44.14541746,-20.139139,0],[-44.14541546,-20.13913864,0],[-44.14540795,-20.13914043,0],[-44.14540789,-20.1391404,0],[-44.14540771,-20.13914033,0],[-44.14539867,-20.13914012,0],[-44.14539832,-20.13913943,0],[-44.14539808,-20.13914022,0],[-44.14539815,-20.13914045,0],[-44.14539818,-20.13914058,0],[-44.14539853,-20.13914924,0],[-44.14539841,-20.13914948,0],[-44.14539847,-20.13914967,0],[-44.14539827,-20.13914988,0],[-44.14539583,-20.13915623,0],[-44.14539547,-20.13915851,0],[-44.14539515,-20.13916139,0],[-44.14539548,-20.13916499,0],[-44.14539504,-20.13916754,0],[-44.14539577,-20.1391698,0],[-44.14539813,-20.13917492,0],[-44.14539982,-20.13917501,0],[-44.14539984,-20.1391766,0],[-44.14539879,-20.13917722,0],[-44.14539811,-20.13917891,0],[-44.14539651,-20.13918413,0],[-44.14539639,-20.13918562,0],[-44.14539668,-20.13918693,0],[-44.14539801,-20.13919465,0],[-44.14539802,-20.13919466,0],[-44.14539804,-20.13919467,0],[-44.14540468,-20.13919742,0],[-44.14540757,-20.1391978,0],[-44.14541069,-20.1392008,0],[-44.14541204,-20.13920376,0],[-44.14541382,-20.13920686,0],[-44.14541707,-20.13921068,0],[-44.14541798,-20.13921196,0],[-44.14541835,-20.13921283,0],[-44.14542775,-20.13922081,0],[-44.14542869,-20.13922192,0],[-44.14543048,-20.13922563,0],[-44.14543094,-20.13922682,0],[-44.14543366,-20.13923098,0],[-44.14543425,-20.13923272,0],[-44.14543607,-20.13923563,0],[-44.1454375,-20.13923867,0],[-44.14543847,-20.13924004,0],[-44.145441,-20.13924438,0],[-44.14544551,-20.13924911,0],[-44.14544554,-20.13924913,0],[-44.14544556,-20.13924916,0],[-44.1454494,-20.13925451,0],[-44.1454536,-20.13925818,0],[-44.14545443,-20.1392588,0],[-44.14545508,-20.13925913,0],[-44.14545605,-20.13925911,0],[-44.14545806,-20.1392582,0],[-44.14546306,-20.13925672,0],[-44.14546688,-20.13925615,0],[-44.1454725,-20.13925664,0],[-44.14547423,-20.13925611,0],[-44.14547831,-20.13925311,0],[-44.14547836,-20.13924927,0],[-44.14547933,-20.13924499,0],[-44.14547939,-20.13924446,0],[-44.14548019,-20.13924024,0],[-44.145482,-20.13923846,0],[-44.1454839,-20.13923717,0],[-44.14548771,-20.13923483,0],[-44.14548941,-20.13923125,0],[-44.14549081,-20.1392287,0],[-44.14549353,-20.13922592,0],[-44.1454959,-20.13922448,0],[-44.14549772,-20.13922225,0],[-44.14550079,-20.13922006,0],[-44.14550314,-20.1392185,0],[-44.14550732,-20.13921835,0],[-44.14550868,-20.1392185,0],[-44.1455127,-20.13921828,0],[-44.14551562,-20.13921958,0],[-44.14551734,-20.13922235,0],[-44.14551563,-20.13922514,0],[-44.14551264,-20.13922951,0],[-44.14551174,-20.1392305,0],[-44.1455117,-20.13923136,0],[-44.14550915,-20.13924038,0],[-44.14550298,-20.13924767,0],[-44.14550145,-20.13924794,0],[-44.14549935,-20.13924937,0],[-44.14549556,-20.1392514,0],[-44.14549338,-20.13925328,0],[-44.14548974,-20.13925493,0],[-44.14548424,-20.13925833,0],[-44.14548416,-20.13925868,0],[-44.14548657,-20.13926472,0],[-44.14548635,-20.13926738,0],[-44.14548925,-20.1392712,0],[-44.14549327,-20.13927359,0],[-44.14549497,-20.13927484,0],[-44.14549701,-20.13927646,0],[-44.14549904,-20.13928002,0],[-44.14550278,-20.13928464,0],[-44.1455032,-20.13928512,0],[-44.14550385,-20.13928553,0],[-44.14550499,-20.13929457,0],[-44.1455041,-20.13929588,0],[-44.14550269,-20.13930019,0],[-44.14550207,-20.13930303,0],[-44.14550207,-20.13930359,0],[-44.14550133,-20.13930485,0],[-44.14549913,-20.1393093,0],[-44.14549635,-20.1393126,0],[-44.14549604,-20.13931543,0],[-44.14549611,-20.13931873,0],[-44.14549585,-20.13932164,0],[-44.14549423,-20.13932278,0],[-44.145493,-20.13932304,0],[-44.1454915,-20.13932303,0],[-44.14548399,-20.1393221,0],[-44.14548344,-20.1393221,0],[-44.14547387,-20.13932275,0],[-44.14546429,-20.13932394,0],[-44.14546237,-20.13932329,0],[-44.14545579,-20.13932046,0],[-44.14545475,-20.13932029,0],[-44.14545294,-20.13931972,0],[-44.14544792,-20.13931882,0],[-44.14544519,-20.13931748,0],[-44.14544045,-20.13931681,0],[-44.14544035,-20.13931679,0],[-44.14543563,-20.13931604,0],[-44.14543155,-20.13931614,0],[-44.14543025,-20.13931623,0],[-44.14542606,-20.13931633,0],[-44.14542378,-20.13931914,0],[-44.14542236,-20.13932128,0],[-44.14541925,-20.13932391,0],[-44.14541645,-20.13932525,0],[-44.14541214,-20.1393262,0],[-44.14541064,-20.1393267,0],[-44.14540687,-20.13932772,0],[-44.14540411,-20.13932762,0],[-44.14539899,-20.1393286,0],[-44.1453973,-20.13932851,0],[-44.145396,-20.13932896,0],[-44.14539429,-20.13933018,0],[-44.14538965,-20.13933199,0],[-44.14538771,-20.1393325,0],[-44.1453835,-20.13933409,0],[-44.14538276,-20.1393345,0],[-44.14537812,-20.13933539,0],[-44.145375,-20.13933618,0],[-44.14536957,-20.13933909,0],[-44.14536908,-20.1393396,0],[-44.14536853,-20.13933984,0],[-44.14536764,-20.13933993,0],[-44.14536144,-20.1393414,0],[-44.14535896,-20.13934157,0],[-44.14535579,-20.13934202,0],[-44.1453528,-20.13934224,0],[-44.14534938,-20.13934281,0],[-44.14534464,-20.13934345,0],[-44.14534454,-20.13934344,0],[-44.1453368,-20.13934513,0],[-44.14533115,-20.13934706,0],[-44.14532973,-20.13934747,0],[-44.145321,-20.13934822,0],[-44.14532065,-20.13934818,0],[-44.14532028,-20.13934824,0],[-44.1453111,-20.13934783,0],[-44.14531107,-20.13934783,0],[-44.14531105,-20.13934784,0],[-44.14530589,-20.13935197,0],[-44.14529984,-20.13935528,0],[-44.14529837,-20.13935682,0],[-44.14529457,-20.13935934,0],[-44.14528722,-20.13936117,0],[-44.145287,-20.13936119,0],[-44.1452823,-20.13936286,0],[-44.14527952,-20.13936314,0],[-44.14527273,-20.13936366,0],[-44.14527056,-20.13936367,0],[-44.14526482,-20.13936412,0],[-44.14526316,-20.13936413,0],[-44.14526217,-20.13936474,0],[-44.14525569,-20.13936765,0],[-44.14525357,-20.13936819,0],[-44.14524915,-20.13937049,0],[-44.14524397,-20.13937407,0],[-44.14524333,-20.13937402,0],[-44.14523889,-20.1393746,0],[-44.14523482,-20.13937498,0],[-44.1452344,-20.1393751,0],[-44.14523386,-20.13937508,0],[-44.14522571,-20.13937537,0],[-44.14522483,-20.13937534,0],[-44.14522411,-20.13937521,0],[-44.14522211,-20.13937452,0],[-44.14521743,-20.13937246,0],[-44.14521528,-20.13937215,0],[-44.14520571,-20.13937136,0],[-44.1452029,-20.13937177,0],[-44.14519789,-20.13937275,0],[-44.14519614,-20.13937303,0],[-44.14518657,-20.13937355,0],[-44.14518589,-20.1393737,0],[-44.14518472,-20.13937434,0],[-44.1451794,-20.1393766,0],[-44.14517698,-20.13937713,0],[-44.14516741,-20.13937816,0],[-44.1451639,-20.13937755,0],[-44.14515982,-20.13937607,0],[-44.14515785,-20.1393756,0],[-44.14515464,-20.13937419,0],[-44.14515052,-20.13937208,0],[-44.14513877,-20.13936732,0],[-44.1451292,-20.13936742,0],[-44.14512687,-20.13936722,0],[-44.14512083,-20.13936612,0],[-44.14511964,-20.139366,0],[-44.14511902,-20.13936556,0],[-44.1451134,-20.13936184,0],[-44.1451101,-20.13936077,0],[-44.14510561,-20.13936012,0],[-44.14510498,-20.13936008,0],[-44.14510054,-20.13935951,0],[-44.14509097,-20.13936014,0],[-44.14508669,-20.13936079,0],[-44.145085,-20.13936142,0],[-44.14508139,-20.13936224,0],[-44.1450768,-20.13936478,0],[-44.14507458,-20.1393674,0],[-44.14507178,-20.13936932,0],[-44.14506883,-20.13937099,0],[-44.14506372,-20.13937232,0],[-44.1450622,-20.13937288,0],[-44.14506145,-20.13937304,0],[-44.14505943,-20.13937373,0],[-44.14505627,-20.13937718,0],[-44.14505259,-20.13938053,0],[-44.14505165,-20.13938185,0],[-44.14504524,-20.13938482,0],[-44.14504299,-20.13938575,0],[-44.14503973,-20.13938864,0],[-44.14503408,-20.13939103,0],[-44.14503339,-20.13939139,0],[-44.14503304,-20.13939134,0],[-44.14502401,-20.1393918,0],[-44.14502382,-20.13939188,0],[-44.14502331,-20.13939211,0],[-44.14501787,-20.13939503,0],[-44.14501423,-20.13939615,0],[-44.14501035,-20.13939693,0],[-44.14500845,-20.139397,0],[-44.14500198,-20.13939803,0],[-44.14499605,-20.13940053,0],[-44.14499506,-20.13940363,0],[-44.14499383,-20.13940841,0],[-44.14499287,-20.13940955,0],[-44.14498717,-20.13941115,0],[-44.14498545,-20.1394114,0],[-44.14498273,-20.13941206,0],[-44.14497971,-20.13941311,0],[-44.14497587,-20.1394138,0],[-44.14497201,-20.13941484,0],[-44.14496789,-20.13941694,0],[-44.14496566,-20.13941787,0],[-44.14496447,-20.13941845,0],[-44.14495919,-20.13942078,0],[-44.14495669,-20.13942138,0],[-44.1449471,-20.13942549,0],[-44.14494521,-20.1394256,0],[-44.14493984,-20.13942519,0],[-44.14493753,-20.13942528,0],[-44.14493559,-20.1394255,0],[-44.14492952,-20.13942585,0],[-44.14492796,-20.139426,0],[-44.14492679,-20.13942619,0],[-44.14492237,-20.13942728,0],[-44.14491963,-20.13942845,0],[-44.14491838,-20.13942884,0],[-44.14491626,-20.13942924,0],[-44.14491144,-20.13942971,0],[-44.1449088,-20.13943036,0],[-44.14490493,-20.13943258,0],[-44.14489969,-20.1394362,0],[-44.1448994,-20.13943638,0],[-44.1448992,-20.13943646,0],[-44.14489886,-20.13943652,0],[-44.14489192,-20.13943833,0],[-44.14488962,-20.13943868,0],[-44.14488499,-20.1394405,0],[-44.14488476,-20.13944058,0],[-44.14488003,-20.13944286,0],[-44.14487866,-20.13944384,0],[-44.14487704,-20.13944513,0],[-44.14487297,-20.1394475,0],[-44.14487044,-20.13944843,0],[-44.14486601,-20.13944925,0],[-44.14486532,-20.13944928,0],[-44.14486086,-20.13945049,0],[-44.14485768,-20.13945107,0],[-44.14485394,-20.13945154,0],[-44.14484171,-20.13945358,0],[-44.14484144,-20.13945374,0],[-44.14483527,-20.13945693,0],[-44.14483211,-20.13945798,0],[-44.14482741,-20.13945852,0],[-44.14482711,-20.13945864,0],[-44.14482254,-20.13945959,0],[-44.14481295,-20.13946269,0],[-44.14481282,-20.13946276,0],[-44.14481257,-20.13946288,0],[-44.14480337,-20.13946588,0],[-44.14479906,-20.13946779,0],[-44.1447957,-20.13947184,0],[-44.14479464,-20.13947266,0],[-44.14479376,-20.13947293,0],[-44.14479253,-20.13947299,0],[-44.14478465,-20.13947221,0],[-44.1447842,-20.13947224,0],[-44.14478345,-20.13947249,0],[-44.14477726,-20.13947424,0],[-44.14477462,-20.13947529,0],[-44.14477084,-20.1394772,0],[-44.14476795,-20.13947798,0],[-44.14476503,-20.13947905,0],[-44.14476364,-20.13947941,0],[-44.14475987,-20.1394807,0],[-44.14475694,-20.1394821,0],[-44.14475544,-20.13948259,0],[-44.14475136,-20.13948451,0],[-44.14475037,-20.13948491,0],[-44.14474585,-20.13948762,0],[-44.14474447,-20.13948836,0],[-44.14473651,-20.13948985,0],[-44.14473627,-20.13948993,0],[-44.14472451,-20.13949657,0],[-44.14471708,-20.13949879,0],[-44.1447103,-20.13950117,0],[-44.1447075,-20.13950231,0],[-44.14470329,-20.13950357,0],[-44.14470188,-20.13950378,0],[-44.14469792,-20.13950472,0],[-44.1446958,-20.1395055,0],[-44.14468949,-20.13950856,0],[-44.14468833,-20.13950889,0],[-44.14467874,-20.13951265,0],[-44.14467452,-20.13951244,0],[-44.14467352,-20.13951232,0],[-44.14466917,-20.13951213,0],[-44.14466467,-20.1395116,0],[-44.14466393,-20.13951142,0],[-44.14465962,-20.13951078,0],[-44.14465508,-20.13951205,0],[-44.14465168,-20.13951632,0],[-44.14465104,-20.13951728,0],[-44.14464611,-20.13952166,0],[-44.14464384,-20.13952531,0],[-44.14464219,-20.139527,0],[-44.14464038,-20.13952832,0],[-44.144637,-20.13952847,0],[-44.14463415,-20.13952841,0],[-44.14463082,-20.13952859,0],[-44.14462123,-20.1395315,0],[-44.14461878,-20.13953192,0],[-44.14461291,-20.1395342,0],[-44.14461228,-20.1395346,0],[-44.14461165,-20.139535,0],[-44.14460828,-20.13954006,0],[-44.14460727,-20.13954321,0],[-44.14460474,-20.13954577,0],[-44.14460201,-20.13954723,0],[-44.14459959,-20.13954748,0],[-44.14459716,-20.13954774,0],[-44.14459244,-20.13954849,0],[-44.14458869,-20.13955031,0],[-44.14458493,-20.13955213,0],[-44.1445835,-20.13955274,0],[-44.14458285,-20.139553,0],[-44.14457709,-20.13955571,0],[-44.14457325,-20.13955796,0],[-44.14457092,-20.13955952,0],[-44.14456859,-20.13956109,0],[-44.14456538,-20.1395627,0],[-44.14455952,-20.1395662,0],[-44.14455513,-20.13957006,0],[-44.14455455,-20.13957053,0],[-44.14455191,-20.13957256,0],[-44.14454927,-20.13957458,0],[-44.14454444,-20.13957775,0],[-44.1445432,-20.13957839,0],[-44.14454195,-20.13957903,0],[-44.14453782,-20.13958182,0],[-44.14453484,-20.13958447,0],[-44.14453196,-20.13958531,0],[-44.14452854,-20.13958665,0],[-44.14452512,-20.13958799,0],[-44.14451942,-20.13959151,0],[-44.14451565,-20.13959447,0],[-44.14451345,-20.13959571,0],[-44.14451125,-20.13959695,0],[-44.14450865,-20.1395983,0],[-44.14450605,-20.13959964,0],[-44.14450171,-20.13960186,0],[-44.14449865,-20.13960389,0],[-44.14449559,-20.13960591,0],[-44.14448685,-20.13961204,0],[-44.14448544,-20.13961347,0],[-44.14448403,-20.13961489,0],[-44.14448071,-20.13961815,0],[-44.14447723,-20.13962181,0],[-44.14447605,-20.13962278,0],[-44.14447162,-20.13962764,0],[-44.14449087,-20.13964601,0],[-44.14451013,-20.13966438,0],[-44.14451528,-20.13966162,0],[-44.14451615,-20.13966104,0],[-44.14451763,-20.13966024,0],[-44.14452187,-20.13965742,0],[-44.14452488,-20.13965611,0],[-44.14452811,-20.1396543,0],[-44.14453456,-20.13965136,0],[-44.144541,-20.13964843,0],[-44.14454407,-20.13964643,0],[-44.14455151,-20.13964233,0],[-44.14455366,-20.13964131,0],[-44.14456411,-20.13963415,0],[-44.14457287,-20.13962869,0],[-44.14458098,-20.1396244,0],[-44.14458189,-20.13962387,0],[-44.14458495,-20.13962225,0],[-44.144588,-20.13962062,0],[-44.14459206,-20.13961863,0],[-44.14459455,-20.13961778,0],[-44.1445981,-20.13961621,0],[-44.14460164,-20.13961464,0],[-44.14460355,-20.13961368,0],[-44.14460786,-20.13961051,0],[-44.14461217,-20.13960735,0],[-44.14461359,-20.13960649,0],[-44.14461877,-20.13960456,0],[-44.14462084,-20.13960361,0],[-44.14462476,-20.13960285,0],[-44.14462759,-20.13960225,0],[-44.14463042,-20.13960166,0],[-44.14463377,-20.13960071,0],[-44.14463754,-20.13959989,0],[-44.14464,-20.13959927,0],[-44.14464136,-20.13959887,0],[-44.14464879,-20.13959836,0],[-44.14464957,-20.13959821,0],[-44.14465015,-20.13959817,0],[-44.14465462,-20.13959765,0],[-44.14465832,-20.13959689,0],[-44.14465915,-20.13959689,0],[-44.14466873,-20.13959469,0],[-44.1446733,-20.13959302,0],[-44.14467377,-20.13959299,0],[-44.14467831,-20.13959193,0],[-44.14468027,-20.13959059,0],[-44.14468432,-20.13958876,0],[-44.1446863,-20.13958726,0],[-44.1446879,-20.13958681,0],[-44.14469747,-20.13958668,0],[-44.14470708,-20.13957984,0],[-44.14470712,-20.1395798,0],[-44.14471141,-20.13957489,0],[-44.14471281,-20.13957447,0],[-44.14471668,-20.1395726,0],[-44.14471793,-20.13957173,0],[-44.14471917,-20.13957086,0],[-44.14472156,-20.13956641,0],[-44.14472647,-20.13956201,0],[-44.14472668,-20.13956186,0],[-44.14473154,-20.13955777,0],[-44.14473591,-20.13955529,0],[-44.1447377,-20.13955456,0],[-44.14474391,-20.13955291,0],[-44.14474508,-20.13955253,0],[-44.14474549,-20.13955233,0],[-44.14475508,-20.13954988,0],[-44.14475896,-20.1395476,0],[-44.14476159,-20.13954686,0],[-44.14476467,-20.13954566,0],[-44.14476602,-20.13954525,0],[-44.14477241,-20.13954401,0],[-44.14477425,-20.13954357,0],[-44.14478383,-20.13954079,0],[-44.14478802,-20.139539,0],[-44.14479342,-20.1395369,0],[-44.14479528,-20.13953684,0],[-44.14480213,-20.13953593,0],[-44.14480299,-20.1395359,0],[-44.14480366,-20.13953576,0],[-44.14480609,-20.13953514,0],[-44.14482215,-20.13953196,0],[-44.14482614,-20.13953146,0],[-44.14482763,-20.13953139,0],[-44.14483172,-20.13953077,0],[-44.14483513,-20.13952946,0],[-44.14484044,-20.13952627,0],[-44.14484102,-20.139526,0],[-44.14484197,-20.13952566,0],[-44.14484825,-20.13952381,0],[-44.1448509,-20.13952263,0],[-44.14485377,-20.13952,0],[-44.14485912,-20.13951602,0],[-44.1448605,-20.1395154,0],[-44.14487009,-20.13951172,0],[-44.14487286,-20.13951097,0],[-44.14487745,-20.13951048,0],[-44.14487967,-20.13951002,0],[-44.14488559,-20.13950842,0],[-44.14488805,-20.1395073,0],[-44.14488925,-20.13950688,0],[-44.14489478,-20.13950464,0],[-44.14489884,-20.13950316,0],[-44.14490188,-20.13950233,0],[-44.14490798,-20.13949949,0],[-44.14490824,-20.13949931,0],[-44.14490843,-20.1394992,0],[-44.14491296,-20.13949474,0],[-44.14491681,-20.1394905,0],[-44.14491754,-20.13949003,0],[-44.14491805,-20.1394899,0],[-44.14492762,-20.13948836,0],[-44.14492956,-20.13948873,0],[-44.14493594,-20.13949059,0],[-44.1449368,-20.13949095,0],[-44.14493718,-20.13949101,0],[-44.14493758,-20.13949098,0],[-44.14494571,-20.13949161,0],[-44.14494674,-20.13949155,0],[-44.14494757,-20.13949143,0],[-44.14494962,-20.13949066,0],[-44.14495633,-20.13948757,0],[-44.14496592,-20.13948422,0],[-44.14497548,-20.13948504,0],[-44.14497856,-20.13948468,0],[-44.14498277,-20.13948394,0],[-44.14498505,-20.13948363,0],[-44.14498655,-20.13948321,0],[-44.14499445,-20.13948167,0],[-44.14499463,-20.13948159,0],[-44.14499521,-20.1394813,0],[-44.1450009,-20.13947874,0],[-44.14500423,-20.13947672,0],[-44.14500811,-20.13947653,0],[-44.1450098,-20.13947665,0],[-44.1450138,-20.1394765,0],[-44.1450184,-20.1394776,0],[-44.14501878,-20.13947764,0],[-44.14502335,-20.13947849,0],[-44.14502734,-20.13947824,0],[-44.14502912,-20.13947842,0],[-44.14503763,-20.13947746,0],[-44.1450378,-20.13947745,0],[-44.1450425,-20.1394769,0],[-44.14504705,-20.13947737,0],[-44.14504748,-20.13947739,0],[-44.14505206,-20.13947792,0],[-44.14506163,-20.13947642,0],[-44.14506496,-20.13947629,0],[-44.14507113,-20.13947326,0],[-44.14507122,-20.13947325,0],[-44.14507139,-20.13947334,0],[-44.14507713,-20.13947664,0],[-44.14508076,-20.13947814,0],[-44.14508533,-20.13947756,0],[-44.14508638,-20.13947699,0],[-44.14509034,-20.1394758,0],[-44.14509299,-20.13947579,0],[-44.14509748,-20.1394756,0],[-44.14509991,-20.13947559,0],[-44.14510199,-20.13948037,0],[-44.14510707,-20.13948014,0],[-44.14510944,-20.13948102,0],[-44.14511039,-20.13948151,0],[-44.14511769,-20.1394812,0],[-44.14511901,-20.1394815,0],[-44.14512002,-20.1394815,0],[-44.14512579,-20.13948248,0],[-44.14512617,-20.13948474,0],[-44.14512854,-20.1394884,0],[-44.14512947,-20.13949153,0],[-44.14513516,-20.13949431,0],[-44.14513807,-20.13949434,0],[-44.1451405,-20.13949387,0],[-44.14514485,-20.13949424,0],[-44.14514985,-20.13949372,0],[-44.1451563,-20.13949253,0],[-44.14515722,-20.13949243,0],[-44.14515789,-20.1394923,0],[-44.14516495,-20.13948995,0],[-44.1451668,-20.13948965,0],[-44.14516861,-20.13949002,0],[-44.1451753,-20.13949176,0],[-44.14517608,-20.13949202,0],[-44.14517636,-20.1394921,0],[-44.14517691,-20.13949228,0],[-44.14518293,-20.13949461,0],[-44.14518591,-20.13949545,0],[-44.14519016,-20.13949684,0],[-44.14519531,-20.13950089,0],[-44.14519537,-20.13950096,0],[-44.14519941,-20.13950617,0],[-44.14520167,-20.13950996,0],[-44.14520243,-20.13951234,0],[-44.14520352,-20.13951768,0],[-44.14520387,-20.139519,0],[-44.14520346,-20.13952036,0],[-44.14520285,-20.13952612,0],[-44.14520186,-20.13952803,0],[-44.14519919,-20.13953171,0],[-44.14519559,-20.13953703,0],[-44.14519558,-20.13953735,0],[-44.14519766,-20.13954376,0],[-44.14519763,-20.13954608,0],[-44.14519699,-20.13954777,0],[-44.14519517,-20.13955151,0],[-44.1451941,-20.1395541,0],[-44.14519383,-20.1395551,0],[-44.14519115,-20.13956037,0],[-44.14518775,-20.13956621,0],[-44.14518551,-20.13956862,0],[-44.14518351,-20.13957124,0],[-44.14518227,-20.13957311,0],[-44.14517734,-20.13958212,0],[-44.14517715,-20.13958334,0],[-44.14517585,-20.13958529,0],[-44.14517248,-20.13958797,0],[-44.14516789,-20.13958957,0],[-44.14516625,-20.13959034,0],[-44.14516568,-20.13959056,0],[-44.1451576,-20.1395902,0],[-44.14515669,-20.13959038,0],[-44.14514097,-20.13958777,0],[-44.14513757,-20.13958736,0],[-44.14513512,-20.13958865,0],[-44.14513191,-20.13959094,0],[-44.14513017,-20.13959301,0],[-44.14512796,-20.13959443,0],[-44.1451246,-20.13959677,0],[-44.14511927,-20.13959991,0],[-44.14511883,-20.13960035,0],[-44.14511836,-20.13960058,0],[-44.14511364,-20.13960448,0],[-44.14510876,-20.13960762,0],[-44.14510803,-20.13960821,0],[-44.14510735,-20.13960889,0],[-44.14510122,-20.1396179,0],[-44.14510068,-20.13961937,0],[-44.14509911,-20.13962176,0],[-44.14509687,-20.13962481,0],[-44.1450956,-20.1396269,0],[-44.14509391,-20.13963107,0],[-44.14509289,-20.13963271,0],[-44.14509113,-20.13963592,0],[-44.14509115,-20.13963752,0],[-44.1450915,-20.139643,0],[-44.14509152,-20.13964496,0],[-44.14509165,-20.13964708,0],[-44.14509243,-20.13965112,0],[-44.14509257,-20.139654,0],[-44.14509428,-20.13965838,0],[-44.14509487,-20.13965923,0],[-44.14509713,-20.13966305,0],[-44.14509749,-20.13966437,0],[-44.14509886,-20.1396671,0],[-44.14510044,-20.1396706,0],[-44.14510154,-20.13967211,0],[-44.14510199,-20.13967511,0],[-44.14510224,-20.13967791,0],[-44.14510281,-20.13968115,0],[-44.14510384,-20.13969019,0],[-44.14510385,-20.13969923,0],[-44.1451027,-20.13970826,0],[-44.14510175,-20.13971121,0],[-44.14509952,-20.13971728,0],[-44.14508959,-20.13973593,0],[-44.14508682,-20.13974238,0],[-44.14508607,-20.13974432,0],[-44.14508387,-20.13975335,0],[-44.14508341,-20.13975728,0],[-44.14508316,-20.13975867,0],[-44.14508268,-20.13976238,0],[-44.14507919,-20.13976705,0],[-44.14507501,-20.13977138,0],[-44.14507157,-20.13977323,0],[-44.1450666,-20.13977757,0],[-44.14506222,-20.13978248,0],[-44.14505863,-20.13978813,0],[-44.14505809,-20.13978936,0],[-44.1450575,-20.13979165,0],[-44.1450564,-20.13979509,0],[-44.14505467,-20.13980252,0],[-44.14505457,-20.13980337,0],[-44.14505377,-20.13980741,0],[-44.14505305,-20.13981006,0],[-44.1450522,-20.13981458,0],[-44.14505175,-20.13981644,0],[-44.14505015,-20.13982546,0],[-44.14504776,-20.13983449,0],[-44.14504266,-20.13984556,0],[-44.14504047,-20.13984979,0],[-44.14503921,-20.13985252,0],[-44.14503615,-20.13985751,0],[-44.14503414,-20.13986153,0],[-44.14503276,-20.13986336,0],[-44.14503082,-20.13986479,0],[-44.14502384,-20.13987052,0],[-44.14502258,-20.13987181,0],[-44.14502121,-20.13987253,0],[-44.1450169,-20.13987547,0],[-44.14501183,-20.1398795,0],[-44.14501173,-20.13987962,0],[-44.1450116,-20.13987969,0],[-44.14500687,-20.13988407,0],[-44.1450025,-20.13988849,0],[-44.14500228,-20.13988876,0],[-44.14500198,-20.13988893,0],[-44.14499673,-20.13989255,0],[-44.14499238,-20.13989589,0],[-44.1449915,-20.13989664,0],[-44.14499091,-20.13989747,0],[-44.14498687,-20.13990131,0],[-44.14498276,-20.13990456,0],[-44.14498158,-20.13990534,0],[-44.14498053,-20.13990645,0],[-44.14497689,-20.13990995,0],[-44.14497161,-20.13991399,0],[-44.1449701,-20.13991544,0],[-44.14496668,-20.13991838,0],[-44.14496354,-20.13992007,0],[-44.14496078,-20.13992182,0],[-44.14495709,-20.13992441,0],[-44.1449555,-20.13992587,0],[-44.14495394,-20.13992647,0],[-44.14494973,-20.13992834,0],[-44.14494889,-20.13992864,0],[-44.14494435,-20.13993152,0],[-44.14494259,-20.13993172,0],[-44.14493485,-20.13993341,0],[-44.14493477,-20.13993343,0],[-44.14492776,-20.13993573,0],[-44.14492518,-20.13993675,0],[-44.14491525,-20.13994196,0],[-44.14489965,-20.13995124,0],[-44.14489639,-20.13995349,0],[-44.14489244,-20.13995493,0],[-44.14489118,-20.13995532,0],[-44.1448868,-20.13995726,0],[-44.14488398,-20.13995754,0],[-44.14487906,-20.13995844,0],[-44.14487723,-20.13995865,0],[-44.14487575,-20.13995876,0],[-44.14486781,-20.13996026,0],[-44.14486765,-20.13996032,0],[-44.14486722,-20.13996052,0],[-44.14486118,-20.13996302,0],[-44.14485806,-20.13996495,0],[-44.14485549,-20.13996668,0],[-44.14485292,-20.13996908,0],[-44.14485082,-20.1399713,0],[-44.14484729,-20.13997702,0],[-44.14484684,-20.13997809,0],[-44.14484643,-20.13997996,0],[-44.14484511,-20.13998402,0],[-44.14484456,-20.13998711,0],[-44.1448448,-20.13999047,0],[-44.1448447,-20.13999271,0],[-44.1448449,-20.13999615,0],[-44.14484582,-20.1399985,0],[-44.14484731,-20.14000429,0],[-44.14484761,-20.1400052,0],[-44.14484733,-20.14000608,0],[-44.14484448,-20.14001066,0],[-44.14484399,-20.14001422,0],[-44.14484261,-20.14001797,0],[-44.14484094,-20.14002324,0],[-44.14484057,-20.1400251,0],[-44.14483856,-20.14003088,0],[-44.14483813,-20.14003185,0],[-44.14483804,-20.14003226,0],[-44.14483804,-20.14003275,0],[-44.14483733,-20.14004017,0],[-44.14483732,-20.14004129,0],[-44.14483501,-20.14004704,0],[-44.14483104,-20.14005933,0],[-44.14483076,-20.14006115,0],[-44.14482879,-20.14006828,0],[-44.14482878,-20.14006834,0],[-44.14482877,-20.14006838,0],[-44.14482726,-20.14007597,0],[-44.14482421,-20.14008641,0],[-44.14482445,-20.1400904,0],[-44.14482457,-20.14009157,0],[-44.14482521,-20.14010448,0],[-44.1448252,-20.14010768,0],[-44.14482509,-20.14011023,0],[-44.14482508,-20.14011352,0],[-44.14482551,-20.14011637,0],[-44.14482684,-20.14012099,0],[-44.14482714,-20.14012256,0],[-44.1448297,-20.14013043,0],[-44.14483018,-20.14013161,0],[-44.14483146,-20.14014066,0],[-44.14483133,-20.14014343,0],[-44.14483066,-20.14014752,0],[-44.14483053,-20.14014969,0],[-44.14482908,-20.14015871,0],[-44.14482901,-20.14015939,0],[-44.14482847,-20.14016795,0],[-44.144829,-20.14017604,0],[-44.14482891,-20.14017746,0],[-44.14483014,-20.14018396,0],[-44.14483005,-20.14018583,0],[-44.14482976,-20.14018735,0],[-44.14482812,-20.14019196,0],[-44.14482715,-20.14019394,0],[-44.1448255,-20.14020388,0],[-44.14482478,-20.14020695,0],[-44.14482437,-20.14020946,0],[-44.14482341,-20.1402129,0],[-44.14482424,-20.14021644,0],[-44.14482439,-20.14021856,0],[-44.14482698,-20.14023099,0],[-44.14482759,-20.14024003,0],[-44.14482657,-20.14024906,0],[-44.14482685,-20.14024996,0],[-44.1448278,-20.14025126,0],[-44.1448304,-20.14025563,0],[-44.14483143,-20.14025812,0],[-44.14483138,-20.14026156,0],[-44.14483119,-20.14026389,0],[-44.14483083,-20.1402792,0],[-44.14483112,-20.14028193,0],[-44.14483112,-20.14028522,0],[-44.14483139,-20.14028881,0],[-44.14483136,-20.1402907,0],[-44.14483169,-20.14029426,0],[-44.14483102,-20.14029754,0],[-44.14483091,-20.1403001,0],[-44.14482996,-20.14030561,0],[-44.14482747,-20.14031054,0],[-44.14482669,-20.14031157,0],[-44.14482646,-20.14031231,0],[-44.14482678,-20.14032194,0],[-44.14482815,-20.14032966,0],[-44.14482821,-20.14033039,0],[-44.14482714,-20.14033925,0],[-44.14482712,-20.1403396,0],[-44.14482766,-20.14034809,0],[-44.14482766,-20.14034846,0],[-44.14482645,-20.14035749,0],[-44.14482611,-20.14036752,0],[-44.14482635,-20.14037483,0],[-44.14482635,-20.14037628,0],[-44.14482722,-20.14038446,0],[-44.14482797,-20.14039364,0],[-44.14482796,-20.14039453,0],[-44.14482862,-20.14040113,0],[-44.14482861,-20.14040268,0],[-44.14482809,-20.14040373,0],[-44.14482264,-20.14040762,0],[-44.14481928,-20.14041167,0],[-44.14481777,-20.1404207,0],[-44.14481705,-20.14042973,0],[-44.14481655,-20.14044837,0],[-44.14481686,-20.1404566,0],[-44.14481686,-20.14045683,0],[-44.14481685,-20.14045708,0],[-44.14481599,-20.14046485,0],[-44.14481594,-20.14046587,0],[-44.14481197,-20.14047917,0],[-44.14481011,-20.14048648,0],[-44.14480967,-20.14049076,0],[-44.14480769,-20.14050197,0],[-44.14480766,-20.14050231,0],[-44.14480728,-20.14050437,0],[-44.14480596,-20.14050977,0],[-44.14480406,-20.14052002,0],[-44.14480192,-20.14052905,0],[-44.14480051,-20.14053182,0],[-44.14479986,-20.14053588,0],[-44.14479915,-20.14053807,0],[-44.14479858,-20.1405471,0],[-44.14479859,-20.14054815,0],[-44.14479813,-20.14055549,0],[-44.14479813,-20.14055614,0],[-44.14479741,-20.14056059,0],[-44.14479662,-20.14056443,0],[-44.14479653,-20.14056516,0],[-44.14479652,-20.1405742,0],[-44.14479736,-20.14058324,0],[-44.14479615,-20.14059227,0],[-44.14479591,-20.14059352,0],[-44.14479504,-20.14059926,0],[-44.1447946,-20.1406013,0],[-44.14479415,-20.14060415,0],[-44.14479358,-20.14060694,0],[-44.1447931,-20.14061033,0],[-44.14479206,-20.14061458,0],[-44.14479183,-20.14061531,0],[-44.14479073,-20.14061935,0],[-44.14479065,-20.14062232,0],[-44.14479074,-20.14062532,0],[-44.14479067,-20.14062838,0],[-44.14478978,-20.14063056,0],[-44.1447883,-20.14063659,0],[-44.14478803,-20.14063741,0],[-44.1447874,-20.14064301,0],[-44.14478688,-20.14064597,0],[-44.14478685,-20.14064644,0],[-44.1447857,-20.14065392,0],[-44.1447854,-20.14065547,0],[-44.14478275,-20.14065976,0],[-44.14478257,-20.14066002,0],[-44.14478046,-20.14066448,0],[-44.14477908,-20.14067485,0],[-44.14477773,-20.14068243,0],[-44.14477771,-20.14068254,0],[-44.14477451,-20.14069156,0],[-44.14477358,-20.14069529,0],[-44.1447732,-20.14069649,0],[-44.14477234,-20.14070058,0],[-44.14477038,-20.14070288,0],[-44.14476793,-20.14070436,0],[-44.14476417,-20.14070604,0],[-44.1447601,-20.14070956,0],[-44.14475931,-20.14071048,0],[-44.14475832,-20.14071128,0],[-44.14475461,-20.14071509,0],[-44.14475196,-20.14071855,0],[-44.14475065,-20.14072039,0],[-44.14474869,-20.14072252,0],[-44.14474576,-20.1407248,0],[-44.14473908,-20.14073123,0],[-44.14473609,-20.14073374,0],[-44.14473372,-20.14073654,0],[-44.1447315,-20.14073844,0],[-44.14472946,-20.14074057,0],[-44.14472617,-20.14074244,0],[-44.14472304,-20.14074552,0],[-44.14471985,-20.14074824,0],[-44.14471575,-20.14075066,0],[-44.14471281,-20.14075451,0],[-44.14471023,-20.14075708,0],[-44.14470609,-20.1407596,0],[-44.14470178,-20.14076458,0],[-44.14470062,-20.14076642,0],[-44.14469749,-20.14076956,0],[-44.1446941,-20.14077542,0],[-44.14469363,-20.14077901,0],[-44.14469279,-20.14078152,0],[-44.14469213,-20.14078262,0],[-44.14469095,-20.14078399,0],[-44.14468643,-20.14078626,0],[-44.14468306,-20.1407905,0],[-44.14468241,-20.14079151,0],[-44.14468133,-20.1407938,0],[-44.14467846,-20.14079682,0],[-44.14467742,-20.14079951,0],[-44.14467456,-20.14080219,0],[-44.1446717,-20.14080591,0],[-44.14466993,-20.14080684,0],[-44.14466899,-20.14080851,0],[-44.14466572,-20.14081191,0],[-44.14466326,-20.14081639,0],[-44.14466255,-20.14081751,0],[-44.14466236,-20.14081778,0],[-44.14466206,-20.14081823,0],[-44.14465811,-20.14082282,0],[-44.14465241,-20.14083476,0],[-44.14465195,-20.1408351,0],[-44.14465159,-20.14083553,0],[-44.14465039,-20.14083742,0],[-44.14464809,-20.1408405,0],[-44.14464654,-20.14084454,0],[-44.14464537,-20.14084699,0],[-44.14464309,-20.14085323,0],[-44.14464295,-20.14085356,0],[-44.14464274,-20.1408538,0],[-44.14463695,-20.14085712,0],[-44.14463314,-20.14085974,0],[-44.14463104,-20.14086056,0],[-44.14462914,-20.14086253,0],[-44.14462623,-20.14086505,0],[-44.14462351,-20.14086951,0],[-44.14462251,-20.14087059,0],[-44.14462171,-20.14087321,0],[-44.14461994,-20.14087722,0],[-44.14461927,-20.14088055,0],[-44.14461714,-20.14088363,0],[-44.1446149,-20.14088857,0],[-44.14461438,-20.14088956,0],[-44.14461416,-20.14088987,0],[-44.14461383,-20.1408904,0],[-44.14461011,-20.14089509,0],[-44.14460831,-20.14089857,0],[-44.14460653,-20.14090075,0],[-44.14460419,-20.14090418,0],[-44.14460244,-20.14090594,0],[-44.14460144,-20.14090757,0],[-44.14459921,-20.14091193,0],[-44.14459908,-20.14091234,0],[-44.14459739,-20.14091659,0],[-44.14459595,-20.1409179,0],[-44.14459454,-20.14091902,0],[-44.14459061,-20.14092189,0],[-44.14458801,-20.14092558,0],[-44.14458687,-20.1409274,0],[-44.14458491,-20.14093128,0],[-44.14458307,-20.14093286,0],[-44.14458137,-20.14093458,0],[-44.14457754,-20.14093666,0],[-44.1445753,-20.14093836,0],[-44.14457155,-20.14094003,0],[-44.14456844,-20.14094355,0],[-44.14456695,-20.14094473,0],[-44.14456569,-20.14094621,0],[-44.14456217,-20.14094925,0],[-44.14456085,-20.14095255,0],[-44.14455894,-20.14095525,0],[-44.14455636,-20.14096126,0],[-44.14455621,-20.14096157,0],[-44.14455614,-20.14096166,0],[-44.14455604,-20.14096177,0],[-44.14455524,-20.14096231,0],[-44.14455028,-20.14096515,0],[-44.14454734,-20.1409697,0],[-44.14454668,-20.14097055,0],[-44.14454656,-20.14097069,0],[-44.14454642,-20.14097083,0],[-44.14454526,-20.14097165,0],[-44.14454095,-20.14097441,0],[-44.14453681,-20.14097898,0],[-44.14453641,-20.14097916,0],[-44.14453629,-20.14097954,0],[-44.14453538,-20.14098088,0],[-44.14453257,-20.14098458,0],[-44.14453076,-20.14098855,0],[-44.14452944,-20.14099068,0],[-44.14452716,-20.14099406,0],[-44.1445254,-20.14099591,0],[-44.14452471,-20.14099755,0],[-44.14451801,-20.14100656,0],[-44.14451785,-20.14100687,0],[-44.1445135,-20.1410118,0],[-44.14450997,-20.14101751,0],[-44.14450788,-20.14102197,0],[-44.14450691,-20.14102367,0],[-44.14450668,-20.14102457,0],[-44.1445054,-20.14102688,0],[-44.14450368,-20.14102967,0],[-44.14450196,-20.14103359,0],[-44.14450053,-20.14103575,0],[-44.14449822,-20.14103866,0],[-44.14449577,-20.14104029,0],[-44.14449452,-20.14104259,0],[-44.14449396,-20.14104656,0],[-44.14449374,-20.14104744,0],[-44.14449328,-20.14105162,0],[-44.14448862,-20.14106071,0],[-44.14448853,-20.14106092,0],[-44.14448474,-20.1410661,0],[-44.14448295,-20.14106964,0],[-44.14448108,-20.14107169,0],[-44.14447889,-20.14107429,0],[-44.14447594,-20.14107586,0],[-44.14447478,-20.14107863,0],[-44.14447276,-20.14108191,0],[-44.1444725,-20.14108461,0],[-44.1444715,-20.14108765,0],[-44.14447066,-20.14108899,0],[-44.14446922,-20.14109193,0],[-44.1444659,-20.14109353,0],[-44.14446407,-20.14109665,0],[-44.1444619,-20.1410988,0],[-44.14445959,-20.1411045,0],[-44.1444589,-20.14110502,0],[-44.14445847,-20.14110566,0],[-44.14445377,-20.14110921,0],[-44.14445237,-20.14111241,0],[-44.14445062,-20.14111528,0],[-44.14444995,-20.1411166,0],[-44.14444647,-20.1411204,0],[-44.14444511,-20.14112367,0],[-44.14444339,-20.14112654,0],[-44.14444181,-20.14113127,0],[-44.14444119,-20.14113268,0],[-44.144441,-20.14113335,0],[-44.14444027,-20.14113712,0],[-44.14443689,-20.1411417,0],[-44.14443303,-20.14114391,0],[-44.14443065,-20.14114834,0],[-44.14442971,-20.14114983,0],[-44.14442891,-20.1411507,0],[-44.14442438,-20.14115382,0],[-44.14442102,-20.14115964,0],[-44.14442098,-20.14115969,0],[-44.14441635,-20.14116432,0],[-44.14441278,-20.14116869,0],[-44.14441242,-20.14116966,0],[-44.14441302,-20.14117615,0],[-44.14441253,-20.14117884,0],[-44.14441203,-20.14118607,0],[-44.14441193,-20.14118676,0],[-44.14441182,-20.14118724,0],[-44.14441146,-20.1411956,0],[-44.14441142,-20.14119579,0],[-44.14441125,-20.14119611,0],[-44.14441038,-20.14119661,0],[-44.14440326,-20.14119724,0],[-44.14440445,-20.14120214,0],[-44.14440343,-20.14120479,0],[-44.14440163,-20.14120636,0],[-44.14439804,-20.14120814,0],[-44.14439629,-20.14120876,0],[-44.14439156,-20.14121332,0],[-44.14439115,-20.14121376,0],[-44.14438672,-20.14121779,0],[-44.14438516,-20.14122018,0],[-44.14438329,-20.14122276,0],[-44.14438302,-20.14122334,0],[-44.14438239,-20.14122555,0],[-44.14437963,-20.14122919,0],[-44.14437743,-20.14123177,0],[-44.14437459,-20.14123346,0],[-44.14437276,-20.14123609,0],[-44.14437114,-20.14123925,0],[-44.14436479,-20.14124978,0],[-44.14436433,-20.14125092,0],[-44.14436309,-20.14125517,0],[-44.14436206,-20.14125784,0],[-44.14436175,-20.1412588,0],[-44.14436162,-20.14126016,0],[-44.14436014,-20.14126509,0],[-44.14435997,-20.14126782,0],[-44.14435796,-20.14127209,0],[-44.14435718,-20.1412733,0],[-44.14435507,-20.14127684,0],[-44.14435476,-20.14127812,0],[-44.14435483,-20.14128449,0],[-44.1443546,-20.14128587,0],[-44.14435333,-20.14129011,0],[-44.1443516,-20.14129327,0],[-44.14435133,-20.14129489,0],[-44.14434784,-20.14129876,0],[-44.14434372,-20.14130389,0],[-44.14434369,-20.14130396,0],[-44.14434019,-20.14130963,0],[-44.1443388,-20.1413129,0],[-44.14433807,-20.14131669,0],[-44.14433806,-20.14131814,0],[-44.14433751,-20.14132193,0],[-44.14433621,-20.141324,0],[-44.14433398,-20.1413296,0],[-44.14433348,-20.14133048,0],[-44.14433305,-20.14133094,0],[-44.14432867,-20.14133497,0],[-44.14432741,-20.14133708,0],[-44.14432546,-20.14133994,0],[-44.14432521,-20.14134075,0],[-44.14432471,-20.1413486,0],[-44.14432462,-20.14134897,0],[-44.14432456,-20.14134921,0],[-44.1443243,-20.14135074,0],[-44.14432231,-20.14135615,0],[-44.14432234,-20.141358,0],[-44.14432067,-20.14136137,0],[-44.14431985,-20.14136288,0],[-44.14431813,-20.14136701,0],[-44.14431206,-20.14137361,0],[-44.144305,-20.14138163,0],[-44.14430275,-20.14138289,0],[-44.14430134,-20.141385,0],[-44.14429847,-20.14138789,0],[-44.14429538,-20.14139127,0],[-44.14429337,-20.1413921,0],[-44.14429243,-20.141394,0],[-44.14428963,-20.14139762,0],[-44.14428579,-20.141403,0],[-44.14428577,-20.14140303,0],[-44.14428575,-20.14140311,0],[-44.14428239,-20.14140888,0],[-44.14427999,-20.14141201,0],[-44.14427926,-20.14141498,0],[-44.14427948,-20.14141785,0],[-44.14427868,-20.14142351,0],[-44.14427882,-20.14142746,0],[-44.14427856,-20.14143007,0],[-44.1442776,-20.14143156,0],[-44.14427601,-20.14143432,0],[-44.1442733,-20.14143653,0],[-44.14426784,-20.14144041,0],[-44.14426639,-20.14144364,0],[-44.14426421,-20.14144603,0],[-44.14425795,-20.14144696,0],[-44.1442568,-20.14144742,0],[-44.14425602,-20.14144729,0],[-44.14424874,-20.141448,0],[-44.14424779,-20.14144852,0],[-44.14424852,-20.14145578,0],[-44.14424806,-20.14145703,0],[-44.1442491,-20.14145886,0],[-44.14425056,-20.14146286,0],[-44.14425525,-20.1414661,0],[-44.14425276,-20.14146979,0],[-44.14425205,-20.14147075,0],[-44.14424997,-20.14147511,0],[-44.14424777,-20.14147575,0],[-44.14424708,-20.14147611,0],[-44.14424179,-20.14148411,0],[-44.14424152,-20.14148795,0],[-44.14424125,-20.14148954,0],[-44.14424095,-20.14149314,0],[-44.14423922,-20.14149484,0],[-44.1442374,-20.14149578,0],[-44.14423363,-20.14149666,0],[-44.14423176,-20.1414968,0],[-44.14422782,-20.14149824,0],[-44.14422542,-20.14149983,0],[-44.14422335,-20.14150209,0],[-44.1442217,-20.14150537,0],[-44.14422139,-20.1415081,0],[-44.14422048,-20.14151111,0],[-44.14421968,-20.14151252,0],[-44.14421817,-20.14151389,0],[-44.14421479,-20.14151427,0],[-44.14421215,-20.14151443,0],[-44.1442086,-20.14151489,0],[-44.14420598,-20.14151352,0],[-44.14420425,-20.14151103,0],[-44.14420354,-20.1415068,0],[-44.14420322,-20.1415059,0],[-44.14420231,-20.14150199,0],[-44.1442013,-20.14149992,0],[-44.14419913,-20.14149596,0],[-44.14419769,-20.14149429,0],[-44.14419622,-20.14149292,0],[-44.14419769,-20.14149154,0],[-44.14419705,-20.14148591,0],[-44.14419767,-20.14148389,0],[-44.14419813,-20.14148288,0],[-44.14419921,-20.14148166,0],[-44.14420232,-20.1414778,0],[-44.14420403,-20.14147489,0],[-44.14420619,-20.1414724,0],[-44.14421128,-20.14146818,0],[-44.14421358,-20.1414659,0],[-44.14421516,-20.1414628,0],[-44.14421848,-20.14145776,0],[-44.14421881,-20.1414572,0],[-44.14421893,-20.14145689,0],[-44.14421981,-20.14145564,0],[-44.14422183,-20.14145099,0],[-44.14422562,-20.14145021,0],[-44.14422809,-20.141449,0],[-44.14422931,-20.14144905,0],[-44.1442364,-20.14144912,0],[-44.14423766,-20.14144918,0],[-44.14423963,-20.14144982,0],[-44.14424636,-20.14144799,0],[-44.14424184,-20.14144404,0],[-44.14424221,-20.1414432,0],[-44.1442414,-20.14143893,0],[-44.14424023,-20.14143655,0],[-44.14423776,-20.14143096,0],[-44.14423722,-20.14143038,0],[-44.14423726,-20.14142987,0],[-44.14423721,-20.14142934,0],[-44.14423613,-20.14142241,0],[-44.144236,-20.14142083,0],[-44.14423631,-20.1414194,0],[-44.14423915,-20.14141303,0],[-44.14423961,-20.14141181,0],[-44.14424302,-20.14140764,0],[-44.14424747,-20.14140448,0],[-44.14424868,-20.14140396,0],[-44.14425019,-20.14140283,0],[-44.14425709,-20.141394,0],[-44.14425718,-20.14139382,0],[-44.1442571,-20.14139342,0],[-44.14425532,-20.14138649,0],[-44.14425473,-20.14137574,0],[-44.14425489,-20.14137355,0],[-44.14425724,-20.14136705,0],[-44.1442573,-20.14136677,0],[-44.1442573,-20.14136672,0],[-44.14425734,-20.14136663,0],[-44.1442592,-20.1413595,0],[-44.14426026,-20.1413577,0],[-44.14426174,-20.14135352,0],[-44.1442617,-20.14135281,0],[-44.14426586,-20.14134968,0],[-44.14426691,-20.14134878,0],[-44.14426694,-20.14134873,0],[-44.14426696,-20.14134869,0],[-44.14426699,-20.14134861,0],[-44.14426873,-20.14134135,0],[-44.14426947,-20.14133967,0],[-44.14427,-20.14133681,0],[-44.14426835,-20.1413319,0],[-44.14426929,-20.14133063,0],[-44.14426939,-20.14132839,0],[-44.14426703,-20.14132716,0],[-44.14426438,-20.14132812,0],[-44.14425887,-20.14132924,0],[-44.14425744,-20.14132964,0],[-44.14425676,-20.14132993,0],[-44.14425312,-20.14133055,0],[-44.14424919,-20.14133179,0],[-44.14424786,-20.14133185,0],[-44.14424473,-20.14133347,0],[-44.14424251,-20.1413345,0],[-44.14423692,-20.14133824,0],[-44.1442359,-20.14133951,0],[-44.14423231,-20.14134293,0],[-44.14422864,-20.14134747,0],[-44.14422805,-20.14134794,0],[-44.14422226,-20.14134848,0],[-44.14421949,-20.14134885,0],[-44.14421907,-20.14134901,0],[-44.14421283,-20.14135158,0],[-44.14420948,-20.14135327,0],[-44.14420641,-20.14135743,0],[-44.14420411,-20.14136143,0],[-44.14420359,-20.14136294,0],[-44.14420204,-20.14136645,0],[-44.14420081,-20.14136737,0],[-44.14419983,-20.14136781,0],[-44.14419816,-20.14136801,0],[-44.14419125,-20.14136732,0],[-44.14419027,-20.14136753,0],[-44.14418665,-20.14136978,0],[-44.14418532,-20.14137075,0],[-44.14418067,-20.14137211,0],[-44.14417723,-20.14137536,0],[-44.14417513,-20.14137919,0],[-44.14417104,-20.14138348,0],[-44.14417062,-20.14138397,0],[-44.14417036,-20.14138437,0],[-44.14417015,-20.1413852,0],[-44.14416821,-20.14139075,0],[-44.14416769,-20.14139339,0],[-44.14416514,-20.1413969,0],[-44.14416138,-20.14140051,0],[-44.14415979,-20.14140088,0],[-44.14415882,-20.14140238,0],[-44.144159,-20.14140461,0],[-44.14415752,-20.1414078,0],[-44.14415762,-20.14141141,0],[-44.14415607,-20.1414155,0],[-44.14415171,-20.14141895,0],[-44.14415017,-20.14141895,0],[-44.14414824,-20.1414204,0],[-44.1441483,-20.1414236,0],[-44.14414802,-20.14142598,0],[-44.14414807,-20.14142944,0],[-44.1441493,-20.14143166,0],[-44.14414951,-20.14143649,0],[-44.14415008,-20.14143848,0],[-44.14414709,-20.14144326,0],[-44.14414378,-20.14144749,0],[-44.14414317,-20.1414486,0],[-44.14414198,-20.14144969,0],[-44.14413901,-20.14145026,0],[-44.14413324,-20.14144743,0],[-44.14413262,-20.14144725,0],[-44.14413243,-20.1414471,0],[-44.14413204,-20.14144706,0],[-44.1441314,-20.14144743,0],[-44.14413139,-20.1414484,0],[-44.14413028,-20.14145447,0],[-44.14413027,-20.14145646,0],[-44.14412513,-20.14145863,0],[-44.14412279,-20.14145929,0],[-44.14411992,-20.14145912,0],[-44.14411323,-20.14145888,0],[-44.14410365,-20.1414599,0],[-44.1441008,-20.14145902,0],[-44.14409597,-20.14145629,0],[-44.14409468,-20.14145574,0],[-44.14409411,-20.1414557,0],[-44.14409292,-20.14145627,0],[-44.1440918,-20.14145844,0],[-44.14408987,-20.14146132,0],[-44.14408869,-20.14146529,0],[-44.14409081,-20.14146835,0],[-44.14409402,-20.14147233,0],[-44.14409572,-20.14147275,0],[-44.14409722,-20.14147437,0],[-44.14410046,-20.14147731,0],[-44.14410353,-20.14148293,0],[-44.14410392,-20.14148306,0],[-44.14411178,-20.14148471,0],[-44.14411309,-20.1414849,0],[-44.14411778,-20.14148809,0],[-44.14412188,-20.14149256,0],[-44.14412146,-20.14149364,0],[-44.1441193,-20.14149849,0],[-44.14411828,-20.14150158,0],[-44.14411295,-20.14150908,0],[-44.14411099,-20.14150872,0],[-44.14410695,-20.1415072,0],[-44.1441034,-20.1415068,0],[-44.14409384,-20.14150525,0],[-44.14409155,-20.14151048,0],[-44.14408492,-20.14151948,0],[-44.14408506,-20.14152031,0],[-44.14408516,-20.14152757,0],[-44.1440854,-20.14152852,0],[-44.14408537,-20.14152969,0],[-44.14408592,-20.14153585,0],[-44.14408587,-20.14153924,0],[-44.14408407,-20.14154301,0],[-44.1440833,-20.14154588,0],[-44.14408317,-20.14154658,0],[-44.14408289,-20.14154767,0],[-44.14408167,-20.1415534,0],[-44.14408102,-20.14155561,0],[-44.14408216,-20.14155734,0],[-44.14408398,-20.1415597,0],[-44.14408594,-20.14155747,0],[-44.14409156,-20.14155754,0],[-44.14409356,-20.1415569,0],[-44.14409442,-20.14155649,0],[-44.1440978,-20.14155569,0],[-44.14410025,-20.14155296,0],[-44.14410315,-20.14155242,0],[-44.14410681,-20.14155014,0],[-44.14411034,-20.14154898,0],[-44.14411274,-20.14154795,0],[-44.1441135,-20.14154745,0],[-44.14411409,-20.14154673,0],[-44.14411562,-20.14154405,0],[-44.14411609,-20.14154083,0],[-44.14411958,-20.14154034,0],[-44.14412236,-20.14153893,0],[-44.14412339,-20.14153871,0],[-44.14413179,-20.14153792,0],[-44.14413193,-20.1415379,0],[-44.1441364,-20.14153781,0],[-44.14414116,-20.14153751,0],[-44.1441415,-20.14153761,0],[-44.14414238,-20.14153701,0],[-44.14414676,-20.14153377,0],[-44.1441511,-20.14153195,0],[-44.14415353,-20.14153115,0],[-44.14415915,-20.14153032,0],[-44.14416068,-20.14152995,0],[-44.1441617,-20.14152986,0],[-44.14416417,-20.14152891,0],[-44.14416863,-20.14152739,0],[-44.14417026,-20.14152717,0],[-44.14417192,-20.14152737,0],[-44.14417801,-20.14152726,0],[-44.14417983,-20.14152743,0],[-44.14418104,-20.14152784,0],[-44.14418186,-20.14152899,0],[-44.14418107,-20.14153018,0],[-44.14418098,-20.14153689,0],[-44.14418063,-20.14153802,0],[-44.14418031,-20.14153854,0],[-44.14417976,-20.14153986,0],[-44.14417545,-20.14154298,0],[-44.14417244,-20.14154702,0],[-44.14417114,-20.14154795,0],[-44.14417014,-20.14154955,0],[-44.14416679,-20.14155288,0],[-44.14416516,-20.14155602,0],[-44.14416244,-20.14155781,0],[-44.14416051,-20.1415604,0],[-44.14415817,-20.14156282,0],[-44.14415716,-20.14156501,0],[-44.14415088,-20.14157148,0],[-44.14414939,-20.14157261,0],[-44.14414529,-20.14157778,0],[-44.14414438,-20.14158009,0],[-44.14414287,-20.14158302,0],[-44.14414217,-20.14158389,0],[-44.14414124,-20.14158492,0],[-44.14413723,-20.14158825,0],[-44.14413437,-20.14159201,0],[-44.14413315,-20.14159344,0],[-44.14413162,-20.1415955,0],[-44.1441288,-20.14159838,0],[-44.14412573,-20.141601,0],[-44.14412405,-20.14160292,0],[-44.14412199,-20.14160694,0],[-44.14412052,-20.14160864,0],[-44.14411923,-20.14161001,0],[-44.14411446,-20.14161194,0],[-44.14411238,-20.14161402,0],[-44.14410937,-20.14161616,0],[-44.14410725,-20.14161899,0],[-44.1441057,-20.14162175,0],[-44.14410461,-20.14162625,0],[-44.14410394,-20.14162801,0],[-44.14410358,-20.1416288,0],[-44.14410272,-20.14163127,0],[-44.14410036,-20.14163481,0],[-44.14409915,-20.14163702,0],[-44.1440957,-20.14163945,0],[-44.14409309,-20.14164353,0],[-44.14409128,-20.14164431,0],[-44.14408866,-20.141646,0],[-44.14408498,-20.14164739,0],[-44.14408349,-20.1416483,0],[-44.14407851,-20.14165029,0],[-44.1440739,-20.14165236,0],[-44.14407217,-20.14165333,0],[-44.14406973,-20.14165495,0],[-44.14406712,-20.14165759,0],[-44.1440643,-20.14165965,0],[-44.14406185,-20.14166164,0],[-44.144057,-20.14166392,0],[-44.14405585,-20.141665,0],[-44.14405469,-20.14166729,0],[-44.14405289,-20.14167126,0],[-44.14405183,-20.14167293,0],[-44.14404804,-20.14167572,0],[-44.14404324,-20.14168021,0],[-44.14404114,-20.14168191,0],[-44.14403792,-20.14168422,0],[-44.14403545,-20.14168565,0],[-44.1440314,-20.14168709,0],[-44.14402764,-20.14168921,0],[-44.14402586,-20.14169009,0],[-44.14402529,-20.14169034,0],[-44.14402055,-20.1416949,0],[-44.1440189,-20.14169738,0],[-44.14401709,-20.14169987,0],[-44.14401624,-20.14170056,0],[-44.14400721,-20.14170886,0],[-44.14400693,-20.14170915,0],[-44.14400662,-20.14170937,0],[-44.14400068,-20.14171226,0],[-44.14399702,-20.14171453,0],[-44.14399504,-20.14171597,0],[-44.14399338,-20.14171783,0],[-44.14399098,-20.14172117,0],[-44.14398912,-20.14172522,0],[-44.14398825,-20.14172684,0],[-44.14398786,-20.14172728,0],[-44.14398739,-20.14172761,0],[-44.14398181,-20.14173059,0],[-44.14397779,-20.14173297,0],[-44.14397551,-20.14173366,0],[-44.14397187,-20.14173579,0],[-44.14396989,-20.14173738,0],[-44.14396818,-20.14173969,0],[-44.14395859,-20.1417444,0],[-44.1439583,-20.14174448,0],[-44.14395808,-20.14174476,0],[-44.14395257,-20.1417481,0],[-44.14394898,-20.14175324,0],[-44.14394733,-20.14175218,0],[-44.14394271,-20.14175062,0],[-44.1439427,-20.14174776,0],[-44.14394132,-20.14174468,0],[-44.1439409,-20.14174332,0],[-44.14393948,-20.14174066,0],[-44.14393647,-20.14173847,0],[-44.14393137,-20.14173559,0],[-44.14393042,-20.14173513,0],[-44.14392994,-20.14173514,0],[-44.14392961,-20.14173527,0],[-44.14392914,-20.14173558,0],[-44.14392362,-20.14173865,0],[-44.14392035,-20.14173911,0],[-44.14391616,-20.14173947,0],[-44.14391493,-20.14173944,0],[-44.14391078,-20.14173992,0],[-44.14390811,-20.14173801,0],[-44.14390486,-20.14173547,0],[-44.14390301,-20.14173379,0],[-44.14390125,-20.14173186,0],[-44.14389791,-20.14172956,0],[-44.14389511,-20.14172638,0],[-44.14389461,-20.14172366,0],[-44.14389421,-20.14171967,0],[-44.14389385,-20.14171734,0],[-44.14389488,-20.14170831,0],[-44.14389662,-20.14169928,0],[-44.14389795,-20.14169598,0],[-44.14389883,-20.14169275,0],[-44.14389966,-20.14169026,0],[-44.14390004,-20.14168889,0],[-44.14390153,-20.14168153,0],[-44.14390167,-20.14168137,0],[-44.14391001,-20.1416823,0],[-44.14391109,-20.14168198,0],[-44.14391139,-20.14168156,0],[-44.14391632,-20.14167718,0],[-44.14392363,-20.14167508,0],[-44.14393019,-20.14167234,0],[-44.14393021,-20.14167227,0],[-44.14392934,-20.14166423,0],[-44.14392947,-20.1416633,0],[-44.14392947,-20.14166248,0],[-44.14393034,-20.14166157,0],[-44.14393221,-20.14166155,0],[-44.1439365,-20.14166333,0],[-44.14393791,-20.14166521,0],[-44.14393989,-20.14166492,0],[-44.14394031,-20.14166374,0],[-44.14394058,-20.14166335,0],[-44.14394126,-20.14166208,0],[-44.143943,-20.14165723,0],[-44.14394603,-20.14165434,0],[-44.14394787,-20.14165279,0],[-44.14394953,-20.14165073,0],[-44.14395362,-20.14165052,0],[-44.14395483,-20.14165035,0],[-44.1439591,-20.14165017,0],[-44.14396119,-20.14164734,0],[-44.14396453,-20.1416454,0],[-44.14396702,-20.14164382,0],[-44.14396871,-20.14164387,0],[-44.14397829,-20.14164006,0],[-44.14398012,-20.14163815,0],[-44.14398218,-20.14163645,0],[-44.14398413,-20.1416329,0],[-44.14398791,-20.1416306,0],[-44.14398973,-20.14162916,0],[-44.14399248,-20.14162746,0],[-44.14399186,-20.14162377,0],[-44.14398798,-20.1416194,0],[-44.14398714,-20.14161919,0],[-44.1439793,-20.1416192,0],[-44.14397841,-20.14161906,0],[-44.14397789,-20.14161885,0],[-44.14396963,-20.14161906,0],[-44.14396884,-20.1416189,0],[-44.14396792,-20.14161918,0],[-44.14396166,-20.14162054,0],[-44.14395926,-20.14162153,0],[-44.14395519,-20.14162344,0],[-44.14394967,-20.14162626,0],[-44.14394861,-20.14162625,0],[-44.14394092,-20.14162721,0],[-44.14394034,-20.14162744,0],[-44.14394009,-20.14162742,0],[-44.14393698,-20.14163332,0],[-44.14393193,-20.14163484,0],[-44.14393048,-20.14163561,0],[-44.14392985,-20.14163559,0],[-44.14392925,-20.14163619,0],[-44.1439245,-20.14163957,0],[-44.14392088,-20.14164127,0],[-44.14391749,-20.14163935,0],[-44.14391474,-20.14163612,0],[-44.14391406,-20.14163356,0],[-44.14391137,-20.14163057,0],[-44.1439088,-20.1416295,0],[-44.14390736,-20.14162705,0],[-44.14390791,-20.14162374,0],[-44.14390747,-20.14162175,0],[-44.14390839,-20.14160898,0],[-44.14390796,-20.14160563,0],[-44.14390734,-20.14160389,0],[-44.14390704,-20.14159994,0],[-44.14390832,-20.14159689,0],[-44.14391158,-20.14159315,0],[-44.1439163,-20.14159552,0],[-44.1439207,-20.14160001,0],[-44.14392067,-20.14160042,0],[-44.1439211,-20.14160084,0],[-44.1439215,-20.14160039,0],[-44.14392157,-20.14160001,0],[-44.14392572,-20.14159532,0],[-44.14393072,-20.14159157,0],[-44.14393112,-20.1415914,0],[-44.14393161,-20.14159102,0],[-44.14393221,-20.14158963,0],[-44.14393443,-20.14158547,0],[-44.14393552,-20.14158201,0],[-44.14393794,-20.14157974,0],[-44.14394036,-20.14157789,0],[-44.14394387,-20.14157631,0],[-44.14394659,-20.14157303,0],[-44.14394998,-20.14156976,0],[-44.14395389,-20.14156403,0],[-44.14395401,-20.14156027,0],[-44.14395376,-20.14155851,0],[-44.14395392,-20.14155499,0],[-44.14395559,-20.14155117,0],[-44.14395933,-20.1415463,0],[-44.14395955,-20.14154598,0],[-44.14395962,-20.14154593,0],[-44.14395967,-20.14154586,0],[-44.14396302,-20.1415401,0],[-44.14396445,-20.14153697,0],[-44.14396361,-20.14153331,0],[-44.1439625,-20.14153051,0],[-44.14396129,-20.14152649,0],[-44.14395978,-20.14152601,0],[-44.143956,-20.14152245,0],[-44.14395455,-20.14151885,0],[-44.14395316,-20.14151611,0],[-44.14395292,-20.14151229,0],[-44.14395222,-20.1415098,0],[-44.14395443,-20.14150465,0],[-44.14395627,-20.14150079,0],[-44.14395632,-20.14149737,0],[-44.14395704,-20.14149451,0],[-44.14395709,-20.14149176,0],[-44.14395999,-20.14148795,0],[-44.14396407,-20.1414866,0],[-44.14396543,-20.14148666,0],[-44.14396957,-20.14148592,0],[-44.14397194,-20.14148502,0],[-44.14397426,-20.1414828,0],[-44.14397491,-20.14147878,0],[-44.14397519,-20.14147754,0],[-44.14397586,-20.14147378,0],[-44.1439742,-20.14146947,0],[-44.14397255,-20.14146472,0],[-44.14397352,-20.14146112,0],[-44.14397321,-20.141459,0],[-44.14397607,-20.14145571,0],[-44.1439769,-20.14145343,0],[-44.14397762,-20.1414483,0],[-44.14397805,-20.14144668,0],[-44.14397474,-20.14144229,0],[-44.1439746,-20.14144214,0],[-44.14397354,-20.14143762,0],[-44.14397256,-20.14143505,0],[-44.14396988,-20.14142912,0],[-44.14396915,-20.14142925,0],[-44.14396828,-20.14142856,0],[-44.14396887,-20.14142761,0],[-44.14396916,-20.14142025,0],[-44.14396938,-20.14141953,0],[-44.14396945,-20.14141908,0],[-44.14396994,-20.14141817,0],[-44.14397113,-20.1414116,0],[-44.14397123,-20.1414105,0],[-44.14397104,-20.14140951,0],[-44.14397058,-20.14140198,0],[-44.14397044,-20.14140107,0],[-44.14397003,-20.14140061,0],[-44.14396794,-20.14139947,0],[-44.1439641,-20.14139801,0],[-44.1439605,-20.14139321,0],[-44.14396016,-20.14139271,0],[-44.14395931,-20.14139237,0],[-44.14395933,-20.14139126,0],[-44.14395636,-20.14138727,0],[-44.14395639,-20.14138332,0],[-44.14395342,-20.14138102,0],[-44.14395101,-20.14137929,0],[-44.14394639,-20.14137861,0],[-44.14394175,-20.14137422,0],[-44.14394163,-20.14137407,0],[-44.14394148,-20.14137366,0],[-44.14393867,-20.14136785,0],[-44.14393861,-20.14136517,0],[-44.14393839,-20.1413622,0],[-44.14393797,-20.14135951,0],[-44.14393776,-20.14135613,0],[-44.14393773,-20.14135248,0],[-44.14393741,-20.14135105,0],[-44.14393739,-20.14134709,0],[-44.14393702,-20.14134272,0],[-44.14393731,-20.14134215,0],[-44.14393581,-20.14133804,0],[-44.14393735,-20.14133395,0],[-44.14393822,-20.14133231,0],[-44.14394036,-20.14132774,0],[-44.14394173,-20.14132648,0],[-44.14394491,-20.141323,0],[-44.1439497,-20.14132004,0],[-44.14394555,-20.14131646,0],[-44.1439418,-20.14131362,0],[-44.14394043,-20.14131227,0],[-44.14393993,-20.14131096,0],[-44.14394038,-20.1413096,0],[-44.14394244,-20.14130248,0],[-44.14394235,-20.14130193,0],[-44.14394231,-20.14130151,0],[-44.14394188,-20.14129892,0],[-44.14394083,-20.14129391,0],[-44.14394065,-20.14129289,0],[-44.14393238,-20.14128703,0],[-44.14393076,-20.14128534,0],[-44.14392994,-20.1412838,0],[-44.14393008,-20.14128161,0],[-44.1439336,-20.14127588,0],[-44.14393402,-20.14127479,0],[-44.14393467,-20.1412727,0],[-44.14393621,-20.14126929,0],[-44.14393698,-20.14126576,0],[-44.14393675,-20.14126177,0],[-44.14393254,-20.14125816,0],[-44.14393186,-20.14125735,0],[-44.14393174,-20.1412567,0],[-44.14393147,-20.14125568,0],[-44.14393147,-20.14124873,0],[-44.1439309,-20.14124766,0],[-44.14393151,-20.14124664,0],[-44.1439326,-20.1412461,0],[-44.14393375,-20.1412466,0],[-44.14393573,-20.14124769,0],[-44.14393781,-20.14125178,0],[-44.14394213,-20.14125386,0],[-44.14395173,-20.14124858,0],[-44.14396129,-20.14125006,0],[-44.14396235,-20.14124881,0],[-44.14396253,-20.14124782,0],[-44.14396242,-20.14124676,0],[-44.14396133,-20.14124178,0],[-44.14396011,-20.14123993,0],[-44.14396046,-20.14123877,0],[-44.14396018,-20.14123766,0],[-44.14396132,-20.14122981,0],[-44.14396126,-20.14122974,0],[-44.14395184,-20.14122739,0],[-44.14394791,-20.14122437,0],[-44.14394532,-20.14122063,0],[-44.143948,-20.14121696,0],[-44.14394853,-20.1412148,0],[-44.14394987,-20.14121161,0],[-44.14394976,-20.14120956,0],[-44.14394986,-20.14120456,0],[-44.14394955,-20.14120028,0],[-44.14394908,-20.14119631,0],[-44.14394887,-20.14119354,0],[-44.14395002,-20.14119164,0],[-44.14395205,-20.14118905,0],[-44.14395486,-20.14118717,0],[-44.14396033,-20.14118456,0],[-44.14396098,-20.14118393,0],[-44.14396165,-20.14118346,0],[-44.14396348,-20.14118285,0],[-44.14396728,-20.14118086,0],[-44.14397123,-20.14118017,0],[-44.14397547,-20.1411796,0],[-44.14397744,-20.14117879,0],[-44.14398081,-20.14117801,0],[-44.14398244,-20.14117716,0],[-44.14398409,-20.14117564,0],[-44.1439844,-20.14117228,0],[-44.14398491,-20.14117044,0],[-44.14398514,-20.14116661,0],[-44.14398373,-20.14116391,0],[-44.1439809,-20.14116178,0],[-44.14397773,-20.14116359,0],[-44.14397464,-20.14116656,0],[-44.14397341,-20.14116855,0],[-44.1439713,-20.1411687,0],[-44.14396967,-20.14116807,0],[-44.14396871,-20.14116653,0],[-44.14396814,-20.14116352,0],[-44.14396722,-20.14116137,0],[-44.14396682,-20.14115748,0],[-44.14396826,-20.14115455,0],[-44.14397138,-20.14115315,0],[-44.14397616,-20.14115301,0],[-44.14398095,-20.14115268,0],[-44.1439841,-20.1411515,0],[-44.14399054,-20.14114944,0],[-44.14399137,-20.14114935,0],[-44.14399805,-20.14115054,0],[-44.1440001,-20.14115042,0],[-44.14400149,-20.14114993,0],[-44.14400274,-20.14114862,0],[-44.14400192,-20.14114692,0],[-44.14400013,-20.14114439,0],[-44.14399646,-20.14114303,0],[-44.14399557,-20.14113955,0],[-44.14399357,-20.14113674,0],[-44.14399114,-20.14113097,0],[-44.1439909,-20.14113049,0],[-44.14399082,-20.14113032,0],[-44.14398859,-20.14112341,0],[-44.14398774,-20.14112144,0],[-44.1439875,-20.14111842,0],[-44.14398812,-20.14111487,0],[-44.1439878,-20.14111241,0],[-44.1439888,-20.14111057,0],[-44.14399076,-20.14110835,0],[-44.14399362,-20.14110608,0],[-44.14399892,-20.14110342,0],[-44.14399946,-20.14110258,0],[-44.14400037,-20.14110021,0],[-44.14400323,-20.14109709,0],[-44.1440075,-20.14109675,0],[-44.14400996,-20.14109585,0],[-44.14401051,-20.14109495,0],[-44.14401041,-20.14109444,0],[-44.14401039,-20.14109405,0],[-44.14400998,-20.14109277,0],[-44.14400786,-20.14109243,0],[-44.14400292,-20.14109204,0],[-44.14400042,-20.14109153,0],[-44.14399862,-20.14108707,0],[-44.14399864,-20.14108535,0],[-44.14399653,-20.14108003,0],[-44.14399483,-20.1410763,0],[-44.14399322,-20.14107415,0],[-44.14399098,-20.14106868,0],[-44.14399044,-20.14106775,0],[-44.14399008,-20.14106724,0],[-44.14398894,-20.1410653,0],[-44.14398718,-20.14106181,0],[-44.14398416,-20.14105817,0],[-44.14398499,-20.14105487,0],[-44.143986,-20.1410534,0],[-44.14398634,-20.14104915,0],[-44.14398771,-20.14104595,0],[-44.14399112,-20.14104297,0],[-44.14399552,-20.14104432,0],[-44.1439964,-20.1410442,0],[-44.14399775,-20.14104646,0],[-44.1440001,-20.14104922,0],[-44.14400014,-20.14104969,0],[-44.14400064,-20.14104996,0],[-44.14400104,-20.14104959,0],[-44.14400162,-20.14104922,0],[-44.14400195,-20.141048,0],[-44.14400388,-20.14104322,0],[-44.14400447,-20.1410402,0],[-44.14400818,-20.14103824,0],[-44.14401028,-20.14103728,0],[-44.14401394,-20.14103679,0],[-44.14401671,-20.1410373,0],[-44.14401985,-20.14103632,0],[-44.14402245,-20.14103783,0],[-44.14402503,-20.1410403,0],[-44.14402161,-20.14104197,0],[-44.14401982,-20.14104199,0],[-44.14401509,-20.14104484,0],[-44.14401307,-20.14104928,0],[-44.14401523,-20.14105356,0],[-44.14401552,-20.14105433,0],[-44.144018,-20.14105997,0],[-44.14401971,-20.14106201,0],[-44.14402276,-20.14106123,0],[-44.14402766,-20.14105682,0],[-44.14403346,-20.14105328,0],[-44.14403891,-20.1410503,0],[-44.14403935,-20.14104982,0],[-44.14403994,-20.14104941,0],[-44.1440396,-20.14104877,0],[-44.14403892,-20.14104861,0],[-44.14403493,-20.1410456,0],[-44.14403402,-20.141045,0],[-44.14403376,-20.14104448,0],[-44.144031,-20.14104033,0],[-44.14403187,-20.14103801,0],[-44.14403295,-20.14103463,0],[-44.14403442,-20.14103131,0],[-44.14403598,-20.14102843,0],[-44.14403905,-20.14102608,0],[-44.14404136,-20.14102448,0],[-44.14404174,-20.14102231,0],[-44.14404194,-20.14101961,0],[-44.14403911,-20.14101384,0],[-44.14403878,-20.14101357,0],[-44.14403825,-20.14101326,0],[-44.14403865,-20.14101281,0],[-44.14403902,-20.14100436,0],[-44.14403907,-20.14100423,0],[-44.14403908,-20.14100414,0],[-44.14403658,-20.14099765,0],[-44.14403665,-20.14099518,0],[-44.14403708,-20.14099316,0],[-44.1440375,-20.14098781,0],[-44.14403779,-20.14098615,0],[-44.14403746,-20.14098444,0],[-44.14403686,-20.14097941,0],[-44.14403635,-20.14097711,0],[-44.1440343,-20.14097282,0],[-44.14403306,-20.14097116,0],[-44.14403094,-20.14096804,0],[-44.14403215,-20.14096584,0],[-44.14403164,-20.14096071,0],[-44.14403653,-20.14096174,0],[-44.1440394,-20.14096062,0],[-44.14404017,-20.14095978,0],[-44.14404034,-20.14095905,0],[-44.14404039,-20.14095814,0],[-44.14403943,-20.14095545,0],[-44.14403592,-20.14095332,0],[-44.14403565,-20.14095,0],[-44.14403118,-20.14094876,0],[-44.1440299,-20.14094876,0],[-44.14402851,-20.14094865,0],[-44.14402673,-20.14094995,0],[-44.14402629,-20.14095334,0],[-44.14402818,-20.14095742,0],[-44.14402722,-20.14095899,0],[-44.14402341,-20.14096195,0],[-44.14402026,-20.14096187,0],[-44.14401738,-20.14096166,0],[-44.14401183,-20.14095892,0],[-44.14401124,-20.14095841,0],[-44.14401303,-20.14095204,0],[-44.14401251,-20.14094988,0],[-44.14401223,-20.14094085,0],[-44.14401197,-20.14093975,0],[-44.14401082,-20.14093813,0],[-44.14400865,-20.14093386,0],[-44.14400736,-20.14093179,0],[-44.14400683,-20.14092796,0],[-44.14400699,-20.14092643,0],[-44.14400609,-20.14092274,0],[-44.14400855,-20.14092052,0],[-44.14401093,-20.1409177,0],[-44.14401317,-20.14091585,0],[-44.14401551,-20.14091375,0],[-44.14401227,-20.1409125,0],[-44.14401096,-20.14091186,0],[-44.14400686,-20.14090857,0],[-44.14400352,-20.14090466,0],[-44.14400306,-20.14090314,0],[-44.14400127,-20.14089582,0],[-44.14400128,-20.14089561,0],[-44.14400133,-20.14089546,0],[-44.14400149,-20.14089542,0],[-44.14401109,-20.14088823,0],[-44.14401234,-20.14088781,0],[-44.14401261,-20.14088663,0],[-44.14401506,-20.14088293,0],[-44.14401558,-20.14088181,0],[-44.14401706,-20.14088106,0],[-44.14402071,-20.14087866,0],[-44.14402185,-20.14087872,0],[-44.14402654,-20.14087767,0],[-44.14402772,-20.14087524,0],[-44.14403031,-20.14087289,0],[-44.14403268,-20.14086646,0],[-44.14403325,-20.14086234,0],[-44.14403537,-20.14085964,0],[-44.14403585,-20.14085574,0],[-44.14404,-20.14085083,0],[-44.14404008,-20.1408507,0],[-44.14404017,-20.14085062,0],[-44.144046,-20.14084727,0],[-44.1440496,-20.140845,0],[-44.14405415,-20.14084639,0],[-44.14405465,-20.14084643,0],[-44.14405915,-20.14084742,0],[-44.14406329,-20.1408456,0],[-44.14406382,-20.1408417,0],[-44.14406179,-20.14083925,0],[-44.14405921,-20.14083753,0],[-44.14404963,-20.14083997,0],[-44.14404407,-20.14083784,0],[-44.14404008,-20.14083601,0],[-44.14403737,-20.14083903,0],[-44.14403428,-20.14084156,0],[-44.14403437,-20.14084525,0],[-44.14403045,-20.14084818,0],[-44.14402789,-20.14084397,0],[-44.14402686,-20.14084152,0],[-44.14402425,-20.14083838,0],[-44.14402341,-20.1408348,0],[-44.14402241,-20.14083247,0],[-44.14402224,-20.14083127,0],[-44.14402099,-20.14082705,0],[-44.14401987,-20.1408245,0],[-44.14401999,-20.14082342,0],[-44.14401738,-20.14081437,0],[-44.14401807,-20.14081153,0],[-44.14402109,-20.14080898,0],[-44.14402506,-20.14080912,0],[-44.14402815,-20.14080777,0],[-44.14403067,-20.14080802,0],[-44.14403104,-20.14080575,0],[-44.14403102,-20.1408054,0],[-44.14403108,-20.14080503,0],[-44.14403068,-20.14080456,0],[-44.14402627,-20.14080053,0],[-44.14402531,-20.14079634,0],[-44.14402536,-20.14079239,0],[-44.14402121,-20.14078822,0],[-44.14402051,-20.14078794,0],[-44.14401966,-20.14078727,0],[-44.14402062,-20.14078672,0],[-44.14402122,-20.14078598,0],[-44.14402514,-20.14078195,0],[-44.14402506,-20.14077827,0],[-44.14402362,-20.14077604,0],[-44.14402107,-20.14076944,0],[-44.14402106,-20.14076921,0],[-44.14401823,-20.1407631,0],[-44.14401511,-20.14075703,0],[-44.14401183,-20.14075385,0],[-44.14400909,-20.14075367,0],[-44.14400408,-20.14075277,0],[-44.14400227,-20.14075263,0],[-44.14399985,-20.14075331,0],[-44.14399517,-20.1407487,0],[-44.14399271,-20.14074955,0],[-44.14399132,-20.14074968,0],[-44.14398568,-20.14074858,0],[-44.14397358,-20.14074923,0],[-44.14396909,-20.14074663,0],[-44.1439687,-20.14074647,0],[-44.14396834,-20.14074591,0],[-44.14396512,-20.14074183,0],[-44.14396409,-20.14073553,0],[-44.14396128,-20.14073543,0],[-44.14395673,-20.14073484,0],[-44.14395452,-20.14073475,0],[-44.14394712,-20.14074174,0],[-44.1439465,-20.14074325,0],[-44.1439479,-20.14074794,0],[-44.14394711,-20.14075291,0],[-44.14394685,-20.1407579,0],[-44.14394659,-20.14075981,0],[-44.14394557,-20.14076052,0],[-44.14394481,-20.14076196,0],[-44.14394022,-20.14076449,0],[-44.1439397,-20.14076459,0],[-44.14393522,-20.1407661,0],[-44.14393197,-20.14076283,0],[-44.14393032,-20.14075973,0],[-44.14393112,-20.14075581,0],[-44.14393109,-20.14075466,0],[-44.14393165,-20.1407507,0],[-44.14393244,-20.14074799,0],[-44.14393535,-20.14074273,0],[-44.14393683,-20.14074309,0],[-44.14394161,-20.14074172,0],[-44.14393944,-20.14073787,0],[-44.1439397,-20.14073675,0],[-44.14393893,-20.14073267,0],[-44.14394051,-20.14072844,0],[-44.14394055,-20.14072784,0],[-44.14394158,-20.14072365,0],[-44.14393855,-20.14072071,0],[-44.14393547,-20.14071942,0],[-44.14393302,-20.1407169,0],[-44.14393257,-20.14071457,0],[-44.14393301,-20.14071221,0],[-44.14393553,-20.14070987,0],[-44.14393824,-20.14070812,0],[-44.14393926,-20.14070556,0],[-44.14394172,-20.14070235,0],[-44.14394515,-20.1407004,0],[-44.14394826,-20.14069951,0],[-44.1439508,-20.14069658,0],[-44.14394892,-20.14069304,0],[-44.1439452,-20.1406906,0],[-44.14394385,-20.1406888,0],[-44.14394383,-20.14068751,0],[-44.14394151,-20.14068399,0],[-44.14394083,-20.14068263,0],[-44.14393843,-20.14068105,0],[-44.14393569,-20.14067899,0],[-44.14393527,-20.14067884,0],[-44.14393496,-20.14067843,0],[-44.14393442,-20.1406694,0],[-44.1439337,-20.14066745,0],[-44.14393209,-20.14066383,0],[-44.14393108,-20.14066034,0],[-44.14392883,-20.14065788,0],[-44.14392627,-20.14065204,0],[-44.14392578,-20.14065175,0],[-44.14392545,-20.14065128,0],[-44.14392028,-20.1406479,0],[-44.14391676,-20.14064283,0],[-44.14391638,-20.14064255,0],[-44.14391599,-20.1406422,0],[-44.14391179,-20.14063786,0],[-44.14390722,-20.14063625,0],[-44.14390531,-20.14063492,0],[-44.14390225,-20.1406331,0],[-44.14390393,-20.14062996,0],[-44.14390728,-20.14062607,0],[-44.14390857,-20.14062531,0],[-44.14390905,-20.14062409,0],[-44.14390826,-20.14062318,0],[-44.1439073,-20.14062286,0],[-44.14390273,-20.14061936,0],[-44.14389909,-20.14061501,0],[-44.14390272,-20.14061064,0],[-44.14390716,-20.14060601,0],[-44.14390723,-20.14060586,0],[-44.14390602,-20.1405983,0],[-44.14390628,-20.14059697,0],[-44.14390662,-20.14058794,0],[-44.14390655,-20.14058705,0],[-44.14390728,-20.14057915,0],[-44.14390725,-20.14057891,0],[-44.14390738,-20.14057876,0],[-44.14390754,-20.14057869,0],[-44.14390806,-20.14057842,0],[-44.14391402,-20.14057601,0],[-44.14391714,-20.140573,0],[-44.14392141,-20.14057493,0],[-44.143923,-20.1405755,0],[-44.14392668,-20.14057695,0],[-44.14392902,-20.1405768,0],[-44.14393412,-20.14057904,0],[-44.14393109,-20.14058321,0],[-44.14392612,-20.14058756,0],[-44.14392502,-20.14058803,0],[-44.14391846,-20.14058933,0],[-44.14391705,-20.14058927,0],[-44.14391389,-20.14059095,0],[-44.14391084,-20.14059115,0],[-44.14391114,-20.14059352,0],[-44.14390957,-20.14059699,0],[-44.14390911,-20.14059857,0],[-44.14390755,-20.14060601,0],[-44.14391254,-20.14061019,0],[-44.14391693,-20.14061152,0],[-44.14392027,-20.14061195,0],[-44.14392546,-20.14061418,0],[-44.14392648,-20.1406144,0],[-44.14393166,-20.14061101,0],[-44.14393608,-20.14060893,0],[-44.14393848,-20.14060844,0],[-44.14394277,-20.14060619,0],[-44.14394035,-20.14060217,0],[-44.14393611,-20.14060168,0],[-44.14393357,-20.14059952,0],[-44.14393198,-20.1405971,0],[-44.1439322,-20.14059336,0],[-44.14393617,-20.14059098,0],[-44.1439404,-20.14059314,0],[-44.14394571,-20.14059672,0],[-44.14394714,-20.14059582,0],[-44.14395096,-20.14059309,0],[-44.14395531,-20.14059162,0],[-44.14395728,-20.14059004,0],[-44.14395879,-20.14058819,0],[-44.14396117,-20.14058468,0],[-44.14396492,-20.14058255,0],[-44.14397449,-20.14058171,0],[-44.14397608,-20.14058074,0],[-44.14397583,-20.14057924,0],[-44.14397585,-20.14057798,0],[-44.14397452,-20.1405766,0],[-44.14397164,-20.1405765,0],[-44.14396821,-20.14057613,0],[-44.14396146,-20.14057587,0],[-44.14395929,-20.14057548,0],[-44.14395539,-20.14057534,0],[-44.1439507,-20.14057452,0],[-44.14394981,-20.14057383,0],[-44.14394585,-20.1405716,0],[-44.14394441,-20.14057141,0],[-44.14394415,-20.14057005,0],[-44.14393975,-20.14056677,0],[-44.1439363,-20.14056713,0],[-44.14393245,-20.14056461,0],[-44.14392961,-20.14056094,0],[-44.14392935,-20.14055852,0],[-44.14392678,-20.14055853,0],[-44.14392317,-20.1405575,0],[-44.14392083,-20.14055749,0],[-44.14391723,-20.14055501,0],[-44.14391575,-20.14055325,0],[-44.14391286,-20.14055183,0],[-44.14390822,-20.14055131,0],[-44.14390769,-20.14055143,0],[-44.14390698,-20.14055113,0],[-44.14390051,-20.14054952,0],[-44.14389814,-20.14054754,0],[-44.14389611,-20.14054464,0],[-44.14389584,-20.14054271,0],[-44.14389647,-20.1405411,0],[-44.1438982,-20.140536,0],[-44.14389914,-20.14053457,0],[-44.14390004,-20.14053369,0],[-44.14390486,-20.14052468,0],[-44.14390302,-20.14052021,0],[-44.14390274,-20.14051984,0],[-44.14389995,-20.14051562,0],[-44.14389981,-20.14051422,0],[-44.14389836,-20.14050816,0],[-44.1438982,-20.14050673,0],[-44.14389815,-20.14050658,0],[-44.14389822,-20.14050644,0],[-44.14389837,-20.14050599,0],[-44.14390164,-20.14050062,0],[-44.14390263,-20.14049756,0],[-44.14390162,-20.14049455,0],[-44.14389856,-20.1404886,0],[-44.14389852,-20.14048851,0],[-44.14389851,-20.14048846,0],[-44.14389846,-20.14048843,0],[-44.14389505,-20.14048271,0],[-44.14389344,-20.14047945,0],[-44.14389392,-20.14047509,0],[-44.14389412,-20.14047459,0],[-44.14389485,-20.14047042,0],[-44.14389562,-20.14046763,0],[-44.14389599,-20.14046385,0],[-44.14389651,-20.14046139,0],[-44.14389695,-20.14045982,0],[-44.14389738,-20.14045356,0],[-44.14389762,-20.14045236,0],[-44.14389359,-20.14044812,0],[-44.14388913,-20.14044479,0],[-44.14388802,-20.14044433,0],[-44.1438796,-20.14043876,0],[-44.14387707,-20.14043658,0],[-44.14387551,-20.14043418,0],[-44.14387443,-20.14042514,0],[-44.14387652,-20.14042216,0],[-44.1438797,-20.14042018,0],[-44.14388418,-20.14042039,0],[-44.14388471,-20.14042046,0],[-44.14388926,-20.14042064,0],[-44.14389359,-20.14042115,0],[-44.14389447,-20.14042112,0],[-44.14389883,-20.1404215,0],[-44.14390319,-20.14042036,0],[-44.14390813,-20.14041627,0],[-44.14390816,-20.14041602,0],[-44.14390843,-20.14041514,0],[-44.14390997,-20.14040867,0],[-44.1439101,-20.14040724,0],[-44.14391143,-20.14039821,0],[-44.14391169,-20.14039524,0],[-44.1439123,-20.14039272,0],[-44.14391253,-20.14038918,0],[-44.14391141,-20.14038651,0],[-44.14391162,-20.14038299,0],[-44.14391102,-20.14038014,0],[-44.14391128,-20.14037764,0],[-44.14390967,-20.14037205,0],[-44.1439099,-20.1403711,0],[-44.14390972,-20.14037011,0],[-44.14390869,-20.140367,0],[-44.14390552,-20.14036204,0],[-44.1439035,-20.14035794,0],[-44.14390036,-20.14035298,0],[-44.14389921,-20.14035148,0],[-44.14389611,-20.14034688,0],[-44.14389498,-20.14034392,0],[-44.14389326,-20.14034055,0],[-44.14389069,-20.14033486,0],[-44.14388977,-20.14032742,0],[-44.14388925,-20.14032582,0],[-44.14388944,-20.14032549,0],[-44.14388979,-20.14032508,0],[-44.14389192,-20.14031878,0],[-44.14389296,-20.1403168,0],[-44.14389526,-20.14031288,0],[-44.14389896,-20.1403078,0],[-44.14389454,-20.1403034,0],[-44.14389089,-20.14029872,0],[-44.14389095,-20.14029776,0],[-44.14389026,-20.14028995,0],[-44.14389029,-20.14028968,0],[-44.14389077,-20.14028065,0],[-44.14389041,-20.14028029,0],[-44.14389003,-20.14028004,0],[-44.14388953,-20.14028017,0],[-44.14388878,-20.14028064,0],[-44.14388478,-20.14028472,0],[-44.14388044,-20.14028471,0],[-44.14387745,-20.1402868,0],[-44.14387572,-20.14028961,0],[-44.14387531,-20.14029385,0],[-44.1438749,-20.14029479,0],[-44.14387421,-20.14029864,0],[-44.14387242,-20.14030017,0],[-44.14387079,-20.1403003,0],[-44.14386772,-20.14030477,0],[-44.14386727,-20.14030764,0],[-44.14386725,-20.14031093,0],[-44.14386699,-20.14031315,0],[-44.14386695,-20.14031667,0],[-44.14386624,-20.14032085,0],[-44.14386636,-20.14032164,0],[-44.14386493,-20.1403257,0],[-44.14386385,-20.14032832,0],[-44.14386106,-20.14032963,0],[-44.14385938,-20.14033315,0],[-44.14385935,-20.14033471,0],[-44.14385881,-20.14033679,0],[-44.14385825,-20.14034115,0],[-44.14385732,-20.14034373,0],[-44.1438555,-20.14034761,0],[-44.14385137,-20.14035262,0],[-44.14385128,-20.14035266,0],[-44.14385118,-20.14035274,0],[-44.14384755,-20.14035818,0],[-44.14384553,-20.14036175,0],[-44.14384438,-20.14036424,0],[-44.14384199,-20.14037049,0],[-44.14384188,-20.14037077,0],[-44.1438417,-20.14037097,0],[-44.14384096,-20.14037146,0],[-44.14383568,-20.14037411,0],[-44.14383422,-20.14037776,0],[-44.14383296,-20.14037976,0],[-44.14383304,-20.14038067,0],[-44.14383452,-20.14038646,0],[-44.14383488,-20.14039151,0],[-44.14383552,-20.14039452,0],[-44.14383572,-20.14039784,0],[-44.1438349,-20.14040061,0],[-44.14383194,-20.14040642,0],[-44.14383138,-20.14040633,0],[-44.14382256,-20.14040664,0],[-44.14382237,-20.14040659,0],[-44.14381708,-20.14040277,0],[-44.14381283,-20.14040043,0],[-44.14381155,-20.14039894,0],[-44.1438111,-20.14039772,0],[-44.14381161,-20.14039655,0],[-44.14381286,-20.14039583,0],[-44.14381669,-20.14039232,0],[-44.14381755,-20.14038872,0],[-44.14381786,-20.14038435,0],[-44.14382251,-20.14038038,0],[-44.1438233,-20.14038045,0],[-44.1438261,-20.14037973,0],[-44.14382422,-20.14037812,0],[-44.14382255,-20.14037363,0],[-44.14382154,-20.14037163,0],[-44.14382176,-20.14037067,0],[-44.14382106,-20.14036924,0],[-44.14382021,-20.14036388,0],[-44.14381602,-20.14036161,0],[-44.14381333,-20.14036132,0],[-44.14381306,-20.14035922,0],[-44.14380958,-20.14035584,0],[-44.14380845,-20.14035253,0],[-44.14381047,-20.14035005,0],[-44.14381106,-20.14034547,0],[-44.1438118,-20.14034351,0],[-44.14380802,-20.14033933,0],[-44.14380812,-20.14033873,0],[-44.14380701,-20.14033445,0],[-44.1438055,-20.14032541,0],[-44.14380541,-20.14032378,0],[-44.14380369,-20.14032274,0],[-44.14380158,-20.14031837,0],[-44.14380098,-20.14031635,0],[-44.14380156,-20.1403143,0],[-44.14380375,-20.1403115,0],[-44.14380828,-20.14031163,0],[-44.14380892,-20.14031151,0],[-44.14381332,-20.14031169,0],[-44.14381613,-20.14031004,0],[-44.14381646,-20.14030739,0],[-44.14381379,-20.14029834,0],[-44.14381382,-20.14029794,0],[-44.14381395,-20.14028979,0],[-44.143814,-20.14028931,0],[-44.14381382,-20.14028896,0],[-44.14381345,-20.14028788,0],[-44.14381067,-20.14028291,0],[-44.14381003,-20.14028026,0],[-44.14380396,-20.14027398,0],[-44.14380328,-20.14027184,0],[-44.14380333,-20.14027119,0],[-44.14380333,-20.14027058,0],[-44.14380399,-20.14026722,0],[-44.1438053,-20.14026338,0],[-44.14380516,-20.14026216,0],[-44.14380546,-20.14026081,0],[-44.14380691,-20.14025582,0],[-44.14380741,-20.14025314,0],[-44.14380784,-20.1402496,0],[-44.14380794,-20.14024773,0],[-44.14380844,-20.1402441,0],[-44.14380929,-20.14023993,0],[-44.14380957,-20.14023899,0],[-44.14381113,-20.14023261,0],[-44.14381065,-20.14022899,0],[-44.14381108,-20.14022605,0],[-44.14381131,-20.14022369,0],[-44.14381383,-20.14021871,0],[-44.14381458,-20.14021773,0],[-44.14381505,-20.14021703,0],[-44.1438149,-20.14021603,0],[-44.14381602,-20.14021002,0],[-44.14381585,-20.140208,0],[-44.14381653,-20.14020552,0],[-44.14381672,-20.14020161,0],[-44.143818,-20.14019897,0],[-44.14381554,-20.14019745,0],[-44.14381394,-20.14019757,0],[-44.143813,-20.14019807,0],[-44.14381066,-20.14019894,0],[-44.14380822,-20.14020259,0],[-44.14380434,-20.14020349,0],[-44.14380218,-20.1402059,0],[-44.14379923,-20.14020792,0],[-44.14379788,-20.14021088,0],[-44.14379471,-20.14021427,0],[-44.14379307,-20.14021537,0],[-44.14378572,-20.14021633,0],[-44.14378513,-20.14021653,0],[-44.14378456,-20.14021688,0],[-44.14377943,-20.14022052,0],[-44.14377554,-20.14022208,0],[-44.14377327,-20.14022373,0],[-44.14376826,-20.14022584,0],[-44.14376747,-20.14022728,0],[-44.14376593,-20.14022989,0],[-44.1437636,-20.14023267,0],[-44.14375779,-20.14023345,0],[-44.14375634,-20.14023403,0],[-44.14375403,-20.1402348,0],[-44.14375069,-20.14023851,0],[-44.14374673,-20.14024216,0],[-44.14374608,-20.1402432,0],[-44.14373822,-20.14024376,0],[-44.14373738,-20.14024397,0],[-44.14373715,-20.14024392,0],[-44.14373669,-20.14024418,0],[-44.14373181,-20.14024774,0],[-44.14372755,-20.14024873,0],[-44.14372525,-20.14025056,0],[-44.14372316,-20.14025272,0],[-44.14372145,-20.14025603,0],[-44.14371793,-20.14025858,0],[-44.14371627,-20.14026016,0],[-44.14371417,-20.14026172,0],[-44.14371213,-20.14026529,0],[-44.14370831,-20.1402683,0],[-44.14370705,-20.14026954,0],[-44.14370633,-20.14027071,0],[-44.14370507,-20.14027374,0],[-44.14370826,-20.14027809,0],[-44.14370877,-20.14027928,0],[-44.14370876,-20.14027976,0],[-44.14370861,-20.1402801,0],[-44.14370825,-20.14028039,0],[-44.14370765,-20.14028032,0],[-44.14370666,-20.14027975,0],[-44.14370205,-20.14027657,0],[-44.14369869,-20.14027766,0],[-44.14369629,-20.14027743,0],[-44.14369165,-20.14027968,0],[-44.14369077,-20.14028124,0],[-44.14368965,-20.14028815,0],[-44.14368947,-20.1402887,0],[-44.14368943,-20.14028905,0],[-44.14368906,-20.14028984,0],[-44.1436883,-20.14028942,0],[-44.14368779,-20.1402887,0],[-44.14368447,-20.14027964,0],[-44.14368161,-20.14027769,0],[-44.14367956,-20.14027683,0],[-44.14367778,-20.14027793,0],[-44.14367751,-20.14027961,0],[-44.14367458,-20.14028396,0],[-44.14366995,-20.14028587,0],[-44.14366838,-20.14028713,0],[-44.14366203,-20.14028701,0],[-44.14365951,-20.14028775,0],[-44.14365881,-20.14028855,0],[-44.14365727,-20.14029146,0],[-44.14365707,-20.1402945,0],[-44.14365352,-20.14029496,0],[-44.14365076,-20.1402964,0],[-44.14364979,-20.14029664,0],[-44.14364664,-20.14029753,0],[-44.14364333,-20.14029956,0],[-44.14363883,-20.14029971,0],[-44.14363387,-20.14029961,0],[-44.1436316,-20.14029966,0],[-44.14362838,-20.14030048,0],[-44.14362565,-20.14030085,0],[-44.14362202,-20.14030215,0],[-44.14361916,-20.14030374,0],[-44.14361852,-20.14030643,0],[-44.1436159,-20.14030971,0],[-44.1436124,-20.14031189,0],[-44.14360893,-20.14031214,0],[-44.14360664,-20.14031541,0],[-44.14360471,-20.14031719,0],[-44.1436028,-20.14031814,0],[-44.14359862,-20.14032047,0],[-44.14359743,-20.1403244,0],[-44.14359549,-20.14032657,0],[-44.14359318,-20.14032778,0],[-44.14358866,-20.14032862,0],[-44.14358817,-20.14032866,0],[-44.1435836,-20.14032978,0],[-44.1435811,-20.140331,0],[-44.14358078,-20.14033335,0],[-44.14357759,-20.14033673,0],[-44.14357398,-20.14033876,0],[-44.14357188,-20.14034037,0],[-44.14356823,-20.14034233,0],[-44.14356639,-20.14034421,0],[-44.14356438,-20.14034535,0],[-44.14356128,-20.14034842,0],[-44.14355601,-20.1403513,0],[-44.14355537,-20.14035186,0],[-44.14355478,-20.14035209,0],[-44.14355097,-20.14035674,0],[-44.14354845,-20.14035721,0],[-44.14354517,-20.14035862,0],[-44.14354368,-20.14035887,0],[-44.14353757,-20.14036025,0],[-44.14353654,-20.14036113,0],[-44.14353559,-20.14036136,0],[-44.14353223,-20.14036339,0],[-44.14353056,-20.14036452,0],[-44.143526,-20.14036627,0],[-44.14352334,-20.14036671,0],[-44.14351739,-20.14036919,0],[-44.14351679,-20.14036954,0],[-44.14351641,-20.14036965,0],[-44.143516,-20.14036957,0],[-44.14351339,-20.14036917,0],[-44.14350798,-20.14036808,0],[-44.14350686,-20.14036769,0],[-44.14350574,-20.14036807,0],[-44.14350475,-20.14036913,0],[-44.14349984,-20.14037153,0],[-44.14349726,-20.14037329,0],[-44.14349418,-20.14037521,0],[-44.14349163,-20.1403781,0],[-44.1434894,-20.14037974,0],[-44.14348765,-20.14038076,0],[-44.14348428,-20.14038393,0],[-44.14348163,-20.14038708,0],[-44.14347989,-20.14038883,0],[-44.14347803,-20.14038969,0],[-44.14346845,-20.14039274,0],[-44.14346482,-20.14039261,0],[-44.1434611,-20.14039392,0],[-44.14345888,-20.14039373,0],[-44.14345751,-20.14039471,0],[-44.14345724,-20.140396,0],[-44.14345299,-20.14039948,0],[-44.14344927,-20.14040062,0],[-44.14344623,-20.14040212,0],[-44.14344395,-20.14040497,0],[-44.14344234,-20.14040749,0],[-44.14343966,-20.14040877,0],[-44.1434356,-20.14040876,0],[-44.14343421,-20.14040882,0],[-44.14342598,-20.14040877,0],[-44.14342428,-20.14040842,0],[-44.14342053,-20.14040838,0],[-44.14341634,-20.14040992,0],[-44.14341272,-20.14041385,0],[-44.14341245,-20.1404153,0],[-44.1434109,-20.14041978,0],[-44.14340927,-20.14042134,0],[-44.14340517,-20.14042285,0],[-44.14340177,-20.14042327,0],[-44.14340131,-20.14042321,0],[-44.14340048,-20.14042361,0],[-44.14339362,-20.14042458,0],[-44.1433917,-20.14043126,0],[-44.14339145,-20.14043159,0],[-44.14339107,-20.14043182,0],[-44.14338212,-20.14043264,0],[-44.14338078,-20.14043304,0],[-44.14337459,-20.14043367,0],[-44.14337254,-20.14043482,0],[-44.1433682,-20.1404358,0],[-44.14336793,-20.14043171,0],[-44.14336713,-20.14042782,0],[-44.14336695,-20.14042638,0],[-44.14336629,-20.14042266,0],[-44.14336641,-20.1404195,0],[-44.14336625,-20.14041662,0],[-44.14336639,-20.14041363,0],[-44.14337268,-20.1404093,0],[-44.14337597,-20.14040774,0],[-44.14337953,-20.14040466,0],[-44.14338117,-20.14040362,0],[-44.14338228,-20.14040342,0],[-44.14338382,-20.14040323,0],[-44.14339027,-20.14040321,0],[-44.14339185,-20.14040296,0],[-44.14339498,-20.14040179,0],[-44.14339722,-20.14040077,0],[-44.14340144,-20.14039958,0],[-44.14340541,-20.1403995,0],[-44.14340772,-20.14039886,0],[-44.14341101,-20.14039874,0],[-44.1434131,-20.14039775,0],[-44.14341395,-20.14039579,0],[-44.1434177,-20.14039306,0],[-44.14342062,-20.14039196,0],[-44.1434302,-20.14038962,0],[-44.14343233,-20.14038886,0],[-44.1434365,-20.14038686,0],[-44.143438,-20.14038519,0],[-44.1434398,-20.14038354,0],[-44.14344378,-20.14038162,0],[-44.14344593,-20.14038113,0],[-44.14344938,-20.14037997,0],[-44.14345106,-20.14037948,0],[-44.1434526,-20.14037791,0],[-44.14345615,-20.14037525,0],[-44.143459,-20.14037103,0],[-44.14345995,-20.14036979,0],[-44.14346109,-20.14036696,0],[-44.14346241,-20.14036306,0],[-44.1434639,-20.14035989,0],[-44.14346674,-20.14035811,0],[-44.14346864,-20.14035747,0],[-44.14347821,-20.14035649,0],[-44.1434829,-20.14035557,0],[-44.14348309,-20.14035555,0],[-44.14348779,-20.14035429,0],[-44.14349026,-20.14035331,0],[-44.1434923,-20.14035099,0],[-44.14349436,-20.14034814,0],[-44.1434974,-20.14034628,0],[-44.14350181,-20.14034616,0],[-44.14350385,-20.14034496,0],[-44.14350698,-20.14034462,0],[-44.14350792,-20.14034292,0],[-44.1435166,-20.14033512,0],[-44.14351712,-20.14033352,0],[-44.14351718,-20.14033304,0],[-44.14351688,-20.14033279,0],[-44.14351661,-20.14033265,0],[-44.14351588,-20.14033234,0],[-44.14350942,-20.14033077,0],[-44.14350707,-20.14032885,0],[-44.14350504,-20.14032588,0],[-44.14350502,-20.14032395,0],[-44.14350553,-20.14032246,0],[-44.14350712,-20.14031943,0],[-44.14351121,-20.14031494,0],[-44.14351366,-20.14031206,0],[-44.14351674,-20.14031007,0],[-44.14352009,-20.14030911,0],[-44.14352332,-20.14030879,0],[-44.14352631,-20.14030816,0],[-44.14353587,-20.14031005,0],[-44.14353997,-20.14030992,0],[-44.14354157,-20.14030971,0],[-44.14354544,-20.14030956,0],[-44.143555,-20.14031123,0],[-44.14356455,-20.14031462,0],[-44.14356515,-20.14031464,0],[-44.14356641,-20.14031521,0],[-44.14357408,-20.14032065,0],[-44.14357802,-20.14031898,0],[-44.14358367,-20.14031635,0],[-44.14358465,-20.14031622,0],[-44.14358615,-20.14031531,0],[-44.1435907,-20.14031291,0],[-44.14359327,-20.14031076,0],[-44.14359657,-20.14030943,0],[-44.14360101,-20.14030458,0],[-44.14360288,-20.14030304,0],[-44.14360683,-20.14029734,0],[-44.14361251,-20.14029261,0],[-44.14361511,-20.14029079,0],[-44.14361592,-20.14028835,0],[-44.14361553,-20.14028552,0],[-44.14361257,-20.14028077,0],[-44.14361213,-20.14027971,0],[-44.14361212,-20.14027929,0],[-44.14361229,-20.14027901,0],[-44.14361258,-20.14027846,0],[-44.14362218,-20.14027318,0],[-44.1436236,-20.14027165,0],[-44.14362422,-20.14027031,0],[-44.14363179,-20.14026529,0],[-44.14363466,-20.14026404,0],[-44.143637,-20.14026134,0],[-44.14363836,-20.14025848,0],[-44.14364187,-20.14025275,0],[-44.14364578,-20.14024331,0],[-44.14364775,-20.14024019,0],[-44.14365113,-20.14023434,0],[-44.14365114,-20.1402343,0],[-44.14365113,-20.14023427,0],[-44.14365195,-20.14022604,0],[-44.14365185,-20.14022527,0],[-44.14365468,-20.14021625,0],[-44.1436608,-20.14020934,0],[-44.14366324,-20.14020956,0],[-44.14366905,-20.14020853,0],[-44.14367037,-20.14020876,0],[-44.14367236,-20.14020918,0],[-44.14367672,-20.14021035,0],[-44.14367992,-20.14021094,0],[-44.14368949,-20.14021073,0],[-44.14369274,-20.14021046,0],[-44.1436969,-20.14020946,0],[-44.14369907,-20.14020922,0],[-44.14369987,-20.14020819,0],[-44.14370016,-20.14020743,0],[-44.1437037,-20.14020276,0],[-44.14370663,-20.14019843,0],[-44.14370734,-20.14019715,0],[-44.14370871,-20.14019616,0],[-44.14371829,-20.14019326,0],[-44.1437271,-20.14018875,0],[-44.14372788,-20.14018828,0],[-44.14373681,-20.14018051,0],[-44.14373723,-20.14018026,0],[-44.1437375,-20.14018016,0],[-44.14373794,-20.14018009,0],[-44.14374589,-20.14017944,0],[-44.14374707,-20.14017921,0],[-44.14374956,-20.14017822,0],[-44.14375264,-20.1401768,0],[-44.14375984,-20.14017458,0],[-44.14376546,-20.14017235,0],[-44.14376624,-20.14017207,0],[-44.1437674,-20.14017162,0],[-44.14377583,-20.14016791,0],[-44.14377863,-20.14016527,0],[-44.14378238,-20.14016266,0],[-44.14378389,-20.14016121,0],[-44.14378544,-20.14016005,0],[-44.14378977,-20.14015773,0],[-44.14379124,-20.14015724,0],[-44.14379503,-20.14015569,0],[-44.14379782,-20.1401537,0],[-44.14380465,-20.14014613,0],[-44.14380539,-20.14014539,0],[-44.14380616,-20.1401447,0],[-44.14381426,-20.14013957,0],[-44.14381738,-20.14013867,0],[-44.14382176,-20.1401377,0],[-44.14382384,-20.14013716,0],[-44.14382494,-20.14013679,0],[-44.14382757,-20.14013577,0],[-44.14383154,-20.14013401,0],[-44.14383342,-20.14013383,0],[-44.14383559,-20.14013377,0],[-44.14383977,-20.14013278,0],[-44.143843,-20.14013272,0],[-44.14385257,-20.1401308,0],[-44.14385554,-20.14012967,0],[-44.14385938,-20.14012689,0],[-44.14386218,-20.14012331,0],[-44.14386571,-20.1401212,0],[-44.14386822,-20.1401179,0],[-44.14387001,-20.14011623,0],[-44.1438718,-20.14011484,0],[-44.14387545,-20.14011234,0],[-44.1438792,-20.14010891,0],[-44.1438801,-20.14010769,0],[-44.14388141,-20.14010639,0],[-44.14388527,-20.14010353,0],[-44.14388871,-20.14010209,0],[-44.14389169,-20.14010058,0],[-44.1438925,-20.14009994,0],[-44.14389478,-20.14009641,0],[-44.14389561,-20.14009524,0],[-44.14389858,-20.14008899,0],[-44.14390066,-20.14008589,0],[-44.14390212,-20.14008329,0],[-44.14390277,-20.14008192,0],[-44.14390843,-20.14007114,0],[-44.14391032,-20.14006913,0],[-44.14391361,-20.140067,0],[-44.14391923,-20.14006457,0],[-44.14391991,-20.14006423,0],[-44.14392013,-20.14006414,0],[-44.14392032,-20.14006393,0],[-44.14392066,-20.14006324,0],[-44.14392301,-20.14005781,0],[-44.14392458,-20.14005492,0],[-44.14392671,-20.14005226,0],[-44.14392957,-20.14004781,0],[-44.14393079,-20.14004707,0],[-44.14393353,-20.14004593,0],[-44.14393915,-20.14004424,0],[-44.14394046,-20.14004473,0],[-44.14394869,-20.1400506,0],[-44.14395103,-20.14005282,0],[-44.14395235,-20.14005505,0],[-44.14395114,-20.1400574,0],[-44.14394865,-20.14005771,0],[-44.14394511,-20.14006073,0],[-44.1439436,-20.14006405,0],[-44.14394476,-20.14006767,0],[-44.14394771,-20.14007229,0],[-44.14394812,-20.14007311,0],[-44.14394821,-20.14007344,0],[-44.14394856,-20.14007418,0],[-44.14394982,-20.14007431,0],[-44.14395741,-20.14007383,0],[-44.14395813,-20.14007394,0],[-44.14395926,-20.14007424,0],[-44.14396621,-20.14007459,0],[-44.14396769,-20.14007531,0],[-44.14396796,-20.14007345,0],[-44.14396807,-20.1400732,0],[-44.14396818,-20.14007275,0],[-44.14396874,-20.14006511,0],[-44.14396907,-20.14006417,0],[-44.14397046,-20.14006163,0],[-44.14396945,-20.14005671,0],[-44.14397407,-20.14005825,0],[-44.14397735,-20.1400571,0],[-44.14397815,-20.14005593,0],[-44.14397853,-20.14005518,0],[-44.14398025,-20.14005248,0],[-44.14398159,-20.14005013,0],[-44.14398499,-20.14004618,0],[-44.14398565,-20.14004492,0],[-44.14398699,-20.14004414,0],[-44.14398988,-20.14003988,0],[-44.14399079,-20.14003717,0],[-44.1439927,-20.14003348,0],[-44.14399663,-20.14003016,0],[-44.14399797,-20.14002943,0],[-44.14399917,-20.14002818,0],[-44.14400222,-20.1400244,0],[-44.14400624,-20.14002291,0],[-44.14400858,-20.14002139,0],[-44.1440103,-20.14001919,0],[-44.1440122,-20.14001576,0],[-44.14401587,-20.14001145,0],[-44.14401667,-20.14001094,0],[-44.1440171,-20.14001019,0],[-44.14402158,-20.14000654,0],[-44.14402549,-20.14000281,0],[-44.14402637,-20.14000203,0],[-44.1440268,-20.1400012,0],[-44.14403083,-20.1399972,0],[-44.1440351,-20.13999367,0],[-44.14403624,-20.13999329,0],[-44.1440376,-20.13999222,0],[-44.14404183,-20.13998954,0],[-44.14404473,-20.1399836,0],[-44.14404505,-20.13998322,0],[-44.1440504,-20.13997955,0],[-44.14405434,-20.13997548,0],[-44.14405513,-20.13997498,0],[-44.14405574,-20.13997424,0],[-44.14405978,-20.13997034,0],[-44.14406396,-20.13996559,0],[-44.14406417,-20.13996545,0],[-44.14406434,-20.13996524,0],[-44.14406448,-20.13996475,0],[-44.14406717,-20.13995922,0],[-44.14406769,-20.13995622,0],[-44.14407013,-20.13995297,0],[-44.14407538,-20.13994889,0],[-44.14407604,-20.13994723,0],[-44.14408176,-20.13993822,0],[-44.14408213,-20.13993716,0],[-44.14408325,-20.13993622,0],[-44.14408693,-20.13993267,0],[-44.14408867,-20.13992922,0],[-44.14409026,-20.13992676,0],[-44.14409634,-20.13992348,0],[-44.14410002,-20.13992024,0],[-44.14410023,-20.13991811,0],[-44.14410251,-20.13991295,0],[-44.1441031,-20.13991177,0],[-44.14410326,-20.13991122,0],[-44.14410297,-20.13991079,0],[-44.14410253,-20.1399103,0],[-44.14409834,-20.13990614,0],[-44.14409527,-20.13990214,0],[-44.14409424,-20.13990098,0],[-44.14409302,-20.1399004,0],[-44.14409136,-20.13990056,0],[-44.14408537,-20.13990028,0],[-44.14408345,-20.13990042,0],[-44.14408252,-20.13990121,0],[-44.14408189,-20.13990208,0],[-44.14407818,-20.13990615,0],[-44.14407257,-20.13990988,0],[-44.1440683,-20.13991489,0],[-44.14406421,-20.13991876,0],[-44.14406204,-20.13992005,0],[-44.14405771,-20.13992295,0],[-44.14405461,-20.13992546,0],[-44.14405301,-20.13992755,0],[-44.1440495,-20.13993328,0],[-44.14404923,-20.13993407,0],[-44.14404671,-20.1399397,0],[-44.14404496,-20.13994046,0],[-44.14404039,-20.13994275,0],[-44.14403622,-20.13994703,0],[-44.14403592,-20.13994757,0],[-44.14403358,-20.13994869,0],[-44.14402935,-20.13995038,0],[-44.14402576,-20.13995279,0],[-44.14402346,-20.13995384,0],[-44.14402057,-20.13995599,0],[-44.14401616,-20.13995879,0],[-44.14401168,-20.13996017,0],[-44.14401116,-20.13996027,0],[-44.14400657,-20.13996237,0],[-44.14400343,-20.13996495,0],[-44.14400021,-20.13996798,0],[-44.14399695,-20.13997129,0],[-44.14399523,-20.13997232,0],[-44.14399373,-20.13997394,0],[-44.14399088,-20.13997725,0],[-44.14398735,-20.13997822,0],[-44.14398377,-20.13997955,0],[-44.14397777,-20.13998141,0],[-44.14397433,-20.13998288,0],[-44.14396992,-20.1399845,0],[-44.14396818,-20.13998494,0],[-44.14396405,-20.13998671,0],[-44.14396309,-20.13998707,0],[-44.14395859,-20.13998955,0],[-44.14395675,-20.13999009,0],[-44.14395414,-20.13999181,0],[-44.14395038,-20.1399931,0],[-44.143949,-20.13999348,0],[-44.1439461,-20.1399945,0],[-44.14394292,-20.13999506,0],[-44.14393941,-20.13999739,0],[-44.14393714,-20.13999863,0],[-44.14393102,-20.14000074,0],[-44.14393003,-20.14000093,0],[-44.14392982,-20.14000096,0],[-44.14392335,-20.14000364,0],[-44.14392023,-20.14000524,0],[-44.14391627,-20.14000596,0],[-44.14391214,-20.14000827,0],[-44.14391064,-20.14000882,0],[-44.14391005,-20.14000911,0],[-44.14390236,-20.14000963,0],[-44.14390112,-20.14000967,0],[-44.14390098,-20.14000971,0],[-44.14389323,-20.14001123,0],[-44.14389149,-20.14001202,0],[-44.14388829,-20.14001259,0],[-44.14388502,-20.14001247,0],[-44.14388192,-20.14001346,0],[-44.14387983,-20.14001661,0],[-44.14387715,-20.14001855,0],[-44.14387231,-20.14001984,0],[-44.14386616,-20.14002172,0],[-44.14386273,-20.14002291,0],[-44.14385868,-20.14002229,0],[-44.1438556,-20.14002074,0],[-44.14385318,-20.14002003,0],[-44.14385049,-20.14002095,0],[-44.14384717,-20.14002178,0],[-44.14384087,-20.14002485,0],[-44.14383639,-20.14002738,0],[-44.14383451,-20.14002785,0],[-44.143834,-20.14002801,0],[-44.14382441,-20.14003163,0],[-44.14381997,-20.14003214,0],[-44.14381484,-20.14003267,0],[-44.143811,-20.1400309,0],[-44.1438053,-20.14002747,0],[-44.14380367,-20.14002876,0],[-44.14379608,-20.14002751,0],[-44.14380019,-20.14003201,0],[-44.14379983,-20.14003624,0],[-44.14380162,-20.14004529,0],[-44.14380052,-20.14004968,0],[-44.14380053,-20.14004993,0],[-44.14379835,-20.1400543,0],[-44.14379557,-20.14005796,0],[-44.14379354,-20.14006142,0],[-44.14379229,-20.14006331,0],[-44.14378952,-20.14006667,0],[-44.14378594,-20.14006948,0],[-44.14377665,-20.14007227,0],[-44.14377635,-20.14007241,0],[-44.14377611,-20.1400725,0],[-44.14376897,-20.14007431,0],[-44.14376677,-20.14007559,0],[-44.14376353,-20.1400782,0],[-44.14376155,-20.14008123,0],[-44.14375952,-20.14008345,0],[-44.14375715,-20.14008572,0],[-44.14375497,-20.1400882,0],[-44.14374972,-20.14009227,0],[-44.14374301,-20.14009495,0],[-44.14374249,-20.14009493,0],[-44.14373796,-20.14009585,0],[-44.14373539,-20.14009676,0],[-44.14372976,-20.14009915,0],[-44.14372929,-20.14010002,0],[-44.14372836,-20.14010067,0],[-44.14372675,-20.14010065,0],[-44.14372091,-20.1401011,0],[-44.14371879,-20.14010108,0],[-44.14371655,-20.1401012,0],[-44.14371146,-20.14010117,0],[-44.14370922,-20.14010131,0],[-44.14370689,-20.14010124,0],[-44.14370085,-20.14010013,0],[-44.14369966,-20.14010008,0],[-44.14369536,-20.14010397,0],[-44.14369232,-20.140108,0],[-44.14369127,-20.14010915,0],[-44.14369004,-20.1401101,0],[-44.1436867,-20.14011113,0],[-44.14368463,-20.1401119,0],[-44.14367702,-20.14011372,0],[-44.14367215,-20.14011574,0],[-44.14367087,-20.14011615,0],[-44.14367008,-20.14011618,0],[-44.1436613,-20.14011703,0],[-44.143661,-20.14011717,0],[-44.14365521,-20.14012015,0],[-44.14365171,-20.14012149,0],[-44.14364856,-20.14012289,0],[-44.14364468,-20.14012584,0],[-44.14364318,-20.14012685,0],[-44.14364211,-20.14012729,0],[-44.14363707,-20.1401301,0],[-44.14363251,-20.14013321,0],[-44.14363147,-20.14013384,0],[-44.14362915,-20.1401348,0],[-44.143625,-20.14013674,0],[-44.14362291,-20.14013861,0],[-44.1436198,-20.14014087,0],[-44.14361464,-20.14014253,0],[-44.14361332,-20.14014311,0],[-44.14361057,-20.14014375,0],[-44.14360548,-20.14014536,0],[-44.14360374,-20.14014615,0],[-44.14359985,-20.14014907,0],[-44.14359659,-20.14015041,0],[-44.14359339,-20.14015199,0],[-44.14359212,-20.14015269,0],[-44.14358758,-20.14015553,0],[-44.14358081,-20.14015815,0],[-44.14357496,-20.14016069,0],[-44.14357429,-20.14016102,0],[-44.14357191,-20.14016163,0],[-44.14356726,-20.14016339,0],[-44.14356537,-20.14016431,0],[-44.14356221,-20.14016765,0],[-44.1435592,-20.1401706,0],[-44.1435574,-20.14017214,0],[-44.14355575,-20.1401727,0],[-44.14355149,-20.14017559,0],[-44.14354871,-20.14017959,0],[-44.14354797,-20.14018132,0],[-44.14354613,-20.14018397,0],[-44.14353654,-20.14018803,0],[-44.14353607,-20.14018813,0],[-44.14353253,-20.14018855,0],[-44.14352796,-20.14018946,0],[-44.14352696,-20.14018986,0],[-44.14352306,-20.14019387,0],[-44.14352005,-20.14019498,0],[-44.14351736,-20.14019636,0],[-44.14351672,-20.14019691,0],[-44.14351246,-20.14020193,0],[-44.14350806,-20.1402065,0],[-44.14350787,-20.14020663,0],[-44.14350773,-20.14020674,0],[-44.14350142,-20.14020955,0],[-44.14349814,-20.14021132,0],[-44.14349583,-20.1402133,0],[-44.14349389,-20.14021547,0],[-44.14348853,-20.14021951,0],[-44.1434848,-20.14022094,0],[-44.14347899,-20.14022443,0],[-44.14347895,-20.14022444,0],[-44.14347893,-20.14022445,0],[-44.14347891,-20.14022445,0],[-44.14347021,-20.14022518,0],[-44.14346936,-20.14022531,0],[-44.14346823,-20.14022544,0],[-44.14346144,-20.1402259,0],[-44.14345979,-20.14022612,0],[-44.14345784,-20.14022616,0],[-44.14345155,-20.14022554,0],[-44.14345022,-20.14022559,0],[-44.14344908,-20.14022537,0],[-44.14344772,-20.14022428,0],[-44.14344491,-20.14022028,0],[-44.14344458,-20.1402189,0],[-44.14344309,-20.14021522,0],[-44.14344674,-20.14021188,0],[-44.14345032,-20.14020891,0],[-44.14345221,-20.14020801,0],[-44.14345299,-20.14020623,0],[-44.14345573,-20.14020229,0],[-44.14345994,-20.14019796,0],[-44.14346056,-20.14019781,0],[-44.14346903,-20.14019772,0],[-44.14346951,-20.14019765,0],[-44.1434699,-20.14019764,0],[-44.1434706,-20.14019728,0],[-44.14347447,-20.14019292,0],[-44.14347911,-20.14019205,0],[-44.14348105,-20.14019011,0],[-44.14348233,-20.1401883,0],[-44.14348165,-20.14018593,0],[-44.14347916,-20.14018302,0],[-44.14347579,-20.14018242,0],[-44.14347362,-20.14017922,0],[-44.14347747,-20.14017762,0],[-44.14347919,-20.14017775,0],[-44.1434833,-20.1401754,0],[-44.14348427,-20.14017502,0],[-44.14348492,-20.14017388,0],[-44.14348764,-20.14017026,0],[-44.1434876,-20.14016912,0],[-44.14348881,-20.14016689,0],[-44.14349068,-20.14016297,0],[-44.1434932,-20.14016125,0],[-44.14349319,-20.14015716,0],[-44.14348889,-20.14015361,0],[-44.14348838,-20.14015267,0],[-44.14348835,-20.14015219,0],[-44.14348851,-20.14015182,0],[-44.1434889,-20.14015155,0],[-44.14348985,-20.1401513,0],[-44.14349822,-20.14015201,0],[-44.14349846,-20.1401518,0],[-44.14350078,-20.14014537,0],[-44.14350713,-20.14014413,0],[-44.14350808,-20.14014366,0],[-44.14350925,-20.14014437,0],[-44.14351537,-20.14014542,0],[-44.14351465,-20.14014952,0],[-44.14351577,-20.14015232,0],[-44.14351664,-20.14015322,0],[-44.14351759,-20.14015326,0],[-44.14351828,-20.14015299,0],[-44.14351896,-20.14015234,0],[-44.14351999,-20.14015009,0],[-44.14351933,-20.1401449,0],[-44.14352576,-20.1401447,0],[-44.14352721,-20.14014395,0],[-44.14352755,-20.14014366,0],[-44.14352785,-20.14014335,0],[-44.14352802,-20.14014259,0],[-44.14352722,-20.14014194,0],[-44.14352557,-20.14014178,0],[-44.14351957,-20.1401415,0],[-44.14351766,-20.14014129,0],[-44.14351468,-20.14014046,0],[-44.14350989,-20.14014156,0],[-44.14350811,-20.14013799,0],[-44.14350554,-20.1401342,0],[-44.1435072,-20.14013333,0],[-44.14350813,-20.14013314,0],[-44.14351281,-20.14012959,0],[-44.1435131,-20.14012957,0],[-44.14351773,-20.14012805,0],[-44.14352011,-20.14012748,0],[-44.14352602,-20.14012526,0],[-44.14352561,-20.14012365,0],[-44.14352735,-20.14011847,0],[-44.1435285,-20.14011733,0],[-44.14352804,-20.14011624,0],[-44.14353253,-20.14011209,0],[-44.14353615,-20.14010724,0],[-44.14353189,-20.14010301,0],[-44.14352745,-20.14010034,0],[-44.14352582,-20.1400997,0],[-44.14351812,-20.1400979,0],[-44.14351789,-20.14009786,0],[-44.14351594,-20.14009626,0],[-44.14351263,-20.14009405,0],[-44.14351272,-20.14009318,0],[-44.1435113,-20.14008905,0],[-44.14351015,-20.14008737,0],[-44.14350838,-20.14008702,0],[-44.14350389,-20.14008424,0],[-44.14350068,-20.14007996,0],[-44.14350018,-20.14007872,0],[-44.14349886,-20.14007843,0],[-44.14349661,-20.14007781,0],[-44.14349105,-20.14007826,0],[-44.14348931,-20.14007678,0],[-44.14348587,-20.14007664,0],[-44.14348405,-20.14007582,0],[-44.14347974,-20.14007574,0],[-44.14347614,-20.14007422,0],[-44.14347291,-20.14007079,0],[-44.14347171,-20.14006937,0],[-44.14347022,-20.14006797,0],[-44.14346551,-20.14006629,0],[-44.14346541,-20.14006627,0],[-44.14345963,-20.14006268,0],[-44.14345827,-20.14006168,0],[-44.1434595,-20.14006057,0],[-44.14346243,-20.14005428,0],[-44.14346294,-20.14005267,0],[-44.14346577,-20.14004838,0],[-44.14347035,-20.14004378,0],[-44.14347041,-20.14004373,0],[-44.14347063,-20.14004367,0],[-44.14347072,-20.14004333,0],[-44.14347411,-20.14003817,0],[-44.14347441,-20.14003466,0],[-44.1434766,-20.14003147,0],[-44.14347999,-20.1400302,0],[-44.1434829,-20.1400284,0],[-44.14348339,-20.14002566,0],[-44.14348267,-20.14002316,0],[-44.14348003,-20.14002259,0],[-44.14347553,-20.14002086,0],[-44.14347253,-20.14001658,0],[-44.14347198,-20.14001518,0],[-44.14347052,-20.14001371,0],[-44.14346781,-20.140014,0],[-44.14346405,-20.14001653,0],[-44.14346301,-20.1400185,0],[-44.1434609,-20.14002197,0],[-44.14345888,-20.14002365,0],[-44.1434555,-20.14002159,0],[-44.14345134,-20.14002195,0],[-44.14344869,-20.140023,0],[-44.14344698,-20.14002549,0],[-44.14344803,-20.14002858,0],[-44.14345128,-20.14003281,0],[-44.14345263,-20.14003327,0],[-44.14345255,-20.14003455,0],[-44.14345254,-20.14003576,0],[-44.14344851,-20.14004099,0],[-44.1434457,-20.14004355,0],[-44.14344325,-20.14004506,0],[-44.14344164,-20.14004558,0],[-44.14343993,-20.14004514,0],[-44.14343986,-20.14004352,0],[-44.1434388,-20.14004081,0],[-44.1434376,-20.14003832,0],[-44.14343646,-20.14003447,0],[-44.14343729,-20.14002544,0],[-44.14343628,-20.14002159,0],[-44.14343507,-20.14001909,0],[-44.14343407,-20.14001639,0],[-44.14343532,-20.14001349,0],[-44.14343581,-20.14001071,0],[-44.14343917,-20.14000738,0],[-44.14344023,-20.14000584,0],[-44.14344187,-20.14000405,0],[-44.14344658,-20.14000282,0],[-44.14344672,-20.14000284,0],[-44.14345144,-20.14000224,0],[-44.14345467,-20.14000146,0],[-44.14345729,-20.13999843,0],[-44.14345926,-20.13999676,0],[-44.14346104,-20.13999682,0],[-44.14346468,-20.13999285,0],[-44.14346624,-20.13998944,0],[-44.14346421,-20.13998649,0],[-44.14346112,-20.13998246,0],[-44.14345899,-20.13998237,0],[-44.14345731,-20.13998036,0],[-44.14345567,-20.13997649,0],[-44.14345158,-20.13997643,0],[-44.14344795,-20.13997689,0],[-44.14344484,-20.1399803,0],[-44.14344475,-20.13998291,0],[-44.14344336,-20.139988,0],[-44.14344329,-20.13998933,0],[-44.14344293,-20.13999026,0],[-44.14344194,-20.13999099,0],[-44.14344132,-20.1399899,0],[-44.1434412,-20.13998932,0],[-44.14344038,-20.13998783,0],[-44.14343903,-20.13998306,0],[-44.14343395,-20.13998024,0],[-44.1434392,-20.13997762,0],[-44.14343897,-20.13997412,0],[-44.1434401,-20.13997124,0],[-44.14344098,-20.13997023,0],[-44.14344205,-20.13996978,0],[-44.14344671,-20.13996662,0],[-44.1434487,-20.13996224,0],[-44.14344868,-20.13995321,0],[-44.14344887,-20.13995051,0],[-44.14345174,-20.1399477,0],[-44.14345382,-20.13994616,0],[-44.14345424,-20.1399442,0],[-44.14345396,-20.13994213,0],[-44.14345364,-20.1399369,0],[-44.14345343,-20.13993516,0],[-44.14345351,-20.13993356,0],[-44.14345185,-20.13992738,0],[-44.14344845,-20.13993195,0],[-44.14344801,-20.13993513,0],[-44.14344553,-20.13993824,0],[-44.14344222,-20.13993913,0],[-44.14343997,-20.13993723,0],[-44.1434386,-20.13993509,0],[-44.1434389,-20.13993192,0],[-44.14343937,-20.1399288,0],[-44.14343966,-20.13992606,0],[-44.14344112,-20.13992495,0],[-44.1434423,-20.13992454,0],[-44.14344391,-20.13992456,0],[-44.1434515,-20.13992577,0],[-44.14345186,-20.13992577,0],[-44.14345738,-20.13992231,0],[-44.14346146,-20.13992017,0],[-44.14346403,-20.13991957,0],[-44.14346924,-20.13991717,0],[-44.14346987,-20.13991605,0],[-44.14347106,-20.13991359,0],[-44.14347203,-20.13990904,0],[-44.14347259,-20.13990815,0],[-44.1434728,-20.13990654,0],[-44.1434711,-20.1399066,0],[-44.14346696,-20.13990301,0],[-44.14346427,-20.13989907,0],[-44.14346822,-20.13989631,0],[-44.14347116,-20.1398951,0],[-44.14347504,-20.13989546,0],[-44.14347792,-20.13989914,0],[-44.14347819,-20.1399015,0],[-44.14348069,-20.13990159,0],[-44.14348201,-20.13990039,0],[-44.143483,-20.13989916,0],[-44.14348255,-20.13989743,0],[-44.1434821,-20.1398914,0],[-44.14348185,-20.13989012,0],[-44.14348147,-20.13988945,0],[-44.14348077,-20.13988836,0],[-44.1434773,-20.13988436,0],[-44.14347619,-20.13988106,0],[-44.14347552,-20.13987703,0],[-44.14347405,-20.13987464,0],[-44.1434731,-20.13987201,0],[-44.14347244,-20.13987092,0],[-44.1434713,-20.13986959,0],[-44.14346914,-20.13986502,0],[-44.14346864,-20.13986295,0],[-44.14346861,-20.13986036,0],[-44.14347138,-20.13985487,0],[-44.14347186,-20.13985437,0],[-44.14347242,-20.13985393,0],[-44.14347217,-20.1398532,0],[-44.14347371,-20.13984706,0],[-44.14347341,-20.1398449,0],[-44.14347458,-20.13984196,0],[-44.14347147,-20.13983863,0],[-44.14347037,-20.1398369,0],[-44.14347001,-20.13983585,0],[-44.14347057,-20.13983498,0],[-44.14347149,-20.13983444,0],[-44.14347298,-20.13983446,0],[-44.14347413,-20.13983587,0],[-44.14347775,-20.13983899,0],[-44.14348104,-20.139838,0],[-44.14348193,-20.13983674,0],[-44.14348232,-20.13983591,0],[-44.14348285,-20.13983422,0],[-44.14348254,-20.13982824,0],[-44.14348379,-20.13982688,0],[-44.14348616,-20.13982261,0],[-44.14349071,-20.13982004,0],[-44.14349121,-20.13981835,0],[-44.14349119,-20.13981788,0],[-44.14349102,-20.13981759,0],[-44.14349072,-20.1398175,0],[-44.14349008,-20.13981727,0],[-44.14348214,-20.13981691,0],[-44.14348116,-20.13981573,0],[-44.14347711,-20.13981261,0],[-44.14347513,-20.13980877,0],[-44.14347665,-20.13980445,0],[-44.14347721,-20.13980354,0],[-44.14347914,-20.13979975,0],[-44.14348023,-20.13979879,0],[-44.14348126,-20.13979753,0],[-44.14348548,-20.13979581,0],[-44.14348617,-20.13979537,0],[-44.14349084,-20.13979461,0],[-44.14349409,-20.13979385,0],[-44.14349906,-20.13979081,0],[-44.14349808,-20.13978857,0],[-44.14349642,-20.13978558,0],[-44.14349527,-20.13978176,0],[-44.14349499,-20.13977793,0],[-44.14349095,-20.13977445,0],[-44.14348966,-20.13977392,0],[-44.14348416,-20.13977267,0],[-44.14348921,-20.13977102,0],[-44.14349101,-20.13976472,0],[-44.14349404,-20.13976656,0],[-44.14349597,-20.13976802,0],[-44.14350055,-20.13976904,0],[-44.14350254,-20.13976558,0],[-44.14350342,-20.13976373,0],[-44.14350401,-20.1397605,0],[-44.14350417,-20.13975806,0],[-44.143505,-20.1397547,0],[-44.14350875,-20.13974568,0],[-44.14351026,-20.13974315,0],[-44.14351162,-20.13973792,0],[-44.14351639,-20.13973338,0],[-44.1435199,-20.13973052,0],[-44.14352131,-20.139729,0],[-44.14352179,-20.13972767,0],[-44.14352605,-20.13972444,0],[-44.14352952,-20.13971997,0],[-44.14353028,-20.13971939,0],[-44.14353092,-20.13971868,0],[-44.14353129,-20.13971703,0],[-44.14353163,-20.1397116,0],[-44.14353225,-20.13970965,0],[-44.14353196,-20.13970741,0],[-44.14353326,-20.13970407,0],[-44.14353309,-20.13970062,0],[-44.14353595,-20.13969755,0],[-44.14353923,-20.13969466,0],[-44.14354228,-20.13969451,0],[-44.14354651,-20.13969381,0],[-44.1435488,-20.13969367,0],[-44.14355024,-20.13969302,0],[-44.14355177,-20.13969168,0],[-44.14355658,-20.13968999,0],[-44.14355839,-20.13968949,0],[-44.14356269,-20.13968674,0],[-44.14356548,-20.13968271,0],[-44.14356673,-20.13968152,0],[-44.143571,-20.13967991,0],[-44.14357373,-20.13967911,0],[-44.14357759,-20.13967729,0],[-44.14358057,-20.13967655,0],[-44.14358637,-20.13967377,0],[-44.14358679,-20.1396734,0],[-44.14358718,-20.1396732,0],[-44.14358938,-20.13967172,0],[-44.14359225,-20.13966954,0],[-44.14359678,-20.13966799,0],[-44.14359945,-20.13966732,0],[-44.1436053,-20.13966483,0],[-44.14360553,-20.13966404,0],[-44.14360637,-20.13966356,0],[-44.14360997,-20.1396592,0],[-44.14361474,-20.139657,0],[-44.14361598,-20.13965628,0],[-44.14361703,-20.13965585,0],[-44.14361753,-20.1396544,0],[-44.14361602,-20.13964871,0],[-44.14361577,-20.13964705,0],[-44.14361576,-20.13964681,0],[-44.14361585,-20.13964664,0],[-44.14361603,-20.13964614,0],[-44.14362561,-20.13964397,0],[-44.14362977,-20.13964176,0],[-44.14363348,-20.13963786,0],[-44.1436277,-20.1396359,0],[-44.14362565,-20.13963604,0],[-44.14362422,-20.13963646,0],[-44.14361787,-20.1396361,0],[-44.14361608,-20.13963639,0],[-44.14361399,-20.13963579,0],[-44.14361025,-20.13963423,0],[-44.14360653,-20.13963351,0],[-44.14360254,-20.13963394,0],[-44.14359696,-20.13963445,0],[-44.14359322,-20.13963413,0],[-44.14359098,-20.13963427,0],[-44.14358739,-20.13963385,0],[-44.14358337,-20.13963382,0],[-44.14358103,-20.13963458,0],[-44.14357782,-20.13963454,0],[-44.1435752,-20.1396351,0],[-44.1435738,-20.13963757,0],[-44.14357003,-20.13963925,0],[-44.14356823,-20.13963985,0],[-44.1435647,-20.13964085,0],[-44.14356105,-20.13963751,0],[-44.14356204,-20.13963434,0],[-44.14356277,-20.13963232,0],[-44.14356385,-20.13962848,0],[-44.14356412,-20.13962452,0],[-44.14356492,-20.13962267,0],[-44.1435653,-20.13961946,0],[-44.14356661,-20.13961782,0],[-44.14356833,-20.13961049,0],[-44.14356836,-20.13961041,0],[-44.14356839,-20.13961037,0],[-44.14356894,-20.13960992,0],[-44.1435738,-20.13960652,0],[-44.1435737,-20.13960547,0],[-44.14357509,-20.13960143,0],[-44.14357617,-20.13959969,0],[-44.14357845,-20.13959279,0],[-44.1435785,-20.13959241,0],[-44.14357842,-20.13959206,0],[-44.14357933,-20.13958455,0],[-44.1435792,-20.13958338,0],[-44.14358298,-20.13957894,0],[-44.14358772,-20.13957498,0],[-44.14358804,-20.13957469,0],[-44.14358843,-20.13957439,0],[-44.14359509,-20.13957234,0],[-44.1435973,-20.13957192,0],[-44.14360687,-20.1395713,0],[-44.14360997,-20.13957157,0],[-44.14361427,-20.13957248,0],[-44.14361643,-20.13957271,0],[-44.14362084,-20.13957039,0],[-44.14362139,-20.13957019,0],[-44.14362569,-20.13956554,0],[-44.14362591,-20.13956541,0],[-44.14362604,-20.13956536,0],[-44.14363372,-20.13956378,0],[-44.14363562,-20.13956331,0],[-44.14364519,-20.13956137,0],[-44.14364995,-20.13956111,0],[-44.14365001,-20.13956111,0],[-44.14365476,-20.13956087,0],[-44.14366845,-20.13956185,0],[-44.14366981,-20.1395619,0],[-44.14367389,-20.13956221,0],[-44.14368347,-20.13955982,0],[-44.14368623,-20.1395594,0],[-44.14369039,-20.13955932,0],[-44.14369304,-20.13955901,0],[-44.14369559,-20.13955925,0],[-44.1437003,-20.13955904,0],[-44.14370261,-20.13955934,0],[-44.14370504,-20.13955919,0],[-44.1437107,-20.13955831,0],[-44.14371218,-20.1395582,0],[-44.14372175,-20.13955827,0],[-44.14372998,-20.13955701,0],[-44.1437311,-20.1395568,0],[-44.14373133,-20.13955677,0],[-44.14373169,-20.13955668,0],[-44.14373825,-20.13955454,0],[-44.14374091,-20.139554,0],[-44.14374536,-20.13955224,0],[-44.1437505,-20.13955038,0],[-44.14375215,-20.13954964,0],[-44.14375456,-20.13954809,0],[-44.14375666,-20.13954486,0],[-44.14376011,-20.13954133,0],[-44.14376165,-20.13954054,0],[-44.14376498,-20.13953911,0],[-44.14376202,-20.13953732,0],[-44.14375934,-20.13953082,0],[-44.14375889,-20.13952882,0],[-44.14375929,-20.13952188,0],[-44.14375893,-20.13952101,0],[-44.14375883,-20.13951969,0],[-44.14375904,-20.13951313,0],[-44.14375893,-20.13951197,0],[-44.143759,-20.13951076,0],[-44.14376032,-20.13950403,0],[-44.14376042,-20.13950294,0],[-44.1437605,-20.13950278,0],[-44.14376234,-20.13949578,0],[-44.14376485,-20.13949393,0],[-44.1437633,-20.13949117,0],[-44.14375789,-20.13948724,0],[-44.1437511,-20.13948459,0],[-44.14375085,-20.13948448,0],[-44.14375061,-20.13948459,0],[-44.1437498,-20.13948482,0],[-44.14374127,-20.13948693,0],[-44.14373864,-20.13948725,0],[-44.14373421,-20.13948711,0],[-44.1437317,-20.13948759,0],[-44.14372701,-20.13948913,0],[-44.14372668,-20.139489,0],[-44.14372676,-20.13948937,0],[-44.14372434,-20.13949373,0],[-44.14372296,-20.13949454,0],[-44.1437221,-20.13949481,0],[-44.14372061,-20.13949511,0],[-44.14371414,-20.13949521,0],[-44.14371252,-20.13949577,0],[-44.14371054,-20.13949553,0],[-44.14370888,-20.13949366,0],[-44.14370658,-20.13949025,0],[-44.14370458,-20.13948609,0],[-44.14370378,-20.1394846,0],[-44.1437032,-20.13948442,0],[-44.14370302,-20.13948439,0],[-44.14370169,-20.13948459,0],[-44.1436961,-20.13948707,0],[-44.14369344,-20.13948678,0],[-44.14369195,-20.13948595,0],[-44.14368684,-20.13948451,0],[-44.14368441,-20.13948401,0],[-44.14368389,-20.13948384,0],[-44.14368316,-20.13948381,0],[-44.14367681,-20.13948212,0],[-44.14367433,-20.13948206,0],[-44.14367144,-20.13948171,0],[-44.14366617,-20.13948308,0],[-44.14366476,-20.13948263,0],[-44.14366046,-20.13947943,0],[-44.14365523,-20.13947626,0],[-44.14365422,-20.13947627,0],[-44.14364735,-20.1394737,0],[-44.14364568,-20.13947252,0],[-44.14364326,-20.13947298,0],[-44.14363866,-20.13947284,0],[-44.14363611,-20.13947315,0],[-44.14363368,-20.13947293,0],[-44.14363039,-20.13947157,0],[-44.14362655,-20.1394714,0],[-44.14362279,-20.13947162,0],[-44.14361993,-20.13947236,0],[-44.14361698,-20.13947262,0],[-44.1436128,-20.13947004,0],[-44.1436097,-20.13946607,0],[-44.14360845,-20.13946512,0],[-44.14360745,-20.1394642,0],[-44.14360314,-20.13946109,0],[-44.14359833,-20.13945697,0],[-44.14359809,-20.13945682,0],[-44.14359793,-20.13945673,0],[-44.14359761,-20.13945667,0],[-44.14359117,-20.1394543,0],[-44.14358838,-20.13945395,0],[-44.1435839,-20.13945267,0],[-44.14358341,-20.13945256,0],[-44.14357882,-20.13945094,0],[-44.14357636,-20.13945016,0],[-44.14357202,-20.13944781,0],[-44.14357034,-20.1394468,0],[-44.14356928,-20.13944633,0],[-44.14356737,-20.13944598,0],[-44.14356286,-20.1394448,0],[-44.14355973,-20.13944433,0],[-44.14355498,-20.13944318,0],[-44.1435549,-20.13944317,0],[-44.14355017,-20.13944213,0],[-44.14354747,-20.13944121,0],[-44.14354221,-20.13943863,0],[-44.14354126,-20.13943803,0],[-44.14354063,-20.13943782,0],[-44.14353994,-20.13943797,0],[-44.14353823,-20.13943861,0],[-44.14353264,-20.13944008,0],[-44.14353105,-20.13944011,0],[-44.14352987,-20.13943969,0],[-44.14352854,-20.13943856,0],[-44.14352535,-20.13943492,0],[-44.14352153,-20.13943121,0],[-44.14352023,-20.13943071,0],[-44.14351782,-20.13942947,0],[-44.14351551,-20.13942614,0],[-44.14351355,-20.13942187,0],[-44.14351278,-20.13942042,0],[-44.14351843,-20.13941744,0],[-44.14352161,-20.13941599,0],[-44.14352402,-20.1394137,0],[-44.14352531,-20.13941144,0],[-44.14352893,-20.1394093,0],[-44.14353122,-20.13940837,0],[-44.14353503,-20.13940789,0],[-44.143537,-20.13940792,0],[-44.14354079,-20.13940722,0],[-44.14354528,-20.1394073,0],[-44.14354597,-20.13940739,0],[-44.14355036,-20.13940749,0],[-44.14355426,-20.13940789,0],[-44.14355654,-20.1394084,0],[-44.14355992,-20.13940884,0],[-44.14356275,-20.13940895,0],[-44.14356826,-20.1394105,0],[-44.14356948,-20.13941057,0],[-44.14357905,-20.13940941,0],[-44.14358166,-20.13940925,0],[-44.14358736,-20.13941056,0],[-44.14359024,-20.13941022,0],[-44.14359689,-20.13941058,0],[-44.14359818,-20.13941036,0],[-44.14359957,-20.13941049,0],[-44.14360279,-20.13941182,0],[-44.14360737,-20.13941219,0],[-44.14360774,-20.13941226,0],[-44.14360808,-20.13941217,0],[-44.14361696,-20.13941221,0],[-44.14361731,-20.13941215,0],[-44.14361762,-20.13941219,0],[-44.14362069,-20.1394119,0],[-44.14362692,-20.139403,0],[-44.14362701,-20.13940298,0],[-44.14363402,-20.13940526,0],[-44.14363648,-20.13940504,0],[-44.14363811,-20.13940449,0],[-44.14364502,-20.13940397,0],[-44.14364605,-20.13940374,0],[-44.14364675,-20.13940366,0],[-44.14364836,-20.139403,0],[-44.14365121,-20.13939883,0],[-44.14365124,-20.13939815,0],[-44.14365257,-20.13939399,0],[-44.14365471,-20.13939309,0],[-44.14365568,-20.13939276,0],[-44.14365694,-20.13939282,0],[-44.14365935,-20.13939402,0],[-44.14366218,-20.13939691,0],[-44.14366522,-20.13939706,0],[-44.14366779,-20.13939649,0],[-44.14367324,-20.13939556,0],[-44.1436748,-20.13939524,0],[-44.14367574,-20.13939499,0],[-44.14367699,-20.13939411,0],[-44.14367738,-20.1393917,0],[-44.14367485,-20.13938716,0],[-44.14367432,-20.13938556,0],[-44.14367443,-20.13938506,0],[-44.14367441,-20.13938464,0],[-44.14367486,-20.139384,0],[-44.14367801,-20.13938212,0],[-44.14368047,-20.13938134,0],[-44.14368071,-20.13937959,0],[-44.14368255,-20.13937606,0],[-44.14368292,-20.13937459,0],[-44.14368449,-20.13937273,0],[-44.14368661,-20.13936902,0],[-44.14368692,-20.13936705,0],[-44.14368659,-20.13936511,0],[-44.14368456,-20.13936079,0],[-44.14368271,-20.13935974,0],[-44.14367775,-20.13935797,0],[-44.14367564,-20.13935736,0],[-44.14367501,-20.13935676,0],[-44.14367175,-20.13935201,0],[-44.14367162,-20.1393489,0],[-44.14366764,-20.13934686,0],[-44.14366552,-20.13934291,0],[-44.14366137,-20.13934373,0],[-44.14366026,-20.13934389,0],[-44.14365594,-20.13934488,0],[-44.14365172,-20.13934376,0],[-44.14364908,-20.13933976,0],[-44.1436537,-20.13933762,0],[-44.14365599,-20.13933677,0],[-44.1436598,-20.13933621,0],[-44.14366206,-20.13933652,0],[-44.14366556,-20.13933546,0],[-44.14366658,-20.13933175,0],[-44.14366689,-20.13933081,0],[-44.14366691,-20.13932956,0],[-44.14366579,-20.13932192,0],[-44.14366579,-20.13932177,0],[-44.14366573,-20.13932167,0],[-44.14366564,-20.13932143,0],[-44.14366185,-20.13931631,0],[-44.14365977,-20.1393127,0],[-44.14365878,-20.1393102,0],[-44.14365814,-20.13930553,0],[-44.14365736,-20.13930253,0],[-44.14365619,-20.13929967,0],[-44.14365269,-20.13929791,0],[-44.14365003,-20.1392978,0],[-44.14364664,-20.13929691,0],[-44.143645,-20.13929611,0],[-44.14364401,-20.13929455,0],[-44.1436451,-20.13929309,0],[-44.14364546,-20.13928669,0],[-44.14364585,-20.13928553,0],[-44.14364535,-20.13927649,0],[-44.14364542,-20.13927523,0],[-44.14364621,-20.13926801,0],[-44.14364625,-20.13926746,0],[-44.14364595,-20.13926666,0],[-44.14364681,-20.13926558,0],[-44.14364839,-20.1392599,0],[-44.14364858,-20.13925843,0],[-44.14364867,-20.13925672,0],[-44.14364838,-20.1392508,0],[-44.14364847,-20.1392494,0],[-44.14364827,-20.13924811,0],[-44.14364693,-20.13924329,0],[-44.1436455,-20.13924938,0],[-44.1436444,-20.13925172,0],[-44.14364402,-20.13925573,0],[-44.14363854,-20.13925838,0],[-44.14363781,-20.13925888,0],[-44.14363728,-20.13925869,0],[-44.14363673,-20.13925889,0],[-44.14363091,-20.13926139,0],[-44.14362769,-20.13926233,0],[-44.14362503,-20.13926083,0],[-44.14362227,-20.13925831,0],[-44.14361852,-20.13924925,0],[-44.14361841,-20.13924905,0],[-44.1436182,-20.13924876,0],[-44.14361612,-20.1392422,0],[-44.14361512,-20.1392402,0],[-44.14361328,-20.13923586,0],[-44.14361247,-20.1392347,0],[-44.14361024,-20.13923114,0],[-44.14360951,-20.1392304,0],[-44.14360873,-20.13922927,0],[-44.14360714,-20.13922362,0],[-44.14360641,-20.13922208,0],[-44.14360481,-20.13921832,0],[-44.14360467,-20.13921694,0],[-44.14359945,-20.13921302,0],[-44.14359937,-20.1392129,0],[-44.14359926,-20.13921285,0],[-44.14359556,-20.13920748,0],[-44.14358991,-20.1392041,0],[-44.14358974,-20.13920398,0],[-44.14358971,-20.13920393,0],[-44.14358967,-20.13920387,0],[-44.14358685,-20.13919764,0],[-44.14358487,-20.13919487,0],[-44.14358368,-20.13919162,0],[-44.14358141,-20.13918691,0],[-44.14358094,-20.13918582,0],[-44.14358082,-20.1391853,0],[-44.14357658,-20.13918027,0],[-44.14357305,-20.13917892,0],[-44.14357075,-20.13917769,0],[-44.14356989,-20.13917673,0],[-44.14356913,-20.13917519,0],[-44.1435675,-20.13917078,0],[-44.14356509,-20.13916767,0],[-44.14356455,-20.13916455,0],[-44.14356128,-20.13915911,0],[-44.14356116,-20.13915873,0],[-44.14356106,-20.13915861,0],[-44.14356074,-20.1391581,0],[-44.14355826,-20.13915245,0],[-44.14355416,-20.13914954,0],[-44.14355434,-20.13914712,0],[-44.14355429,-20.13914286,0],[-44.14355449,-20.13914051,0],[-44.14355751,-20.13913685,0],[-44.14356201,-20.13913206,0],[-44.14356298,-20.13913152,0],[-44.14356251,-20.1391305,0],[-44.14356254,-20.13912349,0],[-44.1435623,-20.13912248,0],[-44.14356224,-20.13912176,0],[-44.14355832,-20.13911342,0],[-44.14355886,-20.13911089,0],[-44.14355845,-20.13910733,0],[-44.14355882,-20.13910439,0],[-44.14355935,-20.13910228,0],[-44.14356161,-20.1390987,0],[-44.14356301,-20.13909668,0],[-44.14356469,-20.13909538,0],[-44.14356353,-20.13909359,0],[-44.14356164,-20.13909251,0],[-44.14355877,-20.13908905,0],[-44.14355728,-20.13908631,0],[-44.14355858,-20.13908338,0],[-44.14355774,-20.13908102,0],[-44.14355826,-20.13907728,0],[-44.14355938,-20.13907506,0],[-44.1435598,-20.1390701,0],[-44.14356035,-20.13906825,0],[-44.14356073,-20.13906726,0],[-44.14356181,-20.13906264,0],[-44.14356342,-20.13906075,0],[-44.14356355,-20.13905923,0],[-44.14356828,-20.1390563,0],[-44.14357079,-20.13905085,0],[-44.14357118,-20.13905024,0],[-44.14357128,-20.13905009,0],[-44.14357144,-20.13904983,0],[-44.143576,-20.1390455,0],[-44.14357802,-20.13904123,0],[-44.14357938,-20.13903965,0],[-44.14358109,-20.13903607,0],[-44.14358304,-20.13903405,0],[-44.14358438,-20.13903223,0],[-44.14358835,-20.13903004,0],[-44.1435907,-20.13902714,0],[-44.14359324,-20.13902562,0],[-44.14359461,-20.13902324,0],[-44.14359775,-20.13902084,0],[-44.14360032,-20.13901765,0],[-44.14360267,-20.13901646,0],[-44.14360421,-20.13901425,0],[-44.14360712,-20.13901162,0],[-44.14360994,-20.13900838,0],[-44.14361217,-20.13900736,0],[-44.14361368,-20.13900526,0],[-44.14361686,-20.13900275,0],[-44.14361955,-20.13899951,0],[-44.14362177,-20.13899836,0],[-44.14362303,-20.13899627,0],[-44.14362552,-20.13899285,0],[-44.1436267,-20.13898959,0],[-44.14362782,-20.13898726,0],[-44.14362853,-20.13898664,0],[-44.1436292,-20.13898565,0],[-44.14363367,-20.13898246,0],[-44.14363602,-20.13897827,0],[-44.14363723,-20.13897677,0],[-44.14363841,-20.13896966,0],[-44.14363857,-20.13896924,0],[-44.1436387,-20.13896909,0],[-44.14363886,-20.13896886,0],[-44.14363964,-20.13896851,0],[-44.14364575,-20.13896674,0],[-44.14364845,-20.13896423,0],[-44.14365075,-20.13896243,0],[-44.14365214,-20.13896027,0],[-44.14365522,-20.13895761,0],[-44.14365808,-20.13895239,0],[-44.14365874,-20.13895189,0],[-44.14365904,-20.13895127,0],[-44.1436638,-20.13894763,0],[-44.14366445,-20.13894532,0],[-44.14366604,-20.13894227,0],[-44.14366676,-20.13894138,0],[-44.14366772,-20.13893924,0],[-44.14367185,-20.13893715,0],[-44.14367561,-20.13893328,0],[-44.14367679,-20.13893278,0],[-44.14367733,-20.13893216,0],[-44.14367931,-20.13893143,0],[-44.14368387,-20.13893045,0],[-44.14368956,-20.13892681,0],[-44.14369116,-20.13892432,0],[-44.14369261,-20.13892063,0],[-44.14369446,-20.13891727,0],[-44.14369542,-20.1389153,0],[-44.14369587,-20.13891466,0],[-44.14369657,-20.13891271,0],[-44.14369864,-20.13890822,0],[-44.14369925,-20.13890629,0],[-44.14370227,-20.1389026,0],[-44.14370268,-20.1389006,0],[-44.14370406,-20.13889728,0],[-44.14370623,-20.13889418,0],[-44.14370911,-20.13889096,0],[-44.14371023,-20.13888827,0],[-44.14371259,-20.1388852,0],[-44.14371501,-20.13888008,0],[-44.14371546,-20.13887926,0],[-44.14371565,-20.13887904,0],[-44.14371589,-20.13887872,0],[-44.14372085,-20.13887492,0],[-44.1437255,-20.13887066,0],[-44.14372575,-20.13887051,0],[-44.14372593,-20.13887027,0],[-44.14373051,-20.13886597,0],[-44.14373427,-20.13886128,0],[-44.14373462,-20.13886081,0],[-44.14373512,-20.13885992,0],[-44.14373814,-20.13885508,0],[-44.14373927,-20.13885227,0],[-44.14374143,-20.13884914,0],[-44.14374478,-20.13884376,0],[-44.14374506,-20.13884352,0],[-44.14374529,-20.13884326,0],[-44.14374608,-20.13884204,0],[-44.14374858,-20.1388378,0],[-44.14375293,-20.13883287,0],[-44.14375442,-20.13883035,0],[-44.14375605,-20.13882676,0],[-44.1437566,-20.13882525,0],[-44.14375682,-20.13882301,0],[-44.14375688,-20.13881847,0],[-44.14375714,-20.13881621,0],[-44.14375766,-20.13880718,0],[-44.14376029,-20.13880356,0],[-44.14376416,-20.13879925,0],[-44.14376486,-20.13879885,0],[-44.14376535,-20.13879818,0],[-44.14376939,-20.13879408,0],[-44.14377377,-20.13879135,0],[-44.14377544,-20.13879077,0],[-44.14377839,-20.13878921,0],[-44.14377793,-20.13878531,0],[-44.14377382,-20.13878166,0],[-44.14377316,-20.13878077,0],[-44.14377248,-20.13878014,0],[-44.1437692,-20.13877574,0],[-44.14376908,-20.1387756,0],[-44.1437681,-20.13877109,0],[-44.14376802,-20.1387676,0],[-44.14376831,-20.1387658,0],[-44.14376826,-20.13876205,0],[-44.14376848,-20.13875302,0],[-44.14376927,-20.13874855,0],[-44.14376927,-20.13874845,0],[-44.14376992,-20.13874399,0],[-44.1437706,-20.13874074,0],[-44.143771,-20.13873784,0],[-44.14377155,-20.13873496,0],[-44.14377162,-20.13873263,0],[-44.14377235,-20.1387276,0],[-44.14377241,-20.13872593,0],[-44.14377265,-20.13872453,0],[-44.14377303,-20.13871797,0],[-44.14377318,-20.1387169,0],[-44.14377419,-20.13871391,0],[-44.14377668,-20.13871022,0],[-44.14377769,-20.13870788,0],[-44.14377904,-20.13870338,0],[-44.14378015,-20.13869886,0],[-44.14378117,-20.13869633,0],[-44.14378286,-20.1386908,0],[-44.1437832,-20.13868984,0],[-44.14378342,-20.1386894,0],[-44.14378389,-20.13868858,0],[-44.14378774,-20.13868444,0],[-44.14378913,-20.13868083,0],[-44.14379005,-20.13867755,0],[-44.14379218,-20.1386731,0],[-44.14379266,-20.13867181,0],[-44.14379305,-20.13867134,0],[-44.14379356,-20.13867,0],[-44.14379658,-20.13866563,0],[-44.14379825,-20.13866281,0],[-44.14380066,-20.13866043,0],[-44.14380321,-20.13865578,0],[-44.14380434,-20.13865486,0],[-44.14380668,-20.13865381,0],[-44.14381013,-20.1386513,0],[-44.14381263,-20.13864499,0],[-44.14381275,-20.1386448,0],[-44.14381279,-20.13864477,0],[-44.14381284,-20.13864467,0],[-44.14381665,-20.13863937,0],[-44.1438182,-20.1386358,0],[-44.14381923,-20.13863274,0],[-44.14382006,-20.13862906,0],[-44.14382072,-20.13862677,0],[-44.14382199,-20.1386263,0],[-44.14382251,-20.13862589,0],[-44.14382506,-20.13862439,0],[-44.143828,-20.13862295,0],[-44.14383211,-20.13861869,0],[-44.14383267,-20.13861832,0],[-44.1438331,-20.1386178,0],[-44.14383878,-20.13861507,0],[-44.14384332,-20.13861032,0],[-44.14384413,-20.13860881,0],[-44.14384744,-20.13860517,0],[-44.14385135,-20.13859996,0],[-44.14385145,-20.13859991,0],[-44.14385159,-20.13859982,0],[-44.14385859,-20.13859764,0],[-44.14386094,-20.13859645,0],[-44.14386562,-20.13859527,0],[-44.14386604,-20.13859507,0],[-44.14387052,-20.13859343,0],[-44.14387328,-20.1385935,0],[-44.14387851,-20.13859241,0],[-44.14388009,-20.13859247,0],[-44.14388231,-20.13859303,0],[-44.14388767,-20.13859283,0],[-44.14388965,-20.13859401,0],[-44.14389052,-20.13859178,0],[-44.1438907,-20.13859097,0],[-44.14389079,-20.13858992,0],[-44.14388971,-20.13858246,0],[-44.14388962,-20.13858202,0],[-44.14388966,-20.13858193,0],[-44.14388968,-20.13858189,0],[-44.14388972,-20.1385818,0],[-44.14389357,-20.13857652,0],[-44.14389581,-20.13857292,0],[-44.14389703,-20.13857074,0],[-44.14389938,-20.13856496,0],[-44.14389973,-20.13856424,0],[-44.14389984,-20.13856391,0],[-44.14390402,-20.13855489,0],[-44.14390621,-20.13855225,0],[-44.14390904,-20.13854769,0],[-44.14391033,-20.13854711,0],[-44.14391412,-20.13854591,0],[-44.14391487,-20.13854236,0],[-44.14391411,-20.13854115,0],[-44.14391431,-20.13853687,0],[-44.14391591,-20.13853427,0],[-44.14391776,-20.13852874,0],[-44.14391815,-20.13852785,0],[-44.14391835,-20.13852751,0],[-44.14391872,-20.13852669,0],[-44.14392308,-20.13851884,0],[-44.14392328,-20.13851459,0],[-44.14392339,-20.13851415,0],[-44.14392354,-20.13850981,0],[-44.14392469,-20.13850631,0],[-44.14392464,-20.13850433,0],[-44.14392534,-20.13850078,0],[-44.14392487,-20.1384974,0],[-44.14392472,-20.13849527,0],[-44.14392413,-20.13849174,0],[-44.14392483,-20.13848828,0],[-44.1439263,-20.13848481,0],[-44.1439269,-20.13848272,0],[-44.14392752,-20.13848176,0],[-44.14392854,-20.13848099,0],[-44.14393812,-20.13847803,0],[-44.14394129,-20.13847674,0],[-44.14394399,-20.13847377,0],[-44.1439453,-20.13847148,0],[-44.14394773,-20.13846991,0],[-44.14395065,-20.13846751,0],[-44.14395344,-20.13846478,0],[-44.14395361,-20.13846125,0],[-44.14395696,-20.13845615,0],[-44.14395702,-20.13845576,0],[-44.14395137,-20.13845238,0],[-44.14394784,-20.13844956,0],[-44.14394632,-20.13844812,0],[-44.14394508,-20.13844666,0],[-44.14394174,-20.13844341,0],[-44.14393777,-20.13843813,0],[-44.14393746,-20.13843759,0],[-44.14393258,-20.13843399,0],[-44.14392892,-20.13842861,0],[-44.14392885,-20.13842851,0],[-44.14392884,-20.1384285,0],[-44.14392882,-20.13842847,0],[-44.14392549,-20.13842264,0],[-44.14392462,-20.13841946,0],[-44.14392397,-20.13841042,0],[-44.14392282,-20.13840715,0],[-44.14392206,-20.13840389,0],[-44.14392131,-20.13840137,0],[-44.14392128,-20.1383996,0],[-44.14392004,-20.13839289,0],[-44.14392003,-20.13839233,0],[-44.14392005,-20.13839176,0],[-44.14391989,-20.13838366,0],[-44.14391994,-20.13838288,0],[-44.14391953,-20.13837881,0],[-44.14391847,-20.13836521,0],[-44.14391851,-20.13836418,0],[-44.14391926,-20.13835655,0],[-44.14391929,-20.13835585,0],[-44.14391966,-20.13835383,0],[-44.1439212,-20.13834858,0],[-44.14392154,-20.13834716,0],[-44.14392245,-20.13834457,0],[-44.14392338,-20.13834158,0],[-44.14392607,-20.13833507,0],[-44.14392745,-20.13833091,0],[-44.14392812,-20.13832912,0],[-44.14392815,-20.13832797,0],[-44.1439289,-20.13832057,0],[-44.14392892,-20.13832009,0],[-44.14392734,-20.13831303,0],[-44.14392699,-20.13831104,0],[-44.1439278,-20.13830946,0],[-44.14392949,-20.13830647,0],[-44.14393418,-20.13830665,0],[-44.14393447,-20.13830675,0],[-44.14393905,-20.13830706,0],[-44.1439404,-20.13830333,0],[-44.14394187,-20.13830208,0],[-44.14394353,-20.1382979,0],[-44.14393848,-20.13829363,0],[-44.14393808,-20.13829302,0],[-44.14393886,-20.13829277,0],[-44.14393913,-20.13829244,0],[-44.14393987,-20.13829233,0],[-44.14394012,-20.13829303,0],[-44.14394417,-20.13829731,0],[-44.14394868,-20.13829617,0],[-44.1439496,-20.13829394,0],[-44.1439499,-20.13829308,0],[-44.14395004,-20.13829182,0],[-44.14394874,-20.13828434,0],[-44.14394849,-20.13828427,0],[-44.14394855,-20.13828404,0],[-44.14394868,-20.13828398,0],[-44.14394874,-20.13828393,0],[-44.14395238,-20.13827842,0],[-44.1439544,-20.13827503,0],[-44.14395535,-20.13827218,0],[-44.14395564,-20.1382686,0],[-44.14395625,-20.138266,0],[-44.14395683,-20.13826451,0],[-44.14395846,-20.13825698,0],[-44.14396121,-20.13825052,0],[-44.14396202,-20.13824796,0],[-44.14396562,-20.13824564,0],[-44.1439681,-20.13824356,0],[-44.14397083,-20.13824154,0],[-44.14397299,-20.13823898,0],[-44.14397466,-20.13823611,0],[-44.14397644,-20.13823118,0],[-44.14397698,-20.13822996,0],[-44.14397727,-20.13822951,0],[-44.14397774,-20.13822919,0],[-44.14398185,-20.13822481,0],[-44.14398467,-20.13821841,0],[-44.14398739,-20.13821453,0],[-44.14398886,-20.13821333,0],[-44.14398984,-20.13821195,0],[-44.14399312,-20.13820831,0],[-44.14399701,-20.13820479,0],[-44.14399796,-20.13820385,0],[-44.14399864,-20.13820296,0],[-44.14400229,-20.1381989,0],[-44.1440086,-20.13819397,0],[-44.14401243,-20.13819041,0],[-44.14401747,-20.13818613,0],[-44.14401894,-20.13818499,0],[-44.14402204,-20.13818141,0],[-44.14402586,-20.13817775,0],[-44.14402731,-20.13817599,0],[-44.14402983,-20.13817068,0],[-44.14403177,-20.13816698,0],[-44.14403434,-20.13815796,0],[-44.14403474,-20.1381572,0],[-44.14403554,-20.13815629,0],[-44.1440384,-20.13815161,0],[-44.14404092,-20.13814895,0],[-44.14404215,-20.1381461,0],[-44.14404519,-20.13814118,0],[-44.14404587,-20.13814058,0],[-44.14404714,-20.13813995,0],[-44.14404704,-20.13813822,0],[-44.14404803,-20.13813356,0],[-44.14404792,-20.13812188,0],[-44.14404774,-20.13811959,0],[-44.14404595,-20.13811341,0],[-44.14404589,-20.13811283,0],[-44.14404566,-20.13811254,0],[-44.14404535,-20.13811218,0],[-44.14404234,-20.13810666,0],[-44.14404103,-20.13810377,0],[-44.14403625,-20.13809472,0],[-44.14403621,-20.13809441,0],[-44.14403384,-20.13808763,0],[-44.14403325,-20.13808566,0],[-44.14403302,-20.1380829,0],[-44.14403309,-20.13807935,0],[-44.1440328,-20.13807663,0],[-44.14403147,-20.13807234,0],[-44.14403137,-20.13807196,0],[-44.14402979,-20.13806758,0],[-44.1440283,-20.13805853,0],[-44.14402793,-20.1380572,0],[-44.14402467,-20.13805126,0],[-44.14402298,-20.13804947,0],[-44.14402298,-20.13804044,0],[-44.14402408,-20.13803804,0],[-44.1440277,-20.13803142,0],[-44.14402999,-20.13802551,0],[-44.14403241,-20.13801874,0],[-44.14403264,-20.13801684,0],[-44.14403355,-20.13801338,0],[-44.14403433,-20.13801149,0],[-44.14403853,-20.13800642,0],[-44.14403985,-20.13800438,0],[-44.14404201,-20.13800065,0],[-44.14404479,-20.13799536,0],[-44.14404542,-20.13799482,0],[-44.14404599,-20.13799448,0],[-44.14405085,-20.13799092,0],[-44.14405512,-20.13798638,0],[-44.14405538,-20.13798616,0],[-44.14406108,-20.13798252,0],[-44.14406521,-20.13798016,0],[-44.14406676,-20.13797886,0],[-44.14406814,-20.13797741,0],[-44.14407199,-20.13797477,0],[-44.14407481,-20.13797346,0],[-44.1440777,-20.13797113,0],[-44.14408081,-20.13796843,0],[-44.14408257,-20.1379667,0],[-44.14408872,-20.13796442,0],[-44.14408936,-20.1379641,0],[-44.144094,-20.13796301,0],[-44.14409774,-20.13796301,0],[-44.14410028,-20.1379626,0],[-44.14410357,-20.13796259,0],[-44.14410645,-20.13796224,0],[-44.14411051,-20.13796203,0],[-44.14411314,-20.13796175,0],[-44.14411508,-20.13796139,0],[-44.14412008,-20.13795959,0],[-44.14412166,-20.13795859,0],[-44.14412273,-20.13795838,0],[-44.14412408,-20.13795834,0],[-44.14413102,-20.13795843,0],[-44.1441323,-20.13795839,0],[-44.14414186,-20.13795962,0],[-44.14414193,-20.13795962,0],[-44.14414245,-20.1379597,0],[-44.14415226,-20.13796053,0],[-44.14416057,-20.13796018,0],[-44.14416099,-20.13796021,0],[-44.14416141,-20.13796019,0],[-44.14416893,-20.13795828,0],[-44.14417057,-20.13795803,0],[-44.14417235,-20.13795816,0],[-44.14418,-20.13795988,0],[-44.1441801,-20.13795991,0],[-44.14418012,-20.13795991,0],[-44.14418016,-20.13795991,0],[-44.14418844,-20.1379611,0],[-44.14418969,-20.13796122,0],[-44.1441908,-20.13796098,0],[-44.14419769,-20.13795848,0],[-44.14419927,-20.13795815,0],[-44.14420128,-20.13795808,0],[-44.14420635,-20.13795766,0],[-44.14421159,-20.13795743,0],[-44.1442157,-20.1379575,0],[-44.14421841,-20.13795732,0],[-44.14422163,-20.13795407,0],[-44.14422418,-20.13795106,0],[-44.14422568,-20.13794886,0],[-44.14422803,-20.13794769,0],[-44.14423158,-20.13794774,0],[-44.14423423,-20.13794793,0],[-44.14424096,-20.13794796,0],[-44.14424455,-20.1379487,0],[-44.14424716,-20.13794868,0],[-44.14425141,-20.13794616,0],[-44.1442558,-20.13794218,0],[-44.14425625,-20.1379417,0],[-44.14425676,-20.13794135,0],[-44.14426098,-20.13793712,0],[-44.14426503,-20.13793191,0],[-44.14426639,-20.13793081,0],[-44.14426933,-20.13792693,0],[-44.14427123,-20.13792418,0],[-44.14427331,-20.13792164,0],[-44.14427601,-20.13792019,0],[-44.14427842,-20.13791744,0],[-44.14428134,-20.13791519,0],[-44.14428296,-20.13791269,0],[-44.14428563,-20.13791126,0],[-44.14428877,-20.13790915,0],[-44.14429251,-20.13790877,0],[-44.14429522,-20.1379079,0],[-44.14429645,-20.13790739,0],[-44.14429891,-20.13790624,0],[-44.14430125,-20.13790289,0],[-44.14430482,-20.13790085,0],[-44.14430818,-20.13789725,0],[-44.14431026,-20.13789332,0],[-44.14431445,-20.13788927,0],[-44.14431929,-20.13788378,0],[-44.14432407,-20.13788055,0],[-44.14432504,-20.13788018,0],[-44.14432807,-20.13787928,0],[-44.14433164,-20.1378774,0],[-44.14433365,-20.13787676,0],[-44.14434323,-20.13787433,0],[-44.14434496,-20.13787194,0],[-44.14434576,-20.13787033,0],[-44.14434605,-20.1378677,0],[-44.14434664,-20.13786446,0],[-44.14434767,-20.13785227,0],[-44.1443492,-20.13784874,0],[-44.14435296,-20.13784569,0],[-44.14435422,-20.13784445,0],[-44.14435518,-20.13784327,0],[-44.14435671,-20.13783976,0],[-44.14435709,-20.1378381,0],[-44.14436046,-20.13783426,0],[-44.14436125,-20.13783299,0],[-44.1443626,-20.1378322,0],[-44.14436695,-20.13782934,0],[-44.14436782,-20.13782938,0],[-44.14437219,-20.13782825,0],[-44.14437371,-20.13782672,0],[-44.14437464,-20.13782529,0],[-44.14437563,-20.13782208,0],[-44.14437578,-20.1378196,0],[-44.14437923,-20.13781382,0],[-44.14438184,-20.13781275,0],[-44.14438397,-20.13780926,0],[-44.14438498,-20.13780727,0],[-44.1443869,-20.13780297,0],[-44.14439148,-20.1378001,0],[-44.14439255,-20.13779928,0],[-44.14439344,-20.13779828,0],[-44.14439396,-20.13779596,0],[-44.14439461,-20.13779217,0],[-44.14439534,-20.13778925,0],[-44.14439517,-20.13778021,0],[-44.14439705,-20.13777633,0],[-44.14440118,-20.13777407,0],[-44.1444025,-20.13777245,0],[-44.14440292,-20.13777121,0],[-44.14440394,-20.13776218,0],[-44.14440441,-20.13775921,0],[-44.1444044,-20.1377561,0],[-44.14440506,-20.13775315,0],[-44.14440623,-20.13774876,0],[-44.14440668,-20.1377481,0],[-44.14440869,-20.13774414,0],[-44.14440885,-20.13774218,0],[-44.14441021,-20.13773581,0],[-44.14441035,-20.13773452,0],[-44.14441098,-20.13773201,0],[-44.14441158,-20.13772661,0],[-44.14441172,-20.13772608,0],[-44.1444133,-20.13771705,0],[-44.14441308,-20.13771515,0],[-44.14441208,-20.13770893,0],[-44.14441197,-20.13770801,0],[-44.14441209,-20.13770709,0],[-44.14441257,-20.13770031,0],[-44.14441277,-20.13769898,0],[-44.14441334,-20.13769693,0],[-44.14441363,-20.13769224,0],[-44.14441475,-20.13768995,0],[-44.14441645,-20.13768586,0],[-44.14441887,-20.13768277,0],[-44.14442013,-20.13768094,0],[-44.14442026,-20.13768041,0],[-44.14442083,-20.13767954,0],[-44.14442297,-20.13767391,0],[-44.14442294,-20.13767192,0],[-44.14442188,-20.13767096,0],[-44.14442089,-20.13766984,0],[-44.14441653,-20.13766698,0],[-44.1444141,-20.13766284,0],[-44.14441296,-20.13766133,0],[-44.14441139,-20.13765753,0],[-44.14440932,-20.13765574,0],[-44.14440838,-20.13765378,0],[-44.14440842,-20.13765094,0],[-44.14441001,-20.13764611,0],[-44.14441004,-20.13764475,0],[-44.14440978,-20.13764316,0],[-44.14440928,-20.1376378,0],[-44.14440889,-20.13763571,0],[-44.14440907,-20.1376334,0],[-44.14440894,-20.13762913,0],[-44.1444091,-20.13762667,0],[-44.14440915,-20.13762439,0],[-44.14441011,-20.13761905,0],[-44.14441015,-20.13761764,0],[-44.14440994,-20.13761606,0],[-44.14440958,-20.13761055,0],[-44.14440927,-20.1376086,0],[-44.14440776,-20.1376049,0],[-44.14440713,-20.13760385,0],[-44.14440619,-20.13759955,0],[-44.14440565,-20.13759625,0],[-44.14440535,-20.13759352,0],[-44.1444049,-20.13759051,0],[-44.14440567,-20.13758724,0],[-44.14440603,-20.13758508,0],[-44.14440922,-20.13757246,0],[-44.14440636,-20.13756341,0],[-44.144407,-20.13755903,0],[-44.14440701,-20.13755877,0],[-44.14440783,-20.13755438,0],[-44.14440827,-20.13755089,0],[-44.14440838,-20.13754875,0],[-44.14440877,-20.13754535,0],[-44.14440896,-20.13754247,0],[-44.14440974,-20.13753848,0],[-44.14441008,-20.13753445,0],[-44.14441209,-20.13752854,0],[-44.14441219,-20.13750984,0],[-44.14441207,-20.13750934,0],[-44.14441206,-20.13750922,0],[-44.1444121,-20.13750913,0],[-44.1444122,-20.137509,0],[-44.14441271,-20.13750064,0],[-44.14441292,-20.13749955,0],[-44.14441274,-20.13749158,0],[-44.14441282,-20.13749108,0],[-44.1444129,-20.13749058,0],[-44.14441275,-20.1374825,0],[-44.14441276,-20.13748212,0],[-44.14441285,-20.13748164,0],[-44.14441323,-20.13747388,0],[-44.14441344,-20.13747309,0],[-44.14441367,-20.13746926,0],[-44.14441389,-20.13746543,0],[-44.14441807,-20.13746465,0],[-44.14442225,-20.13746386,0],[-44.1444224,-20.13745539,0],[-44.14442248,-20.13745466,0],[-44.14442259,-20.13744649,0],[-44.14442266,-20.13744602,0],[-44.14442287,-20.13744531,0],[-44.14442277,-20.13743757,0],[-44.14441788,-20.13744156,0],[-44.14441298,-20.13744556,0],[-44.14441294,-20.13744598,0],[-44.14441292,-20.13744634,0],[-44.14441253,-20.13744758,0],[-44.14441068,-20.13744771,0],[-44.14440599,-20.13744881,0],[-44.14440295,-20.13744892,0],[-44.1443975,-20.13745254,0],[-44.14439204,-20.13745615,0],[-44.14439137,-20.13746211,0],[-44.14439023,-20.137465,0],[-44.14438909,-20.13746789,0],[-44.14438897,-20.1374689,0],[-44.14438716,-20.13747296,0],[-44.14438598,-20.13747512,0],[-44.14438439,-20.13747815,0],[-44.14438279,-20.13748117,0],[-44.14438174,-20.13748375,0],[-44.14438096,-20.1374885,0],[-44.14437932,-20.13749148,0],[-44.14437769,-20.13749447,0],[-44.1443748,-20.13749923,0],[-44.14437457,-20.13749979,0],[-44.14437434,-20.13750035,0],[-44.14437397,-20.13750114,0],[-44.1443734,-20.13750853,0],[-44.14437336,-20.13750907,0],[-44.14437332,-20.13750961,0],[-44.14437292,-20.13751716,0],[-44.14437296,-20.13751807,0],[-44.14437244,-20.1375284,0],[-44.14437245,-20.13753488,0],[-44.14437157,-20.13754719,0],[-44.14437084,-20.1375542,0],[-44.14437093,-20.13755679,0],[-44.1443714,-20.13756112,0],[-44.14437149,-20.13756324,0],[-44.1443713,-20.13757441,0],[-44.14437102,-20.13757893,0],[-44.14437102,-20.13758131,0],[-44.14437064,-20.13758402,0],[-44.14437069,-20.13758769,0],[-44.14437018,-20.13759034,0],[-44.14436882,-20.13759471,0],[-44.14436879,-20.13759496,0],[-44.14436661,-20.13759936,0],[-44.14436712,-20.13760245,0],[-44.14436779,-20.13760467,0],[-44.14436868,-20.13761283,0],[-44.14436866,-20.137613,0],[-44.14436931,-20.13762123,0],[-44.14436926,-20.13762265,0],[-44.14436965,-20.1376299,0],[-44.14436963,-20.13763209,0],[-44.14437003,-20.13764455,0],[-44.14436913,-20.13765359,0],[-44.1443693,-20.1376572,0],[-44.14436954,-20.13765926,0],[-44.14436972,-20.13766262,0],[-44.14436965,-20.13767166,0],[-44.1443699,-20.13767461,0],[-44.14437063,-20.13767845,0],[-44.14437086,-20.1376807,0],[-44.1443709,-20.13768267,0],[-44.14437147,-20.13768835,0],[-44.1443715,-20.13768974,0],[-44.14436859,-20.13770281,0],[-44.14436846,-20.13770364,0],[-44.14436744,-20.13770779,0],[-44.14436725,-20.13771156,0],[-44.14436703,-20.13771326,0],[-44.14436663,-20.13772005,0],[-44.14436618,-20.13772304,0],[-44.14436599,-20.13772586,0],[-44.14436561,-20.13772817,0],[-44.14436403,-20.13773404,0],[-44.14436387,-20.13773488,0],[-44.14436365,-20.13773537,0],[-44.14436141,-20.13774232,0],[-44.14436103,-20.1377439,0],[-44.14435945,-20.13774953,0],[-44.14435835,-20.13775293,0],[-44.14435678,-20.13775606,0],[-44.14435342,-20.13776162,0],[-44.14435328,-20.13776181,0],[-44.1443532,-20.13776194,0],[-44.14435319,-20.13776214,0],[-44.14435371,-20.13777065,0],[-44.14435371,-20.13777097,0],[-44.14435363,-20.13777123,0],[-44.14435336,-20.13777196,0],[-44.14435078,-20.13777759,0],[-44.14434998,-20.13777999,0],[-44.14434755,-20.13778359,0],[-44.14434597,-20.13778687,0],[-44.14434483,-20.137789,0],[-44.14434448,-20.13778975,0],[-44.14434204,-20.1377965,0],[-44.14434159,-20.13779802,0],[-44.14433823,-20.13780195,0],[-44.1443373,-20.13780397,0],[-44.14433557,-20.13780703,0],[-44.14433401,-20.13781098,0],[-44.14432865,-20.13781603,0],[-44.14432593,-20.13781746,0],[-44.14432441,-20.13781834,0],[-44.14432141,-20.13782223,0],[-44.1443199,-20.13782502,0],[-44.14431829,-20.13782833,0],[-44.14431483,-20.13783404,0],[-44.14431479,-20.13783407,0],[-44.14431475,-20.13783409,0],[-44.14431459,-20.13783419,0],[-44.14430872,-20.13783736,0],[-44.14430354,-20.1378415,0],[-44.14430256,-20.13784301,0],[-44.14429903,-20.13784628,0],[-44.14429553,-20.13784985,0],[-44.14429396,-20.13785053,0],[-44.14429278,-20.137852,0],[-44.14428895,-20.13785483,0],[-44.14428593,-20.13785631,0],[-44.14428298,-20.13785821,0],[-44.14428085,-20.13786098,0],[-44.14427859,-20.13786311,0],[-44.14427632,-20.13786446,0],[-44.14427203,-20.13786592,0],[-44.14426725,-20.13786945,0],[-44.14426672,-20.13786979,0],[-44.14426663,-20.13786986,0],[-44.14426659,-20.13786994,0],[-44.14426117,-20.13787373,0],[-44.14425712,-20.13787631,0],[-44.14425459,-20.13787653,0],[-44.14424846,-20.13787802,0],[-44.14424754,-20.13787813,0],[-44.144247,-20.13787838,0],[-44.14424652,-20.13787888,0],[-44.1442411,-20.13788182,0],[-44.14423795,-20.13788309,0],[-44.1442335,-20.13788365,0],[-44.14423246,-20.13788399,0],[-44.14422837,-20.13788474,0],[-44.14422074,-20.13788779,0],[-44.14421931,-20.13788828,0],[-44.14421878,-20.1378884,0],[-44.14421811,-20.13788841,0],[-44.14421056,-20.13788902,0],[-44.14420921,-20.13788904,0],[-44.14420378,-20.13789163,0],[-44.14419962,-20.13789397,0],[-44.14419666,-20.13789391,0],[-44.14419216,-20.13789469,0],[-44.14419005,-20.13789464,0],[-44.14418066,-20.13789682,0],[-44.14418047,-20.13789694,0],[-44.14417993,-20.13789713,0],[-44.1441733,-20.13789888,0],[-44.14417088,-20.13790007,0],[-44.14416712,-20.13790012,0],[-44.14416491,-20.13789995,0],[-44.14416132,-20.13790001,0],[-44.14415675,-20.13790124,0],[-44.1441562,-20.13790134,0],[-44.14415174,-20.13790235,0],[-44.1441493,-20.13790322,0],[-44.1441441,-20.13790366,0],[-44.14414216,-20.1379041,0],[-44.14414103,-20.13790441,0],[-44.14413362,-20.13790447,0],[-44.14413259,-20.13790465,0],[-44.14412322,-20.13790558,0],[-44.14412302,-20.13790559,0],[-44.14412282,-20.13790558,0],[-44.14411351,-20.13790539,0],[-44.14411345,-20.13790539,0],[-44.14411339,-20.13790539,0],[-44.14410388,-20.13790555,0],[-44.14410366,-20.1379055,0],[-44.14409454,-20.13790504,0],[-44.14409432,-20.13790507,0],[-44.14409417,-20.13790511,0],[-44.14408613,-20.13790652,0],[-44.14408474,-20.13790662,0],[-44.14408292,-20.13790691,0],[-44.14407806,-20.1379079,0],[-44.14407127,-20.13790881,0],[-44.14406993,-20.13790923,0],[-44.14406559,-20.13790956,0],[-44.14405603,-20.13790937,0],[-44.14405154,-20.13790984,0],[-44.14405081,-20.13790996,0],[-44.14404301,-20.13791078,0],[-44.14403979,-20.13791127,0],[-44.14403688,-20.13791157,0],[-44.14403403,-20.1379113,0],[-44.14403018,-20.13791126,0],[-44.14402382,-20.13791064,0],[-44.14402054,-20.13791128,0],[-44.14401775,-20.13791082,0],[-44.14401512,-20.13791142,0],[-44.14401131,-20.13791092,0],[-44.14400818,-20.13791129,0],[-44.144006,-20.1379118,0],[-44.14400165,-20.13791096,0],[-44.14399861,-20.13791129,0],[-44.14399673,-20.13791204,0],[-44.14399372,-20.13791379,0],[-44.14399175,-20.13791637,0],[-44.14398901,-20.13791808,0],[-44.14398632,-20.13792027,0],[-44.14398024,-20.13792276,0],[-44.14397979,-20.13792311,0],[-44.14397941,-20.13792319,0],[-44.14397408,-20.13792675,0],[-44.14396874,-20.13793174,0],[-44.14396822,-20.13793322,0],[-44.14396604,-20.13793725,0],[-44.14396531,-20.13794076,0],[-44.1439659,-20.13794438,0],[-44.14396594,-20.13794623,0],[-44.1439664,-20.1379498,0],[-44.14396709,-20.13795226,0],[-44.14396965,-20.13795812,0],[-44.14397002,-20.13795851,0],[-44.14397013,-20.13795886,0],[-44.1439707,-20.1379679,0],[-44.14397081,-20.13797693,0],[-44.14397025,-20.13798596,0],[-44.14397014,-20.13798657,0],[-44.14396949,-20.13798789,0],[-44.14396736,-20.137993,0],[-44.14396436,-20.13799922,0],[-44.14396153,-20.13800399,0],[-44.14396098,-20.13800508,0],[-44.14395982,-20.13800657,0],[-44.14395737,-20.13801072,0],[-44.1439557,-20.138013,0],[-44.14395436,-20.13801693,0],[-44.14395344,-20.13801895,0],[-44.14395221,-20.13802202,0],[-44.14395491,-20.13802657,0],[-44.14395704,-20.13803108,0],[-44.14395779,-20.13803287,0],[-44.14396028,-20.13803953,0],[-44.14396037,-20.13804013,0],[-44.14396033,-20.13804079,0],[-44.14395921,-20.13804916,0],[-44.14395907,-20.13804965,0],[-44.1439578,-20.13805654,0],[-44.14395722,-20.13805819,0],[-44.14395717,-20.13806042,0],[-44.14395766,-20.13806549,0],[-44.14395761,-20.13806723,0],[-44.1439597,-20.13807627,0],[-44.14395914,-20.1380853,0],[-44.14395903,-20.13808564,0],[-44.14395739,-20.13809247,0],[-44.14395663,-20.13809433,0],[-44.1439569,-20.13809663,0],[-44.14395799,-20.13810213,0],[-44.14395816,-20.13810337,0],[-44.14395836,-20.13810425,0],[-44.14395936,-20.13811241,0],[-44.14395579,-20.13813047,0],[-44.14395528,-20.1381341,0],[-44.14395521,-20.13813581,0],[-44.14395391,-20.13814365,0],[-44.14395394,-20.13814434,0],[-44.14395347,-20.13814853,0],[-44.14394943,-20.13815738,0],[-44.14394936,-20.13815747,0],[-44.14394933,-20.13815754,0],[-44.14394913,-20.13815782,0],[-44.14394544,-20.13816281,0],[-44.1439424,-20.138169,0],[-44.14393979,-20.13817189,0],[-44.14393786,-20.13817375,0],[-44.14393634,-20.13817555,0],[-44.14393381,-20.13817896,0],[-44.14393016,-20.13818273,0],[-44.14392935,-20.13818379,0],[-44.14392857,-20.13818455,0],[-44.1439249,-20.13818862,0],[-44.14392054,-20.13819193,0],[-44.14391954,-20.1381926,0],[-44.14391605,-20.13819352,0],[-44.14391275,-20.1381952,0],[-44.14391095,-20.13819734,0],[-44.14390974,-20.13820141,0],[-44.14390916,-20.13820252,0],[-44.14390585,-20.13820678,0],[-44.1439013,-20.13821138,0],[-44.14390124,-20.13821146,0],[-44.14389701,-20.13821651,0],[-44.14389264,-20.13822052,0],[-44.14389207,-20.13822088,0],[-44.14389168,-20.1382212,0],[-44.14389008,-20.13822201,0],[-44.14388538,-20.13822357,0],[-44.14388208,-20.13822763,0],[-44.14388154,-20.13822899,0],[-44.14388143,-20.1382295,0],[-44.14388122,-20.13823029,0],[-44.14388035,-20.13823694,0],[-44.14387976,-20.13823852,0],[-44.14387241,-20.13824623,0],[-44.14387169,-20.13824752,0],[-44.14387146,-20.13824841,0],[-44.14387015,-20.13825446,0],[-44.14386956,-20.13825655,0],[-44.1438678,-20.13826129,0],[-44.14386545,-20.13826814,0],[-44.14386456,-20.13827284,0],[-44.14386405,-20.13827459,0],[-44.14386407,-20.1382759,0],[-44.1438632,-20.1382831,0],[-44.14386321,-20.13828362,0],[-44.14386298,-20.13828395,0],[-44.14386264,-20.13828422,0],[-44.14386136,-20.13828481,0],[-44.1438562,-20.13828656,0],[-44.14385304,-20.13828908,0],[-44.1438506,-20.13829029,0],[-44.14384833,-20.13829259,0],[-44.14384686,-20.13829581,0],[-44.14384687,-20.13829836,0],[-44.14384607,-20.13830161,0],[-44.14384542,-20.13830352,0],[-44.14384337,-20.13830758,0],[-44.14384086,-20.13831062,0],[-44.14383747,-20.1383141,0],[-44.14383376,-20.13831695,0],[-44.14383209,-20.13831805,0],[-44.1438303,-20.13831961,0],[-44.14383037,-20.13832277,0],[-44.14383,-20.13832513,0],[-44.14383005,-20.13832864,0],[-44.14383057,-20.13833158,0],[-44.14383082,-20.138335,0],[-44.14383122,-20.13833768,0],[-44.14383163,-20.13833958,0],[-44.14383383,-20.1383465,0],[-44.14383388,-20.13834673,0],[-44.14383384,-20.13834696,0],[-44.1438312,-20.13835353,0],[-44.14383043,-20.13835575,0],[-44.14382941,-20.13836478,0],[-44.1438293,-20.13836872,0],[-44.14382918,-20.13836977,0],[-44.14382908,-20.13837381,0],[-44.14383,-20.13837706,0],[-44.14383207,-20.13838161,0],[-44.14383254,-20.13838287,0],[-44.14383266,-20.13838356,0],[-44.14383338,-20.13838557,0],[-44.14383541,-20.13838997,0],[-44.14383867,-20.13839592,0],[-44.14383929,-20.13839758,0],[-44.14384078,-20.13840098,0],[-44.14384062,-20.13840309,0],[-44.14384053,-20.13840785,0],[-44.14384035,-20.13841001,0],[-44.14383643,-20.13841903,0],[-44.14383583,-20.13842152,0],[-44.14383317,-20.13842522,0],[-44.14383152,-20.1384265,0],[-44.1438246,-20.13842705,0],[-44.14382359,-20.13842738,0],[-44.14382312,-20.13842756,0],[-44.14382274,-20.138428,0],[-44.14382298,-20.13842857,0],[-44.14382358,-20.13842913,0],[-44.14382539,-20.13842973,0],[-44.14383054,-20.13843049,0],[-44.14383313,-20.13843199,0],[-44.14383525,-20.13843508,0],[-44.14383618,-20.1384371,0],[-44.14383482,-20.13843872,0],[-44.14383308,-20.13844131,0],[-44.14383084,-20.13844401,0],[-44.14382878,-20.13845011,0],[-44.14382849,-20.13845084,0],[-44.14382722,-20.13845513,0],[-44.1438269,-20.13845842,0],[-44.14382681,-20.13846094,0],[-44.14382653,-20.13846416,0],[-44.14382602,-20.13847319,0],[-44.14382481,-20.13847459,0],[-44.14382331,-20.13847814,0],[-44.14382104,-20.1384822,0],[-44.14381746,-20.13848573,0],[-44.14381369,-20.13848829,0],[-44.14380771,-20.13849117,0],[-44.14380641,-20.13849336,0],[-44.14380746,-20.13849701,0],[-44.14380546,-20.13850923,0],[-44.14380504,-20.13851021,0],[-44.14380399,-20.13851136,0],[-44.14380077,-20.13851522,0],[-44.14379724,-20.13851823,0],[-44.1437961,-20.13851985,0],[-44.14379434,-20.13852721,0],[-44.14379298,-20.13853503,0],[-44.14379289,-20.13853628,0],[-44.14379243,-20.13853802,0],[-44.14379099,-20.13854222,0],[-44.14379034,-20.1385453,0],[-44.14378799,-20.13854844,0],[-44.14378464,-20.13855177,0],[-44.14378262,-20.1385524,0],[-44.14377922,-20.13855428,0],[-44.14377683,-20.13855595,0],[-44.14377504,-20.13855708,0],[-44.14377188,-20.13855724,0],[-44.14376779,-20.13855641,0],[-44.14376548,-20.13855661,0],[-44.1437623,-20.13856025,0],[-44.14376089,-20.13856323,0],[-44.14376022,-20.13856735,0],[-44.14375906,-20.13856922,0],[-44.143758,-20.13857225,0],[-44.14375677,-20.13857314,0],[-44.14374622,-20.13857883,0],[-44.14374434,-20.13857944,0],[-44.14374262,-20.13858121,0],[-44.14374297,-20.13858426,0],[-44.14374221,-20.13858649,0],[-44.14374239,-20.13859025,0],[-44.14374057,-20.13859402,0],[-44.143737,-20.13859883,0],[-44.14373671,-20.13859926,0],[-44.14373662,-20.13859933,0],[-44.1437328,-20.13860477,0],[-44.14373003,-20.13860826,0],[-44.14372819,-20.13860945,0],[-44.14372692,-20.13861054,0],[-44.14372283,-20.13861341,0],[-44.14372124,-20.13861725,0],[-44.14371993,-20.13861973,0],[-44.14371893,-20.13862471,0],[-44.14371838,-20.13862627,0],[-44.143718,-20.13862697,0],[-44.14371725,-20.13862847,0],[-44.14371393,-20.13863217,0],[-44.1437121,-20.13863528,0],[-44.1437106,-20.13863807,0],[-44.14370948,-20.13864253,0],[-44.14370882,-20.1386443,0],[-44.14370846,-20.13864511,0],[-44.14370757,-20.13864983,0],[-44.14370612,-20.13865332,0],[-44.14370264,-20.13865773,0],[-44.1437025,-20.13865805,0],[-44.14370015,-20.13866233,0],[-44.14369964,-20.13866394,0],[-44.1436991,-20.13867021,0],[-44.14369884,-20.13867136,0],[-44.14369876,-20.13867219,0],[-44.14369936,-20.13867896,0],[-44.14369925,-20.1386804,0],[-44.14369899,-20.13868149,0],[-44.14369779,-20.13868804,0],[-44.14369743,-20.13868909,0],[-44.14369732,-20.13868986,0],[-44.14369577,-20.13869659,0],[-44.14369554,-20.13869845,0],[-44.14369484,-20.13870116,0],[-44.14369431,-20.13870427,0],[-44.14369329,-20.13870747,0],[-44.14369174,-20.1387109,0],[-44.14369111,-20.13871364,0],[-44.14369014,-20.13871649,0],[-44.14369011,-20.13871843,0],[-44.14368958,-20.13872406,0],[-44.14368956,-20.13872553,0],[-44.14368965,-20.13872708,0],[-44.14368889,-20.13873369,0],[-44.14368897,-20.13873456,0],[-44.14368882,-20.13873537,0],[-44.14368796,-20.13873705,0],[-44.14368512,-20.13874092,0],[-44.14368399,-20.13874357,0],[-44.14368272,-20.13874771,0],[-44.14368106,-20.13875259,0],[-44.14367975,-20.13875396,0],[-44.14367861,-20.13876128,0],[-44.14367848,-20.13876161,0],[-44.14367825,-20.13876224,0],[-44.14367026,-20.13877061,0],[-44.14367001,-20.13877191,0],[-44.14366861,-20.13877544,0],[-44.14366714,-20.13877826,0],[-44.14366722,-20.13877963,0],[-44.143667,-20.13878113,0],[-44.14366653,-20.13878675,0],[-44.14366621,-20.13878866,0],[-44.14366476,-20.13879221,0],[-44.14366424,-20.13879366,0],[-44.14366128,-20.13879992,0],[-44.14365888,-20.13880571,0],[-44.14365851,-20.13880635,0],[-44.14365838,-20.1388067,0],[-44.14365494,-20.13881203,0],[-44.14365298,-20.13881571,0],[-44.14365156,-20.13881789,0],[-44.14364922,-20.1388224,0],[-44.1436482,-20.13882376,0],[-44.14364788,-20.13882472,0],[-44.1436445,-20.13882932,0],[-44.14364179,-20.13883372,0],[-44.14364086,-20.13883492,0],[-44.14363958,-20.13883617,0],[-44.14363574,-20.13883912,0],[-44.14363275,-20.13884271,0],[-44.14363161,-20.13884426,0],[-44.14362996,-20.13884555,0],[-44.14362666,-20.13884861,0],[-44.1436251,-20.13885171,0],[-44.14362344,-20.13885462,0],[-44.14362032,-20.13885879,0],[-44.14361901,-20.13885948,0],[-44.14361454,-20.1388643,0],[-44.14361224,-20.13886827,0],[-44.1436113,-20.13886972,0],[-44.14361099,-20.13887,0],[-44.14361069,-20.13887033,0],[-44.14360566,-20.138874,0],[-44.14360139,-20.1388787,0],[-44.14360119,-20.13887881,0],[-44.14360108,-20.13887884,0],[-44.14360098,-20.1388788,0],[-44.14360081,-20.1388787,0],[-44.14359628,-20.1388742,0],[-44.14359155,-20.13887201,0],[-44.14358995,-20.13887112,0],[-44.14358769,-20.1388696,0],[-44.14358476,-20.13886698,0],[-44.14358201,-20.13886627,0],[-44.14357956,-20.13886725,0],[-44.14357717,-20.13886955,0],[-44.1435724,-20.13887349,0],[-44.14356926,-20.13887559,0],[-44.14356646,-20.13887853,0],[-44.14356834,-20.13888234,0],[-44.14357234,-20.13888466,0],[-44.14357381,-20.13888621,0],[-44.14357498,-20.13888761,0],[-44.14357741,-20.13889183,0],[-44.14357789,-20.1388929,0],[-44.14357972,-20.13889667,0],[-44.14357742,-20.13890081,0],[-44.14357714,-20.13890127,0],[-44.14357537,-20.13890568,0],[-44.14357417,-20.13890752,0],[-44.14357221,-20.13890932,0],[-44.14356825,-20.13891096,0],[-44.14356421,-20.13891467,0],[-44.14356349,-20.13891549,0],[-44.1435626,-20.13891624,0],[-44.14355797,-20.13891931,0],[-44.143553,-20.13892239,0],[-44.1435521,-20.13892279,0],[-44.14354154,-20.13893088,0],[-44.14354027,-20.13893262,0],[-44.14353695,-20.13893558,0],[-44.14353377,-20.13894006,0],[-44.14353221,-20.13894014,0],[-44.14352662,-20.13893931,0],[-44.14352421,-20.13893939,0],[-44.14352154,-20.13893904,0],[-44.14351724,-20.13893909,0],[-44.14351465,-20.1389386,0],[-44.1435111,-20.13893817,0],[-44.14350552,-20.13894105,0],[-44.14350507,-20.13894062,0],[-44.14350457,-20.13894101,0],[-44.14349708,-20.13893996,0],[-44.1434955,-20.13894033,0],[-44.14349489,-20.13894086,0],[-44.14349225,-20.13894142,0],[-44.14349498,-20.13894192,0],[-44.14349549,-20.13894198,0],[-44.14349607,-20.13894199,0],[-44.14350491,-20.13894163,0],[-44.14350506,-20.13894163,0],[-44.14351461,-20.13894549,0],[-44.14351814,-20.13894724,0],[-44.14351992,-20.13895059,0],[-44.14352167,-20.13895293,0],[-44.14352411,-20.13895816,0],[-44.14352453,-20.13895925,0],[-44.14352457,-20.13895965,0],[-44.1435244,-20.13895993,0],[-44.14352409,-20.13896063,0],[-44.14352123,-20.138966,0],[-44.14352036,-20.13896867,0],[-44.14351839,-20.13897236,0],[-44.143518,-20.13897434,0],[-44.14351683,-20.13897769,0],[-44.14351596,-20.13897913,0],[-44.14351441,-20.13898095,0],[-44.14351033,-20.13898284,0],[-44.14350482,-20.1389865,0],[-44.14350461,-20.13898647,0],[-44.14350438,-20.13898666,0],[-44.14350457,-20.13898689,0],[-44.14350481,-20.13898762,0],[-44.14350568,-20.13899484,0],[-44.1435055,-20.1389957,0],[-44.14350526,-20.13899616,0],[-44.14350476,-20.13899726,0],[-44.1435011,-20.13900128,0],[-44.14349973,-20.13900471,0],[-44.14349739,-20.13900682,0],[-44.14349512,-20.13901045,0],[-44.14349354,-20.13901224,0],[-44.14349319,-20.13901371,0],[-44.1434855,-20.13902039,0],[-44.1434831,-20.13902043,0],[-44.14348112,-20.13902269,0],[-44.14347863,-20.13902525,0],[-44.14347693,-20.1390307,0],[-44.14347644,-20.1390317,0],[-44.14347621,-20.13903203,0],[-44.14347585,-20.13903527,0],[-44.14347458,-20.13903956,0],[-44.14347438,-20.13904073,0],[-44.1434686,-20.13904293,0],[-44.14346623,-20.1390454,0],[-44.14346257,-20.13904626,0],[-44.14345728,-20.13904968,0],[-44.14345683,-20.13904986,0],[-44.14345663,-20.13904999,0],[-44.14345626,-20.13905002,0],[-44.14345433,-20.13904967,0],[-44.14344887,-20.13904795,0],[-44.14344708,-20.13904712,0],[-44.14344544,-20.13904808,0],[-44.1434401,-20.13905207,0],[-44.14343746,-20.13905643,0],[-44.14343628,-20.1390575,0],[-44.1434352,-20.13905861,0],[-44.14343013,-20.13906072,0],[-44.14342787,-20.13906209,0],[-44.14342392,-20.13906387,0],[-44.14341956,-20.13906757,0],[-44.143419,-20.13906826,0],[-44.14341826,-20.13906901,0],[-44.1434137,-20.13907228,0],[-44.1434095,-20.13907655,0],[-44.14340931,-20.13907718,0],[-44.14341007,-20.13908422,0],[-44.14340985,-20.13908559,0],[-44.14340938,-20.13908633,0],[-44.14340859,-20.13908805,0],[-44.14340615,-20.13909233,0],[-44.14340548,-20.13909461,0],[-44.14339914,-20.13910361,0],[-44.14339894,-20.13910384,0],[-44.14339549,-20.1391094,0],[-44.14339408,-20.13911262,0],[-44.14339114,-20.13911434,0],[-44.1433893,-20.13911562,0],[-44.14338513,-20.13911652,0],[-44.14338409,-20.13911669,0],[-44.14337973,-20.13911777,0],[-44.1433666,-20.13911816,0],[-44.14336262,-20.13911958,0],[-44.14336058,-20.13911975,0],[-44.14335906,-20.13912005,0],[-44.14335795,-20.13912148,0],[-44.14335864,-20.1391233,0],[-44.14335961,-20.13912966,0],[-44.14335984,-20.13913053,0],[-44.14336021,-20.13913082,0],[-44.14336052,-20.13913091,0],[-44.14336102,-20.13913101,0],[-44.14336876,-20.13913182,0],[-44.14337008,-20.13913212,0],[-44.14337326,-20.1391336,0],[-44.14337587,-20.13913417,0],[-44.14337968,-20.13913959,0],[-44.1433797,-20.13913966,0],[-44.14337968,-20.13913973,0],[-44.14337905,-20.13914821,0],[-44.14337904,-20.13914869,0],[-44.14337864,-20.13915773,0],[-44.14337857,-20.13915861,0],[-44.14337725,-20.13916465,0],[-44.14337711,-20.13916675,0],[-44.14337718,-20.1391689,0],[-44.14337802,-20.13917447,0],[-44.14337862,-20.13918483,0],[-44.14337859,-20.13918556,0],[-44.14337932,-20.13919228,0],[-44.14337941,-20.13919378,0],[-44.14337943,-20.13919387,0],[-44.14337949,-20.13919404,0],[-44.14338093,-20.13920135,0],[-44.14338189,-20.13920292,0],[-44.14338421,-20.13920727,0],[-44.14338818,-20.13921199,0],[-44.14338843,-20.13921232,0],[-44.14338878,-20.13921254,0],[-44.14339214,-20.13921784,0],[-44.14339591,-20.13922106,0],[-44.14339683,-20.13922244,0],[-44.14339829,-20.13922321,0],[-44.14340782,-20.13922994,0],[-44.14340792,-20.13923006,0],[-44.14341484,-20.13923257,0],[-44.14342013,-20.13923283,0],[-44.14342422,-20.1392328,0],[-44.14342694,-20.13923291,0],[-44.14343128,-20.13923519,0],[-44.14343562,-20.13923932,0],[-44.14343584,-20.13923992,0],[-44.14343645,-20.13924201,0],[-44.14343989,-20.13924512,0],[-44.14344228,-20.13924839,0],[-44.14344306,-20.13925115,0],[-44.14344304,-20.13925468,0],[-44.14344353,-20.13925743,0],[-44.14344274,-20.13926044,0],[-44.14344224,-20.139263,0],[-44.14344115,-20.13926646,0],[-44.14344075,-20.13927066,0],[-44.14344076,-20.13927128,0],[-44.14344042,-20.13927549,0],[-44.1434412,-20.13927985,0],[-44.14344112,-20.1392801,0],[-44.14344146,-20.13928453,0],[-44.14344103,-20.139289,0],[-44.14344103,-20.1392891,0],[-44.14344045,-20.13929356,0],[-44.14343929,-20.13929651,0],[-44.14343614,-20.13929926,0],[-44.14343377,-20.13930033,0],[-44.1434281,-20.13930109,0],[-44.14342656,-20.13930152,0],[-44.14342561,-20.13930163,0],[-44.14342411,-20.13930252,0],[-44.14342347,-20.13930542,0],[-44.14342261,-20.13930785,0],[-44.14342201,-20.13931154,0],[-44.14342257,-20.13931524,0],[-44.14342265,-20.13931697,0],[-44.14342311,-20.13932058,0],[-44.14341997,-20.13932349,0],[-44.14341686,-20.13932681,0],[-44.14341498,-20.13932782,0],[-44.14340931,-20.13933149,0],[-44.14340724,-20.13933476,0],[-44.14340514,-20.13933659,0],[-44.1434015,-20.13933855,0],[-44.14339858,-20.13933941,0],[-44.14339765,-20.13933998,0],[-44.14339477,-20.13934123,0],[-44.14339195,-20.13934217,0],[-44.14338806,-20.13934475,0],[-44.14338527,-20.13934487,0],[-44.14338233,-20.13934749,0],[-44.14338022,-20.13934914,0],[-44.14337865,-20.1393563,0],[-44.14337855,-20.13935651,0],[-44.14337849,-20.13935658,0],[-44.14337842,-20.13935663,0],[-44.14337824,-20.13935651,0],[-44.14337814,-20.13935624,0],[-44.14337641,-20.1393494,0],[-44.1433755,-20.13934746,0],[-44.14337559,-20.13934473,0],[-44.14337527,-20.13934148,0],[-44.14337535,-20.13933842,0],[-44.14337199,-20.13933556,0],[-44.14336898,-20.13933331,0],[-44.14336677,-20.13933144,0],[-44.14336539,-20.13932934,0],[-44.14336531,-20.13932584,0],[-44.14336632,-20.13932288,0],[-44.14336619,-20.13932031,0],[-44.14336255,-20.13931741,0],[-44.14335951,-20.13931602,0],[-44.14335496,-20.13931552,0],[-44.14335403,-20.13931506,0],[-44.14334995,-20.13931414,0],[-44.14334761,-20.13931802,0],[-44.1433443,-20.1393202,0],[-44.14334551,-20.13932435,0],[-44.14334554,-20.13932513,0],[-44.14334634,-20.13932925,0],[-44.14334771,-20.13933128,0],[-44.14334816,-20.13933672,0],[-44.14334895,-20.13933911,0],[-44.14334904,-20.13934663,0],[-44.14334918,-20.13934733,0],[-44.14334924,-20.13934783,0],[-44.14334973,-20.13935529,0],[-44.14334985,-20.13935625,0],[-44.14334992,-20.13935656,0],[-44.14335198,-20.13936325,0],[-44.14335236,-20.13936542,0],[-44.14335259,-20.13936819,0],[-44.14335188,-20.13937233,0],[-44.14335219,-20.13937445,0],[-44.14335187,-20.13938349,0],[-44.14335161,-20.13938541,0],[-44.14335111,-20.13939103,0],[-44.14335092,-20.13939252,0],[-44.14335086,-20.13939379,0],[-44.14335158,-20.13939959,0],[-44.14335149,-20.13940156,0],[-44.14335109,-20.13940309,0],[-44.14334944,-20.13940795,0],[-44.14334853,-20.13940973,0],[-44.14334852,-20.13941058,0],[-44.14334855,-20.1394114,0],[-44.14334962,-20.13941939,0],[-44.14334966,-20.13941962,0],[-44.1433464,-20.13942586,0],[-44.14334526,-20.13942863,0],[-44.14334439,-20.13943303,0],[-44.14334443,-20.13943323,0],[-44.14334395,-20.13943766,0],[-44.14334291,-20.13944069,0],[-44.14333967,-20.13944509,0],[-44.14333873,-20.13944579,0],[-44.14333829,-20.13944667,0],[-44.1433381,-20.13944814,0],[-44.14333636,-20.13945261,0],[-44.14333614,-20.1394557,0],[-44.14333445,-20.13945987,0],[-44.14333255,-20.13946232,0],[-44.14333094,-20.13946471,0],[-44.14333076,-20.13946543,0],[-44.14332995,-20.13947248,0],[-44.14332946,-20.13947328,0],[-44.14332931,-20.13947374,0],[-44.14332578,-20.13947884,0],[-44.14332365,-20.13948274,0],[-44.14332321,-20.13948547,0],[-44.14332146,-20.13949067,0],[-44.14332121,-20.13949177,0],[-44.14332103,-20.13949247,0],[-44.14332127,-20.13949983,0],[-44.1433211,-20.1395008,0],[-44.14332087,-20.1395014,0],[-44.14332023,-20.1395021,0],[-44.14331558,-20.13950544,0],[-44.14331072,-20.13950979,0],[-44.14331069,-20.13950985,0],[-44.14331061,-20.13951011,0],[-44.14330626,-20.13951472,0],[-44.14330755,-20.13951881,0],[-44.14330379,-20.13952144,0],[-44.14330097,-20.13952378,0],[-44.14329864,-20.13952098,0],[-44.14329732,-20.13951876,0],[-44.14329538,-20.13951504,0],[-44.14329145,-20.13951507,0],[-44.14328869,-20.1395123,0],[-44.14328799,-20.13950968,0],[-44.14328835,-20.13950671,0],[-44.14329152,-20.1395022,0],[-44.14329316,-20.13950221,0],[-44.14329325,-20.13950067,0],[-44.14329261,-20.13949965,0],[-44.14329154,-20.13949916,0],[-44.14328726,-20.13949566,0],[-44.14328334,-20.13949158,0],[-44.14328222,-20.13948254,0],[-44.14328221,-20.1394824,0],[-44.14328207,-20.13948203,0],[-44.14328044,-20.1394735,0],[-44.14327984,-20.13947134,0],[-44.14327911,-20.13946732,0],[-44.14327811,-20.13946445,0],[-44.14327618,-20.13946107,0],[-44.14327264,-20.1394555,0],[-44.14327051,-20.13946243,0],[-44.14327043,-20.13946441,0],[-44.14327011,-20.13946674,0],[-44.14326941,-20.13947047,0],[-44.14326904,-20.13947344,0],[-44.14326907,-20.13947671,0],[-44.14326885,-20.13947902,0],[-44.14326887,-20.13948248,0],[-44.14326815,-20.13948655,0],[-44.14326815,-20.13948743,0],[-44.14326709,-20.1394915,0],[-44.14326702,-20.13949544,0],[-44.14326678,-20.13949683,0],[-44.14326671,-20.13950054,0],[-44.14326612,-20.13950366,0],[-44.14326486,-20.13951154,0],[-44.14326252,-20.13951839,0],[-44.14326252,-20.13951878,0],[-44.14326186,-20.13952684,0],[-44.14326186,-20.13952762,0],[-44.14326162,-20.13952862,0],[-44.14326091,-20.13953501,0],[-44.14326035,-20.13953665,0],[-44.1432579,-20.13954567,0],[-44.14325739,-20.13954983,0],[-44.14325611,-20.13955175,0],[-44.14325514,-20.13955469,0],[-44.14325381,-20.13955549,0],[-44.14325296,-20.13955567,0],[-44.1432512,-20.13955634,0],[-44.14324589,-20.13955701,0],[-44.14324337,-20.13955957,0],[-44.14324175,-20.13956215,0],[-44.14324105,-20.13956366,0],[-44.14323769,-20.13956736,0],[-44.14323376,-20.13956824,0],[-44.14323064,-20.13956971,0],[-44.14322698,-20.13957263,0],[-44.14322584,-20.13957421,0],[-44.14322415,-20.13957506,0],[-44.14322208,-20.13957456,0],[-44.14321569,-20.13957361,0],[-44.1432146,-20.13957338,0],[-44.1432134,-20.13957369,0],[-44.14320656,-20.13957253,0],[-44.14320538,-20.1395722,0],[-44.14320505,-20.13956963,0],[-44.14320316,-20.13957074,0],[-44.1432007,-20.1395725,0],[-44.14320355,-20.13957391,0],[-44.14320086,-20.13957762,0],[-44.14320131,-20.13958154,0],[-44.14319951,-20.13958542,0],[-44.14319889,-20.13958725,0],[-44.1431976,-20.13959056,0],[-44.14319655,-20.13959167,0],[-44.14319536,-20.13959249,0],[-44.14319217,-20.13959353,0],[-44.1431888,-20.13959336,0],[-44.14318576,-20.13959762,0],[-44.14318527,-20.13959908,0],[-44.14318509,-20.13959953,0],[-44.14318169,-20.13960474,0],[-44.14317838,-20.13960854,0],[-44.14317892,-20.13961118,0],[-44.14318007,-20.13961384,0],[-44.14318049,-20.13961758,0],[-44.14317826,-20.13961963,0],[-44.14317605,-20.13962345,0],[-44.14317416,-20.13962481,0],[-44.14317369,-20.13962658,0],[-44.14316974,-20.13962967,0],[-44.14316644,-20.13963152,0],[-44.14316231,-20.13963043,0],[-44.14315705,-20.1396265,0],[-44.14315704,-20.13962637,0],[-44.14315397,-20.13962025,0],[-44.14315191,-20.13961744,0],[-44.14314923,-20.13961569,0],[-44.14314741,-20.13961356,0],[-44.14314326,-20.13961349,0],[-44.14314231,-20.13961317,0],[-44.14313784,-20.13961312,0],[-44.14313502,-20.13961471,0],[-44.14313315,-20.13961735,0],[-44.14313239,-20.13962127,0],[-44.14313243,-20.13962241,0],[-44.1431319,-20.13962638,0],[-44.1431328,-20.13963075,0],[-44.14313282,-20.13963103,0],[-44.14313411,-20.13963543,0],[-44.14313185,-20.13963893,0],[-44.14312811,-20.13964299,0],[-44.14312713,-20.13964351,0],[-44.14312624,-20.13964442,0],[-44.14312122,-20.13964695,0],[-44.14311615,-20.1396512,0],[-44.14311508,-20.13965341,0],[-44.14311349,-20.13965773,0],[-44.14311292,-20.13965863,0],[-44.14311087,-20.13966242,0],[-44.1431117,-20.13966512,0],[-44.14311302,-20.13966752,0],[-44.14311364,-20.13967147,0],[-44.14311292,-20.13967536,0],[-44.1431125,-20.139677,0],[-44.14311178,-20.1396805,0],[-44.14311252,-20.13968406,0],[-44.14311272,-20.13968578,0],[-44.14311368,-20.13968954,0],[-44.14311337,-20.13969396,0],[-44.14311333,-20.1396942,0],[-44.14311294,-20.13969857,0],[-44.14311162,-20.13970136,0],[-44.14311033,-20.13970599,0],[-44.14310974,-20.13970759,0],[-44.14310958,-20.1397085,0],[-44.1431086,-20.1397115,0],[-44.14310767,-20.13971576,0],[-44.14310713,-20.13971662,0],[-44.143107,-20.13971809,0],[-44.14310813,-20.13972529,0],[-44.14310808,-20.13972566,0],[-44.14310301,-20.13972948,0],[-44.14309892,-20.13973178,0],[-44.1430981,-20.13973388,0],[-44.14309754,-20.13973464,0],[-44.14309713,-20.13973631,0],[-44.14309627,-20.13974122,0],[-44.14309556,-20.13974367,0],[-44.14309517,-20.13974713,0],[-44.14309564,-20.13974969,0],[-44.143095,-20.1397527,0],[-44.14309288,-20.13975614,0],[-44.14309169,-20.13975938,0],[-44.14309061,-20.13976171,0],[-44.14309033,-20.13976279,0],[-44.14308918,-20.13976402,0],[-44.14308542,-20.1397672,0],[-44.14308268,-20.13977071,0],[-44.14308158,-20.13977261,0],[-44.14307954,-20.13977772,0],[-44.14307912,-20.13977934,0],[-44.14307906,-20.13977973,0],[-44.14307611,-20.13978293,0],[-44.14307489,-20.13978439,0],[-44.14307443,-20.1397845,0],[-44.14306992,-20.13978651,0],[-44.14306777,-20.13978668,0],[-44.14306402,-20.13978869,0],[-44.14306396,-20.13979212,0],[-44.14306403,-20.13979422,0],[-44.14306397,-20.13979773,0],[-44.14306291,-20.1398002,0],[-44.14306025,-20.1398056,0],[-44.14305964,-20.13980617,0],[-44.14305911,-20.13980674,0],[-44.14305064,-20.13981363,0],[-44.14304122,-20.13981584,0],[-44.14304106,-20.13981587,0],[-44.14303393,-20.13982469,0],[-44.1430329,-20.13982606,0],[-44.14303143,-20.13982675,0],[-44.14302672,-20.13982925,0],[-44.14302597,-20.13983369,0],[-44.14302477,-20.13983647,0],[-44.1430218,-20.13983839,0],[-44.14301898,-20.13984003,0],[-44.14301694,-20.13984268,0],[-44.14301513,-20.13984543,0],[-44.14301217,-20.13984935,0],[-44.14300836,-20.13984806,0],[-44.14300535,-20.13984907,0],[-44.14300585,-20.13984566,0],[-44.14300411,-20.13984261,0],[-44.14300388,-20.13984145,0],[-44.14300503,-20.1398358,0],[-44.1430048,-20.13983358,0],[-44.14300497,-20.13983144,0],[-44.14300271,-20.13983054,0],[-44.14300083,-20.13983179,0],[-44.14299654,-20.13983354,0],[-44.14299552,-20.13983581,0],[-44.14298991,-20.13983653,0],[-44.1429877,-20.13983743,0],[-44.14298354,-20.13983767,0],[-44.14298006,-20.13983922,0],[-44.14297677,-20.13983982,0],[-44.14297395,-20.13984068,0],[-44.1429724,-20.13984099,0],[-44.14296898,-20.13984244,0],[-44.14296637,-20.13984432,0],[-44.14296163,-20.13984888,0],[-44.14296103,-20.13985144,0],[-44.14295777,-20.13985429,0],[-44.14295474,-20.1398556,0],[-44.14295058,-20.13985532,0],[-44.14294641,-20.13985137,0],[-44.14294634,-20.13985029,0],[-44.14294521,-20.13984814,0],[-44.14294436,-20.13985056,0],[-44.14294421,-20.13985136,0],[-44.14294376,-20.13985271,0],[-44.14294293,-20.13985828,0],[-44.14294173,-20.13986038,0],[-44.14293555,-20.13986532,0],[-44.14293373,-20.13986767,0],[-44.14293121,-20.13986937,0],[-44.14292753,-20.13987084,0],[-44.14292595,-20.13987104,0],[-44.14292438,-20.13987082,0],[-44.14292203,-20.13986932,0],[-44.14291877,-20.13986707,0],[-44.14291641,-20.1398656,0],[-44.14291217,-20.13986526,0],[-44.14291093,-20.13986541,0],[-44.14289729,-20.13986392,0],[-44.14289299,-20.13986513,0],[-44.14289196,-20.13986516,0],[-44.14288491,-20.1398665,0],[-44.14287839,-20.13986911,0],[-44.14288014,-20.13987103,0],[-44.14288278,-20.13987374,0],[-44.14288417,-20.13987817,0],[-44.14288238,-20.13988225,0],[-44.1428801,-20.13988523,0],[-44.14287879,-20.13988718,0],[-44.14287843,-20.13988757,0],[-44.14287802,-20.13988825,0],[-44.14287679,-20.13988833,0],[-44.14287284,-20.13988715,0],[-44.14287026,-20.13988545,0],[-44.14287246,-20.13988187,0],[-44.14287195,-20.13987811,0],[-44.14287196,-20.13987487,0],[-44.14286854,-20.13987295,0],[-44.14286613,-20.13987583,0],[-44.14286143,-20.13987806,0],[-44.14286081,-20.13987984,0],[-44.14285893,-20.13987986,0],[-44.14285642,-20.13988473,0],[-44.14285541,-20.13988707,0],[-44.14285286,-20.13989041,0],[-44.14284929,-20.13989273,0],[-44.14284705,-20.13989395,0],[-44.14284433,-20.13989605,0],[-44.14284494,-20.13990012,0],[-44.14284502,-20.1399011,0],[-44.14284555,-20.13990509,0],[-44.14284839,-20.13990589,0],[-44.14284922,-20.139906,0],[-44.14285077,-20.13990658,0],[-44.14285644,-20.13990735,0],[-44.14285877,-20.1399094,0],[-44.14286233,-20.13990853,0],[-44.14286695,-20.13990652,0],[-44.14286835,-20.13990604,0],[-44.14286959,-20.13990638,0],[-44.14287533,-20.13990768,0],[-44.14287791,-20.13990848,0],[-44.14288177,-20.13990891,0],[-44.14288322,-20.13990928,0],[-44.14288747,-20.13990963,0],[-44.14289081,-20.13991118,0],[-44.14289699,-20.13991436,0],[-44.14289701,-20.13991437,0],[-44.14289715,-20.13991438,0],[-44.14289738,-20.13991473,0],[-44.14290164,-20.13991904,0],[-44.14290188,-20.13992344,0],[-44.14289945,-20.13992579,0],[-44.14289694,-20.13992733,0],[-44.14289237,-20.13992771,0],[-44.14289191,-20.13992768,0],[-44.14288737,-20.13992822,0],[-44.14288245,-20.13993238,0],[-44.1428793,-20.13993381,0],[-44.14287777,-20.13993408,0],[-44.14287501,-20.13993495,0],[-44.14287219,-20.13993611,0],[-44.14286819,-20.13993702,0],[-44.14286432,-20.13993768,0],[-44.14286238,-20.13993776,0],[-44.14285861,-20.13993827,0],[-44.14285386,-20.13993673,0],[-44.14284906,-20.1399353,0],[-44.1428467,-20.13993444,0],[-44.14284117,-20.13993218,0],[-44.14284017,-20.13993155,0],[-44.14283951,-20.13993149,0],[-44.14282997,-20.13992643,0],[-44.14282781,-20.13992513,0],[-44.14282552,-20.13992307,0],[-44.14282434,-20.13991938,0],[-44.14282175,-20.13991522,0],[-44.14282114,-20.13991401,0],[-44.14282123,-20.1399133,0],[-44.14282049,-20.13991176,0],[-44.14281788,-20.13990744,0],[-44.14281518,-20.13990494,0],[-44.14281097,-20.13990229,0],[-44.1428072,-20.13990134,0],[-44.14280572,-20.13990083,0],[-44.14280142,-20.13989999,0],[-44.14279708,-20.13990076,0],[-44.14279184,-20.13990159,0],[-44.14278747,-20.13989991,0],[-44.1427865,-20.13989975,0],[-44.14278229,-20.13989857,0],[-44.14277919,-20.13989866,0],[-44.14277571,-20.13989854,0],[-44.14277272,-20.13989863,0],[-44.14276966,-20.13989857,0],[-44.14276585,-20.13989821,0],[-44.14276316,-20.13989815,0],[-44.14275968,-20.13989891,0],[-44.14275744,-20.13989927,0],[-44.14275358,-20.13990029,0],[-44.14274401,-20.13990064,0],[-44.14273973,-20.13989959,0],[-44.14273855,-20.13989941,0],[-44.14273445,-20.13989855,0],[-44.14273072,-20.13989902,0],[-44.14272835,-20.13989876,0],[-44.14272488,-20.13989957,0],[-44.14272127,-20.13989886,0],[-44.14271895,-20.13989888,0],[-44.14271532,-20.13989837,0],[-44.14270574,-20.13989976,0],[-44.14270211,-20.13990097,0],[-44.14269616,-20.13990274,0],[-44.14269447,-20.13990276,0],[-44.14268852,-20.1399025,0],[-44.14268659,-20.13990252,0],[-44.14267702,-20.1399039,0],[-44.14267673,-20.13990399,0],[-44.14267574,-20.13990426,0],[-44.14266988,-20.13990655,0],[-44.14266743,-20.1399073,0],[-44.14266292,-20.13990899,0],[-44.14266231,-20.13990903,0],[-44.14265785,-20.13991006,0],[-44.1426553,-20.1399108,0],[-44.14264985,-20.13991168,0],[-44.14264827,-20.13991205,0],[-44.14264747,-20.13991241,0],[-44.14264036,-20.1399147,0],[-44.14263654,-20.13991513,0],[-44.14263162,-20.13991544,0],[-44.14262912,-20.13991579,0],[-44.14262598,-20.13991601,0],[-44.14262256,-20.13991588,0],[-44.14261955,-20.13991617,0],[-44.14261517,-20.13991792,0],[-44.14261315,-20.13991902,0],[-44.14260995,-20.1399206,0],[-44.14260893,-20.13992104,0],[-44.14260581,-20.13992199,0],[-44.1426015,-20.13992304,0],[-44.14260037,-20.13992345,0],[-44.14259805,-20.13992414,0],[-44.14259385,-20.13992482,0],[-44.14259079,-20.13992625,0],[-44.14258607,-20.13992648,0],[-44.14258596,-20.13992646,0],[-44.14258122,-20.13992659,0],[-44.14257766,-20.13992753,0],[-44.14257206,-20.13993046,0],[-44.14257163,-20.13993064,0],[-44.14257134,-20.13993086,0],[-44.14256601,-20.13993459,0],[-44.14256428,-20.13993773,0],[-44.1425625,-20.13994032,0],[-44.14256201,-20.13994082,0],[-44.14255243,-20.13994247,0],[-44.14254284,-20.1399463,0],[-44.14253563,-20.13994876,0],[-44.14253374,-20.1399492,0],[-44.14253326,-20.1399494,0],[-44.14252366,-20.13995591,0],[-44.14252216,-20.13995632,0],[-44.14251584,-20.13995937,0],[-44.14251406,-20.13996059,0],[-44.14251066,-20.13996351,0],[-44.14250892,-20.1399667,0],[-44.14250669,-20.1399688,0],[-44.14250444,-20.13997046,0],[-44.14250098,-20.13997244,0],[-44.1424968,-20.13997568,0],[-44.14249578,-20.13997656,0],[-44.14249484,-20.13997707,0],[-44.14249059,-20.13998069,0],[-44.14248692,-20.13998466,0],[-44.14248621,-20.13998559,0],[-44.14248522,-20.13998659,0],[-44.1424809,-20.13998961,0],[-44.14247932,-20.13999018,0],[-44.14247562,-20.13999187,0],[-44.14247426,-20.13999236,0],[-44.14246822,-20.13999567,0],[-44.14245644,-20.14000112,0],[-44.14245556,-20.14000176,0],[-44.14245457,-20.14000258,0],[-44.14245028,-20.1400058,0],[-44.14244684,-20.14000672,0],[-44.14244265,-20.1400076,0],[-44.14244087,-20.14000814,0],[-44.14243726,-20.14000904,0],[-44.14243528,-20.14000965,0],[-44.14243118,-20.1400115,0],[-44.14242953,-20.14001325,0],[-44.14242766,-20.14001474,0],[-44.14242446,-20.14001749,0],[-44.14242054,-20.14002048,0],[-44.14241923,-20.14002159,0],[-44.14241327,-20.14002498,0],[-44.14240846,-20.140027,0],[-44.14240658,-20.14002768,0],[-44.14240284,-20.14002943,0],[-44.14240052,-20.14003098,0],[-44.14239887,-20.14003169,0],[-44.14238926,-20.14003815,0],[-44.14238914,-20.14003829,0],[-44.14238497,-20.14004339,0],[-44.14237959,-20.14004734,0],[-44.14237955,-20.14004739,0],[-44.14237925,-20.14004775,0],[-44.1423757,-20.14005271,0],[-44.14237076,-20.1400557,0],[-44.14237003,-20.1400562,0],[-44.14236991,-20.14005627,0],[-44.14236554,-20.14006118,0],[-44.14236388,-20.14006212,0],[-44.14236042,-20.14006436,0],[-44.14235985,-20.14006483,0],[-44.14235932,-20.14006536,0],[-44.14235607,-20.14006942,0],[-44.1423557,-20.14006995,0],[-44.14235498,-20.14007044,0],[-44.1423508,-20.14007358,0],[-44.14235026,-20.14007385,0],[-44.14234893,-20.14007435,0],[-44.14234483,-20.14007775,0],[-44.1423412,-20.14007968,0],[-44.14233902,-20.14008128,0],[-44.14233485,-20.14008331,0],[-44.14233422,-20.14008579,0],[-44.142332,-20.14009193,0],[-44.14233187,-20.14009234,0],[-44.14233183,-20.14009259,0],[-44.14233156,-20.14009263,0],[-44.14232696,-20.14009703,0],[-44.14232639,-20.14009717,0],[-44.14232196,-20.14009911,0],[-44.14232041,-20.14009985,0],[-44.14231406,-20.14010128,0],[-44.14231372,-20.14010255,0],[-44.14231237,-20.14010358,0],[-44.14231028,-20.14010836,0],[-44.14230818,-20.14011029,0],[-44.14230812,-20.14011424,0],[-44.14231186,-20.14011895,0],[-44.14231183,-20.14011934,0],[-44.14231224,-20.14011939,0],[-44.14231228,-20.14011938,0],[-44.1423123,-20.14011937,0],[-44.14232182,-20.14011942,0],[-44.14232185,-20.14011942,0],[-44.14232188,-20.14011939,0],[-44.14232197,-20.14011928,0],[-44.14232508,-20.1401134,0],[-44.14232969,-20.14011206,0],[-44.14233146,-20.14011114,0],[-44.1423318,-20.14011073,0],[-44.14233245,-20.14011041,0],[-44.14233666,-20.14010628,0],[-44.14234107,-20.14010351,0],[-44.1423421,-20.14010239,0],[-44.14234345,-20.14010143,0],[-44.14234699,-20.14009798,0],[-44.14235067,-20.14009657,0],[-44.14235351,-20.14009511,0],[-44.14236009,-20.14009247,0],[-44.14236019,-20.1400924,0],[-44.14236026,-20.14009237,0],[-44.14236415,-20.1400871,0],[-44.14236961,-20.14008348,0],[-44.14236973,-20.14008334,0],[-44.14236988,-20.14008319,0],[-44.1423737,-20.14007805,0],[-44.14237693,-20.14007448,0],[-44.14237799,-20.14007306,0],[-44.14237951,-20.14007161,0],[-44.14238318,-20.14006892,0],[-44.14238911,-20.14006571,0],[-44.14238924,-20.14006563,0],[-44.14239589,-20.14006289,0],[-44.1423987,-20.1400616,0],[-44.14240134,-20.14005901,0],[-44.14240619,-20.14005656,0],[-44.14240749,-20.1400558,0],[-44.1424083,-20.14005538,0],[-44.14241351,-20.14005246,0],[-44.1424179,-20.14004948,0],[-44.14241913,-20.14004874,0],[-44.14242608,-20.14004628,0],[-44.14242749,-20.14004567,0],[-44.14243709,-20.14003983,0],[-44.14243797,-20.14003947,0],[-44.14244037,-20.14003865,0],[-44.14244667,-20.1400369,0],[-44.14245626,-20.14003368,0],[-44.14246483,-20.14002877,0],[-44.14246585,-20.14002832,0],[-44.14248503,-20.14002136,0],[-44.14248553,-20.14002127,0],[-44.1424946,-20.14002019,0],[-44.14249943,-20.14001637,0],[-44.14250421,-20.14001327,0],[-44.14250527,-20.14001287,0],[-44.14250702,-20.14001187,0],[-44.14251138,-20.14000961,0],[-44.1425138,-20.14000861,0],[-44.14251761,-20.14000832,0],[-44.14251955,-20.14000833,0],[-44.14252337,-20.14000798,0],[-44.14252808,-20.14000738,0],[-44.14252832,-20.1400073,0],[-44.14253295,-20.14000649,0],[-44.14253573,-20.14000559,0],[-44.14253972,-20.14000299,0],[-44.14254132,-20.14000185,0],[-44.14254255,-20.14000064,0],[-44.14254493,-20.14000076,0],[-44.14255137,-20.14000235,0],[-44.1425521,-20.14000241,0],[-44.14255668,-20.13999834,0],[-44.14256069,-20.13999406,0],[-44.14256145,-20.13999381,0],[-44.14256172,-20.1399937,0],[-44.14256279,-20.13999306,0],[-44.14256756,-20.13999056,0],[-44.14257132,-20.13998702,0],[-44.14257243,-20.13998612,0],[-44.14257299,-20.13998508,0],[-44.14257745,-20.13998183,0],[-44.14258094,-20.13997744,0],[-44.14258196,-20.13997705,0],[-44.14258268,-20.13997609,0],[-44.14258797,-20.13997371,0],[-44.14259053,-20.13997289,0],[-44.14259442,-20.13997248,0],[-44.14259651,-20.13997277,0],[-44.14260011,-20.13997209,0],[-44.14260343,-20.13997305,0],[-44.14260914,-20.13997574,0],[-44.14260965,-20.13997594,0],[-44.14260989,-20.139976,0],[-44.14261654,-20.13997877,0],[-44.1426192,-20.13997905,0],[-44.14262878,-20.13997736,0],[-44.14263805,-20.13997637,0],[-44.14263819,-20.13997621,0],[-44.14263601,-20.13996956,0],[-44.14263647,-20.13996732,0],[-44.14263788,-20.13996683,0],[-44.1426384,-20.13996671,0],[-44.14263903,-20.13996675,0],[-44.14264187,-20.13996735,0],[-44.1426419,-20.13997067,0],[-44.14263879,-20.13997596,0],[-44.14263882,-20.13997637,0],[-44.14264792,-20.13997713,0],[-44.14264862,-20.13997708,0],[-44.14265072,-20.13997643,0],[-44.14265514,-20.13997422,0],[-44.1426575,-20.13997453,0],[-44.14265957,-20.13997451,0],[-44.14266547,-20.13997499,0],[-44.14266706,-20.13997498,0],[-44.14267663,-20.13997565,0],[-44.14267729,-20.13997593,0],[-44.14267926,-20.13997657,0],[-44.14268423,-20.13997843,0],[-44.14268618,-20.13997886,0],[-44.1426887,-20.13997899,0],[-44.14269321,-20.13997903,0],[-44.14269574,-20.13997917,0],[-44.14269886,-20.13997961,0],[-44.14270224,-20.13997957,0],[-44.1427053,-20.1399802,0],[-44.14270926,-20.13998045,0],[-44.14271097,-20.1399804,0],[-44.14272443,-20.13998153,0],[-44.1427286,-20.13998074,0],[-44.14272994,-20.13998065,0],[-44.14273401,-20.13998002,0],[-44.14273618,-20.13997889,0],[-44.14274295,-20.13997688,0],[-44.14274348,-20.13997678,0],[-44.14274359,-20.13997677,0],[-44.14274867,-20.13997264,0],[-44.1427532,-20.13996928,0],[-44.14275398,-20.13996862,0],[-44.14275475,-20.1399679,0],[-44.14275987,-20.13996517,0],[-44.1427628,-20.13996399,0],[-44.14277237,-20.13996356,0],[-44.14277568,-20.13996487,0],[-44.14277978,-20.13996802,0],[-44.14278054,-20.13996931,0],[-44.14278188,-20.13997263,0],[-44.14278365,-20.13997539,0],[-44.14278462,-20.13997708,0],[-44.14278666,-20.13998157,0],[-44.14278862,-20.13998613,0],[-44.14278773,-20.13998956,0],[-44.14278749,-20.13999152,0],[-44.14278616,-20.13999516,0],[-44.1427858,-20.13999899,0],[-44.14278412,-20.14000193,0],[-44.14278361,-20.14000418,0],[-44.14278235,-20.14000478,0],[-44.14278125,-20.14000461,0],[-44.14277329,-20.14000522,0],[-44.14277214,-20.14000509,0],[-44.1427713,-20.14000492,0],[-44.14276399,-20.14000276,0],[-44.14276259,-20.14000262,0],[-44.14275995,-20.14000157,0],[-44.14275638,-20.14000088,0],[-44.14275304,-20.13999804,0],[-44.1427492,-20.13999861,0],[-44.1427438,-20.13999495,0],[-44.14274356,-20.13999489,0],[-44.14274349,-20.13999484,0],[-44.1427434,-20.13999486,0],[-44.14274338,-20.13999495,0],[-44.14274338,-20.13999506,0],[-44.14274347,-20.13999934,0],[-44.14274405,-20.14000342,0],[-44.14274361,-20.14000399,0],[-44.14274961,-20.14000721,0],[-44.14275034,-20.14001057,0],[-44.14275163,-20.14001306,0],[-44.14275154,-20.1400144,0],[-44.14275446,-20.14002211,0],[-44.14275479,-20.14002389,0],[-44.14275525,-20.14002891,0],[-44.14275576,-20.14003115,0],[-44.14275629,-20.14003441,0],[-44.14275537,-20.14003778,0],[-44.14275655,-20.14004019,0],[-44.14275965,-20.14004278,0],[-44.14276233,-20.14004913,0],[-44.14276235,-20.14004924,0],[-44.14276235,-20.14004926,0],[-44.14276236,-20.14004928,0],[-44.14276109,-20.14005715,0],[-44.14276082,-20.14005829,0],[-44.1427616,-20.14005893,0],[-44.14276227,-20.14005996,0],[-44.1427718,-20.14006654,0],[-44.14277219,-20.14006701,0],[-44.14277227,-20.14006738,0],[-44.14277638,-20.14007208,0],[-44.14277867,-20.14007644,0],[-44.14277801,-20.14007955,0],[-44.14277776,-20.14008215,0],[-44.14277683,-20.14008547,0],[-44.14277555,-20.14008912,0],[-44.14277214,-20.14009403,0],[-44.14277188,-20.14009448,0],[-44.14277185,-20.14009467,0],[-44.14277385,-20.14010142,0],[-44.14277372,-20.14010353,0],[-44.14277157,-20.14010938,0],[-44.1427701,-20.14011117,0],[-44.14276974,-20.14011254,0],[-44.14276783,-20.14012157,0],[-44.14276633,-20.1401306,0],[-44.14276863,-20.14013326,0],[-44.14277143,-20.14013475,0],[-44.14277504,-20.14013626,0],[-44.14277953,-20.1401397,0],[-44.14278096,-20.14014141,0],[-44.14278453,-20.1401431,0],[-44.14278601,-20.14014399,0],[-44.14279051,-20.14014523,0],[-44.14280452,-20.14014401,0],[-44.1428071,-20.14014225,0],[-44.14280967,-20.14014143,0],[-44.14281264,-20.14014606,0],[-44.1428152,-20.14014891,0],[-44.14281756,-20.14015045,0],[-44.14281918,-20.14015109,0],[-44.14282872,-20.14015559,0],[-44.14283032,-20.1401565,0],[-44.14283178,-20.14015802,0],[-44.1428347,-20.1401614,0],[-44.14283824,-20.14016458,0],[-44.14283939,-20.14016601,0],[-44.14283973,-20.1401671,0],[-44.14284003,-20.14016881,0],[-44.14283819,-20.14017426,0],[-44.14283732,-20.14017531,0],[-44.14283034,-20.14017609,0],[-44.14283669,-20.14017752,0],[-44.14283813,-20.14018486,0],[-44.14283817,-20.14018516,0],[-44.14283829,-20.14018532,0],[-44.14284155,-20.14019095,0],[-44.14284458,-20.14019131,0],[-44.14284766,-20.14019264,0],[-44.14284839,-20.14019355,0],[-44.14284859,-20.14019425,0],[-44.14284828,-20.14019485,0],[-44.14284764,-20.14019635,0],[-44.14283806,-20.14019707,0],[-44.14283514,-20.14020047,0],[-44.14283353,-20.14020321,0],[-44.14283127,-20.14020586,0],[-44.14282841,-20.14021219,0],[-44.14282839,-20.14021222,0],[-44.1428284,-20.14021223,0],[-44.14282878,-20.14022087,0],[-44.14282881,-20.14022126,0],[-44.1428288,-20.14022167,0],[-44.14282926,-20.14022941,0],[-44.14282924,-20.1402303,0],[-44.14282887,-20.14023082,0],[-44.14282831,-20.1402314,0],[-44.14282515,-20.14023635,0],[-44.14282419,-20.14023931,0],[-44.14282206,-20.14024249,0],[-44.14281866,-20.14024614,0],[-44.14281707,-20.1402468,0],[-44.14281288,-20.14025189,0],[-44.14280712,-20.14025548,0],[-44.14280479,-20.14025728,0],[-44.14280219,-20.14025986,0],[-44.14279943,-20.14026464,0],[-44.14279845,-20.14026537,0],[-44.14279077,-20.14026539,0],[-44.14278985,-20.14026565,0],[-44.14278939,-20.14026581,0],[-44.14278691,-20.14026623,0],[-44.14278196,-20.14026781,0],[-44.14278027,-20.14026855,0],[-44.14277688,-20.14027203,0],[-44.14277351,-20.1402752,0],[-44.14277252,-20.14027696,0],[-44.14277064,-20.14027902,0],[-44.14276795,-20.14028168,0],[-44.14276289,-20.14028245,0],[-44.14276105,-20.14028317,0],[-44.14276038,-20.14028354,0],[-44.14275944,-20.14028417,0],[-44.14275588,-20.14028833,0],[-44.14275144,-20.14029198,0],[-44.14275068,-20.14029245,0],[-44.14274513,-20.14029314,0],[-44.14274266,-20.14029387,0],[-44.14274186,-20.14029414,0],[-44.14273728,-20.1402974,0],[-44.14273704,-20.1402976,0],[-44.14273226,-20.14029924,0],[-44.14272954,-20.1403021,0],[-44.14272903,-20.14030512,0],[-44.14272897,-20.14030806,0],[-44.14272826,-20.14031113,0],[-44.1427226,-20.140317,0],[-44.14272136,-20.14031897,0],[-44.14271297,-20.14032787,0],[-44.14271229,-20.14032848,0],[-44.14271147,-20.14032912,0],[-44.14270847,-20.14033392,0],[-44.1427055,-20.14033812,0],[-44.14270479,-20.14033949,0],[-44.14270333,-20.14034197,0],[-44.14269994,-20.14034713,0],[-44.14269806,-20.14035122,0],[-44.14269764,-20.14035244,0],[-44.14269617,-20.14035615,0],[-44.14269562,-20.14035799,0],[-44.14269365,-20.14036306,0],[-44.14269317,-20.14036472,0],[-44.14269187,-20.14036683,0],[-44.14268987,-20.14037066,0],[-44.14268634,-20.14037417,0],[-44.14268752,-20.1403775,0],[-44.14268836,-20.14037909,0],[-44.14268922,-20.14038322,0],[-44.14268875,-20.14038771,0],[-44.14268876,-20.14038776,0],[-44.14268803,-20.14039225,0],[-44.14268727,-20.14039542,0],[-44.14268552,-20.14039973,0],[-44.14268504,-20.14040127,0],[-44.14268491,-20.14040226,0],[-44.14268331,-20.14040981,0],[-44.1426821,-20.14041029,0],[-44.14267827,-20.14041409,0],[-44.14267836,-20.14041541,0],[-44.14267711,-20.1404193,0],[-44.14267701,-20.14042196,0],[-44.14267744,-20.14042526,0],[-44.14267736,-20.14042834,0],[-44.14267799,-20.14043198,0],[-44.14267805,-20.14043367,0],[-44.14267894,-20.14043739,0],[-44.14268152,-20.14043942,0],[-44.14268364,-20.1404428,0],[-44.14268493,-20.14044522,0],[-44.14268519,-20.14044645,0],[-44.14268824,-20.14045112,0],[-44.14269217,-20.14045643,0],[-44.14269487,-20.1404629,0],[-44.14269534,-20.14046457,0],[-44.14269828,-20.1404687,0],[-44.14270262,-20.14047283,0],[-44.14270316,-20.14047313,0],[-44.142704,-20.14047365,0],[-44.14270537,-20.14047627,0],[-44.1427068,-20.14047872,0],[-44.14270843,-20.14048271,0],[-44.14271211,-20.14048613,0],[-44.14271473,-20.14048929,0],[-44.1427193,-20.140494,0],[-44.14272162,-20.14049684,0],[-44.14272335,-20.1404992,0],[-44.1427243,-20.14050086,0],[-44.1427288,-20.1405031,0],[-44.14273114,-20.14050609,0],[-44.14273421,-20.14050703,0],[-44.14273656,-20.14050995,0],[-44.14273848,-20.14051203,0],[-44.14274064,-20.14051711,0],[-44.14274158,-20.14051812,0],[-44.14274227,-20.14051902,0],[-44.14274421,-20.14052242,0],[-44.14274515,-20.14052377,0],[-44.14274654,-20.14052807,0],[-44.14274689,-20.14053114,0],[-44.14274695,-20.14053411,0],[-44.14274724,-20.14053711,0],[-44.14274658,-20.14054042,0],[-44.14274676,-20.14054302,0],[-44.14274559,-20.14054614,0],[-44.14274047,-20.14054968,0],[-44.14273772,-20.14055256,0],[-44.14273349,-20.14055511,0],[-44.14273086,-20.14055639,0],[-44.14272752,-20.14055824,0],[-44.14272574,-20.14055929,0],[-44.14272127,-20.14056124,0],[-44.14271883,-20.14056178,0],[-44.14271343,-20.14056242,0],[-44.14271169,-20.14056273,0],[-44.1427077,-20.14056403,0],[-44.14270431,-20.14056609,0],[-44.14269744,-20.14056837,0],[-44.14269726,-20.14056844,0],[-44.14268294,-20.14057254,0],[-44.14268264,-20.14057266,0],[-44.14268125,-20.14057293,0],[-44.1426757,-20.14057511,0],[-44.14267335,-20.14057577,0],[-44.14266923,-20.14057803,0],[-44.14266735,-20.14057852,0],[-44.14266376,-20.14057985,0],[-44.1426624,-20.1405806,0],[-44.14265918,-20.14058186,0],[-44.14265666,-20.1405842,0],[-44.14265415,-20.14058709,0],[-44.142652,-20.14058884,0],[-44.14264549,-20.14059083,0],[-44.14264486,-20.1405911,0],[-44.14264456,-20.14059116,0],[-44.14264043,-20.14059596,0],[-44.14263756,-20.14059983,0],[-44.14263492,-20.1406054,0],[-44.1426339,-20.1406079,0],[-44.1426337,-20.14060884,0],[-44.14263322,-20.14061042,0],[-44.14263228,-20.14061543,0],[-44.14263131,-20.14061787,0],[-44.14263156,-20.14062096,0],[-44.14263152,-20.14062378,0],[-44.14263173,-20.14062691,0],[-44.14263301,-20.1406286,0],[-44.14263477,-20.14063291,0],[-44.14263588,-20.14063491,0],[-44.14263617,-20.14063596,0],[-44.14263678,-20.14065404,0],[-44.14263865,-20.14066308,0],[-44.1426405,-20.14066654,0],[-44.14264414,-20.14066878,0],[-44.14264592,-20.14067046,0],[-44.14264675,-20.14067216,0],[-44.14264688,-20.14067478,0],[-44.14264747,-20.14067801,0],[-44.14264759,-20.1406812,0],[-44.14264617,-20.14068318,0],[-44.14264405,-20.1406847,0],[-44.14263959,-20.14068537,0],[-44.14263895,-20.14068538,0],[-44.14263448,-20.14068633,0],[-44.14263259,-20.14068839,0],[-44.14263114,-20.14069015,0],[-44.14262911,-20.14069415,0],[-44.14262484,-20.14069905,0],[-44.14262482,-20.14069913,0],[-44.14262481,-20.14069916,0],[-44.1426248,-20.1406992,0],[-44.14262311,-20.14070659,0],[-44.14262208,-20.14070818,0],[-44.14262068,-20.14071203,0],[-44.14262056,-20.14071324,0],[-44.14261743,-20.14071719,0],[-44.14261695,-20.14071888,0],[-44.14261513,-20.14072439,0],[-44.14261494,-20.14072604,0],[-44.14261486,-20.14072622,0],[-44.14261444,-20.14072686,0],[-44.1426116,-20.14073194,0],[-44.142608,-20.14073522,0],[-44.14260717,-20.14073679,0],[-44.14260549,-20.14073847,0],[-44.14260285,-20.14074175,0],[-44.1426,-20.14074421,0],[-44.14259902,-20.14074718,0],[-44.14259673,-20.14075323,0],[-44.1425964,-20.14075376,0],[-44.14259584,-20.14075438,0],[-44.14259292,-20.14075952,0],[-44.14259015,-20.14076224,0],[-44.14258618,-20.14077019,0],[-44.14258596,-20.14077105,0],[-44.14258578,-20.14077125,0],[-44.14258498,-20.14077237,0],[-44.14258224,-20.14077658,0],[-44.14257866,-20.14078025,0],[-44.14257804,-20.14078165,0],[-44.14257654,-20.1407838,0],[-44.14257525,-20.14078807,0],[-44.14257469,-20.14078927,0],[-44.14257365,-20.14079195,0],[-44.14257273,-20.14079475,0],[-44.14257109,-20.14079829,0],[-44.14257034,-20.14080156,0],[-44.14256693,-20.14080723,0],[-44.1425669,-20.1408073,0],[-44.14256689,-20.14080734,0],[-44.14256684,-20.14080747,0],[-44.14256484,-20.14081447,0],[-44.14256326,-20.14081632,0],[-44.14256218,-20.14082066,0],[-44.14256213,-20.14082097,0],[-44.14256073,-20.14082534,0],[-44.14256078,-20.14082876,0],[-44.14256055,-20.14083117,0],[-44.14256062,-20.14083438,0],[-44.14256249,-20.14083835,0],[-44.14256264,-20.14083962,0],[-44.14256375,-20.14084343,0],[-44.14256385,-20.14084606,0],[-44.14256429,-20.14085028,0],[-44.14256438,-20.14085247,0],[-44.14256262,-20.1408562,0],[-44.14256225,-20.14085741,0],[-44.14255886,-20.14086148,0],[-44.14256099,-20.14086529,0],[-44.14256147,-20.14086626,0],[-44.14256451,-20.14087054,0],[-44.1425657,-20.1408713,0],[-44.14256649,-20.14087196,0],[-44.14256925,-20.14087697,0],[-44.14257035,-20.1408796,0],[-44.14256993,-20.14088291,0],[-44.14257038,-20.1408849,0],[-44.14257012,-20.14088864,0],[-44.14256914,-20.14089123,0],[-44.14256638,-20.1408933,0],[-44.14256302,-20.14089448,0],[-44.14255679,-20.14089709,0],[-44.14255625,-20.1408971,0],[-44.14255395,-20.1408976,0],[-44.14254876,-20.14089903,0],[-44.14254721,-20.14089972,0],[-44.14254379,-20.14090338,0],[-44.142542,-20.14090657,0],[-44.142541,-20.1409098,0],[-44.14253858,-20.14091462,0],[-44.14253819,-20.14091559,0],[-44.14253797,-20.14091599,0],[-44.14253259,-20.14092902,0],[-44.14253165,-20.1409301,0],[-44.14252889,-20.14093362,0],[-44.14252837,-20.14093407,0],[-44.14252788,-20.14093439,0],[-44.14252382,-20.14094263,0],[-44.14252417,-20.14094608,0],[-44.14252408,-20.14094814,0],[-44.14252435,-20.14095167,0],[-44.14252448,-20.1409607,0],[-44.14252401,-20.1409642,0],[-44.14252355,-20.1409658,0],[-44.14252316,-20.14096973,0],[-44.14252225,-20.14097365,0],[-44.14252176,-20.1409753,0],[-44.14252088,-20.14097876,0],[-44.14252089,-20.14098143,0],[-44.14252066,-20.14098531,0],[-44.14252069,-20.14098779,0],[-44.14252055,-20.14099019,0],[-44.14252094,-20.14099404,0],[-44.14252082,-20.14099683,0],[-44.14252055,-20.14099927,0],[-44.14252039,-20.14100354,0],[-44.14252017,-20.14100586,0],[-44.14252029,-20.14100811,0],[-44.1425203,-20.14101262,0],[-44.14252045,-20.1410149,0],[-44.14252116,-20.14101802,0],[-44.1425216,-20.1410204,0],[-44.1425225,-20.14102394,0],[-44.14252365,-20.14102746,0],[-44.14252504,-20.1410308,0],[-44.14252585,-20.14103299,0],[-44.14252569,-20.14103455,0],[-44.14252471,-20.14103957,0],[-44.14252392,-20.14105106,0],[-44.14252424,-20.14105389,0],[-44.14252412,-20.14105717,0],[-44.14252436,-20.1410601,0],[-44.14252295,-20.14106408,0],[-44.14252274,-20.14106494,0],[-44.14252068,-20.14106911,0],[-44.14252063,-20.14107201,0],[-44.14252116,-20.14107474,0],[-44.14252112,-20.14107815,0],[-44.14252056,-20.14108102,0],[-44.14251903,-20.14108572,0],[-44.14251868,-20.14108717,0],[-44.14251849,-20.14108813,0],[-44.14251746,-20.14109114,0],[-44.14251667,-20.14109548,0],[-44.14251647,-20.1410962,0],[-44.14251583,-20.14110523,0],[-44.14251555,-20.14110695,0],[-44.14251518,-20.14111222,0],[-44.14251479,-20.14111426,0],[-44.14251455,-20.14111687,0],[-44.14251464,-20.14112079,0],[-44.14251435,-20.1411233,0],[-44.14251383,-20.14113233,0],[-44.14251291,-20.14113638,0],[-44.14251296,-20.14113735,0],[-44.14251017,-20.14114377,0],[-44.14250758,-20.14114755,0],[-44.14250701,-20.14114984,0],[-44.14250686,-20.14115037,0],[-44.14250679,-20.14115109,0],[-44.14250659,-20.14115851,0],[-44.14250643,-20.14116042,0],[-44.14250748,-20.14116721,0],[-44.14250787,-20.14116844,0],[-44.14250721,-20.14117728,0],[-44.14250716,-20.14117748,0],[-44.14250571,-20.1411865,0],[-44.14250232,-20.14119077,0],[-44.14250179,-20.14119173,0],[-44.14249885,-20.14119655,0],[-44.14249774,-20.14119765,0],[-44.14249497,-20.14120192,0],[-44.14249098,-20.1412072,0],[-44.14248811,-20.14121013,0],[-44.14248681,-20.14121231,0],[-44.14248584,-20.14121351,0],[-44.14248327,-20.14121801,0],[-44.14247897,-20.14122299,0],[-44.14247847,-20.1412234,0],[-44.14247003,-20.14123151,0],[-44.14246885,-20.14123278,0],[-44.14246531,-20.1412372,0],[-44.14246133,-20.1412405,0],[-44.14246012,-20.14124133,0],[-44.14245923,-20.14124206,0],[-44.14245483,-20.14124537,0],[-44.14245307,-20.14124625,0],[-44.14244963,-20.14124818,0],[-44.14244886,-20.14124875,0],[-44.14244655,-20.14124947,0],[-44.14244206,-20.14125134,0],[-44.14244004,-20.14125186,0],[-44.14243671,-20.14125532,0],[-44.14243441,-20.14125844,0],[-44.14243261,-20.14126049,0],[-44.14243042,-20.14126181,0],[-44.1424262,-20.14126346,0],[-44.14242361,-20.14126481,0],[-44.14242083,-20.14126613,0],[-44.14242007,-20.14126669,0],[-44.1424175,-20.1412674,0],[-44.14241324,-20.14126926,0],[-44.14241124,-20.14127002,0],[-44.14240745,-20.14127282,0],[-44.14240164,-20.14127604,0],[-44.14240141,-20.14127614,0],[-44.14239993,-20.14127635,0],[-44.1423935,-20.14127767,0],[-44.14239206,-20.14127791,0],[-44.14238778,-20.1412813,0],[-44.14238246,-20.14128463,0],[-44.14238065,-20.14128529,0],[-44.14237535,-20.1412876,0],[-44.14237287,-20.14128836,0],[-44.1423686,-20.14129024,0],[-44.14236328,-20.14129223,0],[-44.14236181,-20.14129284,0],[-44.14235624,-20.1412942,0],[-44.14235458,-20.14129503,0],[-44.1423537,-20.14129535,0],[-44.14234904,-20.14129882,0],[-44.14234409,-20.14130167,0],[-44.14234325,-20.14130238,0],[-44.14234246,-20.14130317,0],[-44.14233841,-20.14130684,0],[-44.14233252,-20.14131031,0],[-44.14232853,-20.14131214,0],[-44.14232657,-20.14131371,0],[-44.14232489,-20.1413145,0],[-44.14232146,-20.14131792,0],[-44.14231866,-20.14132113,0],[-44.14231735,-20.14132307,0],[-44.14231254,-20.14132757,0],[-44.14230954,-20.14133012,0],[-44.14230564,-20.14133506,0],[-44.14230359,-20.1413372,0],[-44.14230197,-20.14133912,0],[-44.14229983,-20.14134269,0],[-44.14229867,-20.14134563,0],[-44.1422975,-20.14134813,0],[-44.14229689,-20.14134897,0],[-44.14229599,-20.14134976,0],[-44.14229342,-20.14135054,0],[-44.14228988,-20.14135136,0],[-44.14228641,-20.14135266,0],[-44.14228238,-20.14135328,0],[-44.14227684,-20.14135403,0],[-44.14226728,-20.14135249,0],[-44.14225771,-20.14135185,0],[-44.14225308,-20.14135258,0],[-44.14225273,-20.14135261,0],[-44.14224814,-20.14135325,0],[-44.14224527,-20.14135421,0],[-44.14223865,-20.14135688,0],[-44.14223859,-20.14135691,0],[-44.14223855,-20.14135692,0],[-44.1422385,-20.14135693,0],[-44.14222938,-20.14135646,0],[-44.14222898,-20.14135648,0],[-44.14222866,-20.14135652,0],[-44.14221956,-20.14135693,0],[-44.14221942,-20.14135692,0],[-44.14221926,-20.14135693,0],[-44.14220987,-20.14135672,0],[-44.14220983,-20.14135672,0],[-44.14220954,-20.14135674,0],[-44.14220027,-20.1413581,0],[-44.14219478,-20.14136052,0],[-44.14219068,-20.1413627,0],[-44.14218111,-20.14136363,0],[-44.14217155,-20.1413616,0],[-44.14216198,-20.14136269,0],[-44.14215242,-20.14136035,0],[-44.14214285,-20.14136072,0],[-44.14213868,-20.14136034,0],[-44.14213329,-20.14135976,0],[-44.14213056,-20.14135893,0],[-44.14212386,-20.14135643,0],[-44.14212374,-20.14135639,0],[-44.14212369,-20.14135637,0],[-44.14212359,-20.14135632,0],[-44.14211659,-20.14135401,0],[-44.14211419,-20.14135296,0],[-44.14210953,-20.14135184,0],[-44.14210934,-20.14135181,0],[-44.14210464,-20.14135037,0],[-44.14209995,-20.14135159,0],[-44.14209979,-20.14135163,0],[-44.14209506,-20.14135308,0],[-44.14209269,-20.14135393,0],[-44.14208626,-20.14135688,0],[-44.14207588,-20.14136065,0],[-44.14207194,-20.14136139,0],[-44.14206899,-20.14136255,0],[-44.1420663,-20.14136329,0],[-44.14206475,-20.14136361,0],[-44.14206015,-20.14136504,0],[-44.14205938,-20.14136756,0],[-44.14205671,-20.14136809,0],[-44.1420521,-20.14136935,0],[-44.14205185,-20.14136946,0],[-44.14204713,-20.1413702,0],[-44.14204274,-20.14136911,0],[-44.14204204,-20.14136918,0],[-44.14203757,-20.14136855,0],[-44.14203389,-20.14137049,0],[-44.14202904,-20.14137393,0],[-44.14202918,-20.14138296,0],[-44.14202961,-20.14138457,0],[-44.14202942,-20.14139055,0],[-44.14203034,-20.14139201,0],[-44.14203488,-20.14139443,0],[-44.14203742,-20.14139556,0],[-44.14204102,-20.14139768,0],[-44.14204496,-20.14140111,0],[-44.14204695,-20.14140297,0],[-44.14205129,-20.14140606,0],[-44.14205281,-20.14141019,0],[-44.14205329,-20.14141318,0],[-44.14205644,-20.14141711,0],[-44.14206013,-20.14141369,0],[-44.14206508,-20.14141025,0],[-44.14206337,-20.1414012,0],[-44.14206474,-20.14139992,0],[-44.1420661,-20.14139948,0],[-44.14206676,-20.14140059,0],[-44.14206728,-20.14140122,0],[-44.14206801,-20.14140305,0],[-44.14206695,-20.1414094,0],[-44.14207261,-20.14141028,0],[-44.14206725,-20.1414114,0],[-44.14207005,-20.14141549,0],[-44.14206944,-20.1414193,0],[-44.14206869,-20.14142186,0],[-44.14206597,-20.14142371,0],[-44.14206168,-20.14142425,0],[-44.14205878,-20.14142829,0],[-44.14206246,-20.14143158,0],[-44.14206592,-20.14143364,0],[-44.14206958,-20.14143392,0],[-44.14207548,-20.14143427,0],[-44.14207836,-20.14143469,0],[-44.14208504,-20.14143591,0],[-44.14208602,-20.14143652,0],[-44.14208692,-20.14143746,0],[-44.14209168,-20.14144022,0],[-44.14209457,-20.14144291,0],[-44.14209742,-20.14144385,0],[-44.14210121,-20.14144657,0],[-44.14210249,-20.1414481,0],[-44.14210407,-20.14145471,0],[-44.14210431,-20.14145538,0],[-44.14210434,-20.14145562,0],[-44.1421092,-20.14145981,0],[-44.1421136,-20.14146161,0],[-44.14211635,-20.14146211,0],[-44.14211858,-20.14146472,0],[-44.14212314,-20.14146603,0],[-44.14212487,-20.14146638,0],[-44.14213041,-20.14146695,0],[-44.14213688,-20.14146876,0],[-44.14213791,-20.14146892,0],[-44.14214225,-20.14147084,0],[-44.14214431,-20.14147193,0],[-44.14215043,-20.14147261,0],[-44.14215181,-20.14147302,0],[-44.14215224,-20.14147351,0],[-44.1421525,-20.14147392,0],[-44.14215267,-20.14147475,0],[-44.14215441,-20.14148047,0],[-44.14215481,-20.14148297,0],[-44.14215426,-20.14148534,0],[-44.14215172,-20.14148948,0],[-44.14215039,-20.14149073,0],[-44.14215021,-20.14149198,0],[-44.14214718,-20.14149622,0],[-44.14214697,-20.14149656,0],[-44.14214209,-20.14150071,0],[-44.14214189,-20.14150079,0],[-44.14214159,-20.14150098,0],[-44.14213669,-20.14150999,0],[-44.14213268,-20.141519,0],[-44.14213262,-20.14151919,0],[-44.14213242,-20.14151948,0],[-44.14212971,-20.14152549,0],[-44.14212949,-20.14153073,0],[-44.14213097,-20.14153578,0],[-44.14213088,-20.14153707,0],[-44.14213231,-20.14153947,0],[-44.14213413,-20.14154438,0],[-44.14213455,-20.14154612,0],[-44.14213361,-20.14154738,0],[-44.14213226,-20.14154938,0],[-44.14212911,-20.14155217,0],[-44.14212604,-20.14155512,0],[-44.14212554,-20.14155784,0],[-44.14212437,-20.14156249,0],[-44.14212403,-20.14156414,0],[-44.1421237,-20.14156517,0],[-44.14212257,-20.14157124,0],[-44.142122,-20.14157317,0],[-44.14212204,-20.14157365,0],[-44.14212254,-20.14157704,0],[-44.14212301,-20.14158174,0],[-44.14212329,-20.14158221,0],[-44.14212877,-20.14158535,0],[-44.14213205,-20.14158652,0],[-44.142136,-20.14158757,0],[-44.1421374,-20.14158733,0],[-44.14214161,-20.14158787,0],[-44.14214886,-20.14159137,0],[-44.14214984,-20.14159261,0],[-44.14215115,-20.14159352,0],[-44.14215324,-20.14159842,0],[-44.14215448,-20.14160043,0],[-44.14215616,-20.14160468,0],[-44.1421568,-20.14160584,0],[-44.14215858,-20.14160949,0],[-44.14215902,-20.141611,0],[-44.14216061,-20.14161252,0],[-44.14216318,-20.1416161,0],[-44.14216434,-20.14161855,0],[-44.14216419,-20.14162198,0],[-44.14216382,-20.1416245,0],[-44.14216366,-20.14162758,0],[-44.14216274,-20.14162968,0],[-44.1421605,-20.14163363,0],[-44.14215846,-20.14163468,0],[-44.14215347,-20.14163657,0],[-44.14215191,-20.1416375,0],[-44.1421509,-20.14163906,0],[-44.14214865,-20.14164348,0],[-44.14214714,-20.14164558,0],[-44.14214676,-20.14164943,0],[-44.14214644,-20.14165045,0],[-44.14214617,-20.14165461,0],[-44.14214743,-20.1416578,0],[-44.14214846,-20.14166146,0],[-44.1421492,-20.14166366,0],[-44.14214917,-20.14166516,0],[-44.14214939,-20.14167144,0],[-44.14214936,-20.14167269,0],[-44.14214724,-20.14167595,0],[-44.14214633,-20.14167759,0],[-44.14214158,-20.14168215,0],[-44.1421411,-20.14168266,0],[-44.14213759,-20.14168742,0],[-44.1421341,-20.14169069,0],[-44.14213267,-20.1416918,0],[-44.14213148,-20.14169214,0],[-44.14212972,-20.14169232,0],[-44.14212447,-20.14169307,0],[-44.1421219,-20.14169331,0],[-44.14211231,-20.1416975,0],[-44.14211062,-20.14169802,0],[-44.14210787,-20.1416996,0],[-44.14210741,-20.14170404,0],[-44.14210743,-20.14170418,0],[-44.14210709,-20.14170863,0],[-44.1421092,-20.14171151,0],[-44.14211222,-20.14171465,0],[-44.14211393,-20.14171608,0],[-44.14211489,-20.1417177,0],[-44.14211388,-20.14171929,0],[-44.14211219,-20.14172034,0],[-44.14210876,-20.14172348,0],[-44.14210621,-20.1417267,0],[-44.1421066,-20.14173051,0],[-44.14210654,-20.14173197,0],[-44.1421077,-20.14173987,0],[-44.14210763,-20.14174058,0],[-44.14210895,-20.14175382,0],[-44.1421095,-20.14175618,0],[-44.14211143,-20.14176237,0],[-44.14211156,-20.14176287,0],[-44.14211073,-20.14176402,0],[-44.14210814,-20.14176831,0],[-44.14210263,-20.14177186,0],[-44.1421025,-20.14177201,0],[-44.14210234,-20.14177216,0],[-44.14210212,-20.14177206,0],[-44.14210193,-20.14177185,0],[-44.1420953,-20.14176945,0],[-44.14209279,-20.14176827,0],[-44.14209056,-20.14176969,0],[-44.14208647,-20.14177178,0],[-44.14208316,-20.14178077,0],[-44.14208315,-20.1417808,0],[-44.14208312,-20.14178083,0],[-44.1420821,-20.14178888,0],[-44.14207654,-20.14178698,0],[-44.14207355,-20.14178781,0],[-44.14206797,-20.141786,0],[-44.142064,-20.14178448,0],[-44.14206134,-20.14178321,0],[-44.14205885,-20.14178068,0],[-44.14205818,-20.14177718,0],[-44.14205868,-20.1417756,0],[-44.14205837,-20.14177164,0],[-44.14206058,-20.14176834,0],[-44.14206207,-20.14176455,0],[-44.142063,-20.14176263,0],[-44.14206225,-20.14176085,0],[-44.14206178,-20.14175583,0],[-44.14205875,-20.14175357,0],[-44.14205699,-20.14175132,0],[-44.14205463,-20.14174862,0],[-44.14205378,-20.14175277,0],[-44.14205368,-20.14175355,0],[-44.14205323,-20.14175483,0],[-44.14205113,-20.14175932,0],[-44.14205032,-20.14176257,0],[-44.14205098,-20.14176593,0],[-44.14205218,-20.14176941,0],[-44.14205273,-20.14177161,0],[-44.1420526,-20.1417734,0],[-44.14205332,-20.14177957,0],[-44.1420532,-20.14178065,0],[-44.1420524,-20.14178258,0],[-44.14205141,-20.14178683,0],[-44.1420493,-20.14178967,0],[-44.14204833,-20.14179298,0],[-44.1420448,-20.14179573,0],[-44.14204423,-20.14179816,0],[-44.14204403,-20.14179868,0],[-44.14204405,-20.14179938,0],[-44.14204393,-20.14180695,0],[-44.14204396,-20.14180771,0],[-44.14204411,-20.14180831,0],[-44.14204473,-20.14180999,0],[-44.14204827,-20.14181341,0],[-44.14204926,-20.14181678,0],[-44.14204967,-20.14182109,0],[-44.14204966,-20.1418215,0],[-44.14205,-20.14182581,0],[-44.14204992,-20.14182984,0],[-44.14204996,-20.14183086,0],[-44.14204988,-20.14183485,0],[-44.14204918,-20.14183921,0],[-44.14204889,-20.14183979,0],[-44.14204777,-20.14184388,0],[-44.14205053,-20.14184725,0],[-44.14205131,-20.14185032,0],[-44.14205245,-20.14185293,0],[-44.14205404,-20.14185558,0],[-44.14205866,-20.14185763,0],[-44.14206162,-20.14186201,0],[-44.14206213,-20.14186338,0],[-44.14206221,-20.1418698,0],[-44.14206249,-20.14187105,0],[-44.14206271,-20.14187182,0],[-44.14206234,-20.14187901,0],[-44.14206252,-20.14188009,0],[-44.1420627,-20.14188082,0],[-44.14206344,-20.14188742,0],[-44.14206451,-20.14188812,0],[-44.14206458,-20.14188914,0],[-44.14206475,-20.14189039,0],[-44.1420667,-20.14189506,0],[-44.14206693,-20.14189818,0],[-44.14206652,-20.14190116,0],[-44.14206401,-20.14190657,0],[-44.14206385,-20.1419072,0],[-44.14206916,-20.14191074,0],[-44.14206934,-20.14191294,0],[-44.14207077,-20.14191627,0],[-44.14207105,-20.14191796,0],[-44.14207035,-20.14192298,0],[-44.14207058,-20.14192531,0],[-44.14207087,-20.14192712,0],[-44.14207127,-20.14193294,0],[-44.14207146,-20.14193435,0],[-44.14207192,-20.14193513,0],[-44.14207274,-20.14193585,0],[-44.14207495,-20.14193645,0],[-44.14207965,-20.14193689,0],[-44.1420823,-20.14193815,0],[-44.14208671,-20.14193859,0],[-44.14208776,-20.14193831,0],[-44.14209186,-20.14193934,0],[-44.14209569,-20.14193988,0],[-44.14209771,-20.14194001,0],[-44.14210142,-20.14194047,0],[-44.14210285,-20.14194217,0],[-44.14210352,-20.14194354,0],[-44.14210275,-20.14194482,0],[-44.14210137,-20.1419487,0],[-44.14209968,-20.14195097,0],[-44.14209988,-20.14195256,0],[-44.14210026,-20.14195359,0],[-44.14210035,-20.14196069,0],[-44.14210055,-20.1419616,0],[-44.14210088,-20.141962,0],[-44.1421013,-20.14196242,0],[-44.14210578,-20.14196641,0],[-44.14211007,-20.14197068,0],[-44.14211054,-20.14197094,0],[-44.14211082,-20.14197112,0],[-44.14211599,-20.14197484,0],[-44.14212035,-20.14197857,0],[-44.1421211,-20.14197905,0],[-44.14212172,-20.14197977,0],[-44.14212605,-20.14198342,0],[-44.14212986,-20.14198756,0],[-44.14213055,-20.1419882,0],[-44.14213094,-20.14198885,0],[-44.14213455,-20.14199345,0],[-44.14213756,-20.14199792,0],[-44.1421382,-20.14199903,0],[-44.14214107,-20.14200534,0],[-44.14214165,-20.14200698,0],[-44.1421431,-20.14201057,0],[-44.1421437,-20.14201187,0],[-44.14214512,-20.14201603,0],[-44.1421488,-20.14202348,0],[-44.14214949,-20.14202443,0],[-44.14214971,-20.14202509,0],[-44.14215429,-20.14203415,0],[-44.14215798,-20.1420432,0],[-44.14215987,-20.14205069,0],[-44.14215996,-20.14205224,0],[-44.14216025,-20.14205418,0],[-44.14216118,-20.14205845,0],[-44.14216154,-20.14206129,0],[-44.14215974,-20.14207935,0],[-44.14215974,-20.14208094,0],[-44.1421593,-20.14208718,0],[-44.14215931,-20.14208838,0],[-44.14215924,-20.14208955,0],[-44.14215847,-20.14209694,0],[-44.14215844,-20.14209742,0],[-44.14215796,-20.14209895,0],[-44.14215478,-20.14211254,0],[-44.14215392,-20.14211546,0],[-44.14215252,-20.14211946,0],[-44.14215143,-20.1421215,0],[-44.14215008,-20.14212448,0],[-44.14214958,-20.14212574,0],[-44.14214823,-20.14212819,0],[-44.14214655,-20.1421335,0],[-44.14214619,-20.14213539,0],[-44.14214557,-20.14214008,0],[-44.14214406,-20.14214637,0],[-44.14214387,-20.14214754,0],[-44.14214159,-20.14215445,0],[-44.14213849,-20.14216057,0],[-44.14213517,-20.14216959,0],[-44.14213422,-20.14217354,0],[-44.14213405,-20.1421745,0],[-44.14213292,-20.14217861,0],[-44.14213232,-20.14218193,0],[-44.1421313,-20.14218526,0],[-44.14213078,-20.14218764,0],[-44.14213062,-20.14218939,0],[-44.14212964,-20.14219581,0],[-44.14212955,-20.14219667,0],[-44.14212911,-20.1422057,0],[-44.14212786,-20.142214,0],[-44.14212785,-20.14221546,0],[-44.14212813,-20.14222334,0],[-44.14212813,-20.14222377,0],[-44.14212807,-20.14222424,0],[-44.1421275,-20.14223182,0],[-44.14212737,-20.1422328,0],[-44.14212698,-20.14223425,0],[-44.14212584,-20.14223932,0],[-44.1421251,-20.14224182,0],[-44.14212439,-20.14225086,0],[-44.14212536,-20.14225374,0],[-44.14212593,-20.14225758,0],[-44.14212833,-20.14226784,0],[-44.14212864,-20.14226866,0],[-44.1421287,-20.14226895,0],[-44.14213172,-20.14227477,0],[-44.14213311,-20.14227801,0],[-44.14213589,-20.14228705,0],[-44.14213735,-20.1422961,0],[-44.14213772,-20.14230088,0],[-44.14213825,-20.14230514,0],[-44.14213854,-20.14230594,0],[-44.14213965,-20.1423123,0],[-44.14214081,-20.14231419,0],[-44.1421491,-20.14232144,0],[-44.1421509,-20.14232327,0],[-44.1421534,-20.14232641,0],[-44.14215519,-20.14233091,0],[-44.14215592,-20.14233233,0],[-44.14215612,-20.14233287,0],[-44.14215667,-20.14233567,0],[-44.14215778,-20.1423403,0],[-44.14215809,-20.14234138,0],[-44.14216176,-20.14234557,0],[-44.14216538,-20.14235045,0],[-44.14216574,-20.14235083,0],[-44.14216615,-20.14235137,0],[-44.14217048,-20.14235539,0],[-44.14217346,-20.14235952,0],[-44.14217389,-20.1423612,0],[-44.14217448,-20.14236748,0],[-44.1421747,-20.14236857,0],[-44.1421756,-20.14237199,0],[-44.14217706,-20.14237621,0],[-44.14217766,-20.14237762,0],[-44.14217801,-20.14237993,0],[-44.14217925,-20.14238316,0],[-44.14217954,-20.14238666,0],[-44.14218111,-20.14239041,0],[-44.14218305,-20.14239571,0],[-44.14218366,-20.14239702,0],[-44.14218502,-20.1423997,0],[-44.14218691,-20.14240296,0],[-44.14218806,-20.14240477,0],[-44.14219571,-20.14241385,0],[-44.14219962,-20.14241806,0],[-44.14220375,-20.14242292,0],[-44.14221031,-20.14243199,0],[-44.14221152,-20.1424339,0],[-44.14221573,-20.14244105,0],[-44.14222299,-20.14245458,0],[-44.14222477,-20.14245747,0],[-44.14222608,-20.14245917,0],[-44.14222921,-20.14246822,0],[-44.14223178,-20.14247727,0],[-44.14223188,-20.14247779,0],[-44.14223331,-20.14248632,0],[-44.14223519,-20.14249536,0],[-44.14223714,-20.14249984,0],[-44.14223715,-20.14249994,0],[-44.14224072,-20.14251346,0],[-44.14224091,-20.1425143,0],[-44.14224178,-20.14251744,0],[-44.14224325,-20.1425211,0],[-44.14224367,-20.14252251,0],[-44.14224382,-20.14252447,0],[-44.14224455,-20.14252887,0],[-44.14224489,-20.14253458,0],[-44.14224518,-20.14253728,0],[-44.14224534,-20.14254059,0],[-44.14224537,-20.14254412,0],[-44.14224562,-20.14254586,0],[-44.14224556,-20.14255338,0],[-44.14224562,-20.14255484,0],[-44.14224555,-20.14255866,0],[-44.14224622,-20.14256309,0],[-44.14224625,-20.14256324,0],[-44.14224804,-20.14257675,0],[-44.14224815,-20.14258578,0],[-44.14224533,-20.14262191,0],[-44.14224473,-20.14262525,0],[-44.14224385,-20.14263094,0],[-44.14224132,-20.14264016,0],[-44.14223879,-20.14264683,0],[-44.14223786,-20.14264898,0],[-44.14223325,-20.14265799,0],[-44.14223143,-20.14266103,0],[-44.14222838,-20.14266701,0],[-44.14222417,-20.14267829,0],[-44.14222132,-20.14268465,0],[-44.14222111,-20.14268504,0],[-44.14221799,-20.14269055,0],[-44.14221561,-20.14269405,0],[-44.14221412,-20.14269594,0],[-44.14220958,-20.1427007,0],[-44.14220682,-20.14270304,0],[-44.14220442,-20.14270485,0],[-44.14220248,-20.14270598,0],[-44.14219824,-20.14270804,0],[-44.14219658,-20.14270855,0],[-44.14219129,-20.14271049,0],[-44.14218331,-20.14271247,0],[-44.1421822,-20.142713,0],[-44.14217754,-20.14271554,0],[-44.14217372,-20.14271694,0],[-44.14217113,-20.14271851,0],[-44.14216749,-20.14272092,0],[-44.14216597,-20.14272267,0],[-44.14216411,-20.14272403,0],[-44.14216084,-20.14272685,0],[-44.14215631,-20.1427299,0],[-44.14215551,-20.14273084,0],[-44.14214992,-20.1427346,0],[-44.1421449,-20.14273734,0],[-44.14214392,-20.14273795,0],[-44.14214306,-20.14273887,0],[-44.14214041,-20.14274308,0],[-44.14214016,-20.14274345,0],[-44.1421379,-20.14274789,0],[-44.14213893,-20.14275693,0],[-44.14214117,-20.14276597,0],[-44.14214471,-20.14277346,0],[-44.14214537,-20.1427744,0],[-44.14214574,-20.14277503,0],[-44.14214935,-20.14277967,0],[-44.14215241,-20.1427841,0],[-44.14215307,-20.14278518,0],[-44.14215612,-20.14279132,0],[-44.14215689,-20.14279316,0],[-44.1421607,-20.14280502,0],[-44.14216225,-20.14281125,0],[-44.14216248,-20.14281234,0],[-44.1421636,-20.14282029,0],[-44.1421636,-20.14282031,0],[-44.14216265,-20.14282849,0],[-44.14216262,-20.14282933,0],[-44.14216172,-20.14283836,0],[-44.14216122,-20.14284739,0],[-44.14216132,-20.14284938,0],[-44.14216188,-20.14285643,0],[-44.14216188,-20.14285785,0],[-44.1421622,-20.14286438,0],[-44.1421622,-20.14286547,0],[-44.14216197,-20.14286676,0],[-44.14216126,-20.14287258,0],[-44.14216088,-20.1428745,0],[-44.14216018,-20.14287742,0],[-44.14215964,-20.14288011,0],[-44.14215874,-20.14288352,0],[-44.14215737,-20.14288703,0],[-44.14215483,-20.14289254,0],[-44.14215436,-20.14289324,0],[-44.14215043,-20.14289857,0],[-44.14214215,-20.14290883,0],[-44.14212923,-20.14292375,0],[-44.14212551,-20.14292854,0],[-44.14212537,-20.14292915,0],[-44.14212313,-20.14293609,0],[-44.14212138,-20.14294065,0],[-44.14212067,-20.14294283,0],[-44.14211896,-20.14294658,0],[-44.14211766,-20.14294904,0],[-44.14211392,-20.14295455,0],[-44.14211285,-20.14295558,0],[-44.14210944,-20.14295936,0],[-44.1421054,-20.14296316,0],[-44.14210476,-20.14296398,0],[-44.14210443,-20.14296458,0],[-44.14210452,-20.1429654,0],[-44.14210536,-20.14297014,0],[-44.14210606,-20.14297295,0],[-44.14210611,-20.14297362,0],[-44.14210942,-20.14298267,0],[-44.14210981,-20.14298696,0],[-44.14210988,-20.14298735,0],[-44.14211019,-20.14299171,0],[-44.14211094,-20.14299535,0],[-44.14211221,-20.14300076,0],[-44.14211428,-20.14302788,0],[-44.1421135,-20.14303691,0],[-44.14210934,-20.14304592,0],[-44.1421091,-20.14304986,0],[-44.14210909,-20.14305102,0],[-44.14210887,-20.14305496,0],[-44.14211012,-20.143064,0],[-44.142114,-20.1430734,0],[-44.14211733,-20.14307927,0],[-44.14211909,-20.14308211,0],[-44.14212073,-20.14308509,0],[-44.14212384,-20.14309028,0],[-44.14212414,-20.14309089,0],[-44.14212424,-20.14309118,0],[-44.14212871,-20.14310023,0],[-44.14213332,-20.14310646,0],[-44.14213463,-20.14310805,0],[-44.14213545,-20.1431093,0],[-44.14214473,-20.1431166,0],[-44.14214905,-20.14312154,0],[-44.14215235,-20.14312503,0],[-44.14215386,-20.14312604,0],[-44.14215522,-20.14312747,0],[-44.14216186,-20.14313601,0],[-44.14216214,-20.14313628,0],[-44.14216232,-20.14313654,0],[-44.14216568,-20.14314195,0],[-44.14216777,-20.1431456,0],[-44.1421719,-20.14315466,0],[-44.1421748,-20.14316371,0],[-44.14217698,-20.14317275,0],[-44.14217773,-20.14318179,0],[-44.14217665,-20.14319082,0],[-44.14217534,-20.14319481,0],[-44.14217385,-20.14319985,0],[-44.14217301,-20.14320167,0],[-44.14217104,-20.14320671,0],[-44.14217048,-20.14320834,0],[-44.14217034,-20.14320886,0],[-44.14217027,-20.14320958,0],[-44.1421698,-20.14321677,0],[-44.14216967,-20.1432179,0],[-44.14216968,-20.14321912,0],[-44.14217033,-20.14322636,0],[-44.14217034,-20.14322694,0],[-44.14217021,-20.14323597,0],[-44.14216741,-20.14324821,0],[-44.14216597,-20.14325402,0],[-44.14216425,-20.14326305,0],[-44.1421674,-20.14328114,0],[-44.14216822,-20.14329018,0],[-44.14216833,-20.14329921,0],[-44.14216727,-20.14330824,0],[-44.14217015,-20.14331729,0],[-44.14217374,-20.14332635,0],[-44.14217529,-20.14333074,0],[-44.1421768,-20.1433354,0],[-44.14217726,-20.14333788,0],[-44.1421778,-20.14334248,0],[-44.14217813,-20.14334444,0],[-44.14217807,-20.14337155,0],[-44.14217832,-20.14337286,0],[-44.14217898,-20.14337994,0],[-44.14217908,-20.14338059,0],[-44.14217965,-20.14338266,0],[-44.1421816,-20.14338777,0],[-44.14218502,-20.14339356,0],[-44.14218913,-20.14339823,0],[-44.14218941,-20.14339844,0],[-44.14218964,-20.14339871,0],[-44.14219678,-20.14340954,0],[-44.14219862,-20.1434126,0],[-44.14220174,-20.14341684,0],[-44.14220813,-20.14342438,0],[-44.14220888,-20.14342519,0],[-44.14221323,-20.14343011,0],[-44.14221701,-20.14343498,0],[-44.14221729,-20.14343531,0],[-44.14221763,-20.1434358,0],[-44.14222153,-20.14344033,0],[-44.14222447,-20.14344406,0],[-44.14222583,-20.14344531,0],[-44.14223008,-20.14345033,0],[-44.14224391,-20.14347126,0],[-44.1422506,-20.14348033,0],[-44.1422528,-20.14348303,0],[-44.14225562,-20.14348721,0],[-44.14225639,-20.14348865,0],[-44.14225669,-20.14348939,0],[-44.14226128,-20.14349845,0],[-44.14226509,-20.14350488,0],[-44.14226682,-20.14350751,0],[-44.14227042,-20.1435115,0],[-44.1422746,-20.14351521,0],[-44.14227552,-20.14351573,0],[-44.14227672,-20.1435166,0],[-44.14228414,-20.14352138,0],[-44.14229599,-20.14352792,0],[-44.14229923,-20.14352952,0],[-44.14230322,-20.14353185,0],[-44.14230534,-20.1435328,0],[-44.14230891,-20.14353483,0],[-44.14231276,-20.14353685,0],[-44.14231699,-20.14353888,0],[-44.14231773,-20.1435392,0],[-44.14232971,-20.14354598,0],[-44.14233183,-20.14354743,0],[-44.14234138,-20.14355094,0],[-44.14234914,-20.14355309,0],[-44.14235094,-20.1435534,0],[-44.14236026,-20.14355292,0],[-44.14237007,-20.14355335,0],[-44.14237963,-20.14355483,0],[-44.14238573,-20.14355654,0],[-44.14238918,-20.14355767,0],[-44.1423927,-20.14355902,0],[-44.14239919,-20.14356194,0],[-44.14240007,-20.14356238,0],[-44.14240827,-20.14356607,0],[-44.14241226,-20.1435677,0],[-44.14241782,-20.14356976,0],[-44.14242586,-20.14357297,0],[-44.14242737,-20.14357349,0],[-44.14243691,-20.14357726,0],[-44.14243933,-20.14357836,0],[-44.14244646,-20.143582,0],[-44.14245224,-20.14358427,0],[-44.142456,-20.14358595,0],[-44.14247511,-20.14359191,0],[-44.14248465,-20.14359531,0],[-44.14249264,-20.14359897,0],[-44.14249376,-20.1435994,0],[-44.14250375,-20.14360268,0],[-44.1425133,-20.1436061,0],[-44.14251498,-20.14360653,0],[-44.1425506,-20.14361818,0],[-44.14255732,-20.14362088,0],[-44.14256105,-20.14362256,0],[-44.14257631,-20.1436301,0],[-44.14258013,-20.14363217,0],[-44.14258203,-20.14363375,0],[-44.14258341,-20.14363556,0],[-44.14258587,-20.14363914,0],[-44.14258721,-20.14364231,0],[-44.14258837,-20.14364462,0],[-44.14258869,-20.1436455,0],[-44.14259522,-20.14366637,0],[-44.14259735,-20.14367177,0],[-44.14259794,-20.14367281,0],[-44.14260222,-20.1436778,0],[-44.1426051,-20.14368084,0],[-44.14260855,-20.14368379,0],[-44.14261173,-20.14368689,0],[-44.1426162,-20.14369171,0],[-44.14262402,-20.14370238,0],[-44.14262755,-20.14370787,0],[-44.14262764,-20.14370798,0],[-44.14262767,-20.14370806,0],[-44.14263172,-20.14371315,0],[-44.14263452,-20.14371713,0],[-44.14264248,-20.1437262,0],[-44.14264657,-20.1437304,0],[-44.14265177,-20.14373528,0],[-44.14266987,-20.14375344,0],[-44.14267256,-20.14375589,0],[-44.14267512,-20.14375793,0],[-44.14267755,-20.14376021,0],[-44.14268299,-20.14376412,0],[-44.14268465,-20.14376507,0],[-44.14268937,-20.14376714,0],[-44.14268952,-20.14376719,0],[-44.14269631,-20.14376965,0],[-44.14270061,-20.14377167,0],[-44.14270236,-20.14377297,0],[-44.14270815,-20.14377655,0],[-44.14271327,-20.14377925,0],[-44.1427166,-20.14378078,0],[-44.14272025,-20.14378323,0],[-44.14272281,-20.14378523,0],[-44.1427278,-20.14378987,0],[-44.14273232,-20.14379494,0],[-44.1427364,-20.14379895,0],[-44.14274184,-20.14380501,0],[-44.14274487,-20.14380802,0],[-44.14275134,-20.14381648,0],[-44.14275164,-20.14381681,0],[-44.14275199,-20.14381709,0],[-44.14275736,-20.14382045,0],[-44.14276087,-20.14382314,0],[-44.14276378,-20.14382619,0],[-44.142771,-20.14383526,0],[-44.14277988,-20.14384743,0],[-44.14278231,-20.14385106,0],[-44.14278317,-20.14385339,0],[-44.14278934,-20.14386588,0],[-44.14279269,-20.14387151,0],[-44.14279897,-20.14388045,0],[-44.14280359,-20.14388511,0],[-44.14280789,-20.14388965,0],[-44.14280809,-20.14388989,0],[-44.14281084,-20.14389632,0],[-44.14281205,-20.14389871,0],[-44.14281452,-20.14390187,0],[-44.14281748,-20.14390745,0],[-44.14281767,-20.14390777,0],[-44.14281782,-20.14390807,0],[-44.14282128,-20.14391352,0],[-44.14282316,-20.14391683,0],[-44.14282453,-20.14391948,0],[-44.14282807,-20.14392515,0],[-44.14283215,-20.14393033,0],[-44.1428366,-20.14393497,0],[-44.14283666,-20.14393511,0],[-44.1428368,-20.14393551,0],[-44.1428387,-20.14394219,0],[-44.14284342,-20.14395576,0],[-44.14284798,-20.14397117,0],[-44.14285224,-20.14398347,0],[-44.142854,-20.14398927,0],[-44.1428556,-20.14399672,0],[-44.14285599,-20.14399794,0],[-44.14285921,-20.14400393,0],[-44.14286076,-20.14400737,0],[-44.14286149,-20.14401078,0],[-44.14286235,-20.14401385,0],[-44.14286297,-20.14401642,0],[-44.14286328,-20.1440181,0],[-44.1428655,-20.14402501,0],[-44.1428657,-20.14402547,0],[-44.14286591,-20.14402632,0],[-44.14286761,-20.14403203,0],[-44.14286815,-20.14403452,0],[-44.14287179,-20.14404357,0],[-44.14287232,-20.14404561,0],[-44.14287333,-20.14405157,0],[-44.14287357,-20.14405262,0],[-44.14287616,-20.14406166,0],[-44.14287891,-20.14406641,0],[-44.14288209,-20.14407073,0],[-44.14288289,-20.14407168,0],[-44.14288389,-20.14407256,0],[-44.1428871,-20.14407674,0],[-44.14288911,-20.1440798,0],[-44.14289003,-20.14408298,0],[-44.14289206,-20.14408885,0],[-44.14289223,-20.14408992,0],[-44.14289215,-20.14409677,0],[-44.14289241,-20.14409874,0],[-44.14289453,-20.14410574,0],[-44.14289515,-20.14410693,0],[-44.14289801,-20.14411144,0],[-44.14289803,-20.14411147,0],[-44.14290146,-20.144116,0],[-44.14290211,-20.14411664,0],[-44.14290278,-20.14411713,0],[-44.14290801,-20.14412011,0],[-44.14291232,-20.1441231,0],[-44.14291381,-20.14412369,0],[-44.142916,-20.14412511,0],[-44.14291978,-20.1441271,0],[-44.14292185,-20.14412891,0],[-44.14292499,-20.14413122,0],[-44.14292542,-20.14413419,0],[-44.14292738,-20.14413797,0],[-44.14293135,-20.14414231,0],[-44.14293215,-20.1441425,0],[-44.14293791,-20.14414611,0],[-44.14294088,-20.14414855,0],[-44.14294226,-20.14415103,0],[-44.14294238,-20.14415234,0],[-44.14294346,-20.14415482,0],[-44.14294447,-20.14415796,0],[-44.14294667,-20.1441614,0],[-44.14294818,-20.14416347,0],[-44.14295036,-20.14416493,0],[-44.14295283,-20.14416376,0],[-44.14295824,-20.14416306,0],[-44.14295994,-20.14416257,0],[-44.14296094,-20.14416241,0],[-44.14296884,-20.14416214,0],[-44.14296951,-20.14416206,0],[-44.1429706,-20.14416254,0],[-44.14297579,-20.14416463,0],[-44.14297906,-20.1441664,0],[-44.1429817,-20.1441681,0],[-44.14298487,-20.14417062,0],[-44.14298614,-20.14417294,0],[-44.14298857,-20.14417679,0],[-44.14298949,-20.1441788,0],[-44.14299005,-20.14417968,0],[-44.14299032,-20.14418136,0],[-44.14299069,-20.14418667,0],[-44.14299109,-20.14418872,0],[-44.14299071,-20.14419082,0],[-44.14298847,-20.14419377,0],[-44.14298679,-20.14419616,0],[-44.14298613,-20.14419774,0],[-44.14298511,-20.14420087,0],[-44.14298432,-20.14420289,0],[-44.14298326,-20.14420676,0],[-44.14298329,-20.14421579,0],[-44.14298428,-20.14421963,0],[-44.14298579,-20.14422484,0],[-44.14298655,-20.14422649,0],[-44.14298826,-20.14423263,0],[-44.14298884,-20.14423334,0],[-44.1429894,-20.14423389,0],[-44.14299507,-20.14423651,0],[-44.14299781,-20.14423706,0],[-44.14300166,-20.14423934,0],[-44.14300517,-20.14424301,0],[-44.14300441,-20.14424576,0],[-44.14300346,-20.1442484,0],[-44.14300266,-20.14425203,0],[-44.14300262,-20.14425642,0],[-44.14300259,-20.14425664,0],[-44.14300256,-20.14426107,0],[-44.14300298,-20.1442701,0],[-44.1430036,-20.14427349,0],[-44.14300715,-20.14427859,0],[-44.14300741,-20.14427891,0],[-44.14300756,-20.14427916,0],[-44.1430076,-20.14427959,0],[-44.14300729,-20.14428801,0],[-44.14300731,-20.1442882,0],[-44.14300757,-20.14428865,0],[-44.14300855,-20.14429072,0]]]]}},{"type": "Feature","properties": {"classe": "Estrutura de Contenção","descricao": "BH-1"},"geometry": {"type": "MultiPolygon","coordinates": [[[[-44.1442069,-20.14349294,0],[-44.14417846,-20.14350822,0],[-44.14417839,-20.14350825,0],[-44.14415426,-20.14352118,0],[-44.14415003,-20.14352344,0],[-44.14414121,-20.14352816,0],[-44.14412575,-20.14353645,0],[-44.14411961,-20.14353959,0],[-44.14411916,-20.14353982,0],[-44.14411634,-20.14354125,0],[-44.14411526,-20.1435418,0],[-44.14411473,-20.14354208,0],[-44.14410896,-20.14354504,0],[-44.14410582,-20.14354661,0],[-44.14410255,-20.14354824,0],[-44.14410089,-20.14354904,0],[-44.14410013,-20.14354941,0],[-44.14409887,-20.14355003,0],[-44.14409449,-20.14355221,0],[-44.14409408,-20.14355242,0],[-44.14409031,-20.14355432,0],[-44.14409021,-20.14355437,0],[-44.14408996,-20.14355448,0],[-44.14408982,-20.14355455,0],[-44.14408394,-20.14355726,0],[-44.14408324,-20.14355758,0],[-44.14407319,-20.14356233,0],[-44.14406902,-20.1435643,0],[-44.14406345,-20.14356689,0],[-44.14405718,-20.1435698,0],[-44.14405579,-20.14357046,0],[-44.14405111,-20.14357267,0],[-44.14405079,-20.14357282,0],[-44.14404947,-20.14357343,0],[-44.14404576,-20.14357516,0],[-44.14404494,-20.14357555,0],[-44.14403914,-20.14357827,0],[-44.14403585,-20.14357982,0],[-44.14403167,-20.14358174,0],[-44.14402525,-20.14358469,0],[-44.14402473,-20.14358499,0],[-44.14402245,-20.14358631,0],[-44.14402239,-20.14358634,0],[-44.14402194,-20.14358657,0],[-44.14402161,-20.14358674,0],[-44.14401907,-20.14358809,0],[-44.14401795,-20.14358869,0],[-44.14401788,-20.14358873,0],[-44.14401041,-20.14359228,0],[-44.14400919,-20.14359286,0],[-44.144007,-20.14359389,0],[-44.14400032,-20.14359704,0],[-44.14399946,-20.1435975,0],[-44.14399824,-20.14359815,0],[-44.14399689,-20.14359885,0],[-44.14399548,-20.14359958,0],[-44.14399411,-20.14360035,0],[-44.14399309,-20.14360092,0],[-44.1439885,-20.1436031,0],[-44.14398718,-20.14360373,0],[-44.14398272,-20.14360581,0],[-44.14398074,-20.14360673,0],[-44.14398064,-20.14360678,0],[-44.14397924,-20.14360743,0],[-44.14397838,-20.14360784,0],[-44.14397494,-20.14360947,0],[-44.14397231,-20.1436107,0],[-44.14396875,-20.14361237,0],[-44.1439651,-20.14361407,0],[-44.14396311,-20.143615,0],[-44.14396215,-20.14361545,0],[-44.14396181,-20.14361561,0],[-44.14396155,-20.14361573,0],[-44.14396073,-20.14361611,0],[-44.14395952,-20.14361667,0],[-44.14395405,-20.14361919,0],[-44.14395342,-20.14361948,0],[-44.14394857,-20.14362174,0],[-44.14394598,-20.14362294,0],[-44.1439453,-20.14362325,0],[-44.14394503,-20.14362338,0],[-44.14394499,-20.14362339,0],[-44.14394463,-20.14362356,0],[-44.14394458,-20.14362358,0],[-44.14393774,-20.14362675,0],[-44.14393446,-20.14362827,0],[-44.14393425,-20.14362837,0],[-44.14393417,-20.14362841,0],[-44.14393409,-20.14362844,0],[-44.14393405,-20.14362845,0],[-44.14392845,-20.1436309,0],[-44.14392469,-20.14363254,0],[-44.14392204,-20.1436337,0],[-44.1439175,-20.14363569,0],[-44.1439151,-20.14363679,0],[-44.14391502,-20.14363683,0],[-44.14391328,-20.1436376,0],[-44.14391323,-20.14363762,0],[-44.14391199,-20.14363816,0],[-44.14391191,-20.1436382,0],[-44.14391066,-20.14363875,0],[-44.14391058,-20.14363878,0],[-44.14390982,-20.14363911,0],[-44.14390946,-20.14363927,0],[-44.14390669,-20.14364051,0],[-44.14390667,-20.14364052,0],[-44.14390664,-20.14364054,0],[-44.14390661,-20.14364055,0],[-44.14390654,-20.14364059,0],[-44.14390611,-20.14364081,0],[-44.14390423,-20.1436418,0],[-44.14390403,-20.1436419,0],[-44.14390336,-20.14364224,0],[-44.14390299,-20.14364241,0],[-44.14390194,-20.1436429,0],[-44.14390124,-20.14364323,0],[-44.14389962,-20.14364401,0],[-44.14389926,-20.14364419,0],[-44.14389858,-20.14364452,0],[-44.14389791,-20.14364484,0],[-44.14389682,-20.14364536,0],[-44.14389594,-20.14364577,0],[-44.14389478,-20.14364632,0],[-44.14389459,-20.14364641,0],[-44.14389438,-20.14364651,0],[-44.14389428,-20.14364656,0],[-44.14389418,-20.14364661,0],[-44.14389355,-20.14364691,0],[-44.14389289,-20.14364721,0],[-44.14389248,-20.14364741,0],[-44.14389209,-20.1436476,0],[-44.14389185,-20.14364771,0],[-44.14389164,-20.1436478,0],[-44.143891,-20.14364809,0],[-44.1438905,-20.14364832,0],[-44.14389037,-20.14364838,0],[-44.14389028,-20.14364842,0],[-44.14389009,-20.1436485,0],[-44.14388996,-20.14364857,0],[-44.14388947,-20.14364881,0],[-44.14388914,-20.14364897,0],[-44.14388831,-20.1436494,0],[-44.14388784,-20.14364965,0],[-44.14388773,-20.14364971,0],[-44.14388767,-20.14364974,0],[-44.14388757,-20.1436498,0],[-44.14388751,-20.14364983,0],[-44.14388747,-20.14364987,0],[-44.14388741,-20.14364995,0],[-44.14388738,-20.14364999,0],[-44.14388707,-20.14365019,0],[-44.14388692,-20.14365028,0],[-44.14388682,-20.14365035,0],[-44.14388678,-20.14365038,0],[-44.14388653,-20.14365051,0],[-44.14388643,-20.14365056,0],[-44.14388613,-20.1436507,0],[-44.14388601,-20.14365076,0],[-44.14387991,-20.14365366,0],[-44.14387966,-20.14365378,0],[-44.14387875,-20.14365421,0],[-44.14387869,-20.14365424,0],[-44.14387738,-20.14365512,0],[-44.14387694,-20.14365541,0],[-44.14387692,-20.14365543,0],[-44.14387686,-20.14365546,0],[-44.14387314,-20.14365739,0],[-44.14387285,-20.14365755,0],[-44.14387088,-20.14365861,0],[-44.1438699,-20.14365908,0],[-44.14386647,-20.14366072,0],[-44.14386523,-20.14366132,0],[-44.14386307,-20.14366236,0],[-44.14385829,-20.14366456,0],[-44.14385526,-20.14366594,0],[-44.14384842,-20.14366927,0],[-44.14384331,-20.14367176,0],[-44.14384222,-20.14367228,0],[-44.14384017,-20.14367326,0],[-44.14383511,-20.14367557,0],[-44.14383296,-20.14367655,0],[-44.14382926,-20.14367819,0],[-44.14382842,-20.1436782,0],[-44.14382834,-20.1436782,0],[-44.14382818,-20.14367821,0],[-44.1438217,-20.14367829,0],[-44.14382104,-20.1436783,0],[-44.14381464,-20.14367871,0],[-44.14381321,-20.1436788,0],[-44.14381127,-20.14367902,0],[-44.14381108,-20.14367903,0],[-44.14381103,-20.14367903,0],[-44.14381096,-20.14367904,0],[-44.14381091,-20.14367905,0],[-44.14380707,-20.14367949,0],[-44.14380559,-20.14367966,0],[-44.14380187,-20.14368015,0],[-44.14380006,-20.14368033,0],[-44.14379887,-20.14368044,0],[-44.14379875,-20.14368046,0],[-44.14379865,-20.14368047,0],[-44.14379855,-20.14368049,0],[-44.14379846,-20.1436805,0],[-44.1437982,-20.14368056,0],[-44.14379798,-20.14368061,0],[-44.14379693,-20.14368087,0],[-44.1437959,-20.14368111,0],[-44.14379533,-20.14368124,0],[-44.14379496,-20.14368132,0],[-44.14379451,-20.14368146,0],[-44.14379378,-20.1436817,0],[-44.14379372,-20.14368172,0],[-44.14379359,-20.14368177,0],[-44.1437898,-20.14368241,0],[-44.14378812,-20.14368269,0],[-44.14378751,-20.14368288,0],[-44.14378725,-20.14368293,0],[-44.14378666,-20.14368305,0],[-44.14378653,-20.14368308,0],[-44.14378632,-20.14368313,0],[-44.14378141,-20.14368378,0],[-44.14377933,-20.14368375,0],[-44.14377897,-20.14368368,0],[-44.14377887,-20.14368367,0],[-44.14377798,-20.14368362,0],[-44.14377385,-20.14368336,0],[-44.14377365,-20.14368335,0],[-44.14377256,-20.14368337,0],[-44.14377187,-20.14368338,0],[-44.14377112,-20.1436834,0],[-44.14377031,-20.1436834,0],[-44.14376822,-20.14368339,0],[-44.14376733,-20.14368345,0],[-44.14376634,-20.1436835,0],[-44.14376435,-20.14368346,0],[-44.14376225,-20.14368339,0],[-44.14376188,-20.14368338,0],[-44.14376086,-20.14368339,0],[-44.14375862,-20.14368334,0],[-44.14375851,-20.14368335,0],[-44.1437567,-20.14368344,0],[-44.1437565,-20.14368342,0],[-44.14375374,-20.14368314,0],[-44.1437523,-20.14368313,0],[-44.14375138,-20.14368314,0],[-44.14374955,-20.14368315,0],[-44.14374898,-20.14368313,0],[-44.14374786,-20.14368309,0],[-44.14374777,-20.14368309,0],[-44.14374763,-20.14368308,0],[-44.1437449,-20.14368307,0],[-44.14374098,-20.14368524,0],[-44.14374058,-20.14368546,0],[-44.14373987,-20.14368586,0],[-44.14373952,-20.14368605,0],[-44.14373477,-20.14368867,0],[-44.14373125,-20.14369062,0],[-44.14372929,-20.14369171,0],[-44.14372679,-20.14369309,0],[-44.14372386,-20.14369471,0],[-44.14372166,-20.14369593,0],[-44.14371835,-20.14369776,0],[-44.14371609,-20.14369902,0],[-44.14370734,-20.14370387,0],[-44.1437073,-20.14370389,0],[-44.14370665,-20.14370425,0],[-44.14370628,-20.14370445,0],[-44.14370621,-20.14370449,0],[-44.14370495,-20.14370519,0],[-44.14370485,-20.14370524,0],[-44.14369903,-20.14370848,0],[-44.143699,-20.1437085,0],[-44.14369548,-20.14371046,0],[-44.14369545,-20.14371048,0],[-44.14369065,-20.14371314,0],[-44.14369062,-20.14371316,0],[-44.14367817,-20.14372008,0],[-44.14367812,-20.14372011,0],[-44.14367059,-20.14372429,0],[-44.14367052,-20.14372433,0],[-44.14366188,-20.14372914,0],[-44.14366178,-20.14372919,0],[-44.14366155,-20.14372932,0],[-44.14366144,-20.14372938,0],[-44.14366128,-20.14373012,0],[-44.14366112,-20.14373081,0],[-44.14366084,-20.14373199,0],[-44.14366082,-20.14373211,0],[-44.14366081,-20.14373218,0],[-44.14366079,-20.14373232,0],[-44.14365986,-20.14373789,0],[-44.1436593,-20.14374825,0],[-44.143659,-20.14375049,0],[-44.14365902,-20.14375168,0],[-44.14365873,-20.1437528,0],[-44.14365859,-20.14375333,0],[-44.14365609,-20.14376277,0],[-44.1436558,-20.1437639,0],[-44.14365544,-20.14376536,0],[-44.14365341,-20.14377364,0],[-44.1436532,-20.1437745,0],[-44.14365282,-20.14377608,0],[-44.14365207,-20.14377653,0],[-44.14364945,-20.14377808,0],[-44.14364767,-20.14377915,0],[-44.14363377,-20.14378746,0],[-44.14362014,-20.14379561,0],[-44.14361944,-20.14379604,0],[-44.14361676,-20.14379764,0],[-44.14361129,-20.14380092,0],[-44.14360324,-20.14380575,0],[-44.14359478,-20.14381081,0],[-44.1435946,-20.14381092,0],[-44.14359456,-20.14381095,0],[-44.14359445,-20.14381101,0],[-44.14359442,-20.14381103,0],[-44.14359051,-20.14381338,0],[-44.14357936,-20.1438201,0],[-44.14357433,-20.14382312,0],[-44.14356897,-20.14382634,0],[-44.14356625,-20.14382798,0],[-44.14356516,-20.14382863,0],[-44.14356116,-20.14383105,0],[-44.14356045,-20.14383148,0],[-44.14355523,-20.14383462,0],[-44.14355218,-20.14383646,0],[-44.14355166,-20.14383676,0],[-44.14354693,-20.14383961,0],[-44.14354461,-20.14384099,0],[-44.14353966,-20.14384394,0],[-44.14353641,-20.14384589,0],[-44.1435343,-20.14384715,0],[-44.14353036,-20.14384951,0],[-44.1435297,-20.14384991,0],[-44.14352811,-20.14385086,0],[-44.14352804,-20.1438509,0],[-44.14352725,-20.14385137,0],[-44.14352715,-20.14385143,0],[-44.14352368,-20.14385347,0],[-44.1435235,-20.14385359,0],[-44.14352257,-20.14385413,0],[-44.14352244,-20.14385421,0],[-44.14352195,-20.14385451,0],[-44.14351971,-20.14385587,0],[-44.14351438,-20.14385912,0],[-44.14351398,-20.14385935,0],[-44.14351361,-20.14385958,0],[-44.1435132,-20.14385983,0],[-44.14351284,-20.14386005,0],[-44.14351177,-20.14386069,0],[-44.14351067,-20.14386136,0],[-44.14351064,-20.14386137,0],[-44.14350891,-20.14386236,0],[-44.14350802,-20.14386287,0],[-44.14350608,-20.14386399,0],[-44.14350536,-20.1438644,0],[-44.14350196,-20.14386645,0],[-44.14350123,-20.14386688,0],[-44.14350004,-20.14386762,0],[-44.14349987,-20.14386773,0],[-44.14349539,-20.14387046,0],[-44.14349523,-20.14387056,0],[-44.14349352,-20.14387153,0],[-44.14349296,-20.14387185,0],[-44.14349293,-20.14387187,0],[-44.14349121,-20.14387284,0],[-44.14349083,-20.14387307,0],[-44.14348686,-20.14387548,0],[-44.14348316,-20.1438777,0],[-44.14348123,-20.14387885,0],[-44.14348033,-20.14387939,0],[-44.14347964,-20.14387981,0],[-44.14347728,-20.14388125,0],[-44.1434745,-20.14388296,0],[-44.14347364,-20.14388348,0],[-44.14347194,-20.14388453,0],[-44.1434718,-20.14388461,0],[-44.14347145,-20.14388483,0],[-44.14346979,-20.14388583,0],[-44.14346397,-20.14388934,0],[-44.14346343,-20.14388967,0],[-44.14346321,-20.1438898,0],[-44.14345815,-20.14389283,0],[-44.14345644,-20.14389386,0],[-44.14345462,-20.14389495,0],[-44.14345352,-20.14389561,0],[-44.14345225,-20.14389638,0],[-44.14345119,-20.14389703,0],[-44.14344787,-20.14389904,0],[-44.14344269,-20.14390218,0],[-44.14344084,-20.14390329,0],[-44.14343335,-20.1439078,0],[-44.14343328,-20.14390784,0],[-44.14343209,-20.14390855,0],[-44.1434307,-20.14390939,0],[-44.14343058,-20.14390946,0],[-44.14342716,-20.14391152,0],[-44.14342652,-20.1439119,0],[-44.14342188,-20.14391472,0],[-44.14340591,-20.14392423,0],[-44.14340539,-20.14392453,0],[-44.14340244,-20.14392623,0],[-44.14340233,-20.14392629,0],[-44.14340067,-20.14392726,0],[-44.14340044,-20.1439274,0],[-44.14339117,-20.14393299,0],[-44.14338499,-20.14393673,0],[-44.14338216,-20.14393844,0],[-44.14337604,-20.14394216,0],[-44.14337478,-20.14394292,0],[-44.1433705,-20.14394551,0],[-44.14336581,-20.14394834,0],[-44.14336411,-20.14394936,0],[-44.1433558,-20.14395438,0],[-44.1433491,-20.14395841,0],[-44.14334664,-20.14395989,0],[-44.1433402,-20.14396376,0],[-44.1433391,-20.14396442,0],[-44.1433375,-20.14396537,0],[-44.14332742,-20.14397139,0],[-44.1433175,-20.14397732,0],[-44.14331688,-20.14397769,0],[-44.14331491,-20.14397887,0],[-44.14331469,-20.143979,0],[-44.14331366,-20.14397962,0],[-44.14331348,-20.14397973,0],[-44.14331233,-20.14398042,0],[-44.14331211,-20.14398056,0],[-44.14330991,-20.14398189,0],[-44.14330947,-20.14398216,0],[-44.14330894,-20.14398248,0],[-44.14329236,-20.14399255,0],[-44.14327596,-20.14400251,0],[-44.14327523,-20.14400295,0],[-44.14327432,-20.1440035,0],[-44.14326247,-20.14401067,0],[-44.14324775,-20.14401958,0],[-44.14324762,-20.14401966,0],[-44.14324752,-20.14401971,0],[-44.14323505,-20.1440273,0],[-44.14322827,-20.14403142,0],[-44.14322056,-20.14403605,0],[-44.14321118,-20.14404167,0],[-44.14320895,-20.144043,0],[-44.14320222,-20.14404704,0],[-44.14319942,-20.144049,0],[-44.14319786,-20.1440501,0],[-44.14319519,-20.14405198,0],[-44.14318817,-20.14405695,0],[-44.14318365,-20.14406015,0],[-44.14317839,-20.14406382,0],[-44.14317192,-20.14406834,0],[-44.14316903,-20.14407035,0],[-44.14315915,-20.14407729,0],[-44.14315213,-20.14408221,0],[-44.1431503,-20.14408348,0],[-44.14314881,-20.14408451,0],[-44.14314855,-20.14408469,0],[-44.14314085,-20.14409023,0],[-44.143134,-20.14409515,0],[-44.14313341,-20.14409557,0],[-44.14313228,-20.14409637,0],[-44.14312614,-20.1441007,0],[-44.14312583,-20.14410092,0],[-44.14312307,-20.14410287,0],[-44.14312288,-20.14410301,0],[-44.14312059,-20.14410459,0],[-44.14311609,-20.14410768,0],[-44.14310945,-20.14411243,0],[-44.14309667,-20.14412157,0],[-44.14309469,-20.14412297,0],[-44.14309004,-20.14412629,0],[-44.14308465,-20.14413013,0],[-44.14307691,-20.14413564,0],[-44.14307442,-20.14413741,0],[-44.14306749,-20.14414235,0],[-44.14306711,-20.14414262,0],[-44.1430653,-20.1441439,0],[-44.14306517,-20.14414399,0],[-44.14306486,-20.14414421,0],[-44.14304354,-20.14416657,0],[-44.14303803,-20.14417235,0],[-44.14303427,-20.14417631,0],[-44.14303216,-20.14417853,0],[-44.14303193,-20.14417877,0],[-44.14302454,-20.14418655,0],[-44.14302338,-20.14418777,0],[-44.14302257,-20.14418863,0],[-44.14302299,-20.14418888,0],[-44.14302438,-20.14419113,0],[-44.14302626,-20.14419749,0],[-44.14302645,-20.14419793,0],[-44.1430265,-20.14419814,0],[-44.14302797,-20.14420576,0],[-44.1430281,-20.14420676,0],[-44.14302813,-20.14420698,0],[-44.14303042,-20.14421246,0],[-44.14303272,-20.14421929,0],[-44.14303306,-20.14422215,0],[-44.14303377,-20.14422507,0],[-44.14303441,-20.14422671,0],[-44.14303611,-20.14423056,0],[-44.14303752,-20.14423278,0],[-44.14303831,-20.14423413,0],[-44.14304218,-20.14424319,0],[-44.14304302,-20.14424563,0],[-44.1430447,-20.14424971,0],[-44.14304279,-20.14425212,0],[-44.14304244,-20.14425248,0],[-44.1430422,-20.14425279,0],[-44.14304204,-20.14425301,0],[-44.14304079,-20.14425433,0],[-44.14304006,-20.14425513,0],[-44.14303823,-20.1442574,0],[-44.14303806,-20.14425762,0],[-44.14303792,-20.14425779,0],[-44.14303551,-20.14426075,0],[-44.14302693,-20.1442713,0],[-44.14302613,-20.14427223,0],[-44.14302547,-20.14427299,0],[-44.14302293,-20.14427586,0],[-44.1430226,-20.14427623,0],[-44.14302257,-20.14427626,0],[-44.14302224,-20.1442766,0],[-44.14302211,-20.14427675,0],[-44.14302194,-20.14427695,0],[-44.14301601,-20.14428279,0],[-44.14301266,-20.14428608,0],[-44.14301241,-20.14428634,0],[-44.1430118,-20.14428705,0],[-44.14301178,-20.14428707,0],[-44.14301058,-20.14428843,0],[-44.14300898,-20.14429024,0],[-44.14300855,-20.14429072,0],[-44.14300577,-20.14429387,0],[-44.14299586,-20.14430503,0],[-44.14299178,-20.14430983,0],[-44.14299069,-20.14431109,0],[-44.14298937,-20.14431263,0],[-44.14298527,-20.14431705,0],[-44.14298503,-20.14431731,0],[-44.14298476,-20.14431758,0],[-44.14298434,-20.14431802,0],[-44.1429842,-20.14431817,0],[-44.14298379,-20.14431864,0],[-44.14298199,-20.14432075,0],[-44.14298081,-20.14432204,0],[-44.14297983,-20.14432298,0],[-44.14297922,-20.14432359,0],[-44.14297859,-20.1443242,0],[-44.14297662,-20.14432576,0],[-44.14297659,-20.14432578,0],[-44.14297605,-20.14432632,0],[-44.14297585,-20.14432653,0],[-44.14297166,-20.14433088,0],[-44.14297162,-20.14433091,0],[-44.14296959,-20.14433297,0],[-44.14296938,-20.14433319,0],[-44.14296906,-20.14433354,0],[-44.14296897,-20.14433364,0],[-44.14296306,-20.14433995,0],[-44.14296092,-20.14434224,0],[-44.14296055,-20.14434265,0],[-44.14295963,-20.14434371,0],[-44.1429591,-20.14434433,0],[-44.14295849,-20.14434501,0],[-44.14295733,-20.14434633,0],[-44.14295539,-20.14434851,0],[-44.14294741,-20.14435749,0],[-44.14294737,-20.14435754,0],[-44.14294672,-20.1443583,0],[-44.14293517,-20.14437311,0],[-44.14293483,-20.14437354,0],[-44.14293493,-20.14437362,0],[-44.14293931,-20.14437822,0],[-44.14293963,-20.14437872,0],[-44.14294233,-20.14438469,0],[-44.1429433,-20.14438728,0],[-44.14294478,-20.14439632,0],[-44.14294602,-20.14439921,0],[-44.142949,-20.14440453,0],[-44.14294905,-20.14440461,0],[-44.14294943,-20.14440502,0],[-44.14295128,-20.14440539,0],[-44.1429581,-20.1444059,0],[-44.14295861,-20.1444059,0],[-44.14295971,-20.14440646,0],[-44.1429647,-20.14440872,0],[-44.14297021,-20.14441257,0],[-44.14297399,-20.14441802,0],[-44.14297766,-20.14442279,0],[-44.14297808,-20.14442319,0],[-44.14297834,-20.14442359,0],[-44.14298205,-20.14442847,0],[-44.14298338,-20.14443044,0],[-44.14298569,-20.14443169,0],[-44.14298628,-20.1444319,0],[-44.14298643,-20.14443197,0],[-44.14298652,-20.14443203,0],[-44.14298774,-20.14443313,0],[-44.14299161,-20.14443832,0],[-44.14299302,-20.14444021,0],[-44.14299331,-20.14444038,0],[-44.14299348,-20.14444048,0],[-44.14299519,-20.14444163,0],[-44.14299536,-20.14444174,0],[-44.14299582,-20.14444218,0],[-44.14299999,-20.14444606,0],[-44.14300061,-20.1444465,0],[-44.14300432,-20.14444963,0],[-44.1430062,-20.14445121,0],[-44.14300841,-20.14445279,0],[-44.14301498,-20.14446026,0],[-44.14301523,-20.14446059,0],[-44.14301531,-20.14446071,0],[-44.14301946,-20.14446762,0],[-44.14301968,-20.14446799,0],[-44.14301974,-20.14446807,0],[-44.14302042,-20.14446897,0],[-44.14302049,-20.14446904,0],[-44.14302121,-20.14446966,0],[-44.14302219,-20.14447086,0],[-44.14302308,-20.14447204,0],[-44.14302565,-20.14447542,0],[-44.14302599,-20.14447579,0],[-44.14302612,-20.14447592,0],[-44.14302632,-20.14447612,0],[-44.14302788,-20.14447805,0],[-44.14302986,-20.14448091,0],[-44.14303022,-20.14448144,0],[-44.14303263,-20.14448461,0],[-44.14303757,-20.14449112,0],[-44.14303761,-20.1444912,0],[-44.14303763,-20.14449123,0],[-44.1430379,-20.14449156,0],[-44.14303812,-20.14449198,0],[-44.14303971,-20.14449389,0],[-44.14304269,-20.1444952,0],[-44.14304704,-20.14449711,0],[-44.14305201,-20.14449929,0],[-44.14305204,-20.1444993,0],[-44.14305346,-20.14449984,0],[-44.14305363,-20.14449992,0],[-44.14305802,-20.14450184,0],[-44.14305828,-20.14450193,0],[-44.14306152,-20.14450296,0],[-44.14306482,-20.14450382,0],[-44.14306523,-20.14450393,0],[-44.14306576,-20.14450453,0],[-44.14306581,-20.14450458,0],[-44.14306703,-20.14450494,0],[-44.14307024,-20.14450588,0],[-44.14307446,-20.14450769,0],[-44.14307451,-20.14450771,0],[-44.143075,-20.14450787,0],[-44.14307529,-20.14450797,0],[-44.1430784,-20.14450914,0],[-44.14307973,-20.14450964,0],[-44.14308606,-20.14451176,0],[-44.14308916,-20.1445128,0],[-44.14309026,-20.1445132,0],[-44.14309036,-20.14451314,0],[-44.14309201,-20.14451222,0],[-44.1430964,-20.14450979,0],[-44.14309951,-20.14450807,0],[-44.14310129,-20.14450708,0],[-44.14310194,-20.14450672,0],[-44.14310199,-20.14450669,0],[-44.14310305,-20.1445061,0],[-44.1431031,-20.14450606,0],[-44.1431032,-20.144506,0],[-44.14310387,-20.1445056,0],[-44.14310394,-20.14450556,0],[-44.14310423,-20.1445054,0],[-44.14310692,-20.1445039,0],[-44.1431083,-20.14450312,0],[-44.14311012,-20.14450208,0],[-44.14311089,-20.14450165,0],[-44.14311118,-20.14450149,0],[-44.14311881,-20.1444972,0],[-44.1431235,-20.14449466,0],[-44.14312613,-20.14449322,0],[-44.14312685,-20.14449283,0],[-44.14312823,-20.14449208,0],[-44.14312895,-20.14449169,0],[-44.14313323,-20.14448933,0],[-44.14313337,-20.14448925,0],[-44.14313409,-20.14448885,0],[-44.14313456,-20.14448859,0],[-44.1431368,-20.14448735,0],[-44.14313768,-20.14448687,0],[-44.14313862,-20.14448636,0],[-44.14313953,-20.14448585,0],[-44.14314015,-20.14448551,0],[-44.1431404,-20.14448537,0],[-44.14314101,-20.14448503,0],[-44.14314144,-20.1444848,0],[-44.14314182,-20.14448459,0],[-44.14314272,-20.14448431,0],[-44.14314308,-20.1444842,0],[-44.14314317,-20.14448417,0],[-44.14314326,-20.14448413,0],[-44.14314329,-20.14448412,0],[-44.14314336,-20.1444841,0],[-44.14314345,-20.14448407,0],[-44.14314355,-20.14448404,0],[-44.14314366,-20.144484,0],[-44.14314372,-20.14448398,0],[-44.14314378,-20.14448396,0],[-44.14314382,-20.14448395,0],[-44.14314389,-20.14448392,0],[-44.14314394,-20.1444839,0],[-44.14314407,-20.14448386,0],[-44.1431441,-20.14448385,0],[-44.14314426,-20.14448381,0],[-44.14314448,-20.14448377,0],[-44.14314475,-20.14448371,0],[-44.14314485,-20.14448368,0],[-44.14314511,-20.14448361,0],[-44.1431454,-20.14448353,0],[-44.14314572,-20.14448344,0],[-44.1431459,-20.1444834,0],[-44.14314625,-20.14448332,0],[-44.14314645,-20.14448328,0],[-44.14315916,-20.14448002,0],[-44.14316651,-20.14447861,0],[-44.14317414,-20.14447761,0],[-44.14317502,-20.14447745,0],[-44.14319224,-20.14447254,0],[-44.14320119,-20.14446959,0],[-44.14320621,-20.14446812,0],[-44.14321014,-20.1444671,0],[-44.14321699,-20.14446534,0],[-44.14322527,-20.14446305,0],[-44.14322573,-20.14446293,0],[-44.14322582,-20.1444629,0],[-44.14322611,-20.14446281,0],[-44.14323327,-20.14446057,0],[-44.14323678,-20.14445942,0],[-44.14323955,-20.14445869,0],[-44.14324078,-20.14445843,0],[-44.1432441,-20.14445764,0],[-44.14324436,-20.14445758,0],[-44.14324775,-20.14445671,0],[-44.14324836,-20.1444567,0],[-44.14325058,-20.14445629,0],[-44.14325069,-20.14445638,0],[-44.14325143,-20.14445625,0],[-44.14325265,-20.14445583,0],[-44.14325282,-20.14445564,0],[-44.143253,-20.14445545,0],[-44.14325407,-20.14445477,0],[-44.14325551,-20.14445419,0],[-44.14325719,-20.14445342,0],[-44.14325746,-20.1444533,0],[-44.14325899,-20.14445253,0],[-44.1432647,-20.144451,0],[-44.14327056,-20.14444929,0],[-44.14327318,-20.14444861,0],[-44.14327475,-20.1444483,0],[-44.14328138,-20.14444678,0],[-44.14328201,-20.14444663,0],[-44.14329207,-20.14444457,0],[-44.14329492,-20.14444387,0],[-44.14329794,-20.14444312,0],[-44.14330527,-20.14444094,0],[-44.14330635,-20.14444066,0],[-44.14331905,-20.14443667,0],[-44.14346437,-20.14445243,0],[-44.14351798,-20.14453861,0],[-44.14352471,-20.1445487,0],[-44.14353207,-20.1445584,0],[-44.14354004,-20.14456766,0],[-44.14354859,-20.14457644,0],[-44.14355769,-20.14458472,0],[-44.1435673,-20.14459247,0],[-44.14357739,-20.14459965,0],[-44.14358792,-20.14460624,0],[-44.14359885,-20.14461222,0],[-44.14361015,-20.14461756,0],[-44.14362177,-20.14462224,0],[-44.14363366,-20.14462626,0],[-44.1436458,-20.14462958,0],[-44.14365812,-20.1446322,0],[-44.14367059,-20.14463412,0],[-44.14368316,-20.14463532,0],[-44.14369578,-20.1446358,0],[-44.14370841,-20.14463555,0],[-44.14372101,-20.14463459,0],[-44.14373351,-20.1446329,0],[-44.14374589,-20.1446305,0],[-44.14375809,-20.1446274,0],[-44.14377007,-20.14462361,0],[-44.14378178,-20.14461914,0],[-44.14379319,-20.14461401,0],[-44.14380347,-20.14460867,0],[-44.14402527,-20.14448561,0],[-44.14406502,-20.14446539,0],[-44.14408322,-20.14445529,0],[-44.14408758,-20.1444541,0],[-44.144088,-20.14445434,0],[-44.14408897,-20.14445423,0],[-44.14408989,-20.14445406,0],[-44.14409036,-20.14445426,0],[-44.14409646,-20.14445399,0],[-44.14409799,-20.14445375,0],[-44.14409857,-20.14445395,0],[-44.14409902,-20.14445412,0],[-44.14410019,-20.14445422,0],[-44.14410032,-20.1444542,0],[-44.14410181,-20.14445481,0],[-44.14410531,-20.14445693,0],[-44.14410868,-20.1444573,0],[-44.14411003,-20.1444576,0],[-44.14411073,-20.1444579,0],[-44.14411115,-20.14445789,0],[-44.14411405,-20.14445926,0],[-44.14411738,-20.14445862,0],[-44.14411813,-20.14445855,0],[-44.14411851,-20.14445873,0],[-44.14411898,-20.14445886,0],[-44.14412181,-20.14445983,0],[-44.14412438,-20.14446052,0],[-44.1441271,-20.14446111,0],[-44.14412776,-20.14446137,0],[-44.14412924,-20.14446187,0],[-44.14412979,-20.14446212,0],[-44.14413208,-20.14446267,0],[-44.14413462,-20.14446365,0],[-44.14413709,-20.144464,0],[-44.1441408,-20.14446534,0],[-44.14414116,-20.14446575,0],[-44.14414155,-20.14446648,0],[-44.14414186,-20.14446677,0],[-44.14414974,-20.1444674,0],[-44.1441501,-20.14446745,0],[-44.1441502,-20.14446748,0],[-44.1441503,-20.1444675,0],[-44.14415785,-20.14447048,0],[-44.14415819,-20.14447077,0],[-44.14415823,-20.1444708,0],[-44.14416223,-20.14447372,0],[-44.14416227,-20.14447376,0],[-44.14416234,-20.1444738,0],[-44.14416307,-20.14447533,0],[-44.14416456,-20.14447663,0],[-44.14416847,-20.14448157,0],[-44.14416897,-20.14448178,0],[-44.144173,-20.1444839,0],[-44.14417424,-20.14448477,0],[-44.14417507,-20.14448547,0],[-44.14417816,-20.14448792,0],[-44.14417874,-20.14448844,0],[-44.14418029,-20.1444906,0],[-44.14418033,-20.14449071,0],[-44.14418057,-20.14449111,0],[-44.14418222,-20.1444932,0],[-44.14418325,-20.14449472,0],[-44.14418437,-20.14449716,0],[-44.14418454,-20.14449744,0],[-44.1441877,-20.14450056,0],[-44.14418957,-20.14450241,0],[-44.1441902,-20.14450315,0],[-44.14419052,-20.14450347,0],[-44.14419107,-20.14450423,0],[-44.14419358,-20.14450866,0],[-44.14419368,-20.14450885,0],[-44.14419555,-20.14451091,0],[-44.14419563,-20.14451102,0],[-44.14419636,-20.14451199,0],[-44.14419798,-20.14451448,0],[-44.14419821,-20.14451482,0],[-44.14420099,-20.14451876,0],[-44.14420131,-20.14451913,0],[-44.14420219,-20.14452029,0],[-44.14420273,-20.1445208,0],[-44.14420484,-20.14452399,0],[-44.14420562,-20.14452532,0],[-44.14420826,-20.14452859,0],[-44.14420853,-20.14452898,0],[-44.14421134,-20.14453371,0],[-44.14421365,-20.14453843,0],[-44.14421433,-20.14453992,0],[-44.14421459,-20.14454043,0],[-44.14421547,-20.14454178,0],[-44.14421603,-20.14454305,0],[-44.14421816,-20.14454595,0],[-44.14421865,-20.14454686,0],[-44.14421895,-20.14454731,0],[-44.14421951,-20.14454829,0],[-44.14422758,-20.14455754,0],[-44.14424616,-20.14454739,0],[-44.14425593,-20.14454204,0],[-44.14425605,-20.14454197,0],[-44.14425641,-20.14454178,0],[-44.14426034,-20.14453956,0],[-44.14426121,-20.14453908,0],[-44.14426243,-20.14453839,0],[-44.14426764,-20.14453546,0],[-44.14426931,-20.14453452,0],[-44.14427417,-20.14453179,0],[-44.14427746,-20.14452995,0],[-44.14427858,-20.14452932,0],[-44.1442898,-20.14452305,0],[-44.14429053,-20.14452264,0],[-44.14429195,-20.14452184,0],[-44.14429229,-20.14452165,0],[-44.14429265,-20.14452146,0],[-44.14429374,-20.14452085,0],[-44.14429512,-20.14452009,0],[-44.14429669,-20.1445192,0],[-44.14429713,-20.14451896,0],[-44.14429725,-20.14451889,0],[-44.14429772,-20.14451766,0],[-44.14429776,-20.14451757,0],[-44.14429941,-20.14451238,0],[-44.14429952,-20.144512,0],[-44.14429973,-20.14451155,0],[-44.14429987,-20.14451098,0],[-44.14429995,-20.14451077,0],[-44.14430003,-20.14451064,0],[-44.14429974,-20.14450967,0],[-44.14429996,-20.14450938,0],[-44.14429867,-20.14450583,0],[-44.14429928,-20.14450525,0],[-44.14429966,-20.14450475,0],[-44.14429896,-20.14450231,0],[-44.14429975,-20.14450158,0],[-44.14430061,-20.14450095,0],[-44.14430123,-20.14450054,0],[-44.14430178,-20.14449997,0],[-44.14430268,-20.14449899,0],[-44.14430379,-20.14449818,0],[-44.14430429,-20.14449786,0],[-44.14430496,-20.14449739,0],[-44.14430599,-20.14449593,0],[-44.14430652,-20.14449535,0],[-44.14430753,-20.14449414,0],[-44.14430807,-20.14449262,0],[-44.14430816,-20.14449202,0],[-44.14430825,-20.1444914,0],[-44.14430752,-20.14449084,0],[-44.14430442,-20.14448901,0],[-44.144304,-20.14448862,0],[-44.14430175,-20.14448712,0],[-44.14430097,-20.14448638,0],[-44.1442997,-20.1444855,0],[-44.14429888,-20.1444826,0],[-44.14429452,-20.1444784,0],[-44.14429389,-20.1444762,0],[-44.14429341,-20.14447438,0],[-44.14429322,-20.14447389,0],[-44.14428776,-20.14446862,0],[-44.14428767,-20.1444685,0],[-44.14428742,-20.14446773,0],[-44.14428732,-20.14446718,0],[-44.14428688,-20.14446682,0],[-44.14428686,-20.14446662,0],[-44.14428682,-20.14446632,0],[-44.14428679,-20.14446607,0],[-44.1442868,-20.14446595,0],[-44.14428511,-20.14446275,0],[-44.14428446,-20.1444602,0],[-44.14428391,-20.1444534,0],[-44.14428504,-20.14445109,0],[-44.14428717,-20.14444807,0],[-44.1442885,-20.1444444,0],[-44.14428829,-20.14444426,0],[-44.14428739,-20.14444395,0],[-44.14428679,-20.14444352,0],[-44.14428543,-20.14444216,0],[-44.14428318,-20.14443866,0],[-44.14428176,-20.14443677,0],[-44.14428161,-20.14443631,0],[-44.14428028,-20.14443407,0],[-44.14427941,-20.14443026,0],[-44.1442774,-20.14442763,0],[-44.14427707,-20.1444271,0],[-44.14427681,-20.14442682,0],[-44.14427628,-20.14442653,0],[-44.1442763,-20.14442508,0],[-44.14427492,-20.14442459,0],[-44.14427444,-20.14442421,0],[-44.14427392,-20.14442309,0],[-44.14427598,-20.14441811,0],[-44.14427658,-20.14441561,0],[-44.14427651,-20.14441411,0],[-44.14427608,-20.14441271,0],[-44.14427486,-20.14440685,0],[-44.1442748,-20.14440672,0],[-44.1442748,-20.14440658,0],[-44.1442748,-20.14440559,0],[-44.14428357,-20.144393,0],[-44.14431011,-20.14435539,0],[-44.14431419,-20.14434965,0],[-44.14432393,-20.14433685,0],[-44.14432678,-20.1443328,0],[-44.14433399,-20.1443223,0],[-44.14433749,-20.14431724,0],[-44.14433983,-20.14431396,0],[-44.14434011,-20.14431359,0],[-44.14434131,-20.1443121,0],[-44.14435076,-20.14430686,0],[-44.14437455,-20.14429182,0],[-44.14437585,-20.1442911,0],[-44.14449682,-20.14422398,0],[-44.14450751,-20.14421763,0],[-44.14451778,-20.14421068,0],[-44.14452758,-20.14420315,0],[-44.14453689,-20.14419508,0],[-44.14454565,-20.14418649,0],[-44.14455385,-20.14417741,0],[-44.14456146,-20.14416789,0],[-44.14456844,-20.14415794,0],[-44.14457477,-20.14414761,0],[-44.14458042,-20.14413695,0],[-44.14458538,-20.14412597,0],[-44.14458963,-20.14411474,0],[-44.14459315,-20.14410328,0],[-44.14459593,-20.14409164,0],[-44.14459796,-20.14407986,0],[-44.14459923,-20.14406799,0],[-44.14459973,-20.14405607,0],[-44.14459947,-20.14404414,0],[-44.14459845,-20.14403225,0],[-44.14459666,-20.14402044,0],[-44.14459413,-20.14400875,0],[-44.14459084,-20.14399723,0],[-44.14458683,-20.14398592,0],[-44.14458209,-20.14397486,0],[-44.14457666,-20.14396408,0],[-44.144571,-20.14395437,0],[-44.14451739,-20.14386819,0],[-44.14454702,-20.14380093,0],[-44.14454907,-20.1438001,0],[-44.1445497,-20.14379985,0],[-44.14455349,-20.14379785,0],[-44.14455454,-20.1437973,0],[-44.14455706,-20.1437967,0],[-44.14455724,-20.14379666,0],[-44.14455741,-20.14379659,0],[-44.14455794,-20.14379636,0],[-44.14455849,-20.14379612,0],[-44.14456122,-20.14379495,0],[-44.14456146,-20.14379483,0],[-44.14456286,-20.14379417,0],[-44.14456546,-20.14379302,0],[-44.14457082,-20.14379067,0],[-44.14457191,-20.14379021,0],[-44.14457256,-20.14378993,0],[-44.14457306,-20.14378971,0],[-44.14457329,-20.1437896,0],[-44.14457646,-20.14378794,0],[-44.14457718,-20.14378756,0],[-44.14458037,-20.14378575,0],[-44.14458049,-20.14378569,0],[-44.14458148,-20.14378496,0],[-44.14458247,-20.14378423,0],[-44.14458257,-20.14378416,0],[-44.14458479,-20.1437825,0],[-44.14458489,-20.14378242,0],[-44.14458558,-20.14378187,0],[-44.14458575,-20.14378176,0],[-44.14458666,-20.14378114,0],[-44.14458688,-20.14378103,0],[-44.14458775,-20.14378057,0],[-44.14458915,-20.14377985,0],[-44.14459243,-20.14377816,0],[-44.14459442,-20.14377711,0],[-44.1445962,-20.14377617,0],[-44.14459686,-20.14377584,0],[-44.14459725,-20.14377565,0],[-44.14459842,-20.14377499,0],[-44.14459893,-20.1437747,0],[-44.14460182,-20.14377317,0],[-44.14460241,-20.14377285,0],[-44.1446051,-20.14377134,0],[-44.14460523,-20.14377127,0],[-44.14460625,-20.14377072,0],[-44.14460774,-20.14376993,0],[-44.14460896,-20.14376914,0],[-44.14461856,-20.14376296,0],[-44.14462753,-20.14375716,0],[-44.14462987,-20.14375565,0],[-44.14463003,-20.14375547,0],[-44.14463005,-20.14375545,0],[-44.14463004,-20.14375534,0],[-44.14462998,-20.14375479,0],[-44.14463019,-20.14375462,0],[-44.14463085,-20.14375408,0],[-44.1446319,-20.14375329,0],[-44.14463357,-20.14375204,0],[-44.14463534,-20.14375066,0],[-44.14463559,-20.14375053,0],[-44.14463562,-20.14375051,0],[-44.14463693,-20.14374978,0],[-44.14463851,-20.14374891,0],[-44.1446387,-20.1437488,0],[-44.14463889,-20.1437487,0],[-44.14463969,-20.14374825,0],[-44.14464051,-20.1437478,0],[-44.14464103,-20.14374751,0],[-44.14464268,-20.14374659,0],[-44.14464318,-20.14374632,0],[-44.14464349,-20.14374615,0],[-44.14464532,-20.14374513,0],[-44.14464688,-20.14374426,0],[-44.14464705,-20.14374417,0],[-44.14464711,-20.14374413,0],[-44.14464751,-20.14374391,0],[-44.14465014,-20.14374245,0],[-44.14465059,-20.1437422,0],[-44.14465271,-20.14374103,0],[-44.14465302,-20.14374086,0],[-44.14465469,-20.14373993,0],[-44.14465477,-20.14373989,0],[-44.14465548,-20.14373949,0],[-44.14465573,-20.14373935,0],[-44.14465603,-20.14373918,0],[-44.144657,-20.14373865,0],[-44.14465751,-20.14373837,0],[-44.14466296,-20.14373534,0],[-44.14466425,-20.14373462,0],[-44.14466518,-20.14373411,0],[-44.14466564,-20.14373386,0],[-44.14466673,-20.14373325,0],[-44.14466824,-20.14373241,0],[-44.14467009,-20.14373139,0],[-44.14467185,-20.14373041,0],[-44.14467373,-20.14372936,0],[-44.14467755,-20.14372724,0],[-44.14467852,-20.14372671,0],[-44.14467915,-20.14372636,0],[-44.14467974,-20.14372603,0],[-44.14468024,-20.14372575,0],[-44.1446816,-20.143725,0],[-44.14468552,-20.14372282,0],[-44.14468956,-20.14372059,0],[-44.14469355,-20.14371837,0],[-44.14469377,-20.14371825,0],[-44.14469411,-20.14371806,0],[-44.14469439,-20.1437179,0],[-44.14469485,-20.14371765,0],[-44.14469558,-20.14371725,0],[-44.14469737,-20.14371625,0],[-44.14469739,-20.14371624,0],[-44.14469756,-20.14371615,0],[-44.1446985,-20.14371562,0],[-44.14469902,-20.14371533,0],[-44.14470008,-20.14371475,0],[-44.14470809,-20.1437103,0],[-44.14470834,-20.14371016,0],[-44.14471068,-20.14370886,0],[-44.14471166,-20.14370832,0],[-44.14471303,-20.14370756,0],[-44.14471331,-20.14370741,0],[-44.14471776,-20.14370494,0],[-44.14471785,-20.14370489,0],[-44.14471788,-20.14370487,0],[-44.14471822,-20.14370468,0],[-44.14471825,-20.14370467,0],[-44.1447184,-20.14370458,0],[-44.14472392,-20.14370105,0],[-44.14472407,-20.14370095,0],[-44.14472869,-20.14369794,0],[-44.14472892,-20.1436978,0],[-44.14473171,-20.14369599,0],[-44.14473188,-20.14369588,0],[-44.14473582,-20.14369332,0],[-44.14473612,-20.14369312,0],[-44.14473942,-20.14369109,0],[-44.14473969,-20.14369092,0],[-44.14474279,-20.14368899,0],[-44.14474307,-20.14368882,0],[-44.14474644,-20.14368674,0],[-44.14474677,-20.14368654,0],[-44.14475135,-20.14368375,0],[-44.14475184,-20.14368345,0],[-44.14475192,-20.14368341,0],[-44.1447563,-20.14368079,0],[-44.14475678,-20.1436805,0],[-44.14475965,-20.14367873,0],[-44.14475997,-20.14367853,0],[-44.14476164,-20.14367756,0],[-44.14481062,-20.14364678,0],[-44.14481081,-20.14364675,0],[-44.14481331,-20.14364533,0],[-44.14481584,-20.14364389,0],[-44.14481761,-20.14364274,0],[-44.14481822,-20.14364239,0],[-44.1448185,-20.14364222,0],[-44.1448191,-20.14364188,0],[-44.144821,-20.14364066,0],[-44.14482166,-20.14364021,0],[-44.14482237,-20.14363971,0],[-44.1448229,-20.14363932,0],[-44.14482377,-20.1436387,0],[-44.14482417,-20.14363841,0],[-44.14482441,-20.14363824,0],[-44.14482499,-20.14363781,0],[-44.14482538,-20.14363751,0],[-44.1448264,-20.14363678,0],[-44.14482679,-20.14363649,0],[-44.14482747,-20.14363601,0],[-44.1448283,-20.14363541,0],[-44.14482897,-20.14363494,0],[-44.14483004,-20.14363419,0],[-44.14483152,-20.1436331,0],[-44.1448317,-20.14363298,0],[-44.14483205,-20.14363274,0],[-44.14483403,-20.14363145,0],[-44.14483469,-20.14363098,0],[-44.14483618,-20.14362995,0],[-44.14483757,-20.14362896,0],[-44.1448383,-20.14362844,0],[-44.14483934,-20.14362771,0],[-44.14484338,-20.14362474,0],[-44.14484808,-20.14362127,0],[-44.14484814,-20.14362122,0],[-44.14485708,-20.14361502,0],[-44.14486417,-20.14361018,0],[-44.14486673,-20.14360846,0],[-44.14487011,-20.14360608,0],[-44.14487463,-20.14360316,0],[-44.14487474,-20.14360309,0],[-44.14487485,-20.14360302,0],[-44.14487913,-20.14360015,0],[-44.14488386,-20.14359668,0],[-44.14488553,-20.14359543,0],[-44.14488919,-20.14359273,0],[-44.14491647,-20.14357185,0],[-44.14493505,-20.14355776,0],[-44.14493556,-20.14355743,0],[-44.14493649,-20.14355681,0],[-44.14493985,-20.14355454,0],[-44.14494258,-20.1435527,0],[-44.14494395,-20.14355178,0],[-44.14494738,-20.14354937,0],[-44.14494796,-20.14354893,0],[-44.14494945,-20.14354784,0],[-44.14494972,-20.14354753,0],[-44.14494999,-20.14354723,0],[-44.14495025,-20.14354693,0],[-44.14495091,-20.14354634,0],[-44.14495108,-20.1435462,0],[-44.14495182,-20.14354557,0],[-44.14495531,-20.14354293,0],[-44.14495734,-20.14354153,0],[-44.1449582,-20.14354095,0],[-44.14495881,-20.14354053,0],[-44.14495911,-20.14354027,0],[-44.14495998,-20.14353955,0],[-44.14496029,-20.14353928,0],[-44.14496074,-20.14353887,0],[-44.14496118,-20.14353846,0],[-44.14496124,-20.14353838,0],[-44.14496145,-20.14353821,0],[-44.14496279,-20.14353719,0],[-44.14496316,-20.1435369,0],[-44.14496446,-20.14353591,0],[-44.14496522,-20.14353534,0],[-44.14496595,-20.14353476,0],[-44.14496603,-20.1435347,0],[-44.14496673,-20.14353414,0],[-44.14496755,-20.14353354,0],[-44.14496877,-20.14353268,0],[-44.1449692,-20.14353236,0],[-44.14496938,-20.14353224,0],[-44.14496992,-20.14353186,0],[-44.14497148,-20.14353081,0],[-44.14497289,-20.14352987,0],[-44.14497438,-20.14352872,0],[-44.14497456,-20.14352857,0],[-44.14497492,-20.14352821,0],[-44.14497514,-20.14352803,0],[-44.14497543,-20.1435278,0],[-44.14497645,-20.14352709,0],[-44.14497729,-20.14352655,0],[-44.14497774,-20.14352622,0],[-44.14497902,-20.14352537,0],[-44.14498057,-20.1435243,0],[-44.14498064,-20.14352426,0],[-44.1449807,-20.14352422,0],[-44.14498242,-20.14352308,0],[-44.14498337,-20.1435224,0],[-44.14498351,-20.14352225,0],[-44.1449837,-20.14352207,0],[-44.14498384,-20.14352192,0],[-44.1449886,-20.14351873,0],[-44.14499192,-20.14351651,0],[-44.1450041,-20.1435098,0],[-44.14500433,-20.14350969,0],[-44.1450045,-20.14350965,0],[-44.14500474,-20.14350953,0],[-44.14500502,-20.14350938,0],[-44.14500741,-20.14350792,0],[-44.14500782,-20.14350768,0],[-44.14500864,-20.14350725,0],[-44.14500947,-20.14350682,0],[-44.14500951,-20.14350681,0],[-44.14500957,-20.14350678,0],[-44.14500961,-20.14350676,0],[-44.14501185,-20.14350552,0],[-44.14501255,-20.14350511,0],[-44.14501382,-20.14350437,0],[-44.14501413,-20.14350419,0],[-44.14501425,-20.14350413,0],[-44.14501443,-20.14350403,0],[-44.14501555,-20.14350342,0],[-44.14501637,-20.14350295,0],[-44.14501714,-20.14350251,0],[-44.14501792,-20.14350205,0],[-44.14501824,-20.14350198,0],[-44.14501857,-20.14350191,0],[-44.14501861,-20.14350189,0],[-44.14502014,-20.14350102,0],[-44.14502088,-20.14350059,0],[-44.14502464,-20.14349898,0],[-44.14502876,-20.14349724,0],[-44.14502994,-20.14349662,0],[-44.14503109,-20.143496,0],[-44.14503148,-20.14349577,0],[-44.14503312,-20.14349477,0],[-44.14503343,-20.14349459,0],[-44.14503376,-20.14349437,0],[-44.14503477,-20.1434937,0],[-44.14503557,-20.14349318,0],[-44.1450364,-20.14349264,0],[-44.14503703,-20.14349216,0],[-44.14503779,-20.14349163,0],[-44.14503853,-20.14349111,0],[-44.14503867,-20.14349105,0],[-44.14503891,-20.143491,0],[-44.1450394,-20.14349074,0],[-44.14504078,-20.14348999,0],[-44.14504154,-20.14348956,0],[-44.14504216,-20.14348921,0],[-44.14504232,-20.14348913,0],[-44.14504247,-20.14348905,0],[-44.14504359,-20.14348847,0],[-44.14504469,-20.14348788,0],[-44.14504506,-20.14348765,0],[-44.14504668,-20.14348668,0],[-44.14504681,-20.14348661,0],[-44.14504699,-20.14348651,0],[-44.14504832,-20.14348578,0],[-44.14504915,-20.14348531,0],[-44.1450497,-20.14348503,0],[-44.14505014,-20.14348481,0],[-44.14505087,-20.14348446,0],[-44.14505186,-20.14348393,0],[-44.14505259,-20.14348355,0],[-44.14505356,-20.14348304,0],[-44.14505376,-20.14348293,0],[-44.14506393,-20.14347963,0],[-44.14506426,-20.14347946,0],[-44.14506459,-20.14347929,0],[-44.14506597,-20.14347854,0],[-44.14506704,-20.14347805,0],[-44.14506817,-20.14347732,0],[-44.14506843,-20.14347715,0],[-44.14506895,-20.14347686,0],[-44.14506921,-20.14347671,0],[-44.1450695,-20.14347652,0],[-44.14507118,-20.14347542,0],[-44.1450713,-20.14347533,0],[-44.14507143,-20.14347525,0],[-44.14507172,-20.14347504,0],[-44.14507371,-20.14347372,0],[-44.14507564,-20.14347243,0],[-44.14507616,-20.1434722,0],[-44.14507715,-20.14347171,0],[-44.14507868,-20.14347099,0],[-44.14508022,-20.14347026,0],[-44.14508138,-20.14346966,0],[-44.14508186,-20.14346943,0],[-44.14508288,-20.14346907,0],[-44.14508316,-20.14346895,0],[-44.14508338,-20.14346908,0],[-44.14508357,-20.14346915,0],[-44.14508392,-20.14346908,0],[-44.14508426,-20.14346914,0],[-44.14508435,-20.14346913,0],[-44.14508479,-20.14346892,0],[-44.14508601,-20.14346833,0],[-44.14508703,-20.14346789,0],[-44.14508721,-20.14346779,0],[-44.14508816,-20.14346727,0],[-44.14508836,-20.14346717,0],[-44.14508937,-20.14346666,0],[-44.1450898,-20.14346645,0],[-44.14509202,-20.14346535,0],[-44.14509338,-20.14346442,0],[-44.14509364,-20.14346424,0],[-44.14509459,-20.14346357,0],[-44.14509477,-20.14346344,0],[-44.14509579,-20.1434625,0],[-44.14509598,-20.14346232,0],[-44.14509628,-20.14346202,0],[-44.14509634,-20.14346197,0],[-44.14509674,-20.14346169,0],[-44.14509681,-20.14346164,0],[-44.14509751,-20.14346129,0],[-44.14509845,-20.14346085,0],[-44.1450989,-20.14346056,0],[-44.14509898,-20.14346051,0],[-44.14510096,-20.14345931,0],[-44.14510131,-20.1434591,0],[-44.14510161,-20.14345893,0],[-44.14510336,-20.14345792,0],[-44.14510411,-20.14345748,0],[-44.14510424,-20.14345741,0],[-44.14510473,-20.14345714,0],[-44.14510756,-20.1434556,0],[-44.14510794,-20.14345543,0],[-44.14511015,-20.14345444,0],[-44.14511029,-20.14345439,0],[-44.14511106,-20.14345415,0],[-44.14511155,-20.14345393,0],[-44.14511426,-20.14345276,0],[-44.1451143,-20.14345274,0],[-44.14511455,-20.14345263,0],[-44.1451146,-20.1434526,0],[-44.14511485,-20.14345246,0],[-44.14511824,-20.14345047,0],[-44.14511886,-20.1434501,0],[-44.14511989,-20.14344944,0],[-44.14512008,-20.14344932,0],[-44.14512419,-20.14344658,0],[-44.14512491,-20.14344611,0],[-44.14512515,-20.14344587,0],[-44.1451252,-20.14344582,0],[-44.14512594,-20.14344525,0],[-44.14512606,-20.14344515,0],[-44.14512752,-20.14344398,0],[-44.14512776,-20.14344379,0],[-44.1451288,-20.1434431,0],[-44.14512897,-20.14344299,0],[-44.14513022,-20.14344211,0],[-44.14513042,-20.14344196,0],[-44.14513257,-20.14344061,0],[-44.14513291,-20.1434404,0],[-44.14513369,-20.1434397,0],[-44.14513381,-20.1434396,0],[-44.14513578,-20.1434382,0],[-44.14513608,-20.14343799,0],[-44.14513614,-20.14343796,0],[-44.14513652,-20.14343771,0],[-44.14513866,-20.14343625,0],[-44.14513898,-20.14343603,0],[-44.14513934,-20.14343582,0],[-44.14514183,-20.14343437,0],[-44.14514212,-20.1434342,0],[-44.14514419,-20.14343305,0],[-44.1451444,-20.14343293,0],[-44.14514585,-20.14343211,0],[-44.14514677,-20.1434314,0],[-44.1451469,-20.1434313,0],[-44.1451487,-20.14342997,0],[-44.14514895,-20.14342979,0],[-44.1451504,-20.14342856,0],[-44.14515059,-20.1434284,0],[-44.1451508,-20.143428,0],[-44.14515083,-20.14342794,0],[-44.14515099,-20.14342769,0],[-44.14515101,-20.14342766,0],[-44.14515397,-20.14342483,0],[-44.14515429,-20.14342453,0],[-44.14515478,-20.14342415,0],[-44.14515555,-20.14342374,0],[-44.14515633,-20.14342332,0],[-44.14515737,-20.1434227,0],[-44.14515769,-20.14342251,0],[-44.14515852,-20.14342207,0],[-44.14515916,-20.14342178,0],[-44.14515952,-20.14342159,0],[-44.14516284,-20.14341974,0],[-44.14516288,-20.14341971,0],[-44.14516333,-20.14341945,0],[-44.14516365,-20.14341926,0],[-44.14516662,-20.14341752,0],[-44.14516813,-20.14341654,0],[-44.14516829,-20.14341643,0],[-44.1451704,-20.14341494,0],[-44.14517062,-20.14341479,0],[-44.1451726,-20.14341348,0],[-44.14517279,-20.14341336,0],[-44.14517484,-20.14341196,0],[-44.14517504,-20.14341183,0],[-44.14517677,-20.14341069,0],[-44.14517692,-20.14341058,0],[-44.14517904,-20.14340915,0],[-44.14517922,-20.14340902,0],[-44.14517954,-20.14340884,0],[-44.1451797,-20.14340876,0],[-44.14517988,-20.14340864,0],[-44.14518198,-20.14340734,0],[-44.14518218,-20.14340724,0],[-44.14518458,-20.14340609,0],[-44.14518471,-20.14340602,0],[-44.14518624,-20.14340533,0],[-44.14518641,-20.14340524,0],[-44.14518835,-20.14340427,0],[-44.14518863,-20.14340408,0],[-44.14519175,-20.14340209,0],[-44.14519178,-20.14340206,0],[-44.1451922,-20.14340183,0],[-44.14519248,-20.14340166,0],[-44.14519556,-20.14339977,0],[-44.14519574,-20.14339965,0],[-44.14519789,-20.14339826,0],[-44.14519972,-20.14339699,0],[-44.14519987,-20.14339689,0],[-44.14520007,-20.14339675,0],[-44.14520263,-20.1433951,0],[-44.14520486,-20.14339328,0],[-44.14520501,-20.14339316,0],[-44.14520718,-20.14339118,0],[-44.14520731,-20.14339106,0],[-44.14520811,-20.1433904,0],[-44.14520816,-20.14339037,0],[-44.14520823,-20.14339031,0],[-44.14520959,-20.14338939,0],[-44.14520988,-20.14338919,0],[-44.1452153,-20.14338554,0],[-44.14521535,-20.1433855,0],[-44.14521646,-20.14338473,0],[-44.14521651,-20.1433847,0],[-44.14521757,-20.14338407,0],[-44.14521785,-20.14338388,0],[-44.1452243,-20.14337974,0],[-44.14522474,-20.14337947,0],[-44.14522532,-20.14337902,0],[-44.14523011,-20.14337548,0],[-44.14523023,-20.14337539,0],[-44.14523266,-20.14337344,0],[-44.1452327,-20.14337341,0],[-44.14523276,-20.14337337,0],[-44.14523585,-20.14337113,0],[-44.14523591,-20.14337108,0],[-44.14524138,-20.14336706,0],[-44.14525258,-20.14335494,0],[-44.14525363,-20.1433538,0],[-44.14525453,-20.14335291,0],[-44.14525464,-20.1433528,0],[-44.14525971,-20.14334827,0],[-44.14526055,-20.14334752,0],[-44.14526227,-20.14334577,0],[-44.14526262,-20.14334542,0],[-44.14526572,-20.14334337,0],[-44.14526641,-20.14334291,0],[-44.14526648,-20.14334286,0],[-44.1452695,-20.14334108,0],[-44.14527023,-20.14334066,0],[-44.14527073,-20.14333997,0],[-44.14527212,-20.14333833,0],[-44.14527253,-20.14333785,0],[-44.14527539,-20.14333588,0],[-44.1452763,-20.14333525,0],[-44.14527714,-20.1433346,0],[-44.14527743,-20.14333438,0],[-44.14527944,-20.1433316,0],[-44.14527962,-20.14333136,0],[-44.14528244,-20.14332735,0],[-44.14528374,-20.14332568,0],[-44.14528402,-20.1433253,0],[-44.14528419,-20.14332507,0],[-44.14528746,-20.1433212,0],[-44.14528838,-20.14332002,0],[-44.14528849,-20.14331981,0],[-44.14528862,-20.14331957,0],[-44.14528869,-20.14331942,0],[-44.14528877,-20.14331927,0],[-44.1452889,-20.14331898,0],[-44.14528903,-20.14331868,0],[-44.14529065,-20.14331464,0],[-44.14529159,-20.14331227,0],[-44.14529213,-20.1433112,0],[-44.14529235,-20.14331078,0],[-44.14529292,-20.1433099,0],[-44.14529451,-20.14330745,0],[-44.14529571,-20.14330581,0],[-44.14529586,-20.1433056,0],[-44.14529604,-20.14330542,0],[-44.14529753,-20.14330385,0],[-44.14529765,-20.14330374,0],[-44.1452977,-20.14330369,0],[-44.14529856,-20.14330279,0],[-44.14529913,-20.14330219,0],[-44.14530014,-20.14330145,0],[-44.14530017,-20.14330143,0],[-44.14530126,-20.14330055,0],[-44.14530131,-20.1433005,0],[-44.14530192,-20.14330004,0],[-44.14530196,-20.14330001,0],[-44.14530224,-20.14329983,0],[-44.14530265,-20.14329964,0],[-44.14530268,-20.14329962,0],[-44.14530279,-20.14329954,0],[-44.14530414,-20.14329851,0],[-44.14530418,-20.14329847,0],[-44.14530458,-20.14329806,0],[-44.14530465,-20.14329799,0],[-44.14530523,-20.14329751,0],[-44.14530549,-20.14329729,0],[-44.14530608,-20.14329681,0],[-44.14530622,-20.14329667,0],[-44.14530697,-20.14329592,0],[-44.1453071,-20.14329582,0],[-44.1453077,-20.1432954,0],[-44.14530788,-20.14329521,0],[-44.14530855,-20.14329449,0],[-44.14530933,-20.14329405,0],[-44.14531019,-20.14329357,0],[-44.14531266,-20.14329198,0],[-44.14531453,-20.14329077,0],[-44.14531668,-20.14328962,0],[-44.14531769,-20.14328907,0],[-44.14532102,-20.14328748,0],[-44.14532202,-20.143287,0],[-44.14532216,-20.14328695,0],[-44.14532219,-20.14328693,0],[-44.14532338,-20.14328623,0],[-44.14532902,-20.1432829,0],[-44.1453291,-20.14328278,0],[-44.14532969,-20.14328201,0],[-44.1453313,-20.1432799,0],[-44.14533162,-20.14327948,0],[-44.14533472,-20.14327502,0],[-44.14533675,-20.14327209,0],[-44.14533682,-20.14327198,0],[-44.14533689,-20.14327186,0],[-44.14533695,-20.14327175,0],[-44.14533702,-20.14327163,0],[-44.14534224,-20.14326382,0],[-44.14534231,-20.14326372,0],[-44.14534177,-20.14326141,0],[-44.14534169,-20.14326106,0],[-44.14534057,-20.1432563,0],[-44.14534055,-20.14325607,0],[-44.14534053,-20.14325585,0],[-44.14533967,-20.14325429,0],[-44.14533948,-20.14325373,0],[-44.14533763,-20.14324813,0],[-44.14533761,-20.14324799,0],[-44.14533742,-20.1432476,0],[-44.14533657,-20.14324586,0],[-44.14533658,-20.14324571,0],[-44.14533657,-20.14324479,0],[-44.14533663,-20.14324023,0],[-44.14533639,-20.14323802,0],[-44.14533582,-20.14323283,0],[-44.14533578,-20.14323239,0],[-44.14533573,-20.14323182,0],[-44.14533545,-20.14322996,0],[-44.14533454,-20.14322411,0],[-44.14533448,-20.14322366,0],[-44.1453341,-20.14322092,0],[-44.14533343,-20.14321898,0],[-44.14533323,-20.14321883,0],[-44.14533314,-20.14321875,0],[-44.14533283,-20.14321832,0],[-44.14533006,-20.14321452,0],[-44.14532832,-20.14321413,0],[-44.14532732,-20.1432145,0],[-44.14532728,-20.14321451,0],[-44.14532625,-20.14321506,0],[-44.14532607,-20.14321533,0],[-44.14532596,-20.14321557,0],[-44.14532535,-20.14321646,0],[-44.14532333,-20.14321953,0],[-44.1453229,-20.14322039,0],[-44.14532193,-20.14322339,0],[-44.14532184,-20.14322719,0],[-44.14532164,-20.14322783,0],[-44.14532037,-20.14323396,0],[-44.14532003,-20.14323562,0],[-44.1453197,-20.14323582,0],[-44.14531945,-20.14323597,0],[-44.14531871,-20.14323626,0],[-44.14531829,-20.14323642,0],[-44.14531567,-20.14323787,0],[-44.14531419,-20.14323868,0],[-44.14531375,-20.14323887,0],[-44.14531286,-20.14323926,0],[-44.14531032,-20.14324018,0],[-44.1453103,-20.1432402,0],[-44.14530771,-20.14323987,0],[-44.14530144,-20.14323904,0],[-44.14529948,-20.14323892,0],[-44.14529945,-20.1432389,0],[-44.14529575,-20.14323772,0],[-44.14529138,-20.14323633,0],[-44.14529086,-20.14323584,0],[-44.14528997,-20.14323502,0],[-44.14528993,-20.14323499,0],[-44.1452899,-20.14323496,0],[-44.14528393,-20.14323094,0],[-44.14528166,-20.1432281,0],[-44.14528116,-20.14322748,0],[-44.14527752,-20.14322397,0],[-44.1452775,-20.14322386,0],[-44.1452771,-20.14322171,0],[-44.14527503,-20.14321974,0],[-44.14527492,-20.14321348,0],[-44.14527492,-20.1432134,0],[-44.14527462,-20.14321317,0],[-44.14527436,-20.14321288,0],[-44.14527412,-20.14321269,0],[-44.14527375,-20.14321182,0],[-44.1452738,-20.1432114,0],[-44.14527388,-20.14321099,0],[-44.14527408,-20.14321027,0],[-44.14527592,-20.14320598,0],[-44.14527596,-20.14320591,0],[-44.14527604,-20.14320578,0],[-44.14527626,-20.14320539,0],[-44.14527632,-20.14320529,0],[-44.14527793,-20.14320245,0],[-44.14529131,-20.14317921,0],[-44.14529743,-20.14316856,0],[-44.14529866,-20.14316643,0],[-44.14529875,-20.14316627,0],[-44.14530595,-20.14315419,0],[-44.14530641,-20.14315343,0],[-44.14530791,-20.14315093,0],[-44.14530811,-20.1431506,0],[-44.14531082,-20.1431466,0],[-44.14531135,-20.14314581,0],[-44.14531139,-20.14314576,0],[-44.14531143,-20.1431457,0],[-44.14531274,-20.14314384,0],[-44.14531315,-20.14314325,0],[-44.14531329,-20.14314307,0],[-44.14531334,-20.14314299,0],[-44.14531413,-20.14314208,0],[-44.14531449,-20.14314168,0],[-44.14531474,-20.14314183,0],[-44.14531487,-20.14314191,0],[-44.14531516,-20.14314198,0],[-44.14531529,-20.14314201,0],[-44.14531535,-20.14314206,0],[-44.14531538,-20.14314207,0],[-44.14531546,-20.1431421,0],[-44.1453155,-20.14314211,0],[-44.14531589,-20.14314188,0],[-44.14531606,-20.14314179,0],[-44.1453162,-20.14314141,0],[-44.14531833,-20.14313557,0],[-44.14531858,-20.14313496,0],[-44.14531864,-20.14313479,0],[-44.14531826,-20.14313471,0],[-44.14531506,-20.14313383,0],[-44.14531103,-20.14313248,0],[-44.14530963,-20.14313192,0],[-44.14530658,-20.1431309,0],[-44.14530376,-20.14313029,0],[-44.14530008,-20.14312847,0],[-44.14529686,-20.14312775,0],[-44.14529059,-20.14312467,0],[-44.1452906,-20.14312461,0],[-44.14529323,-20.14311816,0],[-44.14529418,-20.14310662,0],[-44.14529601,-20.14309759,0],[-44.14529575,-20.14309332,0],[-44.14529569,-20.14309289,0],[-44.14529548,-20.14308855,0],[-44.14529465,-20.14308487,0],[-44.1452931,-20.1430817,0],[-44.14529192,-20.14307843,0],[-44.14529147,-20.14307107,0],[-44.14529132,-20.14307046,0],[-44.14529127,-20.14307005,0],[-44.14529114,-20.14306976,0],[-44.14529084,-20.14306912,0],[-44.14528915,-20.14306732,0],[-44.14528221,-20.14306949,0],[-44.14525718,-20.14307734,0],[-44.14525245,-20.14307897,0],[-44.14525153,-20.14307928,0],[-44.14523849,-20.14308352,0],[-44.14523416,-20.14308493,0],[-44.14523074,-20.143086,0],[-44.14522785,-20.1430869,0],[-44.14522642,-20.14308736,0],[-44.14522402,-20.14308813,0],[-44.14522378,-20.14308821,0],[-44.14522288,-20.14308852,0],[-44.14522278,-20.14308856,0],[-44.14522217,-20.14308879,0],[-44.14522181,-20.14308893,0],[-44.1452208,-20.14308929,0],[-44.14521842,-20.14309015,0],[-44.14521797,-20.14309033,0],[-44.1452176,-20.14309047,0],[-44.14521683,-20.1430908,0],[-44.14521542,-20.14309139,0],[-44.14521492,-20.14309157,0],[-44.14521411,-20.14309165,0],[-44.14521329,-20.14309173,0],[-44.1452129,-20.14309185,0],[-44.14521164,-20.14309223,0],[-44.14521053,-20.14309236,0],[-44.14521009,-20.14309241,0],[-44.14520504,-20.14309302,0],[-44.14520234,-20.14309382,0],[-44.14519281,-20.14309663,0],[-44.14515612,-20.14310744,0],[-44.14515119,-20.1431089,0],[-44.14515039,-20.14310913,0],[-44.14514822,-20.14310978,0],[-44.14514619,-20.14311039,0],[-44.14513613,-20.14311343,0],[-44.14513557,-20.14311359,0],[-44.14513493,-20.14311378,0],[-44.14513177,-20.1431147,0],[-44.1451312,-20.14311486,0],[-44.1451308,-20.14311499,0],[-44.1451294,-20.14311545,0],[-44.14512936,-20.14311546,0],[-44.14512823,-20.14311589,0],[-44.14512352,-20.1431173,0],[-44.14511991,-20.14311767,0],[-44.14511885,-20.14311777,0],[-44.14511228,-20.14311897,0],[-44.14510972,-20.14311943,0],[-44.14510836,-20.14311971,0],[-44.14510757,-20.14311987,0],[-44.14510452,-20.14312046,0],[-44.14510202,-20.14312094,0],[-44.14509913,-20.14312177,0],[-44.14509822,-20.14312191,0],[-44.14509694,-20.1431221,0],[-44.14509519,-20.14312243,0],[-44.14509203,-20.14312302,0],[-44.14509092,-20.14312341,0],[-44.14509089,-20.14312342,0],[-44.14508734,-20.14312458,0],[-44.14508725,-20.14312459,0],[-44.14508667,-20.14312469,0],[-44.14508659,-20.14312471,0],[-44.14508608,-20.14312484,0],[-44.1450859,-20.14312487,0],[-44.14508462,-20.14312516,0],[-44.14508439,-20.14312522,0],[-44.14508266,-20.14312563,0],[-44.14508192,-20.14312581,0],[-44.14508186,-20.14312582,0],[-44.14507924,-20.14312647,0],[-44.14507883,-20.14312657,0],[-44.14507826,-20.14312673,0],[-44.14507712,-20.14312705,0],[-44.14507681,-20.14312713,0],[-44.14507651,-20.14312722,0],[-44.14507645,-20.14312724,0],[-44.1450764,-20.14312726,0],[-44.14507634,-20.14312727,0],[-44.1450763,-20.14312728,0],[-44.14507495,-20.14312766,0],[-44.14507449,-20.1431278,0],[-44.14507392,-20.14312801,0],[-44.1450729,-20.14312837,0],[-44.14506912,-20.1431298,0],[-44.14506755,-20.1431304,0],[-44.14506732,-20.14313047,0],[-44.14506706,-20.14313056,0],[-44.14506567,-20.14313106,0],[-44.14506501,-20.14313132,0],[-44.1450649,-20.14313136,0],[-44.14506077,-20.14313289,0],[-44.14505975,-20.14313327,0],[-44.14505721,-20.14313424,0],[-44.14505655,-20.14313449,0],[-44.1450516,-20.14313624,0],[-44.14505128,-20.14313609,0],[-44.14504872,-20.14313496,0],[-44.14504546,-20.14313252,0],[-44.14504329,-20.14313104,0],[-44.14504175,-20.14312951,0],[-44.14503927,-20.14312581,0],[-44.14503753,-20.14312344,0],[-44.14503467,-20.14312112,0],[-44.14503223,-20.1431203,0],[-44.1450236,-20.14311623,0],[-44.14502269,-20.1431158,0],[-44.14502124,-20.14311569,0],[-44.14501439,-20.14311549,0],[-44.14501313,-20.14311541,0],[-44.14500406,-20.14311424,0],[-44.14500374,-20.14311407,0],[-44.14500357,-20.14311389,0],[-44.14499973,-20.14310883,0],[-44.1449976,-20.14310517,0],[-44.14499641,-20.14310295,0],[-44.14499286,-20.14309728,0],[-44.14499195,-20.14309611,0],[-44.1449919,-20.14309601,0],[-44.14498351,-20.14309942,0],[-44.14497977,-20.14310131,0],[-44.14497403,-20.14310421,0],[-44.14497292,-20.14310477,0],[-44.14494182,-20.1431205,0],[-44.144921,-20.14313102,0],[-44.14491361,-20.14313535,0],[-44.14490841,-20.1431384,0],[-44.14490606,-20.14313977,0],[-44.14487141,-20.14316007,0],[-44.14486026,-20.1431666,0],[-44.14485955,-20.14316713,0],[-44.14485757,-20.1431686,0],[-44.14485737,-20.14316877,0],[-44.14485674,-20.14316928,0],[-44.14485609,-20.1431698,0],[-44.1448545,-20.14317105,0],[-44.14485424,-20.14317128,0],[-44.14485358,-20.14317188,0],[-44.14485342,-20.14317195,0],[-44.14485269,-20.14317245,0],[-44.14485108,-20.14317356,0],[-44.14485097,-20.1431736,0],[-44.14485008,-20.14317417,0],[-44.14484823,-20.14317534,0],[-44.14484817,-20.14317536,0],[-44.14484734,-20.14317586,0],[-44.1448455,-20.14317696,0],[-44.14484534,-20.14317705,0],[-44.14484489,-20.14317732,0],[-44.14484248,-20.14317855,0],[-44.14484124,-20.14317918,0],[-44.14483737,-20.1431814,0],[-44.14483642,-20.14318195,0],[-44.14483253,-20.14318443,0],[-44.14483123,-20.14318569,0],[-44.14483101,-20.14318574,0],[-44.14483096,-20.14318577,0],[-44.14483087,-20.14318577,0],[-44.14482949,-20.14318611,0],[-44.14482339,-20.14318873,0],[-44.14482272,-20.14318896,0],[-44.14482137,-20.14318942,0],[-44.14482114,-20.1431895,0],[-44.14482102,-20.14318954,0],[-44.14482076,-20.14318963,0],[-44.14482039,-20.14318972,0],[-44.14482034,-20.14318973,0],[-44.14481989,-20.14318983,0],[-44.14481969,-20.14318984,0],[-44.14481945,-20.14318986,0],[-44.14481826,-20.14319002,0],[-44.14481745,-20.14319012,0],[-44.1448155,-20.14319046,0],[-44.14481417,-20.14319069,0],[-44.14481278,-20.14319091,0],[-44.14481174,-20.14319104,0],[-44.14480825,-20.14319112,0],[-44.14480774,-20.14319113,0],[-44.14480459,-20.14319177,0],[-44.14480421,-20.14319184,0],[-44.14480241,-20.14319188,0],[-44.14480221,-20.14319189,0],[-44.14480088,-20.14319199,0],[-44.14480073,-20.143192,0],[-44.1447993,-20.1431918,0],[-44.14479914,-20.14319178,0],[-44.14479691,-20.14319212,0],[-44.14479667,-20.14319216,0],[-44.14479608,-20.14319231,0],[-44.14479602,-20.14319232,0],[-44.14479479,-20.14319261,0],[-44.14479466,-20.14319264,0],[-44.14479276,-20.14319356,0],[-44.14479167,-20.1431937,0],[-44.14479159,-20.14319371,0],[-44.14479074,-20.14319397,0],[-44.14479068,-20.14319399,0],[-44.14478929,-20.14319432,0],[-44.14478919,-20.14319435,0],[-44.14478892,-20.14319445,0],[-44.14478439,-20.14319662,0],[-44.14478382,-20.14319685,0],[-44.14477791,-20.14319905,0],[-44.14477731,-20.14319924,0],[-44.1447767,-20.14319944,0],[-44.14477568,-20.14319984,0],[-44.14477427,-20.14320031,0],[-44.14477332,-20.1432006,0],[-44.14476963,-20.14320174,0],[-44.14476767,-20.1432024,0],[-44.14476631,-20.14320286,0],[-44.14476603,-20.14320292,0],[-44.14476516,-20.14320313,0],[-44.14476509,-20.14320316,0],[-44.14476491,-20.14320322,0],[-44.144761,-20.14320472,0],[-44.14476086,-20.14320478,0],[-44.1447599,-20.14320514,0],[-44.14475951,-20.14320528,0],[-44.14475938,-20.14320533,0],[-44.14475726,-20.14320614,0],[-44.14475474,-20.14320711,0],[-44.14475449,-20.14320718,0],[-44.14475413,-20.14320733,0],[-44.1447514,-20.14320848,0],[-44.14475019,-20.14320913,0],[-44.14475008,-20.14320919,0],[-44.14474785,-20.1432104,0],[-44.14474774,-20.14321046,0],[-44.1447445,-20.14321219,0],[-44.14474415,-20.14321238,0],[-44.1447414,-20.14321384,0],[-44.14474092,-20.1432141,0],[-44.14473604,-20.14321676,0],[-44.1447349,-20.14321738,0],[-44.14473413,-20.14321778,0],[-44.14473394,-20.14321789,0],[-44.14473379,-20.14321799,0],[-44.14473375,-20.14321801,0],[-44.14473356,-20.14321812,0],[-44.14473351,-20.14321815,0],[-44.14473053,-20.14321992,0],[-44.14473018,-20.14322012,0],[-44.14472778,-20.14322157,0],[-44.14472776,-20.14322159,0],[-44.14472774,-20.14322161,0],[-44.14472729,-20.14322211,0],[-44.14472725,-20.14322213,0],[-44.14472537,-20.14322329,0],[-44.14472088,-20.14322552,0],[-44.14472084,-20.14322554,0],[-44.14472057,-20.14322566,0],[-44.1447197,-20.14322607,0],[-44.14471568,-20.14322823,0],[-44.14471508,-20.14322855,0],[-44.14471167,-20.14323036,0],[-44.14471043,-20.14323103,0],[-44.14470899,-20.1432318,0],[-44.14470662,-20.14323306,0],[-44.14470552,-20.14323365,0],[-44.14470481,-20.14323402,0],[-44.14470196,-20.14323553,0],[-44.14470001,-20.14323656,0],[-44.14469883,-20.14323719,0],[-44.14469603,-20.14323867,0],[-44.14469545,-20.14323897,0],[-44.14469315,-20.14324017,0],[-44.14469135,-20.14324111,0],[-44.14469105,-20.14324128,0],[-44.14469012,-20.14324176,0],[-44.14469002,-20.14324182,0],[-44.1446865,-20.14324366,0],[-44.14468555,-20.14324416,0],[-44.14468382,-20.14324501,0],[-44.14468322,-20.1432453,0],[-44.14468183,-20.14324598,0],[-44.14468125,-20.14324626,0],[-44.14467934,-20.1432472,0],[-44.14467838,-20.14324768,0],[-44.14467658,-20.14324858,0],[-44.1446755,-20.14324911,0],[-44.14467446,-20.1432496,0],[-44.14467378,-20.14324992,0],[-44.1446709,-20.14325137,0],[-44.14466854,-20.14325256,0],[-44.14466726,-20.14325322,0],[-44.14466612,-20.14325381,0],[-44.14466464,-20.14325459,0],[-44.14466319,-20.14325537,0],[-44.14466205,-20.14325597,0],[-44.14466083,-20.1432566,0],[-44.14465923,-20.14325746,0],[-44.14465734,-20.14325846,0],[-44.14465653,-20.14325892,0],[-44.14465552,-20.14325949,0],[-44.14465513,-20.14325973,0],[-44.14465462,-20.14326004,0],[-44.14465305,-20.14326094,0],[-44.14465185,-20.14326163,0],[-44.14464979,-20.1432628,0],[-44.14464875,-20.14326338,0],[-44.1446474,-20.14326413,0],[-44.14464693,-20.1432644,0],[-44.14464591,-20.143265,0],[-44.14464564,-20.14326515,0],[-44.14464532,-20.14326536,0],[-44.14464411,-20.14326614,0],[-44.1446435,-20.14326648,0],[-44.1446413,-20.14326773,0],[-44.14463998,-20.14326848,0],[-44.14463984,-20.14326856,0],[-44.14463926,-20.14326887,0],[-44.14463899,-20.14326902,0],[-44.14463835,-20.14326938,0],[-44.14463755,-20.14326986,0],[-44.14463649,-20.14327051,0],[-44.14463612,-20.14327073,0],[-44.14463585,-20.1432709,0],[-44.14463397,-20.14327202,0],[-44.14463314,-20.14327251,0],[-44.14463113,-20.14327381,0],[-44.14463081,-20.14327402,0],[-44.14463028,-20.14327438,0],[-44.14463022,-20.14327442,0],[-44.14463014,-20.14327448,0],[-44.14463011,-20.1432745,0],[-44.1446298,-20.1432747,0],[-44.14462965,-20.1432748,0],[-44.1446281,-20.14327584,0],[-44.14462803,-20.14327589,0],[-44.14462774,-20.14327649,0],[-44.14462746,-20.14327711,0],[-44.14462744,-20.14327715,0],[-44.14462592,-20.14327809,0],[-44.14462583,-20.14327815,0],[-44.14462547,-20.14327836,0],[-44.14462542,-20.14327838,0],[-44.14462499,-20.14327862,0],[-44.14462471,-20.14327878,0],[-44.14462447,-20.14327891,0],[-44.14462278,-20.14327985,0],[-44.14461996,-20.14328142,0],[-44.14461795,-20.14328254,0],[-44.14461625,-20.14328349,0],[-44.14461572,-20.14328378,0],[-44.14461219,-20.14328575,0],[-44.14460958,-20.14328719,0],[-44.14460617,-20.14328908,0],[-44.14460423,-20.14329016,0],[-44.14460212,-20.14329132,0],[-44.14459868,-20.14329323,0],[-44.14459831,-20.14329343,0],[-44.14459792,-20.14329365,0],[-44.14459741,-20.14329393,0],[-44.14459466,-20.14329546,0],[-44.14459412,-20.14329575,0],[-44.1445917,-20.14329709,0],[-44.14458988,-20.1432981,0],[-44.14458859,-20.14329882,0],[-44.1445884,-20.14329892,0],[-44.14458831,-20.14329898,0],[-44.14458821,-20.14329903,0],[-44.14458798,-20.14329916,0],[-44.14458354,-20.14330162,0],[-44.14458202,-20.14330241,0],[-44.14458199,-20.14330243,0],[-44.14458195,-20.14330245,0],[-44.14458193,-20.14330247,0],[-44.1445819,-20.14330249,0],[-44.14458187,-20.1433025,0],[-44.14458185,-20.14330251,0],[-44.14458182,-20.14330252,0],[-44.14458179,-20.14330254,0],[-44.14458176,-20.14330255,0],[-44.14458173,-20.14330257,0],[-44.1445817,-20.14330259,0],[-44.14458166,-20.14330261,0],[-44.14458163,-20.14330262,0],[-44.1445816,-20.14330264,0],[-44.14458156,-20.14330266,0],[-44.1445815,-20.14330269,0],[-44.14458147,-20.14330271,0],[-44.14458142,-20.14330273,0],[-44.14458136,-20.14330276,0],[-44.14458133,-20.14330278,0],[-44.14458128,-20.1433028,0],[-44.14458124,-20.14330282,0],[-44.14458091,-20.14330298,0],[-44.14458029,-20.14330329,0],[-44.14458026,-20.1433033,0],[-44.14458023,-20.14330331,0],[-44.14458017,-20.14330334,0],[-44.14458012,-20.14330337,0],[-44.14458009,-20.14330338,0],[-44.14458006,-20.1433034,0],[-44.14457994,-20.14330345,0],[-44.14457985,-20.1433035,0],[-44.14457978,-20.14330354,0],[-44.14457969,-20.14330358,0],[-44.1445796,-20.14330363,0],[-44.14457942,-20.14330371,0],[-44.14457938,-20.14330373,0],[-44.1445774,-20.14330469,0],[-44.14457061,-20.14330796,0],[-44.14456316,-20.14331155,0],[-44.14455975,-20.14331319,0],[-44.14455893,-20.14331359,0],[-44.14455721,-20.14331443,0],[-44.14455706,-20.14331451,0],[-44.14455646,-20.14331479,0],[-44.1445564,-20.14331482,0],[-44.14454668,-20.14331944,0],[-44.14454389,-20.14332076,0],[-44.14454257,-20.14332137,0],[-44.14454199,-20.14332163,0],[-44.14453886,-20.1433231,0],[-44.1445371,-20.14332393,0],[-44.14453335,-20.14332577,0],[-44.14453018,-20.14332731,0],[-44.14452797,-20.1433284,0],[-44.14452506,-20.14332983,0],[-44.14452342,-20.14333064,0],[-44.14452012,-20.14333226,0],[-44.14451948,-20.14333259,0],[-44.14451737,-20.14333367,0],[-44.1445155,-20.14333461,0],[-44.14451065,-20.14333706,0],[-44.14450749,-20.14333865,0],[-44.14450441,-20.14334021,0],[-44.14450104,-20.14334191,0],[-44.14449535,-20.14334479,0],[-44.14449501,-20.14334496,0],[-44.14449377,-20.14334561,0],[-44.14448989,-20.14334761,0],[-44.14448933,-20.14334788,0],[-44.14448121,-20.14335191,0],[-44.1444782,-20.14335341,0],[-44.14447735,-20.14335383,0],[-44.14447083,-20.143357,0],[-44.14446757,-20.14335858,0],[-44.14446696,-20.14335888,0],[-44.14446651,-20.1433591,0],[-44.14446624,-20.14335923,0],[-44.14446603,-20.14335934,0],[-44.14446518,-20.14335976,0],[-44.14446445,-20.14336011,0],[-44.14446329,-20.14336064,0],[-44.14446214,-20.14336116,0],[-44.14446112,-20.14336162,0],[-44.14445991,-20.14336217,0],[-44.14445862,-20.14336286,0],[-44.1444567,-20.14336388,0],[-44.14445565,-20.14336444,0],[-44.14445352,-20.14336557,0],[-44.14445005,-20.14336736,0],[-44.14444936,-20.14336772,0],[-44.1444464,-20.14336917,0],[-44.14444621,-20.14336927,0],[-44.14444522,-20.14336974,0],[-44.14444519,-20.14336975,0],[-44.14444436,-20.14337016,0],[-44.14444079,-20.14337192,0],[-44.14444008,-20.14337227,0],[-44.14443795,-20.1433733,0],[-44.14443689,-20.14337384,0],[-44.14443548,-20.14337457,0],[-44.1444324,-20.14337613,0],[-44.14443076,-20.14337696,0],[-44.14442949,-20.14337761,0],[-44.14442917,-20.14337777,0],[-44.14442755,-20.14337858,0],[-44.14442734,-20.14337868,0],[-44.14442495,-20.14337987,0],[-44.14442164,-20.14338152,0],[-44.14442146,-20.14338161,0],[-44.14441759,-20.14338358,0],[-44.14441724,-20.14338376,0],[-44.14441413,-20.14338533,0],[-44.14441349,-20.14338565,0],[-44.14441003,-20.14338737,0],[-44.14440801,-20.1433884,0],[-44.14440741,-20.1433887,0],[-44.14440635,-20.14338924,0],[-44.14440597,-20.14338942,0],[-44.1444033,-20.14339078,0],[-44.14440212,-20.14339138,0],[-44.14440129,-20.1433918,0],[-44.14440083,-20.14339204,0],[-44.14439898,-20.14339297,0],[-44.14439639,-20.14339428,0],[-44.14439563,-20.14339466,0],[-44.1443948,-20.14339508,0],[-44.14439434,-20.1433953,0],[-44.1443939,-20.14339551,0],[-44.14438777,-20.14339855,0],[-44.14438519,-20.14339983,0],[-44.14438461,-20.14340014,0],[-44.14438444,-20.14340023,0],[-44.14438133,-20.14340187,0],[-44.14438094,-20.14340208,0],[-44.14438047,-20.14340238,0],[-44.14438043,-20.14340241,0],[-44.14437821,-20.14340351,0],[-44.14437804,-20.14340359,0],[-44.144378,-20.14340362,0],[-44.14437442,-20.14340546,0],[-44.14437401,-20.14340567,0],[-44.14437271,-20.14340633,0],[-44.14437237,-20.14340651,0],[-44.14437166,-20.14340686,0],[-44.14437006,-20.14340768,0],[-44.14436799,-20.14340873,0],[-44.14436701,-20.14340922,0],[-44.14436632,-20.14340957,0],[-44.14436256,-20.14341156,0],[-44.14436148,-20.14341213,0],[-44.14435934,-20.14341322,0],[-44.14435913,-20.14341332,0],[-44.14435808,-20.14341387,0],[-44.14435803,-20.14341389,0],[-44.14435692,-20.14341444,0],[-44.14435498,-20.14341539,0],[-44.14435492,-20.14341542,0],[-44.14435457,-20.14341559,0],[-44.14435448,-20.14341563,0],[-44.1443544,-20.14341566,0],[-44.1443526,-20.14341644,0],[-44.14435252,-20.14341648,0],[-44.14435239,-20.14341653,0],[-44.14435212,-20.14341666,0],[-44.14435096,-20.14341711,0],[-44.14435088,-20.14341714,0],[-44.14435085,-20.14341716,0],[-44.14435065,-20.14341726,0],[-44.14434746,-20.14341888,0],[-44.14434731,-20.14341895,0],[-44.14434585,-20.14341971,0],[-44.14434539,-20.14341996,0],[-44.14434199,-20.14342177,0],[-44.14434182,-20.14342186,0],[-44.14434097,-20.1434223,0],[-44.14434056,-20.14342252,0],[-44.14433873,-20.14342348,0],[-44.14433856,-20.14342357,0],[-44.1443379,-20.14342391,0],[-44.14433763,-20.14342405,0],[-44.14433671,-20.14342452,0],[-44.14433636,-20.14342471,0],[-44.14433526,-20.14342527,0],[-44.14433486,-20.14342548,0],[-44.14433379,-20.14342604,0],[-44.14433331,-20.14342629,0],[-44.1443322,-20.14342687,0],[-44.14433201,-20.14342697,0],[-44.14433162,-20.14342717,0],[-44.14433107,-20.14342746,0],[-44.14433003,-20.143428,0],[-44.14432948,-20.1434283,0],[-44.14432858,-20.14342877,0],[-44.1443283,-20.14342891,0],[-44.1443279,-20.14342912,0],[-44.14432727,-20.14342946,0],[-44.14432645,-20.14342989,0],[-44.14432592,-20.14343017,0],[-44.14432532,-20.14343049,0],[-44.14432509,-20.14343063,0],[-44.14432485,-20.14343078,0],[-44.14432461,-20.14343093,0],[-44.14432437,-20.14343108,0],[-44.144324,-20.14343129,0],[-44.14432366,-20.14343149,0],[-44.14432317,-20.14343176,0],[-44.14432276,-20.14343199,0],[-44.14432224,-20.14343232,0],[-44.14432186,-20.14343256,0],[-44.1443213,-20.14343291,0],[-44.14432095,-20.14343314,0],[-44.14432087,-20.14343319,0],[-44.14432083,-20.14343322,0],[-44.1443199,-20.14343374,0],[-44.14431943,-20.14343401,0],[-44.14431858,-20.14343448,0],[-44.14431825,-20.14343467,0],[-44.14431704,-20.14343529,0],[-44.1443167,-20.14343547,0],[-44.14431252,-20.14343759,0],[-44.14431115,-20.14343829,0],[-44.14431111,-20.1434383,0],[-44.14431079,-20.14343847,0],[-44.1443106,-20.14343857,0],[-44.14430918,-20.1434393,0],[-44.14430869,-20.14343956,0],[-44.14430744,-20.1434402,0],[-44.14430702,-20.14344042,0],[-44.14430613,-20.14344087,0],[-44.14430531,-20.1434413,0],[-44.14430442,-20.14344177,0],[-44.14430181,-20.14344313,0],[-44.14430021,-20.14344396,0],[-44.14429893,-20.14344464,0],[-44.14429849,-20.14344487,0],[-44.14429741,-20.14344544,0],[-44.14429715,-20.14344558,0],[-44.14429548,-20.14344651,0],[-44.14429521,-20.14344666,0],[-44.14429415,-20.14344732,0],[-44.14429403,-20.14344739,0],[-44.14429195,-20.14344854,0],[-44.14429186,-20.14344859,0],[-44.14429023,-20.1434495,0],[-44.14428971,-20.14344979,0],[-44.14428968,-20.1434498,0],[-44.14428678,-20.14345142,0],[-44.14428653,-20.14345156,0],[-44.14428598,-20.14345189,0],[-44.14428592,-20.14345192,0],[-44.1442853,-20.14345227,0],[-44.14428522,-20.14345231,0],[-44.14428389,-20.14345302,0],[-44.14428369,-20.14345313,0],[-44.14428035,-20.14345489,0],[-44.14427952,-20.14345533,0],[-44.14427793,-20.14345618,0],[-44.14427747,-20.14345643,0],[-44.14427688,-20.14345673,0],[-44.14427507,-20.14345766,0],[-44.1442738,-20.1434583,0],[-44.14427097,-20.1434597,0],[-44.14427013,-20.14346013,0],[-44.14426878,-20.14346081,0],[-44.14426832,-20.14346104,0],[-44.14426768,-20.14346136,0],[-44.14426586,-20.1434622,0],[-44.14426391,-20.14346311,0],[-44.14426286,-20.1434636,0],[-44.144262,-20.14346401,0],[-44.14425991,-20.14346501,0],[-44.14425864,-20.14346561,0],[-44.14425566,-20.14346712,0],[-44.14425459,-20.14346766,0],[-44.14425332,-20.14346829,0],[-44.14425275,-20.14346858,0],[-44.14425271,-20.14346859,0],[-44.14425267,-20.14346861,0],[-44.14425145,-20.14346921,0],[-44.14425108,-20.14346939,0],[-44.14425103,-20.14346942,0],[-44.14424987,-20.14347,0],[-44.14424964,-20.14347011,0],[-44.14424938,-20.14347024,0],[-44.14424934,-20.14347026,0],[-44.14424871,-20.14347058,0],[-44.14424863,-20.14347062,0],[-44.14424846,-20.14347068,0],[-44.1442478,-20.14347098,0],[-44.14424776,-20.143471,0],[-44.14424709,-20.1434713,0],[-44.14424672,-20.1434715,0],[-44.14424651,-20.14347161,0],[-44.14424559,-20.14347206,0],[-44.1442455,-20.1434721,0],[-44.14424409,-20.14347281,0],[-44.14424405,-20.14347283,0],[-44.14424401,-20.14347285,0],[-44.14424378,-20.14347297,0],[-44.14424242,-20.14347366,0],[-44.14424231,-20.14347372,0],[-44.1442419,-20.14347392,0],[-44.14424129,-20.14347428,0],[-44.14424018,-20.14347494,0],[-44.14423991,-20.14347512,0],[-44.14423957,-20.14347536,0],[-44.14422291,-20.14348432,0],[-44.1442069,-20.14349294,0]]]]}},{"type": "Feature","properties": {"classe": "Estrutura de Contenção","descricao": "Barreiras Estabilizantes de Calhas - BEC"},"geometry": {"type": "MultiPolygon","coordinates": [[[[-44.1206359,-20.13044889,0],[-44.12066429,-20.13048828,0],[-44.12072386,-20.13048784,0],[-44.1207551,-20.13047849,0],[-44.12079195,-20.13046239,0],[-44.12079971,-20.13044341,0],[-44.1208028,-20.1304099,0],[-44.12078363,-20.13036804,0],[-44.12076975,-20.13034692,0],[-44.12075726,-20.13032752,0],[-44.12073868,-20.13029839,0],[-44.1207096,-20.13028436,0],[-44.12067508,-20.13026969,0],[-44.12063872,-20.13028053,0],[-44.12062299,-20.13031162,0],[-44.12060598,-20.13034155,0],[-44.12059415,-20.13038624,0],[-44.12059339,-20.13038906,0],[-44.12061643,-20.1304114,0],[-44.1206359,-20.13044889,0]]]]}},{"type": "Feature","properties": {"classe": "Estrutura de Contenção","descricao": "Barreiras Estabilizantes de Calhas - BEC"},"geometry": {"type": "MultiPolygon","coordinates": [[[[-44.12132574,-20.12998227,0],[-44.12136364,-20.12999405,0],[-44.12139456,-20.12998747,0],[-44.12144522,-20.12996022,0],[-44.12146425,-20.12992243,0],[-44.1214637,-20.12987581,0],[-44.12145572,-20.12985605,0],[-44.12142658,-20.12984735,0],[-44.12138631,-20.12982475,0],[-44.12137304,-20.1298162,0],[-44.1213542,-20.12980406,0],[-44.12133391,-20.129791,0],[-44.12130145,-20.12977066,0],[-44.12127989,-20.12974792,0],[-44.12126933,-20.12974447,0],[-44.12126571,-20.12974365,0],[-44.12123863,-20.12974678,0],[-44.12121947,-20.12975296,0],[-44.12119943,-20.12978442,0],[-44.12119343,-20.12982112,0],[-44.1211961,-20.12985018,0],[-44.12118488,-20.12987569,0],[-44.12124029,-20.1299188,0],[-44.1212739,-20.12995517,0],[-44.12132574,-20.12998227,0]]]]}},{"type": "Feature","properties": {"classe": "Estrutura de Contenção","descricao": "Barreiras Estabilizantes de Calhas - BEC"},"geometry": {"type": "MultiPolygon","coordinates": [[[[-44.12217744,-20.12841608,0],[-44.12222496,-20.12842061,0],[-44.12225016,-20.1284026,0],[-44.12227128,-20.12838962,0],[-44.12229688,-20.1283656,0],[-44.12230904,-20.12831582,0],[-44.12230345,-20.12830282,0],[-44.12228844,-20.12828592,0],[-44.12227648,-20.1282765,0],[-44.12224538,-20.12827529,0],[-44.12221275,-20.1282604,0],[-44.12217954,-20.1282829,0],[-44.12216542,-20.12832104,0],[-44.12216607,-20.12833871,0],[-44.12217202,-20.12838282,0],[-44.12217744,-20.12841608,0]]]]}},{"type": "Feature","properties": {"classe": "Estrutura de Contenção","descricao": "Barreiras Estabilizantes de Calhas - BEC"},"geometry": {"type": "MultiPolygon","coordinates": [[[[-44.12249061,-20.12740958,0],[-44.12245795,-20.12741653,0],[-44.12242145,-20.1274125,0],[-44.12240372,-20.12742248,0],[-44.12237491,-20.12743609,0],[-44.12235461,-20.12744838,0],[-44.12234802,-20.12748224,0],[-44.12236075,-20.12750072,0],[-44.12237155,-20.12751136,0],[-44.12239313,-20.12754018,0],[-44.12240558,-20.12756819,0],[-44.12241137,-20.12757027,0],[-44.12242694,-20.12757226,0],[-44.12245946,-20.12757034,0],[-44.12248442,-20.127572,0],[-44.12252389,-20.12754645,0],[-44.12254492,-20.12752485,0],[-44.1225563,-20.12750219,0],[-44.1225651,-20.12745509,0],[-44.12255539,-20.12743596,0],[-44.12252152,-20.12740569,0],[-44.12252118,-20.12740556,0],[-44.12251708,-20.1274061,0],[-44.12249662,-20.12740879,0],[-44.12249061,-20.12740958,0]]]]}},{"type": "Feature","properties": {"classe": "Estrutura de Contenção","descricao": "Barreiras Estabilizantes de Calhas - BEC"},"geometry": {"type": "MultiPolygon","coordinates": [[[[-44.12263831,-20.12677762,0],[-44.12268407,-20.12679259,0],[-44.12269274,-20.12678886,0],[-44.12271357,-20.1267764,0],[-44.12274984,-20.1267445,0],[-44.12276549,-20.12672077,0],[-44.12278105,-20.12668366,0],[-44.1227818,-20.12666844,0],[-44.12274466,-20.12663056,0],[-44.12273424,-20.12663019,0],[-44.12270293,-20.12662488,0],[-44.12267489,-20.12661391,0],[-44.12265447,-20.12660313,0],[-44.12262911,-20.12661597,0],[-44.12261136,-20.1266328,0],[-44.12259775,-20.12667347,0],[-44.12259613,-20.12669726,0],[-44.12259392,-20.1267339,0],[-44.12259497,-20.12676345,0],[-44.12261017,-20.12677468,0],[-44.12263831,-20.12677762,0]]]]}},{"type": "Feature","properties": {"classe": "Estrutura de Contenção","descricao": "BH-0"},"geometry": {"type": "MultiPolygon","coordinates": [[[[-44.12510024,-20.14006382,0],[-44.12509695,-20.14006303,0],[-44.12509403,-20.14006234,0],[-44.12509384,-20.14006229,0],[-44.12508987,-20.14006103,0],[-44.12508969,-20.14006097,0],[-44.12507208,-20.14005539,0],[-44.12506969,-20.14005459,0],[-44.1250663,-20.14005347,0],[-44.12505773,-20.14004996,0],[-44.12503614,-20.14004066,0],[-44.12503472,-20.14004008,0],[-44.12503265,-20.14003919,0],[-44.12502276,-20.14003427,0],[-44.12501858,-20.14003139,0],[-44.12501593,-20.1400301,0],[-44.1250146,-20.14002926,0],[-44.12501319,-20.14002867,0],[-44.1250116,-20.140028,0],[-44.1250109,-20.1400278,0],[-44.12500592,-20.14002635,0],[-44.12500313,-20.14002545,0],[-44.12500112,-20.14002473,0],[-44.12498699,-20.14001975,0],[-44.12498419,-20.14001943,0],[-44.12497652,-20.14001945,0],[-44.1249675,-20.14001748,0],[-44.12496002,-20.14001983,0],[-44.12495689,-20.14002082,0],[-44.12493801,-20.14003157,0],[-44.12492765,-20.14003746,0],[-44.12492259,-20.1400399,0],[-44.12491462,-20.1400428,0],[-44.12489531,-20.14004825,0],[-44.12489482,-20.14004839,0],[-44.1248902,-20.14005052,0],[-44.12488985,-20.14005072,0],[-44.12488976,-20.14005079,0],[-44.12488973,-20.14005084,0],[-44.12488963,-20.14005091,0],[-44.12488941,-20.14005101,0],[-44.12488871,-20.14005128,0],[-44.12488706,-20.14005039,0],[-44.12488174,-20.140052,0],[-44.12486538,-20.14005695,0],[-44.12485999,-20.14005859,0],[-44.12484741,-20.14006239,0],[-44.12484433,-20.14006333,0],[-44.12483596,-20.14006783,0],[-44.1248347,-20.14006851,0],[-44.12483422,-20.1400687,0],[-44.12483371,-20.14006891,0],[-44.12483352,-20.14006901,0],[-44.12483333,-20.1400691,0],[-44.12482866,-20.14007164,0],[-44.12482841,-20.14007178,0],[-44.12482812,-20.14007195,0],[-44.12482791,-20.14007208,0],[-44.12481921,-20.14007736,0],[-44.12481233,-20.14007957,0],[-44.12480262,-20.14008268,0],[-44.12480056,-20.14008385,0],[-44.12479793,-20.14008498,0],[-44.1247878,-20.14008936,0],[-44.12478764,-20.14008948,0],[-44.12478517,-20.14009137,0],[-44.12478294,-20.1400935,0],[-44.12477901,-20.14009724,0],[-44.12477099,-20.14010487,0],[-44.12476839,-20.14010735,0],[-44.12476612,-20.14010937,0],[-44.12476368,-20.14011184,0],[-44.12475568,-20.14012118,0],[-44.12475545,-20.14012145,0],[-44.12475298,-20.14012434,0],[-44.1247509,-20.14012677,0],[-44.12474371,-20.14013502,0],[-44.12474187,-20.14013732,0],[-44.12474129,-20.14013811,0],[-44.12474014,-20.14013967,0],[-44.12472835,-20.14015109,0],[-44.12472743,-20.14015464,0],[-44.12472726,-20.14015529,0],[-44.12472578,-20.14016102,0],[-44.12472551,-20.14016206,0],[-44.12471432,-20.14017321,0],[-44.12471267,-20.14017485,0],[-44.12470239,-20.14018441,0],[-44.12469938,-20.14018721,0],[-44.12469779,-20.14018869,0],[-44.12469055,-20.14019541,0],[-44.1246898,-20.14019631,0],[-44.12468922,-20.14019701,0],[-44.12468311,-20.14020266,0],[-44.12468129,-20.14020418,0],[-44.12466886,-20.14021461,0],[-44.12466757,-20.14021569,0],[-44.12466542,-20.1402175,0],[-44.12466558,-20.14022021,0],[-44.12466579,-20.14022384,0],[-44.1246589,-20.14023373,0],[-44.1246548,-20.14023961,0],[-44.12464948,-20.14024725,0],[-44.12464201,-20.14025799,0],[-44.12464034,-20.14025989,0],[-44.12464007,-20.14026023,0],[-44.1246398,-20.14026061,0],[-44.12463966,-20.14026087,0],[-44.12463246,-20.14027787,0],[-44.12463172,-20.14027961,0],[-44.12462882,-20.14028646,0],[-44.12462789,-20.14028865,0],[-44.1246319,-20.14029909,0],[-44.12463202,-20.14030047,0],[-44.12463211,-20.14030111,0],[-44.12463218,-20.14030181,0],[-44.12463217,-20.14030276,0],[-44.12463216,-20.14030324,0],[-44.12463192,-20.14030426,0],[-44.12462886,-20.14031689,0],[-44.12462887,-20.14031847,0],[-44.12463081,-20.14032362,0],[-44.12462939,-20.14032929,0],[-44.12462741,-20.14033715,0],[-44.12462728,-20.14033761,0],[-44.1246254,-20.14034422,0],[-44.12462515,-20.14034501,0],[-44.12462305,-20.14035171,0],[-44.1246225,-20.14035348,0],[-44.1246223,-20.14035425,0],[-44.1246216,-20.140357,0],[-44.12462146,-20.14035796,0],[-44.12462113,-20.14036022,0],[-44.12462107,-20.14036126,0],[-44.12462099,-20.14036295,0],[-44.1246213,-20.14036784,0],[-44.12462146,-20.14037028,0],[-44.1246192,-20.14037277,0],[-44.12461748,-20.14037467,0],[-44.12461535,-20.14037701,0],[-44.12460813,-20.14038444,0],[-44.12460077,-20.14038345,0],[-44.12459065,-20.14038201,0],[-44.12458863,-20.14038174,0],[-44.12458656,-20.14038145,0],[-44.12457683,-20.14038597,0],[-44.12456862,-20.14038996,0],[-44.12456753,-20.14039049,0],[-44.12456586,-20.14039295,0],[-44.12455597,-20.14040743,0],[-44.12455346,-20.14041124,0],[-44.12454362,-20.1404262,0],[-44.12454923,-20.14042882,0],[-44.12455003,-20.14042921,0],[-44.12456864,-20.14044453,0],[-44.12457916,-20.14045284,0],[-44.12459806,-20.14046734,0],[-44.12460007,-20.14046908,0],[-44.12460068,-20.14046961,0],[-44.12460207,-20.14047116,0],[-44.12460429,-20.14047366,0],[-44.1246075,-20.14047752,0],[-44.1246175,-20.14048913,0],[-44.12462902,-20.14050347,0],[-44.1246306,-20.14050522,0],[-44.12463216,-20.14050699,0],[-44.12463377,-20.14050882,0],[-44.12464947,-20.14052665,0],[-44.12465743,-20.14053568,0],[-44.12465747,-20.14053572,0],[-44.12465838,-20.14053677,0],[-44.12466139,-20.14054015,0],[-44.12467504,-20.14055545,0],[-44.12468355,-20.14056324,0],[-44.12468993,-20.14056914,0],[-44.12469237,-20.14057111,0],[-44.12469329,-20.1405721,0],[-44.12469393,-20.1405728,0],[-44.1246943,-20.14057321,0],[-44.12471026,-20.14059005,0],[-44.12471919,-20.14059487,0],[-44.12472016,-20.1405954,0],[-44.12474364,-20.14060812,0],[-44.12475584,-20.14061133,0],[-44.1247565,-20.14061152,0],[-44.12477788,-20.14061763,0],[-44.12478379,-20.14061942,0],[-44.12478447,-20.14061962,0],[-44.12478507,-20.1406198,0],[-44.12478558,-20.14061998,0],[-44.12478864,-20.14062107,0],[-44.12478956,-20.1406214,0],[-44.12481844,-20.14063153,0],[-44.12481938,-20.14063186,0],[-44.12482264,-20.14063257,0],[-44.12482332,-20.14063273,0],[-44.12482422,-20.14063292,0],[-44.1248255,-20.1406332,0],[-44.12482711,-20.14063337,0],[-44.12483319,-20.1406346,0],[-44.12485359,-20.14063834,0],[-44.12485361,-20.14063835,0],[-44.12485664,-20.14063891,0],[-44.12485749,-20.14063911,0],[-44.12486049,-20.14063982,0],[-44.12488048,-20.14064454,0],[-44.12488123,-20.14064472,0],[-44.1248838,-20.14064532,0],[-44.12490658,-20.14065055,0],[-44.12490878,-20.14065106,0],[-44.12491278,-20.14065198,0],[-44.12491765,-20.14065309,0],[-44.12491931,-20.14065361,0],[-44.12492636,-20.14065634,0],[-44.12493065,-20.14065797,0],[-44.12493203,-20.1406585,0],[-44.12493958,-20.14066138,0],[-44.12496675,-20.14067531,0],[-44.12496816,-20.14067603,0],[-44.12496929,-20.14067675,0],[-44.1249793,-20.14068321,0],[-44.12498332,-20.14068581,0],[-44.1249979,-20.1406945,0],[-44.12499914,-20.1406955,0],[-44.12499918,-20.14069553,0],[-44.12499938,-20.14069566,0],[-44.12500375,-20.14069871,0],[-44.12500394,-20.14069885,0],[-44.12500711,-20.14070106,0],[-44.12500751,-20.14070134,0],[-44.12501375,-20.14070659,0],[-44.12501408,-20.14070686,0],[-44.1250143,-20.14070698,0],[-44.12501568,-20.14070773,0],[-44.12502557,-20.14071085,0],[-44.12503628,-20.14071407,0],[-44.12503694,-20.14071427,0],[-44.12504385,-20.14071805,0],[-44.12504935,-20.14071935,0],[-44.12504949,-20.14071938,0],[-44.12505146,-20.14071985,0],[-44.12506456,-20.14072295,0],[-44.1250649,-20.14072299,0],[-44.12507038,-20.14072369,0],[-44.12508399,-20.14072543,0],[-44.1250851,-20.14072563,0],[-44.12508569,-20.1407257,0],[-44.12508738,-20.14072579,0],[-44.12508776,-20.14072586,0],[-44.12509254,-20.14072575,0],[-44.12509287,-20.14072574,0],[-44.12509316,-20.14072572,0],[-44.12509859,-20.14072526,0],[-44.12512367,-20.14072316,0],[-44.12512468,-20.14072303,0],[-44.12513301,-20.14072199,0],[-44.12513695,-20.14072149,0],[-44.12513722,-20.14072141,0],[-44.12514104,-20.14072017,0],[-44.12514419,-20.14071982,0],[-44.12514465,-20.14071963,0],[-44.12514531,-20.14071937,0],[-44.12514569,-20.14071922,0],[-44.12514692,-20.14071823,0],[-44.12514712,-20.14071806,0],[-44.12514987,-20.14071566,0],[-44.12515198,-20.14071392,0],[-44.1251534,-20.14071232,0],[-44.12516222,-20.14070149,0],[-44.12516407,-20.14069897,0],[-44.12516425,-20.14069872,0],[-44.12517694,-20.14068063,0],[-44.12517786,-20.14067931,0],[-44.12518927,-20.14066229,0],[-44.12519393,-20.14065533,0],[-44.12519727,-20.14065072,0],[-44.12520174,-20.14064404,0],[-44.12521355,-20.14062635,0],[-44.12521723,-20.14062186,0],[-44.12522685,-20.14060767,0],[-44.12523172,-20.1406005,0],[-44.12523443,-20.14059838,0],[-44.12524005,-20.14058992,0],[-44.12524596,-20.14058105,0],[-44.1252517,-20.14057112,0],[-44.12525289,-20.14056906,0],[-44.12525509,-20.14056829,0],[-44.12525629,-20.14056841,0],[-44.12525719,-20.1405683,0],[-44.1252629,-20.1405646,0],[-44.12526544,-20.1405616,0],[-44.12526901,-20.14055651,0],[-44.12526914,-20.14055627,0],[-44.12527448,-20.14054677,0],[-44.12527962,-20.14053888,0],[-44.12528038,-20.14053718,0],[-44.12528262,-20.14053219,0],[-44.1252845,-20.14052599,0],[-44.12529081,-20.14051755,0],[-44.12529106,-20.14051722,0],[-44.12530428,-20.14049999,0],[-44.12531007,-20.14049244,0],[-44.12531817,-20.14048271,0],[-44.12532135,-20.14047888,0],[-44.12532681,-20.14046994,0],[-44.12532994,-20.14046436,0],[-44.12533006,-20.14046407,0],[-44.12533084,-20.14046217,0],[-44.12533058,-20.14046186,0],[-44.12533028,-20.14046165,0],[-44.12533018,-20.14046036,0],[-44.12533029,-20.14045646,0],[-44.12534212,-20.14044555,0],[-44.12534584,-20.14044212,0],[-44.12534417,-20.14043568,0],[-44.12534829,-20.14043016,0],[-44.12534427,-20.14042026,0],[-44.12534258,-20.1404161,0],[-44.12534245,-20.1404113,0],[-44.1253344,-20.14039569,0],[-44.12533368,-20.14039383,0],[-44.12533356,-20.14039352,0],[-44.12533184,-20.14038948,0],[-44.12533077,-20.14038697,0],[-44.12532859,-20.14038212,0],[-44.1253234,-20.1403708,0],[-44.12532306,-20.14037012,0],[-44.12531786,-20.14035977,0],[-44.12531757,-20.14035924,0],[-44.12531683,-20.14035786,0],[-44.12531276,-20.14035116,0],[-44.12531101,-20.14034821,0],[-44.12531031,-20.14034713,0],[-44.12530812,-20.1403444,0],[-44.12529459,-20.14032752,0],[-44.12529054,-20.14032246,0],[-44.12528826,-20.14031962,0],[-44.12528687,-20.14031788,0],[-44.12528591,-20.14031669,0],[-44.1252858,-20.14031654,0],[-44.12528563,-20.14031634,0],[-44.12527087,-20.14029616,0],[-44.12525913,-20.14028214,0],[-44.12525178,-20.14027334,0],[-44.12525076,-20.14027241,0],[-44.12524745,-20.14026942,0],[-44.12524605,-20.14026856,0],[-44.12524189,-20.14026599,0],[-44.12522742,-20.14025705,0],[-44.1252267,-20.14025659,0],[-44.12522585,-20.14025607,0],[-44.12522798,-20.14025305,0],[-44.12522862,-20.14025217,0],[-44.12523074,-20.14024921,0],[-44.12523134,-20.14024847,0],[-44.1252333,-20.14024605,0],[-44.12523503,-20.14024385,0],[-44.12523893,-20.14023897,0],[-44.12524102,-20.14023786,0],[-44.12524375,-20.14023642,0],[-44.12524423,-20.14023607,0],[-44.12524481,-20.14023564,0],[-44.12524522,-20.14023533,0],[-44.12524633,-20.140234,0],[-44.12524671,-20.14023355,0],[-44.12524791,-20.14023127,0],[-44.1252482,-20.14023073,0],[-44.1252505,-20.14022549,0],[-44.12525216,-20.14022168,0],[-44.12525408,-20.14021603,0],[-44.12525512,-20.14021296,0],[-44.12525286,-20.14021054,0],[-44.12525282,-20.14020205,0],[-44.12525138,-20.1401955,0],[-44.12524285,-20.14018822,0],[-44.12524039,-20.14018499,0],[-44.12523603,-20.14018143,0],[-44.12523519,-20.14018075,0],[-44.12523216,-20.14017827,0],[-44.12522039,-20.14016921,0],[-44.12520248,-20.14015473,0],[-44.12520123,-20.14015362,0],[-44.12520046,-20.14015294,0],[-44.12519957,-20.14015212,0],[-44.12519939,-20.14015196,0],[-44.1251992,-20.14015179,0],[-44.12518547,-20.14013924,0],[-44.12517417,-20.14012899,0],[-44.12517105,-20.14012542,0],[-44.12517088,-20.14012521,0],[-44.12516858,-20.14012224,0],[-44.12515797,-20.14010941,0],[-44.12514737,-20.14009515,0],[-44.12514579,-20.14009319,0],[-44.12514515,-20.14009238,0],[-44.12514177,-20.14008773,0],[-44.12513021,-20.14007789,0],[-44.1251262,-20.14007519,0],[-44.12512412,-20.14007379,0],[-44.12511091,-20.14006636,0],[-44.12510099,-20.140064,0],[-44.12510024,-20.14006382,0]]]]}},{"type": "Feature","properties": {"classe": "Estrutura de Contenção","descricao": "BH-0"},"geometry": {"type": "MultiPolygon","coordinates": [[[[-44.12503959,-20.14003199,0],[-44.1250372,-20.14002901,0],[-44.12503405,-20.14002507,0],[-44.12503034,-20.14001964,0],[-44.12502455,-20.14001272,0],[-44.12502166,-20.14000978,0],[-44.1250187,-20.14000702,0],[-44.12501504,-20.14000278,0],[-44.12501286,-20.14000001,0],[-44.12501091,-20.13999794,0],[-44.12499343,-20.13998224,0],[-44.12498812,-20.1399782,0],[-44.12497694,-20.13997077,0],[-44.12497689,-20.13997072,0],[-44.12497223,-20.13996608,0],[-44.12497194,-20.1399659,0],[-44.12496742,-20.13996283,0],[-44.1249667,-20.13996227,0],[-44.12496548,-20.13996158,0],[-44.12495136,-20.13995247,0],[-44.12494971,-20.13995119,0],[-44.12494836,-20.13995023,0],[-44.12494459,-20.13994887,0],[-44.124943,-20.13994846,0],[-44.12493881,-20.13994633,0],[-44.12493731,-20.1399448,0],[-44.12493626,-20.13994336,0],[-44.12493618,-20.13994085,0],[-44.12493536,-20.13993762,0],[-44.12493531,-20.13993432,0],[-44.12493441,-20.13993007,0],[-44.12493427,-20.13992965,0],[-44.12493358,-20.13992527,0],[-44.12493168,-20.13992309,0],[-44.12492143,-20.13991618,0],[-44.12492086,-20.13991523,0],[-44.12491985,-20.13991465,0],[-44.12491478,-20.13991192,0],[-44.12491031,-20.13990999,0],[-44.12490844,-20.13990885,0],[-44.12490706,-20.13990707,0],[-44.12490103,-20.1398978,0],[-44.12490081,-20.13989769,0],[-44.12490041,-20.13989762,0],[-44.12489333,-20.13989601,0],[-44.12489126,-20.1398957,0],[-44.12488908,-20.13989589,0],[-44.12488259,-20.13989705,0],[-44.12488168,-20.13989715,0],[-44.124881,-20.13989726,0],[-44.12487813,-20.13989789,0],[-44.12487346,-20.13989915,0],[-44.1248721,-20.13989957,0],[-44.12487,-20.13989984,0],[-44.12486557,-20.13990071,0],[-44.12486252,-20.13990102,0],[-44.12485996,-20.13990023,0],[-44.12485403,-20.13989878,0],[-44.12485239,-20.13989831,0],[-44.12485128,-20.13989776,0],[-44.12484343,-20.13989425,0],[-44.12484,-20.13989191,0],[-44.12483574,-20.13988864,0],[-44.12483486,-20.13988773,0],[-44.12482987,-20.1398834,0],[-44.12482442,-20.13987951,0],[-44.12482437,-20.13987949,0],[-44.12481859,-20.13987597,0],[-44.12481484,-20.13987334,0],[-44.12481286,-20.13987234,0],[-44.12481016,-20.13987045,0],[-44.12480105,-20.1398654,0],[-44.12479577,-20.13986208,0],[-44.12479521,-20.13986186,0],[-44.1247945,-20.13986133,0],[-44.12478939,-20.13985832,0],[-44.12478623,-20.13985628,0],[-44.12478338,-20.13985494,0],[-44.12477827,-20.13985222,0],[-44.12476458,-20.13984555,0],[-44.12476091,-20.13984309,0],[-44.12475888,-20.13984188,0],[-44.12474808,-20.13983597,0],[-44.12474654,-20.13983544,0],[-44.12474459,-20.13983398,0],[-44.12473854,-20.13983051,0],[-44.12473464,-20.13982859,0],[-44.12472935,-20.13982487,0],[-44.12472901,-20.13982463,0],[-44.12471947,-20.13981912,0],[-44.12471704,-20.13981807,0],[-44.12471372,-20.13981575,0],[-44.12470993,-20.13981362,0],[-44.12470574,-20.13981175,0],[-44.12470491,-20.13981143,0],[-44.12470039,-20.13980881,0],[-44.12469891,-20.13980805,0],[-44.12469737,-20.13980664,0],[-44.12469086,-20.13980258,0],[-44.12468746,-20.13980077,0],[-44.12468385,-20.13979753,0],[-44.12468235,-20.13979655,0],[-44.12468133,-20.13979581,0],[-44.12467806,-20.13979441,0],[-44.12467591,-20.13979358,0],[-44.12463896,-20.13977866,0],[-44.12463508,-20.13977782,0],[-44.1246336,-20.13977743,0],[-44.12463082,-20.13977656,0],[-44.12462767,-20.13977575,0],[-44.12462404,-20.13977441,0],[-44.12462068,-20.1397733,0],[-44.1246145,-20.13977103,0],[-44.12461364,-20.13977088,0],[-44.12461183,-20.13977007,0],[-44.12460652,-20.13976855,0],[-44.1245954,-20.13976492,0],[-44.12459188,-20.13976426,0],[-44.12458762,-20.13976258,0],[-44.12458584,-20.13976211,0],[-44.12458478,-20.1397619,0],[-44.12458312,-20.13976089,0],[-44.12457786,-20.13975938,0],[-44.1245763,-20.1397588,0],[-44.12456674,-20.13975586,0],[-44.12456305,-20.13975524,0],[-44.12455849,-20.13975295,0],[-44.1245572,-20.13975256,0],[-44.12455644,-20.13975243,0],[-44.12455542,-20.13975171,0],[-44.12454764,-20.13975003,0],[-44.1245457,-20.13974983,0],[-44.12454019,-20.13974964,0],[-44.12453808,-20.1397494,0],[-44.12453519,-20.13974889,0],[-44.12453132,-20.13974894,0],[-44.12452402,-20.13974678,0],[-44.12452026,-20.1397425,0],[-44.12451898,-20.1397421,0],[-44.12451846,-20.139742,0],[-44.12451187,-20.13974246,0],[-44.12451046,-20.13974346,0],[-44.1245094,-20.13974457,0],[-44.12450364,-20.13975146,0],[-44.1245022,-20.13975373,0],[-44.12449976,-20.13975812,0],[-44.12449907,-20.13975983,0],[-44.12449894,-20.13976047,0],[-44.12449889,-20.13976128,0],[-44.12449972,-20.13976494,0],[-44.12450095,-20.13976834,0],[-44.12450568,-20.13977291,0],[-44.12450924,-20.13977428,0],[-44.12451058,-20.13977732,0],[-44.1245108,-20.1397786,0],[-44.12451026,-20.13977959,0],[-44.1245092,-20.13978035,0],[-44.12450627,-20.13978134,0],[-44.12450276,-20.13978152,0],[-44.12449961,-20.13978463,0],[-44.12449822,-20.13978627,0],[-44.12449855,-20.13978757,0],[-44.12449888,-20.13978825,0],[-44.12449959,-20.13978883,0],[-44.12450342,-20.13979299,0],[-44.12450534,-20.13979664,0],[-44.12450188,-20.13979884,0],[-44.12449953,-20.13979915,0],[-44.12449682,-20.13979916,0],[-44.12449315,-20.1397996,0],[-44.12448996,-20.1397996,0],[-44.1244804,-20.13979915,0],[-44.12447833,-20.13979846,0],[-44.12447147,-20.13979647,0],[-44.12447121,-20.13979613,0],[-44.12447085,-20.13979605,0],[-44.12447049,-20.13979613,0],[-44.12446132,-20.13979647,0],[-44.12446128,-20.13979647,0],[-44.12446123,-20.13979647,0],[-44.12445222,-20.13979686,0],[-44.12445122,-20.13979684,0],[-44.12444432,-20.13979634,0],[-44.12444253,-20.13979597,0],[-44.12444214,-20.13979586,0],[-44.1244417,-20.1397959,0],[-44.1244327,-20.13979617,0],[-44.12443258,-20.13979618,0],[-44.12443248,-20.1397962,0],[-44.12442428,-20.13979504,0],[-44.12442301,-20.13979516,0],[-44.12442181,-20.13979509,0],[-44.12441627,-20.13979354,0],[-44.12440389,-20.13979273,0],[-44.12440091,-20.1397933,0],[-44.12439577,-20.13979472,0],[-44.12439431,-20.13979504,0],[-44.12439338,-20.1397952,0],[-44.12438525,-20.13979557,0],[-44.12438474,-20.13979564,0],[-44.12437546,-20.13979627,0],[-44.12436559,-20.13979792,0],[-44.12435602,-20.13979911,0],[-44.12434645,-20.13979887,0],[-44.12434372,-20.13979842,0],[-44.12433923,-20.13979802,0],[-44.12433689,-20.13979769,0],[-44.12432733,-20.13979575,0],[-44.12431918,-20.13979439,0],[-44.12431778,-20.13979408,0],[-44.12431541,-20.13979346,0],[-44.12431139,-20.13979268,0],[-44.12430823,-20.13979167,0],[-44.12430478,-20.13978987,0],[-44.12429912,-20.13978658,0],[-44.12429869,-20.13978636,0],[-44.12429213,-20.13978371,0],[-44.12428914,-20.13978265,0],[-44.12427959,-20.13978004,0],[-44.12427754,-20.13977938,0],[-44.12427004,-20.13977673,0],[-44.12426048,-20.13977438,0],[-44.12425673,-20.13977379,0],[-44.12425488,-20.13977358,0],[-44.12425093,-20.13977287,0],[-44.12424714,-20.13977183,0],[-44.12424461,-20.1397713,0],[-44.12424137,-20.1397705,0],[-44.12423681,-20.13977249,0],[-44.1242365,-20.13977264,0],[-44.12423178,-20.13977448,0],[-44.12422955,-20.13977509,0],[-44.12422342,-20.13977717,0],[-44.12422256,-20.13977751,0],[-44.1242222,-20.1397777,0],[-44.12421258,-20.13978591,0],[-44.12421246,-20.13978603,0],[-44.12421239,-20.13978615,0],[-44.1242052,-20.13979515,0],[-44.12420437,-20.13979647,0],[-44.12419995,-20.13980134,0],[-44.12419777,-20.13980415,0],[-44.12419552,-20.1398062,0],[-44.12419333,-20.13980788,0],[-44.12419013,-20.13981013,0],[-44.1241854,-20.13981471,0],[-44.12418371,-20.13981622,0],[-44.1241801,-20.13981873,0],[-44.12417744,-20.13982212,0],[-44.12417574,-20.13982366,0],[-44.12417409,-20.13982535,0],[-44.12416956,-20.13982685,0],[-44.12416654,-20.1398311,0],[-44.12416558,-20.13983213,0],[-44.12416448,-20.13983385,0],[-44.12416212,-20.13983331,0],[-44.12415976,-20.13983106,0],[-44.12415722,-20.13982202,0],[-44.1241566,-20.13982049,0],[-44.12415665,-20.13981451,0],[-44.1241563,-20.13981298,0],[-44.12415628,-20.1398118,0],[-44.12415506,-20.13980666,0],[-44.12415403,-20.13980491,0],[-44.12415275,-20.13980392,0],[-44.1241417,-20.13979845,0],[-44.12413599,-20.13979528,0],[-44.12413566,-20.13979511,0],[-44.12413513,-20.1397948,0],[-44.12412921,-20.13979216,0],[-44.12412645,-20.13979122,0],[-44.12412392,-20.13979236,0],[-44.12411948,-20.13979226,0],[-44.12411687,-20.13979283,0],[-44.1241154,-20.13979332,0],[-44.12411362,-20.13979469,0],[-44.12411098,-20.13979818,0],[-44.12410732,-20.1398037,0],[-44.12410728,-20.13980373,0],[-44.12410724,-20.13980375,0],[-44.12410715,-20.13980378,0],[-44.12409959,-20.13980548,0],[-44.12409766,-20.13980652,0],[-44.12409553,-20.13980565,0],[-44.12409328,-20.13980363,0],[-44.12409244,-20.13979955,0],[-44.12409191,-20.13979815,0],[-44.12409095,-20.13979458,0],[-44.12409418,-20.13979123,0],[-44.12409501,-20.13978817,0],[-44.12409624,-20.13978557,0],[-44.12409675,-20.1397846,0],[-44.12409687,-20.13977744,0],[-44.12409712,-20.13977654,0],[-44.12409719,-20.13977593,0],[-44.12409784,-20.13977358,0],[-44.124099,-20.13976858,0],[-44.12409912,-20.13976751,0],[-44.12409792,-20.13975931,0],[-44.12409778,-20.13975861,0],[-44.12409777,-20.13975847,0],[-44.12409781,-20.13975836,0],[-44.12409793,-20.13975791,0],[-44.12409956,-20.13975094,0],[-44.12410002,-20.13974945,0],[-44.12410222,-20.13974042,0],[-44.12410525,-20.1397314,0],[-44.12410768,-20.13972535,0],[-44.12410845,-20.1397231,0],[-44.12411192,-20.13971336,0],[-44.12411742,-20.13969533,0],[-44.12412015,-20.13968885,0],[-44.12412156,-20.1396863,0],[-44.12412373,-20.13968318,0],[-44.12412707,-20.13967874,0],[-44.12412767,-20.13967785,0],[-44.12412815,-20.1396773,0],[-44.12413122,-20.13967216,0],[-44.1241342,-20.13966592,0],[-44.12413674,-20.13966118,0],[-44.12413761,-20.13965928,0],[-44.1241402,-20.13965025,0],[-44.12414448,-20.1396322,0],[-44.12414719,-20.13962318,0],[-44.12414897,-20.13961416,0],[-44.12414994,-20.13960512,0],[-44.12415037,-20.13959609,0],[-44.12415416,-20.139569,0],[-44.12415468,-20.13955997,0],[-44.12415456,-20.13955093,0],[-44.12415464,-20.13954918,0],[-44.12415617,-20.13954225,0],[-44.1241562,-20.13954191,0],[-44.12415611,-20.1395415,0],[-44.12415536,-20.13953402,0],[-44.12415503,-20.13953286,0],[-44.12415145,-20.13952869,0],[-44.12414783,-20.13952379,0],[-44.12414758,-20.13952332,0],[-44.12414708,-20.13952199,0],[-44.12414384,-20.13951783,0],[-44.12413965,-20.13951472,0],[-44.12413858,-20.13951374,0],[-44.12413757,-20.13951264,0],[-44.12413443,-20.13950864,0],[-44.12413167,-20.13950564,0],[-44.12413023,-20.13950358,0],[-44.12412809,-20.13949729,0],[-44.12412797,-20.13949671,0],[-44.12412798,-20.13949659,0],[-44.12412809,-20.13949611,0],[-44.12413031,-20.13948961,0],[-44.12413052,-20.13948756,0],[-44.12413196,-20.13948398,0],[-44.12413244,-20.13948257,0],[-44.12413439,-20.13947855,0],[-44.12413583,-20.13947673,0],[-44.12413778,-20.13947372,0],[-44.12413994,-20.13947156,0],[-44.12414112,-20.13946955,0],[-44.12414361,-20.13946598,0],[-44.12414703,-20.13946054,0],[-44.12415084,-20.13944249,0],[-44.12415074,-20.13943946,0],[-44.12415085,-20.13943656,0],[-44.12415067,-20.13943055,0],[-44.124151,-20.13942762,0],[-44.12415093,-20.13942442,0],[-44.12415127,-20.13942099,0],[-44.12415126,-20.13941878,0],[-44.12415169,-20.13941538,0],[-44.12415161,-20.13941169,0],[-44.12415105,-20.1394095,0],[-44.12415094,-20.13940634,0],[-44.12415012,-20.13940409,0],[-44.12414777,-20.13939833,0],[-44.12414742,-20.13939762,0],[-44.12414732,-20.13939729,0],[-44.12414353,-20.13939228,0],[-44.12414114,-20.13938822,0],[-44.12414025,-20.13938635,0],[-44.12413912,-20.13937995,0],[-44.12413887,-20.13937918,0],[-44.12413466,-20.13937359,0],[-44.12413261,-20.13937011,0],[-44.12413248,-20.13936665,0],[-44.12413263,-20.13936466,0],[-44.12413252,-20.13936107,0],[-44.12413144,-20.13935864,0],[-44.12412888,-20.13935443,0],[-44.12412788,-20.13935297,0],[-44.12412741,-20.13935201,0],[-44.12412702,-20.13935023,0],[-44.12412624,-20.13934551,0],[-44.12412562,-20.13934297,0],[-44.12412222,-20.13934028,0],[-44.1241194,-20.13933874,0],[-44.12411506,-20.13933798,0],[-44.12410985,-20.13933697,0],[-44.12410553,-20.1393388,0],[-44.1241019,-20.1393413,0],[-44.12410025,-20.13934234,0],[-44.12409989,-20.13934251,0],[-44.12409952,-20.13934284,0],[-44.12409466,-20.1393466,0],[-44.12409064,-20.1393492,0],[-44.1240891,-20.13935037,0],[-44.12408817,-20.13935182,0],[-44.12408511,-20.13935565,0],[-44.12408102,-20.13935831,0],[-44.1240788,-20.13935871,0],[-44.12407274,-20.13936078,0],[-44.12407144,-20.13936185,0],[-44.12406814,-20.13936671,0],[-44.12406386,-20.13936977,0],[-44.12406262,-20.13937053,0],[-44.12406182,-20.13937091,0],[-44.12405779,-20.13937499,0],[-44.12405321,-20.13937781,0],[-44.12405221,-20.13937848,0],[-44.12405206,-20.1393786,0],[-44.12405187,-20.13937874,0],[-44.12404722,-20.13938307,0],[-44.12404177,-20.13938695,0],[-44.12404044,-20.13938772,0],[-44.12403718,-20.13939165,0],[-44.12403299,-20.13939419,0],[-44.1240279,-20.1393967,0],[-44.12402479,-20.13939799,0],[-44.12402339,-20.13939872,0],[-44.12401838,-20.13940568,0],[-44.12401638,-20.13940813,0],[-44.12400742,-20.13941775,0],[-44.12400414,-20.13942089,0],[-44.12399834,-20.13942725,0],[-44.12399249,-20.13943266,0],[-44.12398915,-20.13943665,0],[-44.12398489,-20.13944113,0],[-44.12398447,-20.13944166,0],[-44.12397866,-20.13945066,0],[-44.12397729,-20.13945258,0],[-44.12397297,-20.13945754,0],[-44.12396561,-20.13946696,0],[-44.12396127,-20.13947362,0],[-44.12395796,-20.13947767,0],[-44.12395596,-20.139481,0],[-44.12395352,-20.13948439,0],[-44.12395161,-20.13948667,0],[-44.12395085,-20.13949093,0],[-44.12395094,-20.13949136,0],[-44.12395052,-20.1394957,0],[-44.12395019,-20.13950846,0],[-44.12394988,-20.13951032,0],[-44.12394968,-20.13951377,0],[-44.12394925,-20.13951665,0],[-44.12394804,-20.13952103,0],[-44.12394607,-20.13953178,0],[-44.12394607,-20.13953182,0],[-44.12394605,-20.13953189,0],[-44.12394461,-20.13953947,0],[-44.1239442,-20.13954085,0],[-44.12394332,-20.13954342,0],[-44.12394247,-20.13954651,0],[-44.12393971,-20.13955296,0],[-44.12393677,-20.13955888,0],[-44.12393661,-20.13955909,0],[-44.12393639,-20.13955932,0],[-44.12393151,-20.1395633,0],[-44.12392702,-20.1395681,0],[-44.12391714,-20.13958076,0],[-44.12390751,-20.13959099,0],[-44.12390538,-20.13959287,0],[-44.12390021,-20.13959701,0],[-44.1238979,-20.13959854,0],[-44.12389419,-20.13960035,0],[-44.1238859,-20.13960381,0],[-44.12387872,-20.1396079,0],[-44.12387531,-20.13960958,0],[-44.1238699,-20.13961276,0],[-44.12386936,-20.13961299,0],[-44.12385954,-20.13961546,0],[-44.12384622,-20.13961815,0],[-44.1238428,-20.13961938,0],[-44.12384038,-20.13962003,0],[-44.12383913,-20.13962046,0],[-44.1238313,-20.13962114,0],[-44.12383081,-20.13962126,0],[-44.12383049,-20.1396213,0],[-44.12382144,-20.13962175,0],[-44.12382124,-20.13962182,0],[-44.12382075,-20.13962201,0],[-44.12381351,-20.13962327,0],[-44.12381165,-20.13962515,0],[-44.12380996,-20.13962895,0],[-44.12380963,-20.13963054,0],[-44.12380926,-20.13963275,0],[-44.12380881,-20.13963695,0],[-44.12380832,-20.13963956,0],[-44.12380887,-20.1396421,0],[-44.12380896,-20.13964618,0],[-44.12380935,-20.13964861,0],[-44.12380897,-20.13965764,0],[-44.12380611,-20.13966162,0],[-44.12380543,-20.1396633,0],[-44.12380374,-20.13966665,0],[-44.12380289,-20.13966763,0],[-44.12380184,-20.13966829,0],[-44.12379981,-20.13966855,0],[-44.12379459,-20.13966879,0],[-44.12379227,-20.13966915,0],[-44.12378939,-20.1396693,0],[-44.12378517,-20.13966889,0],[-44.1237827,-20.13966908,0],[-44.12378105,-20.1396681,0],[-44.12377573,-20.13966409,0],[-44.12377317,-20.13966232,0],[-44.12377088,-20.13965963,0],[-44.12376882,-20.13965744,0],[-44.12376622,-20.139655,0],[-44.12376366,-20.13965288,0],[-44.12376137,-20.13965054,0],[-44.12375908,-20.13964835,0],[-44.12375644,-20.13964616,0],[-44.12375414,-20.13964439,0],[-44.12374841,-20.13963927,0],[-44.12374462,-20.13963627,0],[-44.12374128,-20.13963336,0],[-44.12373727,-20.13963017,0],[-44.12373598,-20.13962932,0],[-44.12373509,-20.1396288,0],[-44.12371848,-20.13961871,0],[-44.12371602,-20.13961772,0],[-44.12371215,-20.13961564,0],[-44.12370648,-20.13961311,0],[-44.12370474,-20.13961194,0],[-44.12370122,-20.13960788,0],[-44.12369695,-20.13960576,0],[-44.12369525,-20.13960447,0],[-44.12369222,-20.13960284,0],[-44.1236906,-20.13959983,0],[-44.12368743,-20.1395967,0],[-44.12368625,-20.13959491,0],[-44.12368383,-20.13959377,0],[-44.1236814,-20.13959044,0],[-44.12367792,-20.13958675,0],[-44.12367719,-20.1395854,0],[-44.12367604,-20.13958469,0],[-44.12367323,-20.13958022,0],[-44.12367319,-20.13958014,0],[-44.12366848,-20.13957556,0],[-44.12366842,-20.13957548,0],[-44.12366534,-20.13956951,0],[-44.12366164,-20.13956397,0],[-44.12365894,-20.1395593,0],[-44.12365832,-20.13955809,0],[-44.12365799,-20.13955749,0],[-44.12365777,-20.13955637,0],[-44.12365754,-20.13954982,0],[-44.12365716,-20.13954845,0],[-44.1236534,-20.1395394,0],[-44.12364778,-20.13953034,0],[-44.12364299,-20.13952128,0],[-44.12363775,-20.1395144,0],[-44.12363573,-20.13951221,0],[-44.12363349,-20.13950938,0],[-44.12362979,-20.13950386,0],[-44.12362938,-20.13950314,0],[-44.123626,-20.13949841,0],[-44.12362245,-20.13949407,0],[-44.12362177,-20.13949338,0],[-44.12362104,-20.13949229,0],[-44.12361432,-20.13948499,0],[-44.12361277,-20.13948381,0],[-44.12361153,-20.1394827,0],[-44.12360765,-20.1394796,0],[-44.12360415,-20.13947591,0],[-44.12360317,-20.1394748,0],[-44.12359952,-20.13946922,0],[-44.1235957,-20.13946381,0],[-44.12359344,-20.13945865,0],[-44.123593,-20.13945778,0],[-44.12359254,-20.13945722,0],[-44.12358821,-20.13945283,0],[-44.12358483,-20.1394487,0],[-44.12358385,-20.13944791,0],[-44.12358303,-20.13944694,0],[-44.12357867,-20.13944377,0],[-44.12357416,-20.13943961,0],[-44.12357378,-20.13943935,0],[-44.1235735,-20.13943906,0],[-44.12356891,-20.13943491,0],[-44.12356468,-20.13943053,0],[-44.12356428,-20.13943025,0],[-44.12356399,-20.13942997,0],[-44.12355881,-20.13942637,0],[-44.12355446,-20.13942356,0],[-44.12355326,-20.13942258,0],[-44.12354494,-20.13941493,0],[-44.12354362,-20.13941361,0],[-44.12353542,-20.13940657,0],[-44.12353367,-20.13940493,0],[-44.1235317,-20.13940326,0],[-44.12352589,-20.13939893,0],[-44.12352028,-20.13939417,0],[-44.12351801,-20.13939259,0],[-44.12351636,-20.1393917,0],[-44.12351236,-20.13938889,0],[-44.12350743,-20.13938451,0],[-44.12350216,-20.13938061,0],[-44.12349731,-20.13937694,0],[-44.12349673,-20.13937653,0],[-44.12349612,-20.13937597,0],[-44.12348778,-20.13937005,0],[-44.12348238,-20.13936687,0],[-44.12347996,-20.13936523,0],[-44.12347825,-20.13936388,0],[-44.12347579,-20.13936015,0],[-44.12347159,-20.13935508,0],[-44.12346875,-20.13935234,0],[-44.1234634,-20.13934476,0],[-44.12345886,-20.13934002,0],[-44.12345476,-20.13933486,0],[-44.12345046,-20.13933057,0],[-44.12345014,-20.13933019,0],[-44.12344023,-20.13931952,0],[-44.1234366,-20.13931803,0],[-44.12343488,-20.13931748,0],[-44.12343069,-20.13931506,0],[-44.12342793,-20.13931883,0],[-44.12342631,-20.13932141,0],[-44.1234228,-20.13933043,0],[-44.12342241,-20.13933173,0],[-44.12342049,-20.13933945,0],[-44.12341157,-20.13934845,0],[-44.12341136,-20.13934863,0],[-44.12341074,-20.13934902,0],[-44.12340591,-20.13935231,0],[-44.12340177,-20.13935424,0],[-44.12339218,-20.13935713,0],[-44.12339184,-20.13935706,0],[-44.12338349,-20.13935652,0],[-44.12338262,-20.13935623,0],[-44.12337612,-20.13936023,0],[-44.12337302,-20.13936163,0],[-44.12336852,-20.13936152,0],[-44.12336799,-20.13936154,0],[-44.12336345,-20.13936145,0],[-44.1233595,-20.13936096,0],[-44.12335389,-20.13936038,0],[-44.12335104,-20.13935988,0],[-44.12334546,-20.13935822,0],[-44.12334365,-20.1393578,0],[-44.12333478,-20.13935699,0],[-44.12332521,-20.13935677,0],[-44.12331565,-20.13935543,0],[-44.12330609,-20.13935373,0],[-44.12329653,-20.13935237,0],[-44.12329277,-20.13935141,0],[-44.12328698,-20.13935012,0],[-44.12327832,-20.13934778,0],[-44.12327743,-20.13934746,0],[-44.12327695,-20.13934732,0],[-44.12327064,-20.13934513,0],[-44.12325832,-20.13934223,0],[-44.1232556,-20.13934121,0],[-44.12324878,-20.13933833,0],[-44.12324832,-20.13933816,0],[-44.12324233,-20.13933564,0],[-44.12323923,-20.13933466,0],[-44.12322577,-20.13933312,0],[-44.1232239,-20.13933303,0],[-44.12322011,-20.13933263,0],[-44.12321679,-20.13933254,0],[-44.1232133,-20.13933198,0],[-44.12321054,-20.13933189,0],[-44.12320843,-20.13933135,0],[-44.12320201,-20.1393303,0],[-44.12320099,-20.13933007,0],[-44.12320036,-20.13932991,0],[-44.1231987,-20.13932931,0],[-44.12319144,-20.13932588,0],[-44.12318198,-20.13932012,0],[-44.12318191,-20.13932007,0],[-44.12317727,-20.13931553,0],[-44.12317285,-20.13931069,0],[-44.12317239,-20.13931022,0],[-44.12316762,-20.13930657,0],[-44.12316284,-20.13930205,0],[-44.12315851,-20.13929712,0],[-44.12315569,-20.13929296,0],[-44.12315338,-20.1392883,0],[-44.1231518,-20.13928541,0],[-44.12315061,-20.1392839,0],[-44.12314812,-20.13927485,0],[-44.12314741,-20.13927153,0],[-44.12314642,-20.13926816,0],[-44.12314585,-20.1392658,0],[-44.12314614,-20.13926374,0],[-44.12314537,-20.13925808,0],[-44.12314571,-20.13925676,0],[-44.12314494,-20.13925587,0],[-44.12314401,-20.13925363,0],[-44.12314253,-20.13924913,0],[-44.12314127,-20.13924771,0],[-44.12313855,-20.13924386,0],[-44.12313559,-20.13923864,0],[-44.12313527,-20.13923794,0],[-44.12313453,-20.13923692,0],[-44.12313141,-20.13923566,0],[-44.12312937,-20.13923446,0],[-44.12312499,-20.13923357,0],[-44.12312045,-20.13923428,0],[-44.1231199,-20.13923432,0],[-44.12311202,-20.13923533,0],[-44.12310661,-20.13923776,0],[-44.12310583,-20.13923794,0],[-44.12310553,-20.13923822,0],[-44.12310519,-20.13923849,0],[-44.12310382,-20.13924036,0],[-44.12310179,-20.13924372,0],[-44.12309667,-20.13924705,0],[-44.12309621,-20.13924738,0],[-44.12309612,-20.1392474,0],[-44.12308686,-20.13924765,0],[-44.12308664,-20.13924769,0],[-44.12308653,-20.13924753,0],[-44.12308644,-20.13924743,0],[-44.12308297,-20.13924187,0],[-44.12308049,-20.13923837,0],[-44.12307906,-20.13923654,0],[-44.12307714,-20.13923459,0],[-44.12307464,-20.13923168,0],[-44.12307101,-20.13922609,0],[-44.12306765,-20.13922154,0],[-44.12306702,-20.13922083,0],[-44.12306652,-20.13922023,0],[-44.12306378,-20.13921487,0],[-44.12306154,-20.13921117,0],[-44.12305816,-20.13920708,0],[-44.12305541,-20.13920471,0],[-44.12305202,-20.13920208,0],[-44.12304863,-20.13920075,0],[-44.12303909,-20.13919618,0],[-44.12303696,-20.13919499,0],[-44.12303219,-20.13919295,0],[-44.12303053,-20.13919201,0],[-44.12302955,-20.13919157,0],[-44.12302499,-20.1391882,0],[-44.12302002,-20.13918495,0],[-44.12301945,-20.13918439,0],[-44.12301883,-20.13918385,0],[-44.12301049,-20.13917724,0],[-44.12300914,-20.13917604,0],[-44.12300754,-20.13917475,0],[-44.12300493,-20.13917099,0],[-44.12300182,-20.13916569,0],[-44.12300165,-20.13916508,0],[-44.12300107,-20.13915668,0],[-44.12300106,-20.13915664,0],[-44.12300104,-20.13915658,0],[-44.12299798,-20.13915052,0],[-44.12299671,-20.13914759,0],[-44.12299577,-20.13914359,0],[-44.12299571,-20.13914248,0],[-44.12299501,-20.13913855,0],[-44.12299382,-20.13913643,0],[-44.1229927,-20.13913052,0],[-44.12299234,-20.1391295,0],[-44.12299163,-20.13912811,0],[-44.12298853,-20.13912341,0],[-44.12298748,-20.13912044,0],[-44.12298564,-20.13911711,0],[-44.12298262,-20.13911095,0],[-44.12298216,-20.13911018,0],[-44.12297883,-20.1391055,0],[-44.12297692,-20.13910232,0],[-44.12297276,-20.13909326,0],[-44.12297275,-20.13909321,0],[-44.12297269,-20.1390931,0],[-44.12296905,-20.13908767,0],[-44.12296713,-20.1390842,0],[-44.1229632,-20.13907934,0],[-44.12296151,-20.13907675,0],[-44.12296092,-20.13907513,0],[-44.1229537,-20.13906671,0],[-44.12295338,-20.13906636,0],[-44.12295322,-20.13906605,0],[-44.12295284,-20.13906523,0],[-44.12295021,-20.13906034,0],[-44.12294903,-20.139057,0],[-44.12294738,-20.13905399,0],[-44.12294423,-20.13905027,0],[-44.12294301,-20.13904909,0],[-44.12294227,-20.13904793,0],[-44.12293924,-20.13904363,0],[-44.12293534,-20.13903886,0],[-44.1229352,-20.13903842,0],[-44.12293306,-20.13903143,0],[-44.12293249,-20.13902981,0],[-44.12292702,-20.13902075,0],[-44.12292631,-20.13901975,0],[-44.12292527,-20.13901913,0],[-44.1229228,-20.13901839,0],[-44.12291918,-20.13901744,0],[-44.12291572,-20.13901626,0],[-44.12291243,-20.13901475,0],[-44.12290617,-20.13901216,0],[-44.12290579,-20.13901196,0],[-44.12289992,-20.13900846,0],[-44.12289663,-20.13900683,0],[-44.1228941,-20.13900491,0],[-44.12289168,-20.1390025,0],[-44.12288933,-20.13900039,0],[-44.12288391,-20.13899646,0],[-44.12288118,-20.13899341,0],[-44.12287968,-20.13899142,0],[-44.1228776,-20.13898957,0],[-44.12287399,-20.13898776,0],[-44.12285853,-20.13897755,0],[-44.12285713,-20.13897655,0],[-44.12285558,-20.13897521,0],[-44.122849,-20.13896996,0],[-44.1228467,-20.13896832,0],[-44.12284383,-20.13896612,0],[-44.12283948,-20.13896195,0],[-44.12283704,-20.13895937,0],[-44.12283515,-20.13895704,0],[-44.12283302,-20.13895414,0],[-44.12282997,-20.1389523,0],[-44.12282042,-20.13894855,0],[-44.12281985,-20.13894846,0],[-44.12281095,-20.13894797,0],[-44.12281086,-20.13894796,0],[-44.12281079,-20.13894794,0],[-44.12281047,-20.13894788,0],[-44.12280353,-20.13894574,0],[-44.12280131,-20.13894453,0],[-44.12279737,-20.13893878,0],[-44.12279574,-20.13893505,0],[-44.12279349,-20.13893131,0],[-44.12279263,-20.13892972,0],[-44.12279233,-20.13892924,0],[-44.12279183,-20.13892866,0],[-44.12278757,-20.1389247,0],[-44.12278231,-20.13892068,0],[-44.12278228,-20.13892065,0],[-44.12277131,-20.13891154,0],[-44.12276631,-20.13890861,0],[-44.12276325,-20.13890651,0],[-44.122756,-20.13890028,0],[-44.12275373,-20.13889864,0],[-44.12275044,-20.13889648,0],[-44.12274741,-20.13889335,0],[-44.12274599,-20.13889165,0],[-44.12274421,-20.13889028,0],[-44.12273819,-20.13888427,0],[-44.12273627,-20.13888276,0],[-44.12273469,-20.13888183,0],[-44.12273011,-20.13887989,0],[-44.12272982,-20.1388798,0],[-44.12272391,-20.13887634,0],[-44.12272269,-20.13887516,0],[-44.12271977,-20.13887121,0],[-44.12271564,-20.1388665,0],[-44.12270607,-20.13886632,0],[-44.1226965,-20.13886726,0],[-44.12269528,-20.13886714,0],[-44.12268878,-20.1388677,0],[-44.12268693,-20.13886758,0],[-44.12268565,-20.13886714,0],[-44.12268082,-20.13886591,0],[-44.12267824,-20.13886509,0],[-44.12267738,-20.13886494,0],[-44.12266784,-20.13886023,0],[-44.12265829,-20.13885732,0],[-44.1226579,-20.13885713,0],[-44.12265756,-20.13885676,0],[-44.12265227,-20.1388534,0],[-44.12264875,-20.13885235,0],[-44.12264457,-20.1388516,0],[-44.12264327,-20.13885151,0],[-44.12263919,-20.1388509,0],[-44.12263594,-20.13885069,0],[-44.12263245,-20.13885027,0],[-44.12262963,-20.13885007,0],[-44.12262749,-20.13884959,0],[-44.12262123,-20.13884864,0],[-44.12261928,-20.13884827,0],[-44.1226165,-20.13884752,0],[-44.12261052,-20.13884543,0],[-44.12260789,-20.13884499,0],[-44.12260408,-20.1388445,0],[-44.12260096,-20.13884392,0],[-44.12259009,-20.13883835,0],[-44.12258626,-20.13883419,0],[-44.12258605,-20.13883323,0],[-44.12258432,-20.13882929,0],[-44.12258351,-20.13882777,0],[-44.12258194,-20.13882291,0],[-44.12258057,-20.13882023,0],[-44.12257742,-20.13881549,0],[-44.12257513,-20.13881117,0],[-44.12257246,-20.13880724,0],[-44.12256955,-20.13880487,0],[-44.12256642,-20.13880209,0],[-44.12256295,-20.13879776,0],[-44.12256066,-20.1387952,0],[-44.12255563,-20.1387909,0],[-44.12255343,-20.13878934,0],[-44.12254939,-20.13878916,0],[-44.12254815,-20.13878891,0],[-44.12254386,-20.13878876,0],[-44.12253974,-20.13878903,0],[-44.12253844,-20.13878899,0],[-44.12253429,-20.13878922,0],[-44.12253142,-20.13879017,0],[-44.12252659,-20.13879109,0],[-44.12252471,-20.13879158,0],[-44.12252361,-20.1387918,0],[-44.12251693,-20.13879451,0],[-44.12251512,-20.13879505,0],[-44.12251247,-20.13879529,0],[-44.12250804,-20.13879511,0],[-44.12250555,-20.13879543,0],[-44.12250353,-20.13879466,0],[-44.12249601,-20.1387914,0],[-44.12249126,-20.13878814,0],[-44.12248648,-20.13878498,0],[-44.12248566,-20.1387844,0],[-44.12248485,-20.13878361,0],[-44.12248076,-20.13877998,0],[-44.12247695,-20.13877738,0],[-44.12247503,-20.13877635,0],[-44.1224707,-20.13877451,0],[-44.12246096,-20.13877151,0],[-44.12245786,-20.1387703,0],[-44.12244831,-20.13876682,0],[-44.12244297,-20.13876533,0],[-44.12243948,-20.13876463,0],[-44.12243876,-20.13876438,0],[-44.12243744,-20.13876406,0],[-44.12243156,-20.13876304,0],[-44.1224292,-20.13876235,0],[-44.12241965,-20.13875872,0],[-44.12241796,-20.13875777,0],[-44.12241588,-20.13875616,0],[-44.12241251,-20.13875389,0],[-44.12241012,-20.13875208,0],[-44.12240693,-20.1387501,0],[-44.12240265,-20.13874706,0],[-44.12240059,-20.13874542,0],[-44.12239105,-20.13874163,0],[-44.12238724,-20.13874155,0],[-44.12238505,-20.1387413,0],[-44.12238148,-20.13874121,0],[-44.12237932,-20.13873995,0],[-44.12237663,-20.13873789,0],[-44.12237437,-20.1387356,0],[-44.12237196,-20.13873408,0],[-44.1223678,-20.13873274,0],[-44.12236416,-20.1387288,0],[-44.12236362,-20.13872766,0],[-44.12236246,-20.13872164,0],[-44.1223622,-20.13872,0],[-44.12236223,-20.13871975,0],[-44.12236225,-20.13871954,0],[-44.12236149,-20.13871168,0],[-44.12236152,-20.13871071,0],[-44.12236141,-20.13870966,0],[-44.12236045,-20.13870366,0],[-44.12236026,-20.13870167,0],[-44.12236038,-20.13869958,0],[-44.12236194,-20.13869328,0],[-44.12236203,-20.13869209,0],[-44.12236263,-20.13869006,0],[-44.12236346,-20.13868436,0],[-44.12236351,-20.13868361,0],[-44.1223635,-20.13868283,0],[-44.1223628,-20.13867457,0],[-44.1223641,-20.13866681,0],[-44.12236438,-20.13866555,0],[-44.12236447,-20.13866395,0],[-44.12236434,-20.13865795,0],[-44.12236444,-20.13865651,0],[-44.12236657,-20.13864749,0],[-44.12236824,-20.13864351,0],[-44.12237076,-20.13863847,0],[-44.12237018,-20.13863628,0],[-44.12236968,-20.13863213,0],[-44.12236864,-20.13862943,0],[-44.12236628,-20.1386263,0],[-44.12236421,-20.1386215,0],[-44.12236362,-20.13862036,0],[-44.12236345,-20.13861997,0],[-44.12236303,-20.13861926,0],[-44.12235987,-20.13861432,0],[-44.12235727,-20.1386113,0],[-44.12235514,-20.13860975,0],[-44.12235352,-20.13860888,0],[-44.12234832,-20.13860715,0],[-44.12234397,-20.13860546,0],[-44.12233441,-20.13860414,0],[-44.12233234,-20.1386041,0],[-44.12232502,-20.13860226,0],[-44.12232485,-20.13860226,0],[-44.12232444,-20.1386021,0],[-44.12231531,-20.13859772,0],[-44.1223134,-20.13859483,0],[-44.12231178,-20.138593,0],[-44.12230867,-20.13859027,0],[-44.12230579,-20.13858899,0],[-44.12230263,-20.13858692,0],[-44.12229683,-20.13858389,0],[-44.12229677,-20.1385834,0],[-44.12229813,-20.13857658,0],[-44.12229795,-20.13857332,0],[-44.1222983,-20.13856767,0],[-44.12229823,-20.13856582,0],[-44.12229784,-20.13856442,0],[-44.12229638,-20.13856164,0],[-44.12229377,-20.13855925,0],[-44.12229248,-20.13855676,0],[-44.12229115,-20.1385527,0],[-44.12229107,-20.13855169,0],[-44.12229017,-20.13854771,0],[-44.12228975,-20.13854502,0],[-44.12228859,-20.13854023,0],[-44.12228831,-20.13853867,0],[-44.12228752,-20.13852963,0],[-44.12228743,-20.13852921,0],[-44.12228401,-20.13852343,0],[-44.12228006,-20.13852056,0],[-44.12227831,-20.13851976,0],[-44.12227748,-20.13851946,0],[-44.12227269,-20.13851603,0],[-44.12226756,-20.13851183,0],[-44.12226716,-20.13851146,0],[-44.12226163,-20.13850838,0],[-44.12225842,-20.13850707,0],[-44.12224885,-20.1385071,0],[-44.12224516,-20.13850787,0],[-44.12224153,-20.13850919,0],[-44.12223927,-20.13850982,0],[-44.1222297,-20.13850961,0],[-44.12222014,-20.13850777,0],[-44.12221059,-20.13850433,0],[-44.12220918,-20.13850348,0],[-44.12220356,-20.13849973,0],[-44.12220106,-20.13849789,0],[-44.12219303,-20.13849159,0],[-44.12218741,-20.13848786,0],[-44.12218228,-20.13848392,0],[-44.12218208,-20.13848385,0],[-44.12218201,-20.13848383,0],[-44.12217399,-20.13848243,0],[-44.12217245,-20.13848208,0],[-44.12217059,-20.13848211,0],[-44.12216432,-20.13848248,0],[-44.12216288,-20.1384825,0],[-44.12216188,-20.13848288,0],[-44.12215968,-20.13848381,0],[-44.12215616,-20.1384865,0],[-44.12215328,-20.13848784,0],[-44.12214929,-20.13848902,0],[-44.1221437,-20.13849051,0],[-44.12213412,-20.13849223,0],[-44.12213359,-20.13849222,0],[-44.12212559,-20.13849171,0],[-44.12212456,-20.1384917,0],[-44.12212359,-20.13849175,0],[-44.12211535,-20.13849297,0],[-44.12211498,-20.13849306,0],[-44.1221144,-20.13849317,0],[-44.12210789,-20.13849493,0],[-44.12209583,-20.13849688,0],[-44.12209141,-20.13849669,0],[-44.12209057,-20.13849657,0],[-44.12208626,-20.13849634,0],[-44.12208311,-20.13849545,0],[-44.12207907,-20.13849245,0],[-44.12207673,-20.13849105,0],[-44.12207486,-20.13849066,0],[-44.12207048,-20.13848927,0],[-44.12206717,-20.13848876,0],[-44.1220629,-20.13848833,0],[-44.12206183,-20.13848837,0],[-44.12205761,-20.1384878,0],[-44.12205376,-20.13848692,0],[-44.12205014,-20.13848523,0],[-44.12204806,-20.13848452,0],[-44.12204717,-20.1384841,0],[-44.12204646,-20.13848325,0],[-44.12204114,-20.13848074,0],[-44.12203853,-20.13847863,0],[-44.12203549,-20.13847703,0],[-44.12203314,-20.13847414,0],[-44.1220311,-20.13847215,0],[-44.12202901,-20.13846935,0],[-44.12202141,-20.13846505,0],[-44.12201947,-20.13846425,0],[-44.12201407,-20.1384611,0],[-44.12200994,-20.13845821,0],[-44.12200862,-20.1384572,0],[-44.12200723,-20.13845594,0],[-44.12200353,-20.13845297,0],[-44.12199856,-20.13844863,0],[-44.121997,-20.13844686,0],[-44.1219889,-20.13843968,0],[-44.12198454,-20.13843476,0],[-44.12198139,-20.13843004,0],[-44.12198076,-20.1384293,0],[-44.12198031,-20.1384287,0],[-44.12197189,-20.13841967,0],[-44.12197185,-20.13841964,0],[-44.12196792,-20.13841434,0],[-44.12196535,-20.13841056,0],[-44.1219639,-20.13840911,0],[-44.12196239,-20.13840676,0],[-44.1219604,-20.13840339,0],[-44.12195985,-20.13840149,0],[-44.12195692,-20.13839766,0],[-44.12195551,-20.13839491,0],[-44.12195407,-20.13839243,0],[-44.12195348,-20.13839189,0],[-44.12195291,-20.13839156,0],[-44.12195113,-20.13839072,0],[-44.12194676,-20.13838917,0],[-44.12194337,-20.1383866,0],[-44.12194109,-20.13838548,0],[-44.12193938,-20.13838332,0],[-44.12193673,-20.13838058,0],[-44.12193386,-20.13837674,0],[-44.12193227,-20.13837575,0],[-44.12193111,-20.13837424,0],[-44.12192761,-20.13837112,0],[-44.12192433,-20.13836899,0],[-44.12192134,-20.13836799,0],[-44.12191623,-20.13836513,0],[-44.12191538,-20.13836457,0],[-44.12191103,-20.13835965,0],[-44.1219086,-20.13835606,0],[-44.12190742,-20.13835404,0],[-44.12190531,-20.13834959,0],[-44.12190394,-20.13834829,0],[-44.12190281,-20.13834699,0],[-44.1218992,-20.13834373,0],[-44.1218958,-20.13833887,0],[-44.12189465,-20.13833792,0],[-44.12189076,-20.13833365,0],[-44.12188628,-20.13832931,0],[-44.12188601,-20.1383291,0],[-44.12188555,-20.13832884,0],[-44.12188036,-20.13832539,0],[-44.12187677,-20.13832059,0],[-44.12187646,-20.13832005,0],[-44.12187623,-20.13831975,0],[-44.12187148,-20.13831572,0],[-44.12186724,-20.13831259,0],[-44.12186622,-20.13831164,0],[-44.1218653,-20.13831066,0],[-44.12186208,-20.13830652,0],[-44.12185773,-20.1383023,0],[-44.12185739,-20.13830192,0],[-44.12185712,-20.13830159,0],[-44.12185109,-20.13829252,0],[-44.12184964,-20.13829119,0],[-44.12184823,-20.13829041,0],[-44.12184379,-20.13828766,0],[-44.12183827,-20.13828382,0],[-44.12183782,-20.13828342,0],[-44.1218339,-20.13827893,0],[-44.12182928,-20.13827434,0],[-44.12182924,-20.13827429,0],[-44.12182919,-20.13827423,0],[-44.12182529,-20.13826899,0],[-44.12182213,-20.13826527,0],[-44.1218209,-20.13826411,0],[-44.12181968,-20.13826317,0],[-44.12181504,-20.13826084,0],[-44.12181489,-20.13826075,0],[-44.12181014,-20.13825905,0],[-44.12180841,-20.13825781,0],[-44.12180702,-20.13825616,0],[-44.12179698,-20.13825051,0],[-44.12179406,-20.13824706,0],[-44.12179248,-20.13824573,0],[-44.12179109,-20.1382443,0],[-44.12178725,-20.13824339,0],[-44.12178563,-20.13824314,0],[-44.12178153,-20.13824195,0],[-44.12177859,-20.13824073,0],[-44.12177273,-20.13823792,0],[-44.12177199,-20.1382376,0],[-44.12176595,-20.13823457,0],[-44.12176029,-20.13823087,0],[-44.12175293,-20.13822471,0],[-44.12174811,-20.13821972,0],[-44.12174557,-20.13821766,0],[-44.12174341,-20.13821524,0],[-44.12174097,-20.13821297,0],[-44.12173916,-20.13821064,0],[-44.12173636,-20.13820829,0],[-44.1217339,-20.13820476,0],[-44.12173242,-20.13820298,0],[-44.12173168,-20.13820157,0],[-44.12172639,-20.13819251,0],[-44.1217255,-20.13819147,0],[-44.12172442,-20.13818922,0],[-44.12172117,-20.13818653,0],[-44.12171554,-20.13818404,0],[-44.12171489,-20.13818369,0],[-44.12171468,-20.13818361,0],[-44.12171445,-20.13818341,0],[-44.12170896,-20.13817996,0],[-44.12170536,-20.13817686,0],[-44.12170404,-20.13817558,0],[-44.12170345,-20.13817432,0],[-44.12170149,-20.13817062,0],[-44.12170095,-20.13816947,0],[-44.12169809,-20.13816526,0],[-44.12169739,-20.13816382,0],[-44.12169588,-20.13816114,0],[-44.12169326,-20.13815868,0],[-44.12168703,-20.13815617,0],[-44.12168644,-20.13815607,0],[-44.12168634,-20.13815604,0],[-44.12167679,-20.13815234,0],[-44.12167246,-20.13815116,0],[-44.12167092,-20.13815053,0],[-44.12166545,-20.13814871,0],[-44.12166249,-20.13814701,0],[-44.12165479,-20.13814422,0],[-44.12165189,-20.13814342,0],[-44.12164815,-20.13814182,0],[-44.12164488,-20.13814099,0],[-44.12163936,-20.13813858,0],[-44.1216386,-20.13813832,0],[-44.12163818,-20.13813825,0],[-44.12163683,-20.13813785,0],[-44.12163033,-20.1381366,0],[-44.12162905,-20.13813629,0],[-44.12162731,-20.13813616,0],[-44.12162086,-20.13813646,0],[-44.12161948,-20.13813632,0],[-44.12160998,-20.13813779,0],[-44.1216099,-20.13813779,0],[-44.12160033,-20.13813887,0],[-44.12159914,-20.13813878,0],[-44.12159212,-20.1381389,0],[-44.12159076,-20.13813882,0],[-44.12158969,-20.13813862,0],[-44.12158283,-20.13813605,0],[-44.12158122,-20.13813529,0],[-44.12157168,-20.13812889,0],[-44.1215714,-20.13812876,0],[-44.12157113,-20.13812848,0],[-44.12156555,-20.13812523,0],[-44.12156215,-20.13812361,0],[-44.12155844,-20.13812289,0],[-44.12155489,-20.13812154,0],[-44.12155259,-20.13812092,0],[-44.12155139,-20.13812049,0],[-44.12154955,-20.13811934,0],[-44.12154486,-20.13811761,0],[-44.12154305,-20.13811681,0],[-44.1215395,-20.13811593,0],[-44.12153743,-20.13811555,0],[-44.1215335,-20.13811436,0],[-44.12153031,-20.13811322,0],[-44.12152471,-20.13811018,0],[-44.12152419,-20.13810996,0],[-44.12152395,-20.13810982,0],[-44.12151869,-20.13810611,0],[-44.12151442,-20.13810343,0],[-44.12151261,-20.1381028,0],[-44.12151075,-20.13810107,0],[-44.12150761,-20.13809849,0],[-44.1215049,-20.13809534,0],[-44.12150298,-20.13809383,0],[-44.12150169,-20.13809199,0],[-44.1214985,-20.13808902,0],[-44.12149539,-20.13808571,0],[-44.12149343,-20.13808477,0],[-44.12149008,-20.1380829,0],[-44.12148584,-20.13808134,0],[-44.12147405,-20.13807592,0],[-44.12147178,-20.13807377,0],[-44.12146838,-20.13807223,0],[-44.12146676,-20.13807164,0],[-44.12146252,-20.13806972,0],[-44.12146173,-20.13806945,0],[-44.12145723,-20.13806607,0],[-44.12145613,-20.1380657,0],[-44.12145512,-20.13806465,0],[-44.12144768,-20.13806184,0],[-44.12144351,-20.13806064,0],[-44.12144247,-20.13806049,0],[-44.12143814,-20.13805859,0],[-44.12143577,-20.13805776,0],[-44.12143378,-20.13805551,0],[-44.1214286,-20.13805289,0],[-44.12142513,-20.13805218,0],[-44.1214228,-20.1380519,0],[-44.12141904,-20.13805095,0],[-44.12141468,-20.1380505,0],[-44.12141353,-20.13805019,0],[-44.12140948,-20.13804963,0],[-44.12140591,-20.13804972,0],[-44.12140369,-20.13804989,0],[-44.12139991,-20.13804997,0],[-44.12139727,-20.1380488,0],[-44.12139521,-20.13804628,0],[-44.1213927,-20.13804408,0],[-44.12139039,-20.13804225,0],[-44.1213865,-20.13804088,0],[-44.12138228,-20.13803854,0],[-44.12138085,-20.13803785,0],[-44.1213803,-20.1380377,0],[-44.12137961,-20.13803717,0],[-44.12137307,-20.13803546,0],[-44.1213713,-20.13803475,0],[-44.1213676,-20.13803361,0],[-44.12136577,-20.1380333,0],[-44.12136175,-20.1380314,0],[-44.1213593,-20.13803035,0],[-44.12135724,-20.13802802,0],[-44.1213539,-20.1380264,0],[-44.12135222,-20.13802548,0],[-44.12134796,-20.13802395,0],[-44.12134709,-20.13802379,0],[-44.12134267,-20.13802094,0],[-44.12134114,-20.13802035,0],[-44.12133953,-20.1380189,0],[-44.12133533,-20.1380168,0],[-44.12133314,-20.13801499,0],[-44.12132908,-20.13801365,0],[-44.12132435,-20.13800979,0],[-44.12132386,-20.13800954,0],[-44.1213236,-20.13800938,0],[-44.12132281,-20.13800903,0],[-44.12131694,-20.13800702,0],[-44.12131406,-20.13800514,0],[-44.12131001,-20.13800451,0],[-44.12130718,-20.13800319,0],[-44.12130451,-20.13800245,0],[-44.12130319,-20.13800189,0],[-44.12130173,-20.13800064,0],[-44.12129673,-20.13799894,0],[-44.12129497,-20.13799808,0],[-44.12129203,-20.13799782,0],[-44.12128833,-20.1379978,0],[-44.1212854,-20.13799748,0],[-44.12127584,-20.13799677,0],[-44.12127182,-20.13799525,0],[-44.12126864,-20.13799144,0],[-44.12126757,-20.13799024,0],[-44.12126631,-20.13798899,0],[-44.12126319,-20.13798845,0],[-44.12125996,-20.13798836,0],[-44.12125676,-20.13798756,0],[-44.12125261,-20.13798623,0],[-44.12124965,-20.13798462,0],[-44.12124633,-20.13798311,0],[-44.12123771,-20.13798219,0],[-44.12123765,-20.13798217,0],[-44.12123108,-20.13797939,0],[-44.1212281,-20.13797831,0],[-44.12122386,-20.13797716,0],[-44.1212228,-20.13797715,0],[-44.12121855,-20.1379764,0],[-44.12121607,-20.13797545,0],[-44.12121193,-20.13797308,0],[-44.12121032,-20.13797183,0],[-44.12120901,-20.1379706,0],[-44.12120491,-20.1379679,0],[-44.12119948,-20.13796459,0],[-44.12119905,-20.13796439,0],[-44.12119797,-20.13796398,0],[-44.12119183,-20.13796215,0],[-44.12118993,-20.1379617,0],[-44.12118543,-20.13795914,0],[-44.12118054,-20.13795485,0],[-44.12118046,-20.1379548,0],[-44.1211755,-20.13795044,0],[-44.121171,-20.13794577,0],[-44.12117092,-20.13794574,0],[-44.12117088,-20.13794571,0],[-44.12116606,-20.13794129,0],[-44.12116601,-20.13794112,0],[-44.1211639,-20.1379367,0],[-44.12116232,-20.1379358,0],[-44.12116138,-20.13793463,0],[-44.1211569,-20.13793187,0],[-44.12115477,-20.13792762,0],[-44.12115423,-20.13792539,0],[-44.12115421,-20.13792077,0],[-44.12115196,-20.13790789,0],[-44.12114824,-20.13790401,0],[-44.12114683,-20.13790047,0],[-44.1211455,-20.13789759,0],[-44.12114564,-20.13789442,0],[-44.12114495,-20.13789143,0],[-44.12114462,-20.13788942,0],[-44.12114445,-20.1378842,0],[-44.12114421,-20.13788239,0],[-44.12114375,-20.13787335,0],[-44.12114403,-20.13786431,0],[-44.12114279,-20.13785537,0],[-44.12114277,-20.13785527,0],[-44.12114272,-20.13784996,0],[-44.12114236,-20.13784623,0],[-44.12114201,-20.13784554,0],[-44.12113902,-20.13784072,0],[-44.12113778,-20.13783718,0],[-44.1211368,-20.13782813,0],[-44.12113602,-20.13782556,0],[-44.12113513,-20.1378208,0],[-44.12113469,-20.13781909,0],[-44.12113455,-20.13781793,0],[-44.12113336,-20.13781218,0],[-44.12113249,-20.13781087,0],[-44.12113223,-20.13781004,0],[-44.12112933,-20.13780619,0],[-44.12112871,-20.13780542,0],[-44.12112648,-20.13780098,0],[-44.12112685,-20.13779816,0],[-44.12112771,-20.13779556,0],[-44.12112803,-20.13779195,0],[-44.1211276,-20.13778848,0],[-44.12112554,-20.1377844,0],[-44.12112517,-20.1377829,0],[-44.12112485,-20.13778205,0],[-44.12112432,-20.13777414,0],[-44.12112424,-20.13777386,0],[-44.12112422,-20.13777366,0],[-44.12112403,-20.13777017,0],[-44.12112275,-20.13776604,0],[-44.12112195,-20.13776481,0],[-44.12112112,-20.13776202,0],[-44.12112047,-20.13775918,0],[-44.1211193,-20.13775576,0],[-44.12111798,-20.13775253,0],[-44.12111817,-20.13775012,0],[-44.12111747,-20.13774672,0],[-44.12111793,-20.13774359,0],[-44.12111808,-20.13774095,0],[-44.12111863,-20.13773769,0],[-44.12111713,-20.13773534,0],[-44.12111468,-20.13773071,0],[-44.12111154,-20.13773471,0],[-44.1211105,-20.13773765,0],[-44.12110937,-20.13774171,0],[-44.12110503,-20.1377465,0],[-44.12110498,-20.13774662,0],[-44.12110494,-20.13774673,0],[-44.12110277,-20.13775359,0],[-44.12110272,-20.13775568,0],[-44.12110233,-20.13775816,0],[-44.12110112,-20.13776109,0],[-44.12110079,-20.13776471,0],[-44.12109985,-20.13776896,0],[-44.12109944,-20.13776986,0],[-44.1210982,-20.13777373,0],[-44.12109927,-20.13778277,0],[-44.121099,-20.13778633,0],[-44.12109843,-20.13778877,0],[-44.12109814,-20.1377918,0],[-44.121099,-20.1377954,0],[-44.12109965,-20.13779662,0],[-44.12110011,-20.13780084,0],[-44.12110187,-20.13780354,0],[-44.12110202,-20.13780737,0],[-44.12110279,-20.13780989,0],[-44.12110294,-20.13781153,0],[-44.12110445,-20.13781877,0],[-44.12110446,-20.13781894,0],[-44.12110435,-20.1378192,0],[-44.12110282,-20.13782631,0],[-44.12110128,-20.13782796,0],[-44.1211006,-20.13783169,0],[-44.12110028,-20.13783296,0],[-44.12109964,-20.13783699,0],[-44.12110122,-20.13784009,0],[-44.12110131,-20.13784303,0],[-44.12110258,-20.13784781,0],[-44.12110443,-20.13785315,0],[-44.12110538,-20.13785419,0],[-44.12110577,-20.13785509,0],[-44.12110632,-20.13785689,0],[-44.12110807,-20.13786066,0],[-44.12110874,-20.13786414,0],[-44.12110916,-20.13786863,0],[-44.12110916,-20.13786869,0],[-44.12110957,-20.13787318,0],[-44.12110896,-20.13787758,0],[-44.12110894,-20.13787782,0],[-44.12110838,-20.13788221,0],[-44.12110865,-20.13788637,0],[-44.12110861,-20.13788711,0],[-44.12110896,-20.13789125,0],[-44.12110816,-20.13789499,0],[-44.12110417,-20.13790005,0],[-44.12110411,-20.13790021,0],[-44.12110411,-20.13790031,0],[-44.12110417,-20.1379006,0],[-44.12110685,-20.13790674,0],[-44.1211067,-20.13790931,0],[-44.12110624,-20.13791132,0],[-44.12110407,-20.13791803,0],[-44.12110402,-20.13791828,0],[-44.12110402,-20.13791837,0],[-44.12110406,-20.13791907,0],[-44.12110507,-20.13792638,0],[-44.12110526,-20.13792737,0],[-44.12111086,-20.13792996,0],[-44.12111354,-20.13793507,0],[-44.12111433,-20.1379357,0],[-44.1211148,-20.13793645,0],[-44.12111894,-20.13794038,0],[-44.12111958,-20.13794223,0],[-44.12112132,-20.13794552,0],[-44.12112202,-20.1379465,0],[-44.12112302,-20.13794991,0],[-44.12112512,-20.13795259,0],[-44.12112642,-20.13795458,0],[-44.12113054,-20.1379565,0],[-44.12113254,-20.13795842,0],[-44.1211356,-20.13796077,0],[-44.12113689,-20.13796367,0],[-44.12114609,-20.13796894,0],[-44.12114818,-20.13797276,0],[-44.1211501,-20.13797417,0],[-44.12115158,-20.13797595,0],[-44.12115563,-20.137978,0],[-44.12115794,-20.13798185,0],[-44.12115998,-20.13798292,0],[-44.1211611,-20.13798387,0],[-44.12116457,-20.13798517,0],[-44.12116691,-20.13798543,0],[-44.12117064,-20.1379891,0],[-44.12117188,-20.13798978,0],[-44.12117263,-20.13799096,0],[-44.12117812,-20.13799293,0],[-44.12118018,-20.13799483,0],[-44.12118392,-20.1379965,0],[-44.12118628,-20.13800006,0],[-44.12118843,-20.13800128,0],[-44.1211897,-20.13800239,0],[-44.12119416,-20.13800432,0],[-44.12119468,-20.13800443,0],[-44.12119671,-20.13800676,0],[-44.12119898,-20.13800916,0],[-44.12119911,-20.13800927,0],[-44.12119923,-20.13800948,0],[-44.12120372,-20.13801396,0],[-44.12120599,-20.13801823,0],[-44.12120753,-20.13801938,0],[-44.12120873,-20.1380208,0],[-44.12121321,-20.13802306,0],[-44.12121694,-20.13802732,0],[-44.12121766,-20.13802789,0],[-44.12121826,-20.13802857,0],[-44.12122191,-20.1380308,0],[-44.12122338,-20.13803153,0],[-44.121226,-20.13803472,0],[-44.12122751,-20.13803641,0],[-44.12122767,-20.13803652,0],[-44.12122778,-20.13803661,0],[-44.12122806,-20.13803668,0],[-44.1212347,-20.13803893,0],[-44.12123733,-20.13803943,0],[-44.12124146,-20.13804038,0],[-44.12124259,-20.13804054,0],[-44.12124997,-20.13804264,0],[-44.12125335,-20.13804557,0],[-44.12125552,-20.13804644,0],[-44.12125642,-20.13804704,0],[-44.12126003,-20.13804903,0],[-44.12126168,-20.13804968,0],[-44.12126528,-20.13805404,0],[-44.12126585,-20.13805467,0],[-44.12126592,-20.1380547,0],[-44.12126595,-20.13805471,0],[-44.121266,-20.13805473,0],[-44.12127468,-20.1380555,0],[-44.12127551,-20.13805576,0],[-44.12127755,-20.13805666,0],[-44.12128204,-20.13805761,0],[-44.12128505,-20.13806123,0],[-44.12128694,-20.13806202,0],[-44.12128866,-20.13806382,0],[-44.12129298,-20.13806536,0],[-44.12129458,-20.13806698,0],[-44.12129858,-20.13806912,0],[-44.121301,-20.13807292,0],[-44.12130287,-20.13807409,0],[-44.1213041,-20.13807523,0],[-44.1213088,-20.13807755,0],[-44.12131243,-20.13808201,0],[-44.12131307,-20.13808254,0],[-44.12131362,-20.13808306,0],[-44.12131605,-20.13808433,0],[-44.12131936,-20.13808566,0],[-44.12132316,-20.13808914,0],[-44.12132462,-20.13808973,0],[-44.12132581,-20.13809111,0],[-44.12132944,-20.13809421,0],[-44.12133267,-20.13809925,0],[-44.12133331,-20.13809957,0],[-44.12133381,-20.13810019,0],[-44.12133933,-20.13810295,0],[-44.1213422,-20.13810596,0],[-44.12134426,-20.13810732,0],[-44.12134538,-20.13810928,0],[-44.12134803,-20.13811279,0],[-44.12134866,-20.13811544,0],[-44.12134986,-20.13811834,0],[-44.12134962,-20.13812029,0],[-44.12135003,-20.13812584,0],[-44.12134974,-20.13812738,0],[-44.12134901,-20.13812985,0],[-44.12135082,-20.13813569,0],[-44.121349,-20.13813641,0],[-44.12135113,-20.13813686,0],[-44.12135159,-20.13813681,0],[-44.12135184,-20.13813666,0],[-44.12135302,-20.13813643,0],[-44.12135831,-20.13813375,0],[-44.12136118,-20.13813381,0],[-44.12136424,-20.13813359,0],[-44.12136844,-20.13813433,0],[-44.1213739,-20.13813355,0],[-44.12137619,-20.13813265,0],[-44.12138032,-20.13813233,0],[-44.12138407,-20.13813304,0],[-44.12138622,-20.13813313,0],[-44.12138988,-20.13813367,0],[-44.12139352,-20.1381332,0],[-44.12139513,-20.13813255,0],[-44.12140902,-20.13813172,0],[-44.12141859,-20.13813159,0],[-44.12142324,-20.13813214,0],[-44.12142346,-20.13813218,0],[-44.12142815,-20.13813266,0],[-44.12143294,-20.1381323,0],[-44.12143773,-20.13813195,0],[-44.1214473,-20.13812997,0],[-44.12144927,-20.13812973,0],[-44.1214552,-20.13812948,0],[-44.12145688,-20.13812931,0],[-44.12145854,-20.13812949,0],[-44.12146376,-20.13813047,0],[-44.12146643,-20.13813072,0],[-44.121476,-20.13813103,0],[-44.12148555,-20.1381333,0],[-44.12148847,-20.13813434,0],[-44.12149279,-20.13813713,0],[-44.12149509,-20.13813815,0],[-44.12150464,-20.13814186,0],[-44.12150826,-20.13814282,0],[-44.12151269,-20.13814484,0],[-44.12151419,-20.13814539,0],[-44.12151494,-20.13814557,0],[-44.12151635,-20.13814628,0],[-44.12152771,-20.1381501,0],[-44.12152894,-20.13815046,0],[-44.121536,-20.13815284,0],[-44.12154109,-20.13815544,0],[-44.12154382,-20.13815639,0],[-44.12154964,-20.13815807,0],[-44.12155238,-20.13815912,0],[-44.12155584,-20.13816127,0],[-44.12155913,-20.13816456,0],[-44.12156191,-20.13816631,0],[-44.12156643,-20.13816889,0],[-44.12156677,-20.13816904,0],[-44.12157118,-20.13817366,0],[-44.12157143,-20.13817405,0],[-44.12157583,-20.13817855,0],[-44.12157833,-20.13818273,0],[-44.12157969,-20.13818393,0],[-44.12158094,-20.13818522,0],[-44.12158548,-20.13818749,0],[-44.12158882,-20.13819182,0],[-44.12158977,-20.13819247,0],[-44.12159046,-20.13819302,0],[-44.12159297,-20.13819421,0],[-44.12159648,-20.13819519,0],[-44.12159999,-20.13819928,0],[-44.12160103,-20.13819994,0],[-44.12160189,-20.13820092,0],[-44.12160709,-20.13820326,0],[-44.12160953,-20.13820546,0],[-44.12161246,-20.13820723,0],[-44.1216145,-20.13821002,0],[-44.12161713,-20.13821185,0],[-44.12161905,-20.13821369,0],[-44.12162295,-20.1382154,0],[-44.12162644,-20.13821912,0],[-44.12162778,-20.13821988,0],[-44.12162858,-20.13822069,0],[-44.12163267,-20.13822303,0],[-44.12163361,-20.13822342,0],[-44.12163484,-20.1382251,0],[-44.12163745,-20.13822821,0],[-44.12163778,-20.1382285,0],[-44.1216381,-20.13822883,0],[-44.12163979,-20.13822982,0],[-44.12164388,-20.13823179,0],[-44.12164762,-20.13823582,0],[-44.12164843,-20.13823653,0],[-44.12164898,-20.1382373,0],[-44.12165472,-20.13823964,0],[-44.12165716,-20.13824082,0],[-44.12166158,-20.13824222,0],[-44.12166299,-20.13824288,0],[-44.12166671,-20.13824437,0],[-44.12166815,-20.13824507,0],[-44.12166955,-20.13824644,0],[-44.12167388,-20.1382487,0],[-44.12167624,-20.13825043,0],[-44.12167968,-20.13825227,0],[-44.12168418,-20.13825555,0],[-44.12168514,-20.13825616,0],[-44.12168578,-20.13825645,0],[-44.12169043,-20.1382602,0],[-44.12169404,-20.13826463,0],[-44.12169446,-20.13826541,0],[-44.12169529,-20.13826674,0],[-44.12170296,-20.13827371,0],[-44.12170413,-20.13827436,0],[-44.12170481,-20.13827488,0],[-44.12171,-20.13827787,0],[-44.12171524,-20.13828195,0],[-44.12171627,-20.13828281,0],[-44.12172067,-20.13828587,0],[-44.12172387,-20.13828838,0],[-44.12172583,-20.13829003,0],[-44.12172747,-20.1382919,0],[-44.12173051,-20.13829465,0],[-44.12173339,-20.13829684,0],[-44.12173604,-20.13829847,0],[-44.12173885,-20.138301,0],[-44.1217408,-20.13830301,0],[-44.12174291,-20.13830564,0],[-44.12174462,-20.13830843,0],[-44.12174573,-20.13831007,0],[-44.12175241,-20.13831729,0],[-44.12175342,-20.13831818,0],[-44.12175436,-20.13831915,0],[-44.12175774,-20.13832313,0],[-44.12176152,-20.13832822,0],[-44.12176644,-20.13833299,0],[-44.12177122,-20.1383373,0],[-44.12177143,-20.13833747,0],[-44.12177694,-20.13834114,0],[-44.12178096,-20.13834421,0],[-44.1217823,-20.13834512,0],[-44.12178384,-20.1383464,0],[-44.12179156,-20.13835445,0],[-44.12179234,-20.13835548,0],[-44.12179999,-20.13836301,0],[-44.12180086,-20.13836374,0],[-44.12180175,-20.13836456,0],[-44.12180952,-20.13837057,0],[-44.12181141,-20.13837185,0],[-44.12181653,-20.13837605,0],[-44.12181904,-20.13837833,0],[-44.1218213,-20.13838059,0],[-44.12182535,-20.13838579,0],[-44.12182853,-20.13839132,0],[-44.12182875,-20.1383916,0],[-44.12182883,-20.1383918,0],[-44.12182899,-20.13839224,0],[-44.12183145,-20.13839806,0],[-44.12183226,-20.13840086,0],[-44.12183424,-20.13840445,0],[-44.1218369,-20.13840992,0],[-44.12183734,-20.13841054,0],[-44.12183799,-20.13841135,0],[-44.12184202,-20.13841515,0],[-44.12184488,-20.13841899,0],[-44.12184608,-20.13842035,0],[-44.12184749,-20.13842312,0],[-44.1218499,-20.13842577,0],[-44.12185114,-20.13842806,0],[-44.12185419,-20.13843074,0],[-44.12185699,-20.13843509,0],[-44.12185812,-20.13843606,0],[-44.12185874,-20.13843713,0],[-44.12186255,-20.13844091,0],[-44.12186466,-20.13844445,0],[-44.12186583,-20.1384462,0],[-44.12186605,-20.13844663,0],[-44.12186649,-20.13844738,0],[-44.12186987,-20.13845204,0],[-44.1218713,-20.13845527,0],[-44.12187279,-20.1384583,0],[-44.12187528,-20.13846432,0],[-44.12187556,-20.1384647,0],[-44.12187596,-20.13846513,0],[-44.12188112,-20.1384685,0],[-44.12188548,-20.13847262,0],[-44.12188593,-20.13847299,0],[-44.12189007,-20.13847811,0],[-44.12189274,-20.13848248,0],[-44.12189496,-20.13848855,0],[-44.12189665,-20.13849153,0],[-44.12190038,-20.13850059,0],[-44.1219013,-20.13850356,0],[-44.12190397,-20.13850923,0],[-44.12190414,-20.13850964,0],[-44.12190418,-20.13850986,0],[-44.12190441,-20.13851043,0],[-44.12190722,-20.13851601,0],[-44.12190959,-20.13851871,0],[-44.12191168,-20.13852082,0],[-44.1219139,-20.13852286,0],[-44.12191621,-20.13852558,0],[-44.1219178,-20.13852778,0],[-44.1219207,-20.13853037,0],[-44.12192342,-20.13853141,0],[-44.1219273,-20.13853319,0],[-44.12192956,-20.13853365,0],[-44.12193297,-20.13853473,0],[-44.12193531,-20.1385347,0],[-44.12193955,-20.1385341,0],[-44.12194254,-20.13853407,0],[-44.12194525,-20.1385344,0],[-44.1219521,-20.13853541,0],[-44.12195308,-20.13853607,0],[-44.12195415,-20.138537,0],[-44.12195824,-20.13854024,0],[-44.12196163,-20.13854333,0],[-44.12196281,-20.13854494,0],[-44.12196342,-20.13854608,0],[-44.12196631,-20.13855066,0],[-44.12196969,-20.13855515,0],[-44.12197524,-20.1385603,0],[-44.12197855,-20.13856423,0],[-44.12197955,-20.13856526,0],[-44.12198063,-20.1385662,0],[-44.12198331,-20.13856678,0],[-44.12198648,-20.13856777,0],[-44.12199453,-20.13856925,0],[-44.12199574,-20.13856956,0],[-44.12199974,-20.13857043,0],[-44.12200454,-20.13857339,0],[-44.12200928,-20.13857599,0],[-44.12201348,-20.1385785,0],[-44.12201881,-20.13858211,0],[-44.12201907,-20.13858226,0],[-44.1220194,-20.1385825,0],[-44.12202497,-20.13858573,0],[-44.12202835,-20.13858824,0],[-44.12203099,-20.1385891,0],[-44.12203744,-20.13859205,0],[-44.12203789,-20.1385924,0],[-44.122039,-20.13859268,0],[-44.12204551,-20.1385935,0],[-44.12204745,-20.13859423,0],[-44.12205101,-20.13859506,0],[-44.12205282,-20.13859566,0],[-44.122057,-20.13859642,0],[-44.12206009,-20.13859786,0],[-44.1220641,-20.13859848,0],[-44.12206783,-20.1385996,0],[-44.12207395,-20.13860085,0],[-44.12207561,-20.13860132,0],[-44.12207611,-20.13860137,0],[-44.122085,-20.13860025,0],[-44.12208677,-20.13859988,0],[-44.12209251,-20.13859834,0],[-44.12209526,-20.13859787,0],[-44.12209865,-20.13859778,0],[-44.12210193,-20.13859825,0],[-44.12210483,-20.13859813,0],[-44.12211441,-20.13859617,0],[-44.12212679,-20.13859472,0],[-44.12213175,-20.13859381,0],[-44.12213356,-20.13859357,0],[-44.12214311,-20.13859572,0],[-44.12214675,-20.13859777,0],[-44.12215234,-20.13860124,0],[-44.12215773,-20.13860549,0],[-44.1221615,-20.13861032,0],[-44.12216216,-20.13861126,0],[-44.12216641,-20.13861534,0],[-44.12216907,-20.13861939,0],[-44.12216992,-20.13862105,0],[-44.12217165,-20.13862521,0],[-44.12217292,-20.13862724,0],[-44.12217333,-20.13862845,0],[-44.12217378,-20.1386305,0],[-44.1221749,-20.13863438,0],[-44.12217548,-20.1386375,0],[-44.12217647,-20.1386419,0],[-44.12217651,-20.13864218,0],[-44.12217738,-20.13864654,0],[-44.12217818,-20.13864929,0],[-44.12218068,-20.13865524,0],[-44.12218087,-20.13865576,0],[-44.12218105,-20.13865603,0],[-44.12218473,-20.13866115,0],[-44.12218658,-20.13866466,0],[-44.12218823,-20.13866686,0],[-44.12219053,-20.1386706,0],[-44.12219397,-20.13867373,0],[-44.12219762,-20.13867606,0],[-44.12220006,-20.13867782,0],[-44.12220279,-20.13868022,0],[-44.12220524,-20.13868282,0],[-44.12220958,-20.13868572,0],[-44.12221288,-20.13868877,0],[-44.12221503,-20.13869191,0],[-44.12221598,-20.13869486,0],[-44.12221764,-20.13870096,0],[-44.12221789,-20.13870206,0],[-44.12221904,-20.13870603,0],[-44.12222022,-20.13870887,0],[-44.1222206,-20.13871001,0],[-44.12222089,-20.13871179,0],[-44.12222193,-20.13871626,0],[-44.12222232,-20.13871905,0],[-44.12222429,-20.1387281,0],[-44.12222597,-20.13873046,0],[-44.12222844,-20.13873512,0],[-44.12222925,-20.13873639,0],[-44.12222961,-20.13873716,0],[-44.12223296,-20.13874191,0],[-44.1222354,-20.13874622,0],[-44.12223579,-20.13874826,0],[-44.12223822,-20.13875496,0],[-44.1222384,-20.13875527,0],[-44.12224519,-20.13876434,0],[-44.12224601,-20.13876566,0],[-44.12224739,-20.13876864,0],[-44.12224992,-20.1387734,0],[-44.12225309,-20.13878245,0],[-44.1222545,-20.1387847,0],[-44.12225791,-20.1387905,0],[-44.12225823,-20.13879152,0],[-44.12225936,-20.13879393,0],[-44.12226083,-20.13879675,0],[-44.12226233,-20.13880057,0],[-44.12226369,-20.13880307,0],[-44.12226631,-20.13880728,0],[-44.12226799,-20.13880964,0],[-44.12226953,-20.13881271,0],[-44.12227058,-20.1388146,0],[-44.12227218,-20.13881869,0],[-44.1222736,-20.13882077,0],[-44.12227579,-20.13882283,0],[-44.12227998,-20.13882381,0],[-44.12228138,-20.13882402,0],[-44.12228534,-20.13882484,0],[-44.12228783,-20.13882546,0],[-44.12229483,-20.1388279,0],[-44.12229489,-20.13882794,0],[-44.12230018,-20.13883189,0],[-44.12230442,-20.13883535,0],[-44.12230527,-20.13883611,0],[-44.12230603,-20.13883693,0],[-44.12231532,-20.13884471,0],[-44.12231639,-20.13884602,0],[-44.1223202,-20.13884914,0],[-44.12232346,-20.13885116,0],[-44.12232643,-20.1388523,0],[-44.12233154,-20.13885374,0],[-44.12234106,-20.1388566,0],[-44.12234257,-20.138857,0],[-44.12234536,-20.13885785,0],[-44.12234867,-20.13885848,0],[-44.12235212,-20.13885998,0],[-44.12235599,-20.13886063,0],[-44.12235928,-20.13886205,0],[-44.12236167,-20.13886269,0],[-44.12236263,-20.13886342,0],[-44.12236331,-20.13886433,0],[-44.12236788,-20.13886749,0],[-44.12237119,-20.13887025,0],[-44.12238076,-20.13887044,0],[-44.12238345,-20.13887092,0],[-44.12238802,-20.1388713,0],[-44.12239032,-20.13887165,0],[-44.12239178,-20.13887213,0],[-44.12239962,-20.1388733,0],[-44.12239988,-20.13887336,0],[-44.12240003,-20.1388734,0],[-44.12240854,-20.13887444,0],[-44.12240944,-20.13887443,0],[-44.12241899,-20.13887756,0],[-44.12242853,-20.13888191,0],[-44.12242915,-20.13888215,0],[-44.12243551,-20.13888518,0],[-44.12243808,-20.13888624,0],[-44.12244272,-20.13888744,0],[-44.12244299,-20.13888744,0],[-44.12244763,-20.13888824,0],[-44.12245111,-20.13888859,0],[-44.12245387,-20.13888875,0],[-44.1224572,-20.13888906,0],[-44.12245972,-20.13888953,0],[-44.12246668,-20.13889189,0],[-44.12246675,-20.1388919,0],[-44.12247381,-20.13889434,0],[-44.1224763,-20.13889507,0],[-44.12248027,-20.13889578,0],[-44.12248176,-20.1388959,0],[-44.12248585,-20.13889683,0],[-44.1224954,-20.1389003,0],[-44.12249598,-20.13890058,0],[-44.12249692,-20.13890114,0],[-44.12250148,-20.13890443,0],[-44.12250493,-20.13890654,0],[-44.12250713,-20.13890814,0],[-44.12250974,-20.13891024,0],[-44.122512,-20.13891258,0],[-44.12251718,-20.13891931,0],[-44.12252084,-20.13892229,0],[-44.12252398,-20.13892325,0],[-44.12252853,-20.13892367,0],[-44.12252896,-20.13892369,0],[-44.12253354,-20.13892415,0],[-44.12253698,-20.13892519,0],[-44.12254288,-20.13892828,0],[-44.12254308,-20.13892837,0],[-44.12254316,-20.1389284,0],[-44.12254326,-20.13892847,0],[-44.12254902,-20.13893191,0],[-44.12255262,-20.13893363,0],[-44.12255586,-20.13893451,0],[-44.12256217,-20.13893596,0],[-44.12256325,-20.13893659,0],[-44.12256444,-20.13893762,0],[-44.1225689,-20.13894029,0],[-44.12257171,-20.13894159,0],[-44.12257575,-20.13894288,0],[-44.12257761,-20.13894326,0],[-44.12258126,-20.13894423,0],[-44.12258306,-20.13894504,0],[-44.12258442,-20.13894675,0],[-44.12258727,-20.1389501,0],[-44.12259078,-20.13895309,0],[-44.12259289,-20.13895384,0],[-44.12260032,-20.13895884,0],[-44.12260985,-20.13896462,0],[-44.12261009,-20.13896472,0],[-44.12261044,-20.13896495,0],[-44.12261547,-20.13896869,0],[-44.12261938,-20.13897204,0],[-44.1226204,-20.13897307,0],[-44.12262124,-20.13897404,0],[-44.1226289,-20.13897978,0],[-44.12263124,-20.13898091,0],[-44.12263732,-20.13898422,0],[-44.12264313,-20.13898777,0],[-44.12264797,-20.13899097,0],[-44.12264889,-20.13899138,0],[-44.12265058,-20.13899226,0],[-44.12265534,-20.13899435,0],[-44.12265751,-20.1389956,0],[-44.12266705,-20.13900058,0],[-44.12266762,-20.13900084,0],[-44.12267375,-20.1390041,0],[-44.1226766,-20.13900526,0],[-44.12268094,-20.13900637,0],[-44.12268615,-20.13900789,0],[-44.12269225,-20.13901054,0],[-44.12269433,-20.13901184,0],[-44.12269569,-20.1390123,0],[-44.12270523,-20.13901693,0],[-44.12270696,-20.13901801,0],[-44.12270912,-20.13901966,0],[-44.12271475,-20.13902631,0],[-44.122716,-20.13902753,0],[-44.12271745,-20.13902874,0],[-44.1227216,-20.1390313,0],[-44.12272428,-20.13903197,0],[-44.12272826,-20.13903255,0],[-44.1227296,-20.13903281,0],[-44.12273384,-20.13903335,0],[-44.12273679,-20.13903508,0],[-44.1227404,-20.13903789,0],[-44.12274136,-20.1390398,0],[-44.12274571,-20.13904472,0],[-44.12274813,-20.13904696,0],[-44.12274964,-20.13905003,0],[-44.12275134,-20.13905459,0],[-44.12275195,-20.13905602,0],[-44.12275206,-20.13905675,0],[-44.12275284,-20.13905817,0],[-44.12275576,-20.13906229,0],[-44.12275727,-20.13906508,0],[-44.12275875,-20.13906848,0],[-44.12276232,-20.13907376,0],[-44.12276247,-20.139074,0],[-44.12276258,-20.13907414,0],[-44.12276269,-20.13907449,0],[-44.12276339,-20.13908212,0],[-44.12276402,-20.13908318,0],[-44.12276413,-20.13908496,0],[-44.12276551,-20.13908912,0],[-44.12276563,-20.13909223,0],[-44.12276467,-20.13909455,0],[-44.12276219,-20.13909664,0],[-44.12276009,-20.13909927,0],[-44.12275941,-20.13910123,0],[-44.1227621,-20.1391129,0],[-44.12276362,-20.13911786,0],[-44.12276352,-20.13911932,0],[-44.12276593,-20.139123,0],[-44.12276632,-20.13912432,0],[-44.12276741,-20.13912441,0],[-44.12277159,-20.13912633,0],[-44.12277323,-20.13912685,0],[-44.12277546,-20.13912842,0],[-44.12277828,-20.13913112,0],[-44.12278222,-20.13913643,0],[-44.12278259,-20.13913749,0],[-44.12278617,-20.13914174,0],[-44.12278681,-20.13914293,0],[-44.12278902,-20.13914656,0],[-44.1227897,-20.13914742,0],[-44.12279254,-20.13915375,0],[-44.12279287,-20.13915561,0],[-44.12279449,-20.13915935,0],[-44.12279481,-20.13916062,0],[-44.12279815,-20.13916467,0],[-44.12279873,-20.13916595,0],[-44.12280007,-20.13916675,0],[-44.12280144,-20.13916598,0],[-44.122804,-20.1391647,0],[-44.12280966,-20.13916264,0],[-44.12281224,-20.13916231,0],[-44.12281629,-20.13916198,0],[-44.12281923,-20.13916156,0],[-44.12282122,-20.1391629,0],[-44.12282835,-20.13916482,0],[-44.12282862,-20.13916498,0],[-44.12282878,-20.13916504,0],[-44.12283303,-20.13916984,0],[-44.12283765,-20.13917391,0],[-44.12283794,-20.13917424,0],[-44.12283829,-20.13917493,0],[-44.12284072,-20.13918064,0],[-44.1228422,-20.13918296,0],[-44.12284623,-20.13919202,0],[-44.12284682,-20.13919292,0],[-44.12284775,-20.1391949,0],[-44.12285326,-20.13920109,0],[-44.12285415,-20.13920404,0],[-44.12285364,-20.13920672,0],[-44.12285412,-20.13921013,0],[-44.12285197,-20.13921421,0],[-44.12285139,-20.13921561,0],[-44.12284977,-20.13921915,0],[-44.12284999,-20.13922141,0],[-44.12284868,-20.13922712,0],[-44.1228489,-20.13922818,0],[-44.12285414,-20.13923101,0],[-44.12285711,-20.13923247,0],[-44.12286089,-20.1392318,0],[-44.12286369,-20.13923108,0],[-44.12286668,-20.13923046,0],[-44.12286975,-20.13923118,0],[-44.12287238,-20.13923194,0],[-44.12288023,-20.1392336,0],[-44.12288203,-20.13923382,0],[-44.1228858,-20.13923452,0],[-44.12288732,-20.13923596,0],[-44.12288823,-20.13923741,0],[-44.12289062,-20.13924185,0],[-44.12289334,-20.13924647,0],[-44.12289368,-20.13924799,0],[-44.12289471,-20.139255,0],[-44.12289481,-20.13925551,0],[-44.12289524,-20.13925686,0],[-44.12289781,-20.13926211,0],[-44.12289922,-20.13926457,0],[-44.12290208,-20.13926711,0],[-44.12290474,-20.13926859,0],[-44.12290831,-20.13927028,0],[-44.12291314,-20.13927367,0],[-44.12291428,-20.13927457,0],[-44.1229238,-20.13928133,0],[-44.12292459,-20.13928201,0],[-44.12292519,-20.13928277,0],[-44.12292557,-20.13928445,0],[-44.12292729,-20.13928849,0],[-44.12292774,-20.13929182,0],[-44.12292754,-20.13929542,0],[-44.12292707,-20.13929768,0],[-44.12292684,-20.13930085,0],[-44.12292706,-20.13930404,0],[-44.12292662,-20.13930709,0],[-44.12292692,-20.13930989,0],[-44.12292869,-20.13931414,0],[-44.12293084,-20.13931894,0],[-44.12293315,-20.13932157,0],[-44.12293658,-20.13932475,0],[-44.12293956,-20.13932802,0],[-44.12294136,-20.13932927,0],[-44.12294525,-20.13933462,0],[-44.12294877,-20.13934032,0],[-44.12295215,-20.13934529,0],[-44.12295259,-20.13934574,0],[-44.12295313,-20.13934616,0],[-44.12295815,-20.13934953,0],[-44.12296168,-20.13935106,0],[-44.12296536,-20.13935178,0],[-44.12296766,-20.13935188,0],[-44.12297124,-20.13935243,0],[-44.12297396,-20.13935273,0],[-44.12297797,-20.13935263,0],[-44.12298081,-20.13935288,0],[-44.12298421,-20.13935214,0],[-44.12298638,-20.13935157,0],[-44.12299039,-20.1393508,0],[-44.12299452,-20.13935149,0],[-44.1229963,-20.13935197,0],[-44.12299994,-20.1393527,0],[-44.12300214,-20.13935337,0],[-44.12300772,-20.13935547,0],[-44.12300904,-20.13935591,0],[-44.12301049,-20.13935643,0],[-44.12301635,-20.13935806,0],[-44.12301904,-20.1393592,0],[-44.12302365,-20.13936022,0],[-44.1230286,-20.13936125,0],[-44.12303734,-20.13936465,0],[-44.12303774,-20.13936504,0],[-44.12303814,-20.13936556,0],[-44.12304016,-20.13937176,0],[-44.12304065,-20.1393737,0],[-44.12304025,-20.13937574,0],[-44.12303926,-20.13938273,0],[-44.12303923,-20.13938385,0],[-44.12303764,-20.13939142,0],[-44.12303762,-20.13939176,0],[-44.1230374,-20.13939231,0],[-44.12303572,-20.13939868,0],[-44.12303455,-20.13940078,0],[-44.12303488,-20.13940366,0],[-44.12303699,-20.13940898,0],[-44.12303716,-20.13940983,0],[-44.12303745,-20.13941024,0],[-44.12303789,-20.13941116,0],[-44.12304072,-20.13941619,0],[-44.12304193,-20.13941889,0],[-44.12304399,-20.13942211,0],[-44.12304738,-20.13942528,0],[-44.12305168,-20.13942299,0],[-44.12305275,-20.13942292,0],[-44.12306655,-20.1394191,0],[-44.12306663,-20.13941909,0],[-44.12307536,-20.13941833,0],[-44.12307612,-20.1394183,0],[-44.12309528,-20.13941284,0],[-44.12309818,-20.13941287,0],[-44.12310271,-20.13941218,0],[-44.12310485,-20.1394122,0],[-44.12312324,-20.13942833,0],[-44.12313355,-20.13943729,0],[-44.12316911,-20.13946698,0],[-44.12317151,-20.13946902,0],[-44.12318103,-20.13947643,0],[-44.12319028,-20.13948314,0],[-44.12319056,-20.1394834,0],[-44.12319488,-20.13948783,0],[-44.12319832,-20.13949195,0],[-44.12320007,-20.13949468,0],[-44.12320528,-20.13950102,0],[-44.12320581,-20.13950459,0],[-44.12320689,-20.13950754,0],[-44.12320743,-20.13951007,0],[-44.12320841,-20.13951114,0],[-44.12321087,-20.13951783,0],[-44.12321069,-20.13951912,0],[-44.12321114,-20.13952069,0],[-44.12321273,-20.13952508,0],[-44.12321347,-20.13952817,0],[-44.1232126,-20.13953116,0],[-44.12321036,-20.13953628,0],[-44.12321004,-20.13953719,0],[-44.12320977,-20.13953754,0],[-44.12320603,-20.13954306,0],[-44.12320437,-20.1395462,0],[-44.12320247,-20.13954875,0],[-44.12319975,-20.13955178,0],[-44.12319335,-20.1395582,0],[-44.12319012,-20.13956191,0],[-44.12318893,-20.13956307,0],[-44.12318763,-20.13956419,0],[-44.12318052,-20.13956838,0],[-44.12317755,-20.13957037,0],[-44.12317086,-20.1395822,0],[-44.12316726,-20.1395878,0],[-44.12316469,-20.13959118,0],[-44.12316124,-20.13959449,0],[-44.12315809,-20.13959722,0],[-44.1231529,-20.13960135,0],[-44.12314837,-20.13960611,0],[-44.12314487,-20.13960915,0],[-44.1231433,-20.13961035,0],[-44.12314201,-20.13961155,0],[-44.12313811,-20.13961448,0],[-44.12313257,-20.13961812,0],[-44.12313248,-20.1396182,0],[-44.1231324,-20.13961833,0],[-44.12312924,-20.13962419,0],[-44.12312741,-20.13962713,0],[-44.12312544,-20.13962964,0],[-44.12312076,-20.13963426,0],[-44.12311802,-20.13963612,0],[-44.12311556,-20.13963838,0],[-44.12311314,-20.13964108,0],[-44.12311147,-20.13964356,0],[-44.12310947,-20.13964512,0],[-44.123106,-20.13964742,0],[-44.12310353,-20.1396493,0],[-44.12310097,-20.1396517,0],[-44.12309924,-20.1396541,0],[-44.12309389,-20.13966306,0],[-44.12309386,-20.1396631,0],[-44.12308994,-20.13966843,0],[-44.12308591,-20.13967211,0],[-44.12308517,-20.13967295,0],[-44.12308112,-20.13967817,0],[-44.12307714,-20.1396811,0],[-44.12307565,-20.13968204,0],[-44.12307464,-20.13968341,0],[-44.12307104,-20.13968672,0],[-44.12306965,-20.1396901,0],[-44.12306797,-20.13969287,0],[-44.12306425,-20.13969841,0],[-44.12306357,-20.1396991,0],[-44.12306077,-20.13970305,0],[-44.12306027,-20.13970369,0],[-44.12305807,-20.13970811,0],[-44.12305713,-20.13970978,0],[-44.12305534,-20.13971342,0],[-44.12305281,-20.13971712,0],[-44.12304974,-20.13972089,0],[-44.1230457,-20.13972541,0],[-44.12304537,-20.13972581,0],[-44.12304165,-20.13973134,0],[-44.12303856,-20.13973512,0],[-44.12303737,-20.13973634,0],[-44.12303607,-20.1397374,0],[-44.1230324,-20.13974069,0],[-44.12302677,-20.1397441,0],[-44.12302656,-20.13974419,0],[-44.12302646,-20.13974424,0],[-44.12302597,-20.13974456,0],[-44.12302051,-20.13974749,0],[-44.12301685,-20.1397526,0],[-44.12301668,-20.13975292,0],[-44.12301657,-20.13975308,0],[-44.12301663,-20.13975329,0],[-44.12301684,-20.13975354,0],[-44.12301963,-20.13975947,0],[-44.12302173,-20.13976649,0],[-44.12302264,-20.1397677,0],[-44.12302473,-20.13977119,0],[-44.12302525,-20.1397722,0],[-44.1230263,-20.13977333,0],[-44.12302942,-20.13977729,0],[-44.12303572,-20.13978028,0],[-44.12303579,-20.13978032,0],[-44.12303599,-20.13978044,0],[-44.12304131,-20.13978415,0],[-44.12304536,-20.1397856,0],[-44.12304763,-20.13978723,0],[-44.12305275,-20.1397894,0],[-44.12305404,-20.13979023,0],[-44.1230549,-20.1397906,0],[-44.12306034,-20.13979333,0],[-44.12306445,-20.13979515,0],[-44.12306639,-20.13979666,0],[-44.12306946,-20.13979852,0],[-44.12307188,-20.13980052,0],[-44.12307398,-20.13980185,0],[-44.12307781,-20.13980398,0],[-44.12308352,-20.13980664,0],[-44.1230917,-20.13980897,0],[-44.12309307,-20.13980923,0],[-44.12310262,-20.1398117,0],[-44.12311218,-20.1398129,0],[-44.12311679,-20.13981248,0],[-44.12311718,-20.1398125,0],[-44.12312176,-20.13981191,0],[-44.12312647,-20.13981242,0],[-44.12312664,-20.13981246,0],[-44.12313132,-20.1398131,0],[-44.12313507,-20.13981337,0],[-44.12313718,-20.13981344,0],[-44.12314088,-20.13981369,0],[-44.12314456,-20.1398135,0],[-44.12314653,-20.13981327,0],[-44.12315045,-20.13981309,0],[-44.12315408,-20.13981359,0],[-44.12315655,-20.13981376,0],[-44.12316001,-20.13981417,0],[-44.12316201,-20.13981516,0],[-44.12316871,-20.13981789,0],[-44.12316956,-20.13981804,0],[-44.1231757,-20.13982034,0],[-44.12317911,-20.13982181,0],[-44.12318239,-20.13982309,0],[-44.12318893,-20.13982597,0],[-44.1231894,-20.13982623,0],[-44.12319572,-20.13982861,0],[-44.1231982,-20.13982939,0],[-44.12321732,-20.13983239,0],[-44.12322688,-20.1398334,0],[-44.1232286,-20.13983384,0],[-44.12323578,-20.13983611,0],[-44.12325554,-20.13984128,0],[-44.1232585,-20.13984184,0],[-44.12326433,-20.13984396,0],[-44.12326509,-20.13984415,0],[-44.12326579,-20.13984402,0],[-44.1232728,-20.13984296,0],[-44.12327768,-20.13984189,0],[-44.12328084,-20.13984154,0],[-44.12328424,-20.13984048,0],[-44.12328758,-20.1398389,0],[-44.12329198,-20.13983752,0],[-44.12329383,-20.13983683,0],[-44.12329522,-20.13983711,0],[-44.12330191,-20.13983723,0],[-44.12330339,-20.13983772,0],[-44.12330738,-20.13984111,0],[-44.12331073,-20.1398449,0],[-44.12331122,-20.13984651,0],[-44.12331369,-20.13985318,0],[-44.12331659,-20.13985946,0],[-44.12332235,-20.13987029,0],[-44.12332312,-20.13987134,0],[-44.12332371,-20.13987208,0],[-44.12332701,-20.13987669,0],[-44.1233307,-20.13988115,0],[-44.12333117,-20.1398818,0],[-44.12333185,-20.13988241,0],[-44.12333678,-20.13988554,0],[-44.12334287,-20.13988883,0],[-44.1233449,-20.13989025,0],[-44.1233442,-20.13989294,0],[-44.1233451,-20.13989575,0],[-44.12334472,-20.13989929,0],[-44.12334612,-20.13990378,0],[-44.12334617,-20.1399039,0],[-44.12334784,-20.13990834,0],[-44.12334632,-20.13991258,0],[-44.1233463,-20.13991311,0],[-44.12334232,-20.13991735,0],[-44.12334164,-20.13991774,0],[-44.12334121,-20.13991832,0],[-44.12333858,-20.13992391,0],[-44.12333806,-20.13992636,0],[-44.1233348,-20.13992938,0],[-44.12333157,-20.13993106,0],[-44.12332821,-20.13993217,0],[-44.12332199,-20.13993455,0],[-44.12332144,-20.13993479,0],[-44.12332081,-20.1399352,0],[-44.12332215,-20.13993557,0],[-44.12363672,-20.14002374,0],[-44.12363721,-20.1400241,0],[-44.12363896,-20.1400256,0],[-44.12364204,-20.14002727,0],[-44.12364446,-20.14002944,0],[-44.12364674,-20.14003088,0],[-44.12364905,-20.14003414,0],[-44.1236525,-20.14003636,0],[-44.12365626,-20.14004005,0],[-44.12366079,-20.14004543,0],[-44.12366288,-20.14004818,0],[-44.12366576,-20.14005086,0],[-44.12366732,-20.14005302,0],[-44.12366822,-20.14005451,0],[-44.12367021,-20.14005876,0],[-44.12367037,-20.14005916,0],[-44.12367381,-20.14006494,0],[-44.12367741,-20.14007056,0],[-44.12367893,-20.14007263,0],[-44.12368081,-20.14007636,0],[-44.12368319,-20.14008169,0],[-44.12368482,-20.14009073,0],[-44.12368923,-20.14009979,0],[-44.12369108,-20.14010273,0],[-44.12369422,-20.14010878,0],[-44.12369425,-20.14010885,0],[-44.12370025,-20.14011792,0],[-44.12370124,-20.1401202,0],[-44.12370378,-20.14012681,0],[-44.12370382,-20.14012697,0],[-44.12370412,-20.14013601,0],[-44.12370401,-20.14013643,0],[-44.12370355,-20.14013758,0],[-44.12370203,-20.14014363,0],[-44.12370191,-20.14014503,0],[-44.12370167,-20.14014676,0],[-44.12370061,-20.14015135,0],[-44.12370029,-20.14015406,0],[-44.12370036,-20.14015697,0],[-44.12370077,-20.1401606,0],[-44.12370085,-20.1401631,0],[-44.12370153,-20.14016486,0],[-44.12370338,-20.1401675,0],[-44.12370569,-20.14016997,0],[-44.12370634,-20.14017216,0],[-44.12370852,-20.14017631,0],[-44.12371271,-20.14018106,0],[-44.12371285,-20.14018124,0],[-44.12371287,-20.14018128,0],[-44.12371733,-20.14018605,0],[-44.12372056,-20.1401903,0],[-44.12372155,-20.1401911,0],[-44.12372602,-20.1401959,0],[-44.12373186,-20.14020791,0],[-44.12373209,-20.14020821,0],[-44.12373766,-20.14022098,0],[-44.12373977,-20.14022654,0],[-44.12374008,-20.1402277,0],[-44.12374127,-20.14023559,0],[-44.12374479,-20.14024129,0],[-44.12374656,-20.14024465,0],[-44.12374852,-20.1402468,0],[-44.12375076,-20.14025068,0],[-44.12375201,-20.14025252,0],[-44.12375258,-20.14025371,0],[-44.12375472,-20.1402575,0],[-44.1237552,-20.14025853,0],[-44.12375878,-20.14026278,0],[-44.12375938,-20.1402636,0],[-44.12376025,-20.14026444,0],[-44.12376392,-20.14026835,0],[-44.12376876,-20.14027186,0],[-44.12376944,-20.14027218,0],[-44.12376977,-20.14027242,0],[-44.12377439,-20.14027655,0],[-44.12377929,-20.14028023,0],[-44.12377978,-20.1402805,0],[-44.12378036,-20.14028096,0],[-44.12378541,-20.14028422,0],[-44.12378883,-20.14028672,0],[-44.12379093,-20.14028805,0],[-44.12379836,-20.14029313,0],[-44.1238079,-20.14029744,0],[-44.12380906,-20.14029807,0],[-44.1238105,-20.14029918,0],[-44.12381463,-20.14030185,0],[-44.12381743,-20.14030341,0],[-44.12383443,-20.14030833,0],[-44.12383594,-20.14030891,0],[-44.12383654,-20.14030906,0],[-44.1238375,-20.14030926,0],[-44.12384324,-20.14031107,0],[-44.12384609,-20.14031151,0],[-44.12385077,-20.14031302,0],[-44.12385102,-20.14031308,0],[-44.12385564,-20.14031439,0],[-44.12385806,-20.1403152,0],[-44.12386463,-20.14031804,0],[-44.12386519,-20.14031821,0],[-44.12386639,-20.14031867,0],[-44.12387191,-20.14032024,0],[-44.12387474,-20.14032174,0],[-44.12388308,-20.14032665,0],[-44.12389092,-20.14032943,0],[-44.12389382,-20.14033079,0],[-44.1238975,-20.14033227,0],[-44.12390289,-20.14033578,0],[-44.12390984,-20.14033872,0],[-44.1239129,-20.14034023,0],[-44.12391672,-20.14034128,0],[-44.12392098,-20.14034352,0],[-44.12392245,-20.14034412,0],[-44.12392309,-20.14034431,0],[-44.12392435,-20.14034492,0],[-44.123932,-20.14034661,0],[-44.12394156,-20.14034768,0],[-44.12394547,-20.14034873,0],[-44.1239469,-20.14034903,0],[-44.12395112,-20.14035037,0],[-44.1239539,-20.14035146,0],[-44.12396065,-20.14035674,0],[-44.12396463,-20.14035942,0],[-44.12396968,-20.14036322,0],[-44.12396993,-20.14036346,0],[-44.12397018,-20.14036365,0],[-44.12397485,-20.14036784,0],[-44.12397877,-20.14037318,0],[-44.12397969,-20.14037412,0],[-44.12398359,-20.14037766,0],[-44.12398604,-20.14038137,0],[-44.12398752,-20.14038297,0],[-44.1239892,-20.14038403,0],[-44.12399383,-20.1403858,0],[-44.12399407,-20.14038585,0],[-44.12399874,-20.14038913,0],[-44.12399995,-20.14038933,0],[-44.12400787,-20.14039092,0],[-44.12401345,-20.1403947,0],[-44.12401973,-20.14039781,0],[-44.12402378,-20.14039963,0],[-44.12402601,-20.14040093,0],[-44.12402737,-20.14040143,0],[-44.12403214,-20.14040418,0],[-44.12403691,-20.14040712,0],[-44.12403991,-20.14040875,0],[-44.12404385,-20.14041123,0],[-44.12404644,-20.14041255,0],[-44.12405039,-20.14041411,0],[-44.12405262,-20.14041466,0],[-44.12405599,-20.14041572,0],[-44.12405776,-20.14041621,0],[-44.12406523,-20.14041761,0],[-44.12406574,-20.14041774,0],[-44.12406604,-20.14041792,0],[-44.12407242,-20.14042048,0],[-44.12407509,-20.1404218,0],[-44.12407909,-20.14042324,0],[-44.12408254,-20.14042504,0],[-44.12408464,-20.14042602,0],[-44.12408561,-20.14042613,0],[-44.12408942,-20.14042707,0],[-44.12409308,-20.14042814,0],[-44.12409419,-20.14042896,0],[-44.12409647,-20.14042926,0],[-44.12410344,-20.14042714,0],[-44.1241037,-20.14042708,0],[-44.12410377,-20.14042697,0],[-44.12410546,-20.14041967,0],[-44.12410549,-20.14041811,0],[-44.12410837,-20.14041385,0],[-44.12410854,-20.14041353,0],[-44.12411343,-20.14040957,0],[-44.12411402,-20.14040967,0],[-44.12412246,-20.14040967,0],[-44.124123,-20.14040983,0],[-44.12412345,-20.14040959,0],[-44.12412389,-20.14040917,0],[-44.12412934,-20.14040612,0],[-44.12413259,-20.14040513,0],[-44.12413614,-20.14040588,0],[-44.12414135,-20.14040851,0],[-44.12414214,-20.14040878,0],[-44.12414272,-20.14040872,0],[-44.12415112,-20.14040875,0],[-44.12415171,-20.14040865,0],[-44.12416129,-20.14040661,0],[-44.12416594,-20.14040473,0],[-44.12417089,-20.14040062,0],[-44.12417103,-20.1404005,0],[-44.12417126,-20.14040037,0],[-44.12418015,-20.14039138,0],[-44.12418039,-20.14039126,0],[-44.12418051,-20.14039113,0],[-44.12418087,-20.14039103,0],[-44.12418665,-20.14038816,0],[-44.12419009,-20.14038773,0],[-44.12419154,-20.14039006,0],[-44.12419627,-20.14039146,0],[-44.12419855,-20.1403925,0],[-44.12419963,-20.14039289,0],[-44.12420298,-20.14039734,0],[-44.12420826,-20.14039971,0],[-44.12420916,-20.14040023,0],[-44.12420936,-20.14040036,0],[-44.1242147,-20.14040437,0],[-44.1242187,-20.14040578,0],[-44.12422811,-20.14040969,0],[-44.12422819,-20.14040973,0],[-44.12422824,-20.14040975,0],[-44.12422837,-20.14040982,0],[-44.12423454,-20.14041279,0],[-44.12423778,-20.14041483,0],[-44.12424097,-20.14041576,0],[-44.12424533,-20.14041881,0],[-44.12424666,-20.14041944,0],[-44.12424732,-20.14041982,0],[-44.12424918,-20.14042059,0],[-44.12425386,-20.1404217,0],[-44.12426147,-20.14042792,0],[-44.124265,-20.14042926,0],[-44.1242664,-20.14042987,0],[-44.12426979,-20.14043118,0],[-44.12427183,-20.14043186,0],[-44.12427594,-20.14043376,0],[-44.12427839,-20.14043473,0],[-44.12428234,-20.14043706,0],[-44.12428548,-20.14043851,0],[-44.12429504,-20.1404411,0],[-44.12429957,-20.1404419,0],[-44.12430751,-20.14044347,0],[-44.12431508,-20.14044538,0],[-44.12431724,-20.14044627,0],[-44.12432225,-20.14044768,0],[-44.1243237,-20.14044786,0],[-44.12433326,-20.1404495,0],[-44.12434283,-20.14044938,0],[-44.12435239,-20.14045084,0],[-44.1243564,-20.14045171,0],[-44.12435893,-20.14045266,0],[-44.12436194,-20.14045353,0],[-44.12436339,-20.14045418,0],[-44.12436605,-20.14045555,0],[-44.12437006,-20.14045692,0],[-44.12437149,-20.14045734,0],[-44.12438408,-20.14045851,0],[-44.12438747,-20.14045863,0],[-44.12439061,-20.1404589,0],[-44.12439478,-20.14046079,0],[-44.12440015,-20.14046356,0],[-44.12440312,-20.14046477,0],[-44.1244097,-20.14046707,0],[-44.12441409,-20.1404697,0],[-44.12441923,-20.1404738,0],[-44.12441928,-20.14047384,0],[-44.12441932,-20.14047389,0],[-44.12442439,-20.14047805,0],[-44.12442876,-20.14048056,0],[-44.12443056,-20.14048127,0],[-44.12443403,-20.140483,0],[-44.1244349,-20.14048622,0],[-44.12443827,-20.14049149,0],[-44.12443853,-20.14049181,0],[-44.12443885,-20.14049206,0],[-44.12444324,-20.14049639,0],[-44.12444779,-20.14049939,0],[-44.12444899,-20.14050001,0],[-44.1244523,-20.14050116,0],[-44.12445578,-20.14050265,0],[-44.12445734,-20.14050311,0],[-44.12445994,-20.14050367,0],[-44.12446332,-20.14050459,0],[-44.12446689,-20.14050525,0],[-44.12447166,-20.1405058,0],[-44.1244717,-20.1405058,0],[-44.12447646,-20.14050627,0],[-44.12448067,-20.14050635,0],[-44.12448176,-20.14050632,0],[-44.12448602,-20.14050639,0],[-44.12449058,-20.14050609,0],[-44.12449099,-20.14050604,0],[-44.12449559,-20.14050575,0],[-44.12450013,-20.14050569,0],[-44.12450056,-20.14050574,0],[-44.12450516,-20.1405057,0],[-44.12450944,-20.14050644,0],[-44.12451051,-20.14050651,0],[-44.12451472,-20.14050711,0],[-44.12451876,-20.14050671,0],[-44.12452066,-20.14050712,0],[-44.12452429,-20.14050633,0],[-44.12452718,-20.14050425,0],[-44.12453308,-20.14050156,0],[-44.12453389,-20.14050125,0],[-44.12453462,-20.14050088,0],[-44.12453766,-20.14049968,0],[-44.12454033,-20.14049863,0],[-44.12454348,-20.14049611,0],[-44.12454532,-20.14049431,0],[-44.12454599,-20.14049259,0],[-44.12454948,-20.1404892,0],[-44.12455311,-20.14048499,0],[-44.12455445,-20.14048486,0],[-44.12456174,-20.14048452,0],[-44.12456268,-20.14048444,0],[-44.12456889,-20.14048683,0],[-44.12457612,-20.14048907,0],[-44.12458358,-20.14049108,0],[-44.12459106,-20.14049255,0],[-44.12459134,-20.14049262,0],[-44.1245915,-20.14049267,0],[-44.12459203,-20.14049282,0],[-44.12459815,-20.14049544,0],[-44.12460089,-20.14049642,0],[-44.12460488,-20.14049814,0],[-44.12460711,-20.14049878,0],[-44.12461044,-20.14049994,0],[-44.12461194,-20.14050054,0],[-44.12461626,-20.14050198,0],[-44.12461998,-20.14050378,0],[-44.12462527,-20.14050605,0],[-44.12462953,-20.14050767,0],[-44.12463221,-20.14050855,0],[-44.12463377,-20.14050882,0],[-44.12463727,-20.14050941,0],[-44.12463908,-20.14050987,0],[-44.12464,-20.14051026,0],[-44.12464472,-20.14051116,0],[-44.12464746,-20.14051228,0],[-44.12464863,-20.14051264,0],[-44.12465323,-20.14051587,0],[-44.12465367,-20.14051597,0],[-44.12465817,-20.14051771,0],[-44.12465985,-20.14051868,0],[-44.12466507,-20.14052029,0],[-44.12466671,-20.14052125,0],[-44.12466772,-20.14052166,0],[-44.12466797,-20.14052187,0],[-44.12467086,-20.1405181,0],[-44.12467758,-20.14050932,0],[-44.12468431,-20.14050053,0],[-44.12469103,-20.14049174,0],[-44.12469775,-20.14048295,0],[-44.12470448,-20.14047416,0],[-44.1247112,-20.14046537,0],[-44.12471792,-20.14045658,0],[-44.12472465,-20.1404478,0],[-44.12473137,-20.14043901,0],[-44.12473586,-20.14043315,0],[-44.1247381,-20.14043022,0],[-44.12474483,-20.14042144,0],[-44.12475155,-20.14041265,0],[-44.12475828,-20.14040386,0],[-44.124765,-20.14039507,0],[-44.12477172,-20.14038628,0],[-44.12477274,-20.14038496,0],[-44.12477845,-20.14037749,0],[-44.12478517,-20.1403687,0],[-44.12479189,-20.14035992,0],[-44.12479862,-20.14035113,0],[-44.12479969,-20.14034971,0],[-44.12480534,-20.14034234,0],[-44.12481206,-20.14033355,0],[-44.12481879,-20.14032476,0],[-44.12482551,-20.14031597,0],[-44.12483224,-20.14030718,0],[-44.12483896,-20.1402984,0],[-44.12484568,-20.14028961,0],[-44.12485241,-20.14028082,0],[-44.12485913,-20.14027203,0],[-44.12486585,-20.14026324,0],[-44.12487258,-20.14025445,0],[-44.1248793,-20.14024566,0],[-44.12488603,-20.14023688,0],[-44.12489275,-20.14022809,0],[-44.12489947,-20.1402193,0],[-44.1249062,-20.14021051,0],[-44.12491292,-20.14020172,0],[-44.12491964,-20.14019293,0],[-44.12492637,-20.14018414,0],[-44.12493309,-20.14017535,0],[-44.12493982,-20.14016657,0],[-44.12494266,-20.14016285,0],[-44.12494912,-20.1401544,0],[-44.12495326,-20.14014899,0],[-44.12495999,-20.1401402,0],[-44.12496671,-20.14013141,0],[-44.12497343,-20.14012262,0],[-44.12498015,-20.14011383,0],[-44.12498688,-20.14010504,0],[-44.1249936,-20.14009626,0],[-44.12500033,-20.14008747,0],[-44.12500705,-20.14007868,0],[-44.12501377,-20.14006989,0],[-44.1250205,-20.1400611,0],[-44.12503394,-20.14004352,0],[-44.12503614,-20.14004066,0],[-44.12504122,-20.14003402,0],[-44.12503959,-20.14003199,0]]]]}},{"type": "Feature","properties": {"classe": "Estrutura de Contenção","descricao": "BH-0"},"geometry": {"type": "MultiPolygon","coordinates": [[[[-44.12461286,-20.14066453,0],[-44.12460938,-20.14066231,0],[-44.12455391,-20.14062695,0],[-44.12446899,-20.14058015,0],[-44.12438446,-20.14053848,0],[-44.12430007,-20.14049896,0],[-44.12422912,-20.14046124,0],[-44.12413599,-20.14044096,0],[-44.12410772,-20.14042798,0],[-44.12406963,-20.14041049,0],[-44.12406208,-20.14040703,0],[-44.12405193,-20.14040236,0],[-44.12395947,-20.14036646,0],[-44.12387391,-20.1403176,0],[-44.12378761,-20.14025465,0],[-44.12374438,-20.14018872,0],[-44.12374431,-20.14018861,0],[-44.12373757,-20.14017832,0],[-44.12368802,-20.14010636,0],[-44.12366822,-20.14008272,0],[-44.12363788,-20.1400465,0],[-44.12362993,-20.140037,0],[-44.12360633,-20.14001851,0],[-44.1235999,-20.14001347,0],[-44.12359201,-20.14000729,0],[-44.12355208,-20.13997601,0],[-44.12353894,-20.13996671,0],[-44.12350647,-20.14000688,0],[-44.12349119,-20.14002579,0],[-44.12354615,-20.14008995,0],[-44.12358069,-20.14013324,0],[-44.12362411,-20.14019467,0],[-44.12363629,-20.14022149,0],[-44.12364937,-20.14025977,0],[-44.12370765,-20.1403416,0],[-44.12382446,-20.14041308,0],[-44.12386679,-20.14046992,0],[-44.12412142,-20.14053648,0],[-44.12417115,-20.1406,0],[-44.12419476,-20.14061058,0],[-44.12427236,-20.14064537,0],[-44.12431758,-20.14068054,0],[-44.12438843,-20.14071334,0],[-44.12444079,-20.14075131,0],[-44.12450556,-20.14077862,0],[-44.12454859,-20.14080417,0],[-44.12459593,-20.14082824,0],[-44.12464063,-20.14085688,0],[-44.12469795,-20.14089674,0],[-44.12473199,-20.1409279,0],[-44.12481931,-20.14099847,0],[-44.12490138,-20.14105724,0],[-44.12494667,-20.14109643,0],[-44.12501814,-20.14116205,0],[-44.12505926,-20.14118073,0],[-44.12512213,-20.14117784,0],[-44.12515857,-20.14115443,0],[-44.12517162,-20.14111672,0],[-44.12512196,-20.14109356,0],[-44.12506226,-20.14104413,0],[-44.12500401,-20.14098893,0],[-44.12498484,-20.14097186,0],[-44.12493443,-20.14092698,0],[-44.1248726,-20.14087034,0],[-44.12479533,-20.14079315,0],[-44.12471817,-20.14073435,0],[-44.12463607,-20.14067933,0],[-44.12461286,-20.14066453,0]]]]}},{"type": "Feature","properties": {"classe": "Estrutura de Contenção","descricao": "Barreiras Estabilizantes de Calhas - BEC"},"geometry": {"type": "MultiPolygon","coordinates": [[[[-44.12032154,-20.13107079,0],[-44.12036351,-20.13108016,0],[-44.12037338,-20.13106375,0],[-44.1203872,-20.13105436,0],[-44.12039791,-20.13103855,0],[-44.12041258,-20.13101674,0],[-44.12042815,-20.13098302,0],[-44.12043272,-20.13095245,0],[-44.12042469,-20.13093678,0],[-44.12041112,-20.13092582,0],[-44.12038462,-20.13092242,0],[-44.12035509,-20.13091214,0],[-44.12034211,-20.13090646,0],[-44.1203311,-20.13090165,0],[-44.12031438,-20.13089434,0],[-44.12029852,-20.13086993,0],[-44.1202767,-20.13088356,0],[-44.12024849,-20.13089772,0],[-44.12023542,-20.13090523,0],[-44.1202299,-20.13092355,0],[-44.12022399,-20.13094032,0],[-44.12022735,-20.13096444,0],[-44.12023255,-20.13098146,0],[-44.12024103,-20.13100354,0],[-44.12024668,-20.13101961,0],[-44.12023995,-20.1310419,0],[-44.12027235,-20.13106356,0],[-44.12032154,-20.13107079,0]]]]}},{"type": "Feature","properties": {"classe": "Estrutura de Contenção","descricao": "Barreiras Estabilizantes de Calhas - BEC"},"geometry": {"type": "MultiPolygon","coordinates": [[[[-44.122803,-20.12579357,0],[-44.12277066,-20.1257945,0],[-44.12276636,-20.12579445,0],[-44.12275943,-20.12579685,0],[-44.12274138,-20.12580835,0],[-44.12273255,-20.12583258,0],[-44.12272795,-20.12584579,0],[-44.12273028,-20.12588094,0],[-44.12274356,-20.1259074,0],[-44.12274769,-20.12591561,0],[-44.12275961,-20.12593342,0],[-44.12276972,-20.12594706,0],[-44.12278106,-20.12596828,0],[-44.12279525,-20.1259953,0],[-44.1228338,-20.12599185,0],[-44.12285086,-20.12596325,0],[-44.12287264,-20.12595349,0],[-44.1228758,-20.12592141,0],[-44.12287574,-20.12590191,0],[-44.12287565,-20.12588272,0],[-44.12287994,-20.12586757,0],[-44.1228787,-20.12584195,0],[-44.12284616,-20.12581405,0],[-44.12283632,-20.12578303,0],[-44.122803,-20.12579357,0]]]]}},{"type": "Feature","properties": {"classe": "Estrutura de Contenção","descricao": "Barreiras Estabilizantes de Calhas - BEC"},"geometry": {"type": "MultiPolygon","coordinates": [[[[-44.12298928,-20.12515276,0],[-44.12301712,-20.12516016,0],[-44.12302923,-20.12515259,0],[-44.12305607,-20.1251453,0],[-44.12307459,-20.12513999,0],[-44.12309884,-20.12513343,0],[-44.12311619,-20.12512278,0],[-44.12312171,-20.12512036,0],[-44.12313392,-20.12511229,0],[-44.1231964,-20.12509332,0],[-44.12315415,-20.12504384,0],[-44.12313922,-20.12503785,0],[-44.12311009,-20.12502644,0],[-44.12308223,-20.12499904,0],[-44.12306437,-20.12498676,0],[-44.12302428,-20.12499231,0],[-44.12299936,-20.12499705,0],[-44.12298518,-20.125007,0],[-44.12298781,-20.1250167,0],[-44.12298393,-20.12502988,0],[-44.12297845,-20.12505031,0],[-44.12297504,-20.1250665,0],[-44.12295846,-20.12511665,0],[-44.12298928,-20.12515276,0]]]]}},{"type": "Feature","properties": {"classe": "Estrutura de Contenção","descricao": "Barreiras Estabilizantes de Calhas - BEC"},"geometry": {"type": "MultiPolygon","coordinates": [[[[-44.12326035,-20.12447856,0],[-44.12329099,-20.12448122,0],[-44.12330968,-20.12446997,0],[-44.12331924,-20.124437,0],[-44.12334911,-20.12440191,0],[-44.12338118,-20.12436657,0],[-44.12337647,-20.12433035,0],[-44.1233542,-20.12429615,0],[-44.1233307,-20.12426475,0],[-44.12328424,-20.12425714,0],[-44.12325678,-20.12424982,0],[-44.12323455,-20.12425181,0],[-44.12323213,-20.12427383,0],[-44.12321802,-20.12429527,0],[-44.12319649,-20.12431784,0],[-44.12319271,-20.1243557,0],[-44.12321416,-20.12440364,0],[-44.12323657,-20.12443729,0],[-44.1232404,-20.12447027,0],[-44.12326035,-20.12447856,0]]]]}},{"type": "Feature","properties": {"classe": "Estrutura de Contenção","descricao": "Barreiras Estabilizantes de Calhas - BEC"},"geometry": {"type": "MultiPolygon","coordinates": [[[[-44.12302332,-20.12324851,0],[-44.1230076,-20.12325688,0],[-44.12299429,-20.12326163,0],[-44.12298132,-20.12326551,0],[-44.12299268,-20.12328685,0],[-44.12299376,-20.12330292,0],[-44.12299306,-20.12332398,0],[-44.12301659,-20.12336459,0],[-44.12303242,-20.12336903,0],[-44.12303664,-20.123384,0],[-44.12304129,-20.12340304,0],[-44.12304875,-20.12340674,0],[-44.12306812,-20.12343205,0],[-44.12308658,-20.12345426,0],[-44.12310884,-20.12346597,0],[-44.12310837,-20.12350667,0],[-44.12315318,-20.12350152,0],[-44.1231452,-20.12348277,0],[-44.12314665,-20.12344994,0],[-44.12315964,-20.12342299,0],[-44.12319343,-20.12339202,0],[-44.12318159,-20.12335116,0],[-44.12319745,-20.12334383,0],[-44.12319853,-20.12332619,0],[-44.12317635,-20.12329598,0],[-44.12317872,-20.12325588,0],[-44.12317563,-20.12324123,0],[-44.12316316,-20.12324065,0],[-44.12315484,-20.12324081,0],[-44.12314175,-20.12324106,0],[-44.12313322,-20.12324721,0],[-44.12311011,-20.12325231,0],[-44.12309119,-20.12324527,0],[-44.12308562,-20.12324213,0],[-44.12308393,-20.12323317,0],[-44.12306731,-20.12321964,0],[-44.12303971,-20.12322274,0],[-44.12303625,-20.12324227,0],[-44.12302332,-20.12324851,0]]]]}},{"type": "Feature","properties": {"classe": "Estrutura de Contenção","descricao": "Barreiras Estabilizantes de Calhas - BEC"},"geometry": {"type": "MultiPolygon","coordinates": [[[[-44.12297381,-20.12306884,0],[-44.12300633,-20.12308933,0],[-44.12304427,-20.12307282,0],[-44.1230575,-20.12304363,0],[-44.12308503,-20.12301775,0],[-44.12308853,-20.12298518,0],[-44.12308737,-20.12295987,0],[-44.12309005,-20.12293718,0],[-44.12307406,-20.12292829,0],[-44.12308313,-20.12291254,0],[-44.12305215,-20.12287722,0],[-44.12304234,-20.1228681,0],[-44.12303746,-20.12286356,0],[-44.12302226,-20.12284943,0],[-44.12299711,-20.12285417,0],[-44.12296302,-20.12286863,0],[-44.12295608,-20.12289341,0],[-44.1229319,-20.12292904,0],[-44.12292851,-20.12295634,0],[-44.12293791,-20.12297606,0],[-44.12295709,-20.12300185,0],[-44.12295105,-20.12302245,0],[-44.12296357,-20.1230591,0],[-44.12297381,-20.12306884,0]]]]}},{"type": "Feature","properties": {"classe": "Estrutura de Contenção","descricao": "Barreiras Estabilizantes de Calhas - BEC"},"geometry": {"type": "MultiPolygon","coordinates": [[[[-44.12292844,-20.12262815,0],[-44.12294061,-20.12265384,0],[-44.12299507,-20.12264983,0],[-44.12301049,-20.12261504,0],[-44.12302562,-20.12260931,0],[-44.12305913,-20.12256825,0],[-44.12312556,-20.12255836,0],[-44.1231498,-20.12255468,0],[-44.123099,-20.1224583,0],[-44.12307351,-20.12241185,0],[-44.1230669,-20.12240867,0],[-44.12303925,-20.12240463,0],[-44.12301255,-20.12238972,0],[-44.12299172,-20.12238914,0],[-44.12296121,-20.12238829,0],[-44.12293311,-20.12238787,0],[-44.12292881,-20.12239073,0],[-44.12288166,-20.12242252,0],[-44.12286253,-20.12244637,0],[-44.12284658,-20.12247246,0],[-44.1228308,-20.122495,0],[-44.12279485,-20.12252701,0],[-44.12279664,-20.12254619,0],[-44.12280309,-20.12255904,0],[-44.12283084,-20.12258113,0],[-44.12288581,-20.12259286,0],[-44.12290286,-20.1226094,0],[-44.12292844,-20.12262815,0]]]]}},{"type": "Feature","properties": {"classe": "Estrutura de Contenção","descricao": "Barreiras Estabilizantes de Calhas - BEC"},"geometry": {"type": "MultiPolygon","coordinates": [[[[-44.12309906,-20.12214194,0],[-44.12313404,-20.12217297,0],[-44.12317003,-20.1221538,0],[-44.12319189,-20.12215749,0],[-44.12322846,-20.12216501,0],[-44.12326119,-20.12216671,0],[-44.12328453,-20.12216595,0],[-44.1233096,-20.12216087,0],[-44.12333434,-20.12214037,0],[-44.12334004,-20.1221161,0],[-44.12334785,-20.12209357,0],[-44.12335555,-20.12206058,0],[-44.12334324,-20.12204121,0],[-44.12332187,-20.12203894,0],[-44.12330152,-20.12202834,0],[-44.12329006,-20.12200915,0],[-44.12328158,-20.12198598,0],[-44.12324349,-20.12198549,0],[-44.12322151,-20.12199199,0],[-44.12321643,-20.1219959,0],[-44.12319989,-20.12200863,0],[-44.12319138,-20.12201518,0],[-44.12316051,-20.12205289,0],[-44.12314667,-20.12208292,0],[-44.12313889,-20.1221041,0],[-44.12309906,-20.12214194,0]]]]}},{"type": "Feature","properties": {"classe": "Estrutura de Contenção","descricao": "Barreiras Estabilizantes de Calhas - BEC"},"geometry": {"type": "MultiPolygon","coordinates": [[[[-44.12263176,-20.1219812,0],[-44.12265983,-20.12200051,0],[-44.1226986,-20.12200013,0],[-44.12273395,-20.12195824,0],[-44.12275332,-20.12194063,0],[-44.12277029,-20.12190891,0],[-44.12277285,-20.12185782,0],[-44.12274807,-20.12183078,0],[-44.12274701,-20.12183014,0],[-44.12273185,-20.12182101,0],[-44.12270668,-20.12180586,0],[-44.12267604,-20.12179838,0],[-44.12266419,-20.12180895,0],[-44.12265913,-20.1218239,0],[-44.12265004,-20.1218428,0],[-44.1226385,-20.12185798,0],[-44.12264168,-20.12188556,0],[-44.12264826,-20.12191353,0],[-44.12263526,-20.12193768,0],[-44.12263176,-20.1219812,0]]]]}},{"type": "Feature","properties": {"classe": "Estrutura de Contenção","descricao": "Barreiras Estabilizantes de Calhas - BEC"},"geometry": {"type": "MultiPolygon","coordinates": [[[[-44.12303463,-20.12174484,0],[-44.12305016,-20.12176069,0],[-44.12307288,-20.12174669,0],[-44.1230988,-20.12173654,0],[-44.12312129,-20.12172543,0],[-44.12314607,-20.1217113,0],[-44.123163,-20.12168853,0],[-44.12319031,-20.12166813,0],[-44.1232372,-20.12163896,0],[-44.12325976,-20.12161347,0],[-44.12327569,-20.12158968,0],[-44.12325835,-20.12156315,0],[-44.12324722,-20.12152655,0],[-44.12321155,-20.12150249,0],[-44.12318165,-20.12148526,0],[-44.12315862,-20.12148967,0],[-44.1231178,-20.12150429,0],[-44.12310127,-20.12151966,0],[-44.12307265,-20.12152486,0],[-44.12305616,-20.12153621,0],[-44.12304997,-20.1215497,0],[-44.12305199,-20.12156816,0],[-44.12303611,-20.12159609,0],[-44.12301961,-20.12162068,0],[-44.12301515,-20.12164617,0],[-44.12301964,-20.12168292,0],[-44.12303463,-20.12174484,0]]]]}},{"type": "Feature","properties": {"classe": "Estrutura de Contenção","descricao": "Barreiras Estabilizantes de Calhas - BEC"},"geometry": {"type": "MultiPolygon","coordinates": [[[[-44.12240227,-20.12156987,0],[-44.12240713,-20.12159942,0],[-44.12243112,-20.12159724,0],[-44.12247005,-20.1215999,0],[-44.12246173,-20.12156499,0],[-44.12247432,-20.1215452,0],[-44.12248357,-20.1215144,0],[-44.12247841,-20.12148371,0],[-44.12248472,-20.12143666,0],[-44.12247575,-20.12140452,0],[-44.12244851,-20.12138757,0],[-44.12240442,-20.12136951,0],[-44.12236001,-20.12137736,0],[-44.12233942,-20.1213958,0],[-44.12230328,-20.12144386,0],[-44.12228926,-20.12148871,0],[-44.12230471,-20.12151867,0],[-44.12231784,-20.12153987,0],[-44.12235592,-20.12154586,0],[-44.12238297,-20.12155079,0],[-44.12240227,-20.12156987,0]]]]}},{"type": "Feature","properties": {"classe": "Estrutura de Contenção","descricao": "Barreiras Estabilizantes de Calhas - BEC"},"geometry": {"type": "MultiPolygon","coordinates": [[[[-44.12179699,-20.12070116,0],[-44.12179056,-20.12070154,0],[-44.12176523,-20.12070122,0],[-44.12172327,-20.12069803,0],[-44.12171493,-20.12073972,0],[-44.12169765,-20.12078021,0],[-44.12168504,-20.12080887,0],[-44.12169967,-20.12085334,0],[-44.12172206,-20.12091152,0],[-44.12173823,-20.12093507,0],[-44.12177207,-20.12094861,0],[-44.12180907,-20.12094278,0],[-44.12186164,-20.12093728,0],[-44.12189887,-20.12092832,0],[-44.12192139,-20.12091404,0],[-44.12195828,-20.12090745,0],[-44.12200464,-20.12092244,0],[-44.12202515,-20.12091366,0],[-44.12204373,-20.12089154,0],[-44.12204274,-20.12084809,0],[-44.1219637,-20.12081759,0],[-44.12191781,-20.1207857,0],[-44.12191905,-20.12074737,0],[-44.12191342,-20.12074169,0],[-44.12188443,-20.12071248,0],[-44.12183509,-20.12068806,0],[-44.1218309,-20.12068665,0],[-44.12181798,-20.1206836,0],[-44.12179699,-20.12070116,0]]]]}},{"type": "Feature","properties": {"classe": "Estrutura de Contenção","descricao": "Barreiras Estabilizantes de Calhas - BEC"},"geometry": {"type": "MultiPolygon","coordinates": [[[[-44.15487644,-20.15414257,0],[-44.15482761,-20.15410072,0],[-44.15481284,-20.15405419,0],[-44.15476285,-20.15407002,0],[-44.15471433,-20.15407142,0],[-44.15470789,-20.15407135,0],[-44.15469749,-20.15407494,0],[-44.15467041,-20.15409221,0],[-44.15465717,-20.15412855,0],[-44.15465027,-20.15414837,0],[-44.15465378,-20.15420109,0],[-44.15467991,-20.15425309,0],[-44.15469781,-20.15427981,0],[-44.15471298,-20.15430026,0],[-44.15472999,-20.15433208,0],[-44.15475129,-20.15437262,0],[-44.15480913,-20.15436743,0],[-44.15483471,-20.15432452,0],[-44.15486739,-20.15430988,0],[-44.15487212,-20.15426176,0],[-44.15487202,-20.15423251,0],[-44.15487188,-20.15420372,0],[-44.15487831,-20.15418099,0],[-44.15487644,-20.15414257,0]]]]}},{"type": "Feature","properties": {"classe": "Estrutura de Contenção","descricao": "Barreiras Estabilizantes de Calhas - BEC"},"geometry": {"type": "MultiPolygon","coordinates": [[[[-44.15320067,-20.15340327,0],[-44.15319871,-20.15334103,0],[-44.15322395,-20.1532987,0],[-44.1531772,-20.15327568,0],[-44.15314248,-20.15324365,0],[-44.15313806,-20.15323922,0],[-44.1531281,-20.15323464,0],[-44.15309615,-20.1532282,0],[-44.15305925,-20.15324441,0],[-44.15303934,-20.15325346,0],[-44.15300157,-20.15329242,0],[-44.15298004,-20.15334627,0],[-44.15297208,-20.15337698,0],[-44.152967,-20.15340148,0],[-44.15295453,-20.15343513,0],[-44.15293839,-20.15347774,0],[-44.15298247,-20.15351347,0],[-44.15303295,-20.15350111,0],[-44.15306678,-20.15351318,0],[-44.15310677,-20.15348302,0],[-44.15312901,-20.15346265,0],[-44.15315086,-20.15344258,0],[-44.15317266,-20.15343119,0],[-44.15320067,-20.15340327,0]]]]}},{"type": "Feature","properties": {"classe": "Estrutura de Contenção","descricao": "Barreiras Estabilizantes de Calhas - BEC"},"geometry": {"type": "MultiPolygon","coordinates": [[[[-44.15158053,-20.15233958,0],[-44.15153276,-20.15229666,0],[-44.15151916,-20.15224982,0],[-44.15146879,-20.15226452,0],[-44.15142025,-20.15226484,0],[-44.15141381,-20.15226463,0],[-44.15140332,-20.15226799,0],[-44.15137582,-20.15228465,0],[-44.15136168,-20.15232068,0],[-44.15135428,-20.15234035,0],[-44.15135648,-20.15239313,0],[-44.1513813,-20.1524457,0],[-44.15139852,-20.15247281,0],[-44.15141317,-20.15249359,0],[-44.15142939,-20.15252578,0],[-44.15144966,-20.15256678,0],[-44.15150762,-20.15256288,0],[-44.15153427,-20.15252056,0],[-44.1515673,-20.15250665,0],[-44.15157324,-20.15245865,0],[-44.15157386,-20.1524294,0],[-44.15157444,-20.15240062,0],[-44.15158144,-20.15237804,0],[-44.15158053,-20.15233958,0]]]]}},{"type": "Feature","properties": {"classe": "Estrutura de Contenção","descricao": "Barreiras Estabilizantes de Calhas - BEC"},"geometry": {"type": "MultiPolygon","coordinates": [[[[-44.14969771,-20.15204764,0],[-44.14964994,-20.15200472,0],[-44.14963634,-20.15195788,0],[-44.14958596,-20.15197258,0],[-44.14953743,-20.1519729,0],[-44.14953099,-20.15197269,0],[-44.1495205,-20.15197605,0],[-44.149493,-20.15199271,0],[-44.14947885,-20.15202874,0],[-44.14947146,-20.1520484,0],[-44.14947365,-20.15210118,0],[-44.14949847,-20.15215375,0],[-44.1495157,-20.15218086,0],[-44.14953035,-20.15220165,0],[-44.14954657,-20.15223384,0],[-44.14956684,-20.15227484,0],[-44.14962479,-20.15227094,0],[-44.14965145,-20.15222861,0],[-44.14968447,-20.15221471,0],[-44.14969041,-20.15216671,0],[-44.14969104,-20.15213746,0],[-44.14969162,-20.15210868,0],[-44.14969862,-20.1520861,0],[-44.14969771,-20.15204764,0]]]]}},{"type": "Feature","properties": {"classe": "Estrutura de Contenção","descricao": "Barreiras Estabilizantes de Calhas - BEC"},"geometry": {"type": "MultiPolygon","coordinates": [[[[-44.14812037,-20.15088484,0],[-44.14801539,-20.15091787,0],[-44.14795539,-20.1509655,0],[-44.14788574,-20.15106606,0],[-44.14783006,-20.15111668,0],[-44.1477547,-20.15120396,0],[-44.14765825,-20.15131375,0],[-44.14755505,-20.15144955,0],[-44.14753873,-20.15152124,0],[-44.14749189,-20.15159734,0],[-44.14745878,-20.15164304,0],[-44.14744664,-20.15173155,0],[-44.14755035,-20.15172221,0],[-44.14760789,-20.15174916,0],[-44.14768905,-20.15169584,0],[-44.14776069,-20.15160109,0],[-44.14781474,-20.15152263,0],[-44.14789252,-20.15146075,0],[-44.14798764,-20.15129855,0],[-44.14808442,-20.15113291,0],[-44.14822307,-20.15099021,0],[-44.148213,-20.15091383,0],[-44.14821775,-20.1508672,0],[-44.14816084,-20.15086552,0],[-44.14812037,-20.15088484,0]]]]}},{"type": "Feature","properties": {"classe": "Estrutura de Contenção","descricao": "Canal de drenagem em concreto Canvas"},"geometry": {"type": "MultiPolygon","coordinates": [[[[-44.14627638,-20.15032346,0],[-44.14627707,-20.15032304,0],[-44.14630259,-20.15030759,0],[-44.14630516,-20.15030603,0],[-44.14626749,-20.1502486,0],[-44.14625396,-20.15022861,0],[-44.14625149,-20.15022497,0],[-44.14622727,-20.15018921,0],[-44.14618617,-20.15013025,0],[-44.14614431,-20.15007167,0],[-44.14610201,-20.15001349,0],[-44.14605982,-20.14995562,0],[-44.14601824,-20.14989789,0],[-44.14597777,-20.14984013,0],[-44.14593891,-20.14978218,0],[-44.14590213,-20.14972388,0],[-44.1458679,-20.14966507,0],[-44.14583668,-20.14960562,0],[-44.14580891,-20.14954535,0],[-44.14578495,-20.14948397,0],[-44.14576484,-20.14942098,0],[-44.14574798,-20.14935624,0],[-44.14573886,-20.14931361,0],[-44.14573726,-20.14930612,0],[-44.14573382,-20.14929004,0],[-44.14572179,-20.1492227,0],[-44.14571133,-20.14915461,0],[-44.14570196,-20.14908654,0],[-44.14569419,-20.14901897,0],[-44.14568851,-20.14895057,0],[-44.14568256,-20.14887994,0],[-44.14567302,-20.1488069,0],[-44.14565633,-20.14873211,0],[-44.14562978,-20.14865761,0],[-44.14559177,-20.14858682,0],[-44.14554171,-20.14852421,0],[-44.14548273,-20.14847142,0],[-44.1454186,-20.14842665,0],[-44.14535197,-20.14838734,0],[-44.14528508,-20.14835112,0],[-44.14522009,-20.14831594,0],[-44.1451588,-20.14827983,0],[-44.14513392,-20.14826298,0],[-44.14512757,-20.14825867,0],[-44.14510136,-20.14824092,0],[-44.14504626,-20.14819889,0],[-44.14499257,-20.14815427,0],[-44.14493957,-20.14810775,0],[-44.1448865,-20.14806005,0],[-44.14483258,-20.14801195,0],[-44.14477704,-20.14796427,0],[-44.14471951,-20.14791813,0],[-44.14466079,-20.14787398,0],[-44.14460193,-20.14783126,0],[-44.14454367,-20.14778914,0],[-44.1444867,-20.1477468,0],[-44.14443163,-20.14770346,0],[-44.14437879,-20.14765825,0],[-44.1443282,-20.14761084,0],[-44.14429664,-20.14757837,0],[-44.14429404,-20.14757569,0],[-44.14428,-20.14756125,0],[-44.14423442,-20.14750959,0],[-44.14419168,-20.14745595,0],[-44.144152,-20.14740042,0],[-44.14411559,-20.14734311,0],[-44.14408265,-20.14728408,0],[-44.1440534,-20.14722343,0],[-44.14403977,-20.14719009,0],[-44.14403955,-20.14718955,0],[-44.14402796,-20.14716118,0],[-44.14400641,-20.14709754,0],[-44.14398881,-20.14703279,0],[-44.14397523,-20.14696725,0],[-44.14396571,-20.14690125,0],[-44.14396031,-20.1468351,0],[-44.1439591,-20.14676912,0],[-44.14396209,-20.14670346,0],[-44.14396906,-20.14663791,0],[-44.14397238,-20.1466169,0],[-44.14397291,-20.1466136,0],[-44.14397945,-20.14657219,0],[-44.14399264,-20.14650615,0],[-44.144008,-20.14643969,0],[-44.1440249,-20.14637272,0],[-44.14404266,-20.14630512,0],[-44.1440606,-20.14623681,0],[-44.14407802,-20.14616765,0],[-44.14409419,-20.14609755,0],[-44.14410842,-20.14602659,0],[-44.14412036,-20.14595508,0],[-44.14412993,-20.14588319,0],[-44.14413593,-20.14582232,0],[-44.14413649,-20.14581656,0],[-44.14413704,-20.14581105,0],[-44.14414161,-20.14573878,0],[-44.14414357,-20.14566648,0],[-44.14414282,-20.14559429,0],[-44.14413929,-20.14552231,0],[-44.14413444,-20.14546805,0],[-44.14413085,-20.14543517,0],[-44.14412353,-20.14537949,0],[-44.14411113,-20.14530892,0],[-44.14409572,-20.14523918,0],[-44.14407759,-20.14517031,0],[-44.14405709,-20.14510216,0],[-44.14403457,-20.14503455,0],[-44.14401034,-20.1449673,0],[-44.14398473,-20.14490023,0],[-44.14395806,-20.14483315,0],[-44.14393081,-20.14476618,0],[-44.14390436,-20.14469981,0],[-44.14388062,-20.14463448,0],[-44.14386291,-20.14457569,0],[-44.14386135,-20.14457053,0],[-44.14384816,-20.14450831,0],[-44.14384244,-20.14444811,0],[-44.14384542,-20.14438917,0],[-44.14385732,-20.14432942,0],[-44.14387031,-20.14428805,0],[-44.14387268,-20.14428048,0],[-44.14387671,-20.14426764,0],[-44.14390164,-20.14420392,0],[-44.14392577,-20.14414778,0],[-44.14392598,-20.14414728,0],[-44.1439298,-20.1441384,0],[-44.14392089,-20.14413498,0],[-44.14388585,-20.14412155,0],[-44.14385339,-20.14410911,0],[-44.14381834,-20.14409567,0],[-44.14380943,-20.14409226,0],[-44.1437805,-20.14415959,0],[-44.14375338,-20.14422891,0],[-44.14373089,-20.14430057,0],[-44.14371609,-20.14437484,0],[-44.14371226,-20.14445067,0],[-44.1437194,-20.14452588,0],[-44.14373499,-20.1445994,0],[-44.14374445,-20.14463078,0],[-44.14375663,-20.1446712,0],[-44.14377454,-20.1447205,0],[-44.1437754,-20.14472288,0],[-44.14378211,-20.14474133,0],[-44.14380939,-20.14480979,0],[-44.14383662,-20.14487672,0],[-44.14386281,-20.1449426,0],[-44.14388774,-20.14500787,0],[-44.1439111,-20.14507273,0],[-44.14393263,-20.14513734,0],[-44.14395204,-20.14520188,0],[-44.14396906,-20.14526653,0],[-44.14398342,-20.1453315,0],[-44.14399495,-20.14539709,0],[-44.14400366,-20.14546339,0],[-44.14400499,-20.14547822,0],[-44.14400516,-20.14548014,0],[-44.14400964,-20.14553031,0],[-44.14401295,-20.14559773,0],[-44.14401365,-20.14566551,0],[-44.14401181,-20.14573355,0],[-44.14400749,-20.1458017,0],[-44.14400078,-20.14586985,0],[-44.14399172,-20.14593787,0],[-44.14398041,-20.14600562,0],[-44.14396689,-20.14607307,0],[-44.14395135,-20.14614039,0],[-44.14393436,-20.14620785,0],[-44.14391657,-20.1462756,0],[-44.14389867,-20.14634373,0],[-44.14388135,-20.14641239,0],[-44.14386533,-20.14648169,0],[-44.14385133,-20.14655176,0],[-44.14384012,-20.14662272,0],[-44.14383247,-20.14669468,0],[-44.14382914,-20.14676754,0],[-44.1438305,-20.14684088,0],[-44.14383648,-20.14691424,0],[-44.14384702,-20.14698733,0],[-44.14386205,-20.14705985,0],[-44.14388153,-20.1471315,0],[-44.14390539,-20.14720198,0],[-44.14393359,-20.14727098,0],[-44.14396599,-20.14733815,0],[-44.14400234,-20.1474033,0],[-44.14404239,-20.14746634,0],[-44.14408588,-20.14752719,0],[-44.14413256,-20.14758578,0],[-44.1441822,-20.14764204,0],[-44.14423455,-20.1476959,0],[-44.14428938,-20.14774729,0],[-44.14430111,-20.14775732,0],[-44.1443464,-20.14779607,0],[-44.14440493,-20.14784214,0],[-44.14446402,-20.14788605,0],[-44.14452286,-20.1479286,0],[-44.14458075,-20.14797062,0],[-44.14463699,-20.14801289,0],[-44.14469128,-20.14805643,0],[-44.14474428,-20.14810194,0],[-44.14479712,-20.14814907,0],[-44.14485057,-20.14819711,0],[-44.14490542,-20.14824526,0],[-44.1449625,-20.1482927,0],[-44.14502263,-20.14833856,0],[-44.14508648,-20.14838182,0],[-44.14515338,-20.14842123,0],[-44.14522047,-20.14845755,0],[-44.14528522,-20.14849261,0],[-44.14534547,-20.14852815,0],[-44.14539913,-20.14856562,0],[-44.14544454,-20.14860626,0],[-44.14548114,-20.14865203,0],[-44.14550966,-20.14870516,0],[-44.14553078,-20.14876443,0],[-44.14554477,-20.1488271,0],[-44.14555329,-20.14889231,0],[-44.14555901,-20.14896028,0],[-44.14556484,-20.14903039,0],[-44.14557296,-20.14910106,0],[-44.14558263,-20.14917133,0],[-44.14559345,-20.14924171,0],[-44.14560607,-20.14931238,0],[-44.14562118,-20.14938304,0],[-44.14563949,-20.14945336,0],[-44.14566171,-20.14952293,0],[-44.14568831,-20.14959107,0],[-44.14570171,-20.14962016,0],[-44.14570625,-20.14963002,0],[-44.14571886,-20.14965738,0],[-44.14575274,-20.1497219,0],[-44.14578937,-20.14978484,0],[-44.14582821,-20.1498464,0],[-44.14586872,-20.1499068,0],[-44.14591036,-20.14996624,0],[-44.14595261,-20.15002491,0],[-44.14599497,-20.150083,0],[-44.14603693,-20.15014071,0],[-44.14607808,-20.15019829,0],[-44.14611829,-20.15025599,0],[-44.14615755,-20.15031395,0],[-44.1461958,-20.15037226,0],[-44.14620389,-20.15036736,0],[-44.14623573,-20.15034808,0],[-44.14626523,-20.15033022,0],[-44.14627638,-20.15032346,0]]]]}},{"type": "Feature","properties": {"classe": "Estrutura de Contenção","descricao": "Canal de drenagem em concreto Canvas"},"geometry": {"type": "MultiPolygon","coordinates": [[[[-44.14650965,-20.13041231,0],[-44.14648723,-20.13042668,0],[-44.14646348,-20.1304419,0],[-44.14643379,-20.13046092,0],[-44.14642587,-20.13046599,0],[-44.1464373,-20.1304819,0],[-44.1464488,-20.13049785,0],[-44.14645703,-20.13050922,0],[-44.14645798,-20.13051053,0],[-44.14646038,-20.13051384,0],[-44.14647206,-20.13052986,0],[-44.14648388,-20.13054591,0],[-44.14649586,-20.13056198,0],[-44.14650802,-20.13057805,0],[-44.14652038,-20.13059412,0],[-44.14653297,-20.13061017,0],[-44.14654581,-20.13062621,0],[-44.14655893,-20.13064222,0],[-44.14657235,-20.13065819,0],[-44.14658615,-20.13067419,0],[-44.14660031,-20.13069013,0],[-44.14661247,-20.13070344,0],[-44.14662476,-20.13071659,0],[-44.14664932,-20.1307423,0],[-44.14666581,-20.13075946,0],[-44.14668193,-20.1307764,0],[-44.14669751,-20.13079315,0],[-44.1467124,-20.13080976,0],[-44.14673212,-20.13083325,0],[-44.14674969,-20.13085653,0],[-44.14676474,-20.13087964,0],[-44.146777,-20.13090262,0],[-44.14678533,-20.13092282,0],[-44.14678963,-20.13093661,0],[-44.14679291,-20.13095088,0],[-44.14679529,-20.13096595,0],[-44.14679723,-20.1309942,0],[-44.14679732,-20.13100618,0],[-44.14679672,-20.13103214,0],[-44.14679543,-20.13104972,0],[-44.14679365,-20.13106759,0],[-44.14679147,-20.13108556,0],[-44.14678895,-20.13110346,0],[-44.14678609,-20.13112127,0],[-44.1467829,-20.13113896,0],[-44.14677936,-20.13115653,0],[-44.14677549,-20.131174,0],[-44.14677129,-20.13119135,0],[-44.14676674,-20.13120857,0],[-44.14676186,-20.13122568,0],[-44.14675665,-20.13124266,0],[-44.1467511,-20.13125952,0],[-44.14674522,-20.13127624,0],[-44.146739,-20.13129284,0],[-44.14673245,-20.13130929,0],[-44.14672556,-20.13132562,0],[-44.14671834,-20.1313418,0],[-44.14670818,-20.1313632,0],[-44.14669741,-20.13138433,0],[-44.14668605,-20.13140521,0],[-44.14667409,-20.13142583,0],[-44.14666155,-20.13144619,0],[-44.14664842,-20.13146628,0],[-44.14663475,-20.13148609,0],[-44.14662053,-20.1315056,0],[-44.14660818,-20.13152177,0],[-44.14659547,-20.13153772,0],[-44.14658241,-20.13155343,0],[-44.14656902,-20.13156891,0],[-44.14654485,-20.13159536,0],[-44.14651974,-20.13162104,0],[-44.1464996,-20.13164047,0],[-44.14647887,-20.13165956,0],[-44.14645759,-20.13167839,0],[-44.14643583,-20.13169701,0],[-44.14642065,-20.13170971,0],[-44.14640531,-20.13172237,0],[-44.14638981,-20.131735,0],[-44.14637419,-20.13174764,0],[-44.14635847,-20.13176029,0],[-44.14634268,-20.131773,0],[-44.14632683,-20.13178577,0],[-44.14631094,-20.13179862,0],[-44.14629112,-20.13181483,0],[-44.14627133,-20.13183126,0],[-44.14625163,-20.13184796,0],[-44.14623207,-20.13186498,0],[-44.14621136,-20.13188359,0],[-44.14619094,-20.13190267,0],[-44.14617141,-20.13192173,0],[-44.14615237,-20.13194109,0],[-44.1461338,-20.13196069,0],[-44.14611565,-20.13198049,0],[-44.14609785,-20.13200044,0],[-44.14608037,-20.1320205,0],[-44.14606316,-20.13204064,0],[-44.14604615,-20.13206081,0],[-44.14602932,-20.13208098,0],[-44.1460126,-20.13210111,0],[-44.14599596,-20.13212115,0],[-44.14597934,-20.13214107,0],[-44.14595617,-20.13216853,0],[-44.14593286,-20.13219557,0],[-44.1459179,-20.13221251,0],[-44.1459028,-20.13222922,0],[-44.14589316,-20.13223963,0],[-44.14588284,-20.13225064,0],[-44.14587191,-20.13226215,0],[-44.14585607,-20.13227852,0],[-44.14583999,-20.13229484,0],[-44.14582374,-20.13231116,0],[-44.14580733,-20.13232749,0],[-44.14579081,-20.13234386,0],[-44.14577422,-20.13236029,0],[-44.14575438,-20.13238002,0],[-44.14573456,-20.13239992,0],[-44.14571482,-20.13242004,0],[-44.14569524,-20.13244043,0],[-44.14568275,-20.13245372,0],[-44.14567037,-20.13246714,0],[-44.14565812,-20.13248073,0],[-44.14564602,-20.13249448,0],[-44.14562526,-20.13251899,0],[-44.14560512,-20.13254414,0],[-44.14558949,-20.13256482,0],[-44.14557442,-20.1325859,0],[-44.14555998,-20.13260726,0],[-44.14554615,-20.13262883,0],[-44.14553284,-20.13265056,0],[-44.14552,-20.13267243,0],[-44.14550755,-20.13269441,0],[-44.14549543,-20.13271645,0],[-44.14548358,-20.13273853,0],[-44.14547194,-20.13276063,0],[-44.14546046,-20.1327827,0],[-44.14544906,-20.13280472,0],[-44.1454377,-20.13282666,0],[-44.14542631,-20.13284849,0],[-44.14541377,-20.13287216,0],[-44.14540111,-20.13289544,0],[-44.14538823,-20.13291815,0],[-44.14537505,-20.13294016,0],[-44.14536146,-20.13296132,0],[-44.14534738,-20.1329815,0],[-44.14533275,-20.13300059,0],[-44.14531748,-20.13301848,0],[-44.14530426,-20.13303236,0],[-44.14529032,-20.13304558,0],[-44.14527551,-20.13305833,0],[-44.14525988,-20.13307066,0],[-44.14524238,-20.13308335,0],[-44.14522405,-20.13309566,0],[-44.14520497,-20.13310764,0],[-44.14518519,-20.13311933,0],[-44.14516479,-20.13313081,0],[-44.14514385,-20.13314211,0],[-44.14512244,-20.13315332,0],[-44.14510064,-20.1331645,0],[-44.14507854,-20.1331757,0],[-44.14505621,-20.13318702,0],[-44.14503372,-20.13319852,0],[-44.14501117,-20.1332103,0],[-44.14498836,-20.13322258,0],[-44.14496575,-20.13323521,0],[-44.1449435,-20.13324815,0],[-44.14492161,-20.13326134,0],[-44.14490005,-20.13327476,0],[-44.14487879,-20.13328839,0],[-44.1448578,-20.1333022,0],[-44.14483706,-20.13331617,0],[-44.14481653,-20.13333027,0],[-44.14479619,-20.13334449,0],[-44.14476923,-20.13336363,0],[-44.14474247,-20.13338289,0],[-44.14471586,-20.1334022,0],[-44.14468932,-20.13342153,0],[-44.14466635,-20.13343822,0],[-44.14464333,-20.13345486,0],[-44.14462328,-20.13346922,0],[-44.14460313,-20.1334835,0],[-44.14458774,-20.13349428,0],[-44.14457211,-20.13350519,0],[-44.14455624,-20.13351634,0],[-44.14454024,-20.13352778,0],[-44.14452421,-20.13353959,0],[-44.14450825,-20.13355183,0],[-44.14448699,-20.13356918,0],[-44.1444663,-20.13358768,0],[-44.14444341,-20.13361085,0],[-44.14442501,-20.13363256,0],[-44.14441209,-20.1336501,0],[-44.14440037,-20.13366812,0],[-44.14438976,-20.13368656,0],[-44.14438018,-20.13370535,0],[-44.14437154,-20.13372442,0],[-44.14436376,-20.13374373,0],[-44.14435676,-20.13376323,0],[-44.14435047,-20.13378287,0],[-44.14434481,-20.13380263,0],[-44.14433971,-20.13382244,0],[-44.14433509,-20.13384229,0],[-44.14433089,-20.13386213,0],[-44.14432705,-20.13388193,0],[-44.14432126,-20.13391465,0],[-44.14431601,-20.13394697,0],[-44.1443129,-20.13396663,0],[-44.14430984,-20.13398609,0],[-44.14430677,-20.1340054,0],[-44.14430369,-20.13402457,0],[-44.14430025,-20.13404555,0],[-44.14429674,-20.13406638,0],[-44.14429317,-20.13408706,0],[-44.1442895,-20.1341076,0],[-44.14428573,-20.134128,0],[-44.14428183,-20.13414826,0],[-44.14427779,-20.1341684,0],[-44.14427359,-20.13418841,0],[-44.14426967,-20.1342063,0],[-44.1442656,-20.1342241,0],[-44.14426136,-20.13424181,0],[-44.14425694,-20.13425944,0],[-44.14424894,-20.13428944,0],[-44.14424032,-20.13431923,0],[-44.14423256,-20.13434412,0],[-44.14422427,-20.13436906,0],[-44.14421549,-20.13439422,0],[-44.14420634,-20.13441964,0],[-44.14419601,-20.13444794,0],[-44.1441856,-20.13447661,0],[-44.1441753,-20.13450566,0],[-44.1441653,-20.13453515,0],[-44.14415699,-20.13456121,0],[-44.14414921,-20.13458765,0],[-44.14414409,-20.13460662,0],[-44.14413935,-20.1346258,0],[-44.14413506,-20.13464514,0],[-44.14413124,-20.13466453,0],[-44.14412788,-20.13468395,0],[-44.14412494,-20.13470338,0],[-44.14412242,-20.13472281,0],[-44.14412028,-20.13474225,0],[-44.1441185,-20.13476167,0],[-44.14411723,-20.13477888,0],[-44.14411707,-20.13478108,0],[-44.14411571,-20.13480593,0],[-44.14411484,-20.13483072,0],[-44.14411441,-20.13485544,0],[-44.14411438,-20.13488006,0],[-44.14411471,-20.13490459,0],[-44.14411537,-20.13492902,0],[-44.14411632,-20.13495335,0],[-44.14411751,-20.1349776,0],[-44.14411892,-20.13500174,0],[-44.14412051,-20.1350258,0],[-44.14412224,-20.13504977,0],[-44.14412408,-20.13507364,0],[-44.14412599,-20.13509744,0],[-44.14412794,-20.13512115,0],[-44.14412989,-20.13514478,0],[-44.14413182,-20.13516832,0],[-44.14413342,-20.13518837,0],[-44.14413495,-20.13520836,0],[-44.14413639,-20.1352283,0],[-44.14413772,-20.13524818,0],[-44.14413965,-20.13528121,0],[-44.14414118,-20.13531422,0],[-44.14414231,-20.13534734,0],[-44.14414313,-20.13538056,0],[-44.14414367,-20.13541389,0],[-44.14414401,-20.13544732,0],[-44.14414419,-20.13548086,0],[-44.14414427,-20.1355145,0],[-44.1441443,-20.13553734,0],[-44.14414434,-20.13556022,0],[-44.14414439,-20.13558315,0],[-44.14414448,-20.13560612,0],[-44.14414463,-20.13562915,0],[-44.14414485,-20.13565222,0],[-44.14414517,-20.13567534,0],[-44.1441456,-20.13569851,0],[-44.14414609,-20.13571909,0],[-44.1441467,-20.13573971,0],[-44.14414743,-20.13576036,0],[-44.14414831,-20.13578106,0],[-44.14414977,-20.13580956,0],[-44.14415164,-20.13583826,0],[-44.14415406,-20.1358672,0],[-44.14415717,-20.13589632,0],[-44.14416154,-20.13592808,0],[-44.14416715,-20.13595997,0],[-44.14417185,-20.135982,0],[-44.14417729,-20.13600397,0],[-44.14418346,-20.13602577,0],[-44.14419031,-20.13604733,0],[-44.14419782,-20.13606864,0],[-44.14420594,-20.13608971,0],[-44.14421464,-20.13611054,0],[-44.1442239,-20.13613112,0],[-44.14423368,-20.13615145,0],[-44.14424395,-20.13617152,0],[-44.14425668,-20.13619491,0],[-44.14427,-20.13621794,0],[-44.14428386,-20.13624058,0],[-44.14429822,-20.13626284,0],[-44.14431688,-20.13629027,0],[-44.14433616,-20.13631709,0],[-44.14435598,-20.13634334,0],[-44.14437627,-20.13636905,0],[-44.14439696,-20.13639428,0],[-44.14441798,-20.13641908,0],[-44.14443927,-20.1364435,0],[-44.14446078,-20.1364676,0],[-44.14447764,-20.13648617,0],[-44.14449456,-20.13650459,0],[-44.14451152,-20.1365229,0],[-44.14452849,-20.1365411,0],[-44.14456233,-20.13657729,0],[-44.14457916,-20.13659533,0],[-44.14459587,-20.13661335,0],[-44.14461801,-20.13663746,0],[-44.14463984,-20.13666165,0],[-44.14466133,-20.13668596,0],[-44.14468242,-20.13671045,0],[-44.14470305,-20.13673517,0],[-44.14472317,-20.13676014,0],[-44.14474274,-20.13678536,0],[-44.14474441,-20.13678761,0],[-44.14475188,-20.13679765,0],[-44.1447617,-20.13681084,0],[-44.14477385,-20.13682781,0],[-44.14478568,-20.13684489,0],[-44.1447972,-20.13686209,0],[-44.14480836,-20.1368794,0],[-44.14482212,-20.13690171,0],[-44.14483529,-20.13692426,0],[-44.14484793,-20.13694712,0],[-44.14486013,-20.13697033,0],[-44.14487192,-20.13699385,0],[-44.14488337,-20.13701768,0],[-44.14489452,-20.13704179,0],[-44.14490542,-20.13706616,0],[-44.14491613,-20.13709078,0],[-44.1449267,-20.13711562,0],[-44.14493718,-20.13714066,0],[-44.14494763,-20.13716588,0],[-44.14495811,-20.13719126,0],[-44.14496867,-20.13721677,0],[-44.14497938,-20.1372424,0],[-44.14499028,-20.13726812,0],[-44.14500144,-20.1372939,0],[-44.14501292,-20.13731974,0],[-44.14502566,-20.13734749,0],[-44.14503891,-20.13737525,0],[-44.14504812,-20.13739382,0],[-44.14505747,-20.13741219,0],[-44.14507597,-20.13744791,0],[-44.14508483,-20.13746531,0],[-44.14509326,-20.13748242,0],[-44.14510794,-20.13751481,0],[-44.14511989,-20.13754641,0],[-44.14512902,-20.13758001,0],[-44.14513242,-20.13760065,0],[-44.14513403,-20.13763105,0],[-44.1451316,-20.13766189,0],[-44.14512635,-20.1376875,0],[-44.1451183,-20.13771176,0],[-44.14510829,-20.13773279,0],[-44.14509612,-20.13775153,0],[-44.14507821,-20.13777175,0],[-44.14505634,-20.13779024,0],[-44.14502867,-20.1378082,0],[-44.14499727,-20.13782414,0],[-44.14496958,-20.13783555,0],[-44.14494038,-20.13784563,0],[-44.14491977,-20.13785178,0],[-44.1448988,-20.13785738,0],[-44.14487748,-20.13786251,0],[-44.14485579,-20.13786731,0],[-44.14483375,-20.13787194,0],[-44.14481138,-20.13787656,0],[-44.14477655,-20.13788403,0],[-44.14474121,-20.13789254,0],[-44.14470552,-20.13790281,0],[-44.14468762,-20.13790886,0],[-44.14466973,-20.13791565,0],[-44.14465068,-20.13792384,0],[-44.14463182,-20.13793308,0],[-44.14460711,-20.13794714,0],[-44.14458354,-20.13796277,0],[-44.14456112,-20.13797983,0],[-44.14453987,-20.13799815,0],[-44.14452396,-20.13801359,0],[-44.1445234,-20.13801413,0],[-44.14451979,-20.13801763,0],[-44.14450095,-20.13803813,0],[-44.14448338,-20.13805952,0],[-44.14446712,-20.13808169,0],[-44.1444564,-20.13809783,0],[-44.14444638,-20.13811424,0],[-44.14443709,-20.1381308,0],[-44.14442851,-20.13814744,0],[-44.14442056,-20.13816412,0],[-44.14441317,-20.13818082,0],[-44.14440628,-20.13819751,0],[-44.14439983,-20.13821416,0],[-44.14438797,-20.13824726,0],[-44.14437712,-20.13827996,0],[-44.14436681,-20.13831208,0],[-44.14436033,-20.13833218,0],[-44.14435378,-20.13835194,0],[-44.14434707,-20.13837131,0],[-44.14434007,-20.13839043,0],[-44.1443327,-20.13840944,0],[-44.14432496,-20.13842843,0],[-44.14431688,-20.1384474,0],[-44.1443085,-20.13846636,0],[-44.14429985,-20.13848533,0],[-44.14429097,-20.13850432,0],[-44.14428167,-20.13852376,0],[-44.14427219,-20.13854325,0],[-44.1442637,-20.1385605,0],[-44.14426258,-20.13856278,0],[-44.14426205,-20.13856385,0],[-44.14425287,-20.13858238,0],[-44.14424309,-20.13860206,0],[-44.1442333,-20.13862183,0],[-44.14422351,-20.13864171,0],[-44.14421379,-20.1386617,0],[-44.14420239,-20.13868556,0],[-44.14419122,-20.13870955,0],[-44.14418034,-20.13873354,0],[-44.14416971,-20.1387574,0],[-44.14415925,-20.13878112,0],[-44.14414884,-20.13880466,0],[-44.14413854,-20.13882774,0],[-44.14412813,-20.13885061,0],[-44.14411753,-20.13887325,0],[-44.14411571,-20.13887701,0],[-44.14409316,-20.13888223,0],[-44.14408508,-20.1388774,0],[-44.14397154,-20.13890153,0],[-44.1439483,-20.13893622,0],[-44.14392039,-20.13897789,0],[-44.14394593,-20.13908513,0],[-44.14395401,-20.13908996,0],[-44.1439545,-20.13909219,0],[-44.14394769,-20.13909675,0],[-44.14391883,-20.13911245,0],[-44.14388754,-20.1391265,0],[-44.14385412,-20.13913906,0],[-44.14381891,-20.13915034,0],[-44.14379967,-20.13915586,0],[-44.14378009,-20.13916113,0],[-44.14376023,-20.13916618,0],[-44.14374014,-20.13917106,0],[-44.14370811,-20.1391785,0],[-44.14368329,-20.13918411,0],[-44.14368225,-20.13918434,0],[-44.1436759,-20.13918578,0],[-44.14365598,-20.13919027,0],[-44.1436362,-20.13919473,0],[-44.14361654,-20.13919917,0],[-44.14359698,-20.1392036,0],[-44.14359124,-20.13920489,0],[-44.14356341,-20.13921119,0],[-44.14352994,-20.13921877,0],[-44.14353217,-20.13922755,0],[-44.14354229,-20.13926011,0],[-44.1435491,-20.13928644,0],[-44.14355559,-20.13931981,0],[-44.14355782,-20.1393286,0],[-44.14359376,-20.13932047,0],[-44.14362981,-20.13931231,0],[-44.14365184,-20.13930733,0],[-44.14365819,-20.1393059,0],[-44.14367401,-20.13930233,0],[-44.14369633,-20.1392973,0],[-44.14371886,-20.13929221,0],[-44.14373915,-20.13928761,0],[-44.14375969,-20.13928286,0],[-44.14378957,-20.13927569,0],[-44.14380333,-20.13927216,0],[-44.14380711,-20.13927119,0],[-44.14381968,-20.13926797,0],[-44.14384165,-20.13926192,0],[-44.14386362,-20.13925543,0],[-44.14388553,-20.13924843,0],[-44.14390733,-20.13924085,0],[-44.14392895,-20.13923262,0],[-44.14395034,-20.13922367,0],[-44.14397144,-20.13921392,0],[-44.14398481,-20.13920706,0],[-44.1439851,-20.13920691,0],[-44.14399218,-20.13920328,0],[-44.14401221,-20.13919185,0],[-44.14403172,-20.1391794,0],[-44.14403274,-20.13917867,0],[-44.14404727,-20.13918735,0],[-44.1440547,-20.13919066,0],[-44.14410359,-20.13917933,0],[-44.14411167,-20.13918416,0],[-44.14422522,-20.13916003,0],[-44.14423101,-20.13915139,0],[-44.14423494,-20.13914553,0],[-44.14424768,-20.1391265,0],[-44.14427637,-20.13908367,0],[-44.14425082,-20.13897643,0],[-44.14424274,-20.1389716,0],[-44.14423423,-20.13893236,0],[-44.14423413,-20.1389319,0],[-44.14423236,-20.13892372,0],[-44.14422957,-20.13891324,0],[-44.14423198,-20.13890818,0],[-44.14424405,-20.138882,0],[-44.14425574,-20.13885597,0],[-44.14426827,-20.13882766,0],[-44.14426844,-20.13882726,0],[-44.14426867,-20.13882675,0],[-44.14428066,-20.1387996,0],[-44.14429305,-20.13877184,0],[-44.14430559,-20.13874441,0],[-44.14431891,-20.13871623,0],[-44.14433263,-20.13868796,0],[-44.14434216,-20.13866862,0],[-44.14435179,-20.1386492,0],[-44.14436148,-20.13862969,0],[-44.1443712,-20.13861008,0],[-44.1443809,-20.13859035,0],[-44.14439055,-20.13857049,0],[-44.14440011,-20.13855049,0],[-44.14440954,-20.13853033,0],[-44.14442218,-20.13850245,0],[-44.14443439,-20.13847421,0],[-44.14444607,-20.13844558,0],[-44.14445712,-20.13841651,0],[-44.14446737,-20.13838729,0],[-44.14447831,-20.13835403,0],[-44.14448878,-20.13832139,0],[-44.14449586,-20.13829962,0],[-44.14450306,-20.13827826,0],[-44.14451051,-20.13825737,0],[-44.14451833,-20.138237,0],[-44.1445285,-20.13821297,0],[-44.14453959,-20.13818982,0],[-44.1445518,-20.13816759,0],[-44.14456537,-20.13814618,0],[-44.14457889,-20.13812752,0],[-44.14459354,-20.13810963,0],[-44.14461658,-20.13808538,0],[-44.14464139,-20.13806362,0],[-44.14466471,-20.13804667,0],[-44.14468881,-20.13803238,0],[-44.14471526,-20.1380201,0],[-44.14472838,-20.13801545,0],[-44.14473517,-20.13801304,0],[-44.14474783,-20.13800856,0],[-44.14478325,-20.13799883,0],[-44.14480199,-20.13799442,0],[-44.14482136,-20.13799019,0],[-44.14484131,-20.137986,0],[-44.14486181,-20.13798176,0],[-44.1448838,-20.13797712,0],[-44.14490629,-20.13797213,0],[-44.14492923,-20.13796661,0],[-44.14495247,-20.13796044,0],[-44.14498357,-20.13795106,0],[-44.14501454,-20.13794021,0],[-44.14504235,-20.13792893,0],[-44.14506964,-20.13791612,0],[-44.14509617,-20.1379016,0],[-44.1451217,-20.13788519,0],[-44.14514592,-20.13786671,0],[-44.14516851,-20.13784596,0],[-44.14518721,-20.13782513,0],[-44.14520387,-20.13780235,0],[-44.14521949,-20.13777528,0],[-44.14523361,-20.13774275,0],[-44.14524385,-20.13770913,0],[-44.1452491,-20.13768351,0],[-44.14525235,-20.13765769,0],[-44.14525362,-20.13763181,0],[-44.14525292,-20.13760604,0],[-44.14525028,-20.13758065,0],[-44.14524588,-20.13755594,0],[-44.14524023,-20.13753305,0],[-44.14523342,-20.13751088,0],[-44.14522634,-20.13749117,0],[-44.14521862,-20.13747198,0],[-44.14521039,-20.13745327,0],[-44.14520181,-20.13743501,0],[-44.14519182,-20.1374148,0],[-44.14518173,-20.13739505,0],[-44.14517169,-20.13737569,0],[-44.14516189,-20.13735671,0],[-44.14515021,-20.13733347,0],[-44.14513461,-20.1373009,0],[-44.14512339,-20.13727646,0],[-44.14511243,-20.13725182,0],[-44.14510507,-20.13723489,0],[-44.14509779,-20.13721788,0],[-44.14509057,-20.1372008,0],[-44.1450834,-20.13718366,0],[-44.14507421,-20.13716151,0],[-44.14506503,-20.13713928,0],[-44.14505874,-20.13712407,0],[-44.14502838,-20.13705166,0],[-44.14502764,-20.13704993,0],[-44.14501794,-20.13702755,0],[-44.14500801,-20.13700519,0],[-44.14499887,-20.13698514,0],[-44.14498949,-20.13696512,0],[-44.14497983,-20.13694515,0],[-44.14496988,-20.13692524,0],[-44.14495959,-20.1369054,0],[-44.14494894,-20.13688565,0],[-44.14493788,-20.13686598,0],[-44.14492641,-20.13684645,0],[-44.14490842,-20.13681738,0],[-44.14488964,-20.13678878,0],[-44.14487137,-20.13676236,0],[-44.14485253,-20.13673634,0],[-44.14483317,-20.13671071,0],[-44.14481335,-20.13668547,0],[-44.14479313,-20.1366606,0],[-44.14477256,-20.1366361,0],[-44.14475171,-20.13661194,0],[-44.14473065,-20.13658814,0],[-44.14470909,-20.13656427,0],[-44.14468744,-20.13654068,0],[-44.14466576,-20.1365173,0],[-44.14464409,-20.1364941,0],[-44.14462654,-20.13647532,0],[-44.14460906,-20.13645661,0],[-44.1445917,-20.13643792,0],[-44.14457448,-20.13641925,0],[-44.14455744,-20.13640056,0],[-44.14454059,-20.13638184,0],[-44.14452398,-20.13636305,0],[-44.14450762,-20.13634417,0],[-44.14449153,-20.13632515,0],[-44.14447576,-20.136306,0],[-44.14446033,-20.13628669,0],[-44.14444527,-20.1362672,0],[-44.1444306,-20.13624751,0],[-44.14441636,-20.13622758,0],[-44.14440256,-20.1362074,0],[-44.14438925,-20.13618697,0],[-44.14437576,-20.13616513,0],[-44.14436291,-20.13614302,0],[-44.14435074,-20.13612068,0],[-44.14433931,-20.13609812,0],[-44.14433064,-20.13607973,0],[-44.14432252,-20.13606121,0],[-44.14431496,-20.13604259,0],[-44.14430799,-20.13602386,0],[-44.14430159,-20.13600487,0],[-44.14429584,-20.13598579,0],[-44.14429076,-20.13596662,0],[-44.14428634,-20.13594728,0],[-44.14428204,-20.13592491,0],[-44.14427845,-20.13590218,0],[-44.14427479,-20.13587307,0],[-44.14427196,-20.13584347,0],[-44.14426979,-20.13581344,0],[-44.14426811,-20.13578307,0],[-44.14426727,-20.13576448,0],[-44.14426655,-20.13574587,0],[-44.14426595,-20.13572723,0],[-44.14426544,-20.13570856,0],[-44.14426499,-20.13568773,0],[-44.14426464,-20.13566687,0],[-44.14426438,-20.13564597,0],[-44.14426419,-20.13562505,0],[-44.14426405,-20.13560146,0],[-44.14426397,-20.13557783,0],[-44.14426392,-20.13555416,0],[-44.14426388,-20.13553044,0],[-44.14426383,-20.1354984,0],[-44.14426371,-20.13546628,0],[-44.14426349,-20.13543408,0],[-44.1442631,-20.13540182,0],[-44.1442625,-20.13536948,0],[-44.14426164,-20.13533707,0],[-44.14426045,-20.13530458,0],[-44.1442589,-20.13527205,0],[-44.14425698,-20.13523957,0],[-44.14425474,-20.13520722,0],[-44.14425297,-20.13518371,0],[-44.14425111,-20.13516028,0],[-44.1442492,-20.13513693,0],[-44.14424728,-20.13511364,0],[-44.14424536,-20.13509042,0],[-44.1442435,-20.13506727,0],[-44.14424171,-20.13504418,0],[-44.14424004,-20.13502116,0],[-44.1442385,-20.13499819,0],[-44.14423714,-20.13497529,0],[-44.14423598,-20.13495244,0],[-44.14423505,-20.13492965,0],[-44.14423438,-20.13490691,0],[-44.144234,-20.13488423,0],[-44.14423395,-20.13486161,0],[-44.14423426,-20.13483906,0],[-44.14423489,-20.13481804,0],[-44.14423588,-20.13479711,0],[-44.14423727,-20.13477629,0],[-44.14423906,-20.13475559,0],[-44.1442413,-20.13473502,0],[-44.14424401,-20.1347146,0],[-44.1442472,-20.13469434,0],[-44.14425091,-20.13467427,0],[-44.14425516,-20.13465437,0],[-44.14425998,-20.13463452,0],[-44.14426535,-20.13461463,0],[-44.14427124,-20.13459465,0],[-44.14427672,-20.13457721,0],[-44.14428249,-20.13455969,0],[-44.14428851,-20.13454208,0],[-44.14429473,-20.1345244,0],[-44.14430112,-20.13450662,0],[-44.14430762,-20.13448874,0],[-44.14431419,-20.13447076,0],[-44.14432078,-20.13445265,0],[-44.14432769,-20.13443346,0],[-44.1443345,-20.13441411,0],[-44.14434117,-20.13439461,0],[-44.14434763,-20.13437495,0],[-44.14435381,-20.13435521,0],[-44.14435969,-20.13433544,0],[-44.14436762,-20.13430711,0],[-44.14437502,-20.13427875,0],[-44.14437933,-20.13426128,0],[-44.14438346,-20.1342438,0],[-44.14438743,-20.13422629,0],[-44.14439125,-20.13420876,0],[-44.14439639,-20.13418403,0],[-44.14440129,-20.13415924,0],[-44.14440596,-20.13413439,0],[-44.14441046,-20.13410946,0],[-44.14441479,-20.13408446,0],[-44.144419,-20.13405937,0],[-44.14442311,-20.13403419,0],[-44.14442715,-20.1340089,0],[-44.14443114,-20.13398352,0],[-44.14443515,-20.1339582,0],[-44.14443805,-20.13394032,0],[-44.14444104,-20.1339226,0],[-44.14444748,-20.13388775,0],[-44.14445387,-20.13385787,0],[-44.14446113,-20.133829,0],[-44.14446944,-20.13380135,0],[-44.14447896,-20.1337751,0],[-44.14448985,-20.13375043,0],[-44.1445022,-20.13372747,0],[-44.14451617,-20.13370629,0],[-44.14453205,-20.13368674,0],[-44.14454761,-20.13367065,0],[-44.14456522,-20.13365466,0],[-44.14458452,-20.13363883,0],[-44.14460526,-20.13362308,0],[-44.14462716,-20.13360729,0],[-44.14464991,-20.13359134,0],[-44.14467318,-20.13357506,0],[-44.14469492,-20.13355966,0],[-44.14471642,-20.13354426,0],[-44.14474325,-20.13352485,0],[-44.14476981,-20.13350554,0],[-44.14479526,-20.13348702,0],[-44.14482057,-20.13346868,0],[-44.14483604,-20.13345754,0],[-44.14485149,-20.1334465,0],[-44.14486694,-20.13343555,0],[-44.1448824,-20.13342472,0],[-44.14490509,-20.13340909,0],[-44.14492788,-20.13339374,0],[-44.1449508,-20.1333787,0],[-44.14497391,-20.13336401,0],[-44.14499668,-20.13335002,0],[-44.1450197,-20.13333641,0],[-44.14504304,-20.13332321,0],[-44.14506685,-20.1333103,0],[-44.14509763,-20.13329426,0],[-44.14512916,-20.13327823,0],[-44.1451556,-20.13326484,0],[-44.14518225,-20.13325118,0],[-44.14520898,-20.13323711,0],[-44.14523565,-20.13322249,0],[-44.14525533,-20.1332112,0],[-44.14527485,-20.13319947,0],[-44.14529415,-20.13318722,0],[-44.14531317,-20.13317439,0],[-44.14533184,-20.13316091,0],[-44.1453501,-20.13314672,0],[-44.14536788,-20.13313174,0],[-44.14538509,-20.13311591,0],[-44.14540159,-20.13309922,0],[-44.1454172,-20.13308186,0],[-44.14543619,-20.13305851,0],[-44.14545379,-20.13303451,0],[-44.14547018,-20.13301003,0],[-44.14548556,-20.13298523,0],[-44.14549898,-20.13296219,0],[-44.14550009,-20.13296027,0],[-44.14551393,-20.13293531,0],[-44.14552723,-20.13291047,0],[-44.14554017,-20.13288581,0],[-44.14554881,-20.13286919,0],[-44.14555737,-20.13285265,0],[-44.14556587,-20.13283622,0],[-44.14557435,-20.1328199,0],[-44.14558867,-20.13279259,0],[-44.14560308,-20.13276571,0],[-44.14561769,-20.13273931,0],[-44.1456326,-20.13271345,0],[-44.14564792,-20.13268817,0],[-44.14566375,-20.13266356,0],[-44.14568019,-20.13263964,0],[-44.14569741,-20.13261631,0],[-44.14571594,-20.13259287,0],[-44.14573538,-20.1325697,0],[-44.14575884,-20.13254321,0],[-44.14578324,-20.13251694,0],[-44.14580842,-20.13249079,0],[-44.14583424,-20.13246466,0],[-44.14585264,-20.13244631,0],[-44.14587121,-20.13242789,0],[-44.14588992,-20.13240936,0],[-44.1459087,-20.13239069,0],[-44.14592749,-20.13237183,0],[-44.14594625,-20.13235276,0],[-44.14596491,-20.13233342,0],[-44.14598341,-20.13231378,0],[-44.14600165,-20.13229386,0],[-44.14601954,-20.13227379,0],[-44.14604296,-20.1322468,0],[-44.1460659,-20.13221976,0],[-44.14608542,-20.13219643,0],[-44.14610474,-20.13217318,0],[-44.14612392,-20.13215009,0],[-44.14614304,-20.1321272,0],[-44.14615747,-20.13211011,0],[-44.14617193,-20.13209319,0],[-44.14618645,-20.13207647,0],[-44.14620105,-20.13205998,0],[-44.14621577,-20.13204374,0],[-44.14623064,-20.13202777,0],[-44.14624567,-20.1320121,0],[-44.1462609,-20.13199675,0],[-44.14627638,-20.1319817,0],[-44.14629218,-20.1319669,0],[-44.14631569,-20.13194576,0],[-44.14633989,-20.13192487,0],[-44.14636466,-20.13190413,0],[-44.14638991,-20.13188345,0],[-44.14641554,-20.13186275,0],[-44.14644144,-20.13184193,0],[-44.14646751,-20.13182087,0],[-44.14649363,-20.1317995,0],[-44.1465197,-20.13177769,0],[-44.14654561,-20.13175534,0],[-44.14655242,-20.13174923,0],[-44.14655428,-20.13174756,0],[-44.14657124,-20.13173235,0],[-44.14659646,-20.1317086,0],[-44.14661321,-20.13169208,0],[-44.14662963,-20.13167523,0],[-44.14664572,-20.13165806,0],[-44.14666145,-20.13164058,0],[-44.14668281,-20.13161563,0],[-44.14670342,-20.13159009,0],[-44.14672323,-20.13156399,0],[-44.14674222,-20.13153734,0],[-44.14676035,-20.13151015,0],[-44.14677757,-20.13148244,0],[-44.14679387,-20.13145424,0],[-44.14680919,-20.13142558,0],[-44.14681988,-20.13140411,0],[-44.14683002,-20.13138242,0],[-44.14683962,-20.13136051,0],[-44.14684867,-20.13133839,0],[-44.14685717,-20.13131606,0],[-44.14686513,-20.13129354,0],[-44.14687255,-20.13127082,0],[-44.14687941,-20.13124792,0],[-44.14688573,-20.13122485,0],[-44.1468915,-20.1312016,0],[-44.14689673,-20.1311782,0],[-44.14690141,-20.13115463,0],[-44.14690554,-20.13113091,0],[-44.14690912,-20.13110706,0],[-44.14691217,-20.13108305,0],[-44.14691464,-20.13105873,0],[-44.14691653,-20.13103104,0],[-44.14691715,-20.13100287,0],[-44.14691614,-20.13097434,0],[-44.14691323,-20.13094694,0],[-44.14691125,-20.13093532,0],[-44.14690921,-20.130924,0],[-44.14690376,-20.13090251,0],[-44.14689767,-20.13088401,0],[-44.14689052,-20.13086611,0],[-44.14688115,-20.13084629,0],[-44.14687071,-20.13082721,0],[-44.14685333,-20.13079983,0],[-44.14683437,-20.13077385,0],[-44.14681426,-20.13074904,0],[-44.14679339,-20.13072522,0],[-44.14677212,-20.13070221,0],[-44.1467508,-20.13067984,0],[-44.14672978,-20.13065796,0],[-44.14672433,-20.13065224,0],[-44.14672222,-20.13065001,0],[-44.14670939,-20.1306365,0],[-44.14668885,-20.13061412,0],[-44.14667121,-20.13059404,0],[-44.14665403,-20.13057373,0],[-44.1466315,-20.13054601,0],[-44.14660957,-20.13051793,0],[-44.14658807,-20.13048951,0],[-44.14656688,-20.13046079,0],[-44.14654585,-20.1304318,0],[-44.14652483,-20.13040258,0],[-44.14651699,-20.13040761,0],[-44.14650984,-20.13041219,0],[-44.14650965,-20.13041231,0]]]]}},{"type": "Feature","properties": {"classe": "Estrutura de Contenção","descricao": "Canal de drenagem em concreto Canvas"},"geometry": {"type": "MultiPolygon","coordinates": [[[[-44.14383821,-20.13843732,0],[-44.14383716,-20.13843878,0],[-44.14382849,-20.13845085,0],[-44.14382403,-20.13845706,0],[-44.14379915,-20.13849172,0],[-44.1437884,-20.13850669,0],[-44.14378698,-20.13850866,0],[-44.14376831,-20.13853468,0],[-44.14374964,-20.13856067,0],[-44.14375756,-20.13856574,0],[-44.14375695,-20.13857302,0],[-44.14375179,-20.13863415,0],[-44.14377554,-20.13864937,0],[-44.14382021,-20.13862854,0],[-44.1438407,-20.13861899,0],[-44.14384862,-20.13862406,0],[-44.14387062,-20.13859343,0],[-44.14389813,-20.13855511,0],[-44.14391934,-20.13852557,0],[-44.14395183,-20.13848033,0],[-44.14397867,-20.13844294,0],[-44.14401537,-20.13839184,0],[-44.14402461,-20.13837896,0],[-44.14403237,-20.13836816,0],[-44.1441837,-20.13815741,0],[-44.14419408,-20.13814256,0],[-44.14420507,-20.13812596,0],[-44.14421557,-20.13810908,0],[-44.1442256,-20.13809195,0],[-44.14423514,-20.13807457,0],[-44.14424419,-20.13805696,0],[-44.14425274,-20.13803912,0],[-44.14426078,-20.13802108,0],[-44.1442683,-20.13800284,0],[-44.14427531,-20.13798442,0],[-44.1442818,-20.13796582,0],[-44.14428406,-20.13795874,0],[-44.14428411,-20.13795857,0],[-44.14428776,-20.13794707,0],[-44.14429319,-20.13792818,0],[-44.14429808,-20.13790916,0],[-44.14429873,-20.13790633,0],[-44.14430244,-20.13789002,0],[-44.14430625,-20.13787077,0],[-44.14430952,-20.13785144,0],[-44.14431172,-20.13783574,0],[-44.14431224,-20.13783204,0],[-44.14431442,-20.13781257,0],[-44.14431604,-20.13779305,0],[-44.14431711,-20.1377735,0],[-44.14431763,-20.13775393,0],[-44.14431759,-20.13773435,0],[-44.144317,-20.13771479,0],[-44.14431586,-20.13769524,0],[-44.14431417,-20.13767573,0],[-44.14431395,-20.13767352,0],[-44.14431193,-20.13765626,0],[-44.14430914,-20.13763687,0],[-44.14430581,-20.13761754,0],[-44.14430192,-20.13759831,0],[-44.1442975,-20.13757919,0],[-44.14429304,-20.13756209,0],[-44.14429254,-20.13756018,0],[-44.14428705,-20.13754131,0],[-44.14428102,-20.13752257,0],[-44.14427447,-20.137504,0],[-44.14426739,-20.1374856,0],[-44.1442598,-20.13746738,0],[-44.14425169,-20.13744937,0],[-44.14424309,-20.13743156,0],[-44.14423398,-20.13741397,0],[-44.14422437,-20.13739662,0],[-44.14421428,-20.13737952,0],[-44.14420372,-20.13736268,0],[-44.14419268,-20.13734611,0],[-44.14418117,-20.13732983,0],[-44.14416921,-20.13731384,0],[-44.14415681,-20.13729815,0],[-44.14414396,-20.13728279,0],[-44.14413069,-20.13726775,0],[-44.14411699,-20.13725306,0],[-44.14410289,-20.13723871,0],[-44.14408839,-20.13722473,0],[-44.14408638,-20.13722285,0],[-44.14312809,-20.13632958,0],[-44.14312294,-20.13632479,0],[-44.14267192,-20.13590437,0],[-44.14263788,-20.13587264,0],[-44.14260383,-20.1358409,0],[-44.14257811,-20.13581692,0],[-44.1425765,-20.13581543,0],[-44.14256186,-20.13580211,0],[-44.14254694,-20.13578907,0],[-44.14253174,-20.13577631,0],[-44.14251628,-20.13576384,0],[-44.14250056,-20.13575167,0],[-44.14248458,-20.1357398,0],[-44.14246835,-20.13572823,0],[-44.14245189,-20.13571697,0],[-44.14243519,-20.13570603,0],[-44.14241825,-20.1356954,0],[-44.1424011,-20.13568509,0],[-44.14238373,-20.13567511,0],[-44.14236616,-20.13566546,0],[-44.14234838,-20.13565614,0],[-44.14233041,-20.13564716,0],[-44.14231226,-20.13563853,0],[-44.14229392,-20.13563023,0],[-44.14227541,-20.13562229,0],[-44.14226472,-20.13561789,0],[-44.14225674,-20.13561469,0],[-44.14223791,-20.13560745,0],[-44.14221894,-20.13560057,0],[-44.14219981,-20.13559405,0],[-44.14218056,-20.13558789,0],[-44.14216118,-20.13558209,0],[-44.14214168,-20.13557666,0],[-44.14213412,-20.13557471,0],[-44.14212922,-20.13557345,0],[-44.14212207,-20.1355716,0],[-44.14210235,-20.13556692,0],[-44.14208254,-20.1355626,0],[-44.14206265,-20.13555866,0],[-44.14204267,-20.1355551,0],[-44.14202262,-20.13555191,0],[-44.14202125,-20.13555171,0],[-44.14200251,-20.13554911,0],[-44.14198234,-20.13554668,0],[-44.14196213,-20.13554464,0],[-44.14194187,-20.13554298,0],[-44.14192159,-20.1355417,0],[-44.14190128,-20.1355408,0],[-44.14189603,-20.13554064,0],[-44.14188185,-20.13554021,0],[-44.14169782,-20.13549858,0],[-44.14169181,-20.1354984,0],[-44.14167268,-20.13549783,0],[-44.14166055,-20.13549747,0],[-44.14158088,-20.13541734,0],[-44.14148526,-20.1354145,0],[-44.14140041,-20.13548974,0],[-44.14138581,-20.1354893,0],[-44.14136669,-20.13548874,0],[-44.14136314,-20.13548863,0],[-44.14135612,-20.1354898,0],[-44.14117902,-20.13551931,0],[-44.14116484,-20.13551889,0],[-44.14116251,-20.13551882,0],[-44.14115481,-20.13551861,0],[-44.14113488,-20.13551824,0],[-44.14111495,-20.13551812,0],[-44.14109502,-20.13551826,0],[-44.14107509,-20.13551864,0],[-44.14105517,-20.13551927,0],[-44.14103526,-20.13552016,0],[-44.14101596,-20.13552126,0],[-44.14101537,-20.13552129,0],[-44.14099549,-20.13552268,0],[-44.14097563,-20.13552431,0],[-44.1409558,-20.1355262,0],[-44.14094758,-20.13552706,0],[-44.140936,-20.13552834,0],[-44.14091623,-20.13553072,0],[-44.1408965,-20.13553335,0],[-44.1408768,-20.13553624,0],[-44.14085715,-20.13553936,0],[-44.14083754,-20.13554274,0],[-44.14081798,-20.13554636,0],[-44.14079847,-20.13555023,0],[-44.14077902,-20.13555435,0],[-44.14075964,-20.13555871,0],[-44.14074031,-20.13556331,0],[-44.14073611,-20.13556434,0],[-44.13965772,-20.13583155,0],[-44.13965448,-20.13583236,0],[-44.13896849,-20.13600233,0],[-44.13896361,-20.13600353,0],[-44.13894583,-20.13600775,0],[-44.13892799,-20.13601175,0],[-44.13891009,-20.13601552,0],[-44.13889214,-20.13601907,0],[-44.13887415,-20.13602239,0],[-44.1388561,-20.13602548,0],[-44.13883802,-20.13602835,0],[-44.1388199,-20.13603098,0],[-44.13880174,-20.13603339,0],[-44.13879246,-20.13603453,0],[-44.13878355,-20.13603557,0],[-44.13876533,-20.13603752,0],[-44.13874708,-20.13603924,0],[-44.13872881,-20.13604074,0],[-44.13872398,-20.13604109,0],[-44.13871053,-20.136042,0],[-44.13869222,-20.13604303,0],[-44.13867391,-20.13604383,0],[-44.13865558,-20.1360444,0],[-44.13863724,-20.13604474,0],[-44.13861891,-20.13604485,0],[-44.13860057,-20.13604472,0],[-44.13858224,-20.13604437,0],[-44.13856391,-20.13604378,0],[-44.1385456,-20.13604297,0],[-44.13852729,-20.13604192,0],[-44.13850901,-20.13604065,0],[-44.13849074,-20.13603914,0],[-44.13847607,-20.13603776,0],[-44.13811161,-20.13600167,0],[-44.13811067,-20.13600157,0],[-44.13808922,-20.13599989,0],[-44.13806771,-20.13599903,0],[-44.13804619,-20.13599897,0],[-44.13802468,-20.13599973,0],[-44.13802376,-20.13599979,0],[-44.13800322,-20.1360013,0],[-44.13798184,-20.13600368,0],[-44.13796058,-20.13600686,0],[-44.13793948,-20.13601084,0],[-44.13791856,-20.13601562,0],[-44.13790852,-20.13601821,0],[-44.13789785,-20.13602119,0],[-44.1378774,-20.13602753,0],[-44.13785724,-20.13603464,0],[-44.13783739,-20.1360425,0],[-44.13781789,-20.13605111,0],[-44.13779877,-20.13606045,0],[-44.13778006,-20.1360705,0],[-44.1377618,-20.13608125,0],[-44.137744,-20.13609269,0],[-44.13774367,-20.13609291,0],[-44.1377267,-20.13610478,0],[-44.13772652,-20.13610491,0],[-44.13768315,-20.13613655,0],[-44.137689,-20.1361437,0],[-44.13767874,-20.136194,0],[-44.13769629,-20.13621545,0],[-44.13775041,-20.13621878,0],[-44.13775626,-20.13622593,0],[-44.13779963,-20.1361943,0],[-44.13779976,-20.1361942,0],[-44.13781154,-20.13618596,0],[-44.13781322,-20.13618479,0],[-44.13782706,-20.1361759,0],[-44.13784127,-20.13616753,0],[-44.13785582,-20.13615972,0],[-44.13787069,-20.13615245,0],[-44.13788586,-20.13614576,0],[-44.13790129,-20.13613964,0],[-44.13791698,-20.13613411,0],[-44.13793288,-20.13612918,0],[-44.13794118,-20.13612686,0],[-44.13794899,-20.13612485,0],[-44.13796526,-20.13612113,0],[-44.13798167,-20.13611803,0],[-44.13799821,-20.13611556,0],[-44.13801484,-20.13611371,0],[-44.13803153,-20.13611249,0],[-44.13804826,-20.1361119,0],[-44.138065,-20.13611194,0],[-44.13808172,-20.13611262,0],[-44.13809841,-20.13611392,0],[-44.13809914,-20.13611399,0],[-44.13827229,-20.13613114,0],[-44.13827708,-20.13613162,0],[-44.1384636,-20.13615009,0],[-44.13847954,-20.13615159,0],[-44.1384994,-20.13615323,0],[-44.13851928,-20.13615461,0],[-44.13853917,-20.13615575,0],[-44.13855908,-20.13615664,0],[-44.138579,-20.13615727,0],[-44.13859893,-20.13615766,0],[-44.13861886,-20.13615779,0],[-44.13863879,-20.13615767,0],[-44.13865872,-20.1361573,0],[-44.13867864,-20.13615669,0],[-44.13869855,-20.13615582,0],[-44.13871844,-20.1361547,0],[-44.13873306,-20.13615371,0],[-44.13873832,-20.13615332,0],[-44.13875818,-20.1361517,0],[-44.13877801,-20.13614983,0],[-44.13879782,-20.13614771,0],[-44.13880751,-20.13614658,0],[-44.13881759,-20.13614534,0],[-44.13883732,-20.13614272,0],[-44.13885702,-20.13613985,0],[-44.13887668,-20.13613674,0],[-44.13889629,-20.13613338,0],[-44.13891585,-20.13612977,0],[-44.13893536,-20.13612591,0],[-44.13895481,-20.13612181,0],[-44.13897421,-20.13611747,0],[-44.13899354,-20.13611288,0],[-44.13899884,-20.13611158,0],[-44.13952188,-20.13598198,0],[-44.13952196,-20.13598196,0],[-44.14076646,-20.13567359,0],[-44.14077032,-20.13567264,0],[-44.1407881,-20.1356684,0],[-44.14080594,-20.13566439,0],[-44.14082383,-20.13566061,0],[-44.14084178,-20.13565705,0],[-44.14085977,-20.13565372,0],[-44.14087781,-20.13565061,0],[-44.14089589,-20.13564773,0],[-44.14091401,-20.13564508,0],[-44.14093217,-20.13564266,0],[-44.14095036,-20.13564046,0],[-44.14096101,-20.13563929,0],[-44.14096858,-20.1356385,0],[-44.14098682,-20.13563676,0],[-44.14100509,-20.13563526,0],[-44.14102338,-20.13563399,0],[-44.14104168,-20.13563294,0],[-44.14106,-20.13563213,0],[-44.14107832,-20.13563154,0],[-44.14109666,-20.13563119,0],[-44.14111499,-20.13563107,0],[-44.14113333,-20.13563118,0],[-44.14115166,-20.13563152,0],[-44.14115875,-20.13563171,0],[-44.14117526,-20.1356322,0],[-44.14135697,-20.13567377,0],[-44.14136052,-20.13567387,0],[-44.14137964,-20.13567444,0],[-44.14139424,-20.13567488,0],[-44.14147391,-20.135755,0],[-44.14156953,-20.13575784,0],[-44.14165438,-20.13568261,0],[-44.14166651,-20.13568297,0],[-44.14168564,-20.13568354,0],[-44.14169165,-20.13568372,0],[-44.14187809,-20.1356531,0],[-44.14189227,-20.13565352,0],[-44.1418969,-20.13565367,0],[-44.14191482,-20.13565446,0],[-44.14193272,-20.13565559,0],[-44.14195059,-20.13565706,0],[-44.14196843,-20.13565886,0],[-44.14198622,-20.135661,0],[-44.14200276,-20.1356633,0],[-44.14200397,-20.13566348,0],[-44.14202166,-20.13566629,0],[-44.14203928,-20.13566943,0],[-44.14205684,-20.13567291,0],[-44.14207432,-20.13567671,0],[-44.14209171,-20.13568085,0],[-44.14210902,-20.13568531,0],[-44.14212622,-20.1356901,0],[-44.14214332,-20.13569522,0],[-44.14216031,-20.13570065,0],[-44.14217718,-20.13570641,0],[-44.14219393,-20.13571248,0],[-44.14221054,-20.13571887,0],[-44.14221758,-20.13572169,0],[-44.14222702,-20.13572557,0],[-44.14224335,-20.13573258,0],[-44.14225953,-20.1357399,0],[-44.14227555,-20.13574752,0],[-44.1422914,-20.13575544,0],[-44.14230709,-20.13576366,0],[-44.1423226,-20.13577218,0],[-44.14233792,-20.13578099,0],[-44.14235305,-20.13579008,0],[-44.14236799,-20.13579946,0],[-44.14238273,-20.13580912,0],[-44.14239726,-20.13581905,0],[-44.14241158,-20.13582926,0],[-44.14242567,-20.13583973,0],[-44.14243955,-20.13585047,0],[-44.14245319,-20.13586147,0],[-44.1424666,-20.13587273,0],[-44.14247976,-20.13588423,0],[-44.14249268,-20.13589599,0],[-44.1424941,-20.1358973,0],[-44.14262509,-20.13601941,0],[-44.14263077,-20.13602471,0],[-44.14400238,-20.13730324,0],[-44.14400407,-20.13730482,0],[-44.14401634,-20.13731666,0],[-44.14402828,-20.1373288,0],[-44.14403987,-20.13734123,0],[-44.1440511,-20.13735395,0],[-44.14406197,-20.13736696,0],[-44.14407246,-20.13738023,0],[-44.14408258,-20.13739376,0],[-44.14409232,-20.13740754,0],[-44.14410166,-20.13742155,0],[-44.1441106,-20.1374358,0],[-44.14411914,-20.13745028,0],[-44.14412726,-20.13746496,0],[-44.14413497,-20.13747984,0],[-44.14414226,-20.1374949,0],[-44.14414911,-20.13751015,0],[-44.14415554,-20.13752556,0],[-44.14416152,-20.13754113,0],[-44.14416707,-20.13755685,0],[-44.14417217,-20.1375727,0],[-44.14417682,-20.13758867,0],[-44.14418102,-20.13760475,0],[-44.14418165,-20.13760751,0],[-44.14418233,-20.13761043,0],[-44.14418476,-20.13762094,0],[-44.14418804,-20.13763721,0],[-44.14419087,-20.13765356,0],[-44.14419323,-20.13766997,0],[-44.14419493,-20.13768457,0],[-44.14419512,-20.13768644,0],[-44.14419655,-20.13770295,0],[-44.14419752,-20.13771949,0],[-44.14419801,-20.13773605,0],[-44.14419804,-20.13775261,0],[-44.14419761,-20.13776917,0],[-44.1441967,-20.13778571,0],[-44.14419533,-20.13780223,0],[-44.14419349,-20.1378187,0],[-44.14419119,-20.13783512,0],[-44.14418842,-20.13785148,0],[-44.14418519,-20.13786776,0],[-44.14418151,-20.13788396,0],[-44.14417799,-20.13789764,0],[-44.14417737,-20.13790005,0],[-44.14417278,-20.13791604,0],[-44.14416773,-20.1379319,0],[-44.14416224,-20.13794764,0],[-44.14415742,-20.13796032,0],[-44.14415631,-20.13796323,0],[-44.14414994,-20.13797866,0],[-44.14414314,-20.13799393,0],[-44.14413591,-20.13800902,0],[-44.14412825,-20.13802392,0],[-44.14412018,-20.13803863,0],[-44.14411169,-20.13805313,0],[-44.14410606,-20.13806217,0],[-44.14410602,-20.13806224,0],[-44.1441028,-20.1380674,0],[-44.14409351,-20.13808145,0],[-44.14408472,-20.13809402,0],[-44.14404407,-20.13815064,0],[-44.14404079,-20.1381552,0],[-44.14403025,-20.13816987,0],[-44.14402162,-20.13818189,0],[-44.14401394,-20.13819259,0],[-44.14400897,-20.13819951,0],[-44.14398709,-20.13822998,0],[-44.14395767,-20.13827095,0],[-44.1439527,-20.13827787,0],[-44.14394108,-20.13829405,0],[-44.14394029,-20.13829516,0],[-44.1439321,-20.13830657,0],[-44.14392737,-20.13831315,0],[-44.14390372,-20.13834609,0],[-44.14390367,-20.13834615,0],[-44.14388499,-20.13837218,0],[-44.14388489,-20.13837231,0],[-44.14385508,-20.13841383,0],[-44.14385506,-20.13841386,0],[-44.14383821,-20.13843732,0]]]]}},{"type": "Feature","properties": {"classe": "Estrutura de Contenção","descricao": "Estaca Prancha"},"geometry": {"type": "MultiPolygon","coordinates": [[[[-44.15911288,-20.15773969,0],[-44.15910745,-20.15774374,0],[-44.15871682,-20.15803559,0],[-44.15871489,-20.15803738,0],[-44.15871345,-20.15803932,0],[-44.1587124,-20.15804146,0],[-44.15871175,-20.15804374,0],[-44.15871153,-20.15804609,0],[-44.15871175,-20.15804845,0],[-44.1587124,-20.15805073,0],[-44.15871345,-20.15805287,0],[-44.15871489,-20.1580548,0],[-44.15871666,-20.15805647,0],[-44.15871871,-20.15805783,0],[-44.15872097,-20.15805883,0],[-44.15872339,-20.15805944,0],[-44.15872588,-20.15805964,0],[-44.15872837,-20.15805944,0],[-44.15873079,-20.15805883,0],[-44.15873305,-20.15805783,0],[-44.15873478,-20.15805672,0],[-44.15918067,-20.15772359,0],[-44.1591826,-20.1577218,0],[-44.15918404,-20.15771986,0],[-44.15918509,-20.15771772,0],[-44.15918574,-20.15771544,0],[-44.15918596,-20.15771309,0],[-44.15918574,-20.15771073,0],[-44.15918509,-20.15770845,0],[-44.15918404,-20.15770631,0],[-44.1591826,-20.15770438,0],[-44.15918083,-20.15770271,0],[-44.15917879,-20.15770135,0],[-44.15917652,-20.15770035,0],[-44.1591741,-20.15769974,0],[-44.15917161,-20.15769954,0],[-44.15916912,-20.15769974,0],[-44.1591667,-20.15770035,0],[-44.15916444,-20.15770135,0],[-44.15916271,-20.15770246,0],[-44.15911846,-20.15773552,0],[-44.15911288,-20.15773969,0]]]]}}]}