{"type": "FeatureCollection","name": "documentos-processo-municipios","crs": {"type": "name","properties": {"name": "urn:ogc:def:crs:OGC:1.3:CRS84"}},"features": [{"type": "Feature","properties": {"nome": "Brumadinho","geocodigo": "3109006","uf": "MG","documentos_que_citam": 192,"processos_distintos": 10,"tipos_distintos": 11,"documentos_por_tipo": {"extraprocessual": 75,"documentos comprobatórios": 58,"outros documentos": 36,"petição": 11,"manifestação da defensoria pública": 3,"estudo técnico": 3,"manifestação da promotoria": 2,"manifestação da advocacia pública": 1,"petição inicial": 1,"contestação": 1,"relatório técnico": 1},"documentos_por_processo": {"5010709-36.2019.8.13.0024": 52,"5087481-40.2019.8.13.0024": 29,"5036296-26.2020.8.13.0024": 29,"5071521-44.2019.8.13.0024": 26,"5044954-73.2019.8.13.0024": 19,"5026408-67.2019.8.13.0024": 12,"5095958-18.2020.8.13.0024": 9,"5095960-85.2020.8.13.0024": 8,"5036162-96.2020.8.13.0024": 7,"5036254-74.2020.8.13.0024": 1},"resumos_redigidos_pela_triagem": 28,"o_que_esta_contagem_e": "Documentos do processo judicial da reparação de Brumadinho que CITAM este município -- não documentos SOBRE o município, nem fatos ocorridos nele. O vínculo é o campo de local que a própria UFMG preenche para apoiar busca no acervo.","onde_ler_a_lista": "/paraopeba/documentos","por_que_nao_tem_o_resumo_aqui": "De propósito: a camada publica contagem, nunca teor. Resumo, título e id de documento ficam na página, onde a triagem de dado pessoal e a atribuição à UFMG aparecem junto. Ver a docstring de scripts/gerar_camada_documentos_municipio.py.","fonte": "Plataforma Brumadinho UFMG (índice Solr público, campo `places`)","cobertura_da_camada": "471 de 7.107 documentos do acervo (6,6%) têm município identificado","aviso": "VIÉS DE COBERTURA, não geografia do dano: só 471 dos 7.107 documentos do acervo (6,6%) têm município identificado -- o campo de local é texto livre, preenchido em 18,2% do acervo, e a maior parte do que está lá é nome de barragem, comunidade, rio ou bacia, não município. Este mapa mostra onde o ACERVO CITA, não onde o dano FOI: município ausente daqui NÃO é município não atingido. NÃO SOME as contagens entre municípios: um mesmo documento cita vários municípios e é contado inteiro em cada um -- somar inventa documento. O polígono é a unidade de contagem (o município citado), não a extensão de nenhum fato."},"geometry": {"type": "Polygon","coordinates": [[[-44.0171105899,-20.0533886737],[-43.9916921443,-20.0631403131],[-43.994919603,-20.0768918173],[-43.9840050368,-20.0895417712],[-43.9718034249,-20.1390441102],[-43.9726981772,-20.1773054411],[-43.9796923553,-20.1862175026],[-43.9763876148,-20.2222120698],[-43.9650744658,-20.2594429714],[-43.9971143612,-20.2543996645],[-44.0194928472,-20.2707326503],[-44.0354397212,-20.2640560194],[-44.0278174424,-20.2820696772],[-44.0305801768,-20.2983311417],[-44.0558876707,-20.3149093664],[-44.0789716438,-20.3182959136],[-44.0828864518,-20.3032341378],[-44.0953615736,-20.2988237306],[-44.1045558025,-20.3067475971],[-44.0995489095,-20.3124086187],[-44.119664852,-20.3159813073],[-44.1217718627,-20.3072300332],[-44.1144174262,-20.3038098239],[-44.1252407943,-20.2971380659],[-44.1140000792,-20.2903843794],[-44.1233170106,-20.2745130784],[-44.1173102243,-20.250932304],[-44.1522810291,-20.2433725965],[-44.1473340299,-20.2270844004],[-44.1570588143,-20.2291490382],[-44.164613713,-20.2167580095],[-44.1926812969,-20.2366210747],[-44.2326697847,-20.2318161585],[-44.2322771729,-20.2476872088],[-44.2479093775,-20.2577013866],[-44.2671960743,-20.2507663345],[-44.2682800137,-20.2259422813],[-44.2750272524,-20.2239790975],[-44.2804432785,-20.203170731],[-44.273477351,-20.1910877214],[-44.2777733833,-20.1708255861],[-44.3062472781,-20.1824185596],[-44.3504085264,-20.1594705848],[-44.3375891236,-20.1379166485],[-44.3377559715,-20.119257911],[-44.277587474,-20.1109617023],[-44.2509716684,-20.1236972486],[-44.1930259517,-20.0965770085],[-44.1055925037,-20.0982294348],[-44.0171105899,-20.0533886737]]]}},{"type": "Feature","properties": {"nome": "São Joaquim de Bicas","geocodigo": "3162922","uf": "MG","documentos_que_citam": 81,"processos_distintos": 8,"tipos_distintos": 11,"documentos_por_tipo": {"extraprocessual": 31,"outros documentos": 22,"documentos comprobatórios": 11,"petição": 5,"estudo técnico": 3,"ofício": 3,"manifestação da defensoria pública": 2,"manifestação da promotoria": 1,"manifestação da advocacia pública": 1,"petição inicial": 1,"relatório técnico": 1},"documentos_por_processo": {"5087481-40.2019.8.13.0024": 24,"5036296-26.2020.8.13.0024": 16,"5010709-36.2019.8.13.0024": 13,"5044954-73.2019.8.13.0024": 7,"5026408-67.2019.8.13.0024": 6,"5071521-44.2019.8.13.0024": 6,"5095958-18.2020.8.13.0024": 5,"5095960-85.2020.8.13.0024": 4},"resumos_redigidos_pela_triagem": 3,"o_que_esta_contagem_e": "Documentos do processo judicial da reparação de Brumadinho que CITAM este município -- não documentos SOBRE o município, nem fatos ocorridos nele. O vínculo é o campo de local que a própria UFMG preenche para apoiar busca no acervo.","onde_ler_a_lista": "/paraopeba/documentos","por_que_nao_tem_o_resumo_aqui": "De propósito: a camada publica contagem, nunca teor. Resumo, título e id de documento ficam na página, onde a triagem de dado pessoal e a atribuição à UFMG aparecem junto. Ver a docstring de scripts/gerar_camada_documentos_municipio.py.","fonte": "Plataforma Brumadinho UFMG (índice Solr público, campo `places`)","cobertura_da_camada": "471 de 7.107 documentos do acervo (6,6%) têm município identificado","aviso": "VIÉS DE COBERTURA, não geografia do dano: só 471 dos 7.107 documentos do acervo (6,6%) têm município identificado -- o campo de local é texto livre, preenchido em 18,2% do acervo, e a maior parte do que está lá é nome de barragem, comunidade, rio ou bacia, não município. Este mapa mostra onde o ACERVO CITA, não onde o dano FOI: município ausente daqui NÃO é município não atingido. NÃO SOME as contagens entre municípios: um mesmo documento cita vários municípios e é contado inteiro em cada um -- somar inventa documento. O polígono é a unidade de contagem (o município citado), não a extensão de nenhum fato."},"geometry": {"type": "Polygon","coordinates": [[[-44.2619895789,-20.0337706046],[-44.2412514036,-20.0496218639],[-44.2266637353,-20.0368197634],[-44.2152540255,-20.0415481651],[-44.2172756547,-20.0481260066],[-44.2025279349,-20.0432638578],[-44.1962247926,-20.0509319715],[-44.2138548098,-20.0658803941],[-44.2098470612,-20.1005182748],[-44.2509716684,-20.1236972486],[-44.277587474,-20.1109617023],[-44.2837218091,-20.0643706163],[-44.2916068541,-20.0589094246],[-44.2829711456,-20.0462632048],[-44.2890528892,-20.0350798215],[-44.2772171575,-20.0307655431],[-44.2658892462,-20.0003445152],[-44.2521116196,-20.0159780981],[-44.2619895789,-20.0337706046]]]}},{"type": "Feature","properties": {"nome": "Mário Campos","geocodigo": "3140159","uf": "MG","documentos_que_citam": 65,"processos_distintos": 8,"tipos_distintos": 8,"documentos_por_tipo": {"extraprocessual": 29,"outros documentos": 22,"documentos comprobatórios": 9,"manifestação da promotoria": 1,"manifestação da advocacia pública": 1,"petição inicial": 1,"petição": 1,"manifestação da defensoria pública": 1},"documentos_por_processo": {"5087481-40.2019.8.13.0024": 22,"5036296-26.2020.8.13.0024": 15,"5010709-36.2019.8.13.0024": 6,"5071521-44.2019.8.13.0024": 5,"5095958-18.2020.8.13.0024": 5,"5026408-67.2019.8.13.0024": 4,"5044954-73.2019.8.13.0024": 4,"5095960-85.2020.8.13.0024": 4},"resumos_redigidos_pela_triagem": 4,"o_que_esta_contagem_e": "Documentos do processo judicial da reparação de Brumadinho que CITAM este município -- não documentos SOBRE o município, nem fatos ocorridos nele. O vínculo é o campo de local que a própria UFMG preenche para apoiar busca no acervo.","onde_ler_a_lista": "/paraopeba/documentos","por_que_nao_tem_o_resumo_aqui": "De propósito: a camada publica contagem, nunca teor. Resumo, título e id de documento ficam na página, onde a triagem de dado pessoal e a atribuição à UFMG aparecem junto. Ver a docstring de scripts/gerar_camada_documentos_municipio.py.","fonte": "Plataforma Brumadinho UFMG (índice Solr público, campo `places`)","cobertura_da_camada": "471 de 7.107 documentos do acervo (6,6%) têm município identificado","aviso": "VIÉS DE COBERTURA, não geografia do dano: só 471 dos 7.107 documentos do acervo (6,6%) têm município identificado -- o campo de local é texto livre, preenchido em 18,2% do acervo, e a maior parte do que está lá é nome de barragem, comunidade, rio ou bacia, não município. Este mapa mostra onde o ACERVO CITA, não onde o dano FOI: município ausente daqui NÃO é município não atingido. NÃO SOME as contagens entre municípios: um mesmo documento cita vários municípios e é contado inteiro em cada um -- somar inventa documento. O polígono é a unidade de contagem (o município citado), não a extensão de nenhum fato."},"geometry": {"type": "Polygon","coordinates": [[[-44.1893076768,-20.0454945419],[-44.1484714058,-20.0607063681],[-44.1439825236,-20.0876801156],[-44.1226424396,-20.0987149249],[-44.2098470612,-20.1005182748],[-44.2138548098,-20.0658803941],[-44.1893076768,-20.0454945419]]]}},{"type": "Feature","properties": {"nome": "Pará de Minas","geocodigo": "3147105","uf": "MG","documentos_que_citam": 58,"processos_distintos": 8,"tipos_distintos": 10,"documentos_por_tipo": {"extraprocessual": 20,"documentos comprobatórios": 19,"outros documentos": 7,"ata de audiência": 4,"termo": 3,"manifestação da promotoria": 1,"manifestação da advocacia pública": 1,"petição inicial": 1,"petição": 1,"documento de comprovação": 1},"documentos_por_processo": {"5010709-36.2019.8.13.0024": 12,"5036296-26.2020.8.13.0024": 11,"5044954-73.2019.8.13.0024": 9,"5026408-67.2019.8.13.0024": 8,"5071521-44.2019.8.13.0024": 8,"5087481-40.2019.8.13.0024": 6,"5095958-18.2020.8.13.0024": 3,"5095960-85.2020.8.13.0024": 1},"resumos_redigidos_pela_triagem": 3,"o_que_esta_contagem_e": "Documentos do processo judicial da reparação de Brumadinho que CITAM este município -- não documentos SOBRE o município, nem fatos ocorridos nele. O vínculo é o campo de local que a própria UFMG preenche para apoiar busca no acervo.","onde_ler_a_lista": "/paraopeba/documentos","por_que_nao_tem_o_resumo_aqui": "De propósito: a camada publica contagem, nunca teor. Resumo, título e id de documento ficam na página, onde a triagem de dado pessoal e a atribuição à UFMG aparecem junto. Ver a docstring de scripts/gerar_camada_documentos_municipio.py.","fonte": "Plataforma Brumadinho UFMG (índice Solr público, campo `places`)","cobertura_da_camada": "471 de 7.107 documentos do acervo (6,6%) têm município identificado","aviso": "VIÉS DE COBERTURA, não geografia do dano: só 471 dos 7.107 documentos do acervo (6,6%) têm município identificado -- o campo de local é texto livre, preenchido em 18,2% do acervo, e a maior parte do que está lá é nome de barragem, comunidade, rio ou bacia, não município. Este mapa mostra onde o ACERVO CITA, não onde o dano FOI: município ausente daqui NÃO é município não atingido. NÃO SOME as contagens entre municípios: um mesmo documento cita vários municípios e é contado inteiro em cada um -- somar inventa documento. O polígono é a unidade de contagem (o município citado), não a extensão de nenhum fato."},"geometry": {"type": "Polygon","coordinates": [[[-44.4991647579,-19.7057391566],[-44.4933910601,-19.7128157096],[-44.4718929905,-19.7074666307],[-44.466727015,-19.7250088996],[-44.4404530566,-19.7335541704],[-44.43370499,-19.7450828928],[-44.4439980912,-19.7529632832],[-44.4393899813,-19.7684245919],[-44.4468937561,-19.7890245548],[-44.4593624283,-19.7954688572],[-44.4641163273,-19.8105672614],[-44.4788948436,-19.8067439636],[-44.4863098889,-19.8414047418],[-44.5067559684,-19.8485974536],[-44.5156900216,-19.8607902947],[-44.5178093074,-19.8962821783],[-44.5417503317,-19.8976323685],[-44.5249200125,-19.9137143969],[-44.5209190452,-19.9298174529],[-44.5272281658,-19.9529547852],[-44.5504155942,-19.9702201353],[-44.5514514733,-19.9875562206],[-44.5572257602,-19.9737924652],[-44.5715406234,-19.973394994],[-44.5751648166,-19.9641495305],[-44.5995619153,-19.956488302],[-44.6202236429,-19.9359679139],[-44.6244219842,-19.9427585128],[-44.6395819879,-19.9361015775],[-44.6394242722,-19.9239425769],[-44.6547528907,-19.910824232],[-44.6593055089,-19.8917484655],[-44.6740310001,-19.8916726713],[-44.6868932442,-19.8694210058],[-44.7080049581,-19.8853529301],[-44.7304131802,-19.8848809871],[-44.7421829,-19.8974095293],[-44.7861055917,-19.8577718332],[-44.7865273484,-19.8104939432],[-44.7732545878,-19.7915787125],[-44.7851949402,-19.7821382839],[-44.7804757103,-19.7711010587],[-44.7658041401,-19.7814410265],[-44.7618353182,-19.7755691794],[-44.7129703925,-19.7914643209],[-44.6892882513,-19.773672137],[-44.6753673196,-19.7447510162],[-44.6435869681,-19.7395183349],[-44.6369224741,-19.7287929902],[-44.6185255577,-19.7354960857],[-44.6196475092,-19.7632726498],[-44.6069030794,-19.7786339058],[-44.6088657834,-19.7881113658],[-44.5968246017,-19.7953417602],[-44.5762653452,-19.7877923349],[-44.5662256002,-19.7702205662],[-44.5372010444,-19.759994928],[-44.5387777046,-19.7512914988],[-44.5132243257,-19.7410494062],[-44.5133958703,-19.7210735578],[-44.4991647579,-19.7057391566]]]}},{"type": "Feature","properties": {"nome": "Paraopeba","geocodigo": "3147402","uf": "MG","documentos_que_citam": 57,"processos_distintos": 8,"tipos_distintos": 5,"documentos_por_tipo": {"extraprocessual": 35,"documentos comprobatórios": 13,"outros documentos": 4,"petição": 4,"documento de comprovação": 1},"documentos_por_processo": {"5036296-26.2020.8.13.0024": 18,"5071521-44.2019.8.13.0024": 9,"5010709-36.2019.8.13.0024": 6,"5095958-18.2020.8.13.0024": 6,"5026408-67.2019.8.13.0024": 5,"5044954-73.2019.8.13.0024": 5,"5087481-40.2019.8.13.0024": 4,"5095960-85.2020.8.13.0024": 4},"resumos_redigidos_pela_triagem": 5,"o_que_esta_contagem_e": "Documentos do processo judicial da reparação de Brumadinho que CITAM este município -- não documentos SOBRE o município, nem fatos ocorridos nele. O vínculo é o campo de local que a própria UFMG preenche para apoiar busca no acervo.","onde_ler_a_lista": "/paraopeba/documentos","por_que_nao_tem_o_resumo_aqui": "De propósito: a camada publica contagem, nunca teor. Resumo, título e id de documento ficam na página, onde a triagem de dado pessoal e a atribuição à UFMG aparecem junto. Ver a docstring de scripts/gerar_camada_documentos_municipio.py.","fonte": "Plataforma Brumadinho UFMG (índice Solr público, campo `places`)","cobertura_da_camada": "471 de 7.107 documentos do acervo (6,6%) têm município identificado","aviso": "VIÉS DE COBERTURA, não geografia do dano: só 471 dos 7.107 documentos do acervo (6,6%) têm município identificado -- o campo de local é texto livre, preenchido em 18,2% do acervo, e a maior parte do que está lá é nome de barragem, comunidade, rio ou bacia, não município. Este mapa mostra onde o ACERVO CITA, não onde o dano FOI: município ausente daqui NÃO é município não atingido. NÃO SOME as contagens entre municípios: um mesmo documento cita vários municípios e é contado inteiro em cada um -- somar inventa documento. O polígono é a unidade de contagem (o município citado), não a extensão de nenhum fato."},"geometry": {"type": "Polygon","coordinates": [[[-44.3976727952,-19.1377753717],[-44.3985919386,-19.1567807673],[-44.3867269099,-19.1717896695],[-44.3880551391,-19.1957399477],[-44.3735908031,-19.207268684],[-44.3715069608,-19.2303739073],[-44.3527468786,-19.2368910242],[-44.323981935,-19.2220271221],[-44.2951733095,-19.2473679994],[-44.2686092098,-19.2514128126],[-44.2567020499,-19.2612193127],[-44.2497072917,-19.2553729442],[-44.2410628403,-19.2657821014],[-44.2529526292,-19.2967243465],[-44.2653610589,-19.3065341847],[-44.2721515319,-19.3398013363],[-44.281171285,-19.3179548095],[-44.3094199597,-19.3297535522],[-44.2984252529,-19.3645563566],[-44.2995430229,-19.4032237915],[-44.3134198232,-19.374950765],[-44.3353953325,-19.3654992526],[-44.3338404597,-19.3520534458],[-44.3530280158,-19.3448277136],[-44.3621955152,-19.3232999481],[-44.3586115566,-19.3126970759],[-44.3854911207,-19.2834882887],[-44.3886148116,-19.2927348513],[-44.4087540608,-19.2950958888],[-44.4280025181,-19.2721833631],[-44.447840329,-19.2672650413],[-44.4717572645,-19.2959091296],[-44.4839429486,-19.2968493033],[-44.4800378736,-19.3120630678],[-44.4902760292,-19.3185045167],[-44.4885576802,-19.3381335901],[-44.4848876246,-19.3519617679],[-44.4633363672,-19.3589547],[-44.4369997661,-19.3460252041],[-44.4172221621,-19.3657374582],[-44.424916755,-19.4015413099],[-44.4453369424,-19.3985502004],[-44.4939804052,-19.4207157285],[-44.497339108,-19.4290028226],[-44.5501686943,-19.4269030256],[-44.5460558237,-19.4031997251],[-44.5250861721,-19.3848422506],[-44.5360647308,-19.3620926351],[-44.5261186932,-19.3584761794],[-44.5589762326,-19.3544859823],[-44.5590860383,-19.3445967749],[-44.5664516435,-19.3446164842],[-44.5617558745,-19.3325146767],[-44.5416394217,-19.3328128345],[-44.5337488709,-19.3197303742],[-44.5400018291,-19.3132725773],[-44.538868389,-19.3221417066],[-44.5453373129,-19.3194004954],[-44.548578233,-19.3094459022],[-44.5758648391,-19.3255831442],[-44.5778150379,-19.3126241836],[-44.5863660198,-19.3130150715],[-44.5848363752,-19.3029523034],[-44.6234277952,-19.2664193907],[-44.6267812356,-19.2455598924],[-44.6427365774,-19.2405851463],[-44.6620894267,-19.2468750143],[-44.6621916703,-19.2411101038],[-44.6524238111,-19.2262457746],[-44.633981707,-19.2323531011],[-44.5697863886,-19.2015359168],[-44.5341987196,-19.1671833824],[-44.4957521631,-19.15931362],[-44.4606693101,-19.1692918628],[-44.4511682656,-19.1417340432],[-44.4359489376,-19.1456351059],[-44.4085846643,-19.1291897707],[-44.3976727952,-19.1377753717]]]}},{"type": "Feature","properties": {"nome": "Pompéu","geocodigo": "3152006","uf": "MG","documentos_que_citam": 49,"processos_distintos": 8,"tipos_distintos": 6,"documentos_por_tipo": {"extraprocessual": 22,"documentos comprobatórios": 16,"petição": 5,"outros documentos": 4,"manifestação da defensoria pública": 1,"documento de comprovação": 1},"documentos_por_processo": {"5036296-26.2020.8.13.0024": 12,"5026408-67.2019.8.13.0024": 10,"5071521-44.2019.8.13.0024": 8,"5087481-40.2019.8.13.0024": 7,"5044954-73.2019.8.13.0024": 6,"5095958-18.2020.8.13.0024": 3,"5010709-36.2019.8.13.0024": 2,"5095960-85.2020.8.13.0024": 1},"resumos_redigidos_pela_triagem": 1,"o_que_esta_contagem_e": "Documentos do processo judicial da reparação de Brumadinho que CITAM este município -- não documentos SOBRE o município, nem fatos ocorridos nele. O vínculo é o campo de local que a própria UFMG preenche para apoiar busca no acervo.","onde_ler_a_lista": "/paraopeba/documentos","por_que_nao_tem_o_resumo_aqui": "De propósito: a camada publica contagem, nunca teor. Resumo, título e id de documento ficam na página, onde a triagem de dado pessoal e a atribuição à UFMG aparecem junto. Ver a docstring de scripts/gerar_camada_documentos_municipio.py.","fonte": "Plataforma Brumadinho UFMG (índice Solr público, campo `places`)","cobertura_da_camada": "471 de 7.107 documentos do acervo (6,6%) têm município identificado","aviso": "VIÉS DE COBERTURA, não geografia do dano: só 471 dos 7.107 documentos do acervo (6,6%) têm município identificado -- o campo de local é texto livre, preenchido em 18,2% do acervo, e a maior parte do que está lá é nome de barragem, comunidade, rio ou bacia, não município. Este mapa mostra onde o ACERVO CITA, não onde o dano FOI: município ausente daqui NÃO é município não atingido. NÃO SOME as contagens entre municípios: um mesmo documento cita vários municípios e é contado inteiro em cada um -- somar inventa documento. O polígono é a unidade de contagem (o município citado), não a extensão de nenhum fato."},"geometry": {"type": "Polygon","coordinates": [[[-45.1564219236,-18.8065945488],[-45.1345083259,-18.8394553599],[-45.1225648798,-18.8195883715],[-45.108235666,-18.8148893989],[-45.1030388307,-18.8466135993],[-45.0863432416,-18.8541119571],[-45.0669846533,-18.845686593],[-45.0598921697,-18.82579601],[-45.0478944115,-18.8174617882],[-44.9751982968,-18.825061445],[-44.9662022047,-18.8385953357],[-44.9356498563,-18.8456239759],[-44.9373958347,-18.866898133],[-44.9144671423,-18.8846570891],[-44.9079980686,-18.8762744053],[-44.9122258561,-18.8603435919],[-44.8903353064,-18.8592240576],[-44.8718697267,-18.84300831],[-44.8583911968,-18.8566202869],[-44.8546458513,-18.8449968911],[-44.8447619895,-18.8433753795],[-44.8313666091,-18.8483836568],[-44.8258743222,-18.863470217],[-44.7858400344,-18.8665670982],[-44.7760624051,-18.8777849505],[-44.786868883,-18.9132252202],[-44.7787830989,-18.9319133612],[-44.7627842746,-18.9339428554],[-44.7587562667,-18.9628140697],[-44.7866980177,-18.9545775645],[-44.7820018621,-18.9866835384],[-44.7983111544,-19.0007652104],[-44.7784266831,-19.0010572393],[-44.7744427542,-18.98336009],[-44.754201781,-18.9853593636],[-44.7372308425,-18.998297021],[-44.746645513,-19.007330003],[-44.7336765535,-19.0235966575],[-44.69512065,-19.028764106],[-44.6937280409,-19.0365856973],[-44.7059231416,-19.0377599509],[-44.7103734635,-19.0485201104],[-44.6956958592,-19.0466293354],[-44.680057976,-19.0671897876],[-44.7090833643,-19.1089719458],[-44.696069778,-19.1340749032],[-44.6789545871,-19.1357558464],[-44.6839450285,-19.1499532812],[-44.7048895876,-19.1576535732],[-44.7066246245,-19.1695685226],[-44.6941989281,-19.1714422907],[-44.6844489985,-19.1608717805],[-44.6703126922,-19.1714707662],[-44.6865602029,-19.1822457401],[-44.6908926683,-19.2032773393],[-44.7115088265,-19.2096692491],[-44.7062534473,-19.2259557621],[-44.7162838256,-19.2391306452],[-44.716255209,-19.256742826],[-44.7376492447,-19.2739853058],[-44.747951899,-19.3474001947],[-44.7938632313,-19.3711047562],[-44.7977598725,-19.4013050186],[-44.8398159685,-19.4624684169],[-44.8647573131,-19.4652729454],[-44.877711981,-19.4775308346],[-44.8934198796,-19.4740729295],[-44.9084760402,-19.486678449],[-44.9190286211,-19.4708784295],[-44.9145660889,-19.4569703475],[-44.9269992008,-19.4496426509],[-44.9379516416,-19.4558625915],[-44.9803370485,-19.4547809574],[-44.992399499,-19.4359495858],[-45.0134291997,-19.4281567796],[-45.0212882013,-19.4136360163],[-45.0537286568,-19.3932948973],[-45.0615775388,-19.3712402409],[-45.0631443833,-19.3126071801],[-45.0421469816,-19.2947025589],[-45.076588013,-19.300362117],[-45.0770874032,-19.2811749457],[-45.0945616995,-19.2927324288],[-45.1300313352,-19.2803060442],[-45.1182351705,-19.2628426833],[-45.1324767067,-19.2457347339],[-45.1420028253,-19.2125412452],[-45.1199495266,-19.1917822084],[-45.1188109242,-19.1714132906],[-45.0958985278,-19.1511994804],[-45.1058972201,-19.1100377346],[-45.0811188675,-19.087466489],[-45.0925061476,-19.0618904827],[-45.116593421,-19.0615521682],[-45.1092339636,-19.0024156161],[-45.1176760274,-18.9759037323],[-45.1100942546,-18.9627032258],[-45.1272040402,-18.9384823718],[-45.1145353947,-18.9125637001],[-45.1175047504,-18.9015927792],[-45.1373966933,-18.8873932434],[-45.1731438062,-18.8895665245],[-45.1871260511,-18.8804159869],[-45.1625088225,-18.8601666568],[-45.184286037,-18.815543117],[-45.1564219236,-18.8065945488]]]}},{"type": "Feature","properties": {"nome": "Mariana","geocodigo": "3140001","uf": "MG","documentos_que_citam": 46,"processos_distintos": 4,"tipos_distintos": 5,"documentos_por_tipo": {"outros documentos": 35,"documentos comprobatórios": 7,"informações prestadas": 2,"decisão": 1,"petição": 1},"documentos_por_processo": {"5087481-40.2019.8.13.0024": 24,"5044954-73.2019.8.13.0024": 14,"5010709-36.2019.8.13.0024": 6,"5026408-67.2019.8.13.0024": 2},"resumos_redigidos_pela_triagem": 0,"o_que_esta_contagem_e": "Documentos do processo judicial da reparação de Brumadinho que CITAM este município -- não documentos SOBRE o município, nem fatos ocorridos nele. O vínculo é o campo de local que a própria UFMG preenche para apoiar busca no acervo.","onde_ler_a_lista": "/paraopeba/documentos","por_que_nao_tem_o_resumo_aqui": "De propósito: a camada publica contagem, nunca teor. Resumo, título e id de documento ficam na página, onde a triagem de dado pessoal e a atribuição à UFMG aparecem junto. Ver a docstring de scripts/gerar_camada_documentos_municipio.py.","fonte": "Plataforma Brumadinho UFMG (índice Solr público, campo `places`)","cobertura_da_camada": "471 de 7.107 documentos do acervo (6,6%) têm município identificado","aviso": "VIÉS DE COBERTURA, não geografia do dano: só 471 dos 7.107 documentos do acervo (6,6%) têm município identificado -- o campo de local é texto livre, preenchido em 18,2% do acervo, e a maior parte do que está lá é nome de barragem, comunidade, rio ou bacia, não município. Este mapa mostra onde o ACERVO CITA, não onde o dano FOI: município ausente daqui NÃO é município não atingido. NÃO SOME as contagens entre municípios: um mesmo documento cita vários municípios e é contado inteiro em cada um -- somar inventa documento. O polígono é a unidade de contagem (o município citado), não a extensão de nenhum fato."},"geometry": {"type": "Polygon","coordinates": [[[-43.4191950007,-20.1327187979],[-43.404435218,-20.1427759839],[-43.3916961561,-20.1373721061],[-43.3897233307,-20.1223418597],[-43.3767984957,-20.1340744238],[-43.3456065621,-20.1395568355],[-43.3608021078,-20.2036674637],[-43.3415809595,-20.2015515264],[-43.3348609513,-20.2109011262],[-43.3237147668,-20.2056256541],[-43.2996464893,-20.216757593],[-43.2818871637,-20.1962568168],[-43.2597714064,-20.1974660283],[-43.2543548368,-20.1886127736],[-43.2324463377,-20.1976207618],[-43.2190171646,-20.2131075183],[-43.2201950944,-20.2048985965],[-43.192081944,-20.1735881216],[-43.1632151636,-20.1771272582],[-43.1604403546,-20.2059523451],[-43.1459141296,-20.2333020683],[-43.1624658643,-20.2615838184],[-43.1588349315,-20.2750148376],[-43.1719653558,-20.2682362859],[-43.183641008,-20.2810852428],[-43.1722758524,-20.3019493058],[-43.1786893789,-20.3150996618],[-43.1469727099,-20.3150010901],[-43.1332756038,-20.3407534578],[-43.1568400246,-20.3453116656],[-43.1638256564,-20.369954181],[-43.1529439467,-20.3763730204],[-43.1686952736,-20.4005873489],[-43.1426632086,-20.4106758453],[-43.1382424508,-20.4247417251],[-43.1229453172,-20.4301645105],[-43.125047094,-20.4489401355],[-43.1329066326,-20.4536069183],[-43.1300785328,-20.4664940678],[-43.1380028468,-20.4713414772],[-43.1467441573,-20.4598755647],[-43.1556113195,-20.4605277934],[-43.1749715081,-20.4410658644],[-43.1762753012,-20.4271019101],[-43.1917115509,-20.4264812979],[-43.1941296925,-20.4382042221],[-43.2099964189,-20.441457138],[-43.214452034,-20.4579627471],[-43.220273872,-20.4467303469],[-43.2283282113,-20.4519263492],[-43.2311679881,-20.4450763248],[-43.2721393826,-20.4525305629],[-43.2678556017,-20.4645879073],[-43.2812977027,-20.4980052726],[-43.3017489338,-20.4948452563],[-43.3332275877,-20.5251537261],[-43.3649390352,-20.5328305527],[-43.3677559059,-20.5496446448],[-43.4171626038,-20.5437876654],[-43.4301209412,-20.5183914981],[-43.4268441741,-20.4899062081],[-43.4460776399,-20.4847205757],[-43.451915426,-20.4683432848],[-43.4891660407,-20.4563272689],[-43.4956426937,-20.4461554219],[-43.472685692,-20.406731369],[-43.47058379,-20.3707835658],[-43.4605808231,-20.3596374333],[-43.4728846577,-20.3447508282],[-43.4616886818,-20.3311668876],[-43.4685230918,-20.318082425],[-43.4518602936,-20.3007214044],[-43.4600044124,-20.2849407736],[-43.4533572935,-20.2712396127],[-43.4626639232,-20.2620433162],[-43.4593858711,-20.2499557789],[-43.469771972,-20.242926179],[-43.4706109026,-20.2224119066],[-43.4991081991,-20.2158177133],[-43.5023833292,-20.1936431277],[-43.4937804897,-20.1699404937],[-43.5090771808,-20.171465164],[-43.5339933071,-20.160734484],[-43.535136689,-20.1531840103],[-43.5108620454,-20.128333555],[-43.4586402537,-20.1437705778],[-43.4369643853,-20.1243525093],[-43.4199104619,-20.1224441922],[-43.4191950007,-20.1327187979]]]}},{"type": "Feature","properties": {"nome": "Juatuba","geocodigo": "3136652","uf": "MG","documentos_que_citam": 42,"processos_distintos": 8,"tipos_distintos": 9,"documentos_por_tipo": {"extraprocessual": 18,"documentos comprobatórios": 10,"outros documentos": 7,"manifestação da advocacia pública": 2,"manifestação da promotoria": 1,"petição inicial": 1,"contestação": 1,"juntada": 1,"petição": 1},"documentos_por_processo": {"5036296-26.2020.8.13.0024": 10,"5010709-36.2019.8.13.0024": 7,"5026408-67.2019.8.13.0024": 7,"5044954-73.2019.8.13.0024": 5,"5087481-40.2019.8.13.0024": 5,"5071521-44.2019.8.13.0024": 4,"5095958-18.2020.8.13.0024": 3,"5095960-85.2020.8.13.0024": 1},"resumos_redigidos_pela_triagem": 3,"o_que_esta_contagem_e": "Documentos do processo judicial da reparação de Brumadinho que CITAM este município -- não documentos SOBRE o município, nem fatos ocorridos nele. O vínculo é o campo de local que a própria UFMG preenche para apoiar busca no acervo.","onde_ler_a_lista": "/paraopeba/documentos","por_que_nao_tem_o_resumo_aqui": "De propósito: a camada publica contagem, nunca teor. Resumo, título e id de documento ficam na página, onde a triagem de dado pessoal e a atribuição à UFMG aparecem junto. Ver a docstring de scripts/gerar_camada_documentos_municipio.py.","fonte": "Plataforma Brumadinho UFMG (índice Solr público, campo `places`)","cobertura_da_camada": "471 de 7.107 documentos do acervo (6,6%) têm município identificado","aviso": "VIÉS DE COBERTURA, não geografia do dano: só 471 dos 7.107 documentos do acervo (6,6%) têm município identificado -- o campo de local é texto livre, preenchido em 18,2% do acervo, e a maior parte do que está lá é nome de barragem, comunidade, rio ou bacia, não município. Este mapa mostra onde o ACERVO CITA, não onde o dano FOI: município ausente daqui NÃO é município não atingido. NÃO SOME as contagens entre municípios: um mesmo documento cita vários municípios e é contado inteiro em cada um -- somar inventa documento. O polígono é a unidade de contagem (o município citado), não a extensão de nenhum fato."},"geometry": {"type": "Polygon","coordinates": [[[-44.3518066962,-19.9172373431],[-44.3453361063,-19.9169982779],[-44.3356407116,-19.9412471589],[-44.3261926707,-19.945564492],[-44.3153393169,-19.9379438412],[-44.2929739078,-19.9621603996],[-44.2836438682,-19.9600030066],[-44.2717221843,-19.9787179377],[-44.2702280695,-20.0043125696],[-44.2798339711,-19.9924789316],[-44.3026148475,-20.0012779364],[-44.3307247814,-19.995424184],[-44.3471381664,-20.0052055267],[-44.3463376677,-19.9807833479],[-44.3606275535,-19.9771492064],[-44.3680529556,-19.9832534372],[-44.3853064173,-19.9704882065],[-44.3917542064,-19.9786616239],[-44.4086154207,-19.9609089919],[-44.4298634787,-19.9536950544],[-44.4382147196,-19.9355276688],[-44.4271702938,-19.9208365288],[-44.3976656824,-19.9167711921],[-44.3862035302,-19.9243683722],[-44.3547254391,-19.9050282939],[-44.3478135479,-19.9121614839],[-44.3518066962,-19.9172373431]]]}},{"type": "Feature","properties": {"nome": "Curvelo","geocodigo": "3120904","uf": "MG","documentos_que_citam": 41,"processos_distintos": 8,"tipos_distintos": 6,"documentos_por_tipo": {"extraprocessual": 18,"documentos comprobatórios": 12,"outros documentos": 4,"petição": 4,"documento de comprovação": 2,"manifestação da defensoria pública": 1},"documentos_por_processo": {"5036296-26.2020.8.13.0024": 10,"5026408-67.2019.8.13.0024": 9,"5071521-44.2019.8.13.0024": 7,"5044954-73.2019.8.13.0024": 5,"5087481-40.2019.8.13.0024": 5,"5095958-18.2020.8.13.0024": 3,"5010709-36.2019.8.13.0024": 1,"5095960-85.2020.8.13.0024": 1},"resumos_redigidos_pela_triagem": 1,"o_que_esta_contagem_e": "Documentos do processo judicial da reparação de Brumadinho que CITAM este município -- não documentos SOBRE o município, nem fatos ocorridos nele. O vínculo é o campo de local que a própria UFMG preenche para apoiar busca no acervo.","onde_ler_a_lista": "/paraopeba/documentos","por_que_nao_tem_o_resumo_aqui": "De propósito: a camada publica contagem, nunca teor. Resumo, título e id de documento ficam na página, onde a triagem de dado pessoal e a atribuição à UFMG aparecem junto. Ver a docstring de scripts/gerar_camada_documentos_municipio.py.","fonte": "Plataforma Brumadinho UFMG (índice Solr público, campo `places`)","cobertura_da_camada": "471 de 7.107 documentos do acervo (6,6%) têm município identificado","aviso": "VIÉS DE COBERTURA, não geografia do dano: só 471 dos 7.107 documentos do acervo (6,6%) têm município identificado -- o campo de local é texto livre, preenchido em 18,2% do acervo, e a maior parte do que está lá é nome de barragem, comunidade, rio ou bacia, não município. Este mapa mostra onde o ACERVO CITA, não onde o dano FOI: município ausente daqui NÃO é município não atingido. NÃO SOME as contagens entre municípios: um mesmo documento cita vários municípios e é contado inteiro em cada um -- somar inventa documento. O polígono é a unidade de contagem (o município citado), não a extensão de nenhum fato."},"geometry": {"type": "Polygon","coordinates": [[[-44.3152285477,-18.2761261237],[-44.2959287033,-18.2931389204],[-44.3001723186,-18.316575985],[-44.2440892309,-18.3303812157],[-44.2733678826,-18.3456288988],[-44.2707339392,-18.3608133265],[-44.2275058305,-18.3623349646],[-44.2269184773,-18.3697848836],[-44.2560900813,-18.3762898681],[-44.2351740195,-18.3990895689],[-44.1921160528,-18.4142222873],[-44.1856168023,-18.4461000078],[-44.1979612368,-18.4822152246],[-44.182145609,-18.4913487226],[-44.1793317855,-18.5071680803],[-44.2113096584,-18.5289429251],[-44.1896173387,-18.5246289021],[-44.1732291867,-18.5320305139],[-44.1797038584,-18.5641242716],[-44.2443988108,-18.5908139605],[-44.2474772756,-18.6095723535],[-44.2577790605,-18.6064670031],[-44.2755886001,-18.6154316601],[-44.2753170237,-18.6067990374],[-44.2841201012,-18.6042496725],[-44.3201706446,-18.6054658125],[-44.3231440451,-18.6189072627],[-44.3353369893,-18.6147214918],[-44.3742815182,-18.6246004278],[-44.3705908184,-18.6332989418],[-44.381225624,-18.6426908274],[-44.3730344212,-18.6537425867],[-44.3789242579,-18.685967664],[-44.3711155682,-18.7280087021],[-44.3908921174,-18.7474648611],[-44.3867552807,-18.7823035945],[-44.3924782303,-18.7915179458],[-44.3767249986,-18.8129462414],[-44.3762522838,-18.8792945017],[-44.3665613479,-18.8952028243],[-44.3815534479,-18.9052401988],[-44.3851973484,-18.9217797169],[-44.379754219,-18.9292414965],[-44.3675586615,-18.9246121485],[-44.3579754839,-18.9040894923],[-44.3114824618,-18.8866024091],[-44.3120223154,-18.8735162598],[-44.2907288139,-18.8614427191],[-44.2700875272,-18.8328557706],[-44.2686142252,-18.8192769814],[-44.296620111,-18.8160848315],[-44.3008604254,-18.8063665206],[-44.2473936651,-18.7958611581],[-44.2369246765,-18.787728443],[-44.2354745802,-18.7714691081],[-44.2200871957,-18.7678522772],[-44.2101926006,-18.7475797641],[-44.2003696683,-18.7438739525],[-44.1579479597,-18.7672310853],[-44.1573431745,-18.784353474],[-44.1413659119,-18.7898437818],[-44.1522544537,-18.8048317545],[-44.1460569468,-18.8168038665],[-44.1286227156,-18.8088638194],[-44.1434071307,-18.8270508566],[-44.1353398288,-18.833417096],[-44.1230534488,-18.8279172813],[-44.1089468512,-18.8380344817],[-44.1126415558,-18.8476475586],[-44.1382811321,-18.8428756341],[-44.1363687371,-18.8562671591],[-44.1055121296,-18.8491869609],[-44.1016428731,-18.8569272754],[-44.1067557708,-18.8637856285],[-44.1253318839,-18.8617331395],[-44.1147810364,-18.8701816894],[-44.1320292225,-18.8780477751],[-44.1381767207,-18.8950366412],[-44.1235017723,-18.8893097964],[-44.0930626726,-18.8941920232],[-44.1150886314,-18.9083948264],[-44.114752639,-18.9201914043],[-44.1034250509,-18.9108009871],[-44.0738428013,-18.914876211],[-44.0846675333,-18.9254537521],[-44.1012483016,-18.920247686],[-44.0992803271,-18.9344542144],[-44.1370818259,-18.951956245],[-44.1441470422,-18.9484815751],[-44.1551702532,-18.9574063989],[-44.1804165751,-18.9446102101],[-44.2056671355,-18.9619158851],[-44.2181726815,-18.9514612627],[-44.2247229504,-18.9668128015],[-44.2494168408,-18.9678323477],[-44.2646133886,-18.984546496],[-44.2737293706,-19.0127181483],[-44.3074108014,-19.0277660006],[-44.3426206671,-19.0710191205],[-44.3774980656,-19.0751806503],[-44.3934188698,-19.1173597317],[-44.4359489376,-19.1456351059],[-44.4511682656,-19.1417340432],[-44.4606693101,-19.1692918628],[-44.4957521631,-19.15931362],[-44.5341987196,-19.1671833824],[-44.5697863886,-19.2015359168],[-44.633981707,-19.2323531011],[-44.6658384176,-19.2166652067],[-44.6905909627,-19.220851448],[-44.6986510662,-19.2147545375],[-44.6865602029,-19.1822457401],[-44.6703126922,-19.1714707662],[-44.6844489985,-19.1608717805],[-44.6941989281,-19.1714422907],[-44.7066246245,-19.1695685226],[-44.7048895876,-19.1576535732],[-44.6839450285,-19.1499532812],[-44.6789545871,-19.1357558464],[-44.696069778,-19.1340749032],[-44.7090833643,-19.1089719458],[-44.680057976,-19.0671897876],[-44.6956958592,-19.0466293354],[-44.7103734635,-19.0485201104],[-44.7059231416,-19.0377599509],[-44.6937280409,-19.0365856973],[-44.69512065,-19.028764106],[-44.7336765535,-19.0235966575],[-44.746645513,-19.007330003],[-44.7372308425,-18.998297021],[-44.754201781,-18.9853593636],[-44.7744427542,-18.98336009],[-44.7784266831,-19.0010572393],[-44.7983111544,-19.0007652104],[-44.7820018621,-18.9866835384],[-44.7866980177,-18.9545775645],[-44.7587562667,-18.9628140697],[-44.7627842746,-18.9339428554],[-44.7787830989,-18.9319133612],[-44.786868883,-18.9132252202],[-44.7802813745,-18.8732633037],[-44.7730604317,-18.875785792],[-44.7670604987,-18.8607373457],[-44.7528389732,-18.8620133445],[-44.7517599388,-18.8497650438],[-44.74641996,-18.8547306873],[-44.719121832,-18.8452963202],[-44.7142222591,-18.8334140212],[-44.6989545466,-18.8262704826],[-44.693109602,-18.8092959245],[-44.6487008534,-18.7863054254],[-44.6592036028,-18.7408842607],[-44.6685348011,-18.7361426127],[-44.6573141224,-18.7271494741],[-44.6318926881,-18.7358641291],[-44.6150899322,-18.7234073588],[-44.6087044509,-18.7023529476],[-44.5875382097,-18.6958137998],[-44.5850582636,-18.6809870343],[-44.5504214965,-18.6590313899],[-44.5281147576,-18.655062873],[-44.5180289452,-18.6639244955],[-44.5078337117,-18.6543192002],[-44.4721946263,-18.6520957222],[-44.4639273071,-18.6450628188],[-44.4520355395,-18.6522566792],[-44.4478393233,-18.6468108793],[-44.4563725995,-18.6442540785],[-44.4602006181,-18.6305518357],[-44.4882573121,-18.6300887201],[-44.4981951124,-18.6197654926],[-44.5173074902,-18.6184941848],[-44.4948664684,-18.57002576],[-44.483397447,-18.5725807127],[-44.4485330506,-18.5555494211],[-44.456723124,-18.5216288114],[-44.4355076882,-18.4886541965],[-44.4297384095,-18.4470215806],[-44.4091750783,-18.425988804],[-44.4060031187,-18.3831200771],[-44.384866183,-18.3608564207],[-44.3726146761,-18.3326974854],[-44.3477611841,-18.3284111766],[-44.341732934,-18.3337254058],[-44.3282285888,-18.3122377113],[-44.334037679,-18.2872730462],[-44.3152285477,-18.2761261237]]]}},{"type": "Feature","properties": {"nome": "Betim","geocodigo": "3106705","uf": "MG","documentos_que_citam": 39,"processos_distintos": 8,"tipos_distintos": 8,"documentos_por_tipo": {"extraprocessual": 18,"documentos comprobatórios": 8,"outros documentos": 6,"petição": 3,"manifestação da promotoria": 1,"manifestação da advocacia pública": 1,"petição inicial": 1,"manifestação da defensoria pública": 1},"documentos_por_processo": {"5036296-26.2020.8.13.0024": 7,"5010709-36.2019.8.13.0024": 6,"5044954-73.2019.8.13.0024": 6,"5087481-40.2019.8.13.0024": 5,"5095958-18.2020.8.13.0024": 5,"5026408-67.2019.8.13.0024": 4,"5095960-85.2020.8.13.0024": 4,"5071521-44.2019.8.13.0024": 2},"resumos_redigidos_pela_triagem": 3,"o_que_esta_contagem_e": "Documentos do processo judicial da reparação de Brumadinho que CITAM este município -- não documentos SOBRE o município, nem fatos ocorridos nele. O vínculo é o campo de local que a própria UFMG preenche para apoiar busca no acervo.","onde_ler_a_lista": "/paraopeba/documentos","por_que_nao_tem_o_resumo_aqui": "De propósito: a camada publica contagem, nunca teor. Resumo, título e id de documento ficam na página, onde a triagem de dado pessoal e a atribuição à UFMG aparecem junto. Ver a docstring de scripts/gerar_camada_documentos_municipio.py.","fonte": "Plataforma Brumadinho UFMG (índice Solr público, campo `places`)","cobertura_da_camada": "471 de 7.107 documentos do acervo (6,6%) têm município identificado","aviso": "VIÉS DE COBERTURA, não geografia do dano: só 471 dos 7.107 documentos do acervo (6,6%) têm município identificado -- o campo de local é texto livre, preenchido em 18,2% do acervo, e a maior parte do que está lá é nome de barragem, comunidade, rio ou bacia, não município. Este mapa mostra onde o ACERVO CITA, não onde o dano FOI: município ausente daqui NÃO é município não atingido. NÃO SOME as contagens entre municípios: um mesmo documento cita vários municípios e é contado inteiro em cada um -- somar inventa documento. O polígono é a unidade de contagem (o município citado), não a extensão de nenhum fato."},"geometry": {"type": "Polygon","coordinates": [[[-44.2041104239,-19.8332782681],[-44.193082216,-19.8407353798],[-44.1821437727,-19.831164501],[-44.1494329523,-19.8554111524],[-44.157811999,-19.889912572],[-44.1512211475,-19.9187136078],[-44.1177767537,-19.9358352911],[-44.1070544647,-19.9271093607],[-44.0968833133,-19.9294100974],[-44.0664515543,-19.9532690005],[-44.0856085004,-19.9805880621],[-44.1078614285,-19.9854567067],[-44.1104845874,-20.0013279241],[-44.1305274755,-20.0136002253],[-44.1169355795,-20.0236691093],[-44.1240579322,-20.0220255955],[-44.1265287536,-20.0301209906],[-44.1373907965,-20.0308060335],[-44.1435000795,-20.0183358009],[-44.151084702,-20.0181919198],[-44.1522757848,-20.0300799183],[-44.1623916541,-20.024492633],[-44.1785506072,-20.0305955405],[-44.174501292,-20.0378155039],[-44.183350281,-20.0481146037],[-44.2172756547,-20.0481260066],[-44.2152540255,-20.0415481651],[-44.2266637353,-20.0368197634],[-44.2412514036,-20.0496218639],[-44.2619895789,-20.0337706046],[-44.2521116196,-20.0159780981],[-44.2590305707,-20.0029379501],[-44.2702280695,-20.0043125696],[-44.2717221843,-19.9787179377],[-44.2836438682,-19.9600030066],[-44.2929739078,-19.9621603996],[-44.3129228116,-19.9441079937],[-44.3153393169,-19.9379438412],[-44.3042210477,-19.9304596247],[-44.3174432449,-19.9173905805],[-44.3159433798,-19.9059281384],[-44.2997210911,-19.9097074971],[-44.2954421602,-19.8933695007],[-44.2789776908,-19.8845590645],[-44.2363646185,-19.8773578853],[-44.2325531951,-19.8556242942],[-44.2218990039,-19.8507193167],[-44.2253012905,-19.8380041254],[-44.2041104239,-19.8332782681]]]}},{"type": "Feature","properties": {"nome": "Esmeraldas","geocodigo": "3124104","uf": "MG","documentos_que_citam": 35,"processos_distintos": 8,"tipos_distintos": 7,"documentos_por_tipo": {"extraprocessual": 13,"documentos comprobatórios": 11,"outros documentos": 4,"petição": 4,"manifestação da promotoria": 1,"manifestação da advocacia pública": 1,"documento de comprovação": 1},"documentos_por_processo": {"5010709-36.2019.8.13.0024": 7,"5036296-26.2020.8.13.0024": 7,"5044954-73.2019.8.13.0024": 6,"5087481-40.2019.8.13.0024": 4,"5071521-44.2019.8.13.0024": 4,"5026408-67.2019.8.13.0024": 3,"5095958-18.2020.8.13.0024": 3,"5095960-85.2020.8.13.0024": 1},"resumos_redigidos_pela_triagem": 1,"o_que_esta_contagem_e": "Documentos do processo judicial da reparação de Brumadinho que CITAM este município -- não documentos SOBRE o município, nem fatos ocorridos nele. O vínculo é o campo de local que a própria UFMG preenche para apoiar busca no acervo.","onde_ler_a_lista": "/paraopeba/documentos","por_que_nao_tem_o_resumo_aqui": "De propósito: a camada publica contagem, nunca teor. Resumo, título e id de documento ficam na página, onde a triagem de dado pessoal e a atribuição à UFMG aparecem junto. Ver a docstring de scripts/gerar_camada_documentos_municipio.py.","fonte": "Plataforma Brumadinho UFMG (índice Solr público, campo `places`)","cobertura_da_camada": "471 de 7.107 documentos do acervo (6,6%) têm município identificado","aviso": "VIÉS DE COBERTURA, não geografia do dano: só 471 dos 7.107 documentos do acervo (6,6%) têm município identificado -- o campo de local é texto livre, preenchido em 18,2% do acervo, e a maior parte do que está lá é nome de barragem, comunidade, rio ou bacia, não município. Este mapa mostra onde o ACERVO CITA, não onde o dano FOI: município ausente daqui NÃO é município não atingido. NÃO SOME as contagens entre municípios: um mesmo documento cita vários municípios e é contado inteiro em cada um -- somar inventa documento. O polígono é a unidade de contagem (o município citado), não a extensão de nenhum fato."},"geometry": {"type": "Polygon","coordinates": [[[-44.3817789875,-19.5776032669],[-44.3709987195,-19.5841461592],[-44.3525928331,-19.5792970425],[-44.3522251183,-19.5867005263],[-44.3285268613,-19.5789702263],[-44.3153939663,-19.5919141019],[-44.3044397813,-19.5845219953],[-44.2428666166,-19.5774653616],[-44.2013657362,-19.6226534401],[-44.1948180932,-19.6715946088],[-44.1845343047,-19.681038502],[-44.1589224917,-19.6736780088],[-44.1331473634,-19.7087565451],[-44.1422503898,-19.7348917872],[-44.1574460161,-19.7412784584],[-44.1641987869,-19.7568457435],[-44.1339790216,-19.7987786726],[-44.1473858406,-19.8130058954],[-44.1447004307,-19.8199622281],[-44.1577239531,-19.8257601381],[-44.154402088,-19.8397322564],[-44.1673075785,-19.8467009403],[-44.1821437727,-19.831164501],[-44.193082216,-19.8407353798],[-44.2159283476,-19.8315563822],[-44.2253012905,-19.8380041254],[-44.2218990039,-19.8507193167],[-44.2325531951,-19.8556242942],[-44.2363646185,-19.8773578853],[-44.2789776908,-19.8845590645],[-44.2954421602,-19.8933695007],[-44.2997210911,-19.9097074971],[-44.3159433798,-19.9059281384],[-44.3174432449,-19.9173905805],[-44.3042210477,-19.9304596247],[-44.3261926707,-19.945564492],[-44.3356407116,-19.9412471589],[-44.3547254391,-19.9050282939],[-44.3428328791,-19.897533779],[-44.3399164716,-19.8697423544],[-44.3695026443,-19.8832484159],[-44.3727569249,-19.860784917],[-44.3877601206,-19.8377543877],[-44.4214777843,-19.8072275916],[-44.4113685487,-19.7890244476],[-44.4309751265,-19.7758449519],[-44.4263357153,-19.7627139831],[-44.4433274969,-19.7651838429],[-44.4439980912,-19.7529632832],[-44.43370499,-19.7450828928],[-44.4404530566,-19.7335541704],[-44.466727015,-19.7250088996],[-44.4718929905,-19.7074666307],[-44.4933910601,-19.7128157096],[-44.4991647579,-19.7057391566],[-44.4898631222,-19.7016964449],[-44.4995511458,-19.6836570482],[-44.4774501784,-19.6673605868],[-44.4923154379,-19.6584308518],[-44.5107791542,-19.6631924091],[-44.508193274,-19.650428093],[-44.4896104193,-19.6382147489],[-44.4586705767,-19.6434747593],[-44.450055924,-19.6314881298],[-44.4366458102,-19.6295160312],[-44.4281114732,-19.6388509717],[-44.4065587854,-19.6364079115],[-44.412419272,-19.6011328756],[-44.3817789875,-19.5776032669]]]}},{"type": "Feature","properties": {"nome": "São José da Varginha","geocodigo": "3163102","uf": "MG","documentos_que_citam": 33,"processos_distintos": 8,"tipos_distintos": 4,"documentos_por_tipo": {"extraprocessual": 17,"documentos comprobatórios": 11,"petição": 3,"outros documentos": 2},"documentos_por_processo": {"5036296-26.2020.8.13.0024": 8,"5044954-73.2019.8.13.0024": 5,"5095958-18.2020.8.13.0024": 5,"5026408-67.2019.8.13.0024": 4,"5010709-36.2019.8.13.0024": 4,"5095960-85.2020.8.13.0024": 3,"5087481-40.2019.8.13.0024": 2,"5071521-44.2019.8.13.0024": 2},"resumos_redigidos_pela_triagem": 1,"o_que_esta_contagem_e": "Documentos do processo judicial da reparação de Brumadinho que CITAM este município -- não documentos SOBRE o município, nem fatos ocorridos nele. O vínculo é o campo de local que a própria UFMG preenche para apoiar busca no acervo.","onde_ler_a_lista": "/paraopeba/documentos","por_que_nao_tem_o_resumo_aqui": "De propósito: a camada publica contagem, nunca teor. Resumo, título e id de documento ficam na página, onde a triagem de dado pessoal e a atribuição à UFMG aparecem junto. Ver a docstring de scripts/gerar_camada_documentos_municipio.py.","fonte": "Plataforma Brumadinho UFMG (índice Solr público, campo `places`)","cobertura_da_camada": "471 de 7.107 documentos do acervo (6,6%) têm município identificado","aviso": "VIÉS DE COBERTURA, não geografia do dano: só 471 dos 7.107 documentos do acervo (6,6%) têm município identificado -- o campo de local é texto livre, preenchido em 18,2% do acervo, e a maior parte do que está lá é nome de barragem, comunidade, rio ou bacia, não município. Este mapa mostra onde o ACERVO CITA, não onde o dano FOI: município ausente daqui NÃO é município não atingido. NÃO SOME as contagens entre municípios: um mesmo documento cita vários municípios e é contado inteiro em cada um -- somar inventa documento. O polígono é a unidade de contagem (o município citado), não a extensão de nenhum fato."},"geometry": {"type": "Polygon","coordinates": [[[-44.5387259541,-19.6074519446],[-44.5304781756,-19.6185377428],[-44.5200049382,-19.6035113316],[-44.5076351209,-19.6145366241],[-44.4907573583,-19.6155554881],[-44.5140794827,-19.6340827965],[-44.4972230026,-19.6404178895],[-44.5107791542,-19.6631924091],[-44.4923154379,-19.6584308518],[-44.4774501784,-19.6673605868],[-44.4995511458,-19.6836570482],[-44.4898631222,-19.7016964449],[-44.5026955146,-19.7037360164],[-44.5055607569,-19.7199475034],[-44.5133958703,-19.7210735578],[-44.5132243257,-19.7410494062],[-44.5387777046,-19.7512914988],[-44.5372010444,-19.759994928],[-44.5662256002,-19.7702205662],[-44.5762653452,-19.7877923349],[-44.5968246017,-19.7953417602],[-44.6088657834,-19.7881113658],[-44.6069030794,-19.7786339058],[-44.6196475092,-19.7632726498],[-44.6185255577,-19.7354960857],[-44.6369224741,-19.7287929902],[-44.6365037787,-19.6956609013],[-44.6187286711,-19.6831840724],[-44.618310066,-19.6738378731],[-44.6026832279,-19.669040212],[-44.6015817387,-19.6533028499],[-44.5920036383,-19.6490438793],[-44.5648920521,-19.6037138365],[-44.5387259541,-19.6074519446]]]}},{"type": "Feature","properties": {"nome": "Florestal","geocodigo": "3126000","uf": "MG","documentos_que_citam": 32,"processos_distintos": 8,"tipos_distintos": 7,"documentos_por_tipo": {"documentos comprobatórios": 11,"extraprocessual": 11,"outros documentos": 5,"petição": 2,"manifestação da promotoria": 1,"manifestação da advocacia pública": 1,"petição inicial": 1},"documentos_por_processo": {"5010709-36.2019.8.13.0024": 7,"5044954-73.2019.8.13.0024": 6,"5036296-26.2020.8.13.0024": 6,"5026408-67.2019.8.13.0024": 4,"5087481-40.2019.8.13.0024": 3,"5095958-18.2020.8.13.0024": 3,"5071521-44.2019.8.13.0024": 2,"5095960-85.2020.8.13.0024": 1},"resumos_redigidos_pela_triagem": 1,"o_que_esta_contagem_e": "Documentos do processo judicial da reparação de Brumadinho que CITAM este município -- não documentos SOBRE o município, nem fatos ocorridos nele. O vínculo é o campo de local que a própria UFMG preenche para apoiar busca no acervo.","onde_ler_a_lista": "/paraopeba/documentos","por_que_nao_tem_o_resumo_aqui": "De propósito: a camada publica contagem, nunca teor. Resumo, título e id de documento ficam na página, onde a triagem de dado pessoal e a atribuição à UFMG aparecem junto. Ver a docstring de scripts/gerar_camada_documentos_municipio.py.","fonte": "Plataforma Brumadinho UFMG (índice Solr público, campo `places`)","cobertura_da_camada": "471 de 7.107 documentos do acervo (6,6%) têm município identificado","aviso": "VIÉS DE COBERTURA, não geografia do dano: só 471 dos 7.107 documentos do acervo (6,6%) têm município identificado -- o campo de local é texto livre, preenchido em 18,2% do acervo, e a maior parte do que está lá é nome de barragem, comunidade, rio ou bacia, não município. Este mapa mostra onde o ACERVO CITA, não onde o dano FOI: município ausente daqui NÃO é município não atingido. NÃO SOME as contagens entre municípios: um mesmo documento cita vários municípios e é contado inteiro em cada um -- somar inventa documento. O polígono é a unidade de contagem (o município citado), não a extensão de nenhum fato."},"geometry": {"type": "Polygon","coordinates": [[[-44.4263357153,-19.7627139831],[-44.4309751265,-19.7758449519],[-44.4113685487,-19.7890244476],[-44.4214777843,-19.8072275916],[-44.3877601206,-19.8377543877],[-44.3727569249,-19.860784917],[-44.3695026443,-19.8832484159],[-44.3399164716,-19.8697423544],[-44.3428328791,-19.897533779],[-44.3862035302,-19.9243683722],[-44.3976656824,-19.9167711921],[-44.415420179,-19.9188451239],[-44.4386717445,-19.9315464093],[-44.457313873,-19.9173883382],[-44.4793312711,-19.9159687973],[-44.4998320772,-19.929937482],[-44.5084683062,-19.9276327345],[-44.5246381621,-19.9560342782],[-44.5249200125,-19.9137143969],[-44.5417503317,-19.8976323685],[-44.5178093074,-19.8962821783],[-44.5156900216,-19.8607902947],[-44.5067559684,-19.8485974536],[-44.4863098889,-19.8414047418],[-44.4788948436,-19.8067439636],[-44.4641163273,-19.8105672614],[-44.4593624283,-19.7954688572],[-44.4424718255,-19.7820265759],[-44.4433274969,-19.7651838429],[-44.4263357153,-19.7627139831]]]}},{"type": "Feature","properties": {"nome": "Fortuna de Minas","geocodigo": "3126406","uf": "MG","documentos_que_citam": 30,"processos_distintos": 8,"tipos_distintos": 5,"documentos_por_tipo": {"extraprocessual": 14,"documentos comprobatórios": 10,"petição": 3,"outros documentos": 2,"documento de comprovação": 1},"documentos_por_processo": {"5036296-26.2020.8.13.0024": 8,"5044954-73.2019.8.13.0024": 5,"5010709-36.2019.8.13.0024": 4,"5095958-18.2020.8.13.0024": 4,"5026408-67.2019.8.13.0024": 3,"5071521-44.2019.8.13.0024": 3,"5087481-40.2019.8.13.0024": 2,"5095960-85.2020.8.13.0024": 1},"resumos_redigidos_pela_triagem": 1,"o_que_esta_contagem_e": "Documentos do processo judicial da reparação de Brumadinho que CITAM este município -- não documentos SOBRE o município, nem fatos ocorridos nele. O vínculo é o campo de local que a própria UFMG preenche para apoiar busca no acervo.","onde_ler_a_lista": "/paraopeba/documentos","por_que_nao_tem_o_resumo_aqui": "De propósito: a camada publica contagem, nunca teor. Resumo, título e id de documento ficam na página, onde a triagem de dado pessoal e a atribuição à UFMG aparecem junto. Ver a docstring de scripts/gerar_camada_documentos_municipio.py.","fonte": "Plataforma Brumadinho UFMG (índice Solr público, campo `places`)","cobertura_da_camada": "471 de 7.107 documentos do acervo (6,6%) têm município identificado","aviso": "VIÉS DE COBERTURA, não geografia do dano: só 471 dos 7.107 documentos do acervo (6,6%) têm município identificado -- o campo de local é texto livre, preenchido em 18,2% do acervo, e a maior parte do que está lá é nome de barragem, comunidade, rio ou bacia, não município. Este mapa mostra onde o ACERVO CITA, não onde o dano FOI: município ausente daqui NÃO é município não atingido. NÃO SOME as contagens entre municípios: um mesmo documento cita vários municípios e é contado inteiro em cada um -- somar inventa documento. O polígono é a unidade de contagem (o município citado), não a extensão de nenhum fato."},"geometry": {"type": "Polygon","coordinates": [[[-44.5418933885,-19.4281394329],[-44.5119195599,-19.4909137731],[-44.5192017508,-19.5048220257],[-44.525589304,-19.5035904851],[-44.5116131341,-19.532101814],[-44.4953363705,-19.5373989046],[-44.4868130381,-19.5543831801],[-44.4460165528,-19.5457397875],[-44.4371704829,-19.5616260213],[-44.4008863316,-19.5891517074],[-44.412419272,-19.6011328756],[-44.4065587854,-19.6364079115],[-44.4281114732,-19.6388509717],[-44.4366458102,-19.6295160312],[-44.450055924,-19.6314881298],[-44.4586705767,-19.6434747593],[-44.470831782,-19.6374477185],[-44.4972230026,-19.6404178895],[-44.5140794827,-19.6340827965],[-44.4907573583,-19.6155554881],[-44.5076351209,-19.6145366241],[-44.5200049382,-19.6035113316],[-44.5304781756,-19.6185377428],[-44.5387259541,-19.6074519446],[-44.5572542713,-19.6084043482],[-44.5674140769,-19.6009097449],[-44.5457582146,-19.5850013188],[-44.5831725932,-19.5561756025],[-44.5428373287,-19.5244527914],[-44.5762257499,-19.5157942275],[-44.5736507024,-19.4828117252],[-44.5872797281,-19.4823220057],[-44.5804794012,-19.4707189996],[-44.5840016931,-19.4550393712],[-44.565142244,-19.4528364386],[-44.5501686943,-19.4269030256],[-44.5418933885,-19.4281394329]]]}},{"type": "Feature","properties": {"nome": "Pequi","geocodigo": "3149606","uf": "MG","documentos_que_citam": 29,"processos_distintos": 8,"tipos_distintos": 4,"documentos_por_tipo": {"extraprocessual": 14,"documentos comprobatórios": 10,"outros documentos": 3,"petição": 2},"documentos_por_processo": {"5036296-26.2020.8.13.0024": 8,"5044954-73.2019.8.13.0024": 5,"5010709-36.2019.8.13.0024": 4,"5026408-67.2019.8.13.0024": 3,"5071521-44.2019.8.13.0024": 3,"5095958-18.2020.8.13.0024": 3,"5087481-40.2019.8.13.0024": 2,"5095960-85.2020.8.13.0024": 1},"resumos_redigidos_pela_triagem": 1,"o_que_esta_contagem_e": "Documentos do processo judicial da reparação de Brumadinho que CITAM este município -- não documentos SOBRE o município, nem fatos ocorridos nele. O vínculo é o campo de local que a própria UFMG preenche para apoiar busca no acervo.","onde_ler_a_lista": "/paraopeba/documentos","por_que_nao_tem_o_resumo_aqui": "De propósito: a camada publica contagem, nunca teor. Resumo, título e id de documento ficam na página, onde a triagem de dado pessoal e a atribuição à UFMG aparecem junto. Ver a docstring de scripts/gerar_camada_documentos_municipio.py.","fonte": "Plataforma Brumadinho UFMG (índice Solr público, campo `places`)","cobertura_da_camada": "471 de 7.107 documentos do acervo (6,6%) têm município identificado","aviso": "VIÉS DE COBERTURA, não geografia do dano: só 471 dos 7.107 documentos do acervo (6,6%) têm município identificado -- o campo de local é texto livre, preenchido em 18,2% do acervo, e a maior parte do que está lá é nome de barragem, comunidade, rio ou bacia, não município. Este mapa mostra onde o ACERVO CITA, não onde o dano FOI: município ausente daqui NÃO é município não atingido. NÃO SOME as contagens entre municípios: um mesmo documento cita vários municípios e é contado inteiro em cada um -- somar inventa documento. O polígono é a unidade de contagem (o município citado), não a extensão de nenhum fato."},"geometry": {"type": "Polygon","coordinates": [[[-44.6103639625,-19.5268976467],[-44.6011127912,-19.5335541649],[-44.5945870362,-19.5263100119],[-44.5593079247,-19.5304599027],[-44.5578712297,-19.5367500495],[-44.5831725932,-19.5561756025],[-44.5457582146,-19.5850013188],[-44.5674140769,-19.6009097449],[-44.5920036383,-19.6490438793],[-44.6015817387,-19.6533028499],[-44.6026832279,-19.669040212],[-44.618310066,-19.6738378731],[-44.6187286711,-19.6831840724],[-44.6365037787,-19.6956609013],[-44.639638084,-19.7121150767],[-44.6491131704,-19.7097321818],[-44.6518633015,-19.6808708215],[-44.669722387,-19.6679620248],[-44.6669378245,-19.658843933],[-44.698528802,-19.6455687193],[-44.7253363127,-19.6133130738],[-44.709897269,-19.6023483378],[-44.7212803913,-19.5701999233],[-44.6958653047,-19.5594702749],[-44.6854502303,-19.5634891959],[-44.6817231894,-19.5528672105],[-44.653088339,-19.5570171913],[-44.6103639625,-19.5268976467]]]}},{"type": "Feature","properties": {"nome": "Papagaios","geocodigo": "3146909","uf": "MG","documentos_que_citam": 28,"processos_distintos": 8,"tipos_distintos": 5,"documentos_por_tipo": {"extraprocessual": 12,"documentos comprobatórios": 10,"outros documentos": 4,"petição": 1,"documento de comprovação": 1},"documentos_por_processo": {"5036296-26.2020.8.13.0024": 6,"5044954-73.2019.8.13.0024": 4,"5010709-36.2019.8.13.0024": 4,"5071521-44.2019.8.13.0024": 4,"5026408-67.2019.8.13.0024": 3,"5087481-40.2019.8.13.0024": 3,"5095958-18.2020.8.13.0024": 3,"5095960-85.2020.8.13.0024": 1},"resumos_redigidos_pela_triagem": 1,"o_que_esta_contagem_e": "Documentos do processo judicial da reparação de Brumadinho que CITAM este município -- não documentos SOBRE o município, nem fatos ocorridos nele. O vínculo é o campo de local que a própria UFMG preenche para apoiar busca no acervo.","onde_ler_a_lista": "/paraopeba/documentos","por_que_nao_tem_o_resumo_aqui": "De propósito: a camada publica contagem, nunca teor. Resumo, título e id de documento ficam na página, onde a triagem de dado pessoal e a atribuição à UFMG aparecem junto. Ver a docstring de scripts/gerar_camada_documentos_municipio.py.","fonte": "Plataforma Brumadinho UFMG (índice Solr público, campo `places`)","cobertura_da_camada": "471 de 7.107 documentos do acervo (6,6%) têm município identificado","aviso": "VIÉS DE COBERTURA, não geografia do dano: só 471 dos 7.107 documentos do acervo (6,6%) têm município identificado -- o campo de local é texto livre, preenchido em 18,2% do acervo, e a maior parte do que está lá é nome de barragem, comunidade, rio ou bacia, não município. Este mapa mostra onde o ACERVO CITA, não onde o dano FOI: município ausente daqui NÃO é município não atingido. NÃO SOME as contagens entre municípios: um mesmo documento cita vários municípios e é contado inteiro em cada um -- somar inventa documento. O polígono é a unidade de contagem (o município citado), não a extensão de nenhum fato."},"geometry": {"type": "Polygon","coordinates": [[[-44.6905909627,-19.220851448],[-44.6658384176,-19.2166652067],[-44.6524238111,-19.2262457746],[-44.6620894267,-19.2468750143],[-44.6427365774,-19.2405851463],[-44.6267812356,-19.2455598924],[-44.6234277952,-19.2664193907],[-44.5848363752,-19.3029523034],[-44.5863660198,-19.3130150715],[-44.5778150379,-19.3126241836],[-44.5758648391,-19.3255831442],[-44.548578233,-19.3094459022],[-44.538868389,-19.3221417066],[-44.5400018291,-19.3132725773],[-44.5341143447,-19.3270361835],[-44.5617558745,-19.3325146767],[-44.5664516435,-19.3446164842],[-44.5590860383,-19.3445967749],[-44.5589762326,-19.3544859823],[-44.5261186932,-19.3584761794],[-44.5360647308,-19.3620926351],[-44.5250861721,-19.3848422506],[-44.5460558237,-19.4031997251],[-44.5501686943,-19.4269030256],[-44.5717289006,-19.4409736758],[-44.6155153101,-19.425666485],[-44.6379193976,-19.439713716],[-44.6483140152,-19.436303862],[-44.641066008,-19.427232833],[-44.6448150608,-19.418637469],[-44.684395607,-19.4138260845],[-44.6870798087,-19.4231339731],[-44.7075277286,-19.430385455],[-44.7202817267,-19.4574376858],[-44.7123612384,-19.465864589],[-44.7193109617,-19.4700626073],[-44.7121719567,-19.4991457109],[-44.7212808714,-19.5028108822],[-44.7336646449,-19.4913381696],[-44.751675856,-19.5021154874],[-44.7608977408,-19.4995928872],[-44.7657311244,-19.4871284234],[-44.7861416046,-19.484311536],[-44.7947582453,-19.4916224574],[-44.7801126464,-19.4998844831],[-44.7847519488,-19.5110065044],[-44.7540844324,-19.5257462762],[-44.755867838,-19.5371837654],[-44.8048922863,-19.5416513967],[-44.8223364756,-19.4992067889],[-44.8283101233,-19.5031537682],[-44.8372238705,-19.4879850635],[-44.8545012186,-19.4909951478],[-44.8703964513,-19.4755829314],[-44.877711981,-19.4775308346],[-44.8647573131,-19.4652729454],[-44.8398159685,-19.4624684169],[-44.82380591,-19.4350415615],[-44.812208882,-19.4291807721],[-44.8088623989,-19.4115993625],[-44.7977598725,-19.4013050186],[-44.7938632313,-19.3711047562],[-44.7765852026,-19.3566024654],[-44.7524763037,-19.354676623],[-44.740729883,-19.3249326124],[-44.7376492447,-19.2739853058],[-44.716255209,-19.256742826],[-44.7162838256,-19.2391306452],[-44.7062534473,-19.2259557621],[-44.7115088265,-19.2096692491],[-44.697671551,-19.2009470265],[-44.6986510662,-19.2147545375],[-44.6905909627,-19.220851448]]]}},{"type": "Feature","properties": {"nome": "Igarapé","geocodigo": "3130101","uf": "MG","documentos_que_citam": 26,"processos_distintos": 7,"tipos_distintos": 5,"documentos_por_tipo": {"documentos comprobatórios": 11,"extraprocessual": 9,"outros documentos": 4,"petição": 1,"manifestação da promotoria": 1},"documentos_por_processo": {"5044954-73.2019.8.13.0024": 6,"5036296-26.2020.8.13.0024": 6,"5026408-67.2019.8.13.0024": 5,"5087481-40.2019.8.13.0024": 4,"5010709-36.2019.8.13.0024": 2,"5071521-44.2019.8.13.0024": 2,"5095958-18.2020.8.13.0024": 1},"resumos_redigidos_pela_triagem": 1,"o_que_esta_contagem_e": "Documentos do processo judicial da reparação de Brumadinho que CITAM este município -- não documentos SOBRE o município, nem fatos ocorridos nele. O vínculo é o campo de local que a própria UFMG preenche para apoiar busca no acervo.","onde_ler_a_lista": "/paraopeba/documentos","por_que_nao_tem_o_resumo_aqui": "De propósito: a camada publica contagem, nunca teor. Resumo, título e id de documento ficam na página, onde a triagem de dado pessoal e a atribuição à UFMG aparecem junto. Ver a docstring de scripts/gerar_camada_documentos_municipio.py.","fonte": "Plataforma Brumadinho UFMG (índice Solr público, campo `places`)","cobertura_da_camada": "471 de 7.107 documentos do acervo (6,6%) têm município identificado","aviso": "VIÉS DE COBERTURA, não geografia do dano: só 471 dos 7.107 documentos do acervo (6,6%) têm município identificado -- o campo de local é texto livre, preenchido em 18,2% do acervo, e a maior parte do que está lá é nome de barragem, comunidade, rio ou bacia, não município. Este mapa mostra onde o ACERVO CITA, não onde o dano FOI: município ausente daqui NÃO é município não atingido. NÃO SOME as contagens entre municípios: um mesmo documento cita vários municípios e é contado inteiro em cada um -- somar inventa documento. O polígono é a unidade de contagem (o município citado), não a extensão de nenhum fato."},"geometry": {"type": "Polygon","coordinates": [[[-44.2798339711,-19.9924789316],[-44.2702280695,-20.0043125696],[-44.2772171575,-20.0307655431],[-44.2890528892,-20.0350798215],[-44.2829711456,-20.0462632048],[-44.2916068541,-20.0589094246],[-44.2837218091,-20.0643706163],[-44.277587474,-20.1109617023],[-44.356531421,-20.1188827222],[-44.3758055002,-20.071919209],[-44.3658347066,-20.0416588131],[-44.3430597354,-20.0164988981],[-44.3417762513,-20.0007850024],[-44.3307247814,-19.995424184],[-44.3026148475,-20.0012779364],[-44.2798339711,-19.9924789316]]]}},{"type": "Feature","properties": {"nome": "Maravilhas","geocodigo": "3139706","uf": "MG","documentos_que_citam": 25,"processos_distintos": 8,"tipos_distintos": 5,"documentos_por_tipo": {"documentos comprobatórios": 10,"extraprocessual": 10,"outros documentos": 3,"petição": 1,"documento de comprovação": 1},"documentos_por_processo": {"5036296-26.2020.8.13.0024": 5,"5044954-73.2019.8.13.0024": 4,"5010709-36.2019.8.13.0024": 4,"5026408-67.2019.8.13.0024": 3,"5071521-44.2019.8.13.0024": 3,"5095958-18.2020.8.13.0024": 3,"5087481-40.2019.8.13.0024": 2,"5095960-85.2020.8.13.0024": 1},"resumos_redigidos_pela_triagem": 1,"o_que_esta_contagem_e": "Documentos do processo judicial da reparação de Brumadinho que CITAM este município -- não documentos SOBRE o município, nem fatos ocorridos nele. O vínculo é o campo de local que a própria UFMG preenche para apoiar busca no acervo.","onde_ler_a_lista": "/paraopeba/documentos","por_que_nao_tem_o_resumo_aqui": "De propósito: a camada publica contagem, nunca teor. Resumo, título e id de documento ficam na página, onde a triagem de dado pessoal e a atribuição à UFMG aparecem junto. Ver a docstring de scripts/gerar_camada_documentos_municipio.py.","fonte": "Plataforma Brumadinho UFMG (índice Solr público, campo `places`)","cobertura_da_camada": "471 de 7.107 documentos do acervo (6,6%) têm município identificado","aviso": "VIÉS DE COBERTURA, não geografia do dano: só 471 dos 7.107 documentos do acervo (6,6%) têm município identificado -- o campo de local é texto livre, preenchido em 18,2% do acervo, e a maior parte do que está lá é nome de barragem, comunidade, rio ou bacia, não município. Este mapa mostra onde o ACERVO CITA, não onde o dano FOI: município ausente daqui NÃO é município não atingido. NÃO SOME as contagens entre municípios: um mesmo documento cita vários municípios e é contado inteiro em cada um -- somar inventa documento. O polígono é a unidade de contagem (o município citado), não a extensão de nenhum fato."},"geometry": {"type": "Polygon","coordinates": [[[-44.684395607,-19.4138260845],[-44.6448150608,-19.418637469],[-44.641066008,-19.427232833],[-44.6483140152,-19.436303862],[-44.6379193976,-19.439713716],[-44.6155153101,-19.425666485],[-44.5717289006,-19.4409736758],[-44.5543853465,-19.4305863421],[-44.565142244,-19.4528364386],[-44.5840016931,-19.4550393712],[-44.5804794012,-19.4707189996],[-44.5872797281,-19.4823220057],[-44.5736507024,-19.4828117252],[-44.5762257499,-19.5157942275],[-44.5553130234,-19.5173827694],[-44.5438493759,-19.5277909001],[-44.5578712297,-19.5367500495],[-44.5688766135,-19.5268339541],[-44.5945870362,-19.5263100119],[-44.6011127912,-19.5335541649],[-44.6103639625,-19.5268976467],[-44.653088339,-19.5570171913],[-44.6817231894,-19.5528672105],[-44.6854502303,-19.5634891959],[-44.6958653047,-19.5594702749],[-44.7212803913,-19.5701999233],[-44.709897269,-19.6023483378],[-44.7253363127,-19.6133130738],[-44.7550324688,-19.6054525377],[-44.7507303463,-19.5664992901],[-44.7755074892,-19.5407005028],[-44.755867838,-19.5371837654],[-44.7540844324,-19.5257462762],[-44.7787327676,-19.5170293181],[-44.7847519488,-19.5110065044],[-44.7801126464,-19.4998844831],[-44.7947582453,-19.4916224574],[-44.7861416046,-19.484311536],[-44.7657311244,-19.4871284234],[-44.7608977408,-19.4995928872],[-44.751675856,-19.5021154874],[-44.7336646449,-19.4913381696],[-44.7212808714,-19.5028108822],[-44.7121719567,-19.4991457109],[-44.7193109617,-19.4700626073],[-44.7123612384,-19.465864589],[-44.7202817267,-19.4574376858],[-44.7075277286,-19.430385455],[-44.6870798087,-19.4231339731],[-44.684395607,-19.4138260845]]]}},{"type": "Feature","properties": {"nome": "Três Marias","geocodigo": "3169356","uf": "MG","documentos_que_citam": 24,"processos_distintos": 10,"tipos_distintos": 3,"documentos_por_tipo": {"extraprocessual": 14,"documentos comprobatórios": 7,"outros documentos": 3},"documentos_por_processo": {"5036296-26.2020.8.13.0024": 6,"5071521-44.2019.8.13.0024": 5,"5026408-67.2019.8.13.0024": 3,"5087481-40.2019.8.13.0024": 3,"5044954-73.2019.8.13.0024": 2,"5095958-18.2020.8.13.0024": 1,"5010709-36.2019.8.13.0024": 1,"5095960-85.2020.8.13.0024": 1,"5036162-96.2020.8.13.0024": 1,"5036254-74.2020.8.13.0024": 1},"resumos_redigidos_pela_triagem": 1,"o_que_esta_contagem_e": "Documentos do processo judicial da reparação de Brumadinho que CITAM este município -- não documentos SOBRE o município, nem fatos ocorridos nele. O vínculo é o campo de local que a própria UFMG preenche para apoiar busca no acervo.","onde_ler_a_lista": "/paraopeba/documentos","por_que_nao_tem_o_resumo_aqui": "De propósito: a camada publica contagem, nunca teor. Resumo, título e id de documento ficam na página, onde a triagem de dado pessoal e a atribuição à UFMG aparecem junto. Ver a docstring de scripts/gerar_camada_documentos_municipio.py.","fonte": "Plataforma Brumadinho UFMG (índice Solr público, campo `places`)","cobertura_da_camada": "471 de 7.107 documentos do acervo (6,6%) têm município identificado","aviso": "VIÉS DE COBERTURA, não geografia do dano: só 471 dos 7.107 documentos do acervo (6,6%) têm município identificado -- o campo de local é texto livre, preenchido em 18,2% do acervo, e a maior parte do que está lá é nome de barragem, comunidade, rio ou bacia, não município. Este mapa mostra onde o ACERVO CITA, não onde o dano FOI: município ausente daqui NÃO é município não atingido. NÃO SOME as contagens entre municípios: um mesmo documento cita vários municípios e é contado inteiro em cada um -- somar inventa documento. O polígono é a unidade de contagem (o município citado), não a extensão de nenhum fato."},"geometry": {"type": "Polygon","coordinates": [[[-45.1006170593,-17.963550442],[-45.0425642104,-17.9881838441],[-45.0493697028,-17.9980663854],[-45.0213183895,-18.0053367559],[-45.0196129823,-18.049134822],[-44.9649792134,-18.0848947485],[-44.9520874331,-18.0884293466],[-44.9374518528,-18.080417372],[-44.8932527899,-18.1007957826],[-44.8748177852,-18.0964574929],[-44.8480144809,-18.1299946846],[-44.828403315,-18.1278215756],[-44.8169022498,-18.1388311961],[-44.8034135822,-18.1314210225],[-44.7883417796,-18.1495893856],[-44.7507815271,-18.1519007752],[-44.7348502617,-18.1394042089],[-44.73078895,-18.15000048],[-44.7516151831,-18.1702244869],[-44.7659745634,-18.1634159639],[-44.7871202633,-18.1725826878],[-44.8044827776,-18.1671202995],[-44.8158928129,-18.1786501999],[-44.801762965,-18.1899532528],[-44.8352265853,-18.230516047],[-44.8387883078,-18.2522461744],[-44.8267076793,-18.2593578539],[-44.8116341566,-18.30225713],[-44.8269206409,-18.3095886826],[-44.8423110523,-18.365755034],[-44.838508976,-18.3924248263],[-44.8440096871,-18.4075012357],[-44.8555039718,-18.4126909595],[-44.8542007593,-18.4272406417],[-44.8686461015,-18.4483501899],[-44.8415100376,-18.4841788259],[-44.8569475997,-18.4961224034],[-44.8459510749,-18.5402946536],[-44.8515064304,-18.5484075019],[-44.9039798499,-18.5264083858],[-44.9226248678,-18.503787799],[-44.9356209809,-18.5005599359],[-44.9502610099,-18.5007425488],[-44.9619263381,-18.5146555506],[-44.9954517495,-18.5232007723],[-45.0439806703,-18.5020224712],[-45.0722614324,-18.5156934017],[-45.0773999609,-18.5257004095],[-45.0837566622,-18.5217866378],[-45.0813408806,-18.5288747521],[-45.091393134,-18.5324569515],[-45.0903986189,-18.5404750454],[-45.0978961189,-18.5370230543],[-45.1188148203,-18.5734039998],[-45.153955241,-18.5926012575],[-45.1450380002,-18.6526286296],[-45.1557847654,-18.668291183],[-45.1711707158,-18.6688317146],[-45.2127854063,-18.6472865066],[-45.2159841698,-18.6185210256],[-45.2402569043,-18.5769881015],[-45.2402818021,-18.5668831758],[-45.217451695,-18.5411648354],[-45.2195613141,-18.5239810757],[-45.2560676968,-18.524519082],[-45.2976789644,-18.4873561501],[-45.3441201098,-18.4779247651],[-45.3580158736,-18.4670794141],[-45.3590273955,-18.4526584928],[-45.3478367134,-18.4350621093],[-45.3097286632,-18.4218691302],[-45.3011510666,-18.4118180022],[-45.3036225461,-18.3846824406],[-45.286812493,-18.3512570509],[-45.3119861224,-18.3070697268],[-45.3050925941,-18.2885437004],[-45.2648982728,-18.2495155546],[-45.2612024465,-18.2074162397],[-45.2281496536,-18.1592457465],[-45.228151688,-18.1360936145],[-45.243954108,-18.1361356003],[-45.2489285631,-18.1218549317],[-45.2323439254,-18.107954669],[-45.1975992856,-18.1277763462],[-45.1877863145,-18.124758307],[-45.1816547013,-18.0910788929],[-45.2088950963,-18.0521926459],[-45.1799308413,-18.030770367],[-45.180960995,-18.0072190701],[-45.1978767535,-17.997319882],[-45.1922808048,-17.9684048332],[-45.1190986297,-17.9314707479],[-45.0999809727,-17.9477362609],[-45.1006170593,-17.963550442]]]}},{"type": "Feature","properties": {"nome": "Felixlândia","geocodigo": "3125705","uf": "MG","documentos_que_citam": 23,"processos_distintos": 8,"tipos_distintos": 5,"documentos_por_tipo": {"documentos comprobatórios": 7,"extraprocessual": 7,"outros documentos": 4,"petição": 3,"documento de comprovação": 2},"documentos_por_processo": {"5044954-73.2019.8.13.0024": 5,"5087481-40.2019.8.13.0024": 4,"5071521-44.2019.8.13.0024": 4,"5026408-67.2019.8.13.0024": 3,"5036296-26.2020.8.13.0024": 3,"5095958-18.2020.8.13.0024": 2,"5010709-36.2019.8.13.0024": 1,"5095960-85.2020.8.13.0024": 1},"resumos_redigidos_pela_triagem": 1,"o_que_esta_contagem_e": "Documentos do processo judicial da reparação de Brumadinho que CITAM este município -- não documentos SOBRE o município, nem fatos ocorridos nele. O vínculo é o campo de local que a própria UFMG preenche para apoiar busca no acervo.","onde_ler_a_lista": "/paraopeba/documentos","por_que_nao_tem_o_resumo_aqui": "De propósito: a camada publica contagem, nunca teor. Resumo, título e id de documento ficam na página, onde a triagem de dado pessoal e a atribuição à UFMG aparecem junto. Ver a docstring de scripts/gerar_camada_documentos_municipio.py.","fonte": "Plataforma Brumadinho UFMG (índice Solr público, campo `places`)","cobertura_da_camada": "471 de 7.107 documentos do acervo (6,6%) têm município identificado","aviso": "VIÉS DE COBERTURA, não geografia do dano: só 471 dos 7.107 documentos do acervo (6,6%) têm município identificado -- o campo de local é texto livre, preenchido em 18,2% do acervo, e a maior parte do que está lá é nome de barragem, comunidade, rio ou bacia, não município. Este mapa mostra onde o ACERVO CITA, não onde o dano FOI: município ausente daqui NÃO é município não atingido. NÃO SOME as contagens entre municípios: um mesmo documento cita vários municípios e é contado inteiro em cada um -- somar inventa documento. O polígono é a unidade de contagem (o município citado), não a extensão de nenhum fato."},"geometry": {"type": "Polygon","coordinates": [[[-45.0439806703,-18.5020224712],[-44.9954517495,-18.5232007723],[-44.9619263381,-18.5146555506],[-44.9502610099,-18.5007425488],[-44.9356209809,-18.5005599359],[-44.9226248678,-18.503787799],[-44.9039798499,-18.5264083858],[-44.8515064304,-18.5484075019],[-44.8577849483,-18.5713684659],[-44.847422525,-18.5750234938],[-44.8460623127,-18.5879540456],[-44.8325957313,-18.5869756386],[-44.8181548006,-18.6019732677],[-44.8068392589,-18.6290595571],[-44.8048967868,-18.6508820823],[-44.821952096,-18.6584719045],[-44.8030116311,-18.6897243097],[-44.7705889091,-18.7037237027],[-44.7540361503,-18.7252719907],[-44.7283747123,-18.7247396917],[-44.7275049445,-18.7116694954],[-44.7130552057,-18.7040785737],[-44.6992291686,-18.7078091038],[-44.6592036028,-18.7408842607],[-44.6487008534,-18.7863054254],[-44.693109602,-18.8092959245],[-44.6989545466,-18.8262704826],[-44.7142222591,-18.8334140212],[-44.719121832,-18.8452963202],[-44.74641996,-18.8547306873],[-44.7517599388,-18.8497650438],[-44.7528389732,-18.8620133445],[-44.7670604987,-18.8607373457],[-44.7730604317,-18.875785792],[-44.7922806215,-18.8648641755],[-44.8258743222,-18.863470217],[-44.8313666091,-18.8483836568],[-44.8447619895,-18.8433753795],[-44.8546458513,-18.8449968911],[-44.8583911968,-18.8566202869],[-44.8718697267,-18.84300831],[-44.8903353064,-18.8592240576],[-44.9122258561,-18.8603435919],[-44.9079980686,-18.8762744053],[-44.9144671423,-18.8846570891],[-44.9373958347,-18.866898133],[-44.9356498563,-18.8456239759],[-44.9662022047,-18.8385953357],[-44.9751982968,-18.825061445],[-45.0478944115,-18.8174617882],[-45.0598921697,-18.82579601],[-45.0669846533,-18.845686593],[-45.0863432416,-18.8541119571],[-45.1030388307,-18.8466135993],[-45.108235666,-18.8148893989],[-45.1225648798,-18.8195883715],[-45.1345083259,-18.8394553599],[-45.1564219236,-18.8065945488],[-45.184286037,-18.815543117],[-45.206620196,-18.7813723983],[-45.1903993663,-18.7347549363],[-45.1924208783,-18.7198402241],[-45.2342898957,-18.6653924309],[-45.2457572716,-18.6386741865],[-45.243898095,-18.6176859132],[-45.2315928429,-18.5958202221],[-45.2159841698,-18.6185210256],[-45.2127854063,-18.6472865066],[-45.1711707158,-18.6688317146],[-45.1557847654,-18.668291183],[-45.1450380002,-18.6526286296],[-45.153955241,-18.5926012575],[-45.1188148203,-18.5734039998],[-45.0978961189,-18.5370230543],[-45.0903986189,-18.5404750454],[-45.091393134,-18.5324569515],[-45.0813408806,-18.5288747521],[-45.0837566622,-18.5217866378],[-45.0773999609,-18.5257004095],[-45.0722614324,-18.5156934017],[-45.0439806703,-18.5020224712]]]}},{"type": "Feature","properties": {"nome": "Caetanópolis","geocodigo": "3109907","uf": "MG","documentos_que_citam": 21,"processos_distintos": 8,"tipos_distintos": 5,"documentos_por_tipo": {"documentos comprobatórios": 10,"extraprocessual": 6,"petição": 2,"outros documentos": 2,"documento de comprovação": 1},"documentos_por_processo": {"5010709-36.2019.8.13.0024": 6,"5026408-67.2019.8.13.0024": 3,"5071521-44.2019.8.13.0024": 3,"5036296-26.2020.8.13.0024": 3,"5044954-73.2019.8.13.0024": 2,"5087481-40.2019.8.13.0024": 2,"5095958-18.2020.8.13.0024": 1,"5095960-85.2020.8.13.0024": 1},"resumos_redigidos_pela_triagem": 1,"o_que_esta_contagem_e": "Documentos do processo judicial da reparação de Brumadinho que CITAM este município -- não documentos SOBRE o município, nem fatos ocorridos nele. O vínculo é o campo de local que a própria UFMG preenche para apoiar busca no acervo.","onde_ler_a_lista": "/paraopeba/documentos","por_que_nao_tem_o_resumo_aqui": "De propósito: a camada publica contagem, nunca teor. Resumo, título e id de documento ficam na página, onde a triagem de dado pessoal e a atribuição à UFMG aparecem junto. Ver a docstring de scripts/gerar_camada_documentos_municipio.py.","fonte": "Plataforma Brumadinho UFMG (índice Solr público, campo `places`)","cobertura_da_camada": "471 de 7.107 documentos do acervo (6,6%) têm município identificado","aviso": "VIÉS DE COBERTURA, não geografia do dano: só 471 dos 7.107 documentos do acervo (6,6%) têm município identificado -- o campo de local é texto livre, preenchido em 18,2% do acervo, e a maior parte do que está lá é nome de barragem, comunidade, rio ou bacia, não município. Este mapa mostra onde o ACERVO CITA, não onde o dano FOI: município ausente daqui NÃO é município não atingido. NÃO SOME as contagens entre municípios: um mesmo documento cita vários municípios e é contado inteiro em cada um -- somar inventa documento. O polígono é a unidade de contagem (o município citado), não a extensão de nenhum fato."},"geometry": {"type": "Polygon","coordinates": [[[-44.447840329,-19.2672650413],[-44.4280025181,-19.2721833631],[-44.4087540608,-19.2950958888],[-44.3886148116,-19.2927348513],[-44.3854911207,-19.2834882887],[-44.3586115566,-19.3126970759],[-44.3621955152,-19.3232999481],[-44.3530280158,-19.3448277136],[-44.3338404597,-19.3520534458],[-44.3353953325,-19.3654992526],[-44.3134198232,-19.374950765],[-44.2995430229,-19.4032237915],[-44.3393104291,-19.4014256611],[-44.3530072367,-19.3857600051],[-44.3741694817,-19.4052828464],[-44.4001388788,-19.4140311764],[-44.424916755,-19.4015413099],[-44.4172221621,-19.3657374582],[-44.4369997661,-19.3460252041],[-44.4633363672,-19.3589547],[-44.4848876246,-19.3519617679],[-44.4902760292,-19.3185045167],[-44.4800378736,-19.3120630678],[-44.4839429486,-19.2968493033],[-44.4717572645,-19.2959091296],[-44.447840329,-19.2672650413]]]}},{"type": "Feature","properties": {"nome": "Belo Horizonte","geocodigo": "3106200","uf": "MG","documentos_que_citam": 20,"processos_distintos": 6,"tipos_distintos": 2,"documentos_por_tipo": {"extraprocessual": 18,"documentos comprobatórios": 2},"documentos_por_processo": {"5036296-26.2020.8.13.0024": 7,"5071521-44.2019.8.13.0024": 6,"5095960-85.2020.8.13.0024": 3,"5095958-18.2020.8.13.0024": 2,"5010709-36.2019.8.13.0024": 1,"5026408-67.2019.8.13.0024": 1},"resumos_redigidos_pela_triagem": 0,"o_que_esta_contagem_e": "Documentos do processo judicial da reparação de Brumadinho que CITAM este município -- não documentos SOBRE o município, nem fatos ocorridos nele. O vínculo é o campo de local que a própria UFMG preenche para apoiar busca no acervo.","onde_ler_a_lista": "/paraopeba/documentos","por_que_nao_tem_o_resumo_aqui": "De propósito: a camada publica contagem, nunca teor. Resumo, título e id de documento ficam na página, onde a triagem de dado pessoal e a atribuição à UFMG aparecem junto. Ver a docstring de scripts/gerar_camada_documentos_municipio.py.","fonte": "Plataforma Brumadinho UFMG (índice Solr público, campo `places`)","cobertura_da_camada": "471 de 7.107 documentos do acervo (6,6%) têm município identificado","aviso": "VIÉS DE COBERTURA, não geografia do dano: só 471 dos 7.107 documentos do acervo (6,6%) têm município identificado -- o campo de local é texto livre, preenchido em 18,2% do acervo, e a maior parte do que está lá é nome de barragem, comunidade, rio ou bacia, não município. Este mapa mostra onde o ACERVO CITA, não onde o dano FOI: município ausente daqui NÃO é município não atingido. NÃO SOME as contagens entre municípios: um mesmo documento cita vários municípios e é contado inteiro em cada um -- somar inventa documento. O polígono é a unidade de contagem (o município citado), não a extensão de nenhum fato."},"geometry": {"type": "Polygon","coordinates": [[[-43.9457849746,-19.776790318],[-43.9431934105,-19.7976070923],[-43.8987660252,-19.8019361296],[-43.8893407662,-19.815413951],[-43.8766748813,-19.8133675339],[-43.8618362861,-19.8269137404],[-43.8663248483,-19.8471943017],[-43.8568973205,-19.8573286857],[-43.8767780032,-19.8670147148],[-43.8961957994,-19.8635972175],[-43.8989222895,-19.8745305173],[-43.9091314428,-19.8757588514],[-43.9055579824,-19.8855614428],[-43.8912261009,-19.8848567318],[-43.8690044303,-19.9242842047],[-43.9095956803,-19.9596795873],[-43.9393950615,-19.9744521356],[-43.9921342511,-20.0288102543],[-44.001799371,-20.0569179764],[-44.0122183078,-20.0593041937],[-44.0171105899,-20.0533886737],[-44.0098884566,-20.0415750489],[-44.0359205516,-20.0197794642],[-44.0619669836,-19.9743133955],[-44.0452479624,-19.973198069],[-44.0340780876,-19.9827905782],[-44.0123962295,-19.9676849436],[-44.0135597039,-19.9556319164],[-44.0053652817,-19.9545255611],[-44.0236722601,-19.9429085938],[-44.0219784108,-19.9245333459],[-44.0288571549,-19.9149519731],[-44.0129240682,-19.880587647],[-44.0183646097,-19.8596099247],[-44.0087277223,-19.853681355],[-44.0198118978,-19.839599363],[-43.990109891,-19.7853887276],[-43.9757802428,-19.7811918934],[-43.9652509981,-19.791214111],[-43.959108535,-19.7780025727],[-43.9457849746,-19.776790318]]]}},{"type": "Feature","properties": {"nome": "Sarzedo","geocodigo": "3165537","uf": "MG","documentos_que_citam": 17,"processos_distintos": 3,"tipos_distintos": 2,"documentos_por_tipo": {"extraprocessual": 15,"documentos comprobatórios": 2},"documentos_por_processo": {"5036296-26.2020.8.13.0024": 9,"5071521-44.2019.8.13.0024": 6,"5010709-36.2019.8.13.0024": 2},"resumos_redigidos_pela_triagem": 0,"o_que_esta_contagem_e": "Documentos do processo judicial da reparação de Brumadinho que CITAM este município -- não documentos SOBRE o município, nem fatos ocorridos nele. O vínculo é o campo de local que a própria UFMG preenche para apoiar busca no acervo.","onde_ler_a_lista": "/paraopeba/documentos","por_que_nao_tem_o_resumo_aqui": "De propósito: a camada publica contagem, nunca teor. Resumo, título e id de documento ficam na página, onde a triagem de dado pessoal e a atribuição à UFMG aparecem junto. Ver a docstring de scripts/gerar_camada_documentos_municipio.py.","fonte": "Plataforma Brumadinho UFMG (índice Solr público, campo `places`)","cobertura_da_camada": "471 de 7.107 documentos do acervo (6,6%) têm município identificado","aviso": "VIÉS DE COBERTURA, não geografia do dano: só 471 dos 7.107 documentos do acervo (6,6%) têm município identificado -- o campo de local é texto livre, preenchido em 18,2% do acervo, e a maior parte do que está lá é nome de barragem, comunidade, rio ou bacia, não município. Este mapa mostra onde o ACERVO CITA, não onde o dano FOI: município ausente daqui NÃO é município não atingido. NÃO SOME as contagens entre municípios: um mesmo documento cita vários municípios e é contado inteiro em cada um -- somar inventa documento. O polígono é a unidade de contagem (o município citado), não a extensão de nenhum fato."},"geometry": {"type": "Polygon","coordinates": [[[-44.1435000795,-20.0183358009],[-44.1373907965,-20.0308060335],[-44.1265287536,-20.0301209906],[-44.1240579322,-20.0220255955],[-44.0930391923,-20.0285640518],[-44.088727042,-20.0513225082],[-44.0634674923,-20.0789257025],[-44.1055925037,-20.0982294348],[-44.1439825236,-20.0876801156],[-44.1484714058,-20.0607063681],[-44.1816932164,-20.0460943738],[-44.174501292,-20.0378155039],[-44.1785506072,-20.0305955405],[-44.1623916541,-20.024492633],[-44.1522757848,-20.0300799183],[-44.151084702,-20.0181919198],[-44.1435000795,-20.0183358009]]]}},{"type": "Feature","properties": {"nome": "Inhaúma","geocodigo": "3131000","uf": "MG","documentos_que_citam": 15,"processos_distintos": 6,"tipos_distintos": 3,"documentos_por_tipo": {"documentos comprobatórios": 8,"extraprocessual": 6,"petição": 1},"documentos_por_processo": {"5036296-26.2020.8.13.0024": 4,"5044954-73.2019.8.13.0024": 3,"5010709-36.2019.8.13.0024": 2,"5087481-40.2019.8.13.0024": 2,"5026408-67.2019.8.13.0024": 2,"5071521-44.2019.8.13.0024": 2},"resumos_redigidos_pela_triagem": 0,"o_que_esta_contagem_e": "Documentos do processo judicial da reparação de Brumadinho que CITAM este município -- não documentos SOBRE o município, nem fatos ocorridos nele. O vínculo é o campo de local que a própria UFMG preenche para apoiar busca no acervo.","onde_ler_a_lista": "/paraopeba/documentos","por_que_nao_tem_o_resumo_aqui": "De propósito: a camada publica contagem, nunca teor. Resumo, título e id de documento ficam na página, onde a triagem de dado pessoal e a atribuição à UFMG aparecem junto. Ver a docstring de scripts/gerar_camada_documentos_municipio.py.","fonte": "Plataforma Brumadinho UFMG (índice Solr público, campo `places`)","cobertura_da_camada": "471 de 7.107 documentos do acervo (6,6%) têm município identificado","aviso": "VIÉS DE COBERTURA, não geografia do dano: só 471 dos 7.107 documentos do acervo (6,6%) têm município identificado -- o campo de local é texto livre, preenchido em 18,2% do acervo, e a maior parte do que está lá é nome de barragem, comunidade, rio ou bacia, não município. Este mapa mostra onde o ACERVO CITA, não onde o dano FOI: município ausente daqui NÃO é município não atingido. NÃO SOME as contagens entre municípios: um mesmo documento cita vários municípios e é contado inteiro em cada um -- somar inventa documento. O polígono é a unidade de contagem (o município citado), não a extensão de nenhum fato."},"geometry": {"type": "Polygon","coordinates": [[[-44.4507853468,-19.4121126519],[-44.4476259567,-19.4209794776],[-44.4369967191,-19.4165883948],[-44.4205797141,-19.4303047783],[-44.4124501618,-19.4259783324],[-44.4106396984,-19.4338096777],[-44.3885765683,-19.4365705953],[-44.3772177489,-19.4603215271],[-44.3557309041,-19.4691049679],[-44.3580020437,-19.4788371457],[-44.3464770107,-19.4770788235],[-44.3398053454,-19.4966855383],[-44.326757425,-19.4936391592],[-44.3071744611,-19.525001749],[-44.3129773399,-19.5327107731],[-44.3072241043,-19.5677056382],[-44.3153939663,-19.5919141019],[-44.3285268613,-19.5789702263],[-44.3522251183,-19.5867005263],[-44.3525928331,-19.5792970425],[-44.3709987195,-19.5841461592],[-44.3817789875,-19.5776032669],[-44.4084543734,-19.5892380174],[-44.4460165528,-19.5457397875],[-44.4294437708,-19.5467999738],[-44.4180313746,-19.5312529142],[-44.4058303843,-19.5329077613],[-44.4294258862,-19.5209726945],[-44.4360824759,-19.5058942529],[-44.4306159296,-19.4957546737],[-44.483234156,-19.4892116501],[-44.4888678853,-19.4706976918],[-44.514808157,-19.4839203604],[-44.5200031827,-19.4695768118],[-44.5332876673,-19.4624667877],[-44.5418933885,-19.4281394329],[-44.5165875348,-19.4232715443],[-44.514556818,-19.4295642478],[-44.497339108,-19.4290028226],[-44.4654465084,-19.4069400192],[-44.4507853468,-19.4121126519]]]}},{"type": "Feature","properties": {"nome": "Ouro Preto","geocodigo": "3146107","uf": "MG","documentos_que_citam": 12,"processos_distintos": 5,"tipos_distintos": 6,"documentos_por_tipo": {"extraprocessual": 5,"informações prestadas": 2,"ata de audiência": 2,"petição": 1,"documentos comprobatórios": 1,"outros documentos": 1},"documentos_por_processo": {"5071521-44.2019.8.13.0024": 5,"5010709-36.2019.8.13.0024": 3,"5026408-67.2019.8.13.0024": 2,"5044954-73.2019.8.13.0024": 1,"5087481-40.2019.8.13.0024": 1},"resumos_redigidos_pela_triagem": 0,"o_que_esta_contagem_e": "Documentos do processo judicial da reparação de Brumadinho que CITAM este município -- não documentos SOBRE o município, nem fatos ocorridos nele. O vínculo é o campo de local que a própria UFMG preenche para apoiar busca no acervo.","onde_ler_a_lista": "/paraopeba/documentos","por_que_nao_tem_o_resumo_aqui": "De propósito: a camada publica contagem, nunca teor. Resumo, título e id de documento ficam na página, onde a triagem de dado pessoal e a atribuição à UFMG aparecem junto. Ver a docstring de scripts/gerar_camada_documentos_municipio.py.","fonte": "Plataforma Brumadinho UFMG (índice Solr público, campo `places`)","cobertura_da_camada": "471 de 7.107 documentos do acervo (6,6%) têm município identificado","aviso": "VIÉS DE COBERTURA, não geografia do dano: só 471 dos 7.107 documentos do acervo (6,6%) têm município identificado -- o campo de local é texto livre, preenchido em 18,2% do acervo, e a maior parte do que está lá é nome de barragem, comunidade, rio ou bacia, não município. Este mapa mostra onde o ACERVO CITA, não onde o dano FOI: município ausente daqui NÃO é município não atingido. NÃO SOME as contagens entre municípios: um mesmo documento cita vários municípios e é contado inteiro em cada um -- somar inventa documento. O polígono é a unidade de contagem (o município citado), não a extensão de nenhum fato."},"geometry": {"type": "Polygon","coordinates": [[[-43.5339933071,-20.160734484],[-43.4937804897,-20.1699404937],[-43.5023833292,-20.1936431277],[-43.4991081991,-20.2158177133],[-43.4706109026,-20.2224119066],[-43.469771972,-20.242926179],[-43.4593858711,-20.2499557789],[-43.4626639232,-20.2620433162],[-43.4533572935,-20.2712396127],[-43.4600044124,-20.2849407736],[-43.4518602936,-20.3007214044],[-43.4685230918,-20.318082425],[-43.4616886818,-20.3311668876],[-43.4728846577,-20.3447508282],[-43.4605808231,-20.3596374333],[-43.47058379,-20.3707835658],[-43.472685692,-20.406731369],[-43.4956426937,-20.4461554219],[-43.4891660407,-20.4563272689],[-43.451915426,-20.4683432848],[-43.4460776399,-20.4847205757],[-43.4268441741,-20.4899062081],[-43.4301209412,-20.5183914981],[-43.4171626038,-20.5437876654],[-43.4036021455,-20.5467047856],[-43.4032762911,-20.564896144],[-43.4131640028,-20.567362635],[-43.4257413849,-20.5976036859],[-43.4508011481,-20.5962481098],[-43.4456036415,-20.6272712082],[-43.4587392791,-20.6323236691],[-43.4997474558,-20.6230267655],[-43.5330678277,-20.5947747283],[-43.5368319558,-20.6012397957],[-43.5649690673,-20.6049969998],[-43.5753617694,-20.5829206004],[-43.6007972839,-20.5623555476],[-43.5939406089,-20.5520664377],[-43.5978807771,-20.540639247],[-43.5804124696,-20.5089936792],[-43.5853839638,-20.4952407628],[-43.5944501035,-20.4828017586],[-43.6229721052,-20.4716313656],[-43.6602738091,-20.433299265],[-43.684190046,-20.4301492249],[-43.7162121008,-20.4638986052],[-43.7480208226,-20.4603156511],[-43.7572431097,-20.4712640403],[-43.7561403604,-20.4831360107],[-43.7673011461,-20.4884126758],[-43.7669485794,-20.4995263388],[-43.7778241559,-20.505379813],[-43.8027777199,-20.5031499973],[-43.7973867268,-20.489254127],[-43.8038833911,-20.4850387645],[-43.802333495,-20.4525336856],[-43.8297210543,-20.4477903943],[-43.8444680998,-20.435598378],[-43.8660085871,-20.4375129003],[-43.8874366254,-20.4193001381],[-43.90457389,-20.4169993756],[-43.9158610604,-20.4263465761],[-43.9326070457,-20.4191346848],[-43.9307748047,-20.3824025662],[-43.904749545,-20.3802189778],[-43.8633487341,-20.3933881018],[-43.8551362232,-20.3836512044],[-43.820809942,-20.3780556894],[-43.8205006876,-20.3673881837],[-43.8108912409,-20.3615321998],[-43.8162224612,-20.3551962905],[-43.80297199,-20.3517018708],[-43.7987780869,-20.3416427884],[-43.7972729485,-20.3214476816],[-43.7806124175,-20.3102679675],[-43.7721681958,-20.3132059176],[-43.7709642765,-20.3041444548],[-43.7563019733,-20.3044132521],[-43.7516856221,-20.2684222182],[-43.6963432786,-20.2546354175],[-43.7070818587,-20.2441126232],[-43.7005831436,-20.2287927336],[-43.6843034069,-20.2422736565],[-43.6636990791,-20.2298041583],[-43.6524995797,-20.2405117596],[-43.6491105132,-20.2238214713],[-43.6151323994,-20.2039278928],[-43.6188645646,-20.1930392723],[-43.5817874213,-20.2181921412],[-43.5692939791,-20.206183258],[-43.5549408665,-20.2083272353],[-43.5383330064,-20.2013337343],[-43.5496112581,-20.1853410247],[-43.5339933071,-20.160734484]]]}},{"type": "Feature","properties": {"nome": "Barão de Cocais","geocodigo": "3105400","uf": "MG","documentos_que_citam": 10,"processos_distintos": 4,"tipos_distintos": 2,"documentos_por_tipo": {"extraprocessual": 7,"documentos comprobatórios": 3},"documentos_por_processo": {"5071521-44.2019.8.13.0024": 7,"5010709-36.2019.8.13.0024": 1,"5026408-67.2019.8.13.0024": 1,"5044954-73.2019.8.13.0024": 1},"resumos_redigidos_pela_triagem": 0,"o_que_esta_contagem_e": "Documentos do processo judicial da reparação de Brumadinho que CITAM este município -- não documentos SOBRE o município, nem fatos ocorridos nele. O vínculo é o campo de local que a própria UFMG preenche para apoiar busca no acervo.","onde_ler_a_lista": "/paraopeba/documentos","por_que_nao_tem_o_resumo_aqui": "De propósito: a camada publica contagem, nunca teor. Resumo, título e id de documento ficam na página, onde a triagem de dado pessoal e a atribuição à UFMG aparecem junto. Ver a docstring de scripts/gerar_camada_documentos_municipio.py.","fonte": "Plataforma Brumadinho UFMG (índice Solr público, campo `places`)","cobertura_da_camada": "471 de 7.107 documentos do acervo (6,6%) têm município identificado","aviso": "VIÉS DE COBERTURA, não geografia do dano: só 471 dos 7.107 documentos do acervo (6,6%) têm município identificado -- o campo de local é texto livre, preenchido em 18,2% do acervo, e a maior parte do que está lá é nome de barragem, comunidade, rio ou bacia, não município. Este mapa mostra onde o ACERVO CITA, não onde o dano FOI: município ausente daqui NÃO é município não atingido. NÃO SOME as contagens entre municípios: um mesmo documento cita vários municípios e é contado inteiro em cada um -- somar inventa documento. O polígono é a unidade de contagem (o município citado), não a extensão de nenhum fato."},"geometry": {"type": "Polygon","coordinates": [[[-43.5375831585,-19.761123712],[-43.4878893931,-19.7747469124],[-43.4837198384,-19.7870956981],[-43.469392836,-19.7793830634],[-43.4542220138,-19.7897411045],[-43.4433636268,-19.7821929249],[-43.4338985349,-19.7877729407],[-43.4114159581,-19.7722173143],[-43.3915807845,-19.7744461146],[-43.3832268532,-19.7900464483],[-43.3989458478,-19.8066826274],[-43.3970327881,-19.8397835034],[-43.3881119251,-19.8565374082],[-43.4065551018,-19.8707443366],[-43.4354158851,-19.8780944241],[-43.4208859426,-19.8922711876],[-43.4198124434,-19.9093825487],[-43.4317490955,-19.9081449949],[-43.4438816414,-19.9412590558],[-43.4624932546,-19.9436357177],[-43.5125852719,-20.0116601593],[-43.5444038822,-20.0314614252],[-43.5790847706,-20.0105051342],[-43.5938874828,-20.0119498914],[-43.5891645384,-19.9963325244],[-43.5958672633,-19.9844670028],[-43.6380041214,-19.9658484249],[-43.6285570523,-19.9552496921],[-43.6007620338,-19.949834792],[-43.5798907018,-19.9226725614],[-43.5616079155,-19.9306874573],[-43.5286195465,-19.9257273334],[-43.5184723968,-19.9118131323],[-43.5280161748,-19.8904712733],[-43.5240612945,-19.8319090516],[-43.5405880511,-19.7839906611],[-43.5375831585,-19.761123712]]]}},{"type": "Feature","properties": {"nome": "Itabirito","geocodigo": "3131901","uf": "MG","documentos_que_citam": 9,"processos_distintos": 4,"tipos_distintos": 4,"documentos_por_tipo": {"extraprocessual": 4,"informações prestadas": 2,"documentos comprobatórios": 2,"petição": 1},"documentos_por_processo": {"5071521-44.2019.8.13.0024": 4,"5010709-36.2019.8.13.0024": 3,"5026408-67.2019.8.13.0024": 1,"5044954-73.2019.8.13.0024": 1},"resumos_redigidos_pela_triagem": 0,"o_que_esta_contagem_e": "Documentos do processo judicial da reparação de Brumadinho que CITAM este município -- não documentos SOBRE o município, nem fatos ocorridos nele. O vínculo é o campo de local que a própria UFMG preenche para apoiar busca no acervo.","onde_ler_a_lista": "/paraopeba/documentos","por_que_nao_tem_o_resumo_aqui": "De propósito: a camada publica contagem, nunca teor. Resumo, título e id de documento ficam na página, onde a triagem de dado pessoal e a atribuição à UFMG aparecem junto. Ver a docstring de scripts/gerar_camada_documentos_municipio.py.","fonte": "Plataforma Brumadinho UFMG (índice Solr público, campo `places`)","cobertura_da_camada": "471 de 7.107 documentos do acervo (6,6%) têm município identificado","aviso": "VIÉS DE COBERTURA, não geografia do dano: só 471 dos 7.107 documentos do acervo (6,6%) têm município identificado -- o campo de local é texto livre, preenchido em 18,2% do acervo, e a maior parte do que está lá é nome de barragem, comunidade, rio ou bacia, não município. Este mapa mostra onde o ACERVO CITA, não onde o dano FOI: município ausente daqui NÃO é município não atingido. NÃO SOME as contagens entre municípios: um mesmo documento cita vários municípios e é contado inteiro em cada um -- somar inventa documento. O polígono é a unidade de contagem (o município citado), não a extensão de nenhum fato."},"geometry": {"type": "Polygon","coordinates": [[[-43.6590359888,-20.1249143549],[-43.6292509902,-20.1510793399],[-43.6378893375,-20.1688370729],[-43.6276341045,-20.1752971892],[-43.6151323994,-20.2039278928],[-43.6491105132,-20.2238214713],[-43.6524995797,-20.2405117596],[-43.6636990791,-20.2298041583],[-43.6843034069,-20.2422736565],[-43.7005831436,-20.2287927336],[-43.7070818587,-20.2441126232],[-43.6963432786,-20.2546354175],[-43.7516856221,-20.2684222182],[-43.7563019733,-20.3044132521],[-43.7709642765,-20.3041444548],[-43.7721681958,-20.3132059176],[-43.7806124175,-20.3102679675],[-43.7972729485,-20.3214476816],[-43.7987780869,-20.3416427884],[-43.80297199,-20.3517018708],[-43.8162224612,-20.3551962905],[-43.8108912409,-20.3615321998],[-43.8205006876,-20.3673881837],[-43.820809942,-20.3780556894],[-43.8551362232,-20.3836512044],[-43.8633487341,-20.3933881018],[-43.904749545,-20.3802189778],[-43.9307748047,-20.3824025662],[-43.9501051998,-20.2813065943],[-43.9763876148,-20.2222120698],[-43.95183358,-20.2245747079],[-43.9349700226,-20.2081040726],[-43.9015223897,-20.2142863375],[-43.8540582432,-20.1979469908],[-43.8380827934,-20.1821858143],[-43.8071325188,-20.1823247301],[-43.8038872997,-20.1727798377],[-43.7944108938,-20.1799989081],[-43.7813402821,-20.1582094699],[-43.7876037373,-20.1516538488],[-43.7448559529,-20.15391743],[-43.7113602293,-20.1409247324],[-43.6942234441,-20.1483666509],[-43.6923060541,-20.1389412064],[-43.6633318506,-20.1325526576],[-43.6590359888,-20.1249143549]]]}},{"type": "Feature","properties": {"nome": "Morada Nova de Minas","geocodigo": "3143500","uf": "MG","documentos_que_citam": 9,"processos_distintos": 5,"tipos_distintos": 3,"documentos_por_tipo": {"extraprocessual": 4,"outros documentos": 3,"documentos comprobatórios": 2},"documentos_por_processo": {"5036296-26.2020.8.13.0024": 3,"5087481-40.2019.8.13.0024": 2,"5071521-44.2019.8.13.0024": 2,"5026408-67.2019.8.13.0024": 1,"5044954-73.2019.8.13.0024": 1},"resumos_redigidos_pela_triagem": 0,"o_que_esta_contagem_e": "Documentos do processo judicial da reparação de Brumadinho que CITAM este município -- não documentos SOBRE o município, nem fatos ocorridos nele. O vínculo é o campo de local que a própria UFMG preenche para apoiar busca no acervo.","onde_ler_a_lista": "/paraopeba/documentos","por_que_nao_tem_o_resumo_aqui": "De propósito: a camada publica contagem, nunca teor. Resumo, título e id de documento ficam na página, onde a triagem de dado pessoal e a atribuição à UFMG aparecem junto. Ver a docstring de scripts/gerar_camada_documentos_municipio.py.","fonte": "Plataforma Brumadinho UFMG (índice Solr público, campo `places`)","cobertura_da_camada": "471 de 7.107 documentos do acervo (6,6%) têm município identificado","aviso": "VIÉS DE COBERTURA, não geografia do dano: só 471 dos 7.107 documentos do acervo (6,6%) têm município identificado -- o campo de local é texto livre, preenchido em 18,2% do acervo, e a maior parte do que está lá é nome de barragem, comunidade, rio ou bacia, não município. Este mapa mostra onde o ACERVO CITA, não onde o dano FOI: município ausente daqui NÃO é município não atingido. NÃO SOME as contagens entre municípios: um mesmo documento cita vários municípios e é contado inteiro em cada um -- somar inventa documento. O polígono é a unidade de contagem (o município citado), não a extensão de nenhum fato."},"geometry": {"type": "Polygon","coordinates": [[[-45.3119861224,-18.3070697268],[-45.286812493,-18.3512570509],[-45.3036225461,-18.3846824406],[-45.3011510666,-18.4118180022],[-45.3562336763,-18.443025648],[-45.3580158736,-18.4670794141],[-45.3441201098,-18.4779247651],[-45.2976789644,-18.4873561501],[-45.2560676968,-18.524519082],[-45.2195613141,-18.5239810757],[-45.217451695,-18.5411648354],[-45.2402818021,-18.5668831758],[-45.2315928429,-18.5958202221],[-45.2457572716,-18.6386741865],[-45.2342898957,-18.6653924309],[-45.1924208783,-18.7198402241],[-45.1903993663,-18.7347549363],[-45.206620196,-18.7813723983],[-45.1625088225,-18.8601666568],[-45.1871260511,-18.8804159869],[-45.2781971923,-18.884120701],[-45.3253913554,-18.9152884204],[-45.3405916726,-18.903676476],[-45.3358408245,-18.8864674602],[-45.3709561164,-18.8861618269],[-45.3897061621,-18.8726422771],[-45.3996215428,-18.8817415871],[-45.4070425415,-18.8698072015],[-45.4192238303,-18.8684201138],[-45.4621418693,-18.9156259521],[-45.4660896406,-18.9064395303],[-45.4497296641,-18.8936302425],[-45.4620077328,-18.8751464547],[-45.4529008118,-18.8741393252],[-45.4510371818,-18.8471219142],[-45.4026775721,-18.8102107192],[-45.4008710585,-18.7934902149],[-45.3600148039,-18.743439419],[-45.3546763074,-18.7255096478],[-45.3891719805,-18.7487352437],[-45.4073408963,-18.735047555],[-45.4510370009,-18.733758252],[-45.4681146942,-18.7027541675],[-45.4669824781,-18.6859000684],[-45.492639533,-18.6952118652],[-45.4972887969,-18.6879509768],[-45.5327014223,-18.6880323734],[-45.5656172728,-18.6683538409],[-45.6022842078,-18.6696249972],[-45.6197329455,-18.6561001796],[-45.6406466493,-18.6656743245],[-45.6360060113,-18.6285340257],[-45.6251202717,-18.6196185527],[-45.6372272298,-18.6097017467],[-45.6169828646,-18.5726389143],[-45.6187056782,-18.5402785512],[-45.6266434705,-18.5274327662],[-45.6220971891,-18.5225823239],[-45.6396473066,-18.5146174769],[-45.6295618027,-18.5095110648],[-45.640178722,-18.4965538593],[-45.6327581387,-18.4907207748],[-45.6449229216,-18.4925789919],[-45.6353776874,-18.469675406],[-45.6466774785,-18.4668898554],[-45.6374781665,-18.4584625216],[-45.6471470579,-18.4540807457],[-45.6392041794,-18.446014914],[-45.6322616567,-18.4506194977],[-45.639203238,-18.4417160156],[-45.6223435921,-18.437508062],[-45.6346486083,-18.4299750464],[-45.6315047341,-18.4197979971],[-45.6121236836,-18.4121791325],[-45.6156177518,-18.3991816667],[-45.6037590357,-18.3995131103],[-45.6086720662,-18.3931256931],[-45.6007858335,-18.3928604382],[-45.6018675631,-18.3869799799],[-45.5931234966,-18.3921039834],[-45.5853095943,-18.3724059936],[-45.5728459459,-18.3722618331],[-45.5720652825,-18.3560082513],[-45.5277878176,-18.3353227005],[-45.5150886468,-18.3186811689],[-45.4931536354,-18.3126022503],[-45.4499449117,-18.323782841],[-45.4370620397,-18.3159193356],[-45.4062346252,-18.3169894625],[-45.3942011762,-18.2944017345],[-45.3703705296,-18.2856781446],[-45.3613161721,-18.2666894995],[-45.3444028901,-18.2610006518],[-45.3237281621,-18.2283538667],[-45.3010597406,-18.2135692667],[-45.2860059976,-18.2116331637],[-45.2595521705,-18.222750049],[-45.2648982728,-18.2495155546],[-45.3050925941,-18.2885437004],[-45.3119861224,-18.3070697268]]]}},{"type": "Feature","properties": {"nome": "São Gonçalo do Abaeté","geocodigo": "3161700","uf": "MG","documentos_que_citam": 8,"processos_distintos": 5,"tipos_distintos": 3,"documentos_por_tipo": {"outros documentos": 3,"extraprocessual": 3,"documentos comprobatórios": 2},"documentos_por_processo": {"5087481-40.2019.8.13.0024": 2,"5071521-44.2019.8.13.0024": 2,"5036296-26.2020.8.13.0024": 2,"5026408-67.2019.8.13.0024": 1,"5044954-73.2019.8.13.0024": 1},"resumos_redigidos_pela_triagem": 0,"o_que_esta_contagem_e": "Documentos do processo judicial da reparação de Brumadinho que CITAM este município -- não documentos SOBRE o município, nem fatos ocorridos nele. O vínculo é o campo de local que a própria UFMG preenche para apoiar busca no acervo.","onde_ler_a_lista": "/paraopeba/documentos","por_que_nao_tem_o_resumo_aqui": "De propósito: a camada publica contagem, nunca teor. Resumo, título e id de documento ficam na página, onde a triagem de dado pessoal e a atribuição à UFMG aparecem junto. Ver a docstring de scripts/gerar_camada_documentos_municipio.py.","fonte": "Plataforma Brumadinho UFMG (índice Solr público, campo `places`)","cobertura_da_camada": "471 de 7.107 documentos do acervo (6,6%) têm município identificado","aviso": "VIÉS DE COBERTURA, não geografia do dano: só 471 dos 7.107 documentos do acervo (6,6%) têm município identificado -- o campo de local é texto livre, preenchido em 18,2% do acervo, e a maior parte do que está lá é nome de barragem, comunidade, rio ou bacia, não município. Este mapa mostra onde o ACERVO CITA, não onde o dano FOI: município ausente daqui NÃO é município não atingido. NÃO SOME as contagens entre municípios: um mesmo documento cita vários municípios e é contado inteiro em cada um -- somar inventa documento. O polígono é a unidade de contagem (o município citado), não a extensão de nenhum fato."},"geometry": {"type": "Polygon","coordinates": [[[-45.4581510851,-17.8483993268],[-45.4526794144,-17.8684288132],[-45.4677624303,-17.881395865],[-45.4712388823,-17.9074168583],[-45.4483790343,-17.9057534807],[-45.4543954179,-17.9119910103],[-45.4455976487,-17.9206324724],[-45.4176616899,-17.9063025235],[-45.351592589,-17.9060855018],[-45.341595863,-17.9372063354],[-45.2908971964,-17.9619818841],[-45.2779584632,-17.9834142104],[-45.2578751153,-17.9951044611],[-45.2419025613,-17.9759268666],[-45.2379437226,-17.9818688168],[-45.2246745666,-17.9771705274],[-45.2098900904,-17.9957361074],[-45.201957073,-17.9873398421],[-45.180960995,-18.0072190701],[-45.1799308413,-18.030770367],[-45.2088950963,-18.0521926459],[-45.1816547013,-18.0910788929],[-45.1877863145,-18.124758307],[-45.1975992856,-18.1277763462],[-45.2323439254,-18.107954669],[-45.2489285631,-18.1218549317],[-45.243954108,-18.1361356003],[-45.228151688,-18.1360936145],[-45.226539455,-18.1471087212],[-45.2612024465,-18.2074162397],[-45.2595521705,-18.222750049],[-45.2860059976,-18.2116331637],[-45.3010597406,-18.2135692667],[-45.3237281621,-18.2283538667],[-45.3444028901,-18.2610006518],[-45.3613161721,-18.2666894995],[-45.3703705296,-18.2856781446],[-45.3942011762,-18.2944017345],[-45.4062346252,-18.3169894625],[-45.4370620397,-18.3159193356],[-45.4499449117,-18.323782841],[-45.4931536354,-18.3126022503],[-45.5150886468,-18.3186811689],[-45.5175403542,-18.3279604305],[-45.5267911153,-18.3260643718],[-45.5342351167,-18.3386710626],[-45.5540905922,-18.3424480405],[-45.5720652825,-18.3560082513],[-45.5728459459,-18.3722618331],[-45.5939826955,-18.3810645772],[-45.5931234966,-18.3921039834],[-45.6018675631,-18.3869799799],[-45.6007858335,-18.3928604382],[-45.6086720662,-18.3931256931],[-45.6037590357,-18.3995131103],[-45.6156177518,-18.3991816667],[-45.6121236836,-18.4121791325],[-45.6315047341,-18.4197979971],[-45.6346486083,-18.4299750464],[-45.6223435921,-18.437508062],[-45.639203238,-18.4417160156],[-45.6322616567,-18.4506194977],[-45.6392041794,-18.446014914],[-45.6471470579,-18.4540807457],[-45.6374781665,-18.4584625216],[-45.6466774785,-18.4668898554],[-45.6353776874,-18.469675406],[-45.6395101355,-18.4826846786],[-45.6757316482,-18.4936384105],[-45.7047053512,-18.4886349172],[-45.7237014456,-18.5084340377],[-45.7407357697,-18.4894454404],[-45.7671796116,-18.4792507342],[-45.7741506094,-18.4639511045],[-45.7889819934,-18.4621208399],[-45.7670097232,-18.4533647108],[-45.7793456527,-18.4490100048],[-45.7712055782,-18.4421281358],[-45.7766229106,-18.4381935188],[-45.7641279691,-18.4324264235],[-45.7702621978,-18.4190769594],[-45.7525362541,-18.4158688274],[-45.7480421326,-18.3984368223],[-45.7771458702,-18.3941770944],[-45.7814229234,-18.404179119],[-45.7937886637,-18.4038126902],[-45.8154579623,-18.4007889061],[-45.8161505755,-18.3915608987],[-45.8220662787,-18.3956547713],[-45.8294461073,-18.3892241911],[-45.8497074993,-18.4010361224],[-45.8809512702,-18.3803785284],[-45.8976772529,-18.3790339072],[-45.9174853226,-18.3894574737],[-45.9372299104,-18.3669494361],[-46.0095158695,-18.3249607066],[-45.9901523761,-18.3189984946],[-45.9834459168,-18.3255711967],[-45.9596265503,-18.3157105594],[-45.9511768522,-18.3280377593],[-45.9301462096,-18.312154581],[-45.9167027422,-18.3265215267],[-45.8802590201,-18.2541137441],[-45.8684239059,-18.2533781583],[-45.8611770354,-18.2393454117],[-45.8480859703,-18.2343746715],[-45.8122843117,-18.1805988751],[-45.7340928579,-18.1682289608],[-45.7269328003,-18.1635005001],[-45.7327551438,-18.1571252034],[-45.7179037254,-18.1476233524],[-45.7068714102,-18.1705427475],[-45.6923990922,-18.1428059009],[-45.6658993199,-18.1290673351],[-45.6728696366,-18.1164727955],[-45.6635933386,-18.1129113271],[-45.6315078369,-18.0599096097],[-45.6392671194,-18.0552380118],[-45.6392886173,-18.0289355257],[-45.6322014767,-18.0125536615],[-45.6169507236,-18.0112183792],[-45.5987562349,-17.994355477],[-45.6110882172,-17.9824742255],[-45.5908183364,-17.967387753],[-45.5830117173,-17.9380520099],[-45.5684720205,-17.9259808756],[-45.5677008342,-17.9008334873],[-45.5481808815,-17.8973278889],[-45.5162593327,-17.8622175275],[-45.4676172464,-17.8578924218],[-45.4581510851,-17.8483993268]]]}},{"type": "Feature","properties": {"nome": "Abaeté","geocodigo": "3100203","uf": "MG","documentos_que_citam": 7,"processos_distintos": 5,"tipos_distintos": 3,"documentos_por_tipo": {"extraprocessual": 3,"outros documentos": 2,"documentos comprobatórios": 2},"documentos_por_processo": {"5071521-44.2019.8.13.0024": 2,"5036296-26.2020.8.13.0024": 2,"5026408-67.2019.8.13.0024": 1,"5044954-73.2019.8.13.0024": 1,"5087481-40.2019.8.13.0024": 1},"resumos_redigidos_pela_triagem": 0,"o_que_esta_contagem_e": "Documentos do processo judicial da reparação de Brumadinho que CITAM este município -- não documentos SOBRE o município, nem fatos ocorridos nele. O vínculo é o campo de local que a própria UFMG preenche para apoiar busca no acervo.","onde_ler_a_lista": "/paraopeba/documentos","por_que_nao_tem_o_resumo_aqui": "De propósito: a camada publica contagem, nunca teor. Resumo, título e id de documento ficam na página, onde a triagem de dado pessoal e a atribuição à UFMG aparecem junto. Ver a docstring de scripts/gerar_camada_documentos_municipio.py.","fonte": "Plataforma Brumadinho UFMG (índice Solr público, campo `places`)","cobertura_da_camada": "471 de 7.107 documentos do acervo (6,6%) têm município identificado","aviso": "VIÉS DE COBERTURA, não geografia do dano: só 471 dos 7.107 documentos do acervo (6,6%) têm município identificado -- o campo de local é texto livre, preenchido em 18,2% do acervo, e a maior parte do que está lá é nome de barragem, comunidade, rio ou bacia, não município. Este mapa mostra onde o ACERVO CITA, não onde o dano FOI: município ausente daqui NÃO é município não atingido. NÃO SOME as contagens entre municípios: um mesmo documento cita vários municípios e é contado inteiro em cada um -- somar inventa documento. O polígono é a unidade de contagem (o município citado), não a extensão de nenhum fato."},"geometry": {"type": "Polygon","coordinates": [[[-45.1820043274,-18.8875672971],[-45.1373966933,-18.8873932434],[-45.1175047504,-18.9015927792],[-45.1145353947,-18.9125637001],[-45.1272040402,-18.9384823718],[-45.1100942546,-18.9627032258],[-45.1176760274,-18.9759037323],[-45.1092339636,-19.0024156161],[-45.116593421,-19.0615521682],[-45.0925061476,-19.0618904827],[-45.0811188675,-19.087466489],[-45.1058972201,-19.1100377346],[-45.0958985278,-19.1511994804],[-45.1188109242,-19.1714132906],[-45.1199495266,-19.1917822084],[-45.1392622609,-19.2097055348],[-45.1594262306,-19.1989731182],[-45.1627610622,-19.2217370886],[-45.1827260672,-19.2302617058],[-45.1722046538,-19.2396442735],[-45.2132348378,-19.2212530506],[-45.2287884043,-19.2419675574],[-45.235105898,-19.2681777994],[-45.2543117251,-19.2772097503],[-45.2680591987,-19.2671892282],[-45.2756738986,-19.281337321],[-45.2953950423,-19.2822394401],[-45.3099799026,-19.3108678489],[-45.346980965,-19.3191394484],[-45.3589871888,-19.3157636381],[-45.3733137515,-19.2939349466],[-45.3919239407,-19.2954846218],[-45.4042861765,-19.2678254119],[-45.4225400959,-19.2593448319],[-45.5159016029,-19.2560186043],[-45.5024017074,-19.2193372178],[-45.5342605515,-19.1982636292],[-45.5752015383,-19.2220593317],[-45.5943435817,-19.21935041],[-45.6083374242,-19.2277502236],[-45.6574778323,-19.2169492641],[-45.6535065192,-19.1923471594],[-45.6301732279,-19.182314249],[-45.6264223968,-19.1548332697],[-45.5889267434,-19.15494258],[-45.5817956152,-19.1481775211],[-45.5817310253,-19.1361911957],[-45.5903419945,-19.1315474849],[-45.6362853592,-19.1348486556],[-45.634591035,-19.1263002397],[-45.6469023394,-19.1212188398],[-45.661147012,-19.0974775738],[-45.6413951768,-19.0530338177],[-45.6309272635,-19.045290371],[-45.6552595066,-19.0270276149],[-45.6583962058,-18.9862793096],[-45.6394781077,-18.9527988768],[-45.6200113625,-18.944473793],[-45.5968677179,-18.9598381942],[-45.573313937,-18.9582041707],[-45.5532359401,-18.9782664017],[-45.551116621,-18.990230931],[-45.5313159535,-18.9993528526],[-45.4727871359,-18.9964212736],[-45.462119761,-19.0143108603],[-45.4424570124,-19.0076710005],[-45.4286159028,-19.0182202497],[-45.4031497818,-19.0087445802],[-45.3956424099,-18.9977452276],[-45.3772279662,-19.0000548136],[-45.36619658,-18.9806363976],[-45.3396202777,-18.982906691],[-45.318145467,-18.9597520949],[-45.2739793102,-18.9430054132],[-45.2524776906,-18.9155791833],[-45.2280340432,-18.9194237959],[-45.2136746074,-18.9307012435],[-45.2019778033,-18.9279748719],[-45.2027298308,-18.8931103638],[-45.1871260511,-18.8804159869],[-45.1820043274,-18.8875672971]]]}},{"type": "Feature","properties": {"nome": "Biquinhas","geocodigo": "3107000","uf": "MG","documentos_que_citam": 7,"processos_distintos": 5,"tipos_distintos": 3,"documentos_por_tipo": {"extraprocessual": 3,"outros documentos": 2,"documentos comprobatórios": 2},"documentos_por_processo": {"5071521-44.2019.8.13.0024": 2,"5036296-26.2020.8.13.0024": 2,"5026408-67.2019.8.13.0024": 1,"5044954-73.2019.8.13.0024": 1,"5087481-40.2019.8.13.0024": 1},"resumos_redigidos_pela_triagem": 0,"o_que_esta_contagem_e": "Documentos do processo judicial da reparação de Brumadinho que CITAM este município -- não documentos SOBRE o município, nem fatos ocorridos nele. O vínculo é o campo de local que a própria UFMG preenche para apoiar busca no acervo.","onde_ler_a_lista": "/paraopeba/documentos","por_que_nao_tem_o_resumo_aqui": "De propósito: a camada publica contagem, nunca teor. Resumo, título e id de documento ficam na página, onde a triagem de dado pessoal e a atribuição à UFMG aparecem junto. Ver a docstring de scripts/gerar_camada_documentos_municipio.py.","fonte": "Plataforma Brumadinho UFMG (índice Solr público, campo `places`)","cobertura_da_camada": "471 de 7.107 documentos do acervo (6,6%) têm município identificado","aviso": "VIÉS DE COBERTURA, não geografia do dano: só 471 dos 7.107 documentos do acervo (6,6%) têm município identificado -- o campo de local é texto livre, preenchido em 18,2% do acervo, e a maior parte do que está lá é nome de barragem, comunidade, rio ou bacia, não município. Este mapa mostra onde o ACERVO CITA, não onde o dano FOI: município ausente daqui NÃO é município não atingido. NÃO SOME as contagens entre municípios: um mesmo documento cita vários municípios e é contado inteiro em cada um -- somar inventa documento. O polígono é a unidade de contagem (o município citado), não a extensão de nenhum fato."},"geometry": {"type": "Polygon","coordinates": [[[-45.6197329455,-18.6561001796],[-45.6022842078,-18.6696249972],[-45.5656172728,-18.6683538409],[-45.5327014223,-18.6880323734],[-45.515479222,-18.6849436897],[-45.4844278046,-18.6956477232],[-45.4669824781,-18.6859000684],[-45.4681146942,-18.7027541675],[-45.4510370009,-18.733758252],[-45.4073408963,-18.735047555],[-45.3891719805,-18.7487352437],[-45.3608486091,-18.7271615601],[-45.3546763074,-18.7255096478],[-45.3553749012,-18.7334416366],[-45.4008710585,-18.7934902149],[-45.4026775721,-18.8102107192],[-45.4510371818,-18.8471219142],[-45.4529008118,-18.8741393252],[-45.4620077328,-18.8751464547],[-45.4635888724,-18.8530778188],[-45.4836224112,-18.8424610346],[-45.5331995764,-18.8541204068],[-45.5474626183,-18.8366755907],[-45.5579246984,-18.8380913729],[-45.5762322599,-18.8252394131],[-45.5931498446,-18.8035417581],[-45.6339833812,-18.7963296362],[-45.6440099744,-18.7736256248],[-45.6632321275,-18.7798686842],[-45.7008948006,-18.7591648216],[-45.6913731198,-18.7083939989],[-45.6685707661,-18.6983130371],[-45.6492248971,-18.6673631465],[-45.6197329455,-18.6561001796]]]}},{"type": "Feature","properties": {"nome": "Nova Lima","geocodigo": "3144805","uf": "MG","documentos_que_citam": 7,"processos_distintos": 3,"tipos_distintos": 3,"documentos_por_tipo": {"extraprocessual": 5,"outros documentos": 1,"petição": 1},"documentos_por_processo": {"5071521-44.2019.8.13.0024": 5,"5044954-73.2019.8.13.0024": 1,"5010709-36.2019.8.13.0024": 1},"resumos_redigidos_pela_triagem": 0,"o_que_esta_contagem_e": "Documentos do processo judicial da reparação de Brumadinho que CITAM este município -- não documentos SOBRE o município, nem fatos ocorridos nele. O vínculo é o campo de local que a própria UFMG preenche para apoiar busca no acervo.","onde_ler_a_lista": "/paraopeba/documentos","por_que_nao_tem_o_resumo_aqui": "De propósito: a camada publica contagem, nunca teor. Resumo, título e id de documento ficam na página, onde a triagem de dado pessoal e a atribuição à UFMG aparecem junto. Ver a docstring de scripts/gerar_camada_documentos_municipio.py.","fonte": "Plataforma Brumadinho UFMG (índice Solr público, campo `places`)","cobertura_da_camada": "471 de 7.107 documentos do acervo (6,6%) têm município identificado","aviso": "VIÉS DE COBERTURA, não geografia do dano: só 471 dos 7.107 documentos do acervo (6,6%) têm município identificado -- o campo de local é texto livre, preenchido em 18,2% do acervo, e a maior parte do que está lá é nome de barragem, comunidade, rio ou bacia, não município. Este mapa mostra onde o ACERVO CITA, não onde o dano FOI: município ausente daqui NÃO é município não atingido. NÃO SOME as contagens entre municípios: um mesmo documento cita vários municípios e é contado inteiro em cada um -- somar inventa documento. O polígono é a unidade de contagem (o município citado), não a extensão de nenhum fato."},"geometry": {"type": "Polygon","coordinates": [[[-43.8706677729,-19.9278319329],[-43.8347202091,-19.9273844343],[-43.8407192719,-19.9315143333],[-43.8395551961,-19.9547360888],[-43.8241152971,-19.9668687125],[-43.8284659755,-19.9729766747],[-43.8177411303,-19.9839718812],[-43.817197216,-20.0025136756],[-43.7976129224,-20.0251153651],[-43.7831394667,-20.0288620407],[-43.8153451561,-20.0520794707],[-43.8494677814,-20.0989734932],[-43.8522510527,-20.1385257286],[-43.864085698,-20.1594562645],[-43.873609626,-20.162396801],[-43.8540582432,-20.1979469908],[-43.9074758165,-20.2153294826],[-43.9412003466,-20.2096358008],[-43.95183358,-20.2245747079],[-43.9763876148,-20.2222120698],[-43.9796923553,-20.1862175026],[-43.9726981772,-20.1773054411],[-43.9718034249,-20.1390441102],[-43.9840050368,-20.0895417712],[-43.994919603,-20.0768918173],[-43.9916921443,-20.0631403131],[-44.001799371,-20.0569179764],[-43.9921342511,-20.0288102543],[-43.9393950615,-19.9744521356],[-43.8706677729,-19.9278319329]]]}},{"type": "Feature","properties": {"nome": "Paineiras","geocodigo": "3146404","uf": "MG","documentos_que_citam": 6,"processos_distintos": 5,"tipos_distintos": 3,"documentos_por_tipo": {"extraprocessual": 3,"outros documentos": 2,"documentos comprobatórios": 1},"documentos_por_processo": {"5036296-26.2020.8.13.0024": 2,"5026408-67.2019.8.13.0024": 1,"5044954-73.2019.8.13.0024": 1,"5087481-40.2019.8.13.0024": 1,"5071521-44.2019.8.13.0024": 1},"resumos_redigidos_pela_triagem": 0,"o_que_esta_contagem_e": "Documentos do processo judicial da reparação de Brumadinho que CITAM este município -- não documentos SOBRE o município, nem fatos ocorridos nele. O vínculo é o campo de local que a própria UFMG preenche para apoiar busca no acervo.","onde_ler_a_lista": "/paraopeba/documentos","por_que_nao_tem_o_resumo_aqui": "De propósito: a camada publica contagem, nunca teor. Resumo, título e id de documento ficam na página, onde a triagem de dado pessoal e a atribuição à UFMG aparecem junto. Ver a docstring de scripts/gerar_camada_documentos_municipio.py.","fonte": "Plataforma Brumadinho UFMG (índice Solr público, campo `places`)","cobertura_da_camada": "471 de 7.107 documentos do acervo (6,6%) têm município identificado","aviso": "VIÉS DE COBERTURA, não geografia do dano: só 471 dos 7.107 documentos do acervo (6,6%) têm município identificado -- o campo de local é texto livre, preenchido em 18,2% do acervo, e a maior parte do que está lá é nome de barragem, comunidade, rio ou bacia, não município. Este mapa mostra onde o ACERVO CITA, não onde o dano FOI: município ausente daqui NÃO é município não atingido. NÃO SOME as contagens entre municípios: um mesmo documento cita vários municípios e é contado inteiro em cada um -- somar inventa documento. O polígono é a unidade de contagem (o município citado), não a extensão de nenhum fato."},"geometry": {"type": "Polygon","coordinates": [[[-45.6447300587,-18.7902393058],[-45.5931498446,-18.8035417581],[-45.5762322599,-18.8252394131],[-45.5579246984,-18.8380913729],[-45.5474626183,-18.8366755907],[-45.5331995764,-18.8541204068],[-45.4836224112,-18.8424610346],[-45.4635888724,-18.8530778188],[-45.4620077328,-18.8751464547],[-45.4497296641,-18.8936302425],[-45.4660896406,-18.9064395303],[-45.4621418693,-18.9156259521],[-45.4192238303,-18.8684201138],[-45.4070425415,-18.8698072015],[-45.3996215428,-18.8817415871],[-45.3897061621,-18.8726422771],[-45.3709561164,-18.8861618269],[-45.3358408245,-18.8864674602],[-45.3405916726,-18.903676476],[-45.3253913554,-18.9152884204],[-45.2616982147,-18.8795931557],[-45.2382520373,-18.8849535713],[-45.217177674,-18.877330491],[-45.1871260511,-18.8804159869],[-45.2027298308,-18.8931103638],[-45.2019778033,-18.9279748719],[-45.2136746074,-18.9307012435],[-45.2280340432,-18.9194237959],[-45.2524776906,-18.9155791833],[-45.2739793102,-18.9430054132],[-45.318145467,-18.9597520949],[-45.3396202777,-18.982906691],[-45.36619658,-18.9806363976],[-45.3772279662,-19.0000548136],[-45.3956424099,-18.9977452276],[-45.4156157567,-19.0149174642],[-45.4286159028,-19.0182202497],[-45.4424570124,-19.0076710005],[-45.462119761,-19.0143108603],[-45.4727871359,-18.9964212736],[-45.5313159535,-18.9993528526],[-45.551116621,-18.990230931],[-45.5532359401,-18.9782664017],[-45.573313937,-18.9582041707],[-45.5968677179,-18.9598381942],[-45.6200113625,-18.944473793],[-45.6473417253,-18.9598941807],[-45.6583962058,-18.9862793096],[-45.6559254921,-19.0162370657],[-45.7159536626,-18.9688766075],[-45.7026752165,-18.96621161],[-45.7126207253,-18.9645993119],[-45.7062047644,-18.9508198367],[-45.6931741097,-18.9495633398],[-45.7004773442,-18.9385144175],[-45.6849535764,-18.935811296],[-45.693257651,-18.9294686183],[-45.6840383367,-18.9213715052],[-45.6904753731,-18.9143545372],[-45.6732560816,-18.9047018738],[-45.6776992936,-18.8976621361],[-45.6637567099,-18.8988846719],[-45.6746764851,-18.8841316463],[-45.6681469406,-18.8813503339],[-45.6716202405,-18.8754949295],[-45.6595553031,-18.8732409027],[-45.6737887536,-18.8689714175],[-45.6656192711,-18.8563497839],[-45.6721154808,-18.8473377242],[-45.6488474345,-18.8499243851],[-45.6575638945,-18.8392925276],[-45.6452575021,-18.8365790051],[-45.6532559583,-18.8234078385],[-45.6337357611,-18.8217130848],[-45.6468081981,-18.8118663915],[-45.6407349762,-18.8032503996],[-45.6447300587,-18.7902393058]]]}},{"type": "Feature","properties": {"nome": "Cantagalo","geocodigo": "3112059","uf": "MG","documentos_que_citam": 5,"processos_distintos": 4,"tipos_distintos": 2,"documentos_por_tipo": {"extraprocessual": 4,"documentos comprobatórios": 1},"documentos_por_processo": {"5071521-44.2019.8.13.0024": 2,"5010709-36.2019.8.13.0024": 1,"5095960-85.2020.8.13.0024": 1,"5036296-26.2020.8.13.0024": 1},"resumos_redigidos_pela_triagem": 0,"o_que_esta_contagem_e": "Documentos do processo judicial da reparação de Brumadinho que CITAM este município -- não documentos SOBRE o município, nem fatos ocorridos nele. O vínculo é o campo de local que a própria UFMG preenche para apoiar busca no acervo.","onde_ler_a_lista": "/paraopeba/documentos","por_que_nao_tem_o_resumo_aqui": "De propósito: a camada publica contagem, nunca teor. Resumo, título e id de documento ficam na página, onde a triagem de dado pessoal e a atribuição à UFMG aparecem junto. Ver a docstring de scripts/gerar_camada_documentos_municipio.py.","fonte": "Plataforma Brumadinho UFMG (índice Solr público, campo `places`)","cobertura_da_camada": "471 de 7.107 documentos do acervo (6,6%) têm município identificado","aviso": "VIÉS DE COBERTURA, não geografia do dano: só 471 dos 7.107 documentos do acervo (6,6%) têm município identificado -- o campo de local é texto livre, preenchido em 18,2% do acervo, e a maior parte do que está lá é nome de barragem, comunidade, rio ou bacia, não município. Este mapa mostra onde o ACERVO CITA, não onde o dano FOI: município ausente daqui NÃO é município não atingido. NÃO SOME as contagens entre municípios: um mesmo documento cita vários municípios e é contado inteiro em cada um -- somar inventa documento. O polígono é a unidade de contagem (o município citado), não a extensão de nenhum fato."},"geometry": {"type": "Polygon","coordinates": [[[-42.6144434106,-18.4162198395],[-42.6178945875,-18.4391093474],[-42.6128887837,-18.4694808099],[-42.5989864931,-18.4867017764],[-42.610192218,-18.4923284538],[-42.6102622105,-18.5405322941],[-42.5984992239,-18.5493589072],[-42.5966961569,-18.5687893021],[-42.6247778242,-18.5743730578],[-42.6246358891,-18.5816123109],[-42.6409216564,-18.5854342396],[-42.657862066,-18.601373023],[-42.666475744,-18.5803919114],[-42.6767500706,-18.5903730448],[-42.6855247494,-18.5883563526],[-42.6893653389,-18.5580351216],[-42.7046132694,-18.5590874852],[-42.7081699041,-18.5446053217],[-42.6961659374,-18.51107246],[-42.7034185587,-18.5047122713],[-42.680417831,-18.5057686127],[-42.6824193984,-18.4853564792],[-42.6674704923,-18.4601046263],[-42.6657797712,-18.4362735423],[-42.6559995243,-18.4303194821],[-42.6395618598,-18.4383221599],[-42.6276359779,-18.4191680134],[-42.6144434106,-18.4162198395]]]}},{"type": "Feature","properties": {"nome": "Cachoeira da Prata","geocodigo": "3109600","uf": "MG","documentos_que_citam": 4,"processos_distintos": 4,"tipos_distintos": 1,"documentos_por_tipo": {"documentos comprobatórios": 4},"documentos_por_processo": {"5044954-73.2019.8.13.0024": 1,"5010709-36.2019.8.13.0024": 1,"5087481-40.2019.8.13.0024": 1,"5026408-67.2019.8.13.0024": 1},"resumos_redigidos_pela_triagem": 0,"o_que_esta_contagem_e": "Documentos do processo judicial da reparação de Brumadinho que CITAM este município -- não documentos SOBRE o município, nem fatos ocorridos nele. O vínculo é o campo de local que a própria UFMG preenche para apoiar busca no acervo.","onde_ler_a_lista": "/paraopeba/documentos","por_que_nao_tem_o_resumo_aqui": "De propósito: a camada publica contagem, nunca teor. Resumo, título e id de documento ficam na página, onde a triagem de dado pessoal e a atribuição à UFMG aparecem junto. Ver a docstring de scripts/gerar_camada_documentos_municipio.py.","fonte": "Plataforma Brumadinho UFMG (índice Solr público, campo `places`)","cobertura_da_camada": "471 de 7.107 documentos do acervo (6,6%) têm município identificado","aviso": "VIÉS DE COBERTURA, não geografia do dano: só 471 dos 7.107 documentos do acervo (6,6%) têm município identificado -- o campo de local é texto livre, preenchido em 18,2% do acervo, e a maior parte do que está lá é nome de barragem, comunidade, rio ou bacia, não município. Este mapa mostra onde o ACERVO CITA, não onde o dano FOI: município ausente daqui NÃO é município não atingido. NÃO SOME as contagens entre municípios: um mesmo documento cita vários municípios e é contado inteiro em cada um -- somar inventa documento. O polígono é a unidade de contagem (o município citado), não a extensão de nenhum fato."},"geometry": {"type": "Polygon","coordinates": [[[-44.483234156,-19.4892116501],[-44.4306159296,-19.4957546737],[-44.4360824759,-19.5058942529],[-44.4294258862,-19.5209726945],[-44.4058303843,-19.5329077613],[-44.4180313746,-19.5312529142],[-44.4294437708,-19.5467999738],[-44.4640628511,-19.5457531809],[-44.4750511245,-19.5561187702],[-44.4868130381,-19.5543831801],[-44.4953363705,-19.5373989046],[-44.5116131341,-19.532101814],[-44.525589304,-19.5035904851],[-44.5154728231,-19.4997657354],[-44.514808157,-19.4839203604],[-44.4888678853,-19.4706976918],[-44.483234156,-19.4892116501]]]}},{"type": "Feature","properties": {"nome": "Ibirité","geocodigo": "3129806","uf": "MG","documentos_que_citam": 4,"processos_distintos": 4,"tipos_distintos": 1,"documentos_por_tipo": {"documentos comprobatórios": 4},"documentos_por_processo": {"5044954-73.2019.8.13.0024": 1,"5010709-36.2019.8.13.0024": 1,"5087481-40.2019.8.13.0024": 1,"5026408-67.2019.8.13.0024": 1},"resumos_redigidos_pela_triagem": 0,"o_que_esta_contagem_e": "Documentos do processo judicial da reparação de Brumadinho que CITAM este município -- não documentos SOBRE o município, nem fatos ocorridos nele. O vínculo é o campo de local que a própria UFMG preenche para apoiar busca no acervo.","onde_ler_a_lista": "/paraopeba/documentos","por_que_nao_tem_o_resumo_aqui": "De propósito: a camada publica contagem, nunca teor. Resumo, título e id de documento ficam na página, onde a triagem de dado pessoal e a atribuição à UFMG aparecem junto. Ver a docstring de scripts/gerar_camada_documentos_municipio.py.","fonte": "Plataforma Brumadinho UFMG (índice Solr público, campo `places`)","cobertura_da_camada": "471 de 7.107 documentos do acervo (6,6%) têm município identificado","aviso": "VIÉS DE COBERTURA, não geografia do dano: só 471 dos 7.107 documentos do acervo (6,6%) têm município identificado -- o campo de local é texto livre, preenchido em 18,2% do acervo, e a maior parte do que está lá é nome de barragem, comunidade, rio ou bacia, não município. Este mapa mostra onde o ACERVO CITA, não onde o dano FOI: município ausente daqui NÃO é município não atingido. NÃO SOME as contagens entre municípios: um mesmo documento cita vários municípios e é contado inteiro em cada um -- somar inventa documento. O polígono é a unidade de contagem (o município citado), não a extensão de nenhum fato."},"geometry": {"type": "Polygon","coordinates": [[[-44.0619669836,-19.9743133955],[-44.0359205516,-20.0197794642],[-44.0098884566,-20.0415750489],[-44.0171105899,-20.0533886737],[-44.0634674923,-20.0789257025],[-44.088727042,-20.0513225082],[-44.0930391923,-20.0285640518],[-44.1305274755,-20.0136002253],[-44.1104845874,-20.0013279241],[-44.1078614285,-19.9854567067],[-44.0856085004,-19.9805880621],[-44.0811072725,-19.9662980667],[-44.0619669836,-19.9743133955]]]}},{"type": "Feature","properties": {"nome": "Martinho Campos","geocodigo": "3140506","uf": "MG","documentos_que_citam": 4,"processos_distintos": 4,"tipos_distintos": 2,"documentos_por_tipo": {"outros documentos": 2,"documentos comprobatórios": 2},"documentos_por_processo": {"5026408-67.2019.8.13.0024": 1,"5044954-73.2019.8.13.0024": 1,"5087481-40.2019.8.13.0024": 1,"5071521-44.2019.8.13.0024": 1},"resumos_redigidos_pela_triagem": 0,"o_que_esta_contagem_e": "Documentos do processo judicial da reparação de Brumadinho que CITAM este município -- não documentos SOBRE o município, nem fatos ocorridos nele. O vínculo é o campo de local que a própria UFMG preenche para apoiar busca no acervo.","onde_ler_a_lista": "/paraopeba/documentos","por_que_nao_tem_o_resumo_aqui": "De propósito: a camada publica contagem, nunca teor. Resumo, título e id de documento ficam na página, onde a triagem de dado pessoal e a atribuição à UFMG aparecem junto. Ver a docstring de scripts/gerar_camada_documentos_municipio.py.","fonte": "Plataforma Brumadinho UFMG (índice Solr público, campo `places`)","cobertura_da_camada": "471 de 7.107 documentos do acervo (6,6%) têm município identificado","aviso": "VIÉS DE COBERTURA, não geografia do dano: só 471 dos 7.107 documentos do acervo (6,6%) têm município identificado -- o campo de local é texto livre, preenchido em 18,2% do acervo, e a maior parte do que está lá é nome de barragem, comunidade, rio ou bacia, não município. Este mapa mostra onde o ACERVO CITA, não onde o dano FOI: município ausente daqui NÃO é município não atingido. NÃO SOME as contagens entre municípios: um mesmo documento cita vários municípios e é contado inteiro em cada um -- somar inventa documento. O polígono é a unidade de contagem (o município citado), não a extensão de nenhum fato."},"geometry": {"type": "Polygon","coordinates": [[[-45.1375049777,-19.2302284207],[-45.1182351705,-19.2628426833],[-45.1300313352,-19.2803060442],[-45.0945616995,-19.2927324288],[-45.0770874032,-19.2811749457],[-45.076588013,-19.300362117],[-45.0421469816,-19.2947025589],[-45.0631443833,-19.3126071801],[-45.0615775388,-19.3712402409],[-45.0404498979,-19.4072791667],[-44.992399499,-19.4359495858],[-44.9915034129,-19.4553303944],[-45.0132553637,-19.4774056256],[-44.9943339574,-19.5279976168],[-45.0298604185,-19.5332457918],[-45.0496929411,-19.5481981784],[-45.0529242904,-19.5607053638],[-45.1019045559,-19.5760681779],[-45.1033631642,-19.5855111196],[-45.1161675021,-19.5846138689],[-45.1124486313,-19.5474156979],[-45.1188141358,-19.5316443081],[-45.1957532325,-19.5489695619],[-45.2805341921,-19.5265261523],[-45.3262269506,-19.5393840751],[-45.3470044352,-19.5237788306],[-45.3824820054,-19.5193399258],[-45.3915881062,-19.4890099377],[-45.3985599798,-19.4838839277],[-45.4030048296,-19.4945261559],[-45.4141664717,-19.471597193],[-45.3969183352,-19.4719302057],[-45.3926685555,-19.4535535348],[-45.3701391425,-19.4268555534],[-45.3718377698,-19.4126439583],[-45.3580393392,-19.4143687759],[-45.3710029725,-19.4025036381],[-45.3508674574,-19.4040097024],[-45.3357439816,-19.3757430251],[-45.3249200347,-19.371376053],[-45.3395361634,-19.3551508641],[-45.3360671806,-19.3332371479],[-45.3294740481,-19.3284428874],[-45.3207846166,-19.3362782108],[-45.3206197499,-19.3261472665],[-45.3355965407,-19.3206096673],[-45.3329541038,-19.3123656343],[-45.3099799026,-19.3108678489],[-45.2953950423,-19.2822394401],[-45.2756738986,-19.281337321],[-45.2680591987,-19.2671892282],[-45.2543117251,-19.2772097503],[-45.235105898,-19.2681777994],[-45.2287884043,-19.2419675574],[-45.2132348378,-19.2212530506],[-45.1757301385,-19.2420322527],[-45.1827260672,-19.2302617058],[-45.1627610622,-19.2217370886],[-45.1594262306,-19.1989731182],[-45.1392622609,-19.2097055348],[-45.1375049777,-19.2302284207]]]}},{"type": "Feature","properties": {"nome": "Conselheiro Lafaiete","geocodigo": "3118304","uf": "MG","documentos_que_citam": 3,"processos_distintos": 1,"tipos_distintos": 1,"documentos_por_tipo": {"extraprocessual": 3},"documentos_por_processo": {"5071521-44.2019.8.13.0024": 3},"resumos_redigidos_pela_triagem": 0,"o_que_esta_contagem_e": "Documentos do processo judicial da reparação de Brumadinho que CITAM este município -- não documentos SOBRE o município, nem fatos ocorridos nele. O vínculo é o campo de local que a própria UFMG preenche para apoiar busca no acervo.","onde_ler_a_lista": "/paraopeba/documentos","por_que_nao_tem_o_resumo_aqui": "De propósito: a camada publica contagem, nunca teor. Resumo, título e id de documento ficam na página, onde a triagem de dado pessoal e a atribuição à UFMG aparecem junto. Ver a docstring de scripts/gerar_camada_documentos_municipio.py.","fonte": "Plataforma Brumadinho UFMG (índice Solr público, campo `places`)","cobertura_da_camada": "471 de 7.107 documentos do acervo (6,6%) têm município identificado","aviso": "VIÉS DE COBERTURA, não geografia do dano: só 471 dos 7.107 documentos do acervo (6,6%) têm município identificado -- o campo de local é texto livre, preenchido em 18,2% do acervo, e a maior parte do que está lá é nome de barragem, comunidade, rio ou bacia, não município. Este mapa mostra onde o ACERVO CITA, não onde o dano FOI: município ausente daqui NÃO é município não atingido. NÃO SOME as contagens entre municípios: um mesmo documento cita vários municípios e é contado inteiro em cada um -- somar inventa documento. O polígono é a unidade de contagem (o município citado), não a extensão de nenhum fato."},"geometry": {"type": "Polygon","coordinates": [[[-43.7996351108,-20.5380428821],[-43.7734638365,-20.5700364981],[-43.7603080705,-20.5702067768],[-43.7418908968,-20.6021078723],[-43.7141901856,-20.5892459094],[-43.6895110367,-20.5983731874],[-43.6790380567,-20.6225006206],[-43.6803295853,-20.6304245161],[-43.6905508119,-20.625571431],[-43.7109424118,-20.6398321699],[-43.6901870936,-20.6612972532],[-43.6994990663,-20.7012774861],[-43.6921074713,-20.7237312615],[-43.7414633143,-20.7559181605],[-43.7608600637,-20.753726753],[-43.759135416,-20.7834309732],[-43.7730492108,-20.8006027879],[-43.7934115221,-20.795373651],[-43.7971893145,-20.7840919774],[-43.8193529064,-20.7721341293],[-43.8210251713,-20.7565103071],[-43.802454141,-20.7412740634],[-43.828659043,-20.7313426097],[-43.8471904141,-20.7089805281],[-43.855307925,-20.7092450417],[-43.8530546683,-20.6994275413],[-43.8724759859,-20.6889163223],[-43.8754441616,-20.6761969134],[-43.9236595115,-20.6584058825],[-43.9301022957,-20.6399970118],[-43.9086107342,-20.6130173657],[-43.9040005987,-20.5938527463],[-43.8880870975,-20.599043576],[-43.8731018055,-20.6185845376],[-43.8555015229,-20.6137239499],[-43.8441314869,-20.6006409037],[-43.8293538648,-20.6028332799],[-43.8220495161,-20.5916907218],[-43.8124651936,-20.597979604],[-43.7994156391,-20.5917033278],[-43.8117855171,-20.5724431905],[-43.813038652,-20.550472509],[-43.7996351108,-20.5380428821]]]}},{"type": "Feature","properties": {"nome": "Mateus Leme","geocodigo": "3140704","uf": "MG","documentos_que_citam": 3,"processos_distintos": 2,"tipos_distintos": 1,"documentos_por_tipo": {"extraprocessual": 3},"documentos_por_processo": {"5036296-26.2020.8.13.0024": 2,"5071521-44.2019.8.13.0024": 1},"resumos_redigidos_pela_triagem": 0,"o_que_esta_contagem_e": "Documentos do processo judicial da reparação de Brumadinho que CITAM este município -- não documentos SOBRE o município, nem fatos ocorridos nele. O vínculo é o campo de local que a própria UFMG preenche para apoiar busca no acervo.","onde_ler_a_lista": "/paraopeba/documentos","por_que_nao_tem_o_resumo_aqui": "De propósito: a camada publica contagem, nunca teor. Resumo, título e id de documento ficam na página, onde a triagem de dado pessoal e a atribuição à UFMG aparecem junto. Ver a docstring de scripts/gerar_camada_documentos_municipio.py.","fonte": "Plataforma Brumadinho UFMG (índice Solr público, campo `places`)","cobertura_da_camada": "471 de 7.107 documentos do acervo (6,6%) têm município identificado","aviso": "VIÉS DE COBERTURA, não geografia do dano: só 471 dos 7.107 documentos do acervo (6,6%) têm município identificado -- o campo de local é texto livre, preenchido em 18,2% do acervo, e a maior parte do que está lá é nome de barragem, comunidade, rio ou bacia, não município. Este mapa mostra onde o ACERVO CITA, não onde o dano FOI: município ausente daqui NÃO é município não atingido. NÃO SOME as contagens entre municípios: um mesmo documento cita vários municípios e é contado inteiro em cada um -- somar inventa documento. O polígono é a unidade de contagem (o município citado), não a extensão de nenhum fato."},"geometry": {"type": "Polygon","coordinates": [[[-44.457313873,-19.9173883382],[-44.4386717445,-19.9315464093],[-44.4298634787,-19.9536950544],[-44.4086154207,-19.9609089919],[-44.3917542064,-19.9786616239],[-44.3806226547,-19.9707117117],[-44.3680529556,-19.9832534372],[-44.3606275535,-19.9771492064],[-44.3430259663,-19.9851602837],[-44.3497815349,-19.9917223306],[-44.3430597354,-20.0164988981],[-44.3658347066,-20.0416588131],[-44.3758055002,-20.071919209],[-44.3522049182,-20.1210426175],[-44.410529808,-20.1303808436],[-44.4452010359,-20.1474347657],[-44.4622674014,-20.1129091212],[-44.4759466277,-20.1041978971],[-44.4764250854,-20.0811900597],[-44.4967988651,-20.0776309609],[-44.5051112331,-20.0668282946],[-44.4982865378,-20.0567315793],[-44.5072471561,-20.0328687658],[-44.4963903671,-20.0281772952],[-44.49825233,-20.0127975917],[-44.5159500411,-19.9965072682],[-44.5136149513,-19.9830240308],[-44.5417822348,-19.9671022073],[-44.5339833232,-19.9549272503],[-44.5246381621,-19.9560342782],[-44.5084683062,-19.9276327345],[-44.4998320772,-19.929937482],[-44.4793312711,-19.9159687973],[-44.457313873,-19.9173883382]]]}},{"type": "Feature","properties": {"nome": "Rio Manso","geocodigo": "3155306","uf": "MG","documentos_que_citam": 3,"processos_distintos": 3,"tipos_distintos": 2,"documentos_por_tipo": {"extraprocessual": 2,"petição": 1},"documentos_por_processo": {"5010709-36.2019.8.13.0024": 1,"5036296-26.2020.8.13.0024": 1,"5095958-18.2020.8.13.0024": 1},"resumos_redigidos_pela_triagem": 0,"o_que_esta_contagem_e": "Documentos do processo judicial da reparação de Brumadinho que CITAM este município -- não documentos SOBRE o município, nem fatos ocorridos nele. O vínculo é o campo de local que a própria UFMG preenche para apoiar busca no acervo.","onde_ler_a_lista": "/paraopeba/documentos","por_que_nao_tem_o_resumo_aqui": "De propósito: a camada publica contagem, nunca teor. Resumo, título e id de documento ficam na página, onde a triagem de dado pessoal e a atribuição à UFMG aparecem junto. Ver a docstring de scripts/gerar_camada_documentos_municipio.py.","fonte": "Plataforma Brumadinho UFMG (índice Solr público, campo `places`)","cobertura_da_camada": "471 de 7.107 documentos do acervo (6,6%) têm município identificado","aviso": "VIÉS DE COBERTURA, não geografia do dano: só 471 dos 7.107 documentos do acervo (6,6%) têm município identificado -- o campo de local é texto livre, preenchido em 18,2% do acervo, e a maior parte do que está lá é nome de barragem, comunidade, rio ou bacia, não município. Este mapa mostra onde o ACERVO CITA, não onde o dano FOI: município ausente daqui NÃO é município não atingido. NÃO SOME as contagens entre municípios: um mesmo documento cita vários municípios e é contado inteiro em cada um -- somar inventa documento. O polígono é a unidade de contagem (o município citado), não a extensão de nenhum fato."},"geometry": {"type": "Polygon","coordinates": [[[-44.3504085264,-20.1594705848],[-44.3062472781,-20.1824185596],[-44.2777733833,-20.1708255861],[-44.273477351,-20.1910877214],[-44.2804432785,-20.203170731],[-44.2750272524,-20.2239790975],[-44.2682800137,-20.2259422813],[-44.2684483843,-20.2737084609],[-44.2588323963,-20.2847946234],[-44.278170697,-20.3003833305],[-44.289113922,-20.3241435862],[-44.3097813218,-20.3148961149],[-44.3282207194,-20.330648616],[-44.3349189937,-20.3221167016],[-44.3494166285,-20.3230762634],[-44.3561113443,-20.3362808151],[-44.3936645484,-20.3521268753],[-44.4095285483,-20.3449820519],[-44.4373570886,-20.3465601221],[-44.4474140149,-20.3074869292],[-44.434718244,-20.2846635766],[-44.4269684196,-20.2839168864],[-44.4199484382,-20.2534715208],[-44.3910549398,-20.25771558],[-44.3625301506,-20.2482673553],[-44.3592594868,-20.2381447701],[-44.3663382147,-20.2269541566],[-44.3512546084,-20.1937572602],[-44.3642663738,-20.175564985],[-44.3504085264,-20.1594705848]]]}},{"type": "Feature","properties": {"nome": "Bonfim","geocodigo": "3108107","uf": "MG","documentos_que_citam": 2,"processos_distintos": 2,"tipos_distintos": 1,"documentos_por_tipo": {"extraprocessual": 2},"documentos_por_processo": {"5036296-26.2020.8.13.0024": 1,"5095958-18.2020.8.13.0024": 1},"resumos_redigidos_pela_triagem": 0,"o_que_esta_contagem_e": "Documentos do processo judicial da reparação de Brumadinho que CITAM este município -- não documentos SOBRE o município, nem fatos ocorridos nele. O vínculo é o campo de local que a própria UFMG preenche para apoiar busca no acervo.","onde_ler_a_lista": "/paraopeba/documentos","por_que_nao_tem_o_resumo_aqui": "De propósito: a camada publica contagem, nunca teor. Resumo, título e id de documento ficam na página, onde a triagem de dado pessoal e a atribuição à UFMG aparecem junto. Ver a docstring de scripts/gerar_camada_documentos_municipio.py.","fonte": "Plataforma Brumadinho UFMG (índice Solr público, campo `places`)","cobertura_da_camada": "471 de 7.107 documentos do acervo (6,6%) têm município identificado","aviso": "VIÉS DE COBERTURA, não geografia do dano: só 471 dos 7.107 documentos do acervo (6,6%) têm município identificado -- o campo de local é texto livre, preenchido em 18,2% do acervo, e a maior parte do que está lá é nome de barragem, comunidade, rio ou bacia, não município. Este mapa mostra onde o ACERVO CITA, não onde o dano FOI: município ausente daqui NÃO é município não atingido. NÃO SOME as contagens entre municípios: um mesmo documento cita vários municípios e é contado inteiro em cada um -- somar inventa documento. O polígono é a unidade de contagem (o município citado), não a extensão de nenhum fato."},"geometry": {"type": "Polygon","coordinates": [[[-44.164613713,-20.2167580095],[-44.1570588143,-20.2291490382],[-44.1473340299,-20.2270844004],[-44.1522810291,-20.2433725965],[-44.1173102243,-20.250932304],[-44.1233170106,-20.2745130784],[-44.1140000792,-20.2903843794],[-44.1252407943,-20.2971380659],[-44.1144174262,-20.3038098239],[-44.1315847901,-20.312301892],[-44.1337456603,-20.322015793],[-44.1200088427,-20.3357316963],[-44.156830145,-20.3518823672],[-44.1528864087,-20.3693902518],[-44.1585815091,-20.3798466708],[-44.1476737619,-20.4205759763],[-44.1625029181,-20.4117510207],[-44.1730000554,-20.4143194432],[-44.1811414682,-20.3877389889],[-44.2290709034,-20.3847479572],[-44.2559386315,-20.3935488754],[-44.2678292853,-20.4189958412],[-44.2777537606,-20.4237367394],[-44.2918374077,-20.4033463734],[-44.2890619604,-20.3968676226],[-44.3207255947,-20.3863022876],[-44.3211708198,-20.362468925],[-44.3318117164,-20.3563232217],[-44.3282207194,-20.330648616],[-44.3097813218,-20.3148961149],[-44.289113922,-20.3241435862],[-44.2779486159,-20.3104671343],[-44.278170697,-20.3003833305],[-44.2588323963,-20.2847946234],[-44.2684483843,-20.2737084609],[-44.2671960743,-20.2507663345],[-44.2479093775,-20.2577013866],[-44.2322771729,-20.2476872088],[-44.2326697847,-20.2318161585],[-44.1926812969,-20.2366210747],[-44.164613713,-20.2167580095]]]}},{"type": "Feature","properties": {"nome": "Capim Branco","geocodigo": "3112505","uf": "MG","documentos_que_citam": 2,"processos_distintos": 2,"tipos_distintos": 2,"documentos_por_tipo": {"outros documentos": 1,"petição": 1},"documentos_por_processo": {"5044954-73.2019.8.13.0024": 1,"5010709-36.2019.8.13.0024": 1},"resumos_redigidos_pela_triagem": 0,"o_que_esta_contagem_e": "Documentos do processo judicial da reparação de Brumadinho que CITAM este município -- não documentos SOBRE o município, nem fatos ocorridos nele. O vínculo é o campo de local que a própria UFMG preenche para apoiar busca no acervo.","onde_ler_a_lista": "/paraopeba/documentos","por_que_nao_tem_o_resumo_aqui": "De propósito: a camada publica contagem, nunca teor. Resumo, título e id de documento ficam na página, onde a triagem de dado pessoal e a atribuição à UFMG aparecem junto. Ver a docstring de scripts/gerar_camada_documentos_municipio.py.","fonte": "Plataforma Brumadinho UFMG (índice Solr público, campo `places`)","cobertura_da_camada": "471 de 7.107 documentos do acervo (6,6%) têm município identificado","aviso": "VIÉS DE COBERTURA, não geografia do dano: só 471 dos 7.107 documentos do acervo (6,6%) têm município identificado -- o campo de local é texto livre, preenchido em 18,2% do acervo, e a maior parte do que está lá é nome de barragem, comunidade, rio ou bacia, não município. Este mapa mostra onde o ACERVO CITA, não onde o dano FOI: município ausente daqui NÃO é município não atingido. NÃO SOME as contagens entre municípios: um mesmo documento cita vários municípios e é contado inteiro em cada um -- somar inventa documento. O polígono é a unidade de contagem (o município citado), não a extensão de nenhum fato."},"geometry": {"type": "Polygon","coordinates": [[[-44.1805295545,-19.524524335],[-44.1601931284,-19.5386256781],[-44.1320046895,-19.5242726892],[-44.1148331552,-19.5255784532],[-44.1151108369,-19.5456121086],[-44.1051368572,-19.5558541893],[-44.1250621936,-19.5969615222],[-44.1414192401,-19.6034535692],[-44.1648073095,-19.5975261132],[-44.171668795,-19.6118711981],[-44.187203747,-19.6183786077],[-44.1979438397,-19.6421466352],[-44.2013657362,-19.6226534401],[-44.2226675605,-19.5998321334],[-44.2142418017,-19.5983762912],[-44.2216165375,-19.5795027715],[-44.2066154015,-19.5293012034],[-44.1805295545,-19.524524335]]]}},{"type": "Feature","properties": {"nome": "Moeda","geocodigo": "3142304","uf": "MG","documentos_que_citam": 2,"processos_distintos": 2,"tipos_distintos": 1,"documentos_por_tipo": {"extraprocessual": 2},"documentos_por_processo": {"5036296-26.2020.8.13.0024": 1,"5095958-18.2020.8.13.0024": 1},"resumos_redigidos_pela_triagem": 0,"o_que_esta_contagem_e": "Documentos do processo judicial da reparação de Brumadinho que CITAM este município -- não documentos SOBRE o município, nem fatos ocorridos nele. O vínculo é o campo de local que a própria UFMG preenche para apoiar busca no acervo.","onde_ler_a_lista": "/paraopeba/documentos","por_que_nao_tem_o_resumo_aqui": "De propósito: a camada publica contagem, nunca teor. Resumo, título e id de documento ficam na página, onde a triagem de dado pessoal e a atribuição à UFMG aparecem junto. Ver a docstring de scripts/gerar_camada_documentos_municipio.py.","fonte": "Plataforma Brumadinho UFMG (índice Solr público, campo `places`)","cobertura_da_camada": "471 de 7.107 documentos do acervo (6,6%) têm município identificado","aviso": "VIÉS DE COBERTURA, não geografia do dano: só 471 dos 7.107 documentos do acervo (6,6%) têm município identificado -- o campo de local é texto livre, preenchido em 18,2% do acervo, e a maior parte do que está lá é nome de barragem, comunidade, rio ou bacia, não município. Este mapa mostra onde o ACERVO CITA, não onde o dano FOI: município ausente daqui NÃO é município não atingido. NÃO SOME as contagens entre municípios: um mesmo documento cita vários municípios e é contado inteiro em cada um -- somar inventa documento. O polígono é a unidade de contagem (o município citado), não a extensão de nenhum fato."},"geometry": {"type": "Polygon","coordinates": [[[-43.9971143612,-20.2543996645],[-43.9650744658,-20.2594429714],[-43.9501051998,-20.2813065943],[-43.9276325396,-20.4045994942],[-43.9626085102,-20.4006141306],[-43.9992803697,-20.3784440272],[-44.0281641482,-20.3811380458],[-44.0416096668,-20.3673330566],[-44.0344697468,-20.3610074241],[-44.0381675275,-20.3440644963],[-44.0714126802,-20.353225824],[-44.0662776769,-20.3242924922],[-44.085026698,-20.3266405989],[-44.0819569516,-20.3081269468],[-44.0789716438,-20.3182959136],[-44.0558876707,-20.3149093664],[-44.0305801768,-20.2983311417],[-44.0278174424,-20.2820696772],[-44.0354397212,-20.2640560194],[-44.0194928472,-20.2707326503],[-43.9971143612,-20.2543996645]]]}},{"type": "Feature","properties": {"nome": "Rio Doce","geocodigo": "3155009","uf": "MG","documentos_que_citam": 2,"processos_distintos": 1,"tipos_distintos": 1,"documentos_por_tipo": {"documentos comprobatórios": 2},"documentos_por_processo": {"5071521-44.2019.8.13.0024": 2},"resumos_redigidos_pela_triagem": 0,"o_que_esta_contagem_e": "Documentos do processo judicial da reparação de Brumadinho que CITAM este município -- não documentos SOBRE o município, nem fatos ocorridos nele. O vínculo é o campo de local que a própria UFMG preenche para apoiar busca no acervo.","onde_ler_a_lista": "/paraopeba/documentos","por_que_nao_tem_o_resumo_aqui": "De propósito: a camada publica contagem, nunca teor. Resumo, título e id de documento ficam na página, onde a triagem de dado pessoal e a atribuição à UFMG aparecem junto. Ver a docstring de scripts/gerar_camada_documentos_municipio.py.","fonte": "Plataforma Brumadinho UFMG (índice Solr público, campo `places`)","cobertura_da_camada": "471 de 7.107 documentos do acervo (6,6%) têm município identificado","aviso": "VIÉS DE COBERTURA, não geografia do dano: só 471 dos 7.107 documentos do acervo (6,6%) têm município identificado -- o campo de local é texto livre, preenchido em 18,2% do acervo, e a maior parte do que está lá é nome de barragem, comunidade, rio ou bacia, não município. Este mapa mostra onde o ACERVO CITA, não onde o dano FOI: município ausente daqui NÃO é município não atingido. NÃO SOME as contagens entre municípios: um mesmo documento cita vários municípios e é contado inteiro em cada um -- somar inventa documento. O polígono é a unidade de contagem (o município citado), não a extensão de nenhum fato."},"geometry": {"type": "Polygon","coordinates": [[[-42.8084410433,-20.1394813041],[-42.812460949,-20.147876028],[-42.8309346991,-20.1653279721],[-42.8239993601,-20.1961032486],[-42.8323123846,-20.199997055],[-42.8439650008,-20.1907387778],[-42.8517761832,-20.1950527002],[-42.8476433031,-20.207606007],[-42.8616578069,-20.2005695277],[-42.8750150573,-20.2053447799],[-42.8818529858,-20.2216744983],[-42.8753663295,-20.2351419722],[-42.8842244017,-20.2369664095],[-42.8841802017,-20.2523223522],[-42.892961944,-20.259336233],[-42.9166891965,-20.2579834719],[-42.9140472841,-20.2758718977],[-42.9227679709,-20.2807086456],[-42.9690182869,-20.272340403],[-42.9765253361,-20.2448796144],[-42.9715739079,-20.2088033886],[-42.9571924848,-20.2038014381],[-42.9557490268,-20.1956235244],[-42.9444939063,-20.1985966293],[-42.9060225423,-20.1856884467],[-42.8976255388,-20.173173529],[-42.8772925558,-20.1776874964],[-42.8677752526,-20.1692830091],[-42.8706325706,-20.1445313886],[-42.8474436492,-20.1562641741],[-42.8084410433,-20.1394813041]]]}},{"type": "Feature","properties": {"nome": "Santa Cruz do Escalvado","geocodigo": "3157401","uf": "MG","documentos_que_citam": 2,"processos_distintos": 1,"tipos_distintos": 1,"documentos_por_tipo": {"documentos comprobatórios": 2},"documentos_por_processo": {"5071521-44.2019.8.13.0024": 2},"resumos_redigidos_pela_triagem": 0,"o_que_esta_contagem_e": "Documentos do processo judicial da reparação de Brumadinho que CITAM este município -- não documentos SOBRE o município, nem fatos ocorridos nele. O vínculo é o campo de local que a própria UFMG preenche para apoiar busca no acervo.","onde_ler_a_lista": "/paraopeba/documentos","por_que_nao_tem_o_resumo_aqui": "De propósito: a camada publica contagem, nunca teor. Resumo, título e id de documento ficam na página, onde a triagem de dado pessoal e a atribuição à UFMG aparecem junto. Ver a docstring de scripts/gerar_camada_documentos_municipio.py.","fonte": "Plataforma Brumadinho UFMG (índice Solr público, campo `places`)","cobertura_da_camada": "471 de 7.107 documentos do acervo (6,6%) têm município identificado","aviso": "VIÉS DE COBERTURA, não geografia do dano: só 471 dos 7.107 documentos do acervo (6,6%) têm município identificado -- o campo de local é texto livre, preenchido em 18,2% do acervo, e a maior parte do que está lá é nome de barragem, comunidade, rio ou bacia, não município. Este mapa mostra onde o ACERVO CITA, não onde o dano FOI: município ausente daqui NÃO é município não atingido. NÃO SOME as contagens entre municípios: um mesmo documento cita vários municípios e é contado inteiro em cada um -- somar inventa documento. O polígono é a unidade de contagem (o município citado), não a extensão de nenhum fato."},"geometry": {"type": "Polygon","coordinates": [[[-42.7727482692,-20.1206728651],[-42.7443110395,-20.1262454376],[-42.7084965323,-20.1474828892],[-42.709680857,-20.1623918945],[-42.7267683754,-20.1680300504],[-42.7307206492,-20.1813369293],[-42.7235764636,-20.190580853],[-42.7301050742,-20.1986095521],[-42.7808255319,-20.2347492017],[-42.7711931472,-20.2551514345],[-42.775019544,-20.2632871228],[-42.7628550361,-20.2688694294],[-42.7713034848,-20.2844303538],[-42.7778586397,-20.2834481888],[-42.7851061588,-20.3010764624],[-42.8050942336,-20.318094061],[-42.824075878,-20.3141727652],[-42.8594042227,-20.3363307948],[-42.8979084029,-20.3264515812],[-42.8867221716,-20.3025178607],[-42.9010841874,-20.2898023155],[-42.9173592704,-20.2952162071],[-42.9178831884,-20.283805293],[-42.9044934649,-20.2809452021],[-42.9194415191,-20.2721444614],[-42.9166891965,-20.2579834719],[-42.892961944,-20.259336233],[-42.8841802017,-20.2523223522],[-42.8842244017,-20.2369664095],[-42.8753663295,-20.2351419722],[-42.8818529858,-20.2216744983],[-42.8750150573,-20.2053447799],[-42.8616578069,-20.2005695277],[-42.8476433031,-20.207606007],[-42.8517761832,-20.1950527002],[-42.8439650008,-20.1907387778],[-42.8323123846,-20.199997055],[-42.8239993601,-20.1961032486],[-42.8269099693,-20.1571998286],[-42.796386902,-20.1342321177],[-42.7975185696,-20.125669483],[-42.7867491483,-20.1289406669],[-42.7727482692,-20.1206728651]]]}},{"type": "Feature","properties": {"nome": "São Francisco","geocodigo": "3161106","uf": "MG","documentos_que_citam": 2,"processos_distintos": 1,"tipos_distintos": 1,"documentos_por_tipo": {"extraprocessual": 2},"documentos_por_processo": {"5071521-44.2019.8.13.0024": 2},"resumos_redigidos_pela_triagem": 0,"o_que_esta_contagem_e": "Documentos do processo judicial da reparação de Brumadinho que CITAM este município -- não documentos SOBRE o município, nem fatos ocorridos nele. O vínculo é o campo de local que a própria UFMG preenche para apoiar busca no acervo.","onde_ler_a_lista": "/paraopeba/documentos","por_que_nao_tem_o_resumo_aqui": "De propósito: a camada publica contagem, nunca teor. Resumo, título e id de documento ficam na página, onde a triagem de dado pessoal e a atribuição à UFMG aparecem junto. Ver a docstring de scripts/gerar_camada_documentos_municipio.py.","fonte": "Plataforma Brumadinho UFMG (índice Solr público, campo `places`)","cobertura_da_camada": "471 de 7.107 documentos do acervo (6,6%) têm município identificado","aviso": "VIÉS DE COBERTURA, não geografia do dano: só 471 dos 7.107 documentos do acervo (6,6%) têm município identificado -- o campo de local é texto livre, preenchido em 18,2% do acervo, e a maior parte do que está lá é nome de barragem, comunidade, rio ou bacia, não município. Este mapa mostra onde o ACERVO CITA, não onde o dano FOI: município ausente daqui NÃO é município não atingido. NÃO SOME as contagens entre municípios: um mesmo documento cita vários municípios e é contado inteiro em cada um -- somar inventa documento. O polígono é a unidade de contagem (o município citado), não a extensão de nenhum fato."},"geometry": {"type": "Polygon","coordinates": [[[-45.0347720588,-15.5534875338],[-45.0117433123,-15.562271176],[-44.9976130319,-15.5904518844],[-44.9810446435,-15.5877319546],[-44.9826830591,-15.6100598354],[-44.9601263274,-15.620368818],[-44.9507418177,-15.6417921436],[-44.9396817351,-15.6446790273],[-44.9211855569,-15.669322496],[-44.91304366,-15.6674346267],[-44.9150122924,-15.6770959914],[-44.9055709661,-15.6859452703],[-44.8886850162,-15.6891597861],[-44.8872871474,-15.6994608402],[-44.8797355181,-15.6963440808],[-44.88224167,-15.7110461423],[-44.8707151454,-15.7257047415],[-44.8045995343,-15.7636962749],[-44.7871577598,-15.7953163092],[-44.77451679,-15.795785522],[-44.7822564285,-15.8093255662],[-44.721456304,-15.7770929826],[-44.6821216023,-15.7746015877],[-44.6534391823,-15.8254335363],[-44.6132663175,-15.8353094238],[-44.5848571173,-15.8616787356],[-44.5764045183,-15.8817936506],[-44.5460445144,-15.9039691647],[-44.5354258949,-15.8952810683],[-44.533541509,-15.8791664756],[-44.5609836085,-15.860575935],[-44.5619535945,-15.8050868355],[-44.5391506986,-15.7837638923],[-44.4994836567,-15.7752329333],[-44.4864343652,-15.7834028687],[-44.4897875971,-15.7998467736],[-44.4827621102,-15.8133266761],[-44.4711507002,-15.8142356536],[-44.4444328325,-15.8519790772],[-44.4272531947,-15.8547780145],[-44.4152698494,-15.8666021029],[-44.4105960294,-15.8867765022],[-44.4222665872,-15.9073784026],[-44.4113253324,-15.9295595364],[-44.4352376184,-15.9563279077],[-44.4305490169,-15.9734231251],[-44.4507358997,-15.9918197256],[-44.4764309532,-15.9928600062],[-44.5161821104,-16.0588746363],[-44.5452859814,-16.0741932961],[-44.5814588895,-16.0812620916],[-44.6498250454,-16.123402608],[-44.6528248561,-16.1349645335],[-44.6604909344,-16.1337488139],[-44.6737414204,-16.086748955],[-44.6573886592,-16.0790228362],[-44.6742088968,-16.073610149],[-44.7170946509,-16.1225225397],[-44.7470399775,-16.133976239],[-44.7548442328,-16.1583316873],[-44.7824027252,-16.1619526726],[-44.792409643,-16.1501903826],[-44.8243431186,-16.1545531842],[-44.859068037,-16.127833858],[-44.8700174061,-16.1278406236],[-44.8835911842,-16.1426646381],[-44.9004089665,-16.1401967822],[-44.9777383566,-16.1625096917],[-45.0467312078,-16.146413516],[-45.0584595386,-16.1365416699],[-45.078987894,-16.140565736],[-45.0769884252,-16.1004087173],[-45.0439312858,-16.016870445],[-45.0436887143,-15.9919607717],[-45.0906774711,-15.9832682711],[-45.0946015439,-15.9645024238],[-45.1166256777,-15.9521435007],[-45.1137365003,-15.9432864577],[-45.1260984536,-15.9535056563],[-45.1386010168,-15.9482262814],[-45.1252078072,-15.9366713035],[-45.1559357623,-15.8811644049],[-45.165465829,-15.8844732629],[-45.181403758,-15.8593876811],[-45.2256450084,-15.8433228187],[-45.233421974,-15.8332169761],[-45.2574535037,-15.7489470775],[-45.2425344291,-15.724303094],[-45.2179914408,-15.7120407931],[-45.1727211511,-15.6600954548],[-45.121808477,-15.6267880985],[-45.1072204122,-15.5961837675],[-45.0477035186,-15.5545091958],[-45.0392651572,-15.5625029749],[-45.0347720588,-15.5534875338]]]}},{"type": "Feature","properties": {"nome": "Tabuleiro","geocodigo": "3167905","uf": "MG","documentos_que_citam": 2,"processos_distintos": 1,"tipos_distintos": 1,"documentos_por_tipo": {"extraprocessual": 2},"documentos_por_processo": {"5071521-44.2019.8.13.0024": 2},"resumos_redigidos_pela_triagem": 0,"o_que_esta_contagem_e": "Documentos do processo judicial da reparação de Brumadinho que CITAM este município -- não documentos SOBRE o município, nem fatos ocorridos nele. O vínculo é o campo de local que a própria UFMG preenche para apoiar busca no acervo.","onde_ler_a_lista": "/paraopeba/documentos","por_que_nao_tem_o_resumo_aqui": "De propósito: a camada publica contagem, nunca teor. Resumo, título e id de documento ficam na página, onde a triagem de dado pessoal e a atribuição à UFMG aparecem junto. Ver a docstring de scripts/gerar_camada_documentos_municipio.py.","fonte": "Plataforma Brumadinho UFMG (índice Solr público, campo `places`)","cobertura_da_camada": "471 de 7.107 documentos do acervo (6,6%) têm município identificado","aviso": "VIÉS DE COBERTURA, não geografia do dano: só 471 dos 7.107 documentos do acervo (6,6%) têm município identificado -- o campo de local é texto livre, preenchido em 18,2% do acervo, e a maior parte do que está lá é nome de barragem, comunidade, rio ou bacia, não município. Este mapa mostra onde o ACERVO CITA, não onde o dano FOI: município ausente daqui NÃO é município não atingido. NÃO SOME as contagens entre municípios: um mesmo documento cita vários municípios e é contado inteiro em cada um -- somar inventa documento. O polígono é a unidade de contagem (o município citado), não a extensão de nenhum fato."},"geometry": {"type": "Polygon","coordinates": [[[-43.2691614097,-21.2783518293],[-43.2459423908,-21.2875603331],[-43.2544601054,-21.2985644996],[-43.2710698925,-21.3027231298],[-43.2729943587,-21.316121018],[-43.2448652626,-21.3334123657],[-43.2216299283,-21.3312892382],[-43.2146581489,-21.3187632731],[-43.1778809154,-21.3317763419],[-43.1839600079,-21.3358856526],[-43.1834598149,-21.357777565],[-43.1634602212,-21.3653566495],[-43.1588013347,-21.3915749936],[-43.1655730603,-21.4041865772],[-43.1597652625,-21.4211092972],[-43.167291791,-21.4268656416],[-43.1795219949,-21.4227789026],[-43.1928549862,-21.4293464457],[-43.211631367,-21.416891436],[-43.2589110867,-21.4128786144],[-43.2620114666,-21.4393298756],[-43.3008815199,-21.4323952449],[-43.2937969501,-21.4254402214],[-43.3089659776,-21.3916809783],[-43.3260748176,-21.3750639786],[-43.3464679155,-21.3733103539],[-43.3538405001,-21.3586560698],[-43.3389129011,-21.3358069262],[-43.3449894216,-21.3165933112],[-43.3246071748,-21.2966378228],[-43.2691614097,-21.2783518293]]]}},{"type": "Feature","properties": {"nome": "Governador Valadares","geocodigo": "3127701","uf": "MG","documentos_que_citam": 1,"processos_distintos": 1,"tipos_distintos": 1,"documentos_por_tipo": {"documentos comprobatórios": 1},"documentos_por_processo": {"5010709-36.2019.8.13.0024": 1},"resumos_redigidos_pela_triagem": 0,"o_que_esta_contagem_e": "Documentos do processo judicial da reparação de Brumadinho que CITAM este município -- não documentos SOBRE o município, nem fatos ocorridos nele. O vínculo é o campo de local que a própria UFMG preenche para apoiar busca no acervo.","onde_ler_a_lista": "/paraopeba/documentos","por_que_nao_tem_o_resumo_aqui": "De propósito: a camada publica contagem, nunca teor. Resumo, título e id de documento ficam na página, onde a triagem de dado pessoal e a atribuição à UFMG aparecem junto. Ver a docstring de scripts/gerar_camada_documentos_municipio.py.","fonte": "Plataforma Brumadinho UFMG (índice Solr público, campo `places`)","cobertura_da_camada": "471 de 7.107 documentos do acervo (6,6%) têm município identificado","aviso": "VIÉS DE COBERTURA, não geografia do dano: só 471 dos 7.107 documentos do acervo (6,6%) têm município identificado -- o campo de local é texto livre, preenchido em 18,2% do acervo, e a maior parte do que está lá é nome de barragem, comunidade, rio ou bacia, não município. Este mapa mostra onde o ACERVO CITA, não onde o dano FOI: município ausente daqui NÃO é município não atingido. NÃO SOME as contagens entre municípios: um mesmo documento cita vários municípios e é contado inteiro em cada um -- somar inventa documento. O polígono é a unidade de contagem (o município citado), não a extensão de nenhum fato."},"geometry": {"type": "Polygon","coordinates": [[[-42.0089421168,-18.5516429339],[-42.005530916,-18.5760945776],[-41.9955853985,-18.5781633202],[-41.9941376115,-18.5931915971],[-42.0029171303,-18.6235779229],[-42.0189984236,-18.6406187043],[-42.010273167,-18.6549819437],[-42.0198906318,-18.6706069722],[-41.9950247209,-18.6428914465],[-41.9814750547,-18.6556995589],[-41.9625494735,-18.6494826494],[-41.8022458694,-18.6658808516],[-41.7623358949,-18.6261806325],[-41.7743556258,-18.613044744],[-41.7707510748,-18.6022300433],[-41.7551040705,-18.5942946048],[-41.7232797276,-18.6001912329],[-41.7098552799,-18.5699963295],[-41.6957990659,-18.5614155772],[-41.6840222585,-18.5663300076],[-41.680467638,-18.5883761147],[-41.6527357059,-18.6107902436],[-41.6220519545,-18.6024766832],[-41.6114153631,-18.6111248427],[-41.6088136603,-18.5937186769],[-41.5864926002,-18.5877261158],[-41.5734960397,-18.5726063592],[-41.5401116647,-18.5814553589],[-41.5751420783,-18.5927139471],[-41.5822726401,-18.6164639586],[-41.5661906774,-18.6711931989],[-41.5839962738,-18.6746729989],[-41.5798301516,-18.7065851154],[-41.5955773833,-18.7164388247],[-41.5938333004,-18.7475706436],[-41.6059185968,-18.7423742128],[-41.6497526083,-18.7527711548],[-41.6640197246,-18.7711957587],[-41.6887502795,-18.7761948078],[-41.6895512857,-18.7949928995],[-41.6778298656,-18.8012617981],[-41.686478126,-18.8243737471],[-41.6782522755,-18.8433761994],[-41.6848902387,-18.864278799],[-41.7092501314,-18.8846226601],[-41.7126328652,-18.9099995448],[-41.7247766624,-18.9045847288],[-41.7448274358,-18.910116015],[-41.7652456994,-18.8961037037],[-41.8493557528,-18.9258399079],[-41.8583326888,-18.9214931069],[-41.8916133387,-18.933832588],[-41.9135773143,-18.9276759725],[-41.9608615391,-18.934952679],[-41.9528372544,-18.9436942379],[-41.9649397618,-18.9563090632],[-41.98380462,-18.9510131795],[-41.9879422004,-18.9241309423],[-42.0195082408,-18.9270383957],[-42.0902479596,-18.9731353007],[-42.0988131821,-19.0022109811],[-42.1378569104,-19.0386328904],[-42.1494938526,-19.0379437681],[-42.1650239053,-19.0188551968],[-42.1752185725,-19.0220442768],[-42.1738323177,-19.0031414524],[-42.1977218642,-18.9819849517],[-42.2253053198,-18.995357757],[-42.2463595919,-18.9933028888],[-42.2540552501,-18.9877859285],[-42.2508290997,-18.9734569575],[-42.2700289534,-18.9792730582],[-42.2774700928,-18.9722865964],[-42.2623551014,-18.9433944582],[-42.2559430189,-18.8892307271],[-42.2707464355,-18.8834117103],[-42.2757508983,-18.8662497593],[-42.2654518008,-18.8203729385],[-42.2814856361,-18.8236120137],[-42.2871710232,-18.809576109],[-42.3053627792,-18.8063786992],[-42.3170524601,-18.8064211982],[-42.3270827129,-18.8176558462],[-42.3400545218,-18.7919603189],[-42.3246720174,-18.7606721973],[-42.3285810066,-18.7504491663],[-42.3148291646,-18.742874563],[-42.3062411163,-18.7472705214],[-42.2734725719,-18.7196703619],[-42.2643059226,-18.725414098],[-42.2473357888,-18.7044241917],[-42.2436650793,-18.7116596009],[-42.2153020793,-18.7089427008],[-42.2172729858,-18.7148116918],[-42.1999967609,-18.7010761073],[-42.1819141114,-18.7052836881],[-42.189286804,-18.6800099433],[-42.1782516301,-18.6684685677],[-42.1580559366,-18.6692748215],[-42.1377483492,-18.658743623],[-42.1342512866,-18.6401506954],[-42.0906643896,-18.6060033278],[-42.0762507909,-18.6125520207],[-42.0658834433,-18.6035542056],[-42.0645552857,-18.5883549882],[-42.0468660395,-18.5826313732],[-42.0505578773,-18.5588337725],[-42.0089421168,-18.5516429339]]]}},{"type": "Feature","properties": {"nome": "Itabira","geocodigo": "3131703","uf": "MG","documentos_que_citam": 1,"processos_distintos": 1,"tipos_distintos": 1,"documentos_por_tipo": {"extraprocessual": 1},"documentos_por_processo": {"5071521-44.2019.8.13.0024": 1},"resumos_redigidos_pela_triagem": 0,"o_que_esta_contagem_e": "Documentos do processo judicial da reparação de Brumadinho que CITAM este município -- não documentos SOBRE o município, nem fatos ocorridos nele. O vínculo é o campo de local que a própria UFMG preenche para apoiar busca no acervo.","onde_ler_a_lista": "/paraopeba/documentos","por_que_nao_tem_o_resumo_aqui": "De propósito: a camada publica contagem, nunca teor. Resumo, título e id de documento ficam na página, onde a triagem de dado pessoal e a atribuição à UFMG aparecem junto. Ver a docstring de scripts/gerar_camada_documentos_municipio.py.","fonte": "Plataforma Brumadinho UFMG (índice Solr público, campo `places`)","cobertura_da_camada": "471 de 7.107 documentos do acervo (6,6%) têm município identificado","aviso": "VIÉS DE COBERTURA, não geografia do dano: só 471 dos 7.107 documentos do acervo (6,6%) têm município identificado -- o campo de local é texto livre, preenchido em 18,2% do acervo, e a maior parte do que está lá é nome de barragem, comunidade, rio ou bacia, não município. Este mapa mostra onde o ACERVO CITA, não onde o dano FOI: município ausente daqui NÃO é município não atingido. NÃO SOME as contagens entre municípios: um mesmo documento cita vários municípios e é contado inteiro em cada um -- somar inventa documento. O polígono é a unidade de contagem (o município citado), não a extensão de nenhum fato."},"geometry": {"type": "Polygon","coordinates": [[[-43.4446695473,-19.4402942774],[-43.4486165506,-19.4553699175],[-43.4358624319,-19.460657919],[-43.4178636283,-19.4409565534],[-43.4035235011,-19.4437817038],[-43.3855213668,-19.4282680144],[-43.3602245211,-19.4298501185],[-43.3446342605,-19.4433171],[-43.3628311991,-19.4567318459],[-43.3607232839,-19.4731887354],[-43.3228247067,-19.510938862],[-43.3132805322,-19.4885336959],[-43.3076080194,-19.4894468245],[-43.3107990876,-19.4795911021],[-43.2900885027,-19.4872435342],[-43.2863588525,-19.4707274102],[-43.2923900513,-19.4714593517],[-43.2952224344,-19.4590870797],[-43.2579720367,-19.4506063953],[-43.2490796995,-19.4554772183],[-43.2184369418,-19.4351822563],[-43.2139136865,-19.4229806923],[-43.2002504027,-19.4225598984],[-43.2178041779,-19.4488515929],[-43.2328904477,-19.4555328964],[-43.214913169,-19.4810917106],[-43.1903867536,-19.4854768184],[-43.2021111967,-19.4949174122],[-43.1983027126,-19.5174125939],[-43.2068364855,-19.5281898003],[-43.1268359137,-19.530833558],[-43.1049693346,-19.5673720032],[-43.0806080355,-19.5594608504],[-43.0701953948,-19.5635954914],[-43.0685505753,-19.5766013639],[-43.0573901231,-19.5785310523],[-43.05491806,-19.5976530581],[-43.063444485,-19.6170618869],[-43.0562757206,-19.627064546],[-43.0836626628,-19.6545794862],[-43.08499661,-19.6764233248],[-43.1005849745,-19.677605439],[-43.0913868544,-19.6886122595],[-43.098125138,-19.7134066423],[-43.0919709474,-19.7195122074],[-43.1039450192,-19.7203659284],[-43.1114936755,-19.7330668753],[-43.1332445377,-19.7301193549],[-43.1618565848,-19.7411088576],[-43.165058781,-19.7493184593],[-43.1458063018,-19.7614103597],[-43.1663880861,-19.7772361716],[-43.1872722302,-19.7732068685],[-43.1952981372,-19.7881936717],[-43.2274729582,-19.7801609502],[-43.2518319631,-19.783137659],[-43.2784159589,-19.7729877909],[-43.2978632975,-19.7513648807],[-43.3297773769,-19.735778036],[-43.3335835175,-19.7189947677],[-43.3243569068,-19.7009462075],[-43.3415047026,-19.6877878023],[-43.3332605303,-19.6775887226],[-43.365265675,-19.6793851598],[-43.4321071247,-19.665486324],[-43.4368041679,-19.6772213514],[-43.4637207605,-19.6838645714],[-43.5025280197,-19.6449101883],[-43.5116068602,-19.6563106062],[-43.5213347594,-19.6378317069],[-43.542553506,-19.6240338578],[-43.5408053821,-19.5715595587],[-43.5278277966,-19.5591683992],[-43.5434999948,-19.541889626],[-43.5220578793,-19.5089257329],[-43.5137508488,-19.507438933],[-43.4927263031,-19.4567958233],[-43.4805280666,-19.4543730221],[-43.4818295199,-19.4186855425],[-43.4446695473,-19.4402942774]]]}},{"type": "Feature","properties": {"nome": "Raposos","geocodigo": "3153905","uf": "MG","documentos_que_citam": 1,"processos_distintos": 1,"tipos_distintos": 1,"documentos_por_tipo": {"petição": 1},"documentos_por_processo": {"5010709-36.2019.8.13.0024": 1},"resumos_redigidos_pela_triagem": 0,"o_que_esta_contagem_e": "Documentos do processo judicial da reparação de Brumadinho que CITAM este município -- não documentos SOBRE o município, nem fatos ocorridos nele. O vínculo é o campo de local que a própria UFMG preenche para apoiar busca no acervo.","onde_ler_a_lista": "/paraopeba/documentos","por_que_nao_tem_o_resumo_aqui": "De propósito: a camada publica contagem, nunca teor. Resumo, título e id de documento ficam na página, onde a triagem de dado pessoal e a atribuição à UFMG aparecem junto. Ver a docstring de scripts/gerar_camada_documentos_municipio.py.","fonte": "Plataforma Brumadinho UFMG (índice Solr público, campo `places`)","cobertura_da_camada": "471 de 7.107 documentos do acervo (6,6%) têm município identificado","aviso": "VIÉS DE COBERTURA, não geografia do dano: só 471 dos 7.107 documentos do acervo (6,6%) têm município identificado -- o campo de local é texto livre, preenchido em 18,2% do acervo, e a maior parte do que está lá é nome de barragem, comunidade, rio ou bacia, não município. Este mapa mostra onde o ACERVO CITA, não onde o dano FOI: município ausente daqui NÃO é município não atingido. NÃO SOME as contagens entre municípios: um mesmo documento cita vários municípios e é contado inteiro em cada um -- somar inventa documento. O polígono é a unidade de contagem (o município citado), não a extensão de nenhum fato."},"geometry": {"type": "Polygon","coordinates": [[[-43.8347202091,-19.9273844343],[-43.8262628326,-19.9442353875],[-43.7918915669,-19.9503065373],[-43.7778643241,-19.9438274515],[-43.7595532501,-19.9573398644],[-43.7361616102,-19.9543039546],[-43.7228019473,-19.9669434058],[-43.7316980866,-19.9676444869],[-43.7347816964,-20.0000849639],[-43.7554433607,-20.022307901],[-43.7751621917,-20.0177971012],[-43.7831394667,-20.0288620407],[-43.8123581878,-20.0108082173],[-43.8177411303,-19.9839718812],[-43.8284659755,-19.9729766747],[-43.8241152971,-19.9668687125],[-43.8395551961,-19.9547360888],[-43.8407192719,-19.9315143333],[-43.8347202091,-19.9273844343]]]}},{"type": "Feature","properties": {"nome": "Rio Acima","geocodigo": "3154804","uf": "MG","documentos_que_citam": 1,"processos_distintos": 1,"tipos_distintos": 1,"documentos_por_tipo": {"petição": 1},"documentos_por_processo": {"5010709-36.2019.8.13.0024": 1},"resumos_redigidos_pela_triagem": 0,"o_que_esta_contagem_e": "Documentos do processo judicial da reparação de Brumadinho que CITAM este município -- não documentos SOBRE o município, nem fatos ocorridos nele. O vínculo é o campo de local que a própria UFMG preenche para apoiar busca no acervo.","onde_ler_a_lista": "/paraopeba/documentos","por_que_nao_tem_o_resumo_aqui": "De propósito: a camada publica contagem, nunca teor. Resumo, título e id de documento ficam na página, onde a triagem de dado pessoal e a atribuição à UFMG aparecem junto. Ver a docstring de scripts/gerar_camada_documentos_municipio.py.","fonte": "Plataforma Brumadinho UFMG (índice Solr público, campo `places`)","cobertura_da_camada": "471 de 7.107 documentos do acervo (6,6%) têm município identificado","aviso": "VIÉS DE COBERTURA, não geografia do dano: só 471 dos 7.107 documentos do acervo (6,6%) têm município identificado -- o campo de local é texto livre, preenchido em 18,2% do acervo, e a maior parte do que está lá é nome de barragem, comunidade, rio ou bacia, não município. Este mapa mostra onde o ACERVO CITA, não onde o dano FOI: município ausente daqui NÃO é município não atingido. NÃO SOME as contagens entre municípios: um mesmo documento cita vários municípios e é contado inteiro em cada um -- somar inventa documento. O polígono é a unidade de contagem (o município citado), não a extensão de nenhum fato."},"geometry": {"type": "Polygon","coordinates": [[[-43.7318857528,-20.0157650979],[-43.7272251674,-20.0573266577],[-43.7103525301,-20.0754599222],[-43.6892523505,-20.0752751925],[-43.6631405524,-20.1137101777],[-43.6633318506,-20.1325526576],[-43.6923060541,-20.1389412064],[-43.6942234441,-20.1483666509],[-43.7113602293,-20.1409247324],[-43.7448559529,-20.15391743],[-43.7876037373,-20.1516538488],[-43.7813402821,-20.1582094699],[-43.7944108938,-20.1799989081],[-43.8038872997,-20.1727798377],[-43.8071325188,-20.1823247301],[-43.8380827934,-20.1821858143],[-43.8540582432,-20.1979469908],[-43.873609626,-20.162396801],[-43.864085698,-20.1594562645],[-43.8522510527,-20.1385257286],[-43.8494677814,-20.0989734932],[-43.8153451561,-20.0520794707],[-43.7927255919,-20.0408468709],[-43.7751621917,-20.0177971012],[-43.7554433607,-20.022307901],[-43.7347816964,-20.0000849639],[-43.7267814648,-20.0139257159],[-43.7318857528,-20.0157650979]]]}},{"type": "Feature","properties": {"nome": "Sabará","geocodigo": "3156700","uf": "MG","documentos_que_citam": 1,"processos_distintos": 1,"tipos_distintos": 1,"documentos_por_tipo": {"petição": 1},"documentos_por_processo": {"5010709-36.2019.8.13.0024": 1},"resumos_redigidos_pela_triagem": 0,"o_que_esta_contagem_e": "Documentos do processo judicial da reparação de Brumadinho que CITAM este município -- não documentos SOBRE o município, nem fatos ocorridos nele. O vínculo é o campo de local que a própria UFMG preenche para apoiar busca no acervo.","onde_ler_a_lista": "/paraopeba/documentos","por_que_nao_tem_o_resumo_aqui": "De propósito: a camada publica contagem, nunca teor. Resumo, título e id de documento ficam na página, onde a triagem de dado pessoal e a atribuição à UFMG aparecem junto. Ver a docstring de scripts/gerar_camada_documentos_municipio.py.","fonte": "Plataforma Brumadinho UFMG (índice Solr público, campo `places`)","cobertura_da_camada": "471 de 7.107 documentos do acervo (6,6%) têm município identificado","aviso": "VIÉS DE COBERTURA, não geografia do dano: só 471 dos 7.107 documentos do acervo (6,6%) têm município identificado -- o campo de local é texto livre, preenchido em 18,2% do acervo, e a maior parte do que está lá é nome de barragem, comunidade, rio ou bacia, não município. Este mapa mostra onde o ACERVO CITA, não onde o dano FOI: município ausente daqui NÃO é município não atingido. NÃO SOME as contagens entre municípios: um mesmo documento cita vários municípios e é contado inteiro em cada um -- somar inventa documento. O polígono é a unidade de contagem (o município citado), não a extensão de nenhum fato."},"geometry": {"type": "Polygon","coordinates": [[[-43.7277763288,-19.7348161715],[-43.7232319015,-19.7428536621],[-43.7097229166,-19.7405751264],[-43.7058055559,-19.7535470517],[-43.6885851342,-19.7670294589],[-43.6913616767,-19.7997340305],[-43.67338373,-19.8201378007],[-43.7184446065,-19.8288964078],[-43.7145404857,-19.8496962104],[-43.7230308904,-19.8606173844],[-43.707612497,-19.8868474322],[-43.7342795991,-19.8770561221],[-43.7486589609,-19.8973225276],[-43.7194770407,-19.9566773567],[-43.7228019473,-19.9669434058],[-43.7361616102,-19.9543039546],[-43.7595532501,-19.9573398644],[-43.7778643241,-19.9438274515],[-43.7918915669,-19.9503065373],[-43.8262628326,-19.9442353875],[-43.8347202091,-19.9273844343],[-43.8706677729,-19.9278319329],[-43.8912261009,-19.8848567318],[-43.9055579824,-19.8855614428],[-43.9091314428,-19.8757588514],[-43.8989222895,-19.8745305173],[-43.8961957994,-19.8635972175],[-43.8767780032,-19.8670147148],[-43.8568973205,-19.8573286857],[-43.8663248483,-19.8471943017],[-43.8618362861,-19.8269137404],[-43.8548037615,-19.833713561],[-43.8373330446,-19.8250917692],[-43.8077501274,-19.841702767],[-43.7920267877,-19.8352665228],[-43.7802499896,-19.8484491404],[-43.7666997778,-19.8409532243],[-43.7804176823,-19.8365977388],[-43.7850555668,-19.8238130186],[-43.7750074425,-19.8088128457],[-43.7982221268,-19.7984903586],[-43.8039759185,-19.7619141613],[-43.768089824,-19.7440331242],[-43.7706374865,-19.725801858],[-43.7277763288,-19.7348161715]]]}},{"type": "Feature","properties": {"nome": "Santa Bárbara","geocodigo": "3157203","uf": "MG","documentos_que_citam": 1,"processos_distintos": 1,"tipos_distintos": 1,"documentos_por_tipo": {"extraprocessual": 1},"documentos_por_processo": {"5071521-44.2019.8.13.0024": 1},"resumos_redigidos_pela_triagem": 0,"o_que_esta_contagem_e": "Documentos do processo judicial da reparação de Brumadinho que CITAM este município -- não documentos SOBRE o município, nem fatos ocorridos nele. O vínculo é o campo de local que a própria UFMG preenche para apoiar busca no acervo.","onde_ler_a_lista": "/paraopeba/documentos","por_que_nao_tem_o_resumo_aqui": "De propósito: a camada publica contagem, nunca teor. Resumo, título e id de documento ficam na página, onde a triagem de dado pessoal e a atribuição à UFMG aparecem junto. Ver a docstring de scripts/gerar_camada_documentos_municipio.py.","fonte": "Plataforma Brumadinho UFMG (índice Solr público, campo `places`)","cobertura_da_camada": "471 de 7.107 documentos do acervo (6,6%) têm município identificado","aviso": "VIÉS DE COBERTURA, não geografia do dano: só 471 dos 7.107 documentos do acervo (6,6%) têm município identificado -- o campo de local é texto livre, preenchido em 18,2% do acervo, e a maior parte do que está lá é nome de barragem, comunidade, rio ou bacia, não município. Este mapa mostra onde o ACERVO CITA, não onde o dano FOI: município ausente daqui NÃO é município não atingido. NÃO SOME as contagens entre municípios: um mesmo documento cita vários municípios e é contado inteiro em cada um -- somar inventa documento. O polígono é a unidade de contagem (o município citado), não a extensão de nenhum fato."},"geometry": {"type": "Polygon","coordinates": [[[-43.3161075165,-19.8917882825],[-43.2741357036,-19.9029037713],[-43.2606370335,-19.8906595774],[-43.2490503669,-19.8984747316],[-43.2304621554,-19.8893107703],[-43.2208274928,-19.8932352666],[-43.2334453004,-19.9260163683],[-43.2164081238,-19.9424893578],[-43.2192181535,-19.9550772884],[-43.2090500377,-19.9701261912],[-43.2169642811,-19.9783427299],[-43.240882636,-19.9815249906],[-43.2498878252,-20.000723671],[-43.2727236478,-20.0046362401],[-43.2913359822,-20.0609939016],[-43.301274626,-20.0601112596],[-43.3159131936,-20.07627953],[-43.31510779,-20.0441748802],[-43.3301872152,-20.0199705472],[-43.3492512291,-20.0087613129],[-43.3516802584,-19.9932970344],[-43.3870824066,-20.0038416999],[-43.4042790228,-19.9952208457],[-43.4101303089,-20.0130227367],[-43.4294705567,-20.029202123],[-43.443137745,-20.0335662048],[-43.4519425716,-20.0199003386],[-43.4699429658,-20.0342864969],[-43.4706386611,-20.0267023185],[-43.4796375772,-20.0257070745],[-43.4837775845,-20.0663893782],[-43.5129474986,-20.0818548417],[-43.5200014201,-20.0956257968],[-43.5119186916,-20.1345464918],[-43.5303858539,-20.1453057781],[-43.5424407175,-20.1823437398],[-43.5496112581,-20.1853410247],[-43.5383330064,-20.2013337343],[-43.5692939791,-20.206183258],[-43.5817874213,-20.2181921412],[-43.6284693598,-20.1829900568],[-43.639666302,-20.1638258899],[-43.6292509902,-20.1510793399],[-43.6461424911,-20.1426315135],[-43.6832242551,-20.0924216784],[-43.6955737072,-20.0614728641],[-43.6630014551,-19.9951978651],[-43.6380041214,-19.9658484249],[-43.5958672633,-19.9844670028],[-43.5891645384,-19.9963325244],[-43.5938874828,-20.0119498914],[-43.5790847706,-20.0105051342],[-43.5444038822,-20.0314614252],[-43.5125852719,-20.0116601593],[-43.4624932546,-19.9436357177],[-43.4438816414,-19.9412590558],[-43.4317490955,-19.9081449949],[-43.407302349,-19.9179238646],[-43.3745301157,-19.9088406134],[-43.3688867476,-19.9228169273],[-43.3454159022,-19.9197439047],[-43.3358635832,-19.9017356581],[-43.3161075165,-19.8917882825]]]}}]}