{"type": "FeatureCollection", "_nota": "Capitanias hereditárias do Brasil (doações de 1534-1536). Fonte: OpenHistoricalMap (CC0), relação a relação, com data de início e fim. Geometria aproximada de fronteira colonial — conferida no MODELO e na CONTAGEM contra o Mapa das Capitanias Hereditárias do IBGE (mapa de Luís Teixeira, 1574); não é sobreposição pixel a pixel, porque o mapa de 1574 não tem georreferenciamento.", "features": [{"type": "Feature", "properties": {"nome": "Capitania do Espírito Santo", "nome_fonte": "Capitania do Espírito Santo", "inicio": "1534", "fim": "1821", "ohm_id": 2751230, "fonte": "OpenHistoricalMap (dados CC0)", "licenca": "CC0 1.0 (domínio público)", "natureza": "traçado histórico aproximado — não é limite exato", "area_graus2": 26.016}, "geometry": {"type": "Polygon", "coordinates": [[[-48.878185, -18.104077], [-48.905384, -20.992197], [-43.632208, -21.012919], [-40.739815, -21.024445], [-40.738675, -21.0227], [-40.736565, -21.018454], [-40.734902, -21.014049], [-40.733551, -21.008828], [-40.732878, -21.004199], [-40.732679, -20.999522], [-40.732957, -20.994858], [-40.733859, -20.989552], [-40.735143, -20.985037], [-40.7378, -20.978338], [-40.730341, -20.975033], [-40.725421, -20.972248], [-40.721429, -20.969431], [-40.717734, -20.966266], [-40.714385, -20.962795], [-40.710972, -20.958435], [-40.706047, -20.950873], [-40.70395, -20.946649], [-40.702286, -20.942242], [-40.70093, -20.936997], [-40.699926, -20.930744], [-40.699233, -20.925974], [-40.699034, -20.921294], [-40.699311, -20.916628], [-40.700213, -20.91132], [-40.701497, -20.906802], [-40.703807, -20.900975], [-40.698299, -20.897855], [-40.694307, -20.895037], [-40.690611, -20.89187], [-40.687264, -20.888399], [-40.683285, -20.883302], [-40.67719, -20.880152], [-40.667167, -20.877854], [-40.661891, -20.881562], [-40.657615, -20.88401], [-40.65312, -20.886062], [-40.64772, -20.887918], [-40.642873, -20.889077], [-40.637919, -20.889802], [-40.632925, -20.890083], [-40.627187, -20.889858], [-40.62151, -20.889053], [-40.616667, -20.887885], [-40.604399, -20.883722], [-40.599879, -20.881717], [-40.594958, -20.87893], [-40.590986, -20.876126], [-40.586285, -20.871978], [-40.581569, -20.869306], [-40.577577, -20.866488], [-40.573881, -20.863321], [-40.570533, -20.859847], [-40.567137, -20.855507], [-40.564508, -20.851308], [-40.56074, -20.849637], [-40.55582, -20.846849], [-40.551828, -20.84403], [-40.548153, -20.840879], [-40.543962, -20.836389], [-40.538839, -20.832174], [-40.535514, -20.828724], [-40.532118, -20.824383], [-40.529591, -20.820347], [-40.528036, -20.817211], [-40.523133, -20.812331], [-40.519774, -20.808037], [-40.516463, -20.802551], [-40.512079, -20.798819], [-40.508735, -20.795348], [-40.505339, -20.791006], [-40.50354, -20.788132], [-40.498324, -20.781845], [-40.494917, -20.778923], [-40.491568, -20.775448], [-40.488202, -20.771144], [-40.484397, -20.764623], [-40.48058, -20.760678], [-40.478407, -20.757899], [-40.472998, -20.752616], [-40.469657, -20.748342], [-40.466222, -20.742542], [-40.463453, -20.739001], [-40.460927, -20.734962], [-40.458826, -20.730724], [-40.454753, -20.719511], [-40.446794, -20.730408], [-40.443519, -20.733887], [-40.439297, -20.737543], [-40.435298, -20.740356], [-40.431022, -20.742806], [-40.426527, -20.74486], [-40.421127, -20.746718], [-40.41628, -20.747878], [-40.411326, -20.748603], [-40.406332, -20.748885], [-40.400594, -20.74866], [-40.394917, -20.747854], [-40.390073, -20.746684], [-40.385359, -20.745085], [-40.380839, -20.74308], [-40.375919, -20.74029], [-40.371927, -20.737469], [-40.368231, -20.734299], [-40.364889, -20.730829], [-40.360377, -20.724991], [-40.354062, -20.724094], [-40.349218, -20.722924], [-40.344503, -20.721325], [-40.339983, -20.719319], [-40.335063, -20.716528], [-40.331071, -20.713707], [-40.327376, -20.710537], [-40.324027, -20.70706], [-40.320631, -20.702715], [-40.318104, -20.698675], [-40.315995, -20.694419], [-40.314332, -20.690005], [-40.312981, -20.684773], [-40.312308, -20.680134], [-40.312109, -20.675446], [-40.312386, -20.670773], [-40.313289, -20.665456], [-40.314572, -20.660931], [-40.316314, -20.656531], [-40.318489, -20.652315], [-40.321506, -20.64773], [-40.324538, -20.644028], [-40.330233, -20.638422], [-40.325589, -20.629801], [-40.323945, -20.625434], [-40.322594, -20.620199], [-40.321921, -20.615559], [-40.321722, -20.610869], [-40.321999, -20.606193], [-40.322902, -20.600874], [-40.324185, -20.596348], [-40.325927, -20.591945], [-40.328102, -20.587728], [-40.331093, -20.58318], [-40.337113, -20.576247], [-40.333779, -20.569512], [-40.32875, -20.565311], [-40.324716, -20.561008], [-40.319803, -20.556935], [-40.316474, -20.553475], [-40.313078, -20.549126], [-40.310551, -20.545082], [-40.308442, -20.540822], [-40.306779, -20.536403], [-40.305428, -20.531166], [-40.304758, -20.526541], [-40.30458, -20.520698], [-40.302895, -20.514262], [-40.300221, -20.509022], [-40.297763, -20.501705], [-40.294404, -20.496508], [-40.292325, -20.492306], [-40.290063, -20.48576], [-40.286854, -20.480755], [-40.284753, -20.476509], [-40.283089, -20.472089], [-40.281926, -20.467576], [-40.278613, -20.46242], [-40.276514, -20.458178], [-40.274658, -20.453212], [-40.271767, -20.448622], [-40.269149, -20.443103], [-40.26556, -20.437636], [-40.26348, -20.433431], [-40.261421, -20.42763], [-40.257982, -20.421181], [-40.255527, -20.413909], [-40.251108, -20.408361], [-40.246415, -20.404198], [-40.240593, -20.400785], [-40.236016, -20.399229], [-40.223599, -20.39368], [-40.218677, -20.390882], [-40.214685, -20.388055], [-40.210989, -20.384877], [-40.20764, -20.381393], [-40.204244, -20.377039], [-40.201718, -20.372991], [-40.199609, -20.368726], [-40.197945, -20.364302], [-40.196595, -20.359058], [-40.195922, -20.35441], [-40.195723, -20.349712], [-40.196, -20.345028], [-40.196895, -20.339742], [-40.199485, -20.331487], [-40.1925, -20.324696], [-40.189138, -20.320385], [-40.186612, -20.316335], [-40.184503, -20.312068], [-40.182839, -20.307643], [-40.181489, -20.302398], [-40.180817, -20.29776], [-40.180629, -20.292234], [-40.179697, -20.287482], [-40.177375, -20.283538], [-40.173651, -20.279661], [-40.170256, -20.275305], [-40.167729, -20.271254], [-40.16563, -20.267007], [-40.163572, -20.261258], [-40.159468, -20.255106], [-40.157406, -20.250933], [-40.154909, -20.243448], [-40.152966, -20.240333], [-40.150857, -20.236064], [-40.149193, -20.231637], [-40.147846, -20.226399], [-40.147083, -20.220838], [-40.144376, -20.214199], [-40.143036, -20.208992], [-40.142584, -20.205867], [-40.140615, -20.200717], [-40.139075, -20.194406], [-40.137175, -20.189423], [-40.135837, -20.184222], [-40.135037, -20.177346], [-40.133421, -20.171278], [-40.132758, -20.166692], [-40.132712, -20.158933], [-40.131909, -20.151313], [-40.130275, -20.146095], [-40.126461, -20.13902], [-40.124817, -20.134642], [-40.123467, -20.129391], [-40.122802, -20.12479], [-40.122756, -20.116971], [-40.122107, -20.112486], [-40.121908, -20.10778], [-40.122186, -20.103089], [-40.123088, -20.097753], [-40.123882, -20.094943], [-40.123625, -20.089397], [-40.123901, -20.084724], [-40.125137, -20.077768], [-40.121716, -20.071095], [-40.118376, -20.067614], [-40.114981, -20.063251], [-40.112454, -20.059195], [-40.110366, -20.054964], [-40.108119, -20.048367], [-40.105235, -20.041407], [-40.103898, -20.036204], [-40.103446, -20.033076], [-40.100378, -20.027155], [-40.098725, -20.02275], [-40.09737, -20.017479], [-40.096625, -20.012679], [-40.094258, -20.008877], [-40.092158, -20.004621], [-40.090188, -19.999142], [-40.087332, -19.993607], [-40.085679, -19.989199], [-40.08434, -19.983989], [-40.083163, -19.973523], [-40.077106, -19.96853], [-40.072242, -19.963146], [-40.06607, -19.958161], [-40.062758, -19.954706], [-40.059362, -19.95034], [-40.057563, -19.947449], [-40.055548, -19.945347], [-40.052152, -19.940981], [-40.049626, -19.936921], [-40.047517, -19.932644], [-40.045857, -19.928219], [-40.044321, -19.922041], [-40.041674, -19.916813], [-40.040563, -19.913849], [-40.037629, -19.909191], [-40.034618, -19.902637], [-40.029818, -19.89673], [-40.027313, -19.892703], [-40.024994, -19.887959], [-40.021807, -19.882993], [-40.020702, -19.880751], [-40.017138, -19.875235], [-40.014044, -19.871254], [-40.011517, -19.867193], [-40.009408, -19.862914], [-40.007753, -19.858498], [-40.006179, -19.851941], [-40.004998, -19.848788], [-40.003647, -19.843527], [-40.002982, -19.838916], [-40.002917, -19.830377], [-39.997665, -19.824172], [-39.994353, -19.821314], [-39.991004, -19.817817], [-39.988573, -19.81469], [-39.98577, -19.812271], [-39.982421, -19.808773], [-39.980462, -19.806254], [-39.975024, -19.802521], [-39.971378, -19.799374], [-39.966835, -19.794416], [-39.962341, -19.791232], [-39.958679, -19.788071], [-39.953955, -19.78288], [-39.94929, -19.779598], [-39.945642, -19.776449], [-39.94046, -19.770669], [-39.934501, -19.766652], [-39.930838, -19.76349], [-39.927599, -19.760106], [-39.921492, -19.756014], [-39.915749, -19.750756], [-39.910484, -19.748415], [-39.905566, -19.745608], [-39.901605, -19.742791], [-39.896441, -19.738129], [-39.890797, -19.73494], [-39.886824, -19.732114], [-39.88239, -19.728217], [-39.877459, -19.725402], [-39.874106, -19.724587], [-39.866976, -19.721935], [-39.859592, -19.720358], [-39.854957, -19.718776], [-39.848849, -19.715904], [-39.843155, -19.714555], [-39.837949, -19.71276], [-39.831506, -19.711325], [-39.824187, -19.708582], [-39.820852, -19.707772], [-39.815409, -19.705886], [-39.811955, -19.705392], [-39.807111, -19.704214], [-39.802699, -19.702708], [-39.79644, -19.701296], [-39.791754, -19.699696], [-39.787233, -19.697677], [-39.782314, -19.694868], [-39.778322, -19.692028], [-39.774626, -19.688837], [-39.771277, -19.685337], [-39.767881, -19.680963], [-39.765355, -19.676897], [-39.763962, -19.674069], [-39.760534, -19.668787], [-39.758439, -19.664531], [-39.756776, -19.660087], [-39.755425, -19.65482], [-39.754752, -19.650151], [-39.754573, -19.645911], [-39.751925, -19.640621], [-39.74987, -19.6348], [-39.74643, -19.628317], [-39.744107, -19.621438], [-39.740922, -19.615356], [-39.738997, -19.610083], [-39.735821, -19.605098], [-39.73372, -19.600828], [-39.732056, -19.596383], [-39.731319, -19.593505], [-39.728226, -19.587557], [-39.726223, -19.581926], [-39.723063, -19.575886], [-39.721671, -19.572166], [-39.717265, -19.565601], [-39.715184, -19.561371], [-39.713285, -19.556224], [-39.709722, -19.550741], [-39.707627, -19.546483], [-39.705964, -19.542036], [-39.704678, -19.537019], [-39.70149, -19.531991], [-39.699387, -19.527717], [-39.69808, -19.524222], [-39.696314, -19.520632], [-39.69416, -19.514419], [-39.69115, -19.50862], [-39.689108, -19.502822], [-39.687028, -19.498592], [-39.685367, -19.494152], [-39.68389, -19.488257], [-39.681924, -19.483119], [-39.68107, -19.479878], [-39.679131, -19.475936], [-39.677468, -19.471488], [-39.676267, -19.466798], [-39.673284, -19.461018], [-39.671636, -19.456611], [-39.67009, -19.450334], [-39.66885, -19.447811], [-39.666652, -19.441425], [-39.663349, -19.435156], [-39.660964, -19.428014], [-39.659219, -19.424463], [-39.657555, -19.420013], [-39.656205, -19.414738], [-39.655724, -19.411401], [-39.654465, -19.408033], [-39.653139, -19.402852], [-39.651666, -19.399854], [-39.650002, -19.395403], [-39.648652, -19.390128], [-39.647979, -19.385451], [-39.647832, -19.381973], [-39.646935, -19.378469], [-39.646262, -19.373792], [-39.646052, -19.368817], [-39.644881, -19.364241], [-39.644123, -19.358317], [-39.642815, -19.353205], [-39.642148, -19.348567], [-39.642041, -19.341707], [-39.641114, -19.335889], [-39.640943, -19.330119], [-39.639745, -19.323258], [-39.639659, -19.316135], [-39.639052, -19.311919], [-39.638853, -19.30719], [-39.63913, -19.302475], [-39.639714, -19.299008], [-39.63954, -19.294877], [-39.639817, -19.290162], [-39.640715, -19.284823], [-39.642465, -19.278979], [-39.643342, -19.273184], [-39.642974, -19.266981], [-39.64325, -19.262304], [-39.644335, -19.256156], [-39.644622, -19.25098], [-39.646046, -19.243632], [-39.646339, -19.238653], [-39.647528, -19.232171], [-39.648475, -19.224658], [-39.648746, -19.219166], [-39.649639, -19.213855], [-39.651704, -19.207209], [-39.652392, -19.203115], [-39.653676, -19.198548], [-39.654811, -19.195654], [-39.65583, -19.189157], [-39.657158, -19.184431], [-39.657336, -19.176326], [-39.65822, -19.171067], [-39.660583, -19.163649], [-39.661613, -19.156023], [-39.661797, -19.148479], [-39.663232, -19.141096], [-39.663507, -19.135543], [-39.664949, -19.128122], [-39.665225, -19.122529], [-39.66604, -19.117681], [-39.66626, -19.110825], [-39.66715, -19.105528], [-39.669017, -19.099388], [-39.670206, -19.092948], [-39.670364, -19.090246], [-39.669755, -19.082439], [-39.670032, -19.077732], [-39.67197, -19.063947], [-39.673715, -19.058046], [-39.673529, -19.053615], [-39.673806, -19.048893], [-39.674751, -19.043266], [-39.674559, -19.038687], [-39.674836, -19.033964], [-39.675735, -19.028613], [-39.677401, -19.022966], [-39.678498, -19.014914], [-39.679775, -19.010364], [-39.682276, -19.003656], [-39.682114, -18.999789], [-39.682801, -18.992406], [-39.682456, -18.986404], [-39.682732, -18.981703], [-39.683409, -18.977672], [-39.683142, -18.972133], [-39.683419, -18.967418], [-39.683966, -18.964158], [-39.683487, -18.957166], [-39.683762, -18.952482], [-39.684665, -18.947108], [-39.686034, -18.942229], [-39.687077, -18.93506], [-39.688336, -18.930573], [-39.69167, -18.922898], [-39.692281, -18.915564], [-39.691728, -18.90812], [-39.692002, -18.903444], [-39.692904, -18.898067], [-39.694117, -18.893747], [-39.694405, -18.888827], [-39.695296, -18.88352], [-39.695158, -18.880235], [-39.695435, -18.875508], [-39.696019, -18.872032], [-39.695845, -18.86789], [-39.696122, -18.863163], [-39.696716, -18.859621], [-39.696531, -18.855219], [-39.696809, -18.850492], [-39.697309, -18.847509], [-39.697503, -18.840067], [-39.698714, -18.83344], [-39.69869, -18.828128], [-39.697415, -18.82092], [-39.697218, -18.816227], [-39.697419, -18.812801], [-39.696878, -18.805462], [-39.697225, -18.800045], [-39.696736, -18.796635], [-39.696623, -18.789683], [-39.695687, -18.786013], [-39.695014, -18.781319], [-39.694815, -18.776575], [-39.695091, -18.771861], [-39.696216, -18.765548], [-39.696469, -18.759467], [-39.697038, -18.756079], [-39.696876, -18.752236], [-39.697456, -18.745468], [-39.696878, -18.737838], [-39.697077, -18.734441], [-39.696393, -18.72967], [-39.696286, -18.722784], [-39.695344, -18.71685], [-39.694679, -18.709604], [-39.694638, -18.701662], [-39.69411, -18.69436], [-39.692961, -18.687691], [-39.692907, -18.680083], [-39.69247, -18.67483], [-39.691129, -18.668325], [-39.689828, -18.664827], [-39.688477, -18.659528], [-39.6878, -18.6548], [-39.685726, -18.647457], [-39.684998, -18.642275], [-39.683643, -18.637774], [-39.681878, -18.634166], [-39.68023, -18.629735], [-39.678505, -18.62207], [-39.677468, -18.619283], [-39.67613, -18.614033], [-39.67476, -18.601526], [-39.674559, -18.596726], [-39.674836, -18.591991], [-39.67573, -18.586652], [-39.677957, -18.579541], [-39.678531, -18.572282], [-39.678198, -18.56996], [-39.678131, -18.562555], [-39.677653, -18.555713], [-39.678213, -18.548819], [-39.677504, -18.543872], [-39.677343, -18.540026], [-39.675448, -18.528888], [-39.675306, -18.522447], [-39.673714, -18.516341], [-39.672966, -18.511005], [-39.670946, -18.505697], [-39.669451, -18.499626], [-39.668207, -18.49628], [-39.666621, -18.489581], [-39.665108, -18.485511], [-39.663953, -18.480972], [-39.660975, -18.473736], [-39.659835, -18.469258], [-39.658189, -18.465889], [-39.656525, -18.461414], [-39.6553, -18.456601], [-39.653434, -18.451638], [-39.652089, -18.446354], [-39.651325, -18.4406], [-39.650345, -18.437965], [-39.648995, -18.432659], [-39.648555, -18.429585], [-39.64711, -18.424646], [-39.645165, -18.420665], [-39.64284, -18.413726], [-39.638907, -18.405688], [-39.635589, -18.400514], [-39.632703, -18.394188], [-39.630772, -18.391057], [-39.628663, -18.386739], [-39.627564, -18.38378], [-39.625622, -18.380631], [-39.623513, -18.376313], [-39.62185, -18.371835], [-39.620506, -18.366556], [-39.619575, -18.359287], [-39.617069, -18.353442], [-39.615589, -18.348125], [-39.613966, -18.345001], [-39.612266, -18.340751], [-39.611011, -18.336419], [-39.60989, -18.328935], [-39.608489, -18.325434], [-39.607223, -18.321061], [-39.60622, -18.315405], [-39.603326, -18.308766], [-39.602087, -18.304486], [-39.600953, -18.296647], [-39.598696, -18.289023], [-39.596466, -18.283689], [-39.595206, -18.279338], [-39.594549, -18.275629], [-39.592696, -18.270998], [-39.591701, -18.267561], [-39.585169, -18.25415], [-39.582467, -18.246565], [-39.579646, -18.241357], [-39.577229, -18.234745], [-39.573802, -18.228619], [-39.571295, -18.221766], [-39.567487, -18.217213], [-39.56458, -18.212802], [-39.56245, -18.208697], [-39.557845, -18.197953], [-39.553944, -18.192259], [-39.551165, -18.186599], [-39.548474, -18.182516], [-39.545157, -18.175543], [-39.542467, -18.172257], [-39.538145, -18.165223], [-39.534378, -18.161444], [-39.531473, -18.157895], [-39.527483, -18.151502], [-39.524081, -18.148072], [-39.521177, -18.144524], [-39.51709, -18.137919], [-39.513587, -18.13371], [-39.510687, -18.129308], [-39.508227, -18.12445], [-39.505185, -18.119832], [-39.503073, -18.115759], [-39.501372, -18.111504], [-39.500554, -18.108818], [-48.878185, -18.104077]]]}}, {"type": "Feature", "properties": {"nome": "Capitania do Maranhão", "nome_fonte": "Capitania do Maranhão", "inicio": "1534", "fim": "1620", "ohm_id": 2751344, "fonte": "OpenHistoricalMap (dados CC0)", "licenca": "CC0 1.0 (domínio público)", "natureza": "traçado histórico aproximado — não é limite exato", "area_graus2": 19.828}, "geometry": {"type": "Polygon", "coordinates": [[[-40.697694, -2.796519], [-40.699458, -2.796708], [-40.70407, -2.797661], [-40.711241, -2.797569], [-40.71701, -2.798245], [-40.720939, -2.797543], [-40.72568, -2.797156], [-40.730412, -2.797221], [-40.736527, -2.797975], [-40.743924, -2.797157], [-40.748632, -2.797221], [-40.75336, -2.797737], [-40.757989, -2.798693], [-40.764271, -2.800753], [-40.771679, -2.800655], [-40.776363, -2.801166], [-40.781021, -2.802128], [-40.785566, -2.803529], [-40.789957, -2.805354], [-40.794117, -2.807569], [-40.799907, -2.811611], [-40.803003, -2.812898], [-40.807201, -2.815132], [-40.811167, -2.817755], [-40.814856, -2.820735], [-40.817848, -2.823704], [-40.820182, -2.825247], [-40.82537, -2.8257], [-40.828879, -2.822358], [-40.833192, -2.819018], [-40.837218, -2.81651], [-40.841476, -2.814391], [-40.845915, -2.812686], [-40.850496, -2.811409], [-40.855179, -2.810574], [-40.859919, -2.810187], [-40.864664, -2.810251], [-40.870064, -2.810875], [-40.874584, -2.810937], [-40.881736, -2.811923], [-40.884282, -2.811957], [-40.889867, -2.810916], [-40.894595, -2.81053], [-40.899351, -2.810594], [-40.904079, -2.81111], [-40.908737, -2.812073], [-40.913273, -2.813471], [-40.918282, -2.815585], [-40.925691, -2.817609], [-40.930033, -2.819414], [-40.935352, -2.822245], [-40.942411, -2.820859], [-40.947123, -2.820474], [-40.951879, -2.820539], [-40.956607, -2.821055], [-40.961265, -2.822017], [-40.96581, -2.823418], [-40.970201, -2.825243], [-40.974399, -2.827477], [-40.978365, -2.8301], [-40.980997, -2.832225], [-40.987401, -2.835276], [-40.993784, -2.835286], [-40.998493, -2.8358], [-41.003103, -2.836752], [-41.010023, -2.839106], [-41.015523, -2.840195], [-41.019414, -2.841394], [-41.023977, -2.841456], [-41.029131, -2.842018], [-41.03261, -2.841734], [-41.037366, -2.841799], [-41.042095, -2.842315], [-41.046092, -2.843141], [-41.0518, -2.843172], [-41.056488, -2.843684], [-41.062749, -2.84508], [-41.069026, -2.844478], [-41.073889, -2.844544], [-41.082825, -2.842934], [-41.086584, -2.84149], [-41.091166, -2.840213], [-41.095848, -2.839378], [-41.100563, -2.838993], [-41.106614, -2.839167], [-41.112278, -2.838648], [-41.117017, -2.838713], [-41.121746, -2.839229], [-41.126403, -2.840191], [-41.131483, -2.841756], [-41.135951, -2.841391], [-41.140707, -2.841456], [-41.144947, -2.841919], [-41.151153, -2.839425], [-41.15571, -2.838156], [-41.160393, -2.837321], [-41.165133, -2.836934], [-41.169437, -2.836992], [-41.176413, -2.836604], [-41.183026, -2.835905], [-41.187708, -2.835969], [-41.194157, -2.836806], [-41.201872, -2.836661], [-41.206546, -2.837171], [-41.211797, -2.838256], [-41.217041, -2.837321], [-41.221781, -2.836934], [-41.226537, -2.836998], [-41.230999, -2.837485], [-41.236882, -2.836936], [-41.243141, -2.837113], [-41.249747, -2.835419], [-41.254463, -2.834577], [-41.259203, -2.83419], [-41.263959, -2.834255], [-41.268688, -2.834771], [-41.273345, -2.835733], [-41.27789, -2.837134], [-41.282237, -2.838941], [-41.288583, -2.842555], [-41.29537, -2.845154], [-41.299526, -2.847365], [-41.303477, -2.849979], [-41.307935, -2.853653], [-41.312228, -2.855938], [-41.316194, -2.85856], [-41.319884, -2.86154], [-41.323091, -2.864722], [-41.328991, -2.867086], [-41.333861, -2.869684], [-41.339996, -2.870588], [-41.345573, -2.869016], [-41.35025, -2.868181], [-41.354974, -2.867796], [-41.361486, -2.867948], [-41.367335, -2.86416], [-41.371566, -2.862055], [-41.37595, -2.86037], [-41.383807, -2.858478], [-41.389418, -2.856228], [-41.393976, -2.854958], [-41.398659, -2.854123], [-41.403399, -2.853736], [-41.408155, -2.8538], [-41.412883, -2.854316], [-41.417541, -2.855279], [-41.422848, -2.856914], [-41.430293, -2.853822], [-41.434832, -2.852558], [-41.439514, -2.851722], [-41.444254, -2.851335], [-41.44957, -2.851408], [-41.454058, -2.850158], [-41.458689, -2.849331], [-41.466218, -2.848949], [-41.472855, -2.847605], [-41.477557, -2.847221], [-41.482313, -2.847285], [-41.487041, -2.847801], [-41.491699, -2.848764], [-41.496244, -2.850164], [-41.499864, -2.851669], [-41.504058, -2.852535], [-41.508603, -2.853936], [-41.512902, -2.855723], [-41.515711, -2.856303], [-41.522438, -2.858468], [-41.529882, -2.854494], [-41.534232, -2.852823], [-41.547737, -2.84948], [-41.552467, -2.848636], [-41.557208, -2.848249], [-41.561964, -2.848314], [-41.566692, -2.84883], [-41.571302, -2.849782], [-41.578236, -2.852141], [-41.582034, -2.852857], [-41.588198, -2.8504], [-41.593367, -2.848962], [-41.596655, -2.846985], [-41.602247, -2.842611], [-41.606048, -2.840326], [-41.60976, -2.835148], [-41.613406, -2.831132], [-41.616949, -2.827951], [-41.621672, -2.824369], [-41.62266, -2.823589], [-41.626584, -2.820689], [-41.630605, -2.818271], [-41.637954, -2.815056], [-41.640959, -2.812835], [-41.647851, -2.809001], [-41.650485, -2.8061], [-41.654009, -2.802936], [-41.657827, -2.800114], [-41.661609, -2.79784], [-41.666725, -2.792987], [-41.672027, -2.789226], [-41.673796, -2.787278], [-41.679512, -2.782462], [-41.684196, -2.777798], [-41.68665, -2.774469], [-41.690311, -2.770437], [-41.693834, -2.767272], [-41.697652, -2.764451], [-41.701712, -2.76201], [-41.706643, -2.759692], [-41.711113, -2.758123], [-41.715673, -2.756996], [-41.724781, -2.755934], [-41.727063, -2.751145], [-41.729147, -2.747667], [-41.731892, -2.741506], [-41.734293, -2.737499], [-41.738067, -2.732577], [-41.7424, -2.725471], [-41.744931, -2.719913], [-41.747355, -2.715867], [-41.750164, -2.712056], [-41.75379, -2.708062], [-41.759571, -2.703191], [-41.761722, -2.700821], [-41.765245, -2.697657], [-41.768634, -2.695103], [-41.773123, -2.692394], [-41.776919, -2.69061], [-41.782138, -2.686587], [-41.786169, -2.684164], [-41.7911, -2.681846], [-41.79557, -2.680277], [-41.800181, -2.679137], [-41.804879, -2.67844], [-41.809125, -2.678218], [-41.81552, -2.67581], [-41.820045, -2.674691], [-41.827524, -2.673808], [-41.830589, -2.672732], [-41.8352, -2.671592], [-41.839898, -2.670895], [-41.844603, -2.67065], [-41.851431, -2.671097], [-41.85848, -2.669864], [-41.863166, -2.669619], [-41.86876, -2.669906], [-41.876279, -2.669278], [-41.880332, -2.669452], [-41.886268, -2.668493], [-41.890989, -2.668247], [-41.895686, -2.668448], [-41.903043, -2.669688], [-41.909152, -2.669281], [-41.917287, -2.669913], [-41.925097, -2.668492], [-41.929761, -2.668248], [-41.935897, -2.668602], [-41.941181, -2.667809], [-41.945921, -2.667561], [-41.950658, -2.667764], [-41.956275, -2.668574], [-41.961434, -2.667809], [-41.966148, -2.667562], [-41.972532, -2.667948], [-41.979326, -2.666778], [-41.98403, -2.666532], [-41.988775, -2.666736], [-41.993426, -2.667382], [-41.997483, -2.66678], [-42.002219, -2.666533], [-42.007714, -2.666793], [-42.013991, -2.665749], [-42.018706, -2.665503], [-42.024728, -2.665762], [-42.028953, -2.659917], [-42.032603, -2.655895], [-42.036127, -2.652731], [-42.039945, -2.649909], [-42.044004, -2.647468], [-42.048936, -2.64515], [-42.053367, -2.643595], [-42.060067, -2.642114], [-42.063706, -2.640837], [-42.068316, -2.639698], [-42.073014, -2.639], [-42.077757, -2.638753], [-42.082502, -2.638956], [-42.087206, -2.63961], [-42.091827, -2.640707], [-42.096323, -2.642238], [-42.100167, -2.64397], [-42.103333, -2.64441], [-42.108778, -2.645736], [-42.116484, -2.645822], [-42.124527, -2.647231], [-42.129255, -2.646984], [-42.133968, -2.647186], [-42.140643, -2.648248], [-42.148251, -2.646886], [-42.152939, -2.646641], [-42.158676, -2.646908], [-42.163269, -2.645296], [-42.167841, -2.644165], [-42.174682, -2.643315], [-42.179752, -2.641523], [-42.184359, -2.640383], [-42.189057, -2.639686], [-42.1938, -2.639439], [-42.198545, -2.639642], [-42.202117, -2.640138], [-42.206675, -2.639012], [-42.211373, -2.638315], [-42.216116, -2.638067], [-42.220861, -2.638271], [-42.225565, -2.638924], [-42.229144, -2.639774], [-42.237113, -2.639098], [-42.241804, -2.639299], [-42.246508, -2.639953], [-42.251129, -2.64105], [-42.255624, -2.642581], [-42.259954, -2.644532], [-42.264078, -2.646885], [-42.26796, -2.649619], [-42.271563, -2.652709], [-42.274127, -2.65537], [-42.278791, -2.659244], [-42.282029, -2.662605], [-42.286637, -2.668803], [-42.289589, -2.670882], [-42.293193, -2.673972], [-42.296453, -2.677357], [-42.302789, -2.685809], [-42.310831, -2.678075], [-42.314602, -2.675288], [-42.325499, -2.668749], [-42.337638, -2.663338], [-42.34214, -2.661758], [-42.346751, -2.660618], [-42.351449, -2.659921], [-42.356139, -2.659676], [-42.364054, -2.660267], [-42.37047, -2.658556], [-42.375138, -2.657863], [-42.379881, -2.657615], [-42.384626, -2.657819], [-42.38933, -2.658472], [-42.393944, -2.659568], [-42.398966, -2.661303], [-42.403194, -2.662307], [-42.409402, -2.664537], [-42.411542, -2.664455], [-42.416298, -2.662787], [-42.420908, -2.661647], [-42.425606, -2.66095], [-42.429734, -2.660734], [-42.436928, -2.65714], [-42.441361, -2.655585], [-42.445971, -2.654445], [-42.450381, -2.65379], [-42.454017, -2.652514], [-42.461425, -2.650911], [-42.464445, -2.649259], [-42.469797, -2.645104], [-42.475047, -2.642066], [-42.480813, -2.637537], [-42.484831, -2.635121], [-42.489762, -2.632803], [-42.494232, -2.631235], [-42.498843, -2.630095], [-42.503541, -2.629398], [-42.508284, -2.62915], [-42.513029, -2.629354], [-42.517696, -2.630002], [-42.524392, -2.631749], [-42.528196, -2.631551], [-42.532901, -2.631753], [-42.540293, -2.632961], [-42.546734, -2.630443], [-42.551444, -2.627572], [-42.556367, -2.625258], [-42.560837, -2.623689], [-42.566122, -2.622383], [-42.571784, -2.617994], [-42.575769, -2.615598], [-42.583865, -2.612078], [-42.587892, -2.606404], [-42.591533, -2.602393], [-42.595048, -2.599236], [-42.599617, -2.595905], [-42.604958, -2.589671], [-42.608424, -2.586559], [-42.613498, -2.582944], [-42.619374, -2.577557], [-42.624216, -2.572712], [-42.626667, -2.569385], [-42.630328, -2.565352], [-42.63333, -2.562656], [-42.637893, -2.557456], [-42.642083, -2.553758], [-42.647184, -2.547831], [-42.650675, -2.544696], [-42.654493, -2.541873], [-42.658552, -2.539432], [-42.66348, -2.537116], [-42.66856, -2.532324], [-42.672345, -2.529526], [-42.676405, -2.527085], [-42.681336, -2.524766], [-42.685259, -2.523389], [-42.69115, -2.519684], [-42.695005, -2.516835], [-42.699064, -2.514394], [-42.703995, -2.512076], [-42.708466, -2.510507], [-42.712865, -2.509419], [-42.716698, -2.507617], [-42.721169, -2.506048], [-42.725779, -2.504908], [-42.730465, -2.504212], [-42.736441, -2.503944], [-42.741759, -2.501444], [-42.746609, -2.499749], [-42.751031, -2.49767], [-42.755501, -2.496101], [-42.760111, -2.494961], [-42.764809, -2.494264], [-42.769552, -2.494016], [-42.774258, -2.494218], [-42.781064, -2.495328], [-42.786377, -2.495045], [-42.7911, -2.495248], [-42.797041, -2.496148], [-42.803223, -2.495732], [-42.806123, -2.495856], [-42.811208, -2.494266], [-42.816279, -2.492114], [-42.821306, -2.489003], [-42.826218, -2.486694], [-42.830689, -2.485125], [-42.834274, -2.484238], [-42.839255, -2.481897], [-42.844564, -2.480072], [-42.84738, -2.478379], [-42.852311, -2.476061], [-42.857251, -2.474327], [-42.861869, -2.470868], [-42.865919, -2.468432], [-42.87085, -2.466114], [-42.875767, -2.464388], [-42.879309, -2.462258], [-42.884202, -2.459957], [-42.890877, -2.457799], [-42.893728, -2.456084], [-42.898615, -2.453787], [-42.905923, -2.451461], [-42.908895, -2.449264], [-42.912954, -2.446823], [-42.917885, -2.444504], [-42.922319, -2.442948], [-42.92675, -2.439658], [-42.930807, -2.437218], [-42.935738, -2.4349], [-42.940202, -2.433333], [-42.945564, -2.432032], [-42.952251, -2.428714], [-42.956688, -2.427157], [-42.961273, -2.426023], [-42.96417, -2.423881], [-42.968229, -2.42144], [-42.97316, -2.419121], [-42.977587, -2.417568], [-42.984916, -2.41597], [-42.987799, -2.414236], [-42.99273, -2.411918], [-42.995792, -2.410843], [-43.000824, -2.407735], [-43.008186, -2.404514], [-43.012583, -2.401239], [-43.016638, -2.398801], [-43.021569, -2.396482], [-43.026039, -2.394913], [-43.03065, -2.393773], [-43.03488, -2.393145], [-43.040756, -2.390328], [-43.048369, -2.387941], [-43.053136, -2.385186], [-43.055796, -2.382797], [-43.059613, -2.379974], [-43.063673, -2.377533], [-43.068604, -2.375214], [-43.073521, -2.373489], [-43.077062, -2.371358], [-43.081994, -2.36904], [-43.08641, -2.36749], [-43.094316, -2.365822], [-43.103939, -2.361503], [-43.108437, -2.359924], [-43.113027, -2.358789], [-43.118954, -2.357984], [-43.123199, -2.356494], [-43.128311, -2.355233], [-43.131776, -2.353604], [-43.136235, -2.352038], [-43.141696, -2.350729], [-43.147783, -2.34799], [-43.152254, -2.345286], [-43.157181, -2.342969], [-43.161652, -2.3414], [-43.165846, -2.340363], [-43.169779, -2.336831], [-43.173597, -2.334008], [-43.17765, -2.33157], [-43.183266, -2.328958], [-43.186643, -2.326461], [-43.190702, -2.32402], [-43.195634, -2.321701], [-43.199841, -2.320224], [-43.205957, -2.317233], [-43.209187, -2.316099], [-43.211963, -2.31443], [-43.224788, -2.308675], [-43.229286, -2.307096], [-43.234295, -2.305858], [-43.23993, -2.303174], [-43.244392, -2.301607], [-43.249003, -2.300467], [-43.253659, -2.299776], [-43.260764, -2.299586], [-43.267584, -2.297717], [-43.27224, -2.297026], [-43.276983, -2.296778], [-43.282381, -2.297011], [-43.285035, -2.296355], [-43.290728, -2.295571], [-43.297803, -2.293599], [-43.302453, -2.292909], [-43.305928, -2.292728], [-43.312409, -2.290277], [-43.316981, -2.289147], [-43.321679, -2.28845], [-43.326372, -2.288204], [-43.333711, -2.288738], [-43.337408, -2.288545], [-43.342153, -2.288749], [-43.34683, -2.289398], [-43.352942, -2.290956], [-43.357083, -2.291063], [-43.360707, -2.288383], [-43.364767, -2.285942], [-43.369698, -2.283623], [-43.374169, -2.282054], [-43.378779, -2.280914], [-43.383477, -2.280216], [-43.387002, -2.280032], [-43.393819, -2.278842], [-43.39852, -2.278596], [-43.403265, -2.2788], [-43.406838, -2.279297], [-43.412612, -2.27894], [-43.417341, -2.279143], [-43.422045, -2.279797], [-43.426666, -2.280894], [-43.430252, -2.282116], [-43.436842, -2.282892], [-43.441429, -2.283982], [-43.445924, -2.285513], [-43.450254, -2.287464], [-43.454378, -2.289818], [-43.458222, -2.292527], [-43.463466, -2.297277], [-43.466166, -2.299179], [-43.472605, -2.301893], [-43.476662, -2.304208], [-43.482073, -2.308199], [-43.486303, -2.310105], [-43.490427, -2.312459], [-43.494308, -2.315194], [-43.496947, -2.317458], [-43.501413, -2.320006], [-43.50596, -2.323209], [-43.513813, -2.318167], [-43.5187, -2.315869], [-43.52317, -2.3143], [-43.528282, -2.313039], [-43.531737, -2.311414], [-43.539595, -2.308711], [-43.537997, -2.302442], [-43.537269, -2.297764], [-43.536984, -2.292326], [-43.53722, -2.287597], [-43.537906, -2.282901], [-43.539033, -2.278303], [-43.540328, -2.274668], [-43.541793, -2.267972], [-43.543608, -2.262881], [-43.545308, -2.259311], [-43.546948, -2.251492], [-43.548758, -2.246414], [-43.550794, -2.242139], [-43.553233, -2.238067], [-43.556013, -2.234294], [-43.561657, -2.228432], [-43.563938, -2.225335], [-43.567599, -2.2213], [-43.571123, -2.218135], [-43.574941, -2.215312], [-43.579, -2.21287], [-43.583878, -2.210577], [-43.591561, -2.208179], [-43.597335, -2.205401], [-43.601791, -2.203836], [-43.60637, -2.202704], [-43.6127, -2.201891], [-43.617734, -2.200637], [-43.62243, -2.19994], [-43.627173, -2.199692], [-43.631918, -2.199896], [-43.636622, -2.20055], [-43.641187, -2.201634], [-43.648737, -2.204499], [-43.652415, -2.20501], [-43.657036, -2.206107], [-43.661531, -2.207639], [-43.66586, -2.20959], [-43.669983, -2.211943], [-43.674304, -2.214996], [-43.677531, -2.216451], [-43.68229, -2.219175], [-43.688298, -2.220523], [-43.691349, -2.221562], [-43.695673, -2.222163], [-43.700249, -2.22325], [-43.706997, -2.225762], [-43.712672, -2.227041], [-43.715725, -2.22808], [-43.720049, -2.228681], [-43.72467, -2.229779], [-43.729166, -2.23131], [-43.733495, -2.233262], [-43.737619, -2.235615], [-43.741493, -2.238345], [-43.745587, -2.241899], [-43.750444, -2.245226], [-43.754031, -2.248303], [-43.757324, -2.251722], [-43.760271, -2.25543], [-43.763207, -2.260018], [-43.765318, -2.2642], [-43.767827, -2.271256], [-43.771541, -2.278021], [-43.773246, -2.282389], [-43.774538, -2.286937], [-43.775565, -2.292883], [-43.777291, -2.298631], [-43.778226, -2.303927], [-43.778584, -2.311601], [-43.783137, -2.31837], [-43.784713, -2.321492], [-43.790774, -2.322334], [-43.795395, -2.323432], [-43.79989, -2.324963], [-43.80422, -2.326914], [-43.808344, -2.329268], [-43.812225, -2.332003], [-43.815829, -2.335094], [-43.819106, -2.338497], [-43.823189, -2.343783], [-43.827356, -2.345202], [-43.831685, -2.347154], [-43.83581, -2.349507], [-43.839691, -2.352242], [-43.843295, -2.355333], [-43.845714, -2.357844], [-43.848961, -2.360132], [-43.853123, -2.363702], [-43.857137, -2.363874], [-43.861842, -2.364528], [-43.866462, -2.365625], [-43.870958, -2.367156], [-43.875287, -2.369108], [-43.879412, -2.371461], [-43.883293, -2.374196], [-43.886897, -2.377287], [-43.89019, -2.380706], [-43.893136, -2.384414], [-43.896073, -2.389001], [-43.898182, -2.39318], [-43.900843, -2.400703], [-43.903436, -2.403966], [-43.906353, -2.408522], [-43.909194, -2.414477], [-43.912209, -2.419187], [-43.914343, -2.423414], [-43.916068, -2.427834], [-43.917362, -2.432388], [-43.918309, -2.437751], [-43.918653, -2.442472], [-43.918546, -2.447216], [-43.917989, -2.451917], [-43.916801, -2.457231], [-43.915303, -2.461722], [-43.91338, -2.466061], [-43.911076, -2.470154], [-43.904914, -2.478481], [-43.91198, -2.484328], [-43.915253, -2.487726], [-43.918199, -2.491433], [-43.920955, -2.495738], [-43.92311, -2.497975], [-43.928329, -2.505022], [-43.934283, -2.505849], [-43.938904, -2.506946], [-43.943399, -2.508477], [-43.947728, -2.510428], [-43.951853, -2.512782], [-43.955734, -2.515516], [-43.959338, -2.518607], [-43.962632, -2.522025], [-43.965576, -2.52573], [-43.968837, -2.530846], [-43.978443, -2.540356], [-43.976605, -2.526539], [-43.974351, -2.518829], [-43.973632, -2.514209], [-43.973347, -2.508772], [-43.973583, -2.504044], [-43.974268, -2.499354], [-43.977111, -2.487896], [-43.97893, -2.482792], [-43.982399, -2.475855], [-43.980566, -2.472032], [-43.978979, -2.467614], [-43.977467, -2.461029], [-43.975876, -2.4566], [-43.974703, -2.452002], [-43.973975, -2.447324], [-43.973691, -2.441887], [-43.973924, -2.437201], [-43.975094, -2.430396], [-43.975303, -2.424443], [-43.975979, -2.41982], [-43.977938, -2.412728], [-43.977808, -2.405242], [-43.978046, -2.400456], [-43.978732, -2.39576], [-43.979859, -2.391162], [-43.981688, -2.386032], [-43.983724, -2.381758], [-43.986163, -2.377686], [-43.988972, -2.373874], [-43.992633, -2.36984], [-43.996157, -2.366675], [-43.999975, -2.363852], [-44.004034, -2.361411], [-44.008965, -2.359092], [-44.013435, -2.357523], [-44.018046, -2.356383], [-44.022729, -2.355688], [-44.036399, -2.355094], [-44.041158, -2.355298], [-44.045806, -2.355944], [-44.053619, -2.355413], [-44.057381, -2.354093], [-44.061991, -2.352952], [-44.066689, -2.352255], [-44.071432, -2.352007], [-44.076177, -2.352211], [-44.081197, -2.352908], [-44.088298, -2.352352], [-44.093, -2.352554], [-44.097704, -2.353208], [-44.102325, -2.354305], [-44.106766, -2.355818], [-44.114097, -2.359434], [-44.120552, -2.360833], [-44.125017, -2.362354], [-44.129346, -2.364305], [-44.13347, -2.366659], [-44.137352, -2.369394], [-44.140251, -2.37188], [-44.146552, -2.37526], [-44.15074, -2.37821], [-44.154542, -2.379505], [-44.158859, -2.381451], [-44.163925, -2.384397], [-44.167213, -2.385178], [-44.171709, -2.386709], [-44.176038, -2.38866], [-44.180162, -2.391014], [-44.184044, -2.393748], [-44.187648, -2.396839], [-44.190941, -2.400258], [-44.193863, -2.403935], [-44.198234, -2.411126], [-44.20435, -2.413501], [-44.210685, -2.414273], [-44.215278, -2.415364], [-44.219774, -2.416895], [-44.224103, -2.418846], [-44.228315, -2.42125], [-44.233866, -2.423076], [-44.238135, -2.425], [-44.244469, -2.428863], [-44.251289, -2.431312], [-44.258422, -2.432113], [-44.261737, -2.432901], [-44.267127, -2.432618], [-44.271871, -2.432822], [-44.276575, -2.433475], [-44.281196, -2.434572], [-44.28641, -2.436348], [-44.294363, -2.434921], [-44.299055, -2.434676], [-44.3038, -2.43488], [-44.308505, -2.435533], [-44.313125, -2.436631], [-44.317621, -2.438162], [-44.32195, -2.440113], [-44.326074, -2.442466], [-44.329956, -2.445201], [-44.333448, -2.448196], [-44.335989, -2.449646], [-44.341803, -2.453995], [-44.347036, -2.456886], [-44.350899, -2.459607], [-44.35446, -2.462662], [-44.36043, -2.469286], [-44.369339, -2.469862], [-44.374079, -2.47052], [-44.3787, -2.471617], [-44.382008, -2.472744], [-44.390044, -2.473816], [-44.386758, -2.466499], [-44.382975, -2.461265], [-44.380526, -2.459824], [-44.3761, -2.458282], [-44.371808, -2.456277], [-44.367716, -2.453868], [-44.363881, -2.451088], [-44.361157, -2.448653], [-44.356311, -2.445241], [-44.352266, -2.441626], [-44.349075, -2.438128], [-44.346367, -2.434524], [-44.341145, -2.429165], [-44.338327, -2.425414], [-44.335856, -2.421375], [-44.333502, -2.416464], [-44.331985, -2.412241], [-44.32938, -2.406854], [-44.327782, -2.402404], [-44.326609, -2.397805], [-44.325882, -2.39313], [-44.325581, -2.387217], [-44.323936, -2.378344], [-44.319538, -2.373626], [-44.316698, -2.369845], [-44.314227, -2.365805], [-44.311873, -2.360894], [-44.310272, -2.356438], [-44.3091, -2.35184], [-44.308372, -2.347162], [-44.308087, -2.341724], [-44.308323, -2.336995], [-44.309009, -2.3323], [-44.310136, -2.327701], [-44.311509, -2.323848], [-44.311757, -2.318118], [-44.312442, -2.313432], [-44.313561, -2.308867], [-44.316145, -2.302061], [-44.317706, -2.294721], [-44.319517, -2.289639], [-44.321536, -2.2854], [-44.325173, -2.279646], [-44.328091, -2.272998], [-44.331488, -2.267558], [-44.333599, -2.261498], [-44.335605, -2.257285], [-44.339897, -2.250643], [-44.342513, -2.244855], [-44.34397, -2.242423], [-44.346575, -2.234669], [-44.346775, -2.23065], [-44.347453, -2.226008], [-44.34946, -2.218838], [-44.350209, -2.213598], [-44.351335, -2.209005], [-44.353144, -2.203928], [-44.356895, -2.196701], [-44.358564, -2.188709], [-44.360373, -2.183633], [-44.362409, -2.179358], [-44.364848, -2.175286], [-44.367657, -2.171473], [-44.371318, -2.167438], [-44.374842, -2.164273], [-44.378287, -2.161725], [-44.3819, -2.157971], [-44.385824, -2.150881], [-44.388578, -2.147144], [-44.39378, -2.141659], [-44.396788, -2.136502], [-44.399557, -2.132743], [-44.405654, -2.126403], [-44.407311, -2.118732], [-44.409125, -2.113645], [-44.411161, -2.109369], [-44.4136, -2.105297], [-44.416409, -2.101483], [-44.42007, -2.097449], [-44.42288, -2.094924], [-44.425271, -2.087891], [-44.427614, -2.082971], [-44.426818, -2.077854], [-44.426535, -2.072457], [-44.427189, -2.063706], [-44.418481, -2.058977], [-44.414693, -2.05623], [-44.410631, -2.052599], [-44.40744, -2.049099], [-44.404589, -2.045303], [-44.402118, -2.041263], [-44.399763, -2.03635], [-44.398163, -2.031893], [-44.39699, -2.027294], [-44.396262, -2.022615], [-44.395978, -2.017176], [-44.396213, -2.012446], [-44.396899, -2.00775], [-44.398026, -2.00315], [-44.399855, -1.998019], [-44.401891, -1.993743], [-44.40433, -1.989671], [-44.407139, -1.985857], [-44.4108, -1.981822], [-44.414324, -1.978657], [-44.418142, -1.975833], [-44.422201, -1.973391], [-44.427132, -1.971072], [-44.431599, -1.969504], [-44.438069, -1.967921], [-44.440623, -1.962302], [-44.439864, -1.957423], [-44.43958, -1.951984], [-44.439815, -1.947254], [-44.440501, -1.942557], [-44.441626, -1.937966], [-44.443751, -1.932096], [-44.444278, -1.928489], [-44.445405, -1.923889], [-44.447234, -1.918758], [-44.449189, -1.914651], [-44.449868, -1.91188], [-44.451693, -1.906758], [-44.454049, -1.90189], [-44.456841, -1.89425], [-44.458471, -1.886433], [-44.46028, -1.881357], [-44.462316, -1.87708], [-44.4644, -1.873601], [-44.467126, -1.867476], [-44.470842, -1.861624], [-44.472959, -1.857178], [-44.475398, -1.853105], [-44.478177, -1.849332], [-44.485041, -1.842215], [-44.483851, -1.837544], [-44.483123, -1.832865], [-44.482838, -1.827425], [-44.483074, -1.822695], [-44.48376, -1.817998], [-44.484887, -1.813398], [-44.486716, -1.808267], [-44.488752, -1.80399], [-44.491191, -1.799917], [-44.494027, -1.796066], [-44.498037, -1.79139], [-44.501781, -1.787264], [-44.505304, -1.784098], [-44.509122, -1.781274], [-44.513182, -1.778831], [-44.518113, -1.776512], [-44.52447, -1.77428], [-44.525302, -1.768584], [-44.526429, -1.763984], [-44.528258, -1.758852], [-44.530294, -1.754576], [-44.532733, -1.750502], [-44.535542, -1.746688], [-44.539203, -1.742653], [-44.542726, -1.739487], [-44.546544, -1.736663], [-44.550861, -1.734066], [-44.552522, -1.727264], [-44.55435, -1.722134], [-44.556386, -1.717857], [-44.558825, -1.713784], [-44.561634, -1.709969], [-44.565295, -1.705934], [-44.568819, -1.702768], [-44.572636, -1.699944], [-44.577133, -1.697242], [-44.580149, -1.694532], [-44.583967, -1.691708], [-44.588026, -1.689265], [-44.592957, -1.686946], [-44.596015, -1.685872], [-44.602461, -1.681714], [-44.612149, -1.677421], [-44.609213, -1.671295], [-44.606871, -1.664052], [-44.604727, -1.659579], [-44.603126, -1.655121], [-44.601966, -1.650567], [-44.601092, -1.643623], [-44.59957, -1.636027], [-44.598682, -1.633552], [-44.597045, -1.62612], [-44.59508, -1.619243], [-44.59436, -1.614611], [-44.594075, -1.60917], [-44.59431, -1.60444], [-44.594997, -1.599742], [-44.595911, -1.596008], [-44.596722, -1.589409], [-44.59784, -1.584846], [-44.599669, -1.579714], [-44.601705, -1.575437], [-44.604144, -1.571363], [-44.606953, -1.567549], [-44.610614, -1.563513], [-44.614132, -1.560352], [-44.618478, -1.557169], [-44.623757, -1.552113], [-44.629859, -1.547879], [-44.63545, -1.542486], [-44.64049, -1.538893], [-44.645888, -1.533835], [-44.650813, -1.528137], [-44.654306, -1.524997], [-44.658124, -1.522173], [-44.662142, -1.519756], [-44.66972, -1.516457], [-44.672177, -1.51464], [-44.677478, -1.511576], [-44.680783, -1.509131], [-44.684843, -1.506689], [-44.689774, -1.504369], [-44.695664, -1.502301], [-44.695354, -1.495243], [-44.695591, -1.490498], [-44.69627, -1.485844], [-44.69812, -1.479081], [-44.698337, -1.474711], [-44.699023, -1.470013], [-44.70015, -1.465412], [-44.701979, -1.460279], [-44.704015, -1.456003], [-44.706099, -1.452522], [-44.708843, -1.446356], [-44.711261, -1.442319], [-44.714044, -1.438539], [-44.71942, -1.432915], [-44.721623, -1.429924], [-44.725284, -1.425888], [-44.728807, -1.422721], [-44.732625, -1.419897], [-44.736685, -1.417454], [-44.741636, -1.415125], [-44.754348, -1.41047], [-44.758936, -1.409334], [-44.763634, -1.408637], [-44.768344, -1.408391], [-44.77495, -1.408807], [-44.781872, -1.407605], [-44.787697, -1.4073], [-44.798215, -1.392135], [-44.801862, -1.388114], [-44.811569, -1.379117], [-44.815366, -1.376308], [-44.819426, -1.373865], [-44.824357, -1.371545], [-44.827767, -1.370347], [-44.836049, -1.366118], [-44.828908, -1.357203], [-44.826465, -1.353206], [-44.82411, -1.348292], [-44.82251, -1.343834], [-44.821337, -1.339233], [-44.820608, -1.334547], [-44.819981, -1.323271], [-44.820217, -1.318545], [-44.820903, -1.313847], [-44.822041, -1.3092], [-44.824994, -1.300103], [-44.826921, -1.291729], [-44.827089, -1.284867], [-44.827769, -1.28021], [-44.828896, -1.275609], [-44.830725, -1.270476], [-44.832761, -1.266199], [-44.8352, -1.262124], [-44.837981, -1.258348], [-44.843482, -1.252623], [-44.848571, -1.246691], [-44.85206, -1.243555], [-44.855878, -1.240731], [-44.859895, -1.238313], [-44.867402, -1.235052], [-44.870581, -1.233139], [-44.875512, -1.230819], [-44.87996, -1.229256], [-44.885942, -1.227864], [-44.893058, -1.224285], [-44.897972, -1.222576], [-44.903678, -1.21983], [-44.908135, -1.218265], [-44.912745, -1.217124], [-44.917443, -1.216427], [-44.922186, -1.216179], [-44.926931, -1.216382], [-44.931625, -1.217035], [-44.937387, -1.218443], [-44.943554, -1.217455], [-44.948279, -1.217208], [-44.953024, -1.217412], [-44.95772, -1.218065], [-44.963688, -1.219512], [-44.968216, -1.217922], [-44.972826, -1.216781], [-44.977524, -1.216083], [-44.982267, -1.215835], [-44.987013, -1.216039], [-44.991717, -1.216693], [-44.996338, -1.217791], [-45.000833, -1.219324], [-45.005162, -1.221276], [-45.009255, -1.223613], [-45.014546, -1.22752], [-45.018556, -1.229809], [-45.022438, -1.232546], [-45.026042, -1.235639], [-45.029335, -1.23906], [-45.032281, -1.24277], [-45.035218, -1.24736], [-45.037351, -1.25159], [-45.039125, -1.256136], [-45.043101, -1.262106], [-45.04666, -1.269715], [-45.054994, -1.273134], [-45.059069, -1.275461], [-45.06295, -1.278197], [-45.066554, -1.28129], [-45.069847, -1.284711], [-45.072794, -1.288421], [-45.07573, -1.293011], [-45.077863, -1.29724], [-45.079589, -1.301664], [-45.080882, -1.306216], [-45.081923, -1.312216], [-45.084391, -1.318869], [-45.093569, -1.315392], [-45.098139, -1.314261], [-45.102837, -1.313563], [-45.10758, -1.313315], [-45.112325, -1.313519], [-45.11703, -1.314173], [-45.12165, -1.315271], [-45.125783, -1.31668], [-45.13198, -1.318027], [-45.136446, -1.319549], [-45.140727, -1.32148], [-45.147479, -1.325624], [-45.153249, -1.326945], [-45.157826, -1.328505], [-45.164887, -1.331195], [-45.169271, -1.333171], [-45.173395, -1.335526], [-45.177276, -1.338263], [-45.18088, -1.341355], [-45.184142, -1.344744], [-45.192588, -1.355999], [-45.19555, -1.360627], [-45.197683, -1.364857], [-45.199409, -1.36928], [-45.200703, -1.373837], [-45.20165, -1.379203], [-45.201994, -1.383927], [-45.201887, -1.388674], [-45.201333, -1.393354], [-45.19954, -1.400877], [-45.202146, -1.406043], [-45.203872, -1.410467], [-45.205166, -1.415023], [-45.206108, -1.420358], [-45.206459, -1.426893], [-45.209536, -1.436457], [-45.216106, -1.438652], [-45.220426, -1.4406], [-45.22455, -1.442955], [-45.228432, -1.445691], [-45.232035, -1.448784], [-45.235329, -1.452204], [-45.238275, -1.455914], [-45.241212, -1.460504], [-45.243396, -1.464834], [-45.246075, -1.470525], [-45.247817, -1.474991], [-45.249111, -1.479548], [-45.250052, -1.484876], [-45.250417, -1.492191], [-45.256677, -1.502015], [-45.258644, -1.487498], [-45.259766, -1.482916], [-45.261595, -1.477783], [-45.264023, -1.472683], [-45.259454, -1.466721], [-45.256991, -1.462693], [-45.254637, -1.45778], [-45.253036, -1.453321], [-45.251862, -1.448713], [-45.249993, -1.437055], [-45.249117, -1.433619], [-45.248389, -1.428939], [-45.248102, -1.423444], [-45.248348, -1.409447], [-45.249026, -1.404802], [-45.250155, -1.400195], [-45.250402, -1.394734], [-45.251086, -1.390043], [-45.252213, -1.385442], [-45.253345, -1.382267], [-45.25498, -1.374404], [-45.256277, -1.370762], [-45.257097, -1.365482], [-45.256772, -1.356718], [-45.25564, -1.352276], [-45.254913, -1.347595], [-45.254628, -1.342154], [-45.254863, -1.337423], [-45.25555, -1.332725], [-45.256677, -1.328124], [-45.258504, -1.322995], [-45.260745, -1.318313], [-45.262625, -1.313037], [-45.264661, -1.30876], [-45.2671, -1.304686], [-45.269909, -1.300871], [-45.27357, -1.296835], [-45.277094, -1.293668], [-45.279862, -1.291589], [-45.241974, -6.653301], [-43.319107, -6.669448], [-40.61097, -6.658221], [-40.697694, -2.796519]]]}}, {"type": "Feature", "properties": {"nome": "Pernambuco (Nova Lusitânia)", "nome_fonte": "Nova Lusitânia", "inicio": "1534", "fim": "1700-09-24", "ohm_id": 2751351, "fonte": "OpenHistoricalMap (dados CC0)", "licenca": "CC0 1.0 (domínio público)", "natureza": "traçado histórico aproximado — não é limite exato", "area_graus2": 37.3393}, "geometry": {"type": "Polygon", "coordinates": [[[-36.608044, -10.643558], [-36.602763, -10.640074], [-36.598343, -10.636178], [-36.595217, -10.634431], [-36.59074, -10.631298], [-36.588389, -10.62927], [-36.581417, -10.625539], [-36.578333, -10.624509], [-36.573964, -10.62258], [-36.569895, -10.620305], [-36.566316, -10.61911], [-36.561896, -10.617158], [-36.553625, -10.615543], [-36.549157, -10.614051], [-36.544242, -10.611857], [-36.536742, -10.609639], [-36.531883, -10.60747], [-36.524376, -10.60525], [-36.520063, -10.603345], [-36.51591, -10.601024], [-36.512638, -10.598734], [-36.50902, -10.597526], [-36.50286, -10.59463], [-36.499372, -10.593465], [-36.49456, -10.591326], [-36.488348, -10.589399], [-36.484014, -10.587484], [-36.480753, -10.585662], [-36.474269, -10.583661], [-36.470386, -10.581945], [-36.466813, -10.581138], [-36.46229, -10.579627], [-36.458288, -10.577859], [-36.451338, -10.576404], [-36.44684, -10.574902], [-36.442472, -10.572972], [-36.438961, -10.57101], [-36.432074, -10.568457], [-36.424367, -10.566451], [-36.418592, -10.565807], [-36.413255, -10.5646], [-36.409796, -10.563445], [-36.393296, -10.560197], [-36.388819, -10.558702], [-36.38445, -10.556772], [-36.380314, -10.55446], [-36.374995, -10.550646], [-36.372744, -10.549387], [-36.368267, -10.546254], [-36.364923, -10.543373], [-36.361398, -10.539737], [-36.358074, -10.535486], [-36.353129, -10.530587], [-36.349814, -10.526364], [-36.345792, -10.522903], [-36.342509, -10.519478], [-36.339605, -10.515806], [-36.33556, -10.509053], [-36.333396, -10.506318], [-36.33048, -10.501738], [-36.328381, -10.497552], [-36.326241, -10.491694], [-36.323903, -10.487056], [-36.322234, -10.482735], [-36.318802, -10.477422], [-36.31667, -10.473169], [-36.313103, -10.467641], [-36.31005, -10.463781], [-36.307157, -10.459237], [-36.304232, -10.453006], [-36.301297, -10.448397], [-36.299185, -10.444183], [-36.297566, -10.43999], [-36.295288, -10.43711], [-36.289379, -10.427819], [-36.285662, -10.423246], [-36.282774, -10.41871], [-36.280001, -10.412908], [-36.277782, -10.410101], [-36.274218, -10.404456], [-36.270777, -10.402532], [-36.2663, -10.399397], [-36.262709, -10.396297], [-36.259425, -10.392869], [-36.256492, -10.38916], [-36.253575, -10.384578], [-36.251323, -10.380083], [-36.249455, -10.377149], [-36.247343, -10.372934], [-36.245643, -10.36853], [-36.244376, -10.363998], [-36.243464, -10.358667], [-36.243153, -10.353978], [-36.243295, -10.349269], [-36.243888, -10.344605], [-36.245108, -10.339385], [-36.248022, -10.331712], [-36.246424, -10.325525], [-36.242762, -10.320941], [-36.239376, -10.315531], [-36.237142, -10.313199], [-36.232862, -10.307457], [-36.22975, -10.304771], [-36.226466, -10.301342], [-36.224417, -10.29875], [-36.219427, -10.294613], [-36.215888, -10.290918], [-36.213085, -10.288955], [-36.209494, -10.285854], [-36.20621, -10.282425], [-36.203277, -10.278714], [-36.200923, -10.275015], [-36.198313, -10.272291], [-36.19538, -10.26858], [-36.193568, -10.265732], [-36.190289, -10.262901], [-36.185637, -10.257885], [-36.175221, -10.254772], [-36.170904, -10.252863], [-36.166751, -10.250539], [-36.16232, -10.247435], [-36.156584, -10.24214], [-36.153004, -10.239632], [-36.149413, -10.236531], [-36.146128, -10.233101], [-36.143195, -10.22939], [-36.140279, -10.224806], [-36.138167, -10.220589], [-36.13654, -10.216375], [-36.134036, -10.21204], [-36.127473, -10.211232], [-36.122117, -10.21002], [-36.117594, -10.208507], [-36.113225, -10.206575], [-36.109072, -10.204251], [-36.104595, -10.201114], [-36.101004, -10.198013], [-36.097738, -10.194602], [-36.094097, -10.18984], [-36.091234, -10.18685], [-36.086932, -10.181036], [-36.083238, -10.176702], [-36.07846, -10.171864], [-36.074214, -10.168265], [-36.07094, -10.164846], [-36.068008, -10.161134], [-36.065091, -10.156549], [-36.062979, -10.152331], [-36.061278, -10.147924], [-36.060098, -10.143699], [-36.05717, -10.137509], [-36.053687, -10.132034], [-36.049196, -10.131481], [-36.04384, -10.130269], [-36.039316, -10.128756], [-36.034948, -10.126824], [-36.030795, -10.124498], [-36.026333, -10.121371], [-36.022034, -10.117578], [-36.016692, -10.113914], [-36.013114, -10.110823], [-36.009829, -10.107392], [-36.006896, -10.103679], [-36.003958, -10.09906], [-35.999, -10.09319], [-35.994876, -10.086294], [-35.989891, -10.081333], [-35.987003, -10.077677], [-35.983297, -10.071601], [-35.978719, -10.06612], [-35.975827, -10.061573], [-35.973949, -10.05782], [-35.971191, -10.054328], [-35.968274, -10.049741], [-35.966162, -10.045522], [-35.964371, -10.040879], [-35.961427, -10.036248], [-35.958581, -10.03025], [-35.956799, -10.027995], [-35.952744, -10.021216], [-35.948511, -10.016094], [-35.946255, -10.012546], [-35.942881, -10.009021], [-35.939948, -10.005307], [-35.937032, -10.00072], [-35.935409, -9.997476], [-35.931549, -9.993464], [-35.928619, -9.989754], [-35.925704, -9.98517], [-35.923322, -9.980381], [-35.920035, -9.976227], [-35.917119, -9.971641], [-35.915015, -9.967435], [-35.912981, -9.962004], [-35.910972, -9.958843], [-35.907604, -9.95146], [-35.903716, -9.945577], [-35.90235, -9.942846], [-35.898392, -9.937995], [-35.89549, -9.93343], [-35.893774, -9.93], [-35.891447, -9.927479], [-35.888302, -9.925273], [-35.884716, -9.922173], [-35.880957, -9.918214], [-35.878002, -9.916142], [-35.874411, -9.913038], [-35.871127, -9.909605], [-35.868194, -9.90589], [-35.865277, -9.901301], [-35.863165, -9.89708], [-35.861368, -9.89242], [-35.858694, -9.88725], [-35.856937, -9.882694], [-35.854923, -9.879267], [-35.850861, -9.875095], [-35.847938, -9.871391], [-35.845021, -9.866802], [-35.842909, -9.86258], [-35.841675, -9.859378], [-35.838148, -9.853935], [-35.836044, -9.849728], [-35.834179, -9.844872], [-35.831066, -9.839291], [-35.828368, -9.835874], [-35.825297, -9.83104], [-35.821838, -9.826729], [-35.819853, -9.823606], [-35.814821, -9.818608], [-35.810929, -9.813446], [-35.805867, -9.808431], [-35.802988, -9.804783], [-35.798998, -9.798154], [-35.7956, -9.794601], [-35.792338, -9.790437], [-35.787676, -9.785771], [-35.784788, -9.782111], [-35.781034, -9.775927], [-35.777572, -9.771612], [-35.773805, -9.765394], [-35.770246, -9.760813], [-35.765009, -9.755649], [-35.762107, -9.751971], [-35.760367, -9.749231], [-35.75645, -9.74519], [-35.754174, -9.742305], [-35.750126, -9.738818], [-35.747908, -9.736498], [-35.740384, -9.73164], [-35.732838, -9.73311], [-35.728112, -9.733477], [-35.722618, -9.733354], [-35.717889, -9.732771], [-35.712533, -9.731557], [-35.70801, -9.730042], [-35.703641, -9.728108], [-35.699488, -9.72578], [-35.695011, -9.722638], [-35.691402, -9.719516], [-35.68676, -9.714802], [-35.678774, -9.712423], [-35.674459, -9.710511], [-35.670306, -9.708183], [-35.665833, -9.705044], [-35.659151, -9.699232], [-35.655863, -9.695793], [-35.65293, -9.692075], [-35.650014, -9.687484], [-35.647902, -9.68326], [-35.646201, -9.678847], [-35.644935, -9.674305], [-35.644023, -9.668963], [-35.643712, -9.664263], [-35.643853, -9.659544], [-35.644446, -9.654871], [-35.645678, -9.649591], [-35.647106, -9.645446], [-35.645774, -9.640668], [-35.644865, -9.639189], [-35.639283, -9.633792], [-35.633537, -9.629889], [-35.629965, -9.6268], [-35.626681, -9.623363], [-35.623489, -9.619317], [-35.620009, -9.616306], [-35.616724, -9.61287], [-35.613792, -9.609152], [-35.610875, -9.604559], [-35.609062, -9.600932], [-35.607039, -9.598366], [-35.602134, -9.59428], [-35.598782, -9.590772], [-35.592026, -9.587967], [-35.587908, -9.585658], [-35.583431, -9.582515], [-35.57984, -9.579408], [-35.576462, -9.575874], [-35.570719, -9.572777], [-35.566265, -9.569651], [-35.562674, -9.566543], [-35.55939, -9.563107], [-35.556376, -9.559285], [-35.552515, -9.555309], [-35.54959, -9.551601], [-35.546674, -9.547007], [-35.544562, -9.542781], [-35.542381, -9.537119], [-35.536395, -9.533848], [-35.531933, -9.530716], [-35.528384, -9.527644], [-35.523244, -9.521903], [-35.520446, -9.519482], [-35.517161, -9.516045], [-35.514228, -9.512325], [-35.511311, -9.507731], [-35.5092, -9.503505], [-35.50733, -9.498652], [-35.499969, -9.493777], [-35.496413, -9.4907], [-35.493137, -9.487272], [-35.489715, -9.482864], [-35.486861, -9.480235], [-35.483525, -9.477892], [-35.479934, -9.474785], [-35.476671, -9.47137], [-35.472878, -9.466363], [-35.468414, -9.461864], [-35.464576, -9.456783], [-35.459114, -9.451334], [-35.456207, -9.447646], [-35.45329, -9.443051], [-35.451178, -9.438824], [-35.449477, -9.434408], [-35.448221, -9.4299], [-35.446545, -9.418501], [-35.445464, -9.414622], [-35.444552, -9.409276], [-35.444276, -9.405102], [-35.43991, -9.400559], [-35.43698, -9.396842], [-35.435253, -9.39412], [-35.430938, -9.389347], [-35.426209, -9.386692], [-35.420023, -9.384114], [-35.415904, -9.381802], [-35.411427, -9.378658], [-35.407836, -9.375549], [-35.404581, -9.372142], [-35.399407, -9.365217], [-35.393235, -9.36181], [-35.388767, -9.358672], [-35.385214, -9.355596], [-35.380059, -9.349869], [-35.375392, -9.34725], [-35.370915, -9.344105], [-35.368265, -9.341812], [-35.362656, -9.337991], [-35.359084, -9.334898], [-35.355799, -9.331459], [-35.352859, -9.327729], [-35.348628, -9.321159], [-35.343391, -9.316273], [-35.338642, -9.312937], [-35.335051, -9.309828], [-35.331775, -9.306398], [-35.328389, -9.302034], [-35.323153, -9.296863], [-35.320187, -9.2931], [-35.317347, -9.290126], [-35.314414, -9.286404], [-35.311499, -9.281809], [-35.309187, -9.277156], [-35.305335, -9.271323], [-35.302092, -9.264235], [-35.299966, -9.260884], [-35.298154, -9.258988], [-35.293957, -9.253336], [-35.29022, -9.249459], [-35.287292, -9.245743], [-35.284375, -9.241145], [-35.282336, -9.23706], [-35.275092, -9.232263], [-35.271537, -9.229184], [-35.268252, -9.225744], [-35.265319, -9.222021], [-35.263543, -9.219222], [-35.258421, -9.213161], [-35.255536, -9.208612], [-35.253424, -9.204382], [-35.251817, -9.200207], [-35.248602, -9.194173], [-35.246933, -9.189837], [-35.245214, -9.182975], [-35.242507, -9.178483], [-35.24038, -9.174222], [-35.236618, -9.16438], [-35.23549, -9.160327], [-35.230815, -9.155569], [-35.227897, -9.151865], [-35.224967, -9.147246], [-35.21874, -9.135216], [-35.217556, -9.132141], [-35.214681, -9.127606], [-35.21259, -9.123417], [-35.210205, -9.116663], [-35.208992, -9.114335], [-35.203331, -9.108768], [-35.200431, -9.105087], [-35.197514, -9.100487], [-35.195403, -9.096256], [-35.193606, -9.091585], [-35.190931, -9.086403], [-35.189239, -9.082004], [-35.187972, -9.077455], [-35.18706, -9.072103], [-35.186749, -9.067396], [-35.186888, -9.062753], [-35.186487, -9.058362], [-35.18455, -9.054433], [-35.181752, -9.050021], [-35.178551, -9.043025], [-35.175605, -9.037529], [-35.171272, -9.033104], [-35.167719, -9.030471], [-35.163905, -9.028329], [-35.159428, -9.025181], [-35.155837, -9.022069], [-35.153124, -9.019226], [-35.150501, -9.017382], [-35.14691, -9.01427], [-35.143626, -9.010828], [-35.140693, -9.007103], [-35.137776, -9.002503], [-35.136424, -8.999792], [-35.132634, -8.99403], [-35.129855, -8.988145], [-35.127133, -8.983852], [-35.125041, -8.979659], [-35.122706, -8.973073], [-35.120558, -8.968767], [-35.118857, -8.964345], [-35.117883, -8.960844], [-35.115414, -8.954815], [-35.114158, -8.950299], [-35.113483, -8.946338], [-35.111353, -8.941731], [-35.108257, -8.936999], [-35.10583, -8.932196], [-35.103973, -8.927322], [-35.100851, -8.923345], [-35.098308, -8.919376], [-35.095868, -8.91454], [-35.094191, -8.910144], [-35.092944, -8.905605], [-35.092066, -8.900437], [-35.090558, -8.895178], [-35.085922, -8.888459], [-35.083508, -8.883674], [-35.081832, -8.879277], [-35.080582, -8.874732], [-35.079778, -8.870102], [-35.079407, -8.86471], [-35.079569, -8.860014], [-35.080181, -8.855359], [-35.081512, -8.84983], [-35.081629, -8.846445], [-35.082339, -8.841043], [-35.081443, -8.838256], [-35.078413, -8.833582], [-35.075157, -8.826722], [-35.073248, -8.824062], [-35.068732, -8.819508], [-35.065832, -8.815814], [-35.063289, -8.811843], [-35.060849, -8.807005], [-35.059172, -8.802608], [-35.057923, -8.798062], [-35.057124, -8.793459], [-35.056691, -8.785096], [-35.053304, -8.781537], [-35.050383, -8.777814], [-35.04784, -8.773843], [-35.0454, -8.769005], [-35.043723, -8.764607], [-35.042474, -8.760061], [-35.041673, -8.755449], [-35.041302, -8.748903], [-35.03995, -8.742152], [-35.039764, -8.739454], [-35.037883, -8.736518], [-35.035443, -8.731679], [-35.033766, -8.727281], [-35.032519, -8.72274], [-35.031642, -8.717571], [-35.030111, -8.712198], [-35.029319, -8.707632], [-35.028982, -8.698765], [-35.02621, -8.694437], [-35.02377, -8.689598], [-35.022093, -8.685199], [-35.020844, -8.680652], [-35.020045, -8.67605], [-35.019608, -8.66691], [-35.010553, -8.66411], [-35.006266, -8.662209], [-34.99285, -8.654453], [-34.988941, -8.65174], [-34.984807, -8.648199], [-34.981549, -8.644774], [-34.978628, -8.64105], [-34.976085, -8.637078], [-34.973645, -8.632238], [-34.971968, -8.627838], [-34.970719, -8.62329], [-34.969915, -8.618657], [-34.969543, -8.613261], [-34.969705, -8.608562], [-34.97032, -8.603889], [-34.971378, -8.599305], [-34.972793, -8.595128], [-34.966927, -8.588052], [-34.964412, -8.584123], [-34.961972, -8.579282], [-34.960295, -8.574883], [-34.959056, -8.570371], [-34.958095, -8.563964], [-34.956641, -8.558782], [-34.955839, -8.554157], [-34.955498, -8.549204], [-34.954464, -8.543614], [-34.954094, -8.538235], [-34.954255, -8.533564], [-34.955232, -8.526992], [-34.95355, -8.521089], [-34.95296, -8.517689], [-34.951144, -8.511564], [-34.950345, -8.506963], [-34.949974, -8.501565], [-34.950174, -8.495752], [-34.945854, -8.48936], [-34.94495, -8.487566], [-34.94258, -8.484543], [-34.940036, -8.480569], [-34.937596, -8.475727], [-34.935919, -8.471326], [-34.934677, -8.466802], [-34.933262, -8.457792], [-34.930035, -8.451595], [-34.928372, -8.447229], [-34.926901, -8.441671], [-34.925949, -8.439781], [-34.923465, -8.432533], [-34.920783, -8.426098], [-34.914242, -8.413557], [-34.912588, -8.409217], [-34.910973, -8.402703], [-34.908873, -8.39632], [-34.907217, -8.394208], [-34.904674, -8.390233], [-34.902844, -8.386601], [-34.898816, -8.38068], [-34.896397, -8.375879], [-34.894721, -8.371477], [-34.893481, -8.36696], [-34.89164, -8.354851], [-34.891266, -8.349417], [-34.891428, -8.344715], [-34.892042, -8.340038], [-34.8931, -8.335451], [-34.894842, -8.330361], [-34.898206, -8.323488], [-34.896221, -8.315987], [-34.895414, -8.311335], [-34.895042, -8.305935], [-34.895204, -8.301232], [-34.895819, -8.296555], [-34.896877, -8.291968], [-34.898145, -8.288261], [-34.896229, -8.281688], [-34.895171, -8.274084], [-34.893701, -8.270786], [-34.890569, -8.26749], [-34.887648, -8.263762], [-34.885104, -8.259786], [-34.88364, -8.256878], [-34.880781, -8.25323], [-34.878238, -8.249254], [-34.875798, -8.244408], [-34.874121, -8.240005], [-34.872872, -8.235452], [-34.872239, -8.231803], [-34.870117, -8.22487], [-34.869321, -8.22028], [-34.869086, -8.216855], [-34.867375, -8.210963], [-34.866575, -8.206349], [-34.866203, -8.200947], [-34.866365, -8.196243], [-34.86687, -8.192398], [-34.866703, -8.189975], [-34.865662, -8.186181], [-34.864858, -8.181542], [-34.864581, -8.177518], [-34.863025, -8.172586], [-34.860706, -8.167981], [-34.858571, -8.162031], [-34.851441, -8.148273], [-34.84893, -8.140943], [-34.846626, -8.136365], [-34.844601, -8.130827], [-34.840762, -8.123724], [-34.839109, -8.119384], [-34.837654, -8.113822], [-34.836013, -8.109508], [-34.834835, -8.105216], [-34.832883, -8.101338], [-34.831206, -8.096933], [-34.829856, -8.092005], [-34.827075, -8.085331], [-34.825615, -8.079934], [-34.821251, -8.073547], [-34.817902, -8.066389], [-34.814722, -8.061046], [-34.812291, -8.058486], [-34.80937, -8.054756], [-34.806831, -8.050784], [-34.804137, -8.045375], [-34.800982, -8.040563], [-34.798574, -8.035779], [-34.796137, -8.028728], [-34.793049, -8.022793], [-34.791381, -8.018408], [-34.790231, -8.014214], [-34.78726, -8.007167], [-34.785667, -8.000783], [-34.783832, -7.995982], [-34.782394, -7.99054], [-34.779695, -7.984022], [-34.778461, -7.979525], [-34.777571, -7.974182], [-34.775706, -7.967918], [-34.774908, -7.963313], [-34.774527, -7.957778], [-34.773309, -7.953333], [-34.772504, -7.948692], [-34.772132, -7.943281], [-34.771136, -7.937831], [-34.770415, -7.92258], [-34.770576, -7.917891], [-34.771819, -7.910293], [-34.771446, -7.904862], [-34.771608, -7.900155], [-34.772159, -7.895956], [-34.771793, -7.890629], [-34.772256, -7.88344], [-34.772301, -7.876643], [-34.772909, -7.872007], [-34.773967, -7.867415], [-34.775721, -7.862283], [-34.777697, -7.857998], [-34.78008, -7.853909], [-34.782386, -7.850701], [-34.783237, -7.847009], [-34.784885, -7.842188], [-34.785303, -7.83722], [-34.785347, -7.830389], [-34.785955, -7.825753], [-34.78698, -7.821307], [-34.787062, -7.814757], [-34.787761, -7.809513], [-34.787583, -7.806929], [-34.787827, -7.801383], [-34.787616, -7.795728], [-34.786152, -7.790165], [-34.784342, -7.786315], [-34.782108, -7.782819], [-34.779668, -7.777968], [-34.77925, -7.777106], [-48.820507, -7.751805], [-48.798477, -10.444856], [-36.608044, -10.643558]]]}}, {"type": "Feature", "properties": {"nome": "Capitania de São Vicente", "nome_fonte": "Capitania de São Vicente", "inicio": "1534", "fim": "1623", "ohm_id": 2751363, "fonte": "OpenHistoricalMap (dados CC0)", "licenca": "CC0 1.0 (domínio público)", "natureza": "traçado histórico aproximado — não é limite exato", "area_graus2": 16.2116}, "geometry": {"type": "MultiPolygon", "coordinates": [[[[-46.097496, -23.941713], [-48.909156, -23.956127], [-48.909488, -24.213873], [-48.910059, -24.656245], [-48.911085, -25.461874], [-48.144236, -25.457264], [-48.143585, -25.455249], [-48.140318, -25.447919], [-48.136881, -25.442168], [-48.133904, -25.438722], [-48.125709, -25.426599], [-48.123153, -25.422004], [-48.120119, -25.414196], [-48.116085, -25.408589], [-48.112769, -25.40243], [-48.109621, -25.399981], [-48.105662, -25.396253], [-48.101645, -25.391603], [-48.097368, -25.385107], [-48.092257, -25.380417], [-48.090252, -25.378096], [-48.085239, -25.374231], [-48.082643, -25.371786], [-48.075354, -25.36818], [-48.070748, -25.365235], [-48.064256, -25.359893], [-48.059237, -25.357334], [-48.054569, -25.354349], [-48.050226, -25.350969], [-48.048642, -25.349456], [-48.046267, -25.34724], [-48.042222, -25.342555], [-48.04029, -25.339775], [-48.034064, -25.33512], [-48.030131, -25.331415], [-48.026086, -25.32673], [-48.023045, -25.322352], [-48.020617, -25.317984], [-48.014966, -25.311874], [-48.005962, -25.305196], [-47.997079, -25.31357], [-47.992668, -25.31677], [-47.986504, -25.320391], [-47.98144, -25.322809], [-47.975343, -25.325035], [-47.96985, -25.326473], [-47.964218, -25.327434], [-47.958501, -25.327908], [-47.948678, -25.327919], [-47.942184, -25.327215], [-47.936605, -25.32608], [-47.931159, -25.324468], [-47.925918, -25.322399], [-47.920191, -25.319478], [-47.915523, -25.316493], [-47.91118, -25.313112], [-47.907221, -25.309381], [-47.903176, -25.304695], [-47.900135, -25.300317], [-47.897562, -25.295686], [-47.895493, -25.290866], [-47.89375, -25.285134], [-47.892804, -25.280034], [-47.892397, -25.274864], [-47.892535, -25.269695], [-47.893362, -25.263796], [-47.894655, -25.258758], [-47.896476, -25.253843], [-47.898801, -25.249117], [-47.902071, -25.243958], [-47.905405, -25.239756], [-47.909142, -25.235884], [-47.918008, -25.228688], [-47.910058, -25.221258], [-47.901375, -25.220116], [-47.89575, -25.218971], [-47.890303, -25.217357], [-47.885063, -25.215286], [-47.879336, -25.212363], [-47.874668, -25.209374], [-47.870325, -25.205991], [-47.866366, -25.202257], [-47.862321, -25.197567], [-47.859311, -25.193229], [-47.854739, -25.184318], [-47.846741, -25.18345], [-47.841162, -25.182314], [-47.835715, -25.1807], [-47.830474, -25.178629], [-47.824748, -25.175704], [-47.820079, -25.172715], [-47.815736, -25.16933], [-47.811777, -25.165595], [-47.807732, -25.160904], [-47.804691, -25.15652], [-47.802119, -25.151884], [-47.800033, -25.147019], [-47.797138, -25.142846], [-47.794566, -25.138209], [-47.792496, -25.133383], [-47.790754, -25.127643], [-47.789807, -25.122537], [-47.7894, -25.117361], [-47.789538, -25.112184], [-47.790365, -25.106278], [-47.791659, -25.101234], [-47.79348, -25.096312], [-47.795804, -25.09158], [-47.799074, -25.086414], [-47.802409, -25.082207], [-47.806178, -25.078296], [-47.810332, -25.074736], [-47.815542, -25.071104], [-47.820406, -25.068379], [-47.827385, -25.065258], [-47.825353, -25.057424], [-47.823408, -25.052883], [-47.821273, -25.045329], [-47.818252, -25.039947], [-47.816963, -25.036941], [-47.813146, -25.031074], [-47.810404, -25.028484], [-47.806359, -25.023787], [-47.803945, -25.020303], [-47.799761, -25.016351], [-47.795716, -25.011654], [-47.793728, -25.008785], [-47.790674, -25.006401], [-47.786749, -25.002693], [-47.781218, -24.995918], [-47.778498, -24.993349], [-47.773324, -24.987113], [-47.769731, -24.984309], [-47.766217, -24.980988], [-47.759274, -24.976778], [-47.754968, -24.973416], [-47.750991, -24.969658], [-47.746608, -24.966847], [-47.742265, -24.963457], [-47.738316, -24.959725], [-47.7334, -24.953924], [-47.728618, -24.951477], [-47.723949, -24.948483], [-47.719626, -24.945107], [-47.714679, -24.9403], [-47.708826, -24.93664], [-47.7045, -24.933262], [-47.700541, -24.92952], [-47.696496, -24.924819], [-47.693318, -24.920229], [-47.690768, -24.917293], [-47.686389, -24.915052], [-47.68172, -24.912057], [-47.677381, -24.908667], [-47.673118, -24.904619], [-47.66709, -24.899601], [-47.660435, -24.895547], [-47.654382, -24.890596], [-47.648623, -24.887649], [-47.643955, -24.884653], [-47.639612, -24.88126], [-47.635653, -24.877516], [-47.632388, -24.873721], [-47.626194, -24.869086], [-47.624099, -24.867104], [-47.615626, -24.863018], [-47.610996, -24.860046], [-47.607357, -24.857202], [-47.601372, -24.853493], [-47.59621, -24.849391], [-47.589212, -24.845898], [-47.584589, -24.84293], [-47.578766, -24.838202], [-47.571701, -24.834681], [-47.567051, -24.831695], [-47.562599, -24.828216], [-47.555565, -24.82471], [-47.550919, -24.821727], [-47.546218, -24.818032], [-47.539033, -24.813125], [-47.534322, -24.810712], [-47.528447, -24.806814], [-47.521962, -24.803542], [-47.515697, -24.799338], [-47.512324, -24.79761], [-47.507656, -24.794611], [-47.503313, -24.791216], [-47.499755, -24.787849], [-47.494512, -24.785163], [-47.487743, -24.780583], [-47.481299, -24.778094], [-47.475152, -24.774944], [-47.471793, -24.773945], [-47.466552, -24.771867], [-47.461628, -24.769344], [-47.456984, -24.768395], [-47.451537, -24.766775], [-47.446296, -24.764697], [-47.44057, -24.761763], [-47.435701, -24.758635], [-47.431624, -24.757423], [-47.426383, -24.755344], [-47.420657, -24.75241], [-47.415989, -24.74941], [-47.412673, -24.746817], [-47.408984, -24.744927], [-47.404316, -24.741927], [-47.400496, -24.73894], [-47.396968, -24.737132], [-47.392341, -24.734159], [-47.386062, -24.728974], [-47.380967, -24.725711], [-47.376652, -24.722335], [-47.371647, -24.717426], [-47.366682, -24.713591], [-47.361743, -24.708782], [-47.35589, -24.705115], [-47.351564, -24.701731], [-47.348098, -24.698449], [-47.342036, -24.695341], [-47.337378, -24.692347], [-47.332164, -24.688214], [-47.329223, -24.687047], [-47.323546, -24.684136], [-47.316169, -24.679088], [-47.311118, -24.677584], [-47.305877, -24.675505], [-47.300151, -24.672569], [-47.295482, -24.669567], [-47.292427, -24.667177], [-47.284552, -24.664253], [-47.278865, -24.661337], [-47.274196, -24.658335], [-47.270107, -24.655135], [-47.263987, -24.652726], [-47.258265, -24.649792], [-47.253709, -24.646862], [-47.250006, -24.64576], [-47.244766, -24.64368], [-47.239056, -24.640751], [-47.233379, -24.637022], [-47.227247, -24.634625], [-47.22153, -24.631692], [-47.217763, -24.62927], [-47.21145, -24.626821], [-47.205778, -24.623911], [-47.199112, -24.619391], [-47.190936, -24.615438], [-47.186306, -24.61246], [-47.181963, -24.60906], [-47.178004, -24.605308], [-47.173958, -24.600595], [-47.170918, -24.596192], [-47.168345, -24.591535], [-47.166264, -24.586659], [-47.164676, -24.581739], [-47.158523, -24.577825], [-47.152639, -24.573009], [-47.146804, -24.569364], [-47.14248, -24.565977], [-47.138522, -24.562224], [-47.134498, -24.557535], [-47.130314, -24.551219], [-47.127158, -24.549188], [-47.122199, -24.547218], [-47.116473, -24.544279], [-47.111805, -24.541274], [-47.107462, -24.537872], [-47.104181, -24.534761], [-47.098048, -24.53095], [-47.094401, -24.528092], [-47.090037, -24.525852], [-47.085369, -24.522847], [-47.080935, -24.519373], [-47.077911, -24.518172], [-47.072184, -24.515232], [-47.067556, -24.512252], [-47.061351, -24.507131], [-47.055522, -24.50349], [-47.049184, -24.498242], [-47.041721, -24.493759], [-47.0387, -24.491391], [-47.035339, -24.490055], [-47.029612, -24.487115], [-47.025191, -24.484268], [-47.016025, -24.480808], [-47.00822, -24.479377], [-47.002814, -24.477766], [-46.997573, -24.475683], [-46.991884, -24.47276], [-46.985346, -24.46835], [-46.979372, -24.465993], [-46.973651, -24.463054], [-46.968982, -24.460048], [-46.964683, -24.456678], [-46.958942, -24.450886], [-46.95275, -24.445346], [-46.948739, -24.440667], [-46.945713, -24.43628], [-46.941075, -24.427555], [-46.938996, -24.422678], [-46.937255, -24.416909], [-46.93611, -24.410599], [-46.932946, -24.406907], [-46.929905, -24.402496], [-46.927332, -24.397832], [-46.925263, -24.392977], [-46.923531, -24.387238], [-46.922397, -24.38016], [-46.920429, -24.373749], [-46.919484, -24.368619], [-46.919076, -24.3634], [-46.919217, -24.356002], [-46.920042, -24.350071], [-46.921335, -24.344996], [-46.923676, -24.338632], [-46.916943, -24.332766], [-46.910939, -24.329021], [-46.907071, -24.325986], [-46.900395, -24.323408], [-46.894687, -24.320473], [-46.890044, -24.31748], [-46.884397, -24.312898], [-46.880278, -24.31078], [-46.874748, -24.307163], [-46.866028, -24.303992], [-46.860354, -24.301075], [-46.855686, -24.298064], [-46.85135, -24.294661], [-46.846677, -24.290176], [-46.843531, -24.288558], [-46.838863, -24.285547], [-46.83452, -24.282138], [-46.831044, -24.278836], [-46.826986, -24.278003], [-46.82154, -24.276377], [-46.816299, -24.274291], [-46.810572, -24.271345], [-46.805904, -24.268334], [-46.801561, -24.264925], [-46.797254, -24.260832], [-46.794205, -24.258919], [-46.778146, -24.252985], [-46.772464, -24.250061], [-46.767795, -24.24705], [-46.763481, -24.243662], [-46.758231, -24.23847], [-46.754095, -24.235801], [-46.748136, -24.230918], [-46.743968, -24.228773], [-46.740611, -24.226607], [-46.735366, -24.225041], [-46.730125, -24.222954], [-46.7244, -24.220008], [-46.719231, -24.216667], [-46.715362, -24.215126], [-46.709675, -24.212199], [-46.70312, -24.20775], [-46.695554, -24.204031], [-46.689608, -24.200072], [-46.686523, -24.198843], [-46.680796, -24.195896], [-46.676141, -24.192891], [-46.67099, -24.188779], [-46.665357, -24.185879], [-46.659766, -24.182227], [-46.652952, -24.180255], [-46.647755, -24.178184], [-46.640298, -24.174201], [-46.632984, -24.172798], [-46.627562, -24.171178], [-46.622321, -24.16909], [-46.616595, -24.166142], [-46.611927, -24.163128], [-46.607553, -24.159692], [-46.598926, -24.156534], [-46.593249, -24.153612], [-46.589735, -24.151343], [-46.581766, -24.148393], [-46.576083, -24.145467], [-46.571457, -24.14248], [-46.565099, -24.137201], [-46.557636, -24.132704], [-46.554159, -24.129972], [-46.548961, -24.127295], [-46.545619, -24.125137], [-46.541388, -24.123873], [-46.536147, -24.121784], [-46.530433, -24.118841], [-46.524793, -24.115145], [-46.520446, -24.113845], [-46.515205, -24.111756], [-46.509479, -24.108807], [-46.505513, -24.106247], [-46.500533, -24.104758], [-46.495292, -24.102668], [-46.491378, -24.100652], [-46.485075, -24.098799], [-46.479881, -24.096729], [-46.471931, -24.09242], [-46.468214, -24.091656], [-46.462767, -24.090028], [-46.457527, -24.087938], [-46.4518, -24.084988], [-46.447132, -24.081973], [-46.441182, -24.077295], [-46.428796, -24.082229], [-46.423353, -24.083668], [-46.417721, -24.084639], [-46.412026, -24.085116], [-46.405465, -24.085053], [-46.398949, -24.08434], [-46.39337, -24.083194], [-46.390031, -24.082195], [-46.381296, -24.080669], [-46.375907, -24.079057], [-46.370666, -24.076968], [-46.36494, -24.074018], [-46.360709, -24.071285], [-46.354676, -24.068177], [-46.348425, -24.071191], [-46.342329, -24.073439], [-46.33601, -24.07511], [-46.331494, -24.078419], [-46.328178, -24.080407], [-46.325349, -24.082953], [-46.318429, -24.087734], [-46.316041, -24.089883], [-46.311581, -24.09315], [-46.30679, -24.096022], [-46.301733, -24.09846], [-46.297609, -24.099981], [-46.291763, -24.102853], [-46.28568, -24.105095], [-46.280187, -24.106547], [-46.274555, -24.107518], [-46.268861, -24.107995], [-46.262299, -24.107932], [-46.255783, -24.107218], [-46.250204, -24.106073], [-46.244757, -24.104444], [-46.239517, -24.102355], [-46.23379, -24.099405], [-46.229122, -24.09639], [-46.224792, -24.092987], [-46.216711, -24.085148], [-46.212655, -24.080402], [-46.209646, -24.076027], [-46.205182, -24.06722], [-46.195615, -24.064619], [-46.190421, -24.062548], [-46.184695, -24.059598], [-46.180027, -24.056582], [-46.175684, -24.053166], [-46.171725, -24.049398], [-46.168033, -24.045078], [-46.161178, -24.04034], [-46.157119, -24.038721], [-46.151393, -24.03577], [-46.146724, -24.032753], [-46.142381, -24.029338], [-46.138422, -24.025568], [-46.134377, -24.020834], [-46.131368, -24.016456], [-46.127365, -24.008566], [-46.121576, -24.003274], [-46.117554, -23.998567], [-46.114514, -23.994142], [-46.111941, -23.989463], [-46.109874, -23.984599], [-46.107975, -23.978189], [-46.105055, -23.971698], [-46.103322, -23.965938], [-46.102376, -23.960784], [-46.10197, -23.955568], [-46.102184, -23.948843], [-46.098376, -23.943318], [-46.097496, -23.941713]]], [[[-46.19846, -24.374119], [-46.192992, -24.377399], [-46.187927, -24.379835], [-46.18182, -24.382082], [-46.176316, -24.383533], [-46.170673, -24.384504], [-46.164967, -24.384981], [-46.158393, -24.384918], [-46.151865, -24.384205], [-46.146275, -24.383059], [-46.140818, -24.381431], [-46.135567, -24.379342], [-46.12983, -24.376394], [-46.125153, -24.37338], [-46.120801, -24.369966], [-46.116835, -24.3662], [-46.112789, -24.361478], [-46.10811, -24.354595], [-46.105527, -24.349911], [-46.103454, -24.345044], [-46.101708, -24.339258], [-46.10076, -24.334109], [-46.100352, -24.32889], [-46.10049, -24.32367], [-46.101319, -24.317715], [-46.102615, -24.312629], [-46.104439, -24.307667], [-46.106768, -24.302896], [-46.110044, -24.297687], [-46.113385, -24.293445], [-46.117162, -24.289502], [-46.121323, -24.285912], [-46.126543, -24.28225], [-46.131417, -24.279503], [-46.136541, -24.277197], [-46.143707, -24.274826], [-46.146285, -24.273018], [-46.151158, -24.270271], [-46.156307, -24.267953], [-46.161674, -24.266092], [-46.167211, -24.264704], [-46.172868, -24.263803], [-46.178593, -24.263395], [-46.184334, -24.263486], [-46.190041, -24.264074], [-46.195659, -24.265154], [-46.201129, -24.266712], [-46.207183, -24.269078], [-46.212192, -24.271614], [-46.216924, -24.274579], [-46.221317, -24.277933], [-46.225936, -24.282262], [-46.232061, -24.289022], [-46.235159, -24.293387], [-46.237806, -24.298032], [-46.239957, -24.302885], [-46.241591, -24.307902], [-46.242696, -24.313037], [-46.243258, -24.318234], [-46.243233, -24.324236], [-46.242628, -24.329428], [-46.241482, -24.334555], [-46.23981, -24.339549], [-46.237256, -24.34508], [-46.234509, -24.349661], [-46.231288, -24.353993], [-46.227639, -24.358017], [-46.222948, -24.36223], [-46.218479, -24.365496], [-46.213679, -24.368368], [-46.208612, -24.370805], [-46.202505, -24.373052], [-46.19846, -24.374119]]], [[[-46.737581, -24.487565], [-46.73697, -24.492799], [-46.734783, -24.503869], [-46.733118, -24.508836], [-46.730557, -24.514376], [-46.727801, -24.518965], [-46.724571, -24.523303], [-46.72091, -24.527334], [-46.716207, -24.531553], [-46.711724, -24.534825], [-46.70691, -24.537701], [-46.701828, -24.540143], [-46.695704, -24.542393], [-46.690183, -24.543847], [-46.684534, -24.544818], [-46.674348, -24.545609], [-46.667744, -24.545546], [-46.661198, -24.544832], [-46.655591, -24.543684], [-46.650117, -24.542054], [-46.64485, -24.539961], [-46.639098, -24.537008], [-46.634406, -24.533989], [-46.630042, -24.53057], [-46.626063, -24.526796], [-46.621999, -24.522059], [-46.618943, -24.517631], [-46.616358, -24.512948], [-46.614279, -24.508074], [-46.610468, -24.495406], [-46.609516, -24.490246], [-46.609107, -24.485018], [-46.609246, -24.479789], [-46.610077, -24.473826], [-46.611377, -24.46873], [-46.613207, -24.463759], [-46.615543, -24.458979], [-46.618826, -24.453765], [-46.62664, -24.443889], [-46.63043, -24.439937], [-46.634604, -24.43634], [-46.639839, -24.432673], [-46.644727, -24.429921], [-46.649891, -24.427599], [-46.655274, -24.425735], [-46.660828, -24.424345], [-46.666501, -24.423442], [-46.672253, -24.423033], [-46.681101, -24.423126], [-46.686814, -24.423714], [-46.69245, -24.424795], [-46.697936, -24.426357], [-46.704006, -24.428726], [-46.709031, -24.431266], [-46.713778, -24.434236], [-46.718183, -24.437597], [-46.722788, -24.441907], [-46.726355, -24.44601], [-46.729484, -24.450412], [-46.732138, -24.455065], [-46.734295, -24.459926], [-46.735935, -24.464951], [-46.737042, -24.470096], [-46.737606, -24.475305], [-46.737581, -24.487565]]], [[[-46.865843, -24.361331], [-46.867417, -24.36793], [-46.867975, -24.37309], [-46.86795, -24.379089], [-46.867346, -24.384279], [-46.8662, -24.389404], [-46.864528, -24.394395], [-46.861974, -24.399924], [-46.859226, -24.404503], [-46.856006, -24.408833], [-46.852356, -24.412855], [-46.847666, -24.417066], [-46.843197, -24.420331], [-46.838397, -24.423201], [-46.83333, -24.425637], [-46.827223, -24.427883], [-46.821719, -24.429334], [-46.816077, -24.430304], [-46.810369, -24.430781], [-46.803195, -24.430718], [-46.793837, -24.429693], [-46.788246, -24.428548], [-46.782789, -24.42692], [-46.777538, -24.424832], [-46.771802, -24.421885], [-46.767124, -24.418872], [-46.762773, -24.41546], [-46.758806, -24.411695], [-46.754754, -24.406966], [-46.751707, -24.402547], [-46.74913, -24.397874], [-46.747057, -24.39301], [-46.744796, -24.385506], [-46.743847, -24.380359], [-46.74344, -24.375142], [-46.743578, -24.369924], [-46.744406, -24.363972], [-46.745702, -24.358887], [-46.747527, -24.353927], [-46.749856, -24.349157], [-46.753131, -24.343951], [-46.756473, -24.33971], [-46.760249, -24.335769], [-46.764411, -24.33218], [-46.769631, -24.32852], [-46.774504, -24.325774], [-46.779653, -24.323457], [-46.78502, -24.321597], [-46.790557, -24.32021], [-46.796213, -24.319309], [-46.801925, -24.318903], [-46.809383, -24.31907], [-46.815106, -24.319659], [-46.822442, -24.321052], [-46.827907, -24.322608], [-46.833961, -24.324973], [-46.83897, -24.327508], [-46.843702, -24.330471], [-46.848095, -24.333824], [-46.852687, -24.338126], [-46.856243, -24.34222], [-46.859362, -24.346612], [-46.862009, -24.351255], [-46.864157, -24.356101], [-46.865843, -24.361331]]], [[[-43.715163, -23.104158], [-43.706326, -23.105219], [-43.700505, -23.1052], [-43.694722, -23.104602], [-43.686551, -23.102715], [-43.677624, -23.102059], [-43.674114, -23.102377], [-43.668237, -23.102358], [-43.661638, -23.101662], [-43.654857, -23.102377], [-43.649007, -23.102358], [-43.643163, -23.101754], [-43.639809, -23.101085], [-43.636005, -23.101429], [-43.630155, -23.10141], [-43.619956, -23.100201], [-43.616069, -23.106872], [-43.613207, -23.110782], [-43.609956, -23.114424], [-43.605774, -23.118243], [-43.601792, -23.121206], [-43.597512, -23.123816], [-43.592994, -23.126036], [-43.587541, -23.128093], [-43.582628, -23.129429], [-43.577588, -23.130334], [-43.572487, -23.130795], [-43.560426, -23.130775], [-43.554585, -23.130172], [-43.549579, -23.129174], [-43.544686, -23.127742], [-43.539973, -23.125894], [-43.534858, -23.123296], [-43.528644, -23.119105], [-43.521143, -23.115633], [-43.514459, -23.116271], [-43.508588, -23.116252], [-43.502744, -23.115648], [-43.497737, -23.11465], [-43.492844, -23.113217], [-43.488132, -23.111369], [-43.482972, -23.108749], [-43.478762, -23.106065], [-43.474838, -23.103018], [-43.471253, -23.099653], [-43.467612, -23.095456], [-43.463513, -23.08919], [-43.459922, -23.084497], [-43.457297, -23.083164], [-43.452075, -23.082123], [-43.447182, -23.080689], [-43.44247, -23.078841], [-43.437339, -23.076235], [-43.431704, -23.072505], [-43.425978, -23.070307], [-43.420503, -23.067525], [-43.415558, -23.067014], [-43.40955, -23.06576], [-43.401478, -23.065113], [-43.393243, -23.063212], [-43.387738, -23.063194], [-43.383371, -23.062743], [-43.37817, -23.063213], [-43.372337, -23.063194], [-43.361369, -23.061799], [-43.357581, -23.070535], [-43.35515, -23.074651], [-43.352281, -23.07857], [-43.349031, -23.082212], [-43.344849, -23.086032], [-43.340867, -23.088996], [-43.336587, -23.091607], [-43.332068, -23.093827], [-43.326615, -23.095885], [-43.321703, -23.097221], [-43.316663, -23.098126], [-43.311565, -23.098587], [-43.305684, -23.098568], [-43.29984, -23.097964], [-43.294834, -23.096966], [-43.28994, -23.095533], [-43.285228, -23.093685], [-43.280069, -23.091064], [-43.275859, -23.08838], [-43.271968, -23.08536], [-43.265796, -23.079279], [-43.256797, -23.080895], [-43.255615, -23.086266], [-43.254127, -23.090775], [-43.251852, -23.095776], [-43.249406, -23.099917], [-43.246538, -23.103835], [-43.243288, -23.107477], [-43.239105, -23.111296], [-43.235123, -23.11426], [-43.230843, -23.11687], [-43.226325, -23.11909], [-43.220872, -23.121146], [-43.21596, -23.122483], [-43.21094, -23.123384], [-43.19726, -23.12448], [-43.191358, -23.124461], [-43.185513, -23.123857], [-43.180507, -23.12286], [-43.175614, -23.121427], [-43.170933, -23.119591], [-43.159548, -23.11356], [-43.152542, -23.114864], [-43.147457, -23.115324], [-43.141576, -23.115305], [-43.135732, -23.114701], [-43.130725, -23.113703], [-43.125832, -23.11227], [-43.12112, -23.110422], [-43.11596, -23.107802], [-43.11175, -23.105117], [-43.107826, -23.102071], [-43.104241, -23.098705], [-43.100565, -23.094468], [-43.097792, -23.090505], [-43.095433, -23.086309], [-43.093522, -23.081937], [-43.091888, -23.076728], [-43.090975, -23.07209], [-43.090542, -23.067382], [-43.090595, -23.062669], [-43.091253, -23.057281], [-43.092337, -23.052674], [-43.09389, -23.048186], [-43.098601, -23.038269], [-43.088703, -23.038237], [-43.073589, -23.036685], [-43.068648, -23.035699], [-43.060085, -23.032883], [-43.054715, -23.032866], [-43.048871, -23.032262], [-43.04391, -23.031272], [-43.036733, -23.02899], [-43.033822, -23.028689], [-43.029354, -23.029094], [-43.023473, -23.029075], [-43.017629, -23.02847], [-43.01267, -23.027481], [-43.005527, -23.025199], [-43.002666, -23.024628], [-42.997715, -23.023177], [-42.988277, -23.0198], [-42.982542, -23.020319], [-42.982514, -23.027668], [-42.981976, -23.032356], [-42.980956, -23.036988], [-42.979469, -23.041499], [-42.977194, -23.046502], [-42.974748, -23.050643], [-42.97188, -23.054563], [-42.968629, -23.058206], [-42.964447, -23.062027], [-42.960465, -23.064992], [-42.956185, -23.067603], [-42.951667, -23.069824], [-42.946214, -23.071881], [-42.941302, -23.073218], [-42.936261, -23.074123], [-42.931163, -23.074585], [-42.925283, -23.074565], [-42.919438, -23.073961], [-42.914432, -23.072963], [-42.909538, -23.07153], [-42.904826, -23.069682], [-42.899667, -23.06706], [-42.895457, -23.064375], [-42.891571, -23.061358], [-42.881838, -23.051718], [-42.876301, -23.044916], [-42.87126, -23.041095], [-42.867669, -23.037721], [-42.861595, -23.030951], [-42.858839, -23.027011], [-42.856511, -23.022866], [-42.852921, -23.013752], [-42.847707, -23.013432], [-42.842243, -23.013927], [-42.836362, -23.013907], [-42.830518, -23.013303], [-42.825646, -23.012331], [-42.821987, -23.012663], [-42.816142, -23.012643], [-42.80827, -23.011687], [-42.804477, -23.012031], [-42.798654, -23.012012], [-42.789718, -23.010832], [-42.780686, -23.011057], [-42.774899, -23.010459], [-42.770485, -23.009578], [-42.761462, -23.009794], [-42.755673, -23.009195], [-42.75204, -23.00847], [-42.744708, -23.008533], [-42.737023, -23.007597], [-42.734052, -23.007587], [-42.728208, -23.006983], [-42.723201, -23.005984], [-42.717949, -23.004445], [-42.711998, -23.004426], [-42.703781, -23.007759], [-42.698916, -23.009083], [-42.693875, -23.009989], [-42.688778, -23.010451], [-42.682897, -23.010431], [-42.677052, -23.009827], [-42.672046, -23.008828], [-42.667153, -23.007394], [-42.66244, -23.005545], [-42.657281, -23.002923], [-42.653071, -23.000236], [-42.649108, -22.997158], [-42.640025, -22.989066], [-42.631875, -22.987648], [-42.624746, -22.98538], [-42.621321, -22.985026], [-42.613508, -22.985145], [-42.607762, -22.98455], [-42.599473, -22.982636], [-42.594702, -22.98262], [-42.586885, -22.981661], [-42.580238, -22.981671], [-42.573679, -22.980979], [-42.569347, -22.981371], [-42.561227, -22.981163], [-42.553805, -22.982007], [-42.550322, -22.981996], [-42.543115, -22.983446], [-42.538059, -22.983904], [-42.532178, -22.983884], [-42.527507, -22.983401], [-42.520221, -22.984213], [-42.511384, -22.983938], [-42.507108, -22.984706], [-42.502028, -22.985166], [-42.495128, -22.985081], [-42.49068, -22.985484], [-42.484799, -22.985465], [-42.479581, -22.984925], [-42.475522, -22.985654], [-42.470424, -22.986116], [-42.464543, -22.986097], [-42.458699, -22.985492], [-42.455239, -22.984802], [-42.451198, -22.985168], [-42.445354, -22.985149], [-42.437701, -22.984217], [-42.428725, -22.983985], [-42.424711, -22.984706], [-42.419612, -22.985168], [-42.413732, -22.985149], [-42.408975, -22.984657], [-42.403446, -22.98565], [-42.397244, -22.986144], [-42.391395, -22.987236], [-42.38631, -22.987696], [-42.380429, -22.987677], [-42.376199, -22.98724], [-42.369107, -22.988012], [-42.363263, -22.987993], [-42.357419, -22.987389], [-42.352642, -22.986436], [-42.347237, -22.986276], [-42.342022, -22.986748], [-42.338602, -22.986737], [-42.334073, -22.987551], [-42.328975, -22.988012], [-42.323094, -22.987993], [-42.317554, -22.98742], [-42.31151, -22.988007], [-42.302744, -22.987732], [-42.294933, -22.988644], [-42.291796, -22.988634], [-42.284593, -22.990083], [-42.279537, -22.990541], [-42.274841, -22.990525], [-42.268526, -22.991173], [-42.262681, -22.991154], [-42.256011, -22.990428], [-42.251749, -22.990539], [-42.243774, -22.991489], [-42.237786, -22.991469], [-42.231501, -22.992115], [-42.222821, -22.991858], [-42.216994, -22.992924], [-42.211902, -22.993385], [-42.206021, -22.993366], [-42.203096, -22.993064], [-42.199577, -22.993382], [-42.192036, -22.993231], [-42.186874, -22.993698], [-42.179333, -22.993547], [-42.174137, -22.994017], [-42.168256, -22.993998], [-42.164902, -22.993651], [-42.156568, -22.994649], [-42.150746, -22.99463], [-42.147832, -22.994329], [-42.139749, -22.995281], [-42.135083, -22.995266], [-42.129313, -22.996048], [-42.121733, -22.998349], [-42.11675, -22.999244], [-42.111652, -22.999706], [-42.105891, -22.999687], [-42.101374, -23.000362], [-42.096071, -23.001807], [-42.089425, -23.002897], [-42.086145, -23.003974], [-42.082477, -23.009851], [-42.079584, -23.013806], [-42.076334, -23.01745], [-42.072151, -23.021272], [-42.068169, -23.024237], [-42.06389, -23.026849], [-42.058359, -23.029566], [-42.054865, -23.034344], [-42.052577, -23.036908], [-42.04901, -23.041947], [-42.045778, -23.04557], [-42.041596, -23.049391], [-42.037613, -23.052356], [-42.033333, -23.054967], [-42.028815, -23.057189], [-42.023362, -23.059246], [-42.01845, -23.060583], [-42.01339, -23.061492], [-41.999366, -23.062897], [-41.993505, -23.062878], [-41.98766, -23.062274], [-41.982654, -23.061276], [-41.977761, -23.059842], [-41.973048, -23.057994], [-41.967941, -23.055399], [-41.961426, -23.050956], [-41.954705, -23.046964], [-41.950828, -23.043953], [-41.947243, -23.040586], [-41.944058, -23.036913], [-41.938978, -23.032342], [-41.935327, -23.028132], [-41.933408, -23.025387], [-41.92879, -23.020212], [-41.926031, -23.016268], [-41.923673, -23.012069], [-41.921761, -23.007695], [-41.920128, -23.002482], [-41.919215, -22.997842], [-41.918781, -22.993132], [-41.918834, -22.988416], [-41.919486, -22.983069], [-41.922966, -22.969923], [-41.92454, -22.965371], [-41.929296, -22.955027], [-41.932453, -22.949762], [-41.934286, -22.943082], [-41.936673, -22.936391], [-41.932148, -22.929237], [-41.926216, -22.928591], [-41.921199, -22.927589], [-41.916306, -22.926155], [-41.911594, -22.924304], [-41.906434, -22.92168], [-41.902257, -22.919013], [-41.896658, -22.914471], [-41.892716, -22.912922], [-41.887056, -22.910024], [-41.881364, -22.907852], [-41.876222, -22.905236], [-41.872012, -22.902548], [-41.868087, -22.899497], [-41.864502, -22.896126], [-41.860826, -22.891882], [-41.858931, -22.88917], [-41.853243, -22.882983], [-41.8505, -22.879058], [-41.848148, -22.874865], [-41.846002, -22.869851], [-41.84026, -22.859071], [-41.838334, -22.854658], [-41.8367, -22.84944], [-41.835794, -22.844831], [-41.835139, -22.835276], [-41.827336, -22.835251], [-41.821492, -22.834646], [-41.816486, -22.833646], [-41.811592, -22.83221], [-41.80688, -22.830358], [-41.801755, -22.82775], [-41.795248, -22.823407], [-41.786444, -22.823539], [-41.780637, -22.822938], [-41.77563, -22.821938], [-41.770737, -22.820502], [-41.766025, -22.81865], [-41.760865, -22.816024], [-41.756655, -22.813334], [-41.752731, -22.810281], [-41.749126, -22.806889], [-41.739961, -22.796625], [-41.737204, -22.792677], [-41.734845, -22.788471], [-41.732934, -22.78409], [-41.7313, -22.778868], [-41.730387, -22.774221], [-41.729954, -22.769503], [-41.730006, -22.764779], [-41.730664, -22.759379], [-41.731749, -22.754762], [-41.733307, -22.750249], [-41.735316, -22.745904], [-41.738166, -22.741146], [-41.741084, -22.737263], [-41.744396, -22.733643], [-41.748055, -22.730337], [-41.752662, -22.726946], [-41.756969, -22.724389], [-41.761531, -22.722213], [-41.766283, -22.72045], [-41.772112, -22.718899], [-41.778108, -22.717363], [-41.783167, -22.716517], [-41.788284, -22.716118], [-41.793419, -22.716166], [-41.798526, -22.716663], [-41.803559, -22.717604], [-41.80846, -22.718976], [-41.817912, -22.722626], [-41.820861, -22.713821], [-41.822864, -22.709488], [-41.825713, -22.704728], [-41.828631, -22.700844], [-41.831943, -22.697223], [-41.835603, -22.693916], [-41.843643, -22.68799], [-41.84795, -22.685432], [-41.852511, -22.683256], [-41.857264, -22.681493], [-41.862927, -22.679986], [-41.867967, -22.679143], [-41.873084, -22.678743], [-41.878176, -22.678791], [-41.886561, -22.679789], [-41.893304, -22.675596], [-41.89783, -22.673436], [-41.902583, -22.671672], [-41.908245, -22.670165], [-41.913286, -22.669322], [-41.918403, -22.668923], [-41.923538, -22.668971], [-41.928645, -22.669469], [-41.933678, -22.670409], [-41.942237, -22.672807], [-41.942519, -22.664423], [-41.943179, -22.658998], [-41.944524, -22.653504], [-41.945253, -22.645308], [-41.945918, -22.642476], [-41.945956, -22.63904], [-41.946652, -22.633328], [-41.946609, -22.629652], [-41.945368, -22.625652], [-41.942899, -22.621245], [-41.940987, -22.616858], [-41.939523, -22.612172], [-41.933077, -22.598119], [-41.929018, -22.585388], [-41.922368, -22.58321], [-41.918796, -22.582495], [-41.913902, -22.581057], [-41.909215, -22.579211], [-41.895813, -22.572147], [-41.891581, -22.569438], [-41.887656, -22.56638], [-41.884072, -22.563], [-41.880362, -22.558707], [-41.871786, -22.547148], [-41.868627, -22.54117], [-41.865515, -22.536705], [-41.860001, -22.535084], [-41.855289, -22.533228], [-41.850129, -22.530596], [-41.845919, -22.527901], [-41.841646, -22.52457], [-41.836053, -22.521717], [-41.831843, -22.519021], [-41.827918, -22.515962], [-41.824334, -22.512581], [-41.820573, -22.508228], [-41.816568, -22.503295], [-41.813765, -22.499271], [-41.811406, -22.495057], [-41.809504, -22.490687], [-41.807585, -22.484213], [-41.80503, -22.4786], [-41.802962, -22.471737], [-41.798714, -22.468014], [-41.793214, -22.463912], [-41.789679, -22.460576], [-41.784778, -22.454717], [-41.776964, -22.450953], [-41.77383, -22.448945], [-41.771212, -22.447913], [-41.761725, -22.442821], [-41.756001, -22.449393], [-41.751835, -22.453215], [-41.742704, -22.460001], [-41.738419, -22.462627], [-41.733901, -22.464858], [-41.728448, -22.466924], [-41.723536, -22.468267], [-41.718496, -22.469176], [-41.713398, -22.46964], [-41.707554, -22.469621], [-41.699983, -22.468694], [-41.691664, -22.468051], [-41.68671, -22.467059], [-41.681816, -22.46562], [-41.677104, -22.463763], [-41.671945, -22.46113], [-41.667735, -22.458433], [-41.66381, -22.455372], [-41.660225, -22.45199], [-41.656549, -22.447733], [-41.653802, -22.443789], [-41.650357, -22.437226], [-41.646147, -22.433266], [-41.642473, -22.42901], [-41.6397, -22.425029], [-41.637342, -22.420812], [-41.63543, -22.416418], [-41.633797, -22.411183], [-41.632883, -22.406524], [-41.632436, -22.401901], [-43.632208, -21.012919], [-48.905384, -20.992197], [-48.907822, -22.9154], [-46.349259, -22.909701], [-45.318389, -23.663196], [-45.307135, -23.657681], [-45.303909, -23.65559], [-45.295489, -23.655561], [-45.288986, -23.654847], [-45.285744, -23.654178], [-45.279748, -23.654682], [-45.273231, -23.654619], [-45.264074, -23.653412], [-45.260179, -23.653739], [-45.253617, -23.653675], [-45.247101, -23.65296], [-45.241522, -23.65181], [-45.236105, -23.650185], [-45.229318, -23.647345], [-45.225042, -23.646463], [-45.219596, -23.644829], [-45.214382, -23.642744], [-45.207046, -23.638812], [-45.200489, -23.637218], [-45.194916, -23.636606], [-45.189337, -23.635456], [-45.18389, -23.633821], [-45.178649, -23.631725], [-45.172923, -23.628764], [-45.167702, -23.62538], [-45.159546, -23.625737], [-45.15498, -23.626527], [-45.149316, -23.627003], [-45.134171, -23.626631], [-45.127625, -23.625912], [-45.122046, -23.624762], [-45.116599, -23.623127], [-45.111358, -23.62103], [-45.107097, -23.618827], [-45.101904, -23.620205], [-45.096272, -23.621179], [-45.090577, -23.621658], [-45.084015, -23.621595], [-45.0775, -23.620879], [-45.07192, -23.619729], [-45.066474, -23.618094], [-45.061459, -23.616088], [-45.054035, -23.614686], [-45.048621, -23.613061], [-45.04338, -23.610964], [-45.037654, -23.608003], [-45.033007, -23.604991], [-45.026905, -23.600034], [-45.018433, -23.599169], [-45.012869, -23.598022], [-45.007422, -23.596387], [-45.002181, -23.59429], [-44.996455, -23.591329], [-44.991787, -23.588302], [-44.987444, -23.584874], [-44.983485, -23.581092], [-44.979439, -23.576342], [-44.976399, -23.571903], [-44.973826, -23.567208], [-44.971757, -23.562322], [-44.970014, -23.55651], [-44.969068, -23.55134], [-44.96866, -23.546099], [-44.968798, -23.540858], [-44.969626, -23.534878], [-44.970919, -23.529771], [-44.97274, -23.524788], [-44.975064, -23.519997], [-44.977165, -23.516637], [-44.979639, -23.509282], [-44.98252, -23.502909], [-44.977148, -23.498638], [-44.973185, -23.494849], [-44.96914, -23.490095], [-44.966099, -23.485653], [-44.963526, -23.480956], [-44.961457, -23.476066], [-44.959714, -23.470251], [-44.957684, -23.459156], [-44.946495, -23.469729], [-44.942067, -23.472988], [-44.937276, -23.475874], [-44.932219, -23.478323], [-44.926122, -23.480582], [-44.920629, -23.482041], [-44.914997, -23.483016], [-44.909303, -23.483495], [-44.902741, -23.483432], [-44.896225, -23.482715], [-44.890646, -23.481564], [-44.885218, -23.479933], [-44.878087, -23.476994], [-44.869643, -23.478611], [-44.863984, -23.479087], [-44.857422, -23.479023], [-44.851565, -23.478379], [-44.843666, -23.478391], [-44.837174, -23.477677], [-44.831595, -23.476525], [-44.826148, -23.474889], [-44.820907, -23.47279], [-44.815181, -23.469826], [-44.810512, -23.466796], [-44.806169, -23.463365], [-44.80221, -23.45958], [-44.798165, -23.454825], [-44.795124, -23.450382], [-44.792552, -23.445683], [-44.790483, -23.440794], [-44.788256, -23.433317], [-44.783929, -23.43111], [-44.777796, -23.430435], [-44.771025, -23.428976], [-44.767815, -23.428945], [-44.761299, -23.428228], [-44.755772, -23.427087], [-44.747075, -23.424224], [-44.739683, -23.424913], [-44.733139, -23.42485], [-44.727896, -23.424273], [-44.720775, -23.424219], [-44.714264, -23.423503], [-44.708685, -23.422351], [-44.703238, -23.420714], [-44.697997, -23.418614], [-44.692271, -23.415649], [-44.688736, -23.413319], [-44.687382, -23.412474], [-44.677505, -23.413571], [-44.670998, -23.413508], [-44.664482, -23.412791], [-44.658944, -23.411648], [-44.650053, -23.408771], [-44.642077, -23.41282], [-44.636015, -23.415067], [-44.630524, -23.416526], [-44.624267, -23.417603], [-44.620908, -23.418848], [-44.615415, -23.420307], [-44.609783, -23.421284], [-44.604089, -23.421763], [-44.597527, -23.421699], [-44.591011, -23.420983], [-44.585432, -23.41983], [-44.579994, -23.418196], [-44.57399, -23.415759], [-44.569296, -23.41479], [-44.563849, -23.413153], [-44.558608, -23.411053], [-44.552882, -23.408087], [-44.548094, -23.404979], [-44.541892, -23.401784], [-44.537227, -23.398754], [-44.534586, -23.396667], [-44.524147, -23.39022], [-44.519838, -23.386814], [-44.515879, -23.383026], [-44.511834, -23.378269], [-44.508793, -23.373823], [-44.50622, -23.369121], [-44.504151, -23.364227], [-44.502408, -23.358407], [-44.501106, -23.351281], [-44.49529, -23.350682], [-44.490283, -23.349685], [-44.48539, -23.348255], [-44.480678, -23.346411], [-44.475518, -23.343795], [-44.471308, -23.341115], [-44.467384, -23.338074], [-44.463799, -23.334714], [-44.460123, -23.330484], [-44.45735, -23.326529], [-44.454991, -23.32234], [-44.45308, -23.317976], [-44.451436, -23.312742], [-44.44847, -23.299282], [-44.44804, -23.294618], [-44.448093, -23.289913], [-44.448751, -23.284533], [-44.449836, -23.279934], [-44.451394, -23.275439], [-44.453403, -23.27111], [-44.456252, -23.266371], [-44.45917, -23.262503], [-44.462482, -23.258897], [-44.466141, -23.255604], [-44.469682, -23.253008], [-44.472095, -23.250381], [-44.475754, -23.247087], [-44.480328, -23.243734], [-44.486659, -23.240169], [-44.492626, -23.234433], [-44.496681, -23.231459], [-44.495508, -23.225511], [-44.495075, -23.220809], [-44.495128, -23.216101], [-44.495786, -23.210718], [-44.496871, -23.206117], [-44.498429, -23.20162], [-44.500438, -23.197288], [-44.503287, -23.192546], [-44.506205, -23.188676], [-44.509517, -23.185069], [-44.513154, -23.181794], [-44.519747, -23.177121], [-44.522678, -23.170298], [-44.524532, -23.164672], [-44.52653, -23.160362], [-44.529379, -23.155618], [-44.532298, -23.151747], [-44.53561, -23.148139], [-44.539269, -23.144843], [-44.543876, -23.141462], [-44.548183, -23.138913], [-44.552745, -23.136744], [-44.574666, -23.128636], [-44.552976, -23.128566], [-44.547131, -23.127962], [-44.542125, -23.126964], [-44.537232, -23.125532], [-44.532519, -23.123684], [-44.52736, -23.121064], [-44.52315, -23.11838], [-44.519225, -23.115334], [-44.515647, -23.111974], [-44.510544, -23.106036], [-44.501447, -23.106144], [-44.495633, -23.105543], [-44.490627, -23.104545], [-44.485733, -23.103112], [-44.481021, -23.101264], [-44.475862, -23.098644], [-44.471215, -23.095681], [-44.463553, -23.093176], [-44.459661, -23.09673], [-44.451909, -23.102127], [-44.451397, -23.106585], [-44.450378, -23.111214], [-44.44889, -23.115722], [-44.446615, -23.120723], [-44.444169, -23.124862], [-44.441301, -23.12878], [-44.438051, -23.132421], [-44.433869, -23.136239], [-44.429886, -23.139202], [-44.424897, -23.142245], [-44.427819, -23.150655], [-44.428814, -23.15534], [-44.430909, -23.161386], [-44.431885, -23.165984], [-44.432386, -23.170671], [-44.432366, -23.176089], [-44.431828, -23.180773], [-44.430808, -23.185399], [-44.429321, -23.189905], [-44.427046, -23.194903], [-44.4246, -23.19904], [-44.421732, -23.202955], [-44.418462, -23.206616], [-44.413847, -23.210966], [-44.413826, -23.216482], [-44.413289, -23.221164], [-44.412269, -23.225789], [-44.410781, -23.230294], [-44.408491, -23.235324], [-44.401918, -23.247028], [-44.399073, -23.250911], [-44.395822, -23.254548], [-44.39164, -23.258364], [-44.387658, -23.261324], [-44.383344, -23.263952], [-44.369896, -23.270894], [-44.36448, -23.272934], [-44.359568, -23.274269], [-44.354528, -23.275173], [-44.34943, -23.275634], [-44.343549, -23.275614], [-44.337705, -23.275011], [-44.332738, -23.274023], [-44.325808, -23.271841], [-44.319852, -23.271227], [-44.314845, -23.27023], [-44.309952, -23.268799], [-44.30524, -23.266953], [-44.30008, -23.264336], [-44.29587, -23.261654], [-44.291946, -23.258612], [-44.28839, -23.255277], [-44.281915, -23.247478], [-44.273142, -23.250859], [-44.268244, -23.25219], [-44.263227, -23.25309], [-44.253323, -23.253871], [-44.247432, -23.253851], [-44.233348, -23.252304], [-44.228348, -23.251309], [-44.220411, -23.2489], [-44.211457, -23.252552], [-44.206974, -23.257722], [-44.201094, -23.263096], [-44.197114, -23.266055], [-44.192833, -23.268662], [-44.188315, -23.27088], [-44.182862, -23.272934], [-44.177957, -23.274267], [-44.167424, -23.276118], [-44.162319, -23.27658], [-44.156438, -23.27656], [-44.150594, -23.275957], [-44.145556, -23.274954], [-44.133454, -23.271625], [-44.128764, -23.269789], [-44.119142, -23.264962], [-44.114939, -23.262285], [-44.111015, -23.259243], [-44.10743, -23.255881], [-44.103754, -23.251648], [-44.100981, -23.247691], [-44.098622, -23.243499], [-44.096722, -23.239158], [-44.094412, -23.231327], [-44.088613, -23.228384], [-44.083352, -23.224948], [-44.07868, -23.223118], [-44.072007, -23.219579], [-44.067317, -23.217741], [-44.062158, -23.215123], [-44.057948, -23.212441], [-44.054023, -23.209397], [-44.050438, -23.206034], [-44.046762, -23.2018], [-44.043989, -23.197841], [-44.041631, -23.193648], [-44.039719, -23.189279], [-44.038099, -23.184116], [-44.036147, -23.172541], [-44.035709, -23.167786], [-44.035763, -23.160236], [-44.03642, -23.154857], [-44.037505, -23.150254], [-44.039063, -23.145754], [-44.045095, -23.132745], [-44.031778, -23.139288], [-44.025218, -23.141685], [-44.019371, -23.144674], [-44.013948, -23.146719], [-44.009035, -23.148056], [-44.003995, -23.14896], [-43.998897, -23.149421], [-43.993454, -23.149404], [-43.988889, -23.150223], [-43.983791, -23.150684], [-43.97791, -23.150665], [-43.972066, -23.150061], [-43.967059, -23.149064], [-43.962166, -23.147631], [-43.957459, -23.145786], [-43.951799, -23.142892], [-43.946158, -23.140743], [-43.938257, -23.136453], [-43.932722, -23.135527], [-43.928128, -23.135512], [-43.922284, -23.134908], [-43.917295, -23.133913], [-43.911127, -23.132049], [-43.907872, -23.132039], [-43.902046, -23.131437], [-43.895891, -23.130153], [-43.893109, -23.130144], [-43.887265, -23.129541], [-43.882259, -23.128543], [-43.876999, -23.127003], [-43.872167, -23.126987], [-43.866322, -23.126383], [-43.861381, -23.125398], [-43.852964, -23.12263], [-43.846054, -23.12196], [-43.84106, -23.120965], [-43.836461, -23.119619], [-43.831689, -23.119126], [-43.824475, -23.117529], [-43.819982, -23.117515], [-43.814137, -23.116911], [-43.811036, -23.116293], [-43.79282, -23.114694], [-43.787886, -23.113711], [-43.781041, -23.111553], [-43.77478, -23.110585], [-43.769538, -23.110568], [-43.76234, -23.109737], [-43.753668, -23.109931], [-43.747876, -23.109333], [-43.743572, -23.108475], [-43.734786, -23.108668], [-43.728993, -23.108069], [-43.724052, -23.107085], [-43.715163, -23.104158]]]]}}, {"type": "Feature", "properties": {"nome": "Capitania de Porto Seguro", "nome_fonte": "Capitania de Porto Seguro", "inicio": "1534", "fim": "1548", "ohm_id": 2751390, "fonte": "OpenHistoricalMap (dados CC0)", "licenca": "CC0 1.0 (domínio público)", "natureza": "traçado histórico aproximado — não é limite exato", "area_graus2": 24.1556}, "geometry": {"type": "MultiPolygon", "coordinates": [[[[-39.500554, -18.108818], [-39.500106, -18.107126], [-39.499272, -18.102414], [-39.497404, -18.096541], [-39.495863, -18.093569], [-39.493989, -18.088879], [-39.491999, -18.086447], [-39.487634, -18.079325], [-39.484942, -18.07661], [-39.482009, -18.073024], [-39.479093, -18.068596], [-39.477681, -18.065874], [-39.472905, -18.061244], [-39.469993, -18.057684], [-39.467097, -18.053287], [-39.464233, -18.047424], [-39.45986, -18.041158], [-39.457072, -18.035582], [-39.452162, -18.031597], [-39.448893, -18.028299], [-39.44596, -18.024713], [-39.443053, -18.020298], [-39.440516, -18.015273], [-39.438942, -18.013243], [-39.434372, -18.009014], [-39.430706, -18.006532], [-39.427115, -18.003535], [-39.423831, -18.000221], [-39.421535, -17.997414], [-39.416594, -17.992678], [-39.413685, -17.98912], [-39.409942, -17.983474], [-39.404128, -17.978356], [-39.400851, -17.976584], [-39.396374, -17.973552], [-39.392785, -17.970556], [-39.388858, -17.968432], [-39.383242, -17.964503], [-39.379993, -17.962933], [-39.376817, -17.962238], [-39.372332, -17.960789], [-39.366172, -17.957986], [-39.36268, -17.956857], [-39.358312, -17.95499], [-39.354611, -17.952987], [-39.349281, -17.9513], [-39.34526, -17.949582], [-39.338983, -17.947705], [-39.33333, -17.945177], [-39.326275, -17.943129], [-39.320027, -17.940302], [-39.316637, -17.939898], [-39.309329, -17.938131], [-39.304925, -17.937607], [-39.299569, -17.936436], [-39.295071, -17.934982], [-39.289488, -17.932493], [-39.283691, -17.930716], [-39.279348, -17.92886], [-39.275195, -17.926612], [-39.27109, -17.923832], [-39.265949, -17.921668], [-39.261805, -17.919426], [-39.257328, -17.916393], [-39.253737, -17.913395], [-39.251158, -17.910791], [-39.247374, -17.908228], [-39.243471, -17.904958], [-39.239132, -17.902019], [-39.235541, -17.89902], [-39.232256, -17.895704], [-39.229323, -17.892115], [-39.226433, -17.887721], [-39.220536, -17.875478], [-39.218818, -17.871175], [-39.217551, -17.86679], [-39.216648, -17.861683], [-39.216375, -17.85388], [-39.215395, -17.851986], [-39.211852, -17.849027], [-39.208567, -17.84571], [-39.205849, -17.842383], [-39.199946, -17.836839], [-39.197051, -17.833296], [-39.195298, -17.83063], [-39.192282, -17.828111], [-39.188998, -17.824793], [-39.18637, -17.821577], [-39.178987, -17.814802], [-39.173828, -17.809246], [-39.169263, -17.805541], [-39.165995, -17.80224], [-39.163062, -17.798649], [-39.160502, -17.794756], [-39.15466, -17.790893], [-39.151084, -17.787906], [-39.147822, -17.78461], [-39.144028, -17.779776], [-39.139539, -17.775409], [-39.136626, -17.771842], [-39.13371, -17.767406], [-39.131598, -17.763325], [-39.129897, -17.759062], [-39.128618, -17.754632], [-39.12739, -17.748673], [-39.12092, -17.741878], [-39.119, -17.740576], [-39.114098, -17.736297], [-39.108655, -17.732695], [-39.105078, -17.729706], [-39.101794, -17.726387], [-39.098861, -17.722794], [-39.095944, -17.718357], [-39.093832, -17.714275], [-39.092132, -17.710011], [-39.090862, -17.70561], [-39.088579, -17.693252], [-39.088269, -17.688722], [-39.088411, -17.684161], [-39.089003, -17.679644], [-39.090222, -17.674596], [-39.095181, -17.662104], [-39.097168, -17.657891], [-39.099517, -17.653954], [-39.103549, -17.648719], [-39.10571, -17.6451], [-39.108897, -17.640833], [-39.112024, -17.637437], [-39.117037, -17.633122], [-39.118833, -17.630717], [-39.123237, -17.626124], [-39.127433, -17.620232], [-39.132809, -17.614729], [-39.134685, -17.609384], [-39.137104, -17.604384], [-39.139137, -17.597555], [-39.139821, -17.591289], [-39.141478, -17.584765], [-39.141971, -17.577652], [-39.141487, -17.571922], [-39.14182, -17.565686], [-39.141487, -17.560831], [-39.14192, -17.553801], [-39.141489, -17.548383], [-39.141995, -17.540796], [-39.141485, -17.534895], [-39.141568, -17.532199], [-39.140421, -17.526032], [-39.14011, -17.521501], [-39.140241, -17.517313], [-39.139768, -17.511655], [-39.139908, -17.507133], [-39.140744, -17.501333], [-39.140087, -17.49761], [-39.139716, -17.487645], [-39.130429, -17.487499], [-39.125711, -17.486936], [-39.120355, -17.485762], [-39.115831, -17.484296], [-39.111463, -17.482424], [-39.10731, -17.480171], [-39.102833, -17.477131], [-39.099242, -17.474125], [-39.095957, -17.470801], [-39.093038, -17.46722], [-39.088744, -17.460487], [-39.086623, -17.45638], [-39.084922, -17.452109], [-39.083659, -17.447728], [-39.082655, -17.44173], [-39.081252, -17.436902], [-39.08034, -17.431735], [-39.080029, -17.427187], [-39.080171, -17.422619], [-39.080764, -17.418096], [-39.081995, -17.412986], [-39.083519, -17.408706], [-39.088565, -17.398638], [-39.090947, -17.394641], [-39.094134, -17.390369], [-39.097285, -17.386942], [-39.10077, -17.383808], [-39.104542, -17.381009], [-39.107488, -17.379248], [-39.112817, -17.37509], [-39.117439, -17.372327], [-39.121724, -17.370312], [-39.126201, -17.368689], [-39.130808, -17.36748], [-39.136227, -17.366609], [-39.140995, -17.366312], [-39.145782, -17.366448], [-39.150534, -17.367015], [-39.155181, -17.368003], [-39.164549, -17.371067], [-39.166481, -17.361466], [-39.166203, -17.357402], [-39.166345, -17.352833], [-39.166938, -17.348309], [-39.167673, -17.345255], [-39.167723, -17.338706], [-39.168311, -17.334217], [-39.169654, -17.328639], [-39.169778, -17.324649], [-39.170371, -17.320124], [-39.171387, -17.315905], [-39.172236, -17.30775], [-39.171697, -17.301656], [-39.171838, -17.297117], [-39.172285, -17.293702], [-39.171672, -17.290225], [-39.171402, -17.282948], [-39.169841, -17.277683], [-39.168718, -17.269946], [-39.167079, -17.264516], [-39.166179, -17.259404], [-39.165906, -17.252563], [-39.164797, -17.24656], [-39.164486, -17.24202], [-39.164628, -17.237455], [-39.16534, -17.23221], [-39.164835, -17.226309], [-39.165357, -17.218449], [-39.163993, -17.213711], [-39.163081, -17.208534], [-39.16277, -17.20398], [-39.162888, -17.200167], [-39.162051, -17.195416], [-39.16174, -17.190861], [-39.161881, -17.1863], [-39.162636, -17.180855], [-39.161782, -17.17368], [-39.16056, -17.169433], [-39.159695, -17.164523], [-39.158628, -17.161839], [-39.156936, -17.159258], [-39.151396, -17.154852], [-39.148142, -17.151552], [-39.145184, -17.147918], [-39.137125, -17.136245], [-39.135031, -17.132185], [-39.13333, -17.127907], [-39.13215, -17.123804], [-39.129196, -17.117029], [-39.127944, -17.112677], [-39.12704, -17.107545], [-39.126781, -17.100542], [-39.126041, -17.093415], [-39.126499, -17.085842], [-39.123348, -17.079985], [-39.121657, -17.075732], [-39.120391, -17.071328], [-39.119479, -17.066148], [-39.119168, -17.06159], [-39.119377, -17.05485], [-39.110732, -17.053004], [-39.106218, -17.051538], [-39.10185, -17.049661], [-39.097697, -17.047403], [-39.09322, -17.044356], [-39.089629, -17.041343], [-39.086344, -17.038011], [-39.083411, -17.034405], [-39.080495, -17.029951], [-39.078383, -17.025854], [-39.076641, -17.021469], [-39.074291, -17.015049], [-39.073012, -17.010602], [-39.072388, -17.007052], [-39.07006, -16.999495], [-39.068096, -16.994642], [-39.066833, -16.990247], [-39.065921, -16.985063], [-39.06568, -16.981531], [-39.063391, -16.974435], [-39.062487, -16.969302], [-39.062251, -16.965835], [-39.06134, -16.962667], [-39.060363, -16.957048], [-39.058935, -16.95215], [-39.058024, -16.946971], [-39.057713, -16.942411], [-39.057855, -16.937832], [-39.058448, -16.933297], [-39.059679, -16.928173], [-39.061216, -16.923845], [-39.063179, -16.919666], [-39.065849, -16.915174], [-39.064773, -16.911429], [-39.063861, -16.906244], [-39.06355, -16.901682], [-39.063691, -16.897102], [-39.064284, -16.892566], [-39.065515, -16.887441], [-39.067053, -16.883112], [-39.069015, -16.878932], [-39.071377, -16.874958], [-39.073869, -16.871609], [-39.076533, -16.867065], [-39.079714, -16.862789], [-39.082865, -16.859352], [-39.086318, -16.856238], [-39.093185, -16.851396], [-39.092732, -16.844843], [-39.092874, -16.840263], [-39.093321, -16.836839], [-39.0927, -16.833306], [-39.092389, -16.828743], [-39.092531, -16.824161], [-39.093028, -16.820349], [-39.092013, -16.814574], [-39.091705, -16.810049], [-39.092063, -16.803568], [-39.091704, -16.798535], [-39.092023, -16.792367], [-39.091702, -16.787661], [-39.091811, -16.784135], [-39.091261, -16.781008], [-39.085449, -16.774208], [-39.082555, -16.769783], [-39.080443, -16.76568], [-39.07876, -16.761438], [-39.076926, -16.754226], [-39.072406, -16.7489], [-39.069508, -16.74447], [-39.067372, -16.740317], [-39.06401, -16.735254], [-39.061903, -16.73116], [-39.060203, -16.726872], [-39.058936, -16.722461], [-39.058206, -16.718303], [-39.056182, -16.711897], [-39.055278, -16.706748], [-39.05507, -16.703707], [-39.05413, -16.70043], [-39.053218, -16.695239], [-39.05291, -16.69072], [-39.053354, -16.683497], [-39.052889, -16.680852], [-39.050626, -16.67739], [-39.048514, -16.673284], [-39.046813, -16.668996], [-39.045547, -16.664583], [-39.044776, -16.660194], [-39.042447, -16.653017], [-39.041715, -16.648848], [-39.039251, -16.64298], [-39.037993, -16.638597], [-39.037081, -16.633405], [-39.03677, -16.628837], [-39.036912, -16.62425], [-39.037505, -16.619708], [-39.038603, -16.615131], [-39.035923, -16.606957], [-39.035021, -16.601822], [-39.034712, -16.597281], [-39.035001, -16.591328], [-39.034712, -16.587074], [-39.034957, -16.581459], [-39.03471, -16.577841], [-39.034852, -16.57326], [-39.035548, -16.568106], [-39.035452, -16.563309], [-39.033989, -16.556045], [-39.033696, -16.551751], [-39.031472, -16.544809], [-39.030402, -16.537828], [-39.029538, -16.53523], [-39.027623, -16.532298], [-39.025511, -16.52819], [-39.023822, -16.523926], [-39.022272, -16.518106], [-39.020027, -16.512683], [-39.018767, -16.50829], [-39.017903, -16.503363], [-39.016257, -16.499211], [-39.014999, -16.494821], [-39.013951, -16.488145], [-39.012931, -16.484588], [-39.012019, -16.479391], [-39.011708, -16.474821], [-39.011876, -16.469538], [-39.010528, -16.464835], [-39.009625, -16.459691], [-39.009371, -16.452033], [-39.008486, -16.448359], [-39.004893, -16.441888], [-39.003229, -16.437687], [-39.001444, -16.43067], [-38.99705, -16.424279], [-38.995774, -16.421797], [-38.988489, -16.418088], [-38.976498, -16.409791], [-38.972899, -16.406761], [-38.969614, -16.403418], [-38.966682, -16.3998], [-38.963765, -16.395332], [-38.961653, -16.39122], [-38.959952, -16.386926], [-38.958686, -16.382506], [-38.957774, -16.377306], [-38.957464, -16.372747], [-38.957855, -16.363008], [-38.954443, -16.355246], [-38.953193, -16.350883], [-38.952281, -16.345682], [-38.95197, -16.341107], [-38.952112, -16.336514], [-38.952704, -16.331965], [-38.953936, -16.326825], [-38.955473, -16.322484], [-38.957436, -16.318291], [-38.959797, -16.314306], [-38.962985, -16.310009], [-38.966102, -16.306599], [-38.972803, -16.30089], [-38.972389, -16.296553], [-38.970261, -16.290175], [-38.96852, -16.286783], [-38.966996, -16.282932], [-38.964452, -16.279032], [-38.962355, -16.274948], [-38.960155, -16.269041], [-38.957617, -16.264604], [-38.954587, -16.261518], [-38.950774, -16.258912], [-38.945838, -16.25455], [-38.939899, -16.249889], [-38.936656, -16.246585], [-38.933697, -16.242933], [-38.924951, -16.230216], [-38.922858, -16.226137], [-38.92116, -16.221845], [-38.919719, -16.216727], [-38.917014, -16.211613], [-38.915414, -16.20757], [-38.912213, -16.201727], [-38.910094, -16.196067], [-38.908438, -16.19284], [-38.906743, -16.188555], [-38.905257, -16.183157], [-38.903288, -16.179322], [-38.901587, -16.175022], [-38.900321, -16.170597], [-38.899401, -16.165348], [-38.898069, -16.151535], [-38.89821, -16.146982], [-38.898803, -16.142428], [-38.900025, -16.137319], [-38.902327, -16.131258], [-38.903937, -16.123845], [-38.902953, -16.112397], [-38.901245, -16.108077], [-38.899867, -16.10324], [-38.897112, -16.096816], [-38.896135, -16.093403], [-38.894362, -16.089946], [-38.892661, -16.085644], [-38.891395, -16.081218], [-38.890483, -16.07601], [-38.890172, -16.071432], [-38.888299, -16.065351], [-38.887818, -16.062602], [-38.884458, -16.057445], [-38.882346, -16.053326], [-38.880549, -16.048781], [-38.877874, -16.043737], [-38.876182, -16.039455], [-38.874919, -16.035042], [-38.873887, -16.028808], [-38.872764, -16.025966], [-38.871127, -16.019622], [-38.870453, -16.017915], [-38.868148, -16.015066], [-38.865231, -16.010589], [-38.86313, -16.00649], [-38.861082, -16.001093], [-38.858303, -15.995885], [-38.856628, -15.991645], [-38.854991, -15.9853], [-38.85318, -15.980716], [-38.851802, -15.975877], [-38.849066, -15.969493], [-38.847375, -15.962817], [-38.845981, -15.95929], [-38.84439, -15.953262], [-38.837383, -15.938838], [-38.836227, -15.935913], [-38.83289, -15.929848], [-38.831213, -15.925604], [-38.829749, -15.920264], [-38.827075, -15.913991], [-38.825828, -15.909629], [-38.824734, -15.902667], [-38.822951, -15.899187], [-38.82125, -15.894883], [-38.819872, -15.890046], [-38.816774, -15.882946], [-38.815398, -15.878056], [-38.813697, -15.873748], [-38.81243, -15.869317], [-38.811803, -15.865729], [-38.809676, -15.859034], [-38.808772, -15.853866], [-38.808461, -15.84928], [-38.808573, -15.845619], [-38.808118, -15.840011], [-38.808259, -15.835427], [-38.808849, -15.830892], [-38.810502, -15.824438], [-38.810912, -15.821287], [-38.812143, -15.816134], [-38.813662, -15.811834], [-38.817155, -15.804983], [-38.818831, -15.800218], [-38.820777, -15.796051], [-38.824196, -15.790567], [-38.826635, -15.78511], [-38.829636, -15.780173], [-38.83119, -15.775772], [-38.833131, -15.771615], [-38.836979, -15.765548], [-38.839697, -15.759307], [-38.842038, -15.755347], [-38.844316, -15.752266], [-38.846902, -15.746429], [-38.848427, -15.743848], [-38.850431, -15.737742], [-38.852214, -15.733922], [-38.853683, -15.727284], [-38.856441, -15.720218], [-38.856917, -15.71655], [-38.858149, -15.711394], [-38.859671, -15.707081], [-38.860917, -15.704564], [-48.842792, -15.582091], [-48.878185, -18.104077], [-39.500554, -18.108818]]], [[[-38.695815, -17.907549], [-38.701179, -17.907055], [-38.706569, -17.907046], [-38.711934, -17.907523], [-38.717229, -17.908481], [-38.723131, -17.910153], [-38.735323, -17.915048], [-38.740089, -17.917442], [-38.744595, -17.920254], [-38.749376, -17.923949], [-38.753193, -17.927568], [-38.756633, -17.931515], [-38.759665, -17.935754], [-38.762596, -17.940907], [-38.764666, -17.94564], [-38.766257, -17.950539], [-38.768898, -17.961437], [-38.769533, -17.967264], [-38.769542, -17.972391], [-38.769042, -17.977495], [-38.768035, -17.98253], [-38.766277, -17.988144], [-38.764223, -17.992883], [-38.761707, -17.997416], [-38.758751, -18.001701], [-38.754869, -18.006248], [-38.751065, -18.009878], [-38.748135, -18.012188], [-38.744054, -18.017022], [-38.74025, -18.020652], [-38.736101, -18.023923], [-38.731646, -18.026807], [-38.72623, -18.029594], [-38.721254, -18.031563], [-38.716105, -18.033075], [-38.708597, -18.034444], [-38.702472, -18.035048], [-38.696313, -18.035018], [-38.690955, -18.034473], [-38.685674, -18.033448], [-38.68052, -18.031952], [-38.674842, -18.029683], [-38.667364, -18.026087], [-38.662899, -18.023218], [-38.658738, -18.01996], [-38.654406, -18.015799], [-38.651022, -18.011809], [-38.648051, -18.007534], [-38.645519, -18.00301], [-38.643191, -17.997587], [-38.641125, -17.989993], [-38.638041, -17.98322], [-38.63652, -17.978302], [-38.635495, -17.973269], [-38.634976, -17.968167], [-38.635007, -17.962309], [-38.635581, -17.957211], [-38.636659, -17.952188], [-38.638232, -17.947285], [-38.640617, -17.941883], [-38.643884, -17.936075], [-38.646901, -17.931827], [-38.650327, -17.927868], [-38.654704, -17.923746], [-38.658898, -17.920527], [-38.663394, -17.9177], [-38.668152, -17.91529], [-38.678488, -17.910951], [-38.683658, -17.909504], [-38.695815, -17.907549]]]]}}, {"type": "Feature", "properties": {"nome": "Capitania de Santo Amaro", "nome_fonte": "Capitania de Santo Amaro", "inicio": "1534", "fim": "1622", "ohm_id": 2751393, "fonte": "OpenHistoricalMap (dados CC0)", "licenca": "CC0 1.0 (domínio público)", "natureza": "traçado histórico aproximado — não é limite exato", "area_graus2": 3.374}, "geometry": {"type": "Polygon", "coordinates": [[[-46.097496, -23.941713], [-46.095514, -23.93811], [-46.092256, -23.935546], [-46.088297, -23.931774], [-46.084252, -23.927036], [-46.081211, -23.922609], [-46.078639, -23.917927], [-46.076569, -23.913054], [-46.075226, -23.908587], [-46.071748, -23.901077], [-46.070031, -23.895368], [-46.068889, -23.888147], [-46.067214, -23.882576], [-46.05686, -23.884515], [-46.051194, -23.88499], [-46.044632, -23.884927], [-46.038158, -23.884217], [-46.030452, -23.882468], [-46.022294, -23.881695], [-46.016745, -23.880553], [-46.011279, -23.878916], [-46.000203, -23.874622], [-45.994494, -23.871677], [-45.989826, -23.868656], [-45.985483, -23.865236], [-45.981524, -23.861462], [-45.977489, -23.856734], [-45.973818, -23.851281], [-45.971383, -23.8492], [-45.965655, -23.846244], [-45.960987, -23.843223], [-45.957556, -23.840521], [-45.950882, -23.837131], [-45.947754, -23.835106], [-45.939631, -23.831818], [-45.935377, -23.830943], [-45.92993, -23.829311], [-45.926812, -23.828065], [-45.920958, -23.82686], [-45.917228, -23.825742], [-45.912117, -23.825182], [-45.906651, -23.824057], [-45.899405, -23.823295], [-45.893835, -23.822149], [-45.888388, -23.820517], [-45.883617, -23.818611], [-45.875249, -23.817109], [-45.869194, -23.815284], [-45.860949, -23.814499], [-45.854265, -23.813068], [-45.846872, -23.813018], [-45.840379, -23.812306], [-45.833536, -23.810841], [-45.81884, -23.811625], [-45.828925, -23.821113], [-45.836588, -23.829616], [-45.839681, -23.833989], [-45.842323, -23.838642], [-45.84447, -23.843503], [-45.846101, -23.848528], [-45.847203, -23.853672], [-45.84776, -23.858835], [-45.847401, -23.8705], [-45.846793, -23.875742], [-45.845649, -23.880877], [-45.84398, -23.885878], [-45.841431, -23.89142], [-45.838689, -23.896008], [-45.835474, -23.900347], [-45.831832, -23.904377], [-45.82715, -23.908597], [-45.82269, -23.911869], [-45.817854, -23.914772], [-45.805239, -23.921285], [-45.799192, -23.923517], [-45.793699, -23.924971], [-45.788067, -23.925944], [-45.782372, -23.926421], [-45.77581, -23.926358], [-45.769295, -23.925644], [-45.763716, -23.924496], [-45.758269, -23.922865], [-45.753028, -23.920773], [-45.747302, -23.91782], [-45.742596, -23.914776], [-45.731735, -23.906643], [-45.727808, -23.902901], [-45.723763, -23.898162], [-45.720722, -23.893734], [-45.71815, -23.889051], [-45.71608, -23.884176], [-45.714338, -23.878379], [-45.713391, -23.873222], [-45.712984, -23.867994], [-45.713207, -23.859558], [-45.706803, -23.859497], [-45.70033, -23.858787], [-45.691829, -23.856852], [-45.685896, -23.858424], [-45.680264, -23.859396], [-45.674569, -23.859874], [-45.668007, -23.859811], [-45.661551, -23.859103], [-45.652507, -23.856965], [-45.644294, -23.856982], [-45.637834, -23.856274], [-45.630399, -23.854623], [-45.620576, -23.854781], [-45.617699, -23.854466], [-45.613114, -23.85485], [-45.606552, -23.854787], [-45.600037, -23.854073], [-45.592969, -23.852618], [-45.587574, -23.860187], [-45.585203, -23.862811], [-45.582018, -23.872709], [-45.579476, -23.878235], [-45.576733, -23.882824], [-45.573519, -23.887163], [-45.569877, -23.891194], [-45.565194, -23.895414], [-45.560734, -23.898687], [-45.555959, -23.901554], [-45.546783, -23.905881], [-45.54067, -23.908139], [-45.535177, -23.909593], [-45.529545, -23.910565], [-45.521176, -23.911267], [-45.518693, -23.918647], [-45.517429, -23.924517], [-45.515763, -23.929506], [-45.513214, -23.935046], [-45.510462, -23.939648], [-45.502095, -23.9512], [-45.498466, -23.955215], [-45.493821, -23.959399], [-45.486906, -23.964182], [-45.474549, -23.975439], [-45.470097, -23.978703], [-45.465306, -23.981578], [-45.460249, -23.984018], [-45.454153, -23.986268], [-45.44866, -23.987721], [-45.443028, -23.988692], [-45.437635, -23.989144], [-45.430431, -23.991177], [-45.424832, -23.992143], [-45.419137, -23.99262], [-45.412575, -23.992557], [-45.406059, -23.991843], [-45.40215, -23.991039], [-45.393663, -23.990267], [-45.388122, -23.989128], [-45.381907, -23.987263], [-45.377899, -23.987225], [-45.371442, -23.986517], [-45.362681, -23.984453], [-45.355235, -23.983685], [-45.349669, -23.982541], [-45.344222, -23.980911], [-45.340571, -23.979454], [-45.333268, -23.977808], [-45.330567, -23.983675], [-45.327824, -23.98826], [-45.32461, -23.992596], [-45.320968, -23.996623], [-45.316303, -24.000825], [-45.306009, -24.008175], [-45.301198, -24.011061], [-45.296141, -24.0135], [-45.290045, -24.015749], [-45.284565, -24.017199], [-45.278037, -24.01828], [-45.270781, -24.020345], [-45.265187, -24.02131], [-45.259492, -24.021787], [-45.25293, -24.021724], [-45.24642, -24.021011], [-45.240306, -24.019738], [-45.234741, -24.019129], [-45.229162, -24.017982], [-45.223715, -24.016352], [-45.218475, -24.014262], [-45.212748, -24.01131], [-45.20808, -24.008293], [-45.203737, -24.004877], [-45.200534, -24.001827], [-45.197437, -23.999825], [-45.193094, -23.996409], [-45.189135, -23.992638], [-45.18509, -23.987903], [-45.182049, -23.983478], [-45.180497, -23.980654], [-45.176507, -23.975983], [-45.173466, -23.971557], [-45.170893, -23.966877], [-45.168824, -23.962006], [-45.167081, -23.956212], [-45.166135, -23.951058], [-45.165728, -23.945833], [-45.165866, -23.940608], [-45.166693, -23.934646], [-45.167986, -23.929555], [-45.169437, -23.925596], [-45.166763, -23.919328], [-45.165021, -23.913535], [-45.164075, -23.908379], [-45.163668, -23.903153], [-45.163806, -23.897926], [-45.164633, -23.891962], [-45.166456, -23.884783], [-45.156495, -23.885618], [-45.149933, -23.885555], [-45.143418, -23.88484], [-45.137838, -23.883692], [-45.132392, -23.882061], [-45.127151, -23.879969], [-45.121425, -23.877014], [-45.116756, -23.873994], [-45.112413, -23.870574], [-45.108105, -23.866467], [-45.099737, -23.864151], [-45.094535, -23.862073], [-45.088797, -23.859112], [-45.078637, -23.852636], [-45.074304, -23.849223], [-45.070345, -23.845448], [-45.0663, -23.840707], [-45.063282, -23.83631], [-45.057269, -23.824719], [-45.055184, -23.819806], [-45.053441, -23.814006], [-45.052027, -23.806295], [-45.043456, -23.810436], [-45.037359, -23.812689], [-45.031866, -23.814144], [-45.026234, -23.815117], [-45.020488, -23.815599], [-45.004657, -23.81584], [-44.998192, -23.815131], [-44.992613, -23.813983], [-44.987166, -23.812351], [-44.981925, -23.810257], [-44.976199, -23.807301], [-44.971531, -23.804279], [-44.967188, -23.800857], [-44.963228, -23.797081], [-44.959183, -23.792338], [-44.956157, -23.787927], [-44.953031, -23.782022], [-44.951679, -23.780052], [-44.949107, -23.775365], [-44.947037, -23.770487], [-44.945295, -23.764684], [-44.944348, -23.759523], [-44.943941, -23.75429], [-44.944079, -23.749057], [-44.944906, -23.743087], [-44.9462, -23.737987], [-44.948021, -23.733013], [-44.950345, -23.728229], [-44.952161, -23.725329], [-44.955523, -23.717812], [-44.958765, -23.712635], [-44.962099, -23.708381], [-44.965866, -23.70443], [-44.970392, -23.700525], [-44.974454, -23.696252], [-44.978606, -23.692655], [-44.983816, -23.688983], [-44.98868, -23.686228], [-44.993819, -23.683904], [-44.999176, -23.682038], [-45.004703, -23.680647], [-45.01039, -23.679737], [-45.025031, -23.678392], [-45.03072, -23.678483], [-45.036415, -23.679072], [-45.042023, -23.680155], [-45.047482, -23.681717], [-45.058332, -23.685976], [-45.063331, -23.688518], [-45.068055, -23.691491], [-45.072438, -23.694854], [-45.077022, -23.69917], [-45.080588, -23.703296], [-45.086101, -23.710848], [-45.08873, -23.715482], [-45.090876, -23.720348], [-45.092508, -23.725378], [-45.09361, -23.730527], [-45.094171, -23.735737], [-45.094122, -23.747698], [-45.10613, -23.740593], [-45.111236, -23.738285], [-45.116593, -23.73642], [-45.122119, -23.735029], [-45.127765, -23.734126], [-45.133479, -23.733718], [-45.13921, -23.733809], [-45.144895, -23.734397], [-45.156683, -23.736734], [-45.162152, -23.738299], [-45.168195, -23.74067], [-45.175176, -23.744218], [-45.180109, -23.737926], [-45.183879, -23.733974], [-45.188032, -23.730375], [-45.19259, -23.727165], [-45.198711, -23.721551], [-45.204543, -23.717486], [-45.218974, -23.704257], [-45.224142, -23.700615], [-45.228733, -23.698015], [-45.231291, -23.695798], [-45.236502, -23.692127], [-45.241366, -23.689372], [-45.246461, -23.687068], [-45.254371, -23.684527], [-45.257834, -23.682961], [-45.263191, -23.681095], [-45.268694, -23.67971], [-45.275904, -23.678645], [-45.291053, -23.672907], [-45.296372, -23.671568], [-45.300614, -23.67009], [-45.306111, -23.668706], [-45.324109, -23.666096], [-45.318389, -23.663196], [-46.349259, -22.909701], [-48.907822, -22.9154], [-48.909156, -23.956127], [-46.097496, -23.941713]]]}}, {"type": "Feature", "properties": {"nome": "Capitania de Tamaracá", "nome_fonte": "Capitania de Tamaracá", "inicio": "1534", "fim": "1763", "ohm_id": 2751394, "fonte": "OpenHistoricalMap (dados CC0)", "licenca": "CC0 1.0 (domínio público)", "natureza": "traçado histórico aproximado — não é limite exato", "area_graus2": 15.5124}, "geometry": {"type": "Polygon", "coordinates": [[[-34.775805, -7.559078], [-34.775029, -7.55333], [-34.774289, -7.551152], [-34.772389, -7.547494], [-34.769545, -7.543857], [-34.767001, -7.539874], [-34.764561, -7.535021], [-34.762885, -7.53061], [-34.761645, -7.526083], [-34.759804, -7.51395], [-34.75943, -7.508504], [-34.759592, -7.503793], [-34.760203, -7.499129], [-34.761759, -7.492768], [-34.759568, -7.485502], [-34.758771, -7.480897], [-34.7584, -7.475486], [-34.758563, -7.470731], [-34.759873, -7.458215], [-34.760921, -7.453661], [-34.762303, -7.449614], [-34.761894, -7.444061], [-34.76096, -7.440649], [-34.759985, -7.434058], [-34.758197, -7.427982], [-34.757403, -7.423395], [-34.75704, -7.41631], [-34.756143, -7.413034], [-34.755343, -7.408413], [-34.754982, -7.401538], [-34.753632, -7.394863], [-34.751326, -7.387442], [-34.750537, -7.382882], [-34.749473, -7.361471], [-34.749675, -7.355924], [-34.7479, -7.349688], [-34.747098, -7.345057], [-34.746727, -7.339644], [-34.746889, -7.33493], [-34.747503, -7.330242], [-34.748558, -7.325659], [-34.750886, -7.319027], [-34.748816, -7.308268], [-34.7481, -7.295735], [-34.748264, -7.290949], [-34.749571, -7.277785], [-34.751143, -7.271591], [-34.751623, -7.267923], [-34.752681, -7.263325], [-34.754253, -7.258719], [-34.754995, -7.25531], [-34.755244, -7.24833], [-34.754971, -7.244348], [-34.755504, -7.236554], [-34.755312, -7.233758], [-34.755612, -7.227647], [-34.755307, -7.225754], [-34.752222, -7.21977], [-34.749707, -7.212413], [-34.748082, -7.209178], [-34.746405, -7.204763], [-34.745156, -7.200199], [-34.744352, -7.19555], [-34.74398, -7.190135], [-34.744142, -7.185421], [-34.744827, -7.180211], [-34.74467, -7.177911], [-34.745054, -7.171228], [-34.74433, -7.163573], [-34.744791, -7.156415], [-34.744835, -7.149606], [-34.745443, -7.144963], [-34.746502, -7.140363], [-34.74825, -7.13524], [-34.753998, -7.123111], [-34.756391, -7.118999], [-34.759149, -7.115155], [-34.76276, -7.111077], [-34.766227, -7.107885], [-34.771919, -7.103696], [-34.773281, -7.097779], [-34.775035, -7.092637], [-34.77701, -7.088345], [-34.779093, -7.084766], [-34.778656, -7.078397], [-34.778818, -7.073681], [-34.779432, -7.06899], [-34.78049, -7.064389], [-34.782245, -7.059247], [-34.784321, -7.054736], [-34.782929, -7.04965], [-34.781089, -7.037844], [-34.780713, -7.03235], [-34.780755, -7.024019], [-34.778802, -7.01691], [-34.777997, -7.01226], [-34.777626, -7.006843], [-34.777773, -7.002572], [-34.777287, -6.99632], [-34.777804, -6.988654], [-34.777628, -6.986089], [-34.777967, -6.979777], [-34.777624, -6.974777], [-34.777792, -6.962904], [-34.778402, -6.958245], [-34.77946, -6.953644], [-34.781215, -6.9485], [-34.78319, -6.944207], [-34.785574, -6.940109], [-34.788332, -6.936264], [-34.791942, -6.932185], [-34.795428, -6.928974], [-34.799215, -6.9261], [-34.80325, -6.923603], [-34.808372, -6.921112], [-34.806611, -6.914675], [-34.805807, -6.910023], [-34.805435, -6.904605], [-34.805597, -6.899887], [-34.806216, -6.895162], [-34.807967, -6.886812], [-34.80971, -6.881698], [-34.811686, -6.877404], [-34.814069, -6.873306], [-34.816828, -6.869461], [-34.820438, -6.865381], [-34.823924, -6.86217], [-34.827711, -6.859295], [-34.831745, -6.856797], [-34.836658, -6.854408], [-34.841119, -6.852773], [-34.846535, -6.851352], [-34.848905, -6.848651], [-34.852552, -6.841903], [-34.85528, -6.838101], [-34.857549, -6.835536], [-34.858918, -6.832797], [-34.861305, -6.825157], [-34.862553, -6.819326], [-34.863786, -6.815709], [-34.863961, -6.810605], [-34.864833, -6.804654], [-34.86499, -6.800049], [-34.865997, -6.793493], [-34.866028, -6.786351], [-34.866895, -6.780436], [-34.867053, -6.775117], [-34.867666, -6.77043], [-34.868724, -6.765827], [-34.870071, -6.761876], [-34.870758, -6.756445], [-34.871814, -6.751849], [-34.873562, -6.746721], [-34.876186, -6.741183], [-34.876946, -6.733907], [-34.877994, -6.729346], [-34.879748, -6.7242], [-34.881365, -6.720684], [-34.882091, -6.714493], [-34.882751, -6.711619], [-34.882025, -6.7072], [-34.881654, -6.701779], [-34.881884, -6.69627], [-34.88131, -6.689464], [-34.881471, -6.684771], [-34.881999, -6.68073], [-38.412123, -6.679775], [-40.61097, -6.658221], [-43.319107, -6.669448], [-45.241974, -6.653301], [-48.811506, -6.599158], [-48.820507, -7.751805], [-34.77925, -7.777106], [-34.778006, -7.773598], [-34.774689, -7.760198], [-34.773878, -7.755513], [-34.773506, -7.750106], [-34.773668, -7.745402], [-34.774375, -7.740155], [-34.774363, -7.732409], [-34.774969, -7.727785], [-34.775949, -7.723531], [-34.776698, -7.715823], [-34.777744, -7.711284], [-34.779479, -7.706204], [-34.783337, -7.698535], [-34.782538, -7.689835], [-34.781205, -7.684971], [-34.780575, -7.681334], [-34.778188, -7.673226], [-34.774508, -7.66635], [-34.772629, -7.661296], [-34.770218, -7.656231], [-34.76495, -7.647771], [-34.762501, -7.642901], [-34.760825, -7.638491], [-34.759576, -7.633932], [-34.758771, -7.629287], [-34.758389, -7.623714], [-34.758056, -7.618442], [-34.758218, -7.613722], [-34.758833, -7.609037], [-34.759891, -7.604442], [-34.761645, -7.599306], [-34.763597, -7.595071], [-34.767868, -7.58828], [-34.770918, -7.579221], [-34.772865, -7.574995], [-34.777829, -7.567128], [-34.776069, -7.560812], [-34.775805, -7.559078]]]}}, {"type": "Feature", "properties": {"nome": "Capitania de Santana", "nome_fonte": "Capitania de Santana", "inicio": "1534", "fim": "1655", "ohm_id": 2751396, "fonte": "OpenHistoricalMap (dados CC0)", "licenca": "CC0 1.0 (domínio público)", "natureza": "traçado histórico aproximado — não é limite exato", "area_graus2": 1.4262}, "geometry": {"type": "Polygon", "coordinates": [[[-48.540988, -25.998649], [-48.540937, -25.997946], [-48.54131, -25.990742], [-48.540294, -25.986028], [-48.537499, -25.979844], [-48.535962, -25.974818], [-48.533045, -25.968442], [-48.530945, -25.961104], [-48.529277, -25.958117], [-48.527207, -25.953324], [-48.525437, -25.947535], [-48.522955, -25.942483], [-48.518801, -25.936782], [-48.51567, -25.930965], [-48.511577, -25.925339], [-48.50902, -25.92076], [-48.506951, -25.915965], [-48.505618, -25.911605], [-48.502823, -25.905438], [-48.501088, -25.899763], [-48.500121, -25.894575], [-48.494482, -25.890228], [-48.490527, -25.886518], [-48.486481, -25.881855], [-48.483441, -25.877497], [-48.480868, -25.872889], [-48.478799, -25.868092], [-48.477056, -25.862388], [-48.47612, -25.857367], [-48.475361, -25.839681], [-48.474663, -25.837394], [-48.473511, -25.83035], [-48.471935, -25.826695], [-48.470035, -25.820381], [-48.467116, -25.813986], [-48.466259, -25.811179], [-48.463008, -25.80551], [-48.46142, -25.801828], [-48.458378, -25.797466], [-48.456646, -25.794362], [-48.453104, -25.791038], [-48.449059, -25.786371], [-48.446046, -25.782049], [-48.442484, -25.775205], [-48.438622, -25.7687], [-48.43657, -25.76394], [-48.435612, -25.7608], [-48.43009, -25.750778], [-48.423644, -25.761574], [-48.420437, -25.765838], [-48.416795, -25.769808], [-48.412124, -25.773955], [-48.405949, -25.77834], [-48.401179, -25.78116], [-48.391706, -25.785426], [-48.385571, -25.787657], [-48.380062, -25.789094], [-48.3734, -25.790281], [-48.367721, -25.79075], [-48.361159, -25.790687], [-48.354644, -25.789984], [-48.349065, -25.788853], [-48.343618, -25.787247], [-48.338377, -25.785186], [-48.332651, -25.782277], [-48.327982, -25.779303], [-48.323639, -25.775935], [-48.31968, -25.772219], [-48.315635, -25.767551], [-48.312594, -25.763189], [-48.31002, -25.758573], [-48.307436, -25.752612], [-48.305695, -25.746905], [-48.304748, -25.741825], [-48.304341, -25.736675], [-48.304479, -25.731525], [-48.305306, -25.725649], [-48.3066, -25.72063], [-48.308421, -25.715734], [-48.310745, -25.711027], [-48.314015, -25.705887], [-48.317349, -25.701701], [-48.321124, -25.697805], [-48.326008, -25.693607], [-48.331213, -25.689998], [-48.336077, -25.687287], [-48.341216, -25.685], [-48.346573, -25.683164], [-48.35215, -25.681782], [-48.36475, -25.67947], [-48.370412, -25.679072], [-48.376142, -25.679162], [-48.38725, -25.680293], [-48.382474, -25.671866], [-48.376609, -25.665418], [-48.372826, -25.659838], [-48.369391, -25.657], [-48.366086, -25.655138], [-48.358814, -25.652435], [-48.353167, -25.649563], [-48.34633, -25.644945], [-48.340762, -25.642112], [-48.337396, -25.639965], [-48.329466, -25.640691], [-48.322922, -25.640628], [-48.316425, -25.639926], [-48.300888, -25.636631], [-48.295424, -25.635017], [-48.290183, -25.632954], [-48.284457, -25.63004], [-48.279789, -25.627063], [-48.275433, -25.623681], [-48.262821, -25.61203], [-48.255836, -25.606935], [-48.251917, -25.603252], [-48.247872, -25.598577], [-48.244831, -25.594209], [-48.242259, -25.58959], [-48.240204, -25.584815], [-48.238073, -25.577198], [-48.235811, -25.571442], [-48.234019, -25.568223], [-48.231949, -25.563413], [-48.230716, -25.559365], [-48.22886, -25.555051], [-48.227117, -25.549331], [-48.22617, -25.544242], [-48.225763, -25.539084], [-48.225972, -25.531292], [-48.216745, -25.529478], [-48.211348, -25.527883], [-48.204335, -25.524958], [-48.196855, -25.522901], [-48.19165, -25.52085], [-48.185924, -25.517934], [-48.181255, -25.514953], [-48.176912, -25.511578], [-48.172962, -25.507862], [-48.168395, -25.502506], [-48.162974, -25.497601], [-48.158952, -25.492949], [-48.155911, -25.488577], [-48.153338, -25.483954], [-48.151286, -25.479183], [-48.149041, -25.470983], [-48.146129, -25.464584], [-48.144236, -25.457264], [-48.911085, -25.461874], [-48.917731, -28.705711], [-48.913424, -28.703505], [-48.909662, -28.70117], [-48.905074, -28.699413], [-48.899348, -28.696579], [-48.894318, -28.693457], [-48.891022, -28.692194], [-48.883902, -28.688556], [-48.876991, -28.686655], [-48.871796, -28.684665], [-48.864675, -28.681026], [-48.857765, -28.679125], [-48.852588, -28.677142], [-48.844761, -28.673046], [-48.838805, -28.670796], [-48.833087, -28.667965], [-48.828344, -28.665021], [-48.823011, -28.663169], [-48.819718, -28.662823], [-48.814138, -28.661721], [-48.808448, -28.660086], [-48.804525, -28.659311], [-48.799079, -28.657746], [-48.793838, -28.655738], [-48.788112, -28.652902], [-48.784567, -28.650701], [-48.777097, -28.64716], [-48.772457, -28.644279], [-48.768114, -28.640997], [-48.764155, -28.637375], [-48.76011, -28.632825], [-48.757069, -28.628574], [-48.754496, -28.624079], [-48.752427, -28.619399], [-48.750688, -28.613847], [-48.749485, -28.607201], [-48.744585, -28.602717], [-48.74054, -28.598166], [-48.738096, -28.594748], [-48.734704, -28.590931], [-48.731663, -28.586678], [-48.729585, -28.583045], [-48.726046, -28.579806], [-48.722001, -28.575254], [-48.71896, -28.571001], [-48.717197, -28.567918], [-48.71203, -28.562269], [-48.709026, -28.558066], [-48.705617, -28.551762], [-48.701782, -28.546555], [-48.699221, -28.542076], [-48.697152, -28.537393], [-48.695409, -28.531823], [-48.694729, -28.528265], [-48.693032, -28.524423], [-48.691289, -28.518852], [-48.690343, -28.513897], [-48.689936, -28.508873], [-48.69008, -28.503621], [-48.689613, -28.49853], [-48.680857, -28.495325], [-48.675158, -28.492499], [-48.67049, -28.489596], [-48.666147, -28.486309], [-48.662188, -28.482682], [-48.658143, -28.478126], [-48.655102, -28.473868], [-48.652529, -28.469366], [-48.65046, -28.464679], [-48.648717, -28.459106], [-48.647771, -28.454147], [-48.647364, -28.449121], [-48.647502, -28.444094], [-48.648329, -28.438359], [-48.649622, -28.43346], [-48.651443, -28.428681], [-48.653768, -28.424086], [-48.657038, -28.419069], [-48.660372, -28.414983], [-48.664142, -28.411186], [-48.668257, -28.40776], [-48.678704, -28.401087], [-48.672614, -28.392953], [-48.66926, -28.386771], [-48.667314, -28.384377], [-48.661335, -28.378907], [-48.651986, -28.380014], [-48.649068, -28.383803], [-48.645426, -28.387682], [-48.640744, -28.391743], [-48.636283, -28.394891], [-48.631493, -28.397659], [-48.626436, -28.400008], [-48.620339, -28.402174], [-48.614846, -28.403573], [-48.609214, -28.404509], [-48.603519, -28.404968], [-48.596958, -28.404908], [-48.590442, -28.40422], [-48.584863, -28.403116], [-48.579416, -28.401547], [-48.574175, -28.399534], [-48.568449, -28.396691], [-48.563781, -28.393786], [-48.559438, -28.390496], [-48.555479, -28.386865], [-48.551433, -28.382305], [-48.548392, -28.378044], [-48.54582, -28.373537], [-48.543751, -28.368847], [-48.542008, -28.363268], [-48.541061, -28.358305], [-48.540655, -28.353274], [-48.540793, -28.348243], [-48.54162, -28.342502], [-48.542913, -28.337599], [-48.544734, -28.332816], [-48.547058, -28.328216], [-48.550328, -28.323195], [-48.553663, -28.319105], [-48.557432, -28.315305], [-48.561586, -28.311844], [-48.566797, -28.308314], [-48.57166, -28.305666], [-48.576799, -28.303431], [-48.582157, -28.301637], [-48.58756, -28.30033], [-48.589302, -28.295752], [-48.591626, -28.291152], [-48.594896, -28.286129], [-48.598231, -28.282037], [-48.603713, -28.276507], [-48.597235, -28.267816], [-48.594679, -28.263335], [-48.592623, -28.258669], [-48.590547, -28.251485], [-48.587768, -28.243481], [-48.586831, -28.238559], [-48.586424, -28.233523], [-48.586562, -28.228486], [-48.587386, -28.222758], [-48.590208, -28.212597], [-48.596169, -28.198199], [-48.595242, -28.193332], [-48.594848, -28.188449], [-48.590714, -28.181619], [-48.588679, -28.176998], [-48.586439, -28.16901], [-48.58385, -28.163321], [-48.582128, -28.1578], [-48.580905, -28.149842], [-48.579022, -28.143823], [-48.578081, -28.138878], [-48.577658, -28.132082], [-48.575959, -28.128223], [-48.574216, -28.122631], [-48.573273, -28.117674], [-48.572812, -28.110992], [-48.570301, -28.107464], [-48.567729, -28.102946], [-48.566043, -28.099115], [-48.561669, -28.094171], [-48.558628, -28.089899], [-48.556056, -28.08538], [-48.553986, -28.080676], [-48.552815, -28.076918], [-48.550562, -28.072961], [-48.548493, -28.068256], [-48.54675, -28.062662], [-48.546071, -28.059088], [-48.544373, -28.055229], [-48.542644, -28.049676], [-48.541491, -28.042458], [-48.539964, -28.035523], [-48.539561, -28.03052], [-48.539699, -28.025473], [-48.540526, -28.019715], [-48.541824, -28.014778], [-48.548229, -27.997231], [-48.540589, -27.99716], [-48.534073, -27.99647], [-48.528494, -27.995361], [-48.523047, -27.993786], [-48.517806, -27.991765], [-48.51208, -27.988912], [-48.507412, -27.985995], [-48.503069, -27.982693], [-48.49911, -27.979048], [-48.495064, -27.97447], [-48.492036, -27.97021], [-48.486026, -27.95932], [-48.483948, -27.954593], [-48.482206, -27.948992], [-48.481259, -27.94401], [-48.480854, -27.938982], [-48.48133, -27.927865], [-48.482161, -27.922079], [-48.483454, -27.917157], [-48.485275, -27.912354], [-48.487599, -27.907737], [-48.490869, -27.902696], [-48.497042, -27.895096], [-48.485254, -27.891868], [-48.477796, -27.888989], [-48.472454, -27.892778], [-48.467664, -27.895558], [-48.462607, -27.897918], [-48.45651, -27.900094], [-48.451017, -27.9015], [-48.445385, -27.90244], [-48.43969, -27.902902], [-48.433129, -27.902841], [-48.426613, -27.90215], [-48.421034, -27.901041], [-48.415587, -27.899464], [-48.410346, -27.897441], [-48.40462, -27.894586], [-48.399978, -27.891683], [-48.391187, -27.884755], [-48.384112, -27.878055], [-48.380051, -27.873455], [-48.37701, -27.869174], [-48.374438, -27.864646], [-48.372369, -27.859933], [-48.370626, -27.854328], [-48.369679, -27.849341], [-48.369272, -27.844286], [-48.36941, -27.839231], [-48.370238, -27.833463], [-48.371531, -27.828537], [-48.373352, -27.823731], [-48.375676, -27.819109], [-48.378932, -27.814086], [-48.384665, -27.807241], [-48.388453, -27.803403], [-48.392607, -27.799926], [-48.397818, -27.796379], [-48.402682, -27.793718], [-48.407784, -27.791489], [-48.417927, -27.788297], [-48.415343, -27.773149], [-48.414934, -27.768063], [-48.415072, -27.763004], [-48.415899, -27.757232], [-48.417193, -27.752302], [-48.419003, -27.747521], [-48.422997, -27.739938], [-48.417818, -27.734065], [-48.411344, -27.724916], [-48.40877, -27.72038], [-48.406701, -27.715661], [-48.404942, -27.709998], [-48.40395, -27.705605], [-48.402982, -27.700495], [-48.402575, -27.695434], [-48.402713, -27.690371], [-48.40354, -27.684596], [-48.404827, -27.679686], [-48.407945, -27.671821], [-48.398697, -27.664166], [-48.391282, -27.664768], [-48.38472, -27.664707], [-48.378205, -27.664015], [-48.372625, -27.662903], [-48.367179, -27.661323], [-48.361938, -27.659296], [-48.356212, -27.656434], [-48.351543, -27.653509], [-48.3472, -27.650196], [-48.343241, -27.64654], [-48.339205, -27.641959], [-48.334102, -27.634628], [-48.331523, -27.630079], [-48.329453, -27.625356], [-48.32771, -27.619738], [-48.32676, -27.614719], [-48.326014, -27.606915], [-48.326152, -27.601871], [-48.326979, -27.59609], [-48.328272, -27.591153], [-48.330093, -27.586337], [-48.332417, -27.581706], [-48.335687, -27.576649], [-48.339022, -27.572531], [-48.342791, -27.568704], [-48.346945, -27.56522], [-48.352123, -27.561687], [-48.364043, -27.555469], [-48.356322, -27.542678], [-48.348936, -27.541204], [-48.343459, -27.539613], [-48.331354, -27.535143], [-48.325656, -27.532292], [-48.320987, -27.529363], [-48.316644, -27.526047], [-48.312685, -27.522387], [-48.30864, -27.51779], [-48.305599, -27.513495], [-48.303027, -27.508952], [-48.300957, -27.504224], [-48.299221, -27.498621], [-48.297927, -27.491183], [-48.297518, -27.486089], [-48.297656, -27.481018], [-48.298483, -27.475231], [-48.299772, -27.470305], [-48.302281, -27.463888], [-48.300668, -27.456399], [-48.300266, -27.451388], [-48.300543, -27.445081], [-48.300264, -27.441613], [-48.300402, -27.436539], [-48.301225, -27.430785], [-48.3049, -27.417965], [-48.308425, -27.409485], [-48.313856, -27.399311], [-48.317148, -27.394211], [-48.320483, -27.390086], [-48.324252, -27.386253], [-48.328406, -27.382762], [-48.333616, -27.379202], [-48.33848, -27.376531], [-48.343619, -27.374278], [-48.350555, -27.371935], [-48.356787, -27.359655], [-48.363479, -27.34935], [-48.351075, -27.349234], [-48.344559, -27.34854], [-48.33898, -27.347425], [-48.333533, -27.34584], [-48.328292, -27.343807], [-48.322566, -27.340937], [-48.317898, -27.338003], [-48.313554, -27.334681], [-48.309595, -27.331014], [-48.305559, -27.326419], [-48.30177, -27.320972], [-48.293818, -27.316312], [-48.289522, -27.313024], [-48.285563, -27.309358], [-48.281518, -27.304752], [-48.278493, -27.30047], [-48.274198, -27.292565], [-48.272118, -27.287803], [-48.270376, -27.282168], [-48.269429, -27.277156], [-48.269021, -27.272062], [-48.269162, -27.264539], [-48.269987, -27.258753], [-48.271281, -27.253801], [-48.273102, -27.24897], [-48.275426, -27.244325], [-48.278696, -27.239253], [-48.28203, -27.235122], [-48.2858, -27.231283], [-48.289954, -27.227788], [-48.295164, -27.224222], [-48.300028, -27.221548], [-48.305167, -27.219291], [-48.310524, -27.217479], [-48.316051, -27.216128], [-48.321697, -27.21525], [-48.327411, -27.214854], [-48.333092, -27.214942], [-48.349187, -27.21694], [-48.341991, -27.206749], [-48.339419, -27.202193], [-48.33735, -27.197452], [-48.335607, -27.191813], [-48.33466, -27.186796], [-48.334253, -27.181711], [-48.334391, -27.176625], [-48.335219, -27.170822], [-48.336512, -27.165866], [-48.338333, -27.161031], [-48.340657, -27.156382], [-48.343927, -27.151307], [-48.347262, -27.147172], [-48.351031, -27.143331], [-48.355185, -27.139833], [-48.360396, -27.136264], [-48.365216, -27.133611], [-48.378934, -27.127984], [-48.384339, -27.126154], [-48.389865, -27.124802], [-48.395511, -27.123924], [-48.401225, -27.123527], [-48.408704, -27.123642], [-48.413283, -27.11647], [-48.416613, -27.11234], [-48.420375, -27.108505], [-48.425112, -27.104563], [-48.427214, -27.10242], [-48.43888, -27.093133], [-48.449121, -27.086453], [-48.451044, -27.083467], [-48.454378, -27.079331], [-48.458148, -27.075486], [-48.462302, -27.071986], [-48.467538, -27.068398], [-48.477555, -27.062667], [-48.482665, -27.06042], [-48.488022, -27.058605], [-48.493549, -27.057253], [-48.499195, -27.056374], [-48.504909, -27.055977], [-48.510639, -27.056065], [-48.522061, -27.057215], [-48.516982, -27.044929], [-48.5152, -27.041769], [-48.513131, -27.037021], [-48.511401, -27.031416], [-48.510249, -27.024131], [-48.508722, -27.017131], [-48.508318, -27.012081], [-48.508456, -27.006988], [-48.509283, -27.001176], [-48.510577, -26.996213], [-48.512398, -26.99137], [-48.514717, -26.986724], [-48.518437, -26.981022], [-48.519872, -26.978148], [-48.523142, -26.973064], [-48.526476, -26.968923], [-48.529233, -26.966109], [-48.534067, -26.959705], [-48.537799, -26.955895], [-48.541952, -26.952391], [-48.547163, -26.948817], [-48.551988, -26.946157], [-48.564284, -26.94107], [-48.562291, -26.931821], [-48.561875, -26.922478], [-48.562014, -26.917328], [-48.562842, -26.911512], [-48.564135, -26.906544], [-48.565956, -26.901698], [-48.56828, -26.897038], [-48.57155, -26.891951], [-48.574885, -26.887808], [-48.578884, -26.883723], [-48.578574, -26.879844], [-48.576225, -26.874014], [-48.569883, -26.870091], [-48.565553, -26.866765], [-48.561594, -26.863084], [-48.557991, -26.858965], [-48.552646, -26.854177], [-48.548623, -26.849577], [-48.545582, -26.845256], [-48.543009, -26.840686], [-48.54094, -26.835929], [-48.539197, -26.830272], [-48.538291, -26.825455], [-48.534203, -26.82078], [-48.531162, -26.816458], [-48.52859, -26.811887], [-48.52652, -26.807129], [-48.524778, -26.80147], [-48.523831, -26.796436], [-48.523424, -26.791333], [-48.523562, -26.78623], [-48.524389, -26.780407], [-48.525683, -26.775433], [-48.526657, -26.772839], [-48.52809, -26.767146], [-48.529907, -26.762305], [-48.532231, -26.75764], [-48.535501, -26.752546], [-48.538836, -26.748397], [-48.542605, -26.744542], [-48.546759, -26.741031], [-48.552026, -26.737412], [-48.554285, -26.7346], [-48.558055, -26.730744], [-48.562208, -26.727233], [-48.567419, -26.723652], [-48.572283, -26.720965], [-48.577422, -26.718699], [-48.583395, -26.716669], [-48.587902, -26.711324], [-48.591701, -26.707438], [-48.595854, -26.703926], [-48.601019, -26.700375], [-48.610165, -26.695659], [-48.611252, -26.687801], [-48.612543, -26.682829], [-48.614365, -26.677973], [-48.616689, -26.673305], [-48.619959, -26.668207], [-48.623254, -26.664104], [-48.622366, -26.659376], [-48.621928, -26.653501], [-48.620565, -26.649067], [-48.619618, -26.644026], [-48.619211, -26.638908], [-48.619301, -26.634751], [-48.617478, -26.628823], [-48.616431, -26.623024], [-48.613694, -26.614969], [-48.612666, -26.609236], [-48.610529, -26.601541], [-48.603834, -26.58561], [-48.601374, -26.581231], [-48.599305, -26.576463], [-48.597962, -26.572093], [-48.594483, -26.564746], [-48.593565, -26.561758], [-48.58592, -26.548363], [-48.584534, -26.545168], [-48.580759, -26.538816], [-48.578946, -26.534637], [-48.57658, -26.530422], [-48.572272, -26.523862], [-48.567289, -26.522858], [-48.561843, -26.521262], [-48.556602, -26.519214], [-48.551628, -26.516703], [-48.545253, -26.514289], [-48.539546, -26.511408], [-48.534878, -26.508452], [-48.530566, -26.505129], [-48.521108, -26.495911], [-48.517037, -26.491242], [-48.513996, -26.486908], [-48.511424, -26.482323], [-48.509354, -26.477552], [-48.507612, -26.471877], [-48.506665, -26.466828], [-48.506258, -26.46171], [-48.506396, -26.456592], [-48.507219, -26.450779], [-48.509784, -26.441565], [-48.501761, -26.439212], [-48.49652, -26.437163], [-48.490794, -26.434269], [-48.486126, -26.431312], [-48.481783, -26.427963], [-48.477824, -26.424267], [-48.473779, -26.419625], [-48.470738, -26.415288], [-48.468165, -26.410701], [-48.466096, -26.405926], [-48.464353, -26.400247], [-48.463406, -26.395195], [-48.463173, -26.392253], [-48.461694, -26.385349], [-48.460939, -26.371962], [-48.461078, -26.366806], [-48.461905, -26.360961], [-48.463198, -26.35597], [-48.465033, -26.351064], [-48.469081, -26.342385], [-48.47233, -26.337306], [-48.475665, -26.333143], [-48.479434, -26.329273], [-48.484695, -26.32481], [-48.48052, -26.317483], [-48.478617, -26.313089], [-48.475199, -26.308232], [-48.472628, -26.303645], [-48.470559, -26.298865], [-48.469442, -26.295224], [-48.46523, -26.289435], [-48.462672, -26.284869], [-48.460603, -26.280089], [-48.458763, -26.274088], [-48.455807, -26.268862], [-48.453535, -26.263541], [-48.450572, -26.258111], [-48.445648, -26.251546], [-48.443104, -26.247003], [-48.437601, -26.234215], [-48.435861, -26.228537], [-48.434818, -26.222702], [-48.42955, -26.205375], [-48.426621, -26.200181], [-48.424554, -26.195403], [-48.422811, -26.189714], [-48.42187, -26.184684], [-48.421474, -26.177892], [-48.420491, -26.172637], [-48.420084, -26.167506], [-48.420222, -26.162375], [-48.421049, -26.15652], [-48.422334, -26.151554], [-48.427237, -26.139277], [-48.429578, -26.134554], [-48.432848, -26.129433], [-48.436182, -26.125262], [-48.439952, -26.121385], [-48.444105, -26.117856], [-48.449316, -26.114255], [-48.45418, -26.111554], [-48.459326, -26.109273], [-48.4664, -26.106828], [-48.471919, -26.105465], [-48.477565, -26.104579], [-48.483279, -26.104179], [-48.48901, -26.104268], [-48.494705, -26.104846], [-48.500313, -26.105907], [-48.505772, -26.107439], [-48.510594, -26.109295], [-48.518445, -26.107968], [-48.524135, -26.10757], [-48.529814, -26.107658], [-48.541387, -26.10912], [-48.542709, -26.1043], [-48.542788, -26.101364], [-48.543865, -26.094366], [-48.543865, -26.08572], [-48.543057, -26.081397], [-48.54265, -26.076262], [-48.542788, -26.071127], [-48.543616, -26.065268], [-48.544909, -26.060264], [-48.546725, -26.055395], [-48.550449, -26.048044], [-48.549931, -26.042336], [-48.548548, -26.035718], [-48.548145, -26.030635], [-48.548422, -26.023871], [-48.544028, -26.013807], [-48.542287, -26.008116], [-48.541341, -26.003047], [-48.540988, -25.998649]]]}}, {"type": "Feature", "properties": {"nome": "Capitania do Siará", "nome_fonte": "Capitania do Siará", "inicio": "1534", "fim": "1679", "ohm_id": 2751397, "fonte": "OpenHistoricalMap (dados CC0)", "licenca": "CC0 1.0 (domínio público)", "natureza": "traçado histórico aproximado — não é limite exato", "area_graus2": 7.8984}, "geometry": {"type": "Polygon", "coordinates": [[[-40.697694, -2.796519], [-40.61097, -6.658221], [-38.412123, -6.679775], [-38.481331, -3.645899], [-38.483388, -3.645937], [-38.488117, -3.646452], [-38.492774, -3.647414], [-38.497319, -3.648813], [-38.501711, -3.650637], [-38.505908, -3.652869], [-38.509874, -3.65549], [-38.513564, -3.658467], [-38.517436, -3.662306], [-38.520808, -3.66641], [-38.528537, -3.662397], [-38.532906, -3.66072], [-38.540177, -3.658913], [-38.543823, -3.656645], [-38.54808, -3.654527], [-38.552507, -3.652828], [-38.558142, -3.651306], [-38.561675, -3.649107], [-38.565932, -3.646989], [-38.570372, -3.645285], [-38.574953, -3.64401], [-38.579635, -3.643175], [-38.584357, -3.64279], [-38.588568, -3.641174], [-38.593101, -3.639912], [-38.600461, -3.638825], [-38.607967, -3.636462], [-38.612594, -3.635638], [-38.617335, -3.635251], [-38.622275, -3.635318], [-38.627813, -3.633736], [-38.633997, -3.632723], [-38.636276, -3.63159], [-38.642828, -3.62926], [-38.647418, -3.626684], [-38.64918, -3.625008], [-38.650808, -3.622149], [-38.65356, -3.618291], [-38.656675, -3.614704], [-38.660109, -3.611436], [-38.662616, -3.609496], [-38.667354, -3.603705], [-38.670752, -3.600471], [-38.675065, -3.597133], [-38.679092, -3.594628], [-38.6821, -3.593131], [-38.684829, -3.590534], [-38.689142, -3.587197], [-38.693168, -3.584691], [-38.697403, -3.582584], [-38.703055, -3.580507], [-38.709486, -3.577073], [-38.713881, -3.575387], [-38.718444, -3.574116], [-38.724782, -3.573059], [-38.732151, -3.56722], [-38.734584, -3.56381], [-38.737677, -3.560248], [-38.742577, -3.555769], [-38.744192, -3.552933], [-38.746918, -3.549111], [-38.751802, -3.543779], [-38.755546, -3.536793], [-38.758263, -3.532986], [-38.762227, -3.528522], [-38.766194, -3.521023], [-38.768917, -3.517207], [-38.772032, -3.513619], [-38.775466, -3.510351], [-38.780043, -3.506809], [-38.784766, -3.502104], [-38.789048, -3.498789], [-38.793075, -3.496282], [-38.797332, -3.494165], [-38.801771, -3.49246], [-38.806353, -3.491185], [-38.811035, -3.49035], [-38.815775, -3.489963], [-38.820486, -3.490027], [-38.829828, -3.491301], [-38.832994, -3.488851], [-38.836976, -3.486372], [-38.844292, -3.483013], [-38.846876, -3.480036], [-38.85031, -3.476768], [-38.854621, -3.473431], [-38.859031, -3.470695], [-38.864958, -3.465869], [-38.868949, -3.463384], [-38.873898, -3.460922], [-38.877747, -3.456424], [-38.883721, -3.451105], [-38.885682, -3.446661], [-38.889065, -3.440897], [-38.891543, -3.434959], [-38.894224, -3.430252], [-38.896955, -3.426423], [-38.90139, -3.421534], [-38.904892, -3.416432], [-38.907949, -3.412911], [-38.913776, -3.407744], [-38.918311, -3.402222], [-38.922561, -3.398246], [-38.924436, -3.394952], [-38.927189, -3.391094], [-38.930303, -3.387506], [-38.933533, -3.384432], [-38.936115, -3.380812], [-38.93923, -3.377224], [-38.942633, -3.373985], [-38.948906, -3.369383], [-38.953329, -3.365027], [-38.95762, -3.361706], [-38.961646, -3.359199], [-38.965903, -3.357081], [-38.970288, -3.355398], [-38.978266, -3.353476], [-38.981353, -3.35194], [-38.985792, -3.350235], [-38.990374, -3.34896], [-38.995056, -3.348125], [-38.999796, -3.347738], [-39.004552, -3.347802], [-39.009281, -3.348318], [-39.013011, -3.349089], [-39.016963, -3.348766], [-39.021718, -3.348831], [-39.026447, -3.349346], [-39.031104, -3.350308], [-39.035649, -3.351708], [-39.040501, -3.353727], [-39.045524, -3.354764], [-39.050839, -3.356401], [-39.056421, -3.349411], [-39.059363, -3.344227], [-39.062004, -3.340525], [-39.063336, -3.336506], [-39.065248, -3.332171], [-39.067945, -3.327434], [-39.070698, -3.323576], [-39.073812, -3.319987], [-39.076118, -3.317792], [-39.078594, -3.314321], [-39.081709, -3.310733], [-39.085143, -3.307464], [-39.089456, -3.304125], [-39.093482, -3.301618], [-39.097739, -3.2995], [-39.102179, -3.297795], [-39.10676, -3.29652], [-39.111424, -3.295688], [-39.118153, -3.295212], [-39.122544, -3.291032], [-39.128279, -3.28675], [-39.131838, -3.282623], [-39.135123, -3.279496], [-39.137296, -3.275679], [-39.140081, -3.271774], [-39.14958, -3.260058], [-39.151029, -3.257512], [-39.153782, -3.253653], [-39.156896, -3.250064], [-39.159833, -3.247269], [-39.163059, -3.242675], [-39.166157, -3.239106], [-39.170312, -3.235218], [-39.172321, -3.232401], [-39.175411, -3.228841], [-39.180335, -3.22436], [-39.181907, -3.222156], [-39.186753, -3.216877], [-39.189835, -3.212514], [-39.192945, -3.208931], [-39.196379, -3.205662], [-39.200425, -3.20253], [-39.202902, -3.199676], [-39.206336, -3.196406], [-39.210649, -3.193067], [-39.214904, -3.190418], [-39.218696, -3.186808], [-39.223008, -3.183469], [-39.227035, -3.180962], [-39.230794, -3.179091], [-39.233995, -3.176613], [-39.238021, -3.174106], [-39.242278, -3.171988], [-39.246717, -3.170283], [-39.251299, -3.169007], [-39.255981, -3.168172], [-39.260722, -3.167785], [-39.265478, -3.167849], [-39.269601, -3.168299], [-39.275339, -3.167316], [-39.281667, -3.163115], [-39.285832, -3.161042], [-39.293349, -3.158427], [-39.298487, -3.154449], [-39.301779, -3.150656], [-39.305213, -3.147387], [-39.309526, -3.144047], [-39.313522, -3.141559], [-39.319491, -3.138746], [-39.325615, -3.13466], [-39.329825, -3.132565], [-39.334265, -3.13086], [-39.338807, -3.129595], [-39.344944, -3.127079], [-39.349489, -3.125814], [-39.354171, -3.124978], [-39.358912, -3.124591], [-39.363668, -3.124656], [-39.368356, -3.125167], [-39.376517, -3.127058], [-39.381433, -3.122359], [-39.385743, -3.119022], [-39.38977, -3.116515], [-39.394027, -3.114396], [-39.398459, -3.112694], [-39.403903, -3.111204], [-39.406936, -3.109316], [-39.411193, -3.107197], [-39.415625, -3.105495], [-39.421069, -3.104005], [-39.424102, -3.102117], [-39.428359, -3.099998], [-39.432782, -3.098299], [-39.43927, -3.096564], [-39.442861, -3.091508], [-39.445974, -3.087921], [-39.449408, -3.084651], [-39.453721, -3.081312], [-39.457722, -3.078821], [-39.47323, -3.071452], [-39.476287, -3.069548], [-39.480505, -3.067449], [-39.487132, -3.065101], [-39.492585, -3.062277], [-39.497, -3.060582], [-39.500911, -3.056033], [-39.50434, -3.052768], [-39.508653, -3.049428], [-39.511368, -3.047738], [-39.516215, -3.043938], [-39.520232, -3.041436], [-39.523992, -3.039565], [-39.527192, -3.037086], [-39.531219, -3.034579], [-39.535476, -3.03246], [-39.539915, -3.030755], [-39.543188, -3.029844], [-39.548189, -3.027314], [-39.552618, -3.025612], [-39.557188, -3.024339], [-39.563772, -3.023213], [-39.567125, -3.018511], [-39.571324, -3.013846], [-39.573277, -3.011077], [-39.575428, -3.006168], [-39.578123, -3.001432], [-39.580875, -2.997573], [-39.58397, -2.994005], [-39.588491, -2.989852], [-39.590856, -2.987126], [-39.594291, -2.983856], [-39.598604, -2.980516], [-39.6026, -2.978027], [-39.615094, -2.972131], [-39.619566, -2.970413], [-39.624147, -2.969137], [-39.62883, -2.968302], [-39.63357, -2.967915], [-39.638934, -2.967988], [-39.643354, -2.964813], [-39.648924, -2.959135], [-39.653192, -2.95583], [-39.657218, -2.953323], [-39.661475, -2.951204], [-39.665914, -2.949498], [-39.670463, -2.948231], [-39.676839, -2.947227], [-39.679422, -2.946508], [-39.684105, -2.945673], [-39.688845, -2.945285], [-39.693601, -2.94535], [-39.698321, -2.945865], [-39.703724, -2.947011], [-39.706592, -2.94705], [-39.714678, -2.943396], [-39.720161, -2.939016], [-39.724166, -2.936522], [-39.727234, -2.934995], [-39.731617, -2.930718], [-39.737136, -2.926584], [-39.741951, -2.921772], [-39.746232, -2.918457], [-39.750259, -2.915949], [-39.754468, -2.913854], [-39.761831, -2.911293], [-39.765348, -2.909103], [-39.770647, -2.906545], [-39.777046, -2.902204], [-39.781427, -2.896926], [-39.784835, -2.893681], [-39.789148, -2.890341], [-39.793451, -2.88766], [-39.796851, -2.884423], [-39.801133, -2.881107], [-39.806964, -2.877664], [-39.812149, -2.873543], [-39.817582, -2.87027], [-39.821937, -2.865039], [-39.825347, -2.861792], [-39.82966, -2.858452], [-39.833686, -2.855944], [-39.837912, -2.853841], [-39.844026, -2.851637], [-39.847001, -2.850156], [-39.849573, -2.848165], [-39.853599, -2.845657], [-39.857832, -2.84355], [-39.863705, -2.841401], [-39.867332, -2.839142], [-39.871589, -2.837023], [-39.874698, -2.835828], [-39.87971, -2.832617], [-39.883948, -2.830508], [-39.888652, -2.828701], [-39.891708, -2.826798], [-39.895965, -2.824678], [-39.900404, -2.822973], [-39.904985, -2.821697], [-39.909668, -2.820861], [-39.914485, -2.820468], [-39.920352, -2.81898], [-39.92583, -2.816795], [-39.931138, -2.815317], [-39.937813, -2.810099], [-39.941833, -2.807595], [-39.945592, -2.805723], [-39.948793, -2.803244], [-39.952819, -2.800737], [-39.957076, -2.798617], [-39.960971, -2.797121], [-39.96777, -2.793454], [-39.972158, -2.791768], [-39.97674, -2.790492], [-39.981422, -2.789656], [-39.986163, -2.789269], [-39.990865, -2.789333], [-40.003677, -2.791145], [-40.010368, -2.78913], [-40.023253, -2.78726], [-40.028048, -2.786869], [-40.032797, -2.786933], [-40.03841, -2.787571], [-40.044209, -2.786516], [-40.051291, -2.784311], [-40.055923, -2.783484], [-40.060664, -2.783097], [-40.065399, -2.783161], [-40.071504, -2.783902], [-40.079788, -2.782317], [-40.08665, -2.780196], [-40.091283, -2.779369], [-40.096584, -2.778945], [-40.100679, -2.777804], [-40.105362, -2.776968], [-40.110085, -2.776583], [-40.115829, -2.776721], [-40.123199, -2.775896], [-40.127904, -2.77596], [-40.131114, -2.77631], [-40.136195, -2.775895], [-40.140951, -2.77596], [-40.14567, -2.776475], [-40.152206, -2.777861], [-40.157832, -2.773781], [-40.161903, -2.771246], [-40.16616, -2.769126], [-40.170599, -2.767421], [-40.175181, -2.766145], [-40.179863, -2.765309], [-40.183748, -2.764992], [-40.188227, -2.763744], [-40.192909, -2.762909], [-40.19761, -2.762525], [-40.204428, -2.76278], [-40.212471, -2.761836], [-40.217168, -2.7619], [-40.221897, -2.762416], [-40.226009, -2.763266], [-40.233052, -2.762522], [-40.236626, -2.762571], [-40.243417, -2.761191], [-40.248064, -2.760811], [-40.256242, -2.761188], [-40.26055, -2.759534], [-40.265131, -2.758257], [-40.269813, -2.757422], [-40.274554, -2.757035], [-40.27931, -2.757099], [-40.283065, -2.757509], [-40.288833, -2.755855], [-40.293503, -2.755021], [-40.298243, -2.754634], [-40.302841, -2.754697], [-40.309679, -2.753303], [-40.314379, -2.752919], [-40.319135, -2.752984], [-40.323863, -2.7535], [-40.328518, -2.754462], [-40.333965, -2.756151], [-40.341548, -2.755321], [-40.346258, -2.755385], [-40.350986, -2.755901], [-40.355622, -2.756859], [-40.36153, -2.758765], [-40.36514, -2.758814], [-40.369869, -2.75933], [-40.374526, -2.760292], [-40.379473, -2.761817], [-40.387533, -2.762217], [-40.393076, -2.761193], [-40.397807, -2.760807], [-40.402563, -2.760871], [-40.407291, -2.761387], [-40.411535, -2.762265], [-40.417297, -2.760636], [-40.420218, -2.759182], [-40.424637, -2.757484], [-40.430378, -2.755966], [-40.437412, -2.753004], [-40.442378, -2.75162], [-40.447704, -2.748886], [-40.452124, -2.747188], [-40.456769, -2.745894], [-40.46038, -2.744096], [-40.465561, -2.742135], [-40.470922, -2.738653], [-40.47515, -2.736548], [-40.479589, -2.734843], [-40.484171, -2.733566], [-40.488853, -2.732731], [-40.493594, -2.732344], [-40.49835, -2.732408], [-40.503067, -2.732923], [-40.508447, -2.734073], [-40.515132, -2.734647], [-40.519752, -2.735602], [-40.524297, -2.737002], [-40.528652, -2.738813], [-40.534531, -2.742121], [-40.540037, -2.744325], [-40.544215, -2.746549], [-40.548181, -2.749172], [-40.551871, -2.752152], [-40.555743, -2.755994], [-40.558752, -2.759659], [-40.561404, -2.763602], [-40.563664, -2.767769], [-40.565761, -2.772802], [-40.567406, -2.77826], [-40.573735, -2.78021], [-40.578099, -2.782024], [-40.583749, -2.785165], [-40.590542, -2.78707], [-40.597786, -2.79038], [-40.604288, -2.792217], [-40.61107, -2.795231], [-40.616848, -2.794756], [-40.621603, -2.794821], [-40.626331, -2.795336], [-40.630989, -2.796299], [-40.634921, -2.797511], [-40.640416, -2.798081], [-40.644181, -2.79886], [-40.651677, -2.798159], [-40.658148, -2.796854], [-40.662281, -2.796517], [-40.665445, -2.795635], [-40.670128, -2.7948], [-40.674868, -2.794413], [-40.679624, -2.794478], [-40.684345, -2.794993], [-40.689701, -2.796124], [-40.69473, -2.796192], [-40.697694, -2.796519]]]}}, {"type": "Feature", "properties": {"nome": "Capitania do Rio Grande", "nome_fonte": "Capitania do Rio Grande", "inicio": "1534", "fim": "1821", "ohm_id": 2751398, "fonte": "OpenHistoricalMap (dados CC0)", "licenca": "CC0 1.0 (domínio público)", "natureza": "traçado histórico aproximado — não é limite exato", "area_graus2": 6.4473}, "geometry": {"type": "Polygon", "coordinates": [[[-38.481331, -3.645899], [-38.412123, -6.679775], [-34.881999, -6.68073], [-34.882086, -6.680076], [-34.883144, -6.675471], [-34.884898, -6.670325], [-34.886874, -6.666029], [-34.889257, -6.661929], [-34.892015, -6.658082], [-34.895626, -6.654], [-34.899112, -6.650788], [-34.901149, -6.649241], [-34.905303, -6.645324], [-34.910481, -6.641416], [-34.911263, -6.635444], [-34.912926, -6.628919], [-34.913057, -6.625094], [-34.913694, -6.620228], [-34.913749, -6.613512], [-34.916012, -6.599831], [-34.915514, -6.593996], [-34.915578, -6.590902], [-34.914828, -6.583732], [-34.914924, -6.579076], [-34.915273, -6.57626], [-34.915271, -6.569833], [-34.915903, -6.56473], [-34.915514, -6.559565], [-34.91561, -6.55486], [-34.916295, -6.549329], [-34.915857, -6.543867], [-34.915954, -6.53917], [-34.916619, -6.533797], [-34.917241, -6.531092], [-34.917327, -6.526891], [-34.917992, -6.521517], [-34.918968, -6.517271], [-34.919044, -6.513588], [-34.919709, -6.508214], [-34.9207, -6.503901], [-34.92076, -6.500983], [-34.921617, -6.494547], [-34.92135, -6.491004], [-34.921447, -6.486299], [-34.921546, -6.485719], [-34.922112, -6.480925], [-34.923166, -6.476336], [-34.924472, -6.472418], [-34.924536, -6.469294], [-34.92581, -6.461058], [-34.92547, -6.45655], [-34.925566, -6.451882], [-34.926648, -6.444521], [-34.926602, -6.43747], [-34.927261, -6.432153], [-34.928557, -6.426687], [-34.928657, -6.421822], [-34.929315, -6.416504], [-34.931322, -6.408943], [-34.932079, -6.401049], [-34.933123, -6.396505], [-34.934408, -6.392647], [-34.935168, -6.385019], [-34.936213, -6.380469], [-34.937698, -6.376008], [-34.940132, -6.370683], [-34.941019, -6.366821], [-34.942511, -6.362341], [-34.94442, -6.358033], [-34.947113, -6.353324], [-34.950047, -6.349229], [-34.951287, -6.346431], [-34.953979, -6.341723], [-34.956727, -6.337888], [-34.959836, -6.334321], [-34.963265, -6.331073], [-34.967571, -6.327754], [-34.97159, -6.325263], [-34.975809, -6.323172], [-34.983042, -6.32057], [-34.984383, -6.317465], [-34.983153, -6.306063], [-34.983584, -6.295609], [-34.984229, -6.290401], [-34.984277, -6.284634], [-34.984938, -6.279296], [-34.986275, -6.273748], [-34.987006, -6.266966], [-34.987986, -6.262701], [-34.988036, -6.257512], [-34.987051, -6.254003], [-34.98625, -6.249362], [-34.985895, -6.244655], [-34.985991, -6.239947], [-34.986657, -6.234571], [-34.987711, -6.22998], [-34.989191, -6.225535], [-34.99197, -6.219627], [-34.994028, -6.212828], [-34.995919, -6.208561], [-34.998611, -6.203851], [-35.001359, -6.200015], [-35.004435, -6.196485], [-35.009635, -6.191838], [-35.014455, -6.187027], [-35.018726, -6.183734], [-35.022745, -6.181242], [-35.026995, -6.179137], [-35.031427, -6.177442], [-35.037147, -6.175856], [-35.039691, -6.167431], [-35.04158, -6.163165], [-35.044273, -6.158455], [-35.047654, -6.153739], [-35.048459, -6.145832], [-35.050119, -6.139317], [-35.050866, -6.131806], [-35.052175, -6.126309], [-35.052253, -6.122531], [-35.052918, -6.117153], [-35.053714, -6.113684], [-35.052844, -6.105677], [-35.052942, -6.100928], [-35.052168, -6.096445], [-35.051815, -6.091767], [-35.052055, -6.08551], [-35.050635, -6.077355], [-35.049536, -6.073435], [-35.048734, -6.068792], [-35.048449, -6.065006], [-35.047359, -6.059208], [-35.047006, -6.054524], [-35.047103, -6.049815], [-35.047768, -6.044437], [-35.048822, -6.039844], [-35.050314, -6.035361], [-35.052213, -6.031074], [-35.056229, -6.024289], [-35.054567, -6.016162], [-35.054216, -6.011505], [-35.054313, -6.006796], [-35.054978, -6.001417], [-35.056043, -5.996779], [-35.06029, -5.982737], [-35.06218, -5.978469], [-35.064872, -5.973757], [-35.066402, -5.971621], [-35.070048, -5.964843], [-35.07257, -5.96132], [-35.074892, -5.955916], [-35.077575, -5.95122], [-35.080323, -5.947382], [-35.083396, -5.943856], [-35.089102, -5.93879], [-35.091996, -5.934748], [-35.095106, -5.931178], [-35.098531, -5.92793], [-35.104246, -5.923544], [-35.10511, -5.915337], [-35.105753, -5.912538], [-35.105815, -5.906293], [-35.104811, -5.90271], [-35.104009, -5.898066], [-35.103655, -5.893356], [-35.103751, -5.888645], [-35.104417, -5.883265], [-35.105471, -5.878672], [-35.106954, -5.874215], [-35.109569, -5.868569], [-35.110621, -5.863986], [-35.112113, -5.859502], [-35.114021, -5.855189], [-35.116714, -5.850477], [-35.119462, -5.846638], [-35.122571, -5.843068], [-35.125976, -5.839839], [-35.132709, -5.83485], [-35.133945, -5.825161], [-35.133181, -5.817829], [-35.133277, -5.813166], [-35.133647, -5.810174], [-35.133181, -5.804544], [-35.133277, -5.799845], [-35.133942, -5.794465], [-35.134996, -5.78987], [-35.136488, -5.785385], [-35.138489, -5.780865], [-35.139814, -5.774465], [-35.141277, -5.770067], [-35.144808, -5.762749], [-35.14451, -5.758786], [-35.144607, -5.754074], [-35.145272, -5.748693], [-35.146326, -5.744098], [-35.14737, -5.740961], [-35.148019, -5.735712], [-35.14909, -5.73104], [-35.147036, -5.724054], [-35.146238, -5.71943], [-35.145936, -5.715423], [-35.144518, -5.708448], [-35.144167, -5.703787], [-35.144263, -5.699075], [-35.144925, -5.693723], [-35.14642, -5.6877], [-35.146989, -5.683102], [-35.148043, -5.678507], [-35.149535, -5.674021], [-35.151444, -5.669707], [-35.154136, -5.664993], [-35.156884, -5.661153], [-35.159993, -5.657582], [-35.163405, -5.654346], [-35.169747, -5.649588], [-35.170161, -5.646246], [-35.169584, -5.642904], [-35.169229, -5.638192], [-35.169325, -5.633529], [-35.17058, -5.625365], [-35.170259, -5.621108], [-35.170356, -5.616395], [-35.171021, -5.611013], [-35.172075, -5.606417], [-35.17356, -5.601953], [-35.176295, -5.595997], [-35.175753, -5.589657], [-35.175849, -5.584961], [-35.176514, -5.579578], [-35.177568, -5.574981], [-35.17906, -5.570495], [-35.180453, -5.567347], [-35.181694, -5.561637], [-35.18318, -5.557168], [-35.185089, -5.552854], [-35.187782, -5.548138], [-35.190497, -5.544344], [-35.195915, -5.538524], [-35.19894, -5.533225], [-35.198858, -5.52511], [-35.199517, -5.519778], [-35.200571, -5.515181], [-35.202063, -5.510694], [-35.203972, -5.506379], [-35.205478, -5.503742], [-35.207218, -5.49838], [-35.209294, -5.493689], [-35.209728, -5.491208], [-35.209398, -5.486816], [-35.209495, -5.482102], [-35.21016, -5.476718], [-35.210871, -5.473617], [-35.210872, -5.46703], [-35.211533, -5.461681], [-35.212587, -5.457084], [-35.214079, -5.452596], [-35.215988, -5.448281], [-35.218681, -5.443564], [-35.221429, -5.439723], [-35.224538, -5.436151], [-35.227966, -5.432897], [-35.232273, -5.429573], [-35.236253, -5.427102], [-35.24421, -5.423417], [-35.245181, -5.41519], [-35.246233, -5.410602], [-35.247725, -5.406114], [-35.249634, -5.401798], [-35.252327, -5.397081], [-35.255074, -5.39324], [-35.258184, -5.389667], [-35.26151, -5.38651], [-35.262346, -5.379649], [-35.263399, -5.375054], [-35.264891, -5.370566], [-35.2668, -5.36625], [-35.269493, -5.361533], [-35.27224, -5.357691], [-35.27535, -5.354119], [-35.278961, -5.35069], [-35.283976, -5.344506], [-35.287361, -5.341293], [-35.291668, -5.337968], [-35.295687, -5.335473], [-35.299937, -5.333364], [-35.304324, -5.331683], [-35.312959, -5.329541], [-35.314918, -5.322981], [-35.31556, -5.317781], [-35.316614, -5.313183], [-35.317904, -5.309301], [-35.318658, -5.302023], [-35.319704, -5.297458], [-35.321196, -5.292969], [-35.323047, -5.288783], [-35.323803, -5.282214], [-35.324854, -5.27763], [-35.326346, -5.273141], [-35.328255, -5.268824], [-35.330451, -5.264976], [-35.332544, -5.258056], [-35.334435, -5.253781], [-35.337127, -5.249064], [-35.339267, -5.246072], [-35.342011, -5.239382], [-35.344872, -5.234369], [-35.346607, -5.229027], [-35.348511, -5.224721], [-35.351203, -5.220003], [-35.353926, -5.216196], [-35.358696, -5.210986], [-35.36116, -5.206669], [-35.363908, -5.202826], [-35.367017, -5.199253], [-35.370427, -5.196015], [-35.376039, -5.191814], [-35.381136, -5.185536], [-35.384522, -5.182321], [-35.388828, -5.178995], [-35.392847, -5.176499], [-35.397097, -5.174389], [-35.400701, -5.173009], [-35.405919, -5.169648], [-35.410095, -5.167575], [-35.417902, -5.164863], [-35.422184, -5.160005], [-35.425018, -5.155039], [-35.427766, -5.151196], [-35.43084, -5.147663], [-35.43643, -5.14268], [-35.438409, -5.139912], [-35.441518, -5.136338], [-35.444917, -5.133111], [-35.451149, -5.128532], [-35.453878, -5.125396], [-35.457306, -5.12214], [-35.461612, -5.118814], [-35.465632, -5.116318], [-35.469881, -5.114208], [-35.474292, -5.112518], [-35.480133, -5.110977], [-35.483958, -5.109078], [-35.488146, -5.107361], [-35.494704, -5.105679], [-35.498302, -5.103893], [-35.505077, -5.101508], [-35.51213, -5.097697], [-35.516516, -5.096017], [-35.521059, -5.094755], [-35.527952, -5.093698], [-35.534057, -5.09122], [-35.538607, -5.089957], [-35.54335, -5.089112], [-35.549811, -5.08645], [-35.557213, -5.084637], [-35.560485, -5.083013], [-35.564876, -5.08133], [-35.572221, -5.079532], [-35.579397, -5.07651], [-35.583925, -5.075252], [-35.589137, -5.074324], [-35.594842, -5.071376], [-35.599257, -5.069685], [-35.603838, -5.068412], [-35.608512, -5.06758], [-35.613903, -5.067168], [-35.621623, -5.065522], [-35.626258, -5.065145], [-35.633675, -5.065462], [-35.636457, -5.065061], [-35.640455, -5.063529], [-35.645037, -5.062256], [-35.64971, -5.061425], [-35.655184, -5.061008], [-35.663009, -5.059036], [-35.668306, -5.056332], [-35.672728, -5.054638], [-35.677309, -5.053365], [-35.681991, -5.052531], [-35.68608, -5.052199], [-35.691272, -5.05019], [-35.6958, -5.048932], [-35.703263, -5.047832], [-35.705988, -5.046788], [-35.713056, -5.045028], [-35.719485, -5.041617], [-35.723883, -5.039932], [-35.728413, -5.038673], [-35.736146, -5.037548], [-35.743505, -5.034445], [-35.748025, -5.033189], [-35.753653, -5.032218], [-35.759292, -5.029312], [-35.763708, -5.02762], [-35.768254, -5.026357], [-35.7748, -5.02534], [-35.780675, -5.023606], [-35.785331, -5.022778], [-35.790072, -5.022392], [-35.794828, -5.022456], [-35.799602, -5.022976], [-35.804558, -5.022094], [-35.809298, -5.021708], [-35.814054, -5.021772], [-35.818782, -5.022287], [-35.822707, -5.023096], [-35.827151, -5.022734], [-35.831428, -5.022792], [-35.837784, -5.021474], [-35.84513, -5.018371], [-35.849657, -5.017113], [-35.854339, -5.01628], [-35.859027, -5.015898], [-35.866798, -5.01625], [-35.870475, -5.015596], [-35.875216, -5.01521], [-35.879826, -5.015272], [-35.885665, -5.014042], [-35.893198, -5.010846], [-35.897722, -5.009589], [-35.901941, -5.008838], [-35.909331, -5.005716], [-35.912929, -5.004717], [-35.916717, -5.002364], [-35.920974, -5.00025], [-35.925413, -4.998549], [-35.929984, -4.997279], [-35.935417, -4.99635], [-35.942402, -4.99419], [-35.947037, -4.993365], [-35.951755, -4.99298], [-35.957975, -4.993148], [-35.96158, -4.992146], [-35.966262, -4.991313], [-35.971003, -4.990926], [-35.975759, -4.990991], [-35.980487, -4.991506], [-35.984794, -4.992393], [-35.991239, -4.992362], [-35.995937, -4.992874], [-36.000554, -4.993825], [-36.007233, -4.99606], [-36.013417, -4.996636], [-36.020983, -4.998457], [-36.028256, -4.99904], [-36.032867, -4.99999], [-36.037412, -5.001387], [-36.041533, -5.003095], [-36.045032, -5.003476], [-36.04969, -5.004436], [-36.054235, -5.005833], [-36.058576, -5.007633], [-36.06539, -5.011539], [-36.067925, -5.012318], [-36.074381, -5.015197], [-36.081401, -5.017137], [-36.085865, -5.018988], [-36.089399, -5.019036], [-36.094127, -5.019551], [-36.098785, -5.020511], [-36.10333, -5.021907], [-36.107721, -5.023728], [-36.111919, -5.025956], [-36.115823, -5.028531], [-36.120739, -5.030557], [-36.126534, -5.033785], [-36.132886, -5.0356], [-36.137247, -5.037408], [-36.141394, -5.03961], [-36.148086, -5.044358], [-36.150476, -5.045092], [-36.157414, -5.045032], [-36.162105, -5.045543], [-36.167253, -5.046604], [-36.173589, -5.04599], [-36.17831, -5.046054], [-36.184036, -5.046711], [-36.190832, -5.045347], [-36.195536, -5.044964], [-36.200292, -5.045028], [-36.204856, -5.045525], [-36.211076, -5.044322], [-36.215792, -5.043938], [-36.220548, -5.044002], [-36.224272, -5.044407], [-36.231633, -5.043596], [-36.236283, -5.043659], [-36.244513, -5.044845], [-36.247423, -5.044327], [-36.253432, -5.043913], [-36.259578, -5.042085], [-36.266312, -5.041045], [-36.270109, -5.03959], [-36.274691, -5.038317], [-36.279373, -5.037484], [-36.284113, -5.037098], [-36.288869, -5.037162], [-36.293598, -5.037677], [-36.298211, -5.038627], [-36.305385, -5.041048], [-36.308716, -5.04082], [-36.313711, -5.038906], [-36.318293, -5.037633], [-36.32297, -5.036801], [-36.328512, -5.036366], [-36.332594, -5.034802], [-36.337175, -5.033529], [-36.341858, -5.032696], [-36.346598, -5.03231], [-36.351354, -5.032374], [-36.356082, -5.032889], [-36.360996, -5.033901], [-36.368918, -5.033748], [-36.373115, -5.034205], [-36.378, -5.033742], [-36.382376, -5.032066], [-36.386957, -5.030793], [-36.391639, -5.02996], [-36.396545, -5.02956], [-36.401603, -5.02762], [-36.406183, -5.026347], [-36.410865, -5.025514], [-36.415606, -5.025128], [-36.420101, -5.025189], [-36.423574, -5.023858], [-36.428156, -5.022585], [-36.432838, -5.021752], [-36.437536, -5.021369], [-36.444684, -5.019156], [-36.449318, -5.018332], [-36.454038, -5.017947], [-36.460374, -5.018111], [-36.466516, -5.015643], [-36.471071, -5.014377], [-36.475754, -5.013544], [-36.480494, -5.013158], [-36.485211, -5.013222], [-36.492327, -5.014162], [-36.496477, -5.013009], [-36.501159, -5.012176], [-36.5059, -5.011789], [-36.510656, -5.011854], [-36.515384, -5.012369], [-36.520042, -5.013329], [-36.524587, -5.014725], [-36.528947, -5.016533], [-36.534745, -5.019763], [-36.541097, -5.021578], [-36.545406, -5.023365], [-36.552293, -5.027319], [-36.555184, -5.028207], [-36.562062, -5.028788], [-36.569577, -5.030589], [-36.576344, -5.030826], [-36.582554, -5.029616], [-36.587267, -5.029232], [-36.592023, -5.029296], [-36.596747, -5.02981], [-36.602543, -5.03102], [-36.610862, -5.028389], [-36.615486, -5.027566], [-36.620226, -5.02718], [-36.624982, -5.027244], [-36.629711, -5.027759], [-36.634368, -5.028719], [-36.638913, -5.030115], [-36.643305, -5.031936], [-36.647502, -5.034164], [-36.652731, -5.037616], [-36.659094, -5.036457], [-36.663828, -5.036072], [-36.66849, -5.036135], [-36.672945, -5.034897], [-36.677627, -5.034064], [-36.682368, -5.033678], [-36.687087, -5.033742], [-36.694834, -5.034759], [-36.697954, -5.032349], [-36.702514, -5.026819], [-36.705916, -5.023587], [-36.710229, -5.020256], [-36.714256, -5.017754], [-36.718513, -5.015641], [-36.722897, -5.013961], [-36.730793, -5.012064], [-36.733661, -5.010835], [-36.737159, -5.007513], [-36.741472, -5.004181], [-36.745498, -5.00168], [-36.749755, -4.999566], [-36.754194, -4.997865], [-36.758721, -4.996607], [-36.766576, -4.995484], [-36.77164, -4.993984], [-36.775969, -4.98887], [-36.779387, -4.985624], [-36.782427, -4.983275], [-36.786583, -4.978304], [-36.792367, -4.973174], [-36.794468, -4.970235], [-36.797582, -4.966654], [-36.801017, -4.963392], [-36.803608, -4.96139], [-36.807556, -4.956718], [-36.810973, -4.953473], [-36.814346, -4.950867], [-36.818158, -4.945272], [-36.822857, -4.94013], [-36.826057, -4.934396], [-36.8288, -4.930558], [-36.831915, -4.926977], [-36.835349, -4.923714], [-36.839621, -4.920414], [-36.84616, -4.916629], [-36.850999, -4.912852], [-36.855018, -4.910355], [-36.859275, -4.908241], [-36.863714, -4.90654], [-36.868296, -4.905267], [-36.872978, -4.904434], [-36.877719, -4.904047], [-36.882474, -4.904112], [-36.88607, -4.904503], [-36.891457, -4.904047], [-36.895514, -4.904102], [-36.897416, -4.903574], [-36.901326, -4.901145], [-36.908051, -4.898039], [-36.911764, -4.895093], [-36.914287, -4.891563], [-36.917402, -4.887981], [-36.920836, -4.884719], [-36.925149, -4.881386], [-36.929176, -4.878885], [-36.933433, -4.876771], [-36.937872, -4.87507], [-36.942453, -4.873796], [-36.947136, -4.872963], [-36.951876, -4.872577], [-36.956596, -4.872641], [-36.963146, -4.873496], [-36.971109, -4.873331], [-36.97578, -4.87384], [-36.980438, -4.8748], [-36.984983, -4.876197], [-36.989352, -4.878009], [-36.994995, -4.881109], [-37.000487, -4.881706], [-37.005877, -4.882857], [-37.012203, -4.883425], [-37.01683, -4.884378], [-37.021375, -4.885775], [-37.025754, -4.887591], [-37.03081, -4.890329], [-37.037898, -4.892293], [-37.042057, -4.894017], [-37.046592, -4.891199], [-37.050849, -4.889086], [-37.055288, -4.887384], [-37.059847, -4.886117], [-37.066037, -4.885105], [-37.069732, -4.88327], [-37.074171, -4.881569], [-37.078753, -4.880296], [-37.083435, -4.879462], [-37.085837, -4.879267], [-37.093098, -4.877748], [-37.097762, -4.877368], [-37.111444, -4.87777], [-37.116199, -4.878287], [-37.120857, -4.879247], [-37.125402, -4.880644], [-37.129764, -4.882453], [-37.138559, -4.88734], [-37.145938, -4.881366], [-37.148268, -4.879919], [-37.153999, -4.874079], [-37.158265, -4.870782], [-37.162279, -4.868288], [-37.167419, -4.865794], [-37.172601, -4.862094], [-37.174863, -4.858127], [-37.177616, -4.854276], [-37.18004, -4.851488], [-37.182832, -4.844686], [-37.185506, -4.839996], [-37.18823, -4.836185], [-37.193322, -4.830668], [-37.195803, -4.826317], [-37.198996, -4.821882], [-37.201706, -4.815286], [-37.205144, -4.809442], [-37.206646, -4.80492], [-37.208559, -4.800591], [-37.212646, -4.793854], [-37.213838, -4.790265], [-37.217301, -4.783126], [-37.21958, -4.772447], [-37.221066, -4.76797], [-37.222978, -4.763643], [-37.224525, -4.760932], [-37.225398, -4.757117], [-37.227794, -4.750494], [-37.229201, -4.743339], [-37.230679, -4.738888], [-37.232591, -4.73456], [-37.235266, -4.729871], [-37.239648, -4.724079], [-37.241518, -4.719848], [-37.244215, -4.715119], [-37.246967, -4.711267], [-37.250082, -4.707684], [-37.253619, -4.704323], [-37.256237, -4.70066], [-37.259352, -4.697077], [-37.262786, -4.693814], [-37.266087, -4.691262], [-37.270348, -4.68488], [-37.273428, -4.681337], [-37.276862, -4.678074], [-37.281175, -4.67474], [-37.285201, -4.672238], [-37.288358, -4.67067], [-37.293021, -4.666079], [-37.297311, -4.662764], [-37.301338, -4.660261], [-37.305568, -4.65816], [-37.311473, -4.656015], [-37.318326, -4.652322], [-37.324126, -4.650201], [-37.328811, -4.647254], [-37.33306, -4.645143], [-37.337476, -4.64345], [-37.343458, -4.641883], [-37.348521, -4.639322], [-37.352949, -4.637624], [-37.357531, -4.636351], [-37.362205, -4.635518], [-37.367884, -4.635084], [-37.373567, -4.632828], [-37.37813, -4.63156], [-37.382587, -4.630766], [-37.389063, -4.627333], [-37.393461, -4.625647], [-37.397358, -4.624564], [-37.402993, -4.620893], [-37.407167, -4.618819], [-37.414924, -4.616142], [-37.417474, -4.614172], [-37.421501, -4.611669], [-37.425757, -4.609554], [-37.430197, -4.607852], [-37.434778, -4.606579], [-37.439458, -4.605745], [-37.444787, -4.605321], [-37.452797, -4.603021], [-37.456754, -4.597298], [-37.459852, -4.593734], [-37.463286, -4.59047], [-37.467599, -4.587137], [-37.471626, -4.584634], [-37.475882, -4.582519], [-37.480322, -4.580817], [-37.484903, -4.579543], [-37.489577, -4.578711], [-37.499124, -4.577981], [-37.503889, -4.578045], [-37.508617, -4.57856], [-37.513275, -4.579521], [-37.51782, -4.580918], [-37.522211, -4.58274], [-37.526408, -4.58497], [-37.530327, -4.587556], [-37.537052, -4.593369], [-37.545032, -4.592406], [-37.549624, -4.59113], [-37.55451, -4.588676], [-37.558943, -4.586977], [-37.562029, -4.586119], [-37.564735, -4.584775], [-37.569396, -4.580186], [-37.573686, -4.57687], [-37.57615, -4.575338], [-37.579639, -4.572022], [-37.586122, -4.567295], [-37.591036, -4.562382], [-37.595315, -4.559074], [-37.59926, -4.556621], [-37.604429, -4.551428], [-37.607207, -4.54928], [-37.611278, -4.544433], [-37.614432, -4.541436], [-37.618122, -4.536031], [-37.621214, -4.532474], [-37.624648, -4.52921], [-37.628216, -4.526452], [-37.631865, -4.522199], [-37.635291, -4.518942], [-37.638629, -4.516362], [-37.640802, -4.511442], [-37.643499, -4.506712], [-37.646251, -4.502859], [-37.649366, -4.499275], [-37.6528, -4.496011], [-37.657096, -4.492691], [-37.66218, -4.489624], [-37.668833, -4.484288], [-37.672924, -4.479961], [-37.676485, -4.474769], [-37.679548, -4.471244], [-37.685032, -4.466315], [-37.6887, -4.459233], [-37.689702, -4.456216], [-37.691594, -4.451932], [-37.695859, -4.444939], [-37.698853, -4.43746], [-37.701535, -4.432754], [-37.704342, -4.425828], [-37.707028, -4.421116], [-37.709835, -4.41419], [-37.712507, -4.409503], [-37.715259, -4.40565], [-37.717896, -4.402616], [-37.718394, -4.398582], [-37.71945, -4.39397], [-37.720944, -4.389468], [-37.722856, -4.385138], [-37.725545, -4.380421], [-37.733101, -4.370061], [-37.736227, -4.366465], [-37.739661, -4.3632], [-37.743974, -4.359865], [-37.748, -4.357361], [-37.752257, -4.355246], [-37.756697, -4.353543], [-37.761278, -4.352269], [-37.76596, -4.351435], [-37.770688, -4.35105], [-37.776722, -4.35118], [-37.782109, -4.349091], [-37.786684, -4.347819], [-37.79135, -4.346988], [-37.797498, -4.346549], [-37.801353, -4.344633], [-37.805773, -4.342938], [-37.811699, -4.341367], [-37.814605, -4.33956], [-37.818823, -4.337464], [-37.825563, -4.335081], [-37.832068, -4.331153], [-37.835448, -4.327939], [-37.839761, -4.324604], [-37.843749, -4.322124], [-37.850471, -4.319006], [-37.852945, -4.316654], [-37.858255, -4.312638], [-37.862244, -4.307907], [-37.86566, -4.304659], [-37.869974, -4.301324], [-37.872437, -4.299792], [-37.876276, -4.296127], [-37.882603, -4.291485], [-37.885572, -4.288068], [-37.888977, -4.28483], [-37.89508, -4.280342], [-37.89759, -4.277955], [-37.901892, -4.274628], [-37.906807, -4.271624], [-37.911646, -4.266632], [-37.916512, -4.26064], [-37.91988, -4.257438], [-37.926022, -4.252894], [-37.929149, -4.248514], [-37.932264, -4.244929], [-37.935698, -4.241664], [-37.940011, -4.238328], [-37.943746, -4.236006], [-37.948428, -4.231372], [-37.952714, -4.228057], [-37.956219, -4.225877], [-37.958701, -4.223517], [-37.963014, -4.220182], [-37.966642, -4.217925], [-37.971068, -4.213584], [-37.97633, -4.209604], [-37.978956, -4.206582], [-37.98239, -4.203316], [-37.986703, -4.19998], [-37.989251, -4.198396], [-37.991659, -4.195625], [-37.995093, -4.192359], [-37.999278, -4.189123], [-38.001959, -4.186037], [-38.005393, -4.182772], [-38.009706, -4.179436], [-38.012263, -4.177846], [-38.018641, -4.17259], [-38.025044, -4.168848], [-38.027365, -4.166177], [-38.030799, -4.162912], [-38.033028, -4.161188], [-38.038384, -4.155654], [-38.04248, -4.149521], [-38.045561, -4.145975], [-38.048968, -4.142735], [-38.054925, -4.138336], [-38.058608, -4.134833], [-38.061199, -4.132829], [-38.065147, -4.128152], [-38.068537, -4.124928], [-38.074655, -4.120411], [-38.07726, -4.117273], [-38.079576, -4.111907], [-38.082265, -4.107187], [-38.084405, -4.10419], [-38.086435, -4.099592], [-38.089132, -4.094859], [-38.091872, -4.091021], [-38.095872, -4.086532], [-38.097372, -4.0839], [-38.100124, -4.080045], [-38.102248, -4.0776], [-38.105271, -4.072252], [-38.108011, -4.068416], [-38.111797, -4.064146], [-38.115221, -4.059175], [-38.120338, -4.053627], [-38.123826, -4.047232], [-38.12656, -4.043402], [-38.12965, -4.039845], [-38.134614, -4.035333], [-38.138254, -4.030021], [-38.141348, -4.02646], [-38.144782, -4.023193], [-38.147684, -4.020948], [-38.150941, -4.01634], [-38.154051, -4.01276], [-38.157485, -4.009494], [-38.161798, -4.006158], [-38.164359, -4.004565], [-38.167098, -4.001959], [-38.171283, -3.998722], [-38.173963, -3.995636], [-38.177398, -3.99237], [-38.180892, -3.989667], [-38.183202, -3.985611], [-38.185924, -3.981799], [-38.19122, -3.976081], [-38.192815, -3.973281], [-38.195568, -3.969425], [-38.198715, -3.965802], [-38.201115, -3.960188], [-38.203778, -3.955513], [-38.208228, -3.949651], [-38.21207, -3.942416], [-38.214782, -3.938617], [-38.218781, -3.934128], [-38.220281, -3.931495], [-38.223006, -3.927677], [-38.227979, -3.922267], [-38.229551, -3.919507], [-38.232303, -3.915651], [-38.235418, -3.912065], [-38.238852, -3.908798], [-38.243165, -3.905461], [-38.247192, -3.902957], [-38.251449, -3.90084], [-38.255865, -3.899145], [-38.261847, -3.897576], [-38.266909, -3.895012], [-38.271338, -3.893313], [-38.275919, -3.892038], [-38.280546, -3.891214], [-38.289847, -3.890766], [-38.296214, -3.884458], [-38.299756, -3.881718], [-38.303393, -3.877475], [-38.307668, -3.873491], [-38.311969, -3.867004], [-38.316697, -3.86183], [-38.319158, -3.857509], [-38.321904, -3.853662], [-38.325839, -3.849192], [-38.32828, -3.841918], [-38.330189, -3.837592], [-38.333351, -3.832141], [-38.3357, -3.826596], [-38.338384, -3.821884], [-38.341133, -3.818032], [-38.344706, -3.813946], [-38.346624, -3.810579], [-38.349376, -3.806722], [-38.352491, -3.803136], [-38.355341, -3.800424], [-38.359012, -3.795049], [-38.360748, -3.79305], [-38.36342, -3.788359], [-38.368079, -3.782257], [-38.371357, -3.776302], [-38.374096, -3.772465], [-38.37721, -3.768878], [-38.379732, -3.766479], [-38.383026, -3.760549], [-38.385751, -3.756731], [-38.390075, -3.751934], [-38.391599, -3.749258], [-38.394352, -3.745401], [-38.396918, -3.742445], [-38.398172, -3.739604], [-38.400862, -3.734881], [-38.404248, -3.730218], [-38.407108, -3.723155], [-38.411185, -3.716411], [-38.412396, -3.712761], [-38.414296, -3.708455], [-38.41797, -3.702268], [-38.419263, -3.698372], [-38.421175, -3.694038], [-38.423852, -3.689337], [-38.427912, -3.683921], [-38.431798, -3.676585], [-38.434501, -3.672796], [-38.438783, -3.668057], [-38.441044, -3.664889], [-38.444158, -3.661301], [-38.447593, -3.658034], [-38.451906, -3.654696], [-38.455932, -3.652191], [-38.460189, -3.650073], [-38.464628, -3.648369], [-38.46921, -3.647094], [-38.473892, -3.646259], [-38.478633, -3.645872], [-38.481331, -3.645899]]]}}, {"type": "Feature", "properties": {"nome": "Capitania de Ilhéus", "nome_fonte": "Capitania de Ilhéus", "inicio": "1534", "fim": "1760", "ohm_id": 2751399, "fonte": "OpenHistoricalMap (dados CC0)", "licenca": "CC0 1.0 (domínio público)", "natureza": "traçado histórico aproximado — não é limite exato", "area_graus2": 24.4528}, "geometry": {"type": "Polygon", "coordinates": [[[-38.860917, -15.704564], [-38.862785, -15.700861], [-38.864854, -15.69444], [-38.866798, -15.690274], [-38.86916, -15.686276], [-38.871869, -15.682613], [-38.874365, -15.67703], [-38.876713, -15.673054], [-38.879972, -15.668647], [-38.882624, -15.664334], [-38.885034, -15.655236], [-38.885162, -15.651077], [-38.886137, -15.644753], [-38.886198, -15.638445], [-38.886849, -15.633487], [-38.886885, -15.626867], [-38.887536, -15.621915], [-38.887572, -15.615336], [-38.888613, -15.608741], [-38.888603, -15.601425], [-38.889495, -15.595481], [-38.889627, -15.591193], [-38.890221, -15.586617], [-38.891951, -15.579153], [-38.891547, -15.573661], [-38.891809, -15.567862], [-38.891204, -15.561378], [-38.89139, -15.556188], [-38.890859, -15.550133], [-38.891, -15.545553], [-38.891453, -15.542059], [-38.890859, -15.535573], [-38.890998, -15.531058], [-38.892256, -15.523556], [-38.892373, -15.519752], [-38.892966, -15.515184], [-38.893984, -15.510916], [-38.894695, -15.503556], [-38.896048, -15.49791], [-38.89615, -15.494609], [-38.896736, -15.49009], [-38.898842, -15.482341], [-38.899491, -15.477129], [-38.900804, -15.471628], [-38.900957, -15.466484], [-38.901544, -15.461954], [-38.903402, -15.454911], [-38.903952, -15.450671], [-38.905335, -15.444961], [-38.906025, -15.438349], [-38.907698, -15.430609], [-38.90896, -15.425316], [-38.910491, -15.420973], [-38.912973, -15.415804], [-38.914892, -15.40883], [-38.916293, -15.402968], [-38.916406, -15.399304], [-38.916993, -15.394778], [-38.918986, -15.387346], [-38.919402, -15.384141], [-38.92062, -15.379033], [-38.92347, -15.371778], [-38.924745, -15.366431], [-38.926991, -15.360467], [-38.928631, -15.352693], [-38.928765, -15.348324], [-38.929358, -15.343753], [-38.930167, -15.340359], [-38.930146, -15.33271], [-38.930728, -15.328219], [-38.932425, -15.321611], [-38.933148, -15.313898], [-38.93436, -15.308815], [-38.936546, -15.302943], [-38.937266, -15.295693], [-38.93848, -15.290598], [-38.940562, -15.284975], [-38.941822, -15.278097], [-38.941818, -15.270788], [-38.942404, -15.26627], [-38.943783, -15.260573], [-38.94468, -15.252859], [-38.944417, -15.248958], [-38.944557, -15.244381], [-38.945569, -15.237888], [-38.945594, -15.231047], [-38.946181, -15.226516], [-38.947165, -15.222385], [-38.947305, -15.217839], [-38.947804, -15.213984], [-38.947173, -15.205658], [-38.945763, -15.198569], [-38.945484, -15.191971], [-38.944728, -15.187633], [-38.944417, -15.183041], [-38.944605, -15.1778], [-38.944077, -15.171762], [-38.944363, -15.165781], [-38.943731, -15.159131], [-38.943874, -15.154492], [-38.945055, -15.141343], [-38.94476, -15.136971], [-38.944901, -15.132364], [-38.945647, -15.126975], [-38.945596, -15.119051], [-38.94642, -15.113179], [-38.944953, -15.108028], [-38.944041, -15.102795], [-38.943734, -15.098249], [-38.944254, -15.090387], [-38.943354, -15.085227], [-38.943043, -15.080624], [-38.943185, -15.076002], [-38.943778, -15.071424], [-38.944532, -15.068258], [-38.944563, -15.061431], [-38.94578, -15.0541], [-38.94593, -15.049195], [-38.947014, -15.042388], [-38.946969, -15.034502], [-38.947555, -15.029981], [-38.948253, -15.027049], [-38.948338, -15.020993], [-38.949556, -15.013601], [-38.949223, -15.008676], [-38.949365, -15.004053], [-38.949993, -14.9992], [-38.949225, -14.991708], [-38.949365, -14.987139], [-38.949958, -14.982561], [-38.951312, -14.976881], [-38.951425, -14.97321], [-38.952018, -14.96863], [-38.953237, -14.963507], [-38.955942, -14.956551], [-38.957794, -14.948828], [-38.957948, -14.943689], [-38.958541, -14.939109], [-38.959772, -14.933934], [-38.961309, -14.929565], [-38.963501, -14.924862], [-38.964567, -14.920383], [-38.967275, -14.913392], [-38.96781, -14.909253], [-38.968838, -14.904933], [-38.968939, -14.892284], [-38.971643, -14.875608], [-38.971686, -14.869043], [-38.9727, -14.862479], [-38.971884, -14.854695], [-38.972024, -14.850127], [-38.972617, -14.845544], [-38.973708, -14.840958], [-38.973746, -14.834173], [-38.974517, -14.828646], [-38.974288, -14.825256], [-38.974651, -14.818655], [-38.973944, -14.811558], [-38.974084, -14.806981], [-38.974677, -14.802398], [-38.975908, -14.79722], [-38.977366, -14.793073], [-38.976657, -14.789], [-38.976346, -14.78439], [-38.976493, -14.779577], [-38.976003, -14.773741], [-38.976144, -14.769139], [-38.976737, -14.764555], [-38.977968, -14.759376], [-38.979505, -14.755001], [-38.981468, -14.750777], [-38.98383, -14.746761], [-38.987017, -14.742431], [-38.990168, -14.738958], [-38.993654, -14.735782], [-38.997425, -14.732945], [-39.002083, -14.730125], [-39.006368, -14.728082], [-39.01323, -14.725561], [-39.012738, -14.71832], [-39.012879, -14.713715], [-39.013723, -14.707859], [-39.013099, -14.699328], [-39.012018, -14.693366], [-39.01171, -14.688804], [-39.012069, -14.682256], [-39.011711, -14.677179], [-39.012094, -14.67044], [-39.011711, -14.665221], [-39.012119, -14.658292], [-39.011708, -14.652883], [-39.011848, -14.648303], [-39.012968, -14.641013], [-39.012305, -14.636134], [-39.009724, -14.629971], [-39.008468, -14.625548], [-39.007849, -14.621988], [-39.006301, -14.618046], [-39.005042, -14.613614], [-39.003997, -14.606961], [-39.002288, -14.601286], [-39.001276, -14.595131], [-38.998845, -14.587617], [-38.997943, -14.58243], [-38.99761, -14.577493], [-38.996073, -14.569023], [-38.994978, -14.566232], [-38.993513, -14.560858], [-38.99084, -14.554544], [-38.989587, -14.550135], [-38.988572, -14.544109], [-38.987075, -14.540296], [-38.985808, -14.535837], [-38.984903, -14.530626], [-38.984614, -14.524158], [-38.983177, -14.516926], [-38.982869, -14.512349], [-38.982983, -14.50861], [-38.982184, -14.500988], [-38.982324, -14.496404], [-38.979511, -14.489737], [-38.978255, -14.485316], [-38.977347, -14.480088], [-38.977026, -14.474279], [-38.976195, -14.471355], [-38.975283, -14.466107], [-38.975065, -14.462874], [-38.973804, -14.45843], [-38.972723, -14.451081], [-38.97133, -14.444531], [-38.969909, -14.440908], [-38.968645, -14.436455], [-38.967629, -14.430426], [-38.966132, -14.426611], [-38.964866, -14.422149], [-38.964143, -14.417989], [-38.962712, -14.41434], [-38.959378, -14.401567], [-38.958461, -14.396284], [-38.958153, -14.391718], [-38.958651, -14.383795], [-38.953414, -14.371688], [-38.952163, -14.36728], [-38.951259, -14.362074], [-38.950986, -14.355132], [-38.949951, -14.349496], [-38.948042, -14.343314], [-38.946977, -14.336699], [-38.945755, -14.334297], [-38.941429, -14.327973], [-38.939337, -14.323859], [-38.937636, -14.319521], [-38.936453, -14.315352], [-38.933849, -14.309169], [-38.932593, -14.304745], [-38.931681, -14.299493], [-38.93137, -14.294874], [-38.931514, -14.290177], [-38.932805, -14.276269], [-38.934016, -14.271162], [-38.936129, -14.265461], [-38.937457, -14.259819], [-38.938993, -14.255437], [-38.940956, -14.251203], [-38.943992, -14.246029], [-38.941171, -14.236834], [-38.940268, -14.231636], [-38.939959, -14.225898], [-38.93889, -14.219958], [-38.93858, -14.215346], [-38.938722, -14.210706], [-38.939361, -14.205752], [-38.938163, -14.201527], [-38.935904, -14.197084], [-38.934203, -14.192743], [-38.933123, -14.188935], [-38.930403, -14.18375], [-38.92871, -14.179429], [-38.927444, -14.174963], [-38.926533, -14.169715], [-38.926195, -14.16439], [-38.92504, -14.160316], [-38.924128, -14.155061], [-38.923806, -14.150277], [-38.922754, -14.1444], [-38.922445, -14.139809], [-38.922738, -14.133325], [-38.920798, -14.129508], [-38.919112, -14.125205], [-38.917475, -14.118815], [-38.914967, -14.112812], [-38.913711, -14.108379], [-38.913088, -14.104788], [-38.908214, -14.08838], [-38.907305, -14.083144], [-38.907001, -14.078625], [-38.90545, -14.070287], [-38.903991, -14.066561], [-38.902724, -14.062092], [-38.901984, -14.057822], [-38.898825, -14.05052], [-38.897574, -14.046106], [-38.896662, -14.040849], [-38.896474, -14.038047], [-38.895171, -14.033449], [-38.894261, -14.0282], [-38.893934, -14.022922], [-38.892551, -14.015887], [-38.8923, -14.007997], [-38.891395, -14.004803], [-38.890483, -13.999545], [-38.890252, -13.996117], [-38.887863, -13.990298], [-38.886234, -13.983931], [-38.884073, -13.978605], [-38.882812, -13.974154], [-38.881908, -13.968944], [-38.881644, -13.96169], [-38.880464, -13.955228], [-38.878928, -13.951304], [-38.877662, -13.946833], [-38.87675, -13.941574], [-38.876439, -13.936947], [-38.87658, -13.932301], [-38.877119, -13.928119], [-38.877586, -13.920312], [-38.877126, -13.914599], [-38.877267, -13.909974], [-38.877854, -13.905422], [-38.879959, -13.897616], [-38.880608, -13.892366], [-38.881838, -13.887175], [-38.883362, -13.882819], [-38.886314, -13.876806], [-38.887331, -13.87251], [-38.888868, -13.868118], [-38.890831, -13.863877], [-38.893193, -13.859845], [-38.89638, -13.855499], [-38.899531, -13.852012], [-38.902153, -13.849613], [-38.906459, -13.844614], [-38.913526, -13.837752], [-38.91705, -13.834528], [-38.924333, -13.829409], [-38.924895, -13.825042], [-38.926127, -13.819841], [-38.927663, -13.815449], [-38.929626, -13.811207], [-38.931988, -13.807174], [-38.934015, -13.80441], [-38.935801, -13.800548], [-38.938618, -13.795812], [-38.93968, -13.792777], [-38.941643, -13.788535], [-38.943684, -13.785049], [-38.94483, -13.781774], [-38.946926, -13.777242], [-38.947556, -13.772347], [-38.948848, -13.766644], [-38.948403, -13.763677], [-38.946563, -13.758971], [-38.945306, -13.75453], [-38.944212, -13.747276], [-38.942786, -13.743631], [-38.941596, -13.739426], [-38.940055, -13.736388], [-38.93555, -13.730404], [-38.931798, -13.726437], [-38.923514, -13.724024], [-38.919128, -13.722109], [-38.913117, -13.721976], [-38.908387, -13.721401], [-38.903031, -13.720205], [-38.898508, -13.718712], [-38.894477, -13.716952], [-38.888172, -13.715027], [-38.88384, -13.713136], [-38.879687, -13.710842], [-38.875225, -13.707755], [-38.870926, -13.704012], [-38.865584, -13.700396], [-38.862006, -13.697346], [-38.858721, -13.69396], [-38.855788, -13.690295], [-38.852875, -13.685775], [-38.850464, -13.680976], [-38.848579, -13.67862], [-38.845662, -13.674095], [-38.84355, -13.66993], [-38.841849, -13.66558], [-38.840583, -13.661104], [-38.839671, -13.655838], [-38.83936, -13.651205], [-38.839507, -13.646368], [-38.839017, -13.640503], [-38.839158, -13.635877], [-38.839751, -13.63127], [-38.840982, -13.626065], [-38.842519, -13.621669], [-38.844467, -13.617457], [-38.847917, -13.611857], [-38.849367, -13.607708], [-38.853083, -13.600357], [-38.853841, -13.592173], [-38.855059, -13.587024], [-38.856593, -13.582633], [-38.858826, -13.577856], [-38.861084, -13.570559], [-38.863022, -13.566366], [-38.865363, -13.562364], [-38.86995, -13.556409], [-38.871563, -13.553651], [-38.874724, -13.549335], [-38.88059, -13.543178], [-38.879346, -13.536716], [-38.875544, -13.532794], [-38.872611, -13.529127], [-38.869709, -13.524621], [-38.867081, -13.51922], [-38.863856, -13.514246], [-38.861746, -13.510083], [-38.860045, -13.50573], [-38.858782, -13.501262], [-38.857746, -13.495025], [-38.85687, -13.493075], [-38.852681, -13.488039], [-38.849782, -13.483537], [-38.84767, -13.47937], [-38.845969, -13.475016], [-38.844703, -13.470536], [-38.843793, -13.465279], [-38.843474, -13.459824], [-38.842417, -13.453905], [-38.842106, -13.449277], [-38.842248, -13.444621], [-38.842841, -13.44001], [-38.844072, -13.434801], [-38.845609, -13.430401], [-38.847568, -13.426162], [-38.850384, -13.421419], [-38.851437, -13.418404], [-38.854122, -13.412833], [-38.854984, -13.409188], [-38.854788, -13.405876], [-38.853296, -13.400127], [-38.851345, -13.388142], [-38.851033, -13.383488], [-38.851175, -13.378831], [-38.851767, -13.374219], [-38.852999, -13.369008], [-38.854536, -13.364607], [-38.856499, -13.360357], [-38.85892, -13.356215], [-38.862606, -13.350347], [-38.865824, -13.345948], [-38.868975, -13.342454], [-38.872461, -13.339258], [-38.876232, -13.336404], [-38.880894, -13.333563], [-38.890673, -13.328837], [-38.895145, -13.327183], [-38.899752, -13.325951], [-38.905157, -13.325066], [-38.914682, -13.324539], [-38.915587, -13.320465], [-38.91574, -13.314584], [-38.915275, -13.309335], [-38.914171, -13.303263], [-38.913906, -13.299311], [-38.913024, -13.296189], [-38.912122, -13.290971], [-38.911859, -13.282686], [-38.909477, -13.277982], [-38.907411, -13.272499], [-38.906098, -13.270457], [-38.903127, -13.264406], [-38.897578, -13.259017], [-38.890309, -13.257481], [-38.885805, -13.255991], [-38.881437, -13.254081], [-38.877284, -13.251782], [-38.872807, -13.248679], [-38.869216, -13.245612], [-38.865383, -13.241653], [-38.860148, -13.239375], [-38.856013, -13.237086], [-38.850615, -13.233263], [-38.845377, -13.231015], [-38.841235, -13.228722], [-38.836758, -13.225619], [-38.833167, -13.222552], [-38.829882, -13.219159], [-38.826949, -13.215488], [-38.824831, -13.212194], [-38.819625, -13.208596], [-38.814522, -13.204014], [-38.806989, -13.198899], [-38.803659, -13.197882], [-38.798447, -13.197766], [-38.793718, -13.19719], [-38.788362, -13.195992], [-38.783838, -13.194495], [-38.77947, -13.192584], [-38.775317, -13.190285], [-38.77084, -13.187181], [-38.767225, -13.184093], [-38.7577, -13.174614], [-38.751988, -13.172185], [-38.747851, -13.169894], [-38.745063, -13.167961], [-38.739938, -13.165202], [-38.735478, -13.16211], [-38.731921, -13.159071], [-38.727167, -13.153888], [-38.722951, -13.15034], [-38.721829, -13.149173], [-38.791692, -13.149269], [-39.251366, -13.151581], [-48.798426, -13.196884], [-48.811379, -13.897262], [-48.842792, -15.582091], [-38.860917, -15.704564]]]}}, {"type": "Feature", "properties": {"nome": "Capitania de São Tomé", "nome_fonte": "Capitania de São Tomé", "inicio": "1534", "fim": "1618", "ohm_id": 2751400, "fonte": "OpenHistoricalMap (dados CC0)", "licenca": "CC0 1.0 (domínio público)", "natureza": "traçado histórico aproximado — não é limite exato", "area_graus2": 2.2183}, "geometry": {"type": "Polygon", "coordinates": [[[-40.910318, -21.329975], [-40.909386, -21.326953], [-40.908476, -21.32228], [-40.90802, -21.316365], [-40.906753, -21.310396], [-40.906325, -21.305687], [-40.906511, -21.299366], [-40.905381, -21.293779], [-40.904949, -21.289023], [-40.905002, -21.28425], [-40.905644, -21.278926], [-40.905782, -21.274911], [-40.908252, -21.268985], [-40.907161, -21.263347], [-40.905273, -21.260099], [-40.902583, -21.256671], [-40.899259, -21.251121], [-40.893954, -21.244765], [-40.891453, -21.240781], [-40.889368, -21.236588], [-40.886996, -21.229592], [-40.884876, -21.225329], [-40.883063, -21.220643], [-40.877087, -21.214851], [-40.874702, -21.211809], [-40.866305, -21.209246], [-40.861834, -21.207267], [-40.856914, -21.204486], [-40.852922, -21.201674], [-40.849226, -21.198514], [-40.845877, -21.195048], [-40.842481, -21.190718], [-40.839955, -21.186691], [-40.837868, -21.182495], [-40.835309, -21.174976], [-40.829633, -21.170319], [-40.826477, -21.167052], [-40.822445, -21.163617], [-40.819098, -21.160153], [-40.815702, -21.155822], [-40.8132, -21.151832], [-40.806724, -21.137794], [-40.803554, -21.132883], [-40.801473, -21.128698], [-40.799225, -21.122179], [-40.796641, -21.117113], [-40.79499, -21.112743], [-40.793453, -21.106513], [-40.79121, -21.100876], [-40.789615, -21.094221], [-40.787427, -21.088687], [-40.785934, -21.082822], [-40.78511, -21.081127], [-40.78214, -21.076936], [-40.779616, -21.074322], [-40.776224, -21.069992], [-40.773421, -21.065483], [-40.768996, -21.060032], [-40.766484, -21.056026], [-40.764386, -21.051803], [-40.762144, -21.04555], [-40.756868, -21.041241], [-40.751618, -21.03768], [-40.747946, -21.034536], [-40.744597, -21.031067], [-40.741201, -21.026731], [-40.739815, -21.024445], [-43.632208, -21.012919], [-41.632436, -22.401901], [-41.632503, -22.397057], [-41.633161, -22.391642], [-41.634246, -22.387013], [-41.635794, -22.382517], [-41.6402, -22.373395], [-41.643065, -22.368598], [-41.645983, -22.364704], [-41.649295, -22.361075], [-41.652955, -22.35776], [-41.657561, -22.35436], [-41.666666, -22.348939], [-41.659051, -22.343922], [-41.655475, -22.342512], [-41.65035, -22.339894], [-41.644509, -22.335982], [-41.641769, -22.334902], [-41.635147, -22.331394], [-41.627873, -22.329428], [-41.623254, -22.327607], [-41.615617, -22.32343], [-41.608743, -22.320897], [-41.603624, -22.318282], [-41.600622, -22.316356], [-41.596121, -22.314581], [-41.58891, -22.310689], [-41.584656, -22.309436], [-41.579944, -22.307578], [-41.574784, -22.304942], [-41.570514, -22.302203], [-41.562378, -22.29929], [-41.558177, -22.297144], [-41.55062, -22.295124], [-41.545955, -22.293284], [-41.541648, -22.291083], [-41.535894, -22.289421], [-41.531204, -22.28757], [-41.525142, -22.284423], [-41.517663, -22.282418], [-41.512996, -22.280576], [-41.507442, -22.277738], [-41.503975, -22.276717], [-41.499275, -22.274863], [-41.487863, -22.268934], [-41.481691, -22.267192], [-41.474655, -22.264187], [-41.459691, -22.260191], [-41.447014, -22.254784], [-41.441625, -22.253704], [-41.434593, -22.251444], [-41.426681, -22.249372], [-41.421251, -22.247198], [-41.417201, -22.246385], [-41.412368, -22.244961], [-41.404786, -22.241688], [-41.399746, -22.240676], [-41.39237, -22.23828], [-41.385191, -22.236359], [-41.378092, -22.233332], [-41.37116, -22.232075], [-41.366362, -22.230661], [-41.358654, -22.227336], [-41.352857, -22.226734], [-41.34785, -22.225729], [-41.342957, -22.224287], [-41.338801, -22.222647], [-41.332257, -22.221966], [-41.327316, -22.220975], [-41.318872, -22.218181], [-41.309884, -22.217505], [-41.304952, -22.216516], [-41.298799, -22.214645], [-41.293813, -22.214628], [-41.287968, -22.21402], [-41.282962, -22.213016], [-41.278078, -22.211576], [-41.272827, -22.209474], [-41.265116, -22.206908], [-41.257244, -22.204838], [-41.252063, -22.203798], [-41.247197, -22.202364], [-41.241132, -22.199868], [-41.236957, -22.19903], [-41.232038, -22.19758], [-41.218783, -22.192551], [-41.211912, -22.188856], [-41.20675, -22.186826], [-41.204052, -22.185446], [-41.197371, -22.182965], [-41.185812, -22.177644], [-41.179605, -22.176454], [-41.174729, -22.175017], [-41.17003, -22.173162], [-41.164096, -22.170069], [-41.15903, -22.168069], [-41.153871, -22.16543], [-41.150679, -22.163382], [-41.14564, -22.161392], [-41.140481, -22.158753], [-41.136271, -22.156051], [-41.133422, -22.153824], [-41.127426, -22.150798], [-41.124812, -22.14912], [-41.121265, -22.147719], [-41.11616, -22.145108], [-41.109534, -22.140548], [-41.103621, -22.136944], [-41.099731, -22.133903], [-41.096157, -22.130524], [-41.0916, -22.125142], [-41.085902, -22.122188], [-41.082342, -22.119902], [-41.078693, -22.118461], [-41.073574, -22.115842], [-41.067604, -22.111805], [-41.064264, -22.110096], [-41.060081, -22.10741], [-41.055041, -22.103328], [-41.050225, -22.100114], [-41.042943, -22.097445], [-41.040058, -22.095969], [-41.033339, -22.09472], [-41.028473, -22.093285], [-41.023761, -22.091424], [-41.018602, -22.088784], [-41.014527, -22.086166], [-41.01062, -22.085014], [-41.005908, -22.083152], [-41.000797, -22.080537], [-40.994277, -22.076085], [-40.988773, -22.073937], [-40.975034, -22.066535], [-40.97079, -22.063809], [-40.966871, -22.060744], [-40.962762, -22.056825], [-40.958773, -22.054263], [-40.954849, -22.051193], [-40.951264, -22.047801], [-40.947588, -22.043532], [-40.944815, -22.039539], [-40.942419, -22.035243], [-40.939691, -22.032075], [-40.936918, -22.028082], [-40.93456, -22.023854], [-40.932658, -22.019469], [-40.93075, -22.013021], [-40.928526, -22.007979], [-40.926895, -22.002739], [-40.925982, -21.998065], [-40.925548, -21.993321], [-40.92559, -21.989597], [-40.924799, -21.984903], [-40.923119, -21.9795], [-40.92221, -21.974848], [-40.921741, -21.968789], [-40.920715, -21.965491], [-40.919802, -21.960816], [-40.919369, -21.95607], [-40.919421, -21.951319], [-40.920079, -21.945887], [-40.921102, -21.941511], [-40.921138, -21.938263], [-40.921796, -21.93283], [-40.922812, -21.928483], [-40.923513, -21.922637], [-40.924598, -21.917994], [-40.926133, -21.91352], [-40.927344, -21.908129], [-40.929365, -21.902492], [-40.930795, -21.895328], [-40.931657, -21.892814], [-40.932096, -21.889193], [-40.933181, -21.884547], [-40.93486, -21.879651], [-40.93557, -21.87533], [-40.93556, -21.869438], [-40.936216, -21.864023], [-40.937231, -21.859674], [-40.93761, -21.851995], [-40.938269, -21.846554], [-40.940308, -21.83901], [-40.94103, -21.831805], [-40.942107, -21.827191], [-40.943665, -21.822648], [-40.945657, -21.818311], [-40.949935, -21.811498], [-40.95103, -21.806806], [-40.951665, -21.801558], [-40.95275, -21.79691], [-40.954308, -21.792366], [-40.956305, -21.788018], [-40.963159, -21.776932], [-40.964689, -21.771745], [-40.96474, -21.767146], [-40.965396, -21.761722], [-40.966741, -21.756193], [-40.967468, -21.747966], [-40.968922, -21.742089], [-40.968864, -21.735545], [-40.969205, -21.732725], [-40.968466, -21.718771], [-40.968842, -21.710994], [-40.968464, -21.706847], [-40.968517, -21.702088], [-40.96888, -21.699082], [-40.967774, -21.681309], [-40.965018, -21.67074], [-40.964102, -21.666041], [-40.96366, -21.657798], [-40.96122, -21.650527], [-40.960314, -21.645879], [-40.959881, -21.641123], [-40.959933, -21.636361], [-40.960614, -21.630727], [-40.960224, -21.626442], [-40.960276, -21.62173], [-40.961492, -21.613704], [-40.961314, -21.605985], [-40.961965, -21.600595], [-40.96305, -21.59594], [-40.964608, -21.59139], [-40.966617, -21.587008], [-40.969466, -21.582211], [-40.972401, -21.578273], [-40.981211, -21.568241], [-40.984849, -21.564927], [-40.989455, -21.561508], [-40.993727, -21.558951], [-41.00098, -21.555651], [-41.004818, -21.549667], [-41.006493, -21.544775], [-41.008502, -21.540392], [-41.010328, -21.537316], [-41.012339, -21.531028], [-41.014822, -21.525747], [-41.016273, -21.519481], [-41.015233, -21.515327], [-41.012508, -21.509312], [-41.005736, -21.499357], [-40.995326, -21.49161], [-40.991776, -21.488238], [-40.988107, -21.483959], [-40.984964, -21.479356], [-40.981233, -21.475006], [-40.978486, -21.471034], [-40.975219, -21.464782], [-40.970535, -21.458484], [-40.968295, -21.454453], [-40.965136, -21.450768], [-40.96053, -21.443606], [-40.954281, -21.439746], [-40.950385, -21.436687], [-40.946801, -21.43328], [-40.943451, -21.429374], [-40.939742, -21.42646], [-40.936158, -21.423054], [-40.932482, -21.418765], [-40.929709, -21.414755], [-40.927356, -21.410518], [-40.925139, -21.405291], [-40.922842, -21.40197], [-40.920487, -21.397728], [-40.918368, -21.392769], [-40.915354, -21.387523], [-40.91259, -21.380436], [-40.909632, -21.374072], [-40.908012, -21.368843], [-40.907099, -21.364149], [-40.906666, -21.359383], [-40.906718, -21.354613], [-40.907376, -21.349158], [-40.908454, -21.344525], [-40.91135, -21.336546], [-40.910318, -21.329975]]]}}, {"type": "Feature", "properties": {"nome": "Capitania da Baía de Todos os Santos", "nome_fonte": "Capitania da Baía de Todos os Santos", "inicio": "1534", "fim": "1547", "ohm_id": 2751401, "fonte": "OpenHistoricalMap (dados CC0)", "licenca": "CC0 1.0 (domínio público)", "natureza": "traçado histórico aproximado — não é limite exato", "area_graus2": 29.5755}, "geometry": {"type": "Polygon", "coordinates": [[[-38.583037, -13.020853], [-38.578542, -13.031634], [-38.575876, -13.036272], [-38.573132, -13.040082], [-38.570022, -13.04363], [-38.56659, -13.046868], [-38.562275, -13.050183], [-38.558243, -13.05268], [-38.553976, -13.054799], [-38.549534, -13.05651], [-38.544244, -13.057964], [-38.539539, -13.058768], [-38.534781, -13.059133], [-38.528736, -13.058981], [-38.524572, -13.059358], [-38.518735, -13.060583], [-38.510891, -13.06299], [-38.506236, -13.063784], [-38.502165, -13.064097], [-38.498926, -13.064988], [-38.494274, -13.065782], [-38.486833, -13.066121], [-38.48289, -13.066794], [-38.478128, -13.06716], [-38.472633, -13.067038], [-38.467904, -13.066462], [-38.462548, -13.065262], [-38.458025, -13.063765], [-38.453901, -13.06196], [-38.447426, -13.060575], [-38.442919, -13.059083], [-38.43855, -13.057171], [-38.434397, -13.05487], [-38.42992, -13.051765], [-38.426985, -13.049256], [-38.424441, -13.047846], [-38.419994, -13.044762], [-38.415108, -13.040399], [-38.411724, -13.038052], [-38.409214, -13.035906], [-38.402765, -13.031669], [-38.399207, -13.028627], [-38.396211, -13.02553], [-38.393528, -13.023669], [-38.389975, -13.020631], [-38.382024, -13.011917], [-38.376706, -13.009037], [-38.372572, -13.00617], [-38.365097, -13.007595], [-38.360368, -13.007958], [-38.354874, -13.007836], [-38.350145, -13.00726], [-38.344848, -13.006073], [-38.337327, -13.00329], [-38.330258, -13.001195], [-38.32594, -12.999305], [-38.321937, -12.997086], [-38.314908, -12.994261], [-38.310801, -12.991985], [-38.306324, -12.98888], [-38.302746, -12.985821], [-38.298816, -12.981671], [-38.293083, -12.977073], [-38.289836, -12.973715], [-38.286903, -12.97004], [-38.28515, -12.967312], [-38.28232, -12.964386], [-38.277931, -12.958511], [-38.273335, -12.953948], [-38.270423, -12.9503], [-38.267535, -12.945805], [-38.264291, -12.93884], [-38.261185, -12.934948], [-38.25501, -12.924654], [-38.24797, -12.923086], [-38.243448, -12.921588], [-38.23908, -12.919675], [-38.234927, -12.917373], [-38.23045, -12.914267], [-38.226893, -12.911224], [-38.222239, -12.906147], [-38.217056, -12.901101], [-38.212804, -12.895428], [-38.210528, -12.893073], [-38.207621, -12.88943], [-38.202222, -12.880538], [-38.197665, -12.876713], [-38.194404, -12.87334], [-38.19083, -12.868757], [-38.186334, -12.864997], [-38.183062, -12.861612], [-38.180129, -12.857936], [-38.178014, -12.854643], [-38.172385, -12.849185], [-38.169486, -12.845551], [-38.166573, -12.841015], [-38.164175, -12.836226], [-38.161656, -12.832949], [-38.157151, -12.829181], [-38.15388, -12.825796], [-38.150947, -12.822119], [-38.148637, -12.818523], [-38.142708, -12.813758], [-38.13946, -12.810397], [-38.136547, -12.806743], [-38.132706, -12.800511], [-38.128669, -12.797056], [-38.125384, -12.793657], [-38.122451, -12.78998], [-38.120275, -12.786591], [-38.11436, -12.780888], [-38.111465, -12.777257], [-38.10962, -12.774383], [-38.105263, -12.769186], [-38.102368, -12.764678], [-38.100486, -12.760952], [-38.095717, -12.75384], [-38.091754, -12.749809], [-38.08781, -12.744641], [-38.08369, -12.741135], [-38.080409, -12.73774], [-38.078263, -12.735049], [-38.074437, -12.731774], [-38.070507, -12.727621], [-38.064774, -12.723017], [-38.062931, -12.721111], [-38.058102, -12.717757], [-38.054511, -12.714683], [-38.051226, -12.711283], [-38.048293, -12.707604], [-38.04658, -12.704935], [-38.043352, -12.701594], [-38.038536, -12.695309], [-38.033759, -12.691991], [-38.028723, -12.687472], [-38.021669, -12.68289], [-38.018119, -12.679851], [-38.014834, -12.67645], [-38.011951, -12.672834], [-38.009192, -12.670472], [-38.005908, -12.667072], [-38.002975, -12.663392], [-38.000058, -12.658847], [-37.997946, -12.654666], [-37.996245, -12.650298], [-37.994979, -12.645803], [-37.994067, -12.640515], [-37.993784, -12.636287], [-37.991928, -12.631809], [-37.988973, -12.627203], [-37.985437, -12.623049], [-37.979819, -12.620029], [-37.975391, -12.616953], [-37.97049, -12.612568], [-37.965046, -12.608878], [-37.96147, -12.605816], [-37.958186, -12.602415], [-37.955253, -12.598734], [-37.952336, -12.594189], [-37.950941, -12.591425], [-37.947349, -12.586995], [-37.94444, -12.582461], [-37.942328, -12.578279], [-37.940804, -12.574364], [-37.93826, -12.570398], [-37.936148, -12.566215], [-37.934447, -12.561846], [-37.933263, -12.55764], [-37.930755, -12.551925], [-37.927267, -12.546592], [-37.925176, -12.54245], [-37.922975, -12.536469], [-37.921656, -12.534412], [-37.919047, -12.531709], [-37.916114, -12.528028], [-37.913074, -12.523288], [-37.909233, -12.518621], [-37.906331, -12.514096], [-37.904444, -12.510358], [-37.900132, -12.504003], [-37.898141, -12.500058], [-37.895886, -12.497227], [-37.891847, -12.490542], [-37.887251, -12.485087], [-37.884155, -12.480251], [-37.881106, -12.476423], [-37.8777, -12.470989], [-37.873871, -12.466331], [-37.872145, -12.463639], [-37.868228, -12.459635], [-37.865335, -12.456002], [-37.857979, -12.443699], [-37.853489, -12.439205], [-37.849264, -12.433566], [-37.846606, -12.430811], [-37.843673, -12.427129], [-37.841869, -12.424315], [-37.837666, -12.420066], [-37.834747, -12.416399], [-37.83183, -12.41185], [-37.829738, -12.407705], [-37.827394, -12.401158], [-37.825676, -12.397702], [-37.818999, -12.388637], [-37.809771, -12.373869], [-37.807124, -12.371126], [-37.804191, -12.367442], [-37.80129, -12.362916], [-37.798632, -12.357414], [-37.796124, -12.353502], [-37.794378, -12.35004], [-37.791145, -12.345978], [-37.788247, -12.341458], [-37.785401, -12.335507], [-37.78361, -12.333257], [-37.779887, -12.327217], [-37.777598, -12.324843], [-37.774665, -12.321159], [-37.771749, -12.316608], [-37.769668, -12.312483], [-37.767941, -12.310676], [-37.763874, -12.307847], [-37.760283, -12.304769], [-37.756999, -12.301364], [-37.7546, -12.29835], [-37.749268, -12.294004], [-37.746012, -12.290629], [-37.743079, -12.286944], [-37.740147, -12.282369], [-37.736045, -12.278203], [-37.733123, -12.274532], [-37.730206, -12.269981], [-37.728844, -12.267279], [-37.72452, -12.262088], [-37.721623, -12.257568], [-37.719578, -12.253511], [-37.715599, -12.248676], [-37.712697, -12.244147], [-37.710585, -12.239959], [-37.709099, -12.236137], [-37.705846, -12.231085], [-37.703074, -12.225322], [-37.700851, -12.222528], [-37.697955, -12.218009], [-37.695091, -12.211982], [-37.690725, -12.205551], [-37.687931, -12.199687], [-37.684539, -12.194476], [-37.682443, -12.190318], [-37.680362, -12.184739], [-37.676952, -12.179003], [-37.671982, -12.173154], [-37.669095, -12.168646], [-37.667349, -12.165182], [-37.664115, -12.161117], [-37.661211, -12.156583], [-37.658582, -12.151191], [-37.655532, -12.147357], [-37.652616, -12.142803], [-37.650504, -12.138613], [-37.648968, -12.134663], [-37.644701, -12.128335], [-37.642607, -12.12418], [-37.641333, -12.120901], [-37.638049, -12.116517], [-37.635106, -12.111922], [-37.632994, -12.107732], [-37.631293, -12.103355], [-37.630151, -12.099292], [-37.628066, -12.096671], [-37.625173, -12.092152], [-37.622248, -12.085956], [-37.619076, -12.080952], [-37.617177, -12.077135], [-37.61307, -12.067499], [-37.609521, -12.06309], [-37.60661, -12.058544], [-37.604498, -12.054353], [-37.602643, -12.049576], [-37.60043, -12.046121], [-37.598319, -12.04193], [-37.596618, -12.037551], [-37.595415, -12.033273], [-37.593871, -12.030209], [-37.591604, -12.023975], [-37.58946, -12.020626], [-37.58678, -12.015068], [-37.582585, -12.008851], [-37.579613, -12.002523], [-37.577428, -11.99911], [-37.575322, -11.99493], [-37.573384, -11.989819], [-37.569345, -11.981818], [-37.565423, -11.975948], [-37.56239, -11.969472], [-37.557837, -11.962795], [-37.555751, -11.958655], [-37.553785, -11.953502], [-37.552022, -11.950747], [-37.54991, -11.946555], [-37.548491, -11.9429], [-37.544803, -11.937293], [-37.5427, -11.933119], [-37.541, -11.92874], [-37.539622, -11.923819], [-37.536544, -11.916645], [-37.534747, -11.909241], [-37.532411, -11.903523], [-37.530978, -11.898335], [-37.528273, -11.893124], [-37.52658, -11.888763], [-37.525382, -11.884499], [-37.523511, -11.880683], [-37.519042, -11.874113], [-37.516966, -11.869991], [-37.514783, -11.864013], [-37.51103, -11.856867], [-37.508763, -11.853324], [-37.506651, -11.84913], [-37.505459, -11.846059], [-37.502583, -11.841564], [-37.500472, -11.837369], [-37.498771, -11.832988], [-37.497782, -11.829467], [-37.496033, -11.825994], [-37.49349, -11.818727], [-37.491202, -11.814183], [-37.489747, -11.810435], [-37.488193, -11.808005], [-37.48501, -11.801142], [-37.481287, -11.795504], [-37.479186, -11.791331], [-37.477505, -11.787], [-37.475648, -11.779411], [-37.471324, -11.772974], [-37.469243, -11.76884], [-37.467043, -11.762842], [-37.465163, -11.759902], [-37.462851, -11.755286], [-37.458968, -11.749453], [-37.45687, -11.745284], [-37.455478, -11.741698], [-37.450542, -11.735847], [-37.447652, -11.731328], [-37.445547, -11.727146], [-37.443505, -11.72173], [-37.439049, -11.715153], [-37.436957, -11.710996], [-37.435256, -11.706613], [-37.434368, -11.703449], [-37.430757, -11.696826], [-37.428921, -11.692094], [-37.426709, -11.688634], [-37.424619, -11.68448], [-37.422192, -11.677635], [-37.418742, -11.671277], [-37.41706, -11.666942], [-37.41566, -11.661937], [-37.413992, -11.65852], [-37.409522, -11.651943], [-37.407444, -11.647813], [-37.405276, -11.641929], [-37.402676, -11.637862], [-37.400567, -11.63367], [-37.398679, -11.628747], [-37.396486, -11.624712], [-37.394263, -11.621912], [-37.391347, -11.617349], [-37.389235, -11.613152], [-37.387525, -11.608743], [-37.385351, -11.601433], [-37.383323, -11.597565], [-37.38156, -11.595344], [-37.378644, -11.590781], [-37.376552, -11.586623], [-37.374188, -11.580004], [-37.371887, -11.575844], [-37.367638, -11.569554], [-37.365911, -11.56612], [-37.362678, -11.562047], [-37.359761, -11.557484], [-37.357751, -11.553486], [-37.355468, -11.550611], [-37.352551, -11.546047], [-37.350739, -11.542443], [-37.348945, -11.540183], [-37.346028, -11.535619], [-37.344706, -11.532991], [-37.341137, -11.528123], [-37.337139, -11.524053], [-37.332868, -11.518324], [-37.330613, -11.515979], [-37.326882, -11.511102], [-37.32268, -11.506855], [-37.321065, -11.50482], [-37.318427, -11.502551], [-37.315142, -11.499136], [-37.312209, -11.495441], [-37.309293, -11.490876], [-37.306991, -11.486299], [-37.300606, -11.481547], [-37.296728, -11.479436], [-37.295582, -11.47881], [-37.291119, -11.475696], [-37.287528, -11.472608], [-37.28425, -11.469199], [-37.280926, -11.464961], [-37.275976, -11.460073], [-37.273071, -11.456411], [-37.270154, -11.451846], [-37.268042, -11.447646], [-37.266353, -11.443289], [-37.264793, -11.437264], [-37.263595, -11.434173], [-37.262328, -11.429657], [-37.261416, -11.424345], [-37.261198, -11.421073], [-37.259925, -11.416533], [-37.259019, -11.411257], [-37.258724, -11.404575], [-37.258087, -11.402301], [-37.254982, -11.396459], [-37.2533, -11.392118], [-37.251824, -11.386693], [-37.248779, -11.380934], [-37.246425, -11.375386], [-37.244748, -11.37276], [-37.242657, -11.368601], [-37.240279, -11.361912], [-37.237851, -11.357155], [-37.235312, -11.349885], [-37.233033, -11.345354], [-37.230986, -11.339849], [-37.228207, -11.334537], [-37.227218, -11.331986], [-37.223276, -11.327153], [-37.220377, -11.322613], [-37.217999, -11.317815], [-37.214529, -11.312492], [-37.212525, -11.308505], [-37.21025, -11.305636], [-37.20688, -11.30028], [-37.204284, -11.297578], [-37.200022, -11.291863], [-37.196037, -11.287804], [-37.191596, -11.28181], [-37.186714, -11.276972], [-37.183834, -11.27334], [-37.179813, -11.266662], [-37.174851, -11.260802], [-37.17336, -11.258467], [-37.167824, -11.253056], [-37.165244, -11.249803], [-37.159601, -11.244317], [-37.155981, -11.239595], [-37.15142, -11.234832], [-37.145698, -11.230213], [-37.14297, -11.227373], [-37.137995, -11.223911], [-37.134406, -11.220822], [-37.131121, -11.217403], [-37.128188, -11.213704], [-37.126378, -11.210868], [-37.121638, -11.205242], [-37.118768, -11.200746], [-37.115977, -11.194875], [-37.113255, -11.190612], [-37.111144, -11.186408], [-37.109463, -11.182068], [-37.107706, -11.174873], [-37.106299, -11.17092], [-37.103244, -11.165173], [-37.101196, -11.159664], [-37.099754, -11.157056], [-37.096603, -11.153079], [-37.093686, -11.148509], [-37.091588, -11.144332], [-37.089433, -11.138444], [-37.083288, -11.12698], [-37.074257, -11.116316], [-37.071349, -11.111757], [-37.066388, -11.105904], [-37.062384, -11.099264], [-37.05971, -11.09648], [-37.056777, -11.092779], [-37.054302, -11.088899], [-37.050595, -11.08435], [-37.047218, -11.078941], [-37.043047, -11.073907], [-37.039312, -11.067781], [-37.035844, -11.063476], [-37.032268, -11.057667], [-37.029655, -11.054369], [-37.027879, -11.051586], [-37.022788, -11.045596], [-37.018708, -11.038775], [-37.015599, -11.03485], [-37.011875, -11.028757], [-37.007497, -11.023483], [-37.004286, -11.020718], [-37.001002, -11.017297], [-36.998069, -11.013595], [-36.995152, -11.009023], [-36.993049, -11.004834], [-36.991025, -10.999415], [-36.987528, -10.992971], [-36.985847, -10.988626], [-36.98458, -10.984104], [-36.983762, -10.97933], [-36.981426, -10.975667], [-36.978998, -10.970743], [-36.97432, -10.963833], [-36.97129, -10.960007], [-36.968382, -10.955449], [-36.965887, -10.950345], [-36.961624, -10.943955], [-36.958587, -10.94012], [-36.955631, -10.935486], [-36.95328, -10.933036], [-36.950347, -10.929333], [-36.94747, -10.924821], [-36.944354, -10.921575], [-36.941437, -10.917892], [-36.937779, -10.911951], [-36.934397, -10.908427], [-36.931461, -10.90472], [-36.926142, -10.896437], [-36.925106, -10.894371], [-36.920225, -10.887918], [-36.91621, -10.883391], [-36.91312, -10.88123], [-36.909531, -10.878138], [-36.905853, -10.874293], [-36.901791, -10.871453], [-36.8982, -10.868358], [-36.894949, -10.864971], [-36.890745, -10.859337], [-36.887705, -10.856169], [-36.884772, -10.852465], [-36.882843, -10.849438], [-36.87807, -10.844676], [-36.875169, -10.841013], [-36.871796, -10.835616], [-36.867238, -10.830172], [-36.865584, -10.827576], [-36.86024, -10.82157], [-36.854253, -10.816757], [-36.849249, -10.811223], [-36.846173, -10.809071], [-36.842626, -10.806014], [-36.834543, -10.796987], [-36.828464, -10.792107], [-36.82574, -10.789267], [-36.820765, -10.7858], [-36.817176, -10.782706], [-36.813914, -10.779306], [-36.810124, -10.774324], [-36.805275, -10.769423], [-36.801039, -10.76584], [-36.797233, -10.761807], [-36.792793, -10.758077], [-36.788958, -10.754027], [-36.784718, -10.751062], [-36.78114, -10.747978], [-36.77717, -10.743752], [-36.773877, -10.741269], [-36.766832, -10.737633], [-36.762404, -10.734536], [-36.758371, -10.731048], [-36.754554, -10.728915], [-36.748444, -10.724426], [-36.742122, -10.721111], [-36.737453, -10.717844], [-36.732578, -10.715698], [-36.728427, -10.713378], [-36.724924, -10.710928], [-36.718468, -10.708258], [-36.71435, -10.705957], [-36.711758, -10.704143], [-36.704378, -10.701166], [-36.700274, -10.698872], [-36.695567, -10.69558], [-36.690728, -10.693449], [-36.68503, -10.690093], [-36.678304, -10.687342], [-36.673552, -10.684643], [-36.666977, -10.681946], [-36.662224, -10.679244], [-36.656727, -10.676909], [-36.650745, -10.673351], [-36.644658, -10.670812], [-36.640527, -10.668504], [-36.63163, -10.662362], [-36.626009, -10.657213], [-36.619905, -10.653979], [-36.61546, -10.650868], [-36.611877, -10.647779], [-36.608044, -10.643558], [-48.798477, -10.444856], [-48.798439, -12.527748], [-48.798426, -13.196884], [-39.251366, -13.151581], [-38.791692, -13.149269], [-38.797617, -13.136657], [-38.801994, -13.129803], [-38.804655, -13.12136], [-38.804569, -13.115425], [-38.801737, -13.102217], [-38.801479, -13.073041], [-38.801651, -13.061586], [-38.799849, -13.055984], [-38.796158, -13.051469], [-38.788433, -13.042773], [-38.787832, -13.03968], [-38.789377, -13.035582], [-38.789377, -13.030314], [-38.788004, -13.021534], [-38.776503, -12.998536], [-38.767834, -12.986075], [-38.758135, -12.976959], [-38.754616, -12.969431], [-38.740626, -12.957972], [-38.732386, -12.948185], [-38.727236, -12.938064], [-38.72303, -12.924846], [-38.720799, -12.920412], [-38.716078, -12.915811], [-38.707838, -12.900836], [-38.704405, -12.88929], [-38.702602, -12.879249], [-38.704577, -12.872221], [-38.686295, -12.862514], [-38.666554, -12.850799], [-38.629818, -12.87038], [-38.599949, -12.884604], [-38.585701, -12.893138], [-38.565788, -12.916564], [-38.560639, -12.934132], [-38.559437, -12.949356], [-38.563042, -12.960732], [-38.570252, -12.975118], [-38.58038, -12.988333], [-38.585358, -12.997867], [-38.585873, -13.004892], [-38.585873, -13.011917], [-38.583037, -13.020853]]]}}]}