{"type":"FeatureCollection","features":[{"type":"Feature","geometry":{"type":"Point","coordinates":[-52.36797,-29.97631]},"properties":{"id":"FEPAM (RS):AI 4 (Proc. 001374-0567/17-1)","orgao":"FEPAM (RS)","uf":"RS","ano":2017,"categoria":"auto_infracao","tipo":"Auto de Infração — Poluição","empresa":"J Renato Rauber & Cia Ltda","municipio":"Rio Pardo","porte":null,"valor":null,"processo":"AI 4 (Proc. 001374-0567/17-1)","link_oficial":"https://sol.fepam.rs.gov.br/consulta/processo?termo=001374-0567/17-1","resumo":"Poluição · Julgamento: Anulado · Multa: R$ 4071 · Fazer funcionar atividade (terminal de minério), sem sistema de drenagem; e ter realizado construção de novas ","aprox":true}},{"type":"Feature","geometry":{"type":"Point","coordinates":[-51.53272,-29.17024]},"properties":{"id":"FEPAM (RS):AI 6 (Proc. 001490-0567/17-1)","orgao":"FEPAM (RS)","uf":"RS","ano":2017,"categoria":"auto_infracao","tipo":"Auto de Infração — Administrativa","empresa":"Vivendas Urbanizadora Spe Ltda","municipio":"Bento Gonçalves","porte":null,"valor":null,"processo":"AI 6 (Proc. 001490-0567/17-1)","link_oficial":"https://sol.fepam.rs.gov.br/consulta/processo?termo=001490-0567/17-1","resumo":"Administrativa · Julgamento: Anulado · Multa: R$ 3394 · Omissão de informações sobre recurso hídrico superficial, situado nas coordenadas geográficas -29.192589","aprox":true}},{"type":"Feature","geometry":{"type":"Point","coordinates":[-52.42912,-28.25725]},"properties":{"id":"FEPAM (RS):AI 17 (Proc. 001410-0567/17-7)","orgao":"FEPAM (RS)","uf":"RS","ano":2017,"categoria":"auto_infracao","tipo":"Auto de Infração — Administrativa","empresa":"Pedreira Ferri Ltda","municipio":"Passo Fundo","porte":null,"valor":null,"processo":"AI 17 (Proc. 001410-0567/17-7)","link_oficial":"https://sol.fepam.rs.gov.br/consulta/processo?termo=001410-0567/17-7","resumo":"Administrativa · Julgamento: Prescrito · Multa: R$ 1034 · Não apresentação, com periodicidade anual, dos relatórios referentes as detonações e acompanhamento de","aprox":true}},{"type":"Feature","geometry":{"type":"Point","coordinates":[-50.57276,-29.44366]},"properties":{"id":"FEPAM (RS):AI 18 (Proc. 001403-0567/17-3)","orgao":"FEPAM (RS)","uf":"RS","ano":2017,"categoria":"auto_infracao","tipo":"Auto de Infração — Flora","empresa":"Geny Almeida Vallim Candiago","municipio":"São Francisco de Paula","porte":null,"valor":null,"processo":"AI 18 (Proc. 001403-0567/17-3)","link_oficial":"https://sol.fepam.rs.gov.br/consulta/processo?termo=001403-0567/17-3","resumo":"Flora · Julgamento: Anulado · Multa: R$ 106000 · Conversão de vegetação nativa campestre do Bioma Mata Atlântica, campos de cima da serra, com superfície estima","aprox":true}},{"type":"Feature","geometry":{"type":"Point","coordinates":[-50.57276,-29.44366]},"properties":{"id":"FEPAM (RS):AI 18 (Proc. 001403-0567/17-3)","orgao":"FEPAM (RS)","uf":"RS","ano":2017,"categoria":"auto_infracao","tipo":"Auto de Infração — Flora","empresa":"Geny Almeida Vallim Candiago","municipio":"São Francisco de Paula","porte":null,"valor":null,"processo":"AI 18 (Proc. 001403-0567/17-3)","link_oficial":"https://sol.fepam.rs.gov.br/consulta/processo?termo=001403-0567/17-3","resumo":"Flora · Julgamento: Anulado · Conversão de vegetação nativa campestre do Bioma Mata Atlântica, campos de cima da serra, com superfície estimada de: a) 35,2 ha e","aprox":true}},{"type":"Feature","geometry":{"type":"Point","coordinates":[-52.79674,-28.3153]},"properties":{"id":"FEPAM (RS):AI 19 (Proc. 001462-0567/17-1)","orgao":"FEPAM (RS)","uf":"RS","ano":2017,"categoria":"auto_infracao","tipo":"Auto de Infração — Administrativa","empresa":"Ebamag Armazens Gerais Logistica Ltda","municipio":"Carazinho","porte":null,"valor":null,"processo":"AI 19 (Proc. 001462-0567/17-1)","link_oficial":"https://sol.fepam.rs.gov.br/consulta/processo?termo=001462-0567/17-1","resumo":"Administrativa · Julgamento: Procedente Por Pagamento · Multa: R$ 5107 · Construir/implantar estabelecimento potencialmente poluidor (depósito de agrotóxicos) s","aprox":true}},{"type":"Feature","geometry":{"type":"Point","coordinates":[-52.79674,-28.3153]},"properties":{"id":"FEPAM (RS):AI 19 (Proc. 001462-0567/17-1)","orgao":"FEPAM (RS)","uf":"RS","ano":2017,"categoria":"auto_infracao","tipo":"Auto de Infração — Administrativa","empresa":"Ebamag Armazens Gerais Logistica Ltda","municipio":"Carazinho","porte":null,"valor":null,"processo":"AI 19 (Proc. 001462-0567/17-1)","link_oficial":"https://sol.fepam.rs.gov.br/consulta/processo?termo=001462-0567/17-1","resumo":"Administrativa · Julgamento: Procedente Por Pagamento · Multa: R$ 5107 · Construir/implantar estabelecimento potencialmente poluidor (depósito de agrotóxicos) s","aprox":true}},{"type":"Feature","geometry":{"type":"Point","coordinates":[-53.49278,-30.49762]},"properties":{"id":"FEPAM (RS):AI 20 (Proc. 001463-0567/17-4)","orgao":"FEPAM (RS)","uf":"RS","ano":2017,"categoria":"auto_infracao","tipo":"Auto de Infração — Administrativa","empresa":"Izabelo Everton O. Henriques","municipio":"Caçapava do Sul","porte":null,"valor":null,"processo":"AI 20 (Proc. 001463-0567/17-4)","link_oficial":"https://sol.fepam.rs.gov.br/consulta/processo?termo=001463-0567/17-4","resumo":"Administrativa · Julgamento: Procedente · Multa: R$ 1267 · Implantação e operação de atividade potencialmente poluidora (secagem e salga de couros e peles), com","aprox":true}},{"type":"Feature","geometry":{"type":"Point","coordinates":[-53.49278,-30.49762]},"properties":{"id":"FEPAM (RS):AI 20 (Proc. 001463-0567/17-4)","orgao":"FEPAM (RS)","uf":"RS","ano":2017,"categoria":"auto_infracao","tipo":"Auto de Infração — Administrativa","empresa":"Izabelo Everton O. Henriques","municipio":"Caçapava do Sul","porte":null,"valor":null,"processo":"AI 20 (Proc. 001463-0567/17-4)","link_oficial":"https://sol.fepam.rs.gov.br/consulta/processo?termo=001463-0567/17-4","resumo":"Administrativa · Julgamento: Procedente · Multa: R$ 1267 · Implantação e operação de atividade potencialmente poluidora (secagem e salga de couros e peles), com","aprox":true}},{"type":"Feature","geometry":{"type":"Point","coordinates":[-51.14912,-29.5933]},"properties":{"id":"FEPAM (RS):AI 21 (Proc. 001488-0567/17-1)","orgao":"FEPAM (RS)","uf":"RS","ano":2017,"categoria":"auto_infracao","tipo":"Auto de Infração — Administrativa","empresa":"Voti Plasticos Ltda.","municipio":"Ivoti","porte":null,"valor":null,"processo":"AI 21 (Proc. 001488-0567/17-1)","link_oficial":"https://sol.fepam.rs.gov.br/consulta/processo?termo=001488-0567/17-1","resumo":"Administrativa · Julgamento: Procedente · Multa: R$ 2419 · funcionamento de estabelecimento potencialmente poluidor (fabricação de artefatos de material plástic","aprox":true}},{"type":"Feature","geometry":{"type":"Point","coordinates":[-51.14912,-29.5933]},"properties":{"id":"FEPAM (RS):AI 21 (Proc. 001488-0567/17-1)","orgao":"FEPAM (RS)","uf":"RS","ano":2017,"categoria":"auto_infracao","tipo":"Auto de Infração — Administrativa","empresa":"Voti Plasticos Ltda.","municipio":"Ivoti","porte":null,"valor":null,"processo":"AI 21 (Proc. 001488-0567/17-1)","link_oficial":"https://sol.fepam.rs.gov.br/consulta/processo?termo=001488-0567/17-1","resumo":"Administrativa · Julgamento: Procedente · Multa: R$ 2419 · funcionamento de estabelecimento potencialmente poluidor (fabricação de artefatos de material plástic","aprox":true}},{"type":"Feature","geometry":{"type":"Point","coordinates":[-52.57854,-28.50194]},"properties":{"id":"FEPAM (RS):AI 22 (Proc. 001468-0567/17-8)","orgao":"FEPAM (RS)","uf":"RS","ano":2017,"categoria":"auto_infracao","tipo":"Auto de Infração — Flora","empresa":"Hildeberto Schmidt","municipio":"Ernestina","porte":null,"valor":null,"processo":"AI 22 (Proc. 001468-0567/17-8)","link_oficial":"https://sol.fepam.rs.gov.br/consulta/processo?termo=001468-0567/17-8","resumo":"Flora · Julgamento: Procedente · Multa: R$ 1000 · Limpeza de uma área de 0,7 hectare com o uso de fogo sem licença ou autorização do órgão ambiental competente.","aprox":true}},{"type":"Feature","geometry":{"type":"Point","coordinates":[-52.57854,-28.50194]},"properties":{"id":"FEPAM (RS):AI 22 (Proc. 001468-0567/17-8)","orgao":"FEPAM (RS)","uf":"RS","ano":2017,"categoria":"auto_infracao","tipo":"Auto de Infração — Flora","empresa":"Hildeberto Schmidt","municipio":"Ernestina","porte":null,"valor":null,"processo":"AI 22 (Proc. 001468-0567/17-8)","link_oficial":"https://sol.fepam.rs.gov.br/consulta/processo?termo=001468-0567/17-8","resumo":"Flora · Julgamento: Procedente · Multa: R$ 1000 · Limpeza de uma área de 0,7 hectare com o uso de fogo sem licença ou autorização do órgão ambiental competente.","aprox":true}},{"type":"Feature","geometry":{"type":"Point","coordinates":[-51.16149,-29.59355]},"properties":{"id":"FEPAM (RS):AI 23 (Proc. 001489-0567/17-4)","orgao":"FEPAM (RS)","uf":"RS","ano":2017,"categoria":"auto_infracao","tipo":"Auto de Infração — Administrativa","empresa":"Palmitec Indústria de Palmilhas Ltda","municipio":"Ivoti","porte":null,"valor":null,"processo":"AI 23 (Proc. 001489-0567/17-4)","link_oficial":"https://sol.fepam.rs.gov.br/consulta/processo?termo=001489-0567/17-4","resumo":"Administrativa · Julgamento: Procedente · Multa: R$ 9310 · operação de empreendimento sem a devida licença de operação; e queimar resíduos sólidos (madeiras e m","aprox":true}},{"type":"Feature","geometry":{"type":"Point","coordinates":[-51.16149,-29.59355]},"properties":{"id":"FEPAM (RS):AI 23 (Proc. 001489-0567/17-4)","orgao":"FEPAM (RS)","uf":"RS","ano":2017,"categoria":"auto_infracao","tipo":"Auto de Infração — Administrativa","empresa":"Palmitec Indústria de Palmilhas Ltda","municipio":"Ivoti","porte":null,"valor":null,"processo":"AI 23 (Proc. 001489-0567/17-4)","link_oficial":"https://sol.fepam.rs.gov.br/consulta/processo?termo=001489-0567/17-4","resumo":"Administrativa · Julgamento: Procedente · Multa: R$ 9310 · operação de empreendimento sem a devida licença de operação; e queimar resíduos sólidos (madeiras e m","aprox":true}},{"type":"Feature","geometry":{"type":"Point","coordinates":[-53.48184,-30.50454]},"properties":{"id":"FEPAM (RS):AI 24 (Proc. 001508-0567/17-5)","orgao":"FEPAM (RS)","uf":"RS","ano":2017,"categoria":"auto_infracao","tipo":"Auto de Infração — Administrativa","empresa":"Sind dos Trab Ind Const E do Mobil de Cacapava do Sul","municipio":"Caçapava do Sul","porte":null,"valor":null,"processo":"AI 24 (Proc. 001508-0567/17-5)","link_oficial":"https://sol.fepam.rs.gov.br/consulta/processo?termo=001508-0567/17-5","resumo":"Administrativa · Julgamento: Procedente Por Pagamento · Multa: R$ 1651 · Construção de edificação na área do empreendimento, para abrigar um salão de festas, se","aprox":true}},{"type":"Feature","geometry":{"type":"Point","coordinates":[-53.48184,-30.50454]},"properties":{"id":"FEPAM (RS):AI 24 (Proc. 001508-0567/17-5)","orgao":"FEPAM (RS)","uf":"RS","ano":2017,"categoria":"auto_infracao","tipo":"Auto de Infração — Administrativa","empresa":"Sind dos Trab Ind Const E do Mobil de Cacapava do Sul","municipio":"Caçapava do Sul","porte":null,"valor":null,"processo":"AI 24 (Proc. 001508-0567/17-5)","link_oficial":"https://sol.fepam.rs.gov.br/consulta/processo?termo=001508-0567/17-5","resumo":"Administrativa · Julgamento: Procedente Por Pagamento · Multa: R$ 1651 · Construção de edificação na área do empreendimento, para abrigar um salão de festas, se","aprox":true}},{"type":"Feature","geometry":{"type":"Point","coordinates":[-51.78941,-28.59629]},"properties":{"id":"FEPAM (RS):AI 25 (Proc. 001509-0567/17-8)","orgao":"FEPAM (RS)","uf":"RS","ano":2017,"categoria":"auto_infracao","tipo":"Auto de Infração — Administrativa","empresa":"Prefeitura Municipal de Parai","municipio":"Paraí","porte":null,"valor":null,"processo":"AI 25 (Proc. 001509-0567/17-8)","link_oficial":"https://sol.fepam.rs.gov.br/consulta/processo?termo=001509-0567/17-8","resumo":"Administrativa · Julgamento: Anulado · Multa: R$ 12019 · Descumprimento do Projeto Urbanístico aprovado, por alterar o uso de Áreas Institucionais e abertura de","aprox":true}},{"type":"Feature","geometry":{"type":"Point","coordinates":[-52.41899,-29.73312]},"properties":{"id":"FEPAM (RS):AI 26 (Proc. 001513-0567/17-3)","orgao":"FEPAM (RS)","uf":"RS","ano":2017,"categoria":"auto_infracao","tipo":"Auto de Infração — Poluição","empresa":"Atc - Associated Tobacco Company Brasil Exportacao E Importacao de Tabaco Ltda","municipio":"Santa Cruz do Sul","porte":null,"valor":null,"processo":"AI 26 (Proc. 001513-0567/17-3)","link_oficial":"https://sol.fepam.rs.gov.br/consulta/processo?termo=001513-0567/17-3","resumo":"Poluição · Julgamento: Procedente · Multa: R$ 3571 · Ampliação de área construída e de área útil total, além da capacidade produtiva, conforme dados apresentado","aprox":true}},{"type":"Feature","geometry":{"type":"Point","coordinates":[-52.41899,-29.73312]},"properties":{"id":"FEPAM (RS):AI 26 (Proc. 001513-0567/17-3)","orgao":"FEPAM (RS)","uf":"RS","ano":2017,"categoria":"auto_infracao","tipo":"Auto de Infração — Poluição","empresa":"Atc - Associated Tobacco Company Brasil Exportacao E Importacao de Tabaco Ltda","municipio":"Santa Cruz do Sul","porte":null,"valor":null,"processo":"AI 26 (Proc. 001513-0567/17-3)","link_oficial":"https://sol.fepam.rs.gov.br/consulta/processo?termo=001513-0567/17-3","resumo":"Poluição · Julgamento: Procedente · Multa: R$ 3571 · Ampliação de área construída e de área útil total, além da capacidade produtiva, conforme dados apresentado","aprox":true}},{"type":"Feature","geometry":{"type":"Point","coordinates":[-51.19138,-29.90579]},"properties":{"id":"FEPAM (RS):AI 27 (Proc. 001546-0567/17-7)","orgao":"FEPAM (RS)","uf":"RS","ano":2017,"categoria":"auto_infracao","tipo":"Auto de Infração — Administrativa","empresa":"Abastecedora de Combustíveis Combas Ltda","municipio":"Canoas","porte":null,"valor":null,"processo":"AI 27 (Proc. 001546-0567/17-7)","link_oficial":"https://sol.fepam.rs.gov.br/consulta/processo?termo=001546-0567/17-7","resumo":"Administrativa · Julgamento: Procedente · Multa: R$ 2419 · Não foi realizada a manutenção e limpeza adequada da Caixa Separadora de Água e Óleo, contrariando o ","aprox":true}},{"type":"Feature","geometry":{"type":"Point","coordinates":[-51.19138,-29.90579]},"properties":{"id":"FEPAM (RS):AI 27 (Proc. 001546-0567/17-7)","orgao":"FEPAM (RS)","uf":"RS","ano":2017,"categoria":"auto_infracao","tipo":"Auto de Infração — Administrativa","empresa":"Abastecedora de Combustíveis Combas Ltda","municipio":"Canoas","porte":null,"valor":null,"processo":"AI 27 (Proc. 001546-0567/17-7)","link_oficial":"https://sol.fepam.rs.gov.br/consulta/processo?termo=001546-0567/17-7","resumo":"Administrativa · Julgamento: Procedente · Multa: R$ 2419 · Não foi realizada a manutenção e limpeza adequada da Caixa Separadora de Água e Óleo, contrariando o ","aprox":true}},{"type":"Feature","geometry":{"type":"Point","coordinates":[-52.832,-28.73291]},"properties":{"id":"FEPAM (RS):AI 28 (Proc. 001556-0567/17-9)","orgao":"FEPAM (RS)","uf":"RS","ano":2017,"categoria":"auto_infracao","tipo":"Auto de Infração — Administrativa","empresa":"Amauri Comin","municipio":"Espumoso","porte":null,"valor":null,"processo":"AI 28 (Proc. 001556-0567/17-9)","link_oficial":"https://sol.fepam.rs.gov.br/consulta/processo?termo=001556-0567/17-9","resumo":"Administrativa · Julgamento: Procedente · Multa: R$ 6481 · Descumprimento do Of. FEPAM/DASP/DILC nº 9995/2016, no prazo estabelecido de 90 (noventa) dias; e fun","aprox":true}},{"type":"Feature","geometry":{"type":"Point","coordinates":[-52.832,-28.73291]},"properties":{"id":"FEPAM (RS):AI 28 (Proc. 001556-0567/17-9)","orgao":"FEPAM (RS)","uf":"RS","ano":2017,"categoria":"auto_infracao","tipo":"Auto de Infração — Administrativa","empresa":"Amauri Comin","municipio":"Espumoso","porte":null,"valor":null,"processo":"AI 28 (Proc. 001556-0567/17-9)","link_oficial":"https://sol.fepam.rs.gov.br/consulta/processo?termo=001556-0567/17-9","resumo":"Administrativa · Julgamento: Procedente · Multa: R$ 6481 · Descumprimento do Of. FEPAM/DASP/DILC nº 9995/2016, no prazo estabelecido de 90 (noventa) dias; e fun","aprox":true}},{"type":"Feature","geometry":{"type":"Point","coordinates":[-54.66971,-30.99342]},"properties":{"id":"FEPAM (RS):AI 29 (Proc. 001555-0567/17-6)","orgao":"FEPAM (RS)","uf":"RS","ano":2017,"categoria":"auto_infracao","tipo":"Auto de Infração — Administrativa","empresa":"Cotrijui - Cooperativa Agropecuaria & Industrial","municipio":"Dom Pedrito","porte":null,"valor":null,"processo":"AI 29 (Proc. 001555-0567/17-6)","link_oficial":"https://sol.fepam.rs.gov.br/consulta/processo?termo=001555-0567/17-6","resumo":"Administrativa · Julgamento: Procedente · Multa: R$ 8025 · Emissão de material particulado fora de padrões e ausência de sistemas de contenções para emissão de ","aprox":true}},{"type":"Feature","geometry":{"type":"Point","coordinates":[-54.66971,-30.99342]},"properties":{"id":"FEPAM (RS):AI 29 (Proc. 001555-0567/17-6)","orgao":"FEPAM (RS)","uf":"RS","ano":2017,"categoria":"auto_infracao","tipo":"Auto de Infração — Administrativa","empresa":"Cotrijui - Cooperativa Agropecuaria & Industrial","municipio":"Dom Pedrito","porte":null,"valor":null,"processo":"AI 29 (Proc. 001555-0567/17-6)","link_oficial":"https://sol.fepam.rs.gov.br/consulta/processo?termo=001555-0567/17-6","resumo":"Administrativa · Julgamento: Procedente · Multa: R$ 8025 · Emissão de material particulado fora de padrões e ausência de sistemas de contenções para emissão de ","aprox":true}},{"type":"Feature","geometry":{"type":"Point","coordinates":[-50.94562,-28.52755]},"properties":{"id":"FEPAM (RS):AI 30 (Proc. 001558-0567/17-4)","orgao":"FEPAM (RS)","uf":"RS","ano":2017,"categoria":"auto_infracao","tipo":"Auto de Infração — Administrativa","empresa":"Rodoplan Industria E Comércio de Britas Ltda - Me","municipio":"Vacaria","porte":null,"valor":null,"processo":"AI 30 (Proc. 001558-0567/17-4)","link_oficial":"https://sol.fepam.rs.gov.br/consulta/processo?termo=001558-0567/17-4","resumo":"Administrativa · Julgamento: Procedente · Multa: R$ 2419 · Depósito irregular de resíduos sólidos e formação de talude com avanço de lavra, até o limite da estr","aprox":true}},{"type":"Feature","geometry":{"type":"Point","coordinates":[-50.94562,-28.52755]},"properties":{"id":"FEPAM (RS):AI 30 (Proc. 001558-0567/17-4)","orgao":"FEPAM (RS)","uf":"RS","ano":2017,"categoria":"auto_infracao","tipo":"Auto de Infração — Administrativa","empresa":"Rodoplan Industria E Comércio de Britas Ltda - Me","municipio":"Vacaria","porte":null,"valor":null,"processo":"AI 30 (Proc. 001558-0567/17-4)","link_oficial":"https://sol.fepam.rs.gov.br/consulta/processo?termo=001558-0567/17-4","resumo":"Administrativa · Julgamento: Procedente · Multa: R$ 2419 · Depósito irregular de resíduos sólidos e formação de talude com avanço de lavra, até o limite da estr","aprox":true}},{"type":"Feature","geometry":{"type":"Point","coordinates":[-54.25473,-28.28669]},"properties":{"id":"FEPAM (RS):AI 31 (Proc. 001561-0567/17-7)","orgao":"FEPAM (RS)","uf":"RS","ano":2017,"categoria":"auto_infracao","tipo":"Auto de Infração — Poluição","empresa":"Comercial de Combustíveis Londero Ltda","municipio":"Santo Ângelo","porte":null,"valor":null,"processo":"AI 31 (Proc. 001561-0567/17-7)","link_oficial":"https://sol.fepam.rs.gov.br/consulta/processo?termo=001561-0567/17-7","resumo":"Poluição · Julgamento: Procedente · Multa: R$ 2995 · Não apresentação dos documentos solicitados referentes aos anos de 2016 e 2017, e a documentação referente ","aprox":true}},{"type":"Feature","geometry":{"type":"Point","coordinates":[-54.25473,-28.28669]},"properties":{"id":"FEPAM (RS):AI 31 (Proc. 001561-0567/17-7)","orgao":"FEPAM (RS)","uf":"RS","ano":2017,"categoria":"auto_infracao","tipo":"Auto de Infração — Poluição","empresa":"Comercial de Combustíveis Londero Ltda","municipio":"Santo Ângelo","porte":null,"valor":null,"processo":"AI 31 (Proc. 001561-0567/17-7)","link_oficial":"https://sol.fepam.rs.gov.br/consulta/processo?termo=001561-0567/17-7","resumo":"Poluição · Julgamento: Procedente · Multa: R$ 2995 · Não apresentação dos documentos solicitados referentes aos anos de 2016 e 2017, e a documentação referente ","aprox":true}},{"type":"Feature","geometry":{"type":"Point","coordinates":[-54.34149,-28.02281]},"properties":{"id":"FEPAM (RS):AI 32 (Proc. 001638-0567/17-9)","orgao":"FEPAM (RS)","uf":"RS","ano":2017,"categoria":"auto_infracao","tipo":"Auto de Infração — Administrativa","empresa":"Cooperativa de Distribuicao E Geracao de Energia das Missoes - Cermissoes","municipio":"Giruá","porte":null,"valor":null,"processo":"AI 32 (Proc. 001638-0567/17-9)","link_oficial":"https://sol.fepam.rs.gov.br/consulta/processo?termo=001638-0567/17-9","resumo":"Administrativa · Julgamento: Procedente · Multa: R$ 500 · Funcionamento de atividade potencialmente poluidora, sem licenciamento junto ao Órgão Ambiental compet","aprox":true}},{"type":"Feature","geometry":{"type":"Point","coordinates":[-54.34149,-28.02281]},"properties":{"id":"FEPAM (RS):AI 32 (Proc. 001638-0567/17-9)","orgao":"FEPAM (RS)","uf":"RS","ano":2017,"categoria":"auto_infracao","tipo":"Auto de Infração — Administrativa","empresa":"Cooperativa de Distribuicao E Geracao de Energia das Missoes - Cermissoes","municipio":"Giruá","porte":null,"valor":null,"processo":"AI 32 (Proc. 001638-0567/17-9)","link_oficial":"https://sol.fepam.rs.gov.br/consulta/processo?termo=001638-0567/17-9","resumo":"Administrativa · Julgamento: Procedente · Multa: R$ 500 · Funcionamento de atividade potencialmente poluidora, sem licenciamento junto ao Órgão Ambiental compet","aprox":true}},{"type":"Feature","geometry":{"type":"Point","coordinates":[-52.48906,-31.76552]},"properties":{"id":"FEPAM (RS):AI 33 (Proc. 001565-0567/17-8)","orgao":"FEPAM (RS)","uf":"RS","ano":2017,"categoria":"auto_infracao","tipo":"Auto de Infração — Administrativa","empresa":"Agrofel Agro Comercial Ltda","municipio":"Capão do Leão","porte":null,"valor":null,"processo":"AI 33 (Proc. 001565-0567/17-8)","link_oficial":"https://sol.fepam.rs.gov.br/consulta/processo?termo=001565-0567/17-8","resumo":"Administrativa · Julgamento: Procedente · Multa: R$ 4839 · Não apresentação, via digital, das Planilhas de Geração e Destinação de Resíduos Sólidos, nos prazos ","aprox":true}},{"type":"Feature","geometry":{"type":"Point","coordinates":[-52.48906,-31.76552]},"properties":{"id":"FEPAM (RS):AI 33 (Proc. 001565-0567/17-8)","orgao":"FEPAM (RS)","uf":"RS","ano":2017,"categoria":"auto_infracao","tipo":"Auto de Infração — Administrativa","empresa":"Agrofel Agro Comercial Ltda","municipio":"Capão do Leão","porte":null,"valor":null,"processo":"AI 33 (Proc. 001565-0567/17-8)","link_oficial":"https://sol.fepam.rs.gov.br/consulta/processo?termo=001565-0567/17-8","resumo":"Administrativa · Julgamento: Procedente · Multa: R$ 4839 · Não apresentação, via digital, das Planilhas de Geração e Destinação de Resíduos Sólidos, nos prazos ","aprox":true}},{"type":"Feature","geometry":{"type":"Point","coordinates":[-51.68716,-28.25792]},"properties":{"id":"FEPAM (RS):AI 34 (Proc. 001567-0567/17-3)","orgao":"FEPAM (RS)","uf":"RS","ano":2017,"categoria":"auto_infracao","tipo":"Auto de Infração — Administrativa","empresa":"Prefeitura Municipal de Caseiros","municipio":"Caseiros","porte":null,"valor":null,"processo":"AI 34 (Proc. 001567-0567/17-3)","link_oficial":"https://sol.fepam.rs.gov.br/consulta/processo?termo=001567-0567/17-3","resumo":"Administrativa · Julgamento: Não Julgado · Multa: R$ 6759 · Operação de atividade potencialmente poluidora, sem licenciamento junto ao Órgão Ambiental competent","aprox":true}},{"type":"Feature","geometry":{"type":"Point","coordinates":[-51.68716,-28.25792]},"properties":{"id":"FEPAM (RS):AI 34 (Proc. 001567-0567/17-3)","orgao":"FEPAM (RS)","uf":"RS","ano":2017,"categoria":"auto_infracao","tipo":"Auto de Infração — Administrativa","empresa":"Prefeitura Municipal de Caseiros","municipio":"Caseiros","porte":null,"valor":null,"processo":"AI 34 (Proc. 001567-0567/17-3)","link_oficial":"https://sol.fepam.rs.gov.br/consulta/processo?termo=001567-0567/17-3","resumo":"Administrativa · Julgamento: Não Julgado · Multa: R$ 6759 · Operação de atividade potencialmente poluidora, sem licenciamento junto ao Órgão Ambiental competent","aprox":true}},{"type":"Feature","geometry":{"type":"Point","coordinates":[-51.06358,-29.69003]},"properties":{"id":"FEPAM (RS):AI 35 (Proc. 001573-0567/17-4)","orgao":"FEPAM (RS)","uf":"RS","ano":2017,"categoria":"auto_infracao","tipo":"Auto de Infração — Administrativa","empresa":"Prefeitura Municipal de Campo Bom","municipio":"Campo Bom","porte":null,"valor":null,"processo":"AI 35 (Proc. 001573-0567/17-4)","link_oficial":"https://sol.fepam.rs.gov.br/consulta/processo?termo=001573-0567/17-4","resumo":"Administrativa · Julgamento: Procedente · Multa: R$ 3303 · Funcionamento de atividade potencialmente poluidora (Loteamento Industrial), sem licenciamento junto ","aprox":true}},{"type":"Feature","geometry":{"type":"Point","coordinates":[-51.06358,-29.69003]},"properties":{"id":"FEPAM (RS):AI 35 (Proc. 001573-0567/17-4)","orgao":"FEPAM (RS)","uf":"RS","ano":2017,"categoria":"auto_infracao","tipo":"Auto de Infração — Administrativa","empresa":"Prefeitura Municipal de Campo Bom","municipio":"Campo Bom","porte":null,"valor":null,"processo":"AI 35 (Proc. 001573-0567/17-4)","link_oficial":"https://sol.fepam.rs.gov.br/consulta/processo?termo=001573-0567/17-4","resumo":"Administrativa · Julgamento: Procedente · Multa: R$ 3303 · Funcionamento de atividade potencialmente poluidora (Loteamento Industrial), sem licenciamento junto ","aprox":true}},{"type":"Feature","geometry":{"type":"Point","coordinates":[-51.14269,-29.68448]},"properties":{"id":"FEPAM (RS):AI 36 (Proc. 001639-0567/17-1)","orgao":"FEPAM (RS)","uf":"RS","ano":2017,"categoria":"auto_infracao","tipo":"Auto de Infração — Poluição","empresa":"Amapa do Sul S/a Ind da Borracha","municipio":"Novo Hamburgo","porte":null,"valor":null,"processo":"AI 36 (Proc. 001639-0567/17-1)","link_oficial":"https://sol.fepam.rs.gov.br/consulta/processo?termo=001639-0567/17-1","resumo":"Poluição · Julgamento: Procedente · Multa: R$ 3743 · Supressão de vegetação sem autorização do Órgão Ambiental competente, para ampliação do empreendimento, cer","aprox":true}},{"type":"Feature","geometry":{"type":"Point","coordinates":[-51.14269,-29.68448]},"properties":{"id":"FEPAM (RS):AI 36 (Proc. 001639-0567/17-1)","orgao":"FEPAM (RS)","uf":"RS","ano":2017,"categoria":"auto_infracao","tipo":"Auto de Infração — Poluição","empresa":"Amapa do Sul S/a Ind da Borracha","municipio":"Novo Hamburgo","porte":null,"valor":null,"processo":"AI 36 (Proc. 001639-0567/17-1)","link_oficial":"https://sol.fepam.rs.gov.br/consulta/processo?termo=001639-0567/17-1","resumo":"Poluição · Julgamento: Procedente · Multa: R$ 9287 · Supressão de vegetação sem autorização do Órgão Ambiental competente, para ampliação do empreendimento, cer","aprox":true}},{"type":"Feature","geometry":{"type":"Point","coordinates":[-54.67264,-30.9792]},"properties":{"id":"FEPAM (RS):AI 37 (Proc. 001640-0567/17-9)","orgao":"FEPAM (RS)","uf":"RS","ano":2017,"categoria":"auto_infracao","tipo":"Auto de Infração — Administrativa","empresa":"Unibrita Industria Ltda","municipio":"Dom Pedrito","porte":null,"valor":null,"processo":"AI 37 (Proc. 001640-0567/17-9)","link_oficial":"https://sol.fepam.rs.gov.br/consulta/processo?termo=001640-0567/17-9","resumo":"Administrativa · Julgamento: Procedente Por Pagamento · Multa: R$ 1651 · Não colocação na área de placas informando sobre as detonações e seus horários; descump","aprox":true}},{"type":"Feature","geometry":{"type":"Point","coordinates":[-54.67264,-30.9792]},"properties":{"id":"FEPAM (RS):AI 37 (Proc. 001640-0567/17-9)","orgao":"FEPAM (RS)","uf":"RS","ano":2017,"categoria":"auto_infracao","tipo":"Auto de Infração — Administrativa","empresa":"Unibrita Industria Ltda","municipio":"Dom Pedrito","porte":null,"valor":null,"processo":"AI 37 (Proc. 001640-0567/17-9)","link_oficial":"https://sol.fepam.rs.gov.br/consulta/processo?termo=001640-0567/17-9","resumo":"Administrativa · Julgamento: Procedente Por Pagamento · Multa: R$ 1651 · Não colocação na área de placas informando sobre as detonações e seus horários; descump","aprox":true}},{"type":"Feature","geometry":{"type":"Point","coordinates":[-51.88992,-28.53065]},"properties":{"id":"FEPAM (RS):AI 38 (Proc. 001644-0567/17-1)","orgao":"FEPAM (RS)","uf":"RS","ano":2017,"categoria":"auto_infracao","tipo":"Auto de Infração — Flora","empresa":"Valmir Brugnera","municipio":"São Domingos do Sul","porte":null,"valor":null,"processo":"AI 38 (Proc. 001644-0567/17-1)","link_oficial":"https://sol.fepam.rs.gov.br/consulta/processo?termo=001644-0567/17-1","resumo":"Flora · Julgamento: Procedente · Multa: R$ 6000 · Destruição de vegetação em área objeto de especial preservação (Preservação de Floresta IBDF- AV-3-420- 1,82 h","aprox":true}},{"type":"Feature","geometry":{"type":"Point","coordinates":[-51.88992,-28.53065]},"properties":{"id":"FEPAM (RS):AI 38 (Proc. 001644-0567/17-1)","orgao":"FEPAM (RS)","uf":"RS","ano":2017,"categoria":"auto_infracao","tipo":"Auto de Infração — Flora","empresa":"Valmir Brugnera","municipio":"São Domingos do Sul","porte":null,"valor":null,"processo":"AI 38 (Proc. 001644-0567/17-1)","link_oficial":"https://sol.fepam.rs.gov.br/consulta/processo?termo=001644-0567/17-1","resumo":"Flora · Julgamento: Procedente · Multa: R$ 6000 · Destruição de vegetação em área objeto de especial preservação (Preservação de Floresta IBDF- AV-3-420- 1,82 h","aprox":true}},{"type":"Feature","geometry":{"type":"Point","coordinates":[-51.50405,-29.15285]},"properties":{"id":"FEPAM (RS):AI 39 (Proc. 001645-0567/17-2)","orgao":"FEPAM (RS)","uf":"RS","ano":2017,"categoria":"auto_infracao","tipo":"Auto de Infração — Poluição","empresa":"Rinaldi S/a Ind de Pneumaticos","municipio":"Bento Gonçalves","porte":null,"valor":null,"processo":"AI 39 (Proc. 001645-0567/17-2)","link_oficial":"https://sol.fepam.rs.gov.br/consulta/processo?termo=001645-0567/17-2","resumo":"Poluição · Julgamento: Anulado · Multa: R$ 7458 · Queima irregular de resíduos sólidos industriais, na caldeira do empreendimento.","aprox":true}},{"type":"Feature","geometry":{"type":"Point","coordinates":[-51.48839,-29.68751]},"properties":{"id":"FEPAM (RS):AI 40 (Proc. 001646-0567/17-5)","orgao":"FEPAM (RS)","uf":"RS","ano":2017,"categoria":"auto_infracao","tipo":"Auto de Infração — Administrativa","empresa":"Secretaria do Desenvolviento Economico E Turismo","municipio":"Montenegro","porte":null,"valor":null,"processo":"AI 40 (Proc. 001646-0567/17-5)","link_oficial":"https://sol.fepam.rs.gov.br/consulta/processo?termo=001646-0567/17-5","resumo":"Administrativa · Julgamento: Procedente · Multa: R$ 10214 · Não apresentação de forma adequada do projeto urbanístico aprovado definitivamente pela prefeitura m","aprox":true}},{"type":"Feature","geometry":{"type":"Point","coordinates":[-51.48839,-29.68751]},"properties":{"id":"FEPAM (RS):AI 40 (Proc. 001646-0567/17-5)","orgao":"FEPAM (RS)","uf":"RS","ano":2017,"categoria":"auto_infracao","tipo":"Auto de Infração — Administrativa","empresa":"Secretaria do Desenvolviento Economico E Turismo","municipio":"Montenegro","porte":null,"valor":null,"processo":"AI 40 (Proc. 001646-0567/17-5)","link_oficial":"https://sol.fepam.rs.gov.br/consulta/processo?termo=001646-0567/17-5","resumo":"Administrativa · Julgamento: Procedente · Multa: R$ 10214 · Não apresentação de forma adequada do projeto urbanístico aprovado definitivamente pela prefeitura m","aprox":true}},{"type":"Feature","geometry":{"type":"Point","coordinates":[-52.26241,-27.65071]},"properties":{"id":"FEPAM (RS):AI 41 (Proc. 001647-0567/17-8)","orgao":"FEPAM (RS)","uf":"RS","ano":2017,"categoria":"auto_infracao","tipo":"Auto de Infração — Poluição","empresa":"Municipio de Erechim","municipio":"Erechim","porte":null,"valor":null,"processo":"AI 41 (Proc. 001647-0567/17-8)","link_oficial":"https://sol.fepam.rs.gov.br/consulta/processo?termo=001647-0567/17-8","resumo":"Poluição · Julgamento: Prescrito · Multa: R$ 5756 · Abertura de uma vala com óleo diesel oriundo de vazamentos; depósito de tambores de óleo diretamente sobre o","aprox":true}},{"type":"Feature","geometry":{"type":"Point","coordinates":[-52.26241,-27.65071]},"properties":{"id":"FEPAM (RS):AI 41 (Proc. 001647-0567/17-8)","orgao":"FEPAM (RS)","uf":"RS","ano":2017,"categoria":"auto_infracao","tipo":"Auto de Infração — Poluição","empresa":"Municipio de Erechim","municipio":"Erechim","porte":null,"valor":null,"processo":"AI 41 (Proc. 001647-0567/17-8)","link_oficial":"https://sol.fepam.rs.gov.br/consulta/processo?termo=001647-0567/17-8","resumo":"Poluição · Julgamento: Prescrito · Multa: R$ 5756 · Abertura de uma vala com óleo diesel oriundo de vazamentos; depósito de tambores de óleo diretamente sobre o","aprox":true}},{"type":"Feature","geometry":{"type":"Point","coordinates":[-51.62858,-29.96378]},"properties":{"id":"FEPAM (RS):AI 42 (Proc. 001648-0567/17-1)","orgao":"FEPAM (RS)","uf":"RS","ano":2017,"categoria":"auto_infracao","tipo":"Auto de Infração — Poluição","empresa":"Harsco Metals Ltda","municipio":"Charqueadas","porte":null,"valor":null,"processo":"AI 42 (Proc. 001648-0567/17-1)","link_oficial":"https://sol.fepam.rs.gov.br/consulta/processo?termo=001648-0567/17-1","resumo":"Poluição · Julgamento: Procedente · Multa: R$ 3571 · Ampliação de capacidade produtiva, conforme informações apresentadas pela empresa no formulário ILAI de sol","aprox":true}},{"type":"Feature","geometry":{"type":"Point","coordinates":[-51.62858,-29.96378]},"properties":{"id":"FEPAM (RS):AI 42 (Proc. 001648-0567/17-1)","orgao":"FEPAM (RS)","uf":"RS","ano":2017,"categoria":"auto_infracao","tipo":"Auto de Infração — Poluição","empresa":"Harsco Metals Ltda","municipio":"Charqueadas","porte":null,"valor":null,"processo":"AI 42 (Proc. 001648-0567/17-1)","link_oficial":"https://sol.fepam.rs.gov.br/consulta/processo?termo=001648-0567/17-1","resumo":"Poluição · Julgamento: Procedente · Multa: R$ 3571 · Ampliação de capacidade produtiva, conforme informações apresentadas pela empresa no formulário ILAI de sol","aprox":true}},{"type":"Feature","geometry":{"type":"Point","coordinates":[-53.37147,-33.51158]},"properties":{"id":"FEPAM (RS):AI 43 (Proc. 001670-0567/17-4)","orgao":"FEPAM (RS)","uf":"RS","ano":2017,"categoria":"auto_infracao","tipo":"Auto de Infração — Administrativa","empresa":"Janaina Prado Gonçalves - Me","municipio":"Santa Vitória do Palmar","porte":null,"valor":null,"processo":"AI 43 (Proc. 001670-0567/17-4)","link_oficial":"https://sol.fepam.rs.gov.br/consulta/processo?termo=001670-0567/17-4","resumo":"Administrativa · Julgamento: Procedente · Multa: R$ 1651 · Operar empreendimento potencialmente poluidor sem licença ambiental. O empreendimento realiza o contr","aprox":true}},{"type":"Feature","geometry":{"type":"Point","coordinates":[-53.37147,-33.51158]},"properties":{"id":"FEPAM (RS):AI 43 (Proc. 001670-0567/17-4)","orgao":"FEPAM (RS)","uf":"RS","ano":2017,"categoria":"auto_infracao","tipo":"Auto de Infração — Administrativa","empresa":"Janaina Prado Gonçalves - Me","municipio":"Santa Vitória do Palmar","porte":null,"valor":null,"processo":"AI 43 (Proc. 001670-0567/17-4)","link_oficial":"https://sol.fepam.rs.gov.br/consulta/processo?termo=001670-0567/17-4","resumo":"Administrativa · Julgamento: Procedente · Multa: R$ 1651 · Operar empreendimento potencialmente poluidor sem licença ambiental. O empreendimento realiza o contr","aprox":true}},{"type":"Feature","geometry":{"type":"Point","coordinates":[-53.10521,-32.22301]},"properties":{"id":"FEPAM (RS):AI 44 (Proc. 001690-0567/17-8)","orgao":"FEPAM (RS)","uf":"RS","ano":2017,"categoria":"auto_infracao","tipo":"Auto de Infração — Administrativa","empresa":"Quatroas - Aero Agricola Ariel Athayde Ltda.","municipio":"Arroio Grande","porte":null,"valor":null,"processo":"AI 44 (Proc. 001690-0567/17-8)","link_oficial":"https://sol.fepam.rs.gov.br/consulta/processo?termo=001690-0567/17-8","resumo":"Administrativa · Julgamento: Procedente · Multa: R$ 1651 · Operar sistema de tancagem de combustível sem caixa separadora de água e óleo (CSAOL) junto a pista d","aprox":true}},{"type":"Feature","geometry":{"type":"Point","coordinates":[-53.10521,-32.22301]},"properties":{"id":"FEPAM (RS):AI 44 (Proc. 001690-0567/17-8)","orgao":"FEPAM (RS)","uf":"RS","ano":2017,"categoria":"auto_infracao","tipo":"Auto de Infração — Administrativa","empresa":"Quatroas - Aero Agricola Ariel Athayde Ltda.","municipio":"Arroio Grande","porte":null,"valor":null,"processo":"AI 44 (Proc. 001690-0567/17-8)","link_oficial":"https://sol.fepam.rs.gov.br/consulta/processo?termo=001690-0567/17-8","resumo":"Administrativa · Julgamento: Procedente · Multa: R$ 1651 · Operar sistema de tancagem de combustível sem caixa separadora de água e óleo (CSAOL) junto a pista d","aprox":true}},{"type":"Feature","geometry":{"type":"Point","coordinates":[-52.26028,-27.97613]},"properties":{"id":"FEPAM (RS):AI 45 (Proc. 001765-0567/17-4)","orgao":"FEPAM (RS)","uf":"RS","ano":2017,"categoria":"auto_infracao","tipo":"Auto de Infração — Flora","empresa":"Selma Prass Geiei","municipio":"Sertão","porte":null,"valor":null,"processo":"AI 45 (Proc. 001765-0567/17-4)","link_oficial":"https://sol.fepam.rs.gov.br/consulta/processo?termo=001765-0567/17-4","resumo":"Flora · Julgamento: Procedente · Multa: R$ 5000 · Supressão de vegetação nativa em 1 fração do Bioma Mata Atlântica, em estágio avançado de regeneração natural,","aprox":true}},{"type":"Feature","geometry":{"type":"Point","coordinates":[-52.26028,-27.97613]},"properties":{"id":"FEPAM (RS):AI 45 (Proc. 001765-0567/17-4)","orgao":"FEPAM (RS)","uf":"RS","ano":2017,"categoria":"auto_infracao","tipo":"Auto de Infração — Flora","empresa":"Selma Prass Geiei","municipio":"Sertão","porte":null,"valor":null,"processo":"AI 45 (Proc. 001765-0567/17-4)","link_oficial":"https://sol.fepam.rs.gov.br/consulta/processo?termo=001765-0567/17-4","resumo":"Flora · Julgamento: Procedente · Multa: R$ 5000 · Supressão de vegetação nativa em 1 fração do Bioma Mata Atlântica, em estágio avançado de regeneração natural,","aprox":true}},{"type":"Feature","geometry":{"type":"Point","coordinates":[-52.26028,-27.97613]},"properties":{"id":"FEPAM (RS):AI 45 (Proc. 001765-0567/17-4)","orgao":"FEPAM (RS)","uf":"RS","ano":2017,"categoria":"auto_infracao","tipo":"Auto de Infração — Flora","empresa":"Selma Prass Geiei","municipio":"Sertão","porte":null,"valor":null,"processo":"AI 45 (Proc. 001765-0567/17-4)","link_oficial":"https://sol.fepam.rs.gov.br/consulta/processo?termo=001765-0567/17-4","resumo":"Flora · Julgamento: Procedente · Supressão de vegetação nativa em 1 fração do Bioma Mata Atlântica, em estágio avançado de regeneração natural, objeto de especi","aprox":true}},{"type":"Feature","geometry":{"type":"Point","coordinates":[-51.18758,-29.15612]},"properties":{"id":"FEPAM (RS):AI 46 (Proc. 001698-0567/17-1)","orgao":"FEPAM (RS)","uf":"RS","ano":2017,"categoria":"auto_infracao","tipo":"Auto de Infração — Administrativa","empresa":"Ecolider Sistema Ambiental Ltda","municipio":"Caxias do Sul","porte":null,"valor":null,"processo":"AI 46 (Proc. 001698-0567/17-1)","link_oficial":"https://sol.fepam.rs.gov.br/consulta/processo?termo=001698-0567/17-1","resumo":"Administrativa · Julgamento: Procedente · Multa: R$ 4244 · instalar e fazer funcionar atividade considerada efetiva ou potencialmente poluidora sem licença ou a","aprox":true}},{"type":"Feature","geometry":{"type":"Point","coordinates":[-51.18758,-29.15612]},"properties":{"id":"FEPAM (RS):AI 46 (Proc. 001698-0567/17-1)","orgao":"FEPAM (RS)","uf":"RS","ano":2017,"categoria":"auto_infracao","tipo":"Auto de Infração — Administrativa","empresa":"Ecolider Sistema Ambiental Ltda","municipio":"Caxias do Sul","porte":null,"valor":null,"processo":"AI 46 (Proc. 001698-0567/17-1)","link_oficial":"https://sol.fepam.rs.gov.br/consulta/processo?termo=001698-0567/17-1","resumo":"Administrativa · Julgamento: Procedente · Multa: R$ 4244 · instalar e fazer funcionar atividade considerada efetiva ou potencialmente poluidora sem licença ou a","aprox":true}},{"type":"Feature","geometry":{"type":"Point","coordinates":[-55.22653,-28.51078]},"properties":{"id":"FEPAM (RS):AI 47 (Proc. 001716-0567/17-8)","orgao":"FEPAM (RS)","uf":"RS","ano":2017,"categoria":"auto_infracao","tipo":"Auto de Infração — Flora","empresa":"Claudio Roberto Nunes da Silva","municipio":"Santo Antônio das Missões","porte":null,"valor":null,"processo":"AI 47 (Proc. 001716-0567/17-8)","link_oficial":"https://sol.fepam.rs.gov.br/consulta/processo?termo=001716-0567/17-8","resumo":"Flora · Julgamento: Procedente · Multa: R$ 24000 · Supressão de 23 ha e uma fração de vegetação nativa rasteira herbácea campestre do Bioma Pampa, fora de Área ","aprox":true}},{"type":"Feature","geometry":{"type":"Point","coordinates":[-55.22653,-28.51078]},"properties":{"id":"FEPAM (RS):AI 47 (Proc. 001716-0567/17-8)","orgao":"FEPAM (RS)","uf":"RS","ano":2017,"categoria":"auto_infracao","tipo":"Auto de Infração — Flora","empresa":"Claudio Roberto Nunes da Silva","municipio":"Santo Antônio das Missões","porte":null,"valor":null,"processo":"AI 47 (Proc. 001716-0567/17-8)","link_oficial":"https://sol.fepam.rs.gov.br/consulta/processo?termo=001716-0567/17-8","resumo":"Flora · Julgamento: Procedente · Multa: R$ 24000 · Supressão de 23 ha e uma fração de vegetação nativa rasteira herbácea campestre do Bioma Pampa, fora de Área ","aprox":true}},{"type":"Feature","geometry":{"type":"Point","coordinates":[-55.22653,-28.51078]},"properties":{"id":"FEPAM (RS):AI 47 (Proc. 001716-0567/17-8)","orgao":"FEPAM (RS)","uf":"RS","ano":2017,"categoria":"auto_infracao","tipo":"Auto de Infração — Flora","empresa":"Claudio Roberto Nunes da Silva","municipio":"Santo Antônio das Missões","porte":null,"valor":null,"processo":"AI 47 (Proc. 001716-0567/17-8)","link_oficial":"https://sol.fepam.rs.gov.br/consulta/processo?termo=001716-0567/17-8","resumo":"Flora · Julgamento: Procedente · Supressão de 23 ha e uma fração de vegetação nativa rasteira herbácea campestre do Bioma Pampa, fora de Área de Preservação Per","aprox":true}},{"type":"Feature","geometry":{"type":"Point","coordinates":[-55.20724,-28.51149]},"properties":{"id":"FEPAM (RS):AI 48 (Proc. 001717-0567/17-1)","orgao":"FEPAM (RS)","uf":"RS","ano":2017,"categoria":"auto_infracao","tipo":"Auto de Infração — Flora","empresa":"Eloir Jorge Scarton","municipio":"Santo Antônio das Missões","porte":null,"valor":null,"processo":"AI 48 (Proc. 001717-0567/17-1)","link_oficial":"https://sol.fepam.rs.gov.br/consulta/processo?termo=001717-0567/17-1","resumo":"Flora · Julgamento: Prescrito · Multa: R$ 17000 · Supressão de 16ha mais 1 franção de vegetação nativa rasteira herbácea campestre do Bioma Pampa, fora de Área ","aprox":true}},{"type":"Feature","geometry":{"type":"Point","coordinates":[-55.20724,-28.51149]},"properties":{"id":"FEPAM (RS):AI 48 (Proc. 001717-0567/17-1)","orgao":"FEPAM (RS)","uf":"RS","ano":2017,"categoria":"auto_infracao","tipo":"Auto de Infração — Flora","empresa":"Eloir Jorge Scarton","municipio":"Santo Antônio das Missões","porte":null,"valor":null,"processo":"AI 48 (Proc. 001717-0567/17-1)","link_oficial":"https://sol.fepam.rs.gov.br/consulta/processo?termo=001717-0567/17-1","resumo":"Flora · Julgamento: Prescrito · Multa: R$ 17000 · Supressão de 16ha mais 1 franção de vegetação nativa rasteira herbácea campestre do Bioma Pampa, fora de Área ","aprox":true}},{"type":"Feature","geometry":{"type":"Point","coordinates":[-51.5215,-29.18627]},"properties":{"id":"FEPAM (RS):AI 49 (Proc. 001718-0567/17-3)","orgao":"FEPAM (RS)","uf":"RS","ano":2017,"categoria":"auto_infracao","tipo":"Auto de Infração — Administrativa","empresa":"Imobiliaria Faggion Ltda","municipio":"Bento Gonçalves","porte":null,"valor":null,"processo":"AI 49 (Proc. 001718-0567/17-3)","link_oficial":"https://sol.fepam.rs.gov.br/consulta/processo?termo=001718-0567/17-3","resumo":"Administrativa · Julgamento: Procedente · Multa: R$ 1651 · Descumprimento de licença de instalação (LI nº 513/2010-DL); e indústrias operando sem a emissão da l","aprox":true}},{"type":"Feature","geometry":{"type":"Point","coordinates":[-51.5215,-29.18627]},"properties":{"id":"FEPAM (RS):AI 49 (Proc. 001718-0567/17-3)","orgao":"FEPAM (RS)","uf":"RS","ano":2017,"categoria":"auto_infracao","tipo":"Auto de Infração — Administrativa","empresa":"Imobiliaria Faggion Ltda","municipio":"Bento Gonçalves","porte":null,"valor":null,"processo":"AI 49 (Proc. 001718-0567/17-3)","link_oficial":"https://sol.fepam.rs.gov.br/consulta/processo?termo=001718-0567/17-3","resumo":"Administrativa · Julgamento: Procedente · Multa: R$ 1651 · Descumprimento de licença de instalação (LI nº 513/2010-DL); e indústrias operando sem a emissão da l","aprox":true}},{"type":"Feature","geometry":{"type":"Point","coordinates":[-52.51867,-28.81344]},"properties":{"id":"FEPAM (RS):AI 50 (Proc. 001719-0567/17-6)","orgao":"FEPAM (RS)","uf":"RS","ano":2017,"categoria":"auto_infracao","tipo":"Auto de Infração — Administrativa","empresa":"Braulio Ferreira de Brum - Me","municipio":"Soledade","porte":null,"valor":null,"processo":"AI 50 (Proc. 001719-0567/17-6)","link_oficial":"https://sol.fepam.rs.gov.br/consulta/processo?termo=001719-0567/17-6","resumo":"Administrativa · Julgamento: Procedente · Multa: R$ 2516 · Implantação e operação de empreendimento potencialmente poluidor sem os devidos licenciamentos ambien","aprox":true}},{"type":"Feature","geometry":{"type":"Point","coordinates":[-52.51867,-28.81344]},"properties":{"id":"FEPAM (RS):AI 50 (Proc. 001719-0567/17-6)","orgao":"FEPAM (RS)","uf":"RS","ano":2017,"categoria":"auto_infracao","tipo":"Auto de Infração — Administrativa","empresa":"Braulio Ferreira de Brum - Me","municipio":"Soledade","porte":null,"valor":null,"processo":"AI 50 (Proc. 001719-0567/17-6)","link_oficial":"https://sol.fepam.rs.gov.br/consulta/processo?termo=001719-0567/17-6","resumo":"Administrativa · Julgamento: Procedente · Multa: R$ 2516 · Implantação e operação de empreendimento potencialmente poluidor sem os devidos licenciamentos ambien","aprox":true}},{"type":"Feature","geometry":{"type":"Point","coordinates":[-51.29715,-28.85478]},"properties":{"id":"FEPAM (RS):AI 51 (Proc. 001720-0567/17-3)","orgao":"FEPAM (RS)","uf":"RS","ano":2017,"categoria":"auto_infracao","tipo":"Auto de Infração — Administrativa","empresa":"Vinicola Pradense Ltda - Epp","municipio":"Antonio Prado","porte":null,"valor":null,"processo":"AI 51 (Proc. 001720-0567/17-3)","link_oficial":"https://sol.fepam.rs.gov.br/consulta/processo?termo=001720-0567/17-3","resumo":"Administrativa · Julgamento: Procedente · Multa: R$ 1112 · inobservância ao requerido nos itens 7.5, 7.6 e 7.8 da LO 7544/16, abstendo-se da apresentação de rel","aprox":true}},{"type":"Feature","geometry":{"type":"Point","coordinates":[-51.29715,-28.85478]},"properties":{"id":"FEPAM (RS):AI 51 (Proc. 001720-0567/17-3)","orgao":"FEPAM (RS)","uf":"RS","ano":2017,"categoria":"auto_infracao","tipo":"Auto de Infração — Administrativa","empresa":"Vinicola Pradense Ltda - Epp","municipio":"Antonio Prado","porte":null,"valor":null,"processo":"AI 51 (Proc. 001720-0567/17-3)","link_oficial":"https://sol.fepam.rs.gov.br/consulta/processo?termo=001720-0567/17-3","resumo":"Administrativa · Julgamento: Procedente · Multa: R$ 1112 · inobservância ao requerido nos itens 7.5, 7.6 e 7.8 da LO 7544/16, abstendo-se da apresentação de rel","aprox":true}},{"type":"Feature","geometry":{"type":"Point","coordinates":[-53.45395,-29.57285]},"properties":{"id":"FEPAM (RS):AI 52 (Proc. 001721-0567/17-6)","orgao":"FEPAM (RS)","uf":"RS","ano":2017,"categoria":"auto_infracao","tipo":"Auto de Infração — Administrativa","empresa":"Ceramica Veber Ltda","municipio":"Faxinal do Soturno","porte":null,"valor":null,"processo":"AI 52 (Proc. 001721-0567/17-6)","link_oficial":"https://sol.fepam.rs.gov.br/consulta/processo?termo=001721-0567/17-6","resumo":"Administrativa · Julgamento: Procedente · Multa: R$ 3000 · Extração mineral fora da área permitida na Licença de Operação nº 5575/2016-DL","aprox":true}},{"type":"Feature","geometry":{"type":"Point","coordinates":[-53.45395,-29.57285]},"properties":{"id":"FEPAM (RS):AI 52 (Proc. 001721-0567/17-6)","orgao":"FEPAM (RS)","uf":"RS","ano":2017,"categoria":"auto_infracao","tipo":"Auto de Infração — Administrativa","empresa":"Ceramica Veber Ltda","municipio":"Faxinal do Soturno","porte":null,"valor":null,"processo":"AI 52 (Proc. 001721-0567/17-6)","link_oficial":"https://sol.fepam.rs.gov.br/consulta/processo?termo=001721-0567/17-6","resumo":"Administrativa · Julgamento: Procedente · Extração mineral fora da área permitida na Licença de Operação nº 5575/2016-DL","aprox":true}},{"type":"Feature","geometry":{"type":"Point","coordinates":[-53.45395,-29.57285]},"properties":{"id":"FEPAM (RS):AI 52 (Proc. 001721-0567/17-6)","orgao":"FEPAM (RS)","uf":"RS","ano":2017,"categoria":"auto_infracao","tipo":"Auto de Infração — Administrativa","empresa":"Ceramica Veber Ltda","municipio":"Faxinal do Soturno","porte":null,"valor":null,"processo":"AI 52 (Proc. 001721-0567/17-6)","link_oficial":"https://sol.fepam.rs.gov.br/consulta/processo?termo=001721-0567/17-6","resumo":"Administrativa · Julgamento: Procedente · Multa: R$ 3000 · Extração mineral fora da área permitida na Licença de Operação nº 5575/2016-DL","aprox":true}},{"type":"Feature","geometry":{"type":"Point","coordinates":[-51.05918,-29.6741]},"properties":{"id":"FEPAM (RS):AI 53 (Proc. 001725-0567/17-7)","orgao":"FEPAM (RS)","uf":"RS","ano":2017,"categoria":"auto_infracao","tipo":"Auto de Infração — Administrativa","empresa":"Olaria Comércio de Combustíveis Ltda","municipio":"Campo Bom","porte":null,"valor":null,"processo":"AI 53 (Proc. 001725-0567/17-7)","link_oficial":"https://sol.fepam.rs.gov.br/consulta/processo?termo=001725-0567/17-7","resumo":"Administrativa · Julgamento: Procedente · Multa: R$ 7419 · utilizar Área de Preservação Permanente (APP) do Arroio Quatro Colônias sem autorização do Órgão Ambi","aprox":true}},{"type":"Feature","geometry":{"type":"Point","coordinates":[-51.05918,-29.6741]},"properties":{"id":"FEPAM (RS):AI 53 (Proc. 001725-0567/17-7)","orgao":"FEPAM (RS)","uf":"RS","ano":2017,"categoria":"auto_infracao","tipo":"Auto de Infração — Administrativa","empresa":"Olaria Comércio de Combustíveis Ltda","municipio":"Campo Bom","porte":null,"valor":null,"processo":"AI 53 (Proc. 001725-0567/17-7)","link_oficial":"https://sol.fepam.rs.gov.br/consulta/processo?termo=001725-0567/17-7","resumo":"Administrativa · Julgamento: Procedente · Multa: R$ 7419 · utilizar Área de Preservação Permanente (APP) do Arroio Quatro Colônias sem autorização do Órgão Ambi","aprox":true}},{"type":"Feature","geometry":{"type":"Point","coordinates":[-51.10283,-29.94627]},"properties":{"id":"FEPAM (RS):AI 54 (Proc. 001726-0567/17-1)","orgao":"FEPAM (RS)","uf":"RS","ano":2017,"categoria":"auto_infracao","tipo":"Auto de Infração — Administrativa","empresa":"Sika S/a","municipio":"Cachoeirinha","porte":null,"valor":null,"processo":"AI 54 (Proc. 001726-0567/17-1)","link_oficial":"https://sol.fepam.rs.gov.br/consulta/processo?termo=001726-0567/17-1","resumo":"Administrativa · Julgamento: Procedente Por Pagamento · Multa: R$ 1086 · Não atendimento ao solicitado no Ofício n.º FEPAM/DICOPI/SELAI/8904-2016, reiterado pel","aprox":true}},{"type":"Feature","geometry":{"type":"Point","coordinates":[-51.10283,-29.94627]},"properties":{"id":"FEPAM (RS):AI 54 (Proc. 001726-0567/17-1)","orgao":"FEPAM (RS)","uf":"RS","ano":2017,"categoria":"auto_infracao","tipo":"Auto de Infração — Administrativa","empresa":"Sika S/a","municipio":"Cachoeirinha","porte":null,"valor":null,"processo":"AI 54 (Proc. 001726-0567/17-1)","link_oficial":"https://sol.fepam.rs.gov.br/consulta/processo?termo=001726-0567/17-1","resumo":"Administrativa · Julgamento: Procedente Por Pagamento · Multa: R$ 1086 · Não atendimento ao solicitado no Ofício n.º FEPAM/DICOPI/SELAI/8904-2016, reiterado pel","aprox":true}},{"type":"Feature","geometry":{"type":"Point","coordinates":[-52.33658,-31.76561]},"properties":{"id":"FEPAM (RS):AI 55 (Proc. 001727-0567/17-2)","orgao":"FEPAM (RS)","uf":"RS","ano":2017,"categoria":"auto_infracao","tipo":"Auto de Infração — Administrativa","empresa":"Urban Serviços E Transportes Ltda","municipio":"Pelotas","porte":null,"valor":null,"processo":"AI 55 (Proc. 001727-0567/17-2)","link_oficial":"https://sol.fepam.rs.gov.br/consulta/processo?termo=001727-0567/17-2","resumo":"Administrativa · Julgamento: Procedente · Multa: R$ 2803 · fazer funcionar atividade (entreposto de Resíduos Sólidos de Serviços de Saúde), ou serviço, consider","aprox":true}},{"type":"Feature","geometry":{"type":"Point","coordinates":[-52.33658,-31.76561]},"properties":{"id":"FEPAM (RS):AI 55 (Proc. 001727-0567/17-2)","orgao":"FEPAM (RS)","uf":"RS","ano":2017,"categoria":"auto_infracao","tipo":"Auto de Infração — Administrativa","empresa":"Urban Serviços E Transportes Ltda","municipio":"Pelotas","porte":null,"valor":null,"processo":"AI 55 (Proc. 001727-0567/17-2)","link_oficial":"https://sol.fepam.rs.gov.br/consulta/processo?termo=001727-0567/17-2","resumo":"Administrativa · Julgamento: Procedente · Multa: R$ 2803 · fazer funcionar atividade (entreposto de Resíduos Sólidos de Serviços de Saúde), ou serviço, consider","aprox":true}},{"type":"Feature","geometry":{"type":"Point","coordinates":[-52.33658,-31.76561]},"properties":{"id":"FEPAM (RS):AI 55 (Proc. 001727-0567/17-2)","orgao":"FEPAM (RS)","uf":"RS","ano":2017,"categoria":"auto_infracao","tipo":"Auto de Infração — Administrativa","empresa":"Urban Serviços E Transportes Ltda","municipio":"Pelotas","porte":null,"valor":null,"processo":"AI 55 (Proc. 001727-0567/17-2)","link_oficial":"https://sol.fepam.rs.gov.br/consulta/processo?termo=001727-0567/17-2","resumo":"Administrativa · Julgamento: Procedente · fazer funcionar atividade (entreposto de Resíduos Sólidos de Serviços de Saúde), ou serviço, considerado efetiva ou po","aprox":true}},{"type":"Feature","geometry":{"type":"Point","coordinates":[-51.30094,-29.45357]},"properties":{"id":"FEPAM (RS):AI 56 (Proc. 001731-0567/17-8)","orgao":"FEPAM (RS)","uf":"RS","ano":2017,"categoria":"auto_infracao","tipo":"Auto de Infração — Administrativa","empresa":"Inovar Agropecuaria Ltda. - Epp","municipio":"Feliz","porte":null,"valor":null,"processo":"AI 56 (Proc. 001731-0567/17-8)","link_oficial":"https://sol.fepam.rs.gov.br/consulta/processo?termo=001731-0567/17-8","resumo":"Administrativa · Julgamento: Procedente · Multa: R$ 1652 · Empreendedor deixou de atender condicionantes estabelecidas na licença ambiental, não tendo protocola","aprox":true}},{"type":"Feature","geometry":{"type":"Point","coordinates":[-51.30094,-29.45357]},"properties":{"id":"FEPAM (RS):AI 56 (Proc. 001731-0567/17-8)","orgao":"FEPAM (RS)","uf":"RS","ano":2017,"categoria":"auto_infracao","tipo":"Auto de Infração — Administrativa","empresa":"Inovar Agropecuaria Ltda. - Epp","municipio":"Feliz","porte":null,"valor":null,"processo":"AI 56 (Proc. 001731-0567/17-8)","link_oficial":"https://sol.fepam.rs.gov.br/consulta/processo?termo=001731-0567/17-8","resumo":"Administrativa · Julgamento: Procedente · Multa: R$ 1652 · Empreendedor deixou de atender condicionantes estabelecidas na licença ambiental, não tendo protocola","aprox":true}},{"type":"Feature","geometry":{"type":"Point","coordinates":[-53.80848,-27.67248]},"properties":{"id":"FEPAM (RS):AI 57 (Proc. 001732-0567/17-1)","orgao":"FEPAM (RS)","uf":"RS","ano":2017,"categoria":"auto_infracao","tipo":"Auto de Infração — Administrativa","empresa":"Cooperativa Triticola Mista Campo Novo Ltda","municipio":"Campo Novo","porte":null,"valor":null,"processo":"AI 57 (Proc. 001732-0567/17-1)","link_oficial":"https://sol.fepam.rs.gov.br/consulta/processo?termo=001732-0567/17-1","resumo":"Administrativa · Julgamento: Procedente · Multa: R$ 1652 · Descumprimento de exigência estabelecida pela FEPAM através das Licenças de Operação nº 6742/2010-DL ","aprox":true}},{"type":"Feature","geometry":{"type":"Point","coordinates":[-53.80848,-27.67248]},"properties":{"id":"FEPAM (RS):AI 57 (Proc. 001732-0567/17-1)","orgao":"FEPAM (RS)","uf":"RS","ano":2017,"categoria":"auto_infracao","tipo":"Auto de Infração — Administrativa","empresa":"Cooperativa Triticola Mista Campo Novo Ltda","municipio":"Campo Novo","porte":null,"valor":null,"processo":"AI 57 (Proc. 001732-0567/17-1)","link_oficial":"https://sol.fepam.rs.gov.br/consulta/processo?termo=001732-0567/17-1","resumo":"Administrativa · Julgamento: Procedente · Multa: R$ 1652 · Descumprimento de exigência estabelecida pela FEPAM através das Licenças de Operação nº 6742/2010-DL ","aprox":true}},{"type":"Feature","geometry":{"type":"Point","coordinates":[-50.93133,-28.51192]},"properties":{"id":"FEPAM (RS):AI 58 (Proc. 001735-0567/17-9)","orgao":"FEPAM (RS)","uf":"RS","ano":2017,"categoria":"auto_infracao","tipo":"Auto de Infração — Administrativa","empresa":"Agropecuaria Schio Ltda","municipio":"Vacaria","porte":null,"valor":null,"processo":"AI 58 (Proc. 001735-0567/17-9)","link_oficial":"https://sol.fepam.rs.gov.br/consulta/processo?termo=001735-0567/17-9","resumo":"Administrativa · Julgamento: Procedente · Multa: R$ 1268 · Instalar e fazer funcionar atividade potencial ou efetivamente poluidora sem licença do órgão ambient","aprox":true}},{"type":"Feature","geometry":{"type":"Point","coordinates":[-50.93133,-28.51192]},"properties":{"id":"FEPAM (RS):AI 58 (Proc. 001735-0567/17-9)","orgao":"FEPAM (RS)","uf":"RS","ano":2017,"categoria":"auto_infracao","tipo":"Auto de Infração — Administrativa","empresa":"Agropecuaria Schio Ltda","municipio":"Vacaria","porte":null,"valor":null,"processo":"AI 58 (Proc. 001735-0567/17-9)","link_oficial":"https://sol.fepam.rs.gov.br/consulta/processo?termo=001735-0567/17-9","resumo":"Administrativa · Julgamento: Procedente · Multa: R$ 1268 · Instalar e fazer funcionar atividade potencial ou efetivamente poluidora sem licença do órgão ambient","aprox":true}},{"type":"Feature","geometry":{"type":"Point","coordinates":[-52.84166,-28.7195]},"properties":{"id":"FEPAM (RS):AI 59 (Proc. 001736-0567/17-1)","orgao":"FEPAM (RS)","uf":"RS","ano":2017,"categoria":"auto_infracao","tipo":"Auto de Infração — Administrativa","empresa":"Agrodireto Produtos Agricolas Ltda. ­ Epp","municipio":"Espumoso","porte":null,"valor":null,"processo":"AI 59 (Proc. 001736-0567/17-1)","link_oficial":"https://sol.fepam.rs.gov.br/consulta/processo?termo=001736-0567/17-1","resumo":"Administrativa · Julgamento: Procedente · Multa: R$ 1652 · Implantar e operar empreendimento potencialmente poluidor sem o devido licenciamento ambiental ( LP, ","aprox":true}},{"type":"Feature","geometry":{"type":"Point","coordinates":[-52.84166,-28.7195]},"properties":{"id":"FEPAM (RS):AI 59 (Proc. 001736-0567/17-1)","orgao":"FEPAM (RS)","uf":"RS","ano":2017,"categoria":"auto_infracao","tipo":"Auto de Infração — Administrativa","empresa":"Agrodireto Produtos Agricolas Ltda. ­ Epp","municipio":"Espumoso","porte":null,"valor":null,"processo":"AI 59 (Proc. 001736-0567/17-1)","link_oficial":"https://sol.fepam.rs.gov.br/consulta/processo?termo=001736-0567/17-1","resumo":"Administrativa · Julgamento: Procedente · Multa: R$ 1652 · Implantar e operar empreendimento potencialmente poluidor sem o devido licenciamento ambiental ( LP, ","aprox":true}},{"type":"Feature","geometry":{"type":"Point","coordinates":[-53.5023,-28.2833]},"properties":{"id":"FEPAM (RS):AI 60 (Proc. 001737-0567/17-4)","orgao":"FEPAM (RS)","uf":"RS","ano":2017,"categoria":"auto_infracao","tipo":"Auto de Infração — Poluição","empresa":"Fockink Industrias Eletricas Ltda - Fab Iii","municipio":"Panambi","porte":null,"valor":null,"processo":"AI 60 (Proc. 001737-0567/17-4)","link_oficial":"https://sol.fepam.rs.gov.br/consulta/processo?termo=001737-0567/17-4","resumo":"Poluição · Julgamento: Procedente · Multa: R$ 4244 · Ampliação de área construída e aumento no número de equipamentos frente ao licenciado na LO nº 7350/2010-DL","aprox":true}},{"type":"Feature","geometry":{"type":"Point","coordinates":[-53.5023,-28.2833]},"properties":{"id":"FEPAM (RS):AI 60 (Proc. 001737-0567/17-4)","orgao":"FEPAM (RS)","uf":"RS","ano":2017,"categoria":"auto_infracao","tipo":"Auto de Infração — Poluição","empresa":"Fockink Industrias Eletricas Ltda - Fab Iii","municipio":"Panambi","porte":null,"valor":null,"processo":"AI 60 (Proc. 001737-0567/17-4)","link_oficial":"https://sol.fepam.rs.gov.br/consulta/processo?termo=001737-0567/17-4","resumo":"Poluição · Julgamento: Procedente · Multa: R$ 4244 · Ampliação de área construída e aumento no número de equipamentos frente ao licenciado na LO nº 7350/2010-DL","aprox":true}},{"type":"Feature","geometry":{"type":"Point","coordinates":[-53.48627,-30.00249]},"properties":{"id":"FEPAM (RS):AI 61 (Proc. 001738-0567/17-7)","orgao":"FEPAM (RS)","uf":"RS","ano":2017,"categoria":"auto_infracao","tipo":"Auto de Infração — Administrativa","empresa":"Irmas Naidon Ltda - Me","municipio":"Formigueiro","porte":null,"valor":null,"processo":"AI 61 (Proc. 001738-0567/17-7)","link_oficial":"https://sol.fepam.rs.gov.br/consulta/processo?termo=001738-0567/17-7","resumo":"Administrativa · Julgamento: Procedente · Multa: R$ 2237 · O empreendedor apresentou informações incompletas e inadequadas tecnicamente quando da apresentação d","aprox":true}},{"type":"Feature","geometry":{"type":"Point","coordinates":[-53.48627,-30.00249]},"properties":{"id":"FEPAM (RS):AI 61 (Proc. 001738-0567/17-7)","orgao":"FEPAM (RS)","uf":"RS","ano":2017,"categoria":"auto_infracao","tipo":"Auto de Infração — Administrativa","empresa":"Irmas Naidon Ltda - Me","municipio":"Formigueiro","porte":null,"valor":null,"processo":"AI 61 (Proc. 001738-0567/17-7)","link_oficial":"https://sol.fepam.rs.gov.br/consulta/processo?termo=001738-0567/17-7","resumo":"Administrativa · Julgamento: Procedente · Multa: R$ 2237 · O empreendedor apresentou informações incompletas e inadequadas tecnicamente quando da apresentação d","aprox":true}},{"type":"Feature","geometry":{"type":"Point","coordinates":[-50.51222,-30.12297]},"properties":{"id":"FEPAM (RS):AI 62 (Proc. 001739-0567/17-1)","orgao":"FEPAM (RS)","uf":"RS","ano":2017,"categoria":"auto_infracao","tipo":"Auto de Infração — Administrativa","empresa":"Comércio de Combustíveis Capivari Ltda","municipio":"Capivari do Sul","porte":null,"valor":null,"processo":"AI 62 (Proc. 001739-0567/17-1)","link_oficial":"https://sol.fepam.rs.gov.br/consulta/processo?termo=001739-0567/17-1","resumo":"Administrativa · Julgamento: Procedente · Multa: R$ 4904 · total descumprimento das exigências estabelecidas pela FEPAM, através dos ofícios OF. n.º FEPAM/DEAMB","aprox":true}},{"type":"Feature","geometry":{"type":"Point","coordinates":[-50.51222,-30.12297]},"properties":{"id":"FEPAM (RS):AI 62 (Proc. 001739-0567/17-1)","orgao":"FEPAM (RS)","uf":"RS","ano":2017,"categoria":"auto_infracao","tipo":"Auto de Infração — Administrativa","empresa":"Comércio de Combustíveis Capivari Ltda","municipio":"Capivari do Sul","porte":null,"valor":null,"processo":"AI 62 (Proc. 001739-0567/17-1)","link_oficial":"https://sol.fepam.rs.gov.br/consulta/processo?termo=001739-0567/17-1","resumo":"Administrativa · Julgamento: Procedente · Multa: R$ 4904 · total descumprimento das exigências estabelecidas pela FEPAM, através dos ofícios OF. n.º FEPAM/DEAMB","aprox":true}},{"type":"Feature","geometry":{"type":"Point","coordinates":[-54.81632,-29.89641]},"properties":{"id":"FEPAM (RS):AI 63 (Proc. 001766-0567/17-7)","orgao":"FEPAM (RS)","uf":"RS","ano":2017,"categoria":"auto_infracao","tipo":"Auto de Infração — Administrativa","empresa":"Sm Soares E Cia Ltda - Me","municipio":"Cacequi","porte":null,"valor":null,"processo":"AI 63 (Proc. 001766-0567/17-7)","link_oficial":"https://sol.fepam.rs.gov.br/consulta/processo?termo=001766-0567/17-7","resumo":"Administrativa · Julgamento: Procedente · Multa: R$ 1652 · Funcionamento de estabelecimento potencialmente poluidor sem o licenciamento do órgão ambiental compe","aprox":true}},{"type":"Feature","geometry":{"type":"Point","coordinates":[-54.81632,-29.89641]},"properties":{"id":"FEPAM (RS):AI 63 (Proc. 001766-0567/17-7)","orgao":"FEPAM (RS)","uf":"RS","ano":2017,"categoria":"auto_infracao","tipo":"Auto de Infração — Administrativa","empresa":"Sm Soares E Cia Ltda - Me","municipio":"Cacequi","porte":null,"valor":null,"processo":"AI 63 (Proc. 001766-0567/17-7)","link_oficial":"https://sol.fepam.rs.gov.br/consulta/processo?termo=001766-0567/17-7","resumo":"Administrativa · Julgamento: Procedente · Multa: R$ 1652 · Funcionamento de estabelecimento potencialmente poluidor sem o licenciamento do órgão ambiental compe","aprox":true}},{"type":"Feature","geometry":{"type":"Point","coordinates":[-52.4289,-28.2576]},"properties":{"id":"FEPAM (RS):AI 64 (Proc. 001767-0567/17-1)","orgao":"FEPAM (RS)","uf":"RS","ano":2017,"categoria":"auto_infracao","tipo":"Auto de Infração — Poluição","empresa":"Bonfante E Cia Ltda","municipio":"Passo Fundo","porte":null,"valor":null,"processo":"AI 64 (Proc. 001767-0567/17-1)","link_oficial":"https://sol.fepam.rs.gov.br/consulta/processo?termo=001767-0567/17-1","resumo":"Poluição · Julgamento: Procedente Por Pagamento · Multa: R$ 2420 · Descarte irregular de material proveniente de terraplanagem (bota-fora), em desacordo com a L","aprox":true}},{"type":"Feature","geometry":{"type":"Point","coordinates":[-52.4289,-28.2576]},"properties":{"id":"FEPAM (RS):AI 64 (Proc. 001767-0567/17-1)","orgao":"FEPAM (RS)","uf":"RS","ano":2017,"categoria":"auto_infracao","tipo":"Auto de Infração — Poluição","empresa":"Bonfante E Cia Ltda","municipio":"Passo Fundo","porte":null,"valor":null,"processo":"AI 64 (Proc. 001767-0567/17-1)","link_oficial":"https://sol.fepam.rs.gov.br/consulta/processo?termo=001767-0567/17-1","resumo":"Poluição · Julgamento: Procedente Por Pagamento · Multa: R$ 2420 · Descarte irregular de material proveniente de terraplanagem (bota-fora), em desacordo com a L","aprox":true}},{"type":"Feature","geometry":{"type":"Point","coordinates":[-52.40936,-28.26265]},"properties":{"id":"FEPAM (RS):AI 65 (Proc. 001780-0567/17-4)","orgao":"FEPAM (RS)","uf":"RS","ano":2017,"categoria":"auto_infracao","tipo":"Auto de Infração — Administrativa","empresa":"Comércio de Pedras Bela Vista Ltda","municipio":"Passo Fundo","porte":null,"valor":null,"processo":"AI 65 (Proc. 001780-0567/17-4)","link_oficial":"https://sol.fepam.rs.gov.br/consulta/processo?termo=001780-0567/17-4","resumo":"Administrativa · Julgamento: Não Julgado · Multa: R$ 2685 · Implantação de lago em antiga cava de mineração, sem autorização do Órgão Ambiental competente, desc","aprox":true}},{"type":"Feature","geometry":{"type":"Point","coordinates":[-52.40936,-28.26265]},"properties":{"id":"FEPAM (RS):AI 65 (Proc. 001780-0567/17-4)","orgao":"FEPAM (RS)","uf":"RS","ano":2017,"categoria":"auto_infracao","tipo":"Auto de Infração — Administrativa","empresa":"Comércio de Pedras Bela Vista Ltda","municipio":"Passo Fundo","porte":null,"valor":null,"processo":"AI 65 (Proc. 001780-0567/17-4)","link_oficial":"https://sol.fepam.rs.gov.br/consulta/processo?termo=001780-0567/17-4","resumo":"Administrativa · Julgamento: Não Julgado · Multa: R$ 2685 · Implantação de lago em antiga cava de mineração, sem autorização do Órgão Ambiental competente, desc","aprox":true}},{"type":"Feature","geometry":{"type":"Point","coordinates":[-51.16442,-29.15005]},"properties":{"id":"FEPAM (RS):AI 66 (Proc. 001781-0567/17-7)","orgao":"FEPAM (RS)","uf":"RS","ano":2017,"categoria":"auto_infracao","tipo":"Auto de Infração — Poluição","empresa":"Hollteck do Brasil Industrial Ltda","municipio":"Caxias do Sul","porte":null,"valor":null,"processo":"AI 66 (Proc. 001781-0567/17-7)","link_oficial":"https://sol.fepam.rs.gov.br/consulta/processo?termo=001781-0567/17-7","resumo":"Poluição · Julgamento: Procedente · Armazenamento de forma de efluentes líquidos gerados no processo industrial de forma inadequada; armazenamento e segregação ","aprox":true}},{"type":"Feature","geometry":{"type":"Point","coordinates":[-51.16442,-29.15005]},"properties":{"id":"FEPAM (RS):AI 66 (Proc. 001781-0567/17-7)","orgao":"FEPAM (RS)","uf":"RS","ano":2017,"categoria":"auto_infracao","tipo":"Auto de Infração — Poluição","empresa":"Hollteck do Brasil Industrial Ltda","municipio":"Caxias do Sul","porte":null,"valor":null,"processo":"AI 66 (Proc. 001781-0567/17-7)","link_oficial":"https://sol.fepam.rs.gov.br/consulta/processo?termo=001781-0567/17-7","resumo":"Poluição · Julgamento: Procedente · Armazenamento de forma de efluentes líquidos gerados no processo industrial de forma inadequada; armazenamento e segregação ","aprox":true}},{"type":"Feature","geometry":{"type":"Point","coordinates":[-51.51685,-29.1647]},"properties":{"id":"FEPAM (RS):AI 67 (Proc. 001784-0567/17-5)","orgao":"FEPAM (RS)","uf":"RS","ano":2017,"categoria":"auto_infracao","tipo":"Auto de Infração — Poluição","empresa":"Empresa Bento Goncalves de Transportes Ltda","municipio":"Bento Gonçalves","porte":null,"valor":null,"processo":"AI 67 (Proc. 001784-0567/17-5)","link_oficial":"https://sol.fepam.rs.gov.br/consulta/processo?termo=001784-0567/17-5","resumo":"Poluição · Julgamento: Procedente Por Pagamento · Multa: R$ 3571 · Operação de atividade potencialmente poluidora sem Licença de Operação em vigor do Órgão Ambi","aprox":true}},{"type":"Feature","geometry":{"type":"Point","coordinates":[-51.51685,-29.1647]},"properties":{"id":"FEPAM (RS):AI 67 (Proc. 001784-0567/17-5)","orgao":"FEPAM (RS)","uf":"RS","ano":2017,"categoria":"auto_infracao","tipo":"Auto de Infração — Poluição","empresa":"Empresa Bento Goncalves de Transportes Ltda","municipio":"Bento Gonçalves","porte":null,"valor":null,"processo":"AI 67 (Proc. 001784-0567/17-5)","link_oficial":"https://sol.fepam.rs.gov.br/consulta/processo?termo=001784-0567/17-5","resumo":"Poluição · Julgamento: Procedente Por Pagamento · Multa: R$ 3571 · Operação de atividade potencialmente poluidora sem Licença de Operação em vigor do Órgão Ambi","aprox":true}},{"type":"Feature","geometry":{"type":"Point","coordinates":[-51.81827,-29.4538]},"properties":{"id":"FEPAM (RS):AI 68 (Proc. 001789-0567/17-9)","orgao":"FEPAM (RS)","uf":"RS","ano":2017,"categoria":"auto_infracao","tipo":"Auto de Infração — Flora","empresa":"Darci Antonio Fell","municipio":"Teutônia","porte":null,"valor":null,"processo":"AI 68 (Proc. 001789-0567/17-9)","link_oficial":"https://sol.fepam.rs.gov.br/consulta/processo?termo=001789-0567/17-9","resumo":"Flora · Julgamento: Procedente · Multa: R$ 30107 · Supressão de uma área de aproximadamente 03 hectares e 01 fração fora de Área de Preservação Permanente (APP)","aprox":true}},{"type":"Feature","geometry":{"type":"Point","coordinates":[-51.81827,-29.4538]},"properties":{"id":"FEPAM (RS):AI 68 (Proc. 001789-0567/17-9)","orgao":"FEPAM (RS)","uf":"RS","ano":2017,"categoria":"auto_infracao","tipo":"Auto de Infração — Flora","empresa":"Darci Antonio Fell","municipio":"Teutônia","porte":null,"valor":null,"processo":"AI 68 (Proc. 001789-0567/17-9)","link_oficial":"https://sol.fepam.rs.gov.br/consulta/processo?termo=001789-0567/17-9","resumo":"Flora · Julgamento: Procedente · Multa: R$ 30107 · Supressão de uma área de aproximadamente 03 hectares e 01 fração fora de Área de Preservação Permanente (APP)","aprox":true}},{"type":"Feature","geometry":{"type":"Point","coordinates":[-52.50825,-31.75718]},"properties":{"id":"FEPAM (RS):AI 69 (Proc. 001788-0567/17-6)","orgao":"FEPAM (RS)","uf":"RS","ano":2017,"categoria":"auto_infracao","tipo":"Auto de Infração — Rec. Hídricos","empresa":"Companhia Estadual de Distribuicao de Energia Eletrica Ceee-d","municipio":"Capão do Leão","porte":null,"valor":null,"processo":"AI 69 (Proc. 001788-0567/17-6)","link_oficial":"https://sol.fepam.rs.gov.br/consulta/processo?termo=001788-0567/17-6","resumo":"Rec. Hídricos · Julgamento: Prescrito · Multa: R$ 2000 · Depositar resíduos de poda e de supressão vegetal em locais inadequados, causando obstrução da drenagem","aprox":true}},{"type":"Feature","geometry":{"type":"Point","coordinates":[-52.50825,-31.75718]},"properties":{"id":"FEPAM (RS):AI 69 (Proc. 001788-0567/17-6)","orgao":"FEPAM (RS)","uf":"RS","ano":2017,"categoria":"auto_infracao","tipo":"Auto de Infração — Rec. Hídricos","empresa":"Companhia Estadual de Distribuicao de Energia Eletrica Ceee-d","municipio":"Capão do Leão","porte":null,"valor":null,"processo":"AI 69 (Proc. 001788-0567/17-6)","link_oficial":"https://sol.fepam.rs.gov.br/consulta/processo?termo=001788-0567/17-6","resumo":"Rec. Hídricos · Julgamento: Prescrito · Multa: R$ 2000 · Depositar resíduos de poda e de supressão vegetal em locais inadequados, causando obstrução da drenagem","aprox":true}},{"type":"Feature","geometry":{"type":"Point","coordinates":[-51.17484,-29.01993]},"properties":{"id":"FEPAM (RS):AI 70 (Proc. 001790-0567/17-6)","orgao":"FEPAM (RS)","uf":"RS","ano":2017,"categoria":"auto_infracao","tipo":"Auto de Infração — Poluição","empresa":"Cooperativa Agroindustrial Nova Alianca Ltda","municipio":"Flores da Cunha","porte":null,"valor":null,"processo":"AI 70 (Proc. 001790-0567/17-6)","link_oficial":"https://sol.fepam.rs.gov.br/consulta/processo?termo=001790-0567/17-6","resumo":"Poluição · Julgamento: Procedente · Multa: R$ 3379 · Transbordamento de material líquido, proveniente do processo de fabricação de vinho, sem tratamento adequad","aprox":true}},{"type":"Feature","geometry":{"type":"Point","coordinates":[-51.17484,-29.01993]},"properties":{"id":"FEPAM (RS):AI 70 (Proc. 001790-0567/17-6)","orgao":"FEPAM (RS)","uf":"RS","ano":2017,"categoria":"auto_infracao","tipo":"Auto de Infração — Poluição","empresa":"Cooperativa Agroindustrial Nova Alianca Ltda","municipio":"Flores da Cunha","porte":null,"valor":null,"processo":"AI 70 (Proc. 001790-0567/17-6)","link_oficial":"https://sol.fepam.rs.gov.br/consulta/processo?termo=001790-0567/17-6","resumo":"Poluição · Julgamento: Procedente · Multa: R$ 3379 · Transbordamento de material líquido, proveniente do processo de fabricação de vinho, sem tratamento adequad","aprox":true}},{"type":"Feature","geometry":{"type":"Point","coordinates":[-54.83162,-29.41158]},"properties":{"id":"FEPAM (RS):AI 71 (Proc. 001791-0567/17-9)","orgao":"FEPAM (RS)","uf":"RS","ano":2017,"categoria":"auto_infracao","tipo":"Auto de Infração — Poluição","empresa":"Municipio de Nova Esperanca do Sul","municipio":"Nova Esperança do Sul","porte":null,"valor":null,"processo":"AI 71 (Proc. 001791-0567/17-9)","link_oficial":"https://sol.fepam.rs.gov.br/consulta/processo?termo=001791-0567/17-9","resumo":"Poluição · Julgamento: Procedente · Multa: R$ 8687 · Disposição inadequada de resíduos sólidos urbanos e extração de cascalho sem licenciamento e/ou autorização","aprox":true}},{"type":"Feature","geometry":{"type":"Point","coordinates":[-54.83162,-29.41158]},"properties":{"id":"FEPAM (RS):AI 71 (Proc. 001791-0567/17-9)","orgao":"FEPAM (RS)","uf":"RS","ano":2017,"categoria":"auto_infracao","tipo":"Auto de Infração — Poluição","empresa":"Municipio de Nova Esperanca do Sul","municipio":"Nova Esperança do Sul","porte":null,"valor":null,"processo":"AI 71 (Proc. 001791-0567/17-9)","link_oficial":"https://sol.fepam.rs.gov.br/consulta/processo?termo=001791-0567/17-9","resumo":"Poluição · Julgamento: Procedente · Multa: R$ 8687 · Disposição inadequada de resíduos sólidos urbanos e extração de cascalho sem licenciamento e/ou autorização","aprox":true}},{"type":"Feature","geometry":{"type":"Point","coordinates":[-52.27953,-27.64993]},"properties":{"id":"FEPAM (RS):AI 72 (Proc. 001795-0567/17-1)","orgao":"FEPAM (RS)","uf":"RS","ano":2017,"categoria":"auto_infracao","tipo":"Auto de Infração — Poluição","empresa":"Cooperativa dos Transportadores de Cargas de Erechim Ltda - Coopertrans","municipio":"Erechim","porte":null,"valor":null,"processo":"AI 72 (Proc. 001795-0567/17-1)","link_oficial":"https://sol.fepam.rs.gov.br/consulta/processo?termo=001795-0567/17-1","resumo":"Poluição · Julgamento: Improcedente · Multa: R$ 3304 · Realizar atividade de lavagem de veículos e equipamentos na área do empreendimento em desacordo com o ite","aprox":true}},{"type":"Feature","geometry":{"type":"Point","coordinates":[-52.27953,-27.64993]},"properties":{"id":"FEPAM (RS):AI 72 (Proc. 001795-0567/17-1)","orgao":"FEPAM (RS)","uf":"RS","ano":2017,"categoria":"auto_infracao","tipo":"Auto de Infração — Poluição","empresa":"Cooperativa dos Transportadores de Cargas de Erechim Ltda - Coopertrans","municipio":"Erechim","porte":null,"valor":null,"processo":"AI 72 (Proc. 001795-0567/17-1)","link_oficial":"https://sol.fepam.rs.gov.br/consulta/processo?termo=001795-0567/17-1","resumo":"Poluição · Julgamento: Improcedente · Realizar atividade de lavagem de veículos e equipamentos na área do empreendimento em desacordo com o item 9.1 da LO nº 35","aprox":true}},{"type":"Feature","geometry":{"type":"Point","coordinates":[-54.67475,-29.68113]},"properties":{"id":"FEPAM (RS):AI 73 (Proc. 002924-0567/17-8)","orgao":"FEPAM (RS)","uf":"RS","ano":2017,"categoria":"auto_infracao","tipo":"Auto de Infração — Poluição","empresa":"Joao Ignacio Pereira Xavier","municipio":"São Vicente do Sul","porte":null,"valor":null,"processo":"AI 73 (Proc. 002924-0567/17-8)","link_oficial":"https://sol.fepam.rs.gov.br/consulta/processo?termo=002924-0567/17-8","resumo":"Poluição · Julgamento: Procedente Por Pagamento · Multa: R$ 8025 · Disposição irregular de resíduos sólidos industrias, oriundos da secagem de arroz, em Área de","aprox":true}},{"type":"Feature","geometry":{"type":"Point","coordinates":[-54.67475,-29.68113]},"properties":{"id":"FEPAM (RS):AI 73 (Proc. 002924-0567/17-8)","orgao":"FEPAM (RS)","uf":"RS","ano":2017,"categoria":"auto_infracao","tipo":"Auto de Infração — Poluição","empresa":"Joao Ignacio Pereira Xavier","municipio":"São Vicente do Sul","porte":null,"valor":null,"processo":"AI 73 (Proc. 002924-0567/17-8)","link_oficial":"https://sol.fepam.rs.gov.br/consulta/processo?termo=002924-0567/17-8","resumo":"Poluição · Julgamento: Procedente Por Pagamento · Multa: R$ 8025 · Disposição irregular de resíduos sólidos industrias, oriundos da secagem de arroz, em Área de","aprox":true}},{"type":"Feature","geometry":{"type":"Point","coordinates":[-53.81351,-29.68979]},"properties":{"id":"FEPAM (RS):AI 74 (Proc. 001792-0567/17-1)","orgao":"FEPAM (RS)","uf":"RS","ano":2017,"categoria":"auto_infracao","tipo":"Auto de Infração — Poluição","empresa":"Antoniazzi & Cia Ltda","municipio":"Santa Maria","porte":null,"valor":null,"processo":"AI 74 (Proc. 001792-0567/17-1)","link_oficial":"https://sol.fepam.rs.gov.br/consulta/processo?termo=001792-0567/17-1","resumo":"Poluição · Julgamento: Procedente Por Pagamento · Multa: R$ 2995 · Ampliação de área útil construída (implantação de 01 pavilhão), sem prévio licenciamento junt","aprox":true}},{"type":"Feature","geometry":{"type":"Point","coordinates":[-53.81351,-29.68979]},"properties":{"id":"FEPAM (RS):AI 74 (Proc. 001792-0567/17-1)","orgao":"FEPAM (RS)","uf":"RS","ano":2017,"categoria":"auto_infracao","tipo":"Auto de Infração — Poluição","empresa":"Antoniazzi & Cia Ltda","municipio":"Santa Maria","porte":null,"valor":null,"processo":"AI 74 (Proc. 001792-0567/17-1)","link_oficial":"https://sol.fepam.rs.gov.br/consulta/processo?termo=001792-0567/17-1","resumo":"Poluição · Julgamento: Procedente Por Pagamento · Multa: R$ 2995 · Ampliação de área útil construída (implantação de 01 pavilhão), sem prévio licenciamento junt","aprox":true}},{"type":"Feature","geometry":{"type":"Point","coordinates":[-51.54718,-28.92489]},"properties":{"id":"FEPAM (RS):AI 75 (Proc. 001801-0567/17-1)","orgao":"FEPAM (RS)","uf":"RS","ano":2017,"categoria":"auto_infracao","tipo":"Auto de Infração — Poluição","empresa":"Jurandir Cherubin","municipio":"Veranópolis","porte":null,"valor":null,"processo":"AI 75 (Proc. 001801-0567/17-1)","link_oficial":"https://sol.fepam.rs.gov.br/consulta/processo?termo=001801-0567/17-1","resumo":"Poluição · Julgamento: Procedente · Multa: R$ 1651 · Disposição de resíduos sólidos (diversos sacos e embalagens plásticas), em local inadequado, no interior da","aprox":true}},{"type":"Feature","geometry":{"type":"Point","coordinates":[-51.54718,-28.92489]},"properties":{"id":"FEPAM (RS):AI 75 (Proc. 001801-0567/17-1)","orgao":"FEPAM (RS)","uf":"RS","ano":2017,"categoria":"auto_infracao","tipo":"Auto de Infração — Administrativa","empresa":"Jurandir Cherubin","municipio":"Veranópolis","porte":null,"valor":null,"processo":"AI 75 (Proc. 001801-0567/17-1)","link_oficial":"https://sol.fepam.rs.gov.br/consulta/processo?termo=001801-0567/17-1","resumo":"Administrativa · Julgamento: Procedente · Multa: R$ 1651 · Disposição de resíduos sólidos (diversos sacos e embalagens plásticas), em local inadequado, no inter","aprox":true}},{"type":"Feature","geometry":{"type":"Point","coordinates":[-51.54718,-28.92489]},"properties":{"id":"FEPAM (RS):AI 75 (Proc. 001801-0567/17-1)","orgao":"FEPAM (RS)","uf":"RS","ano":2017,"categoria":"auto_infracao","tipo":"Auto de Infração — Poluição","empresa":"Jurandir Cherubin","municipio":"Veranópolis","porte":null,"valor":null,"processo":"AI 75 (Proc. 001801-0567/17-1)","link_oficial":"https://sol.fepam.rs.gov.br/consulta/processo?termo=001801-0567/17-1","resumo":"Poluição · Julgamento: Procedente · Multa: R$ 1651 · Disposição de resíduos sólidos (diversos sacos e embalagens plásticas), em local inadequado, no interior da","aprox":true}},{"type":"Feature","geometry":{"type":"Point","coordinates":[-51.54718,-28.92489]},"properties":{"id":"FEPAM (RS):AI 75 (Proc. 001801-0567/17-1)","orgao":"FEPAM (RS)","uf":"RS","ano":2017,"categoria":"auto_infracao","tipo":"Auto de Infração — Administrativa","empresa":"Jurandir Cherubin","municipio":"Veranópolis","porte":null,"valor":null,"processo":"AI 75 (Proc. 001801-0567/17-1)","link_oficial":"https://sol.fepam.rs.gov.br/consulta/processo?termo=001801-0567/17-1","resumo":"Administrativa · Julgamento: Procedente · Multa: R$ 1651 · Disposição de resíduos sólidos (diversos sacos e embalagens plásticas), em local inadequado, no inter","aprox":true}},{"type":"Feature","geometry":{"type":"Point","coordinates":[-51.36313,-29.59737]},"properties":{"id":"FEPAM (RS):AI 76 (Proc. 001802-0567/17-3)","orgao":"FEPAM (RS)","uf":"RS","ano":2017,"categoria":"auto_infracao","tipo":"Auto de Infração — Administrativa","empresa":"Abastecedora de Combustíveis Grape Ltda- Epp","municipio":"São Sebastião do Caí","porte":null,"valor":null,"processo":"AI 76 (Proc. 001802-0567/17-3)","link_oficial":"https://sol.fepam.rs.gov.br/consulta/processo?termo=001802-0567/17-3","resumo":"Administrativa · Julgamento: Procedente · Multa: R$ 4838 · Operação da atividade de lavagem de veículos sem autorização do Órgão Ambiental competente (FEPAM), d","aprox":true}},{"type":"Feature","geometry":{"type":"Point","coordinates":[-51.36313,-29.59737]},"properties":{"id":"FEPAM (RS):AI 76 (Proc. 001802-0567/17-3)","orgao":"FEPAM (RS)","uf":"RS","ano":2017,"categoria":"auto_infracao","tipo":"Auto de Infração — Administrativa","empresa":"Abastecedora de Combustíveis Grape Ltda- Epp","municipio":"São Sebastião do Caí","porte":null,"valor":null,"processo":"AI 76 (Proc. 001802-0567/17-3)","link_oficial":"https://sol.fepam.rs.gov.br/consulta/processo?termo=001802-0567/17-3","resumo":"Administrativa · Julgamento: Procedente · Multa: R$ 4838 · Operação da atividade de lavagem de veículos sem autorização do Órgão Ambiental competente (FEPAM), d","aprox":true}},{"type":"Feature","geometry":{"type":"Point","coordinates":[-52.20569,-28.47039]},"properties":{"id":"FEPAM (RS):AI 77 (Proc. 001803-0567/17-6)","orgao":"FEPAM (RS)","uf":"RS","ano":2017,"categoria":"auto_infracao","tipo":"Auto de Infração — Poluição","empresa":"Frigorifico Roso & Dall Agnol Ltda - Epp","municipio":"Marau","porte":null,"valor":null,"processo":"AI 77 (Proc. 001803-0567/17-6)","link_oficial":"https://sol.fepam.rs.gov.br/consulta/processo?termo=001803-0567/17-6","resumo":"Poluição · Julgamento: Procedente · Multa: R$ 2515 · Não estarem disponíveis, no momento da fiscalização e junto ao suposto sistema de tratamento de efluentes l","aprox":true}},{"type":"Feature","geometry":{"type":"Point","coordinates":[-52.20569,-28.47039]},"properties":{"id":"FEPAM (RS):AI 77 (Proc. 001803-0567/17-6)","orgao":"FEPAM (RS)","uf":"RS","ano":2017,"categoria":"auto_infracao","tipo":"Auto de Infração — Poluição","empresa":"Frigorifico Roso & Dall Agnol Ltda - Epp","municipio":"Marau","porte":null,"valor":null,"processo":"AI 77 (Proc. 001803-0567/17-6)","link_oficial":"https://sol.fepam.rs.gov.br/consulta/processo?termo=001803-0567/17-6","resumo":"Poluição · Julgamento: Procedente · Multa: R$ 2515 · Não estarem disponíveis, no momento da fiscalização e junto ao suposto sistema de tratamento de efluentes l","aprox":true}},{"type":"Feature","geometry":{"type":"Point","coordinates":[-53.03611,-27.92189]},"properties":{"id":"FEPAM (RS):AI 78 (Proc. 001805-0567/17-1)","orgao":"FEPAM (RS)","uf":"RS","ano":2017,"categoria":"auto_infracao","tipo":"Auto de Infração — Administrativa","empresa":"Cooperativa Triticola Sarandi Ltda - Cotrisal","municipio":"Barra Funda","porte":null,"valor":null,"processo":"AI 78 (Proc. 001805-0567/17-1)","link_oficial":"https://sol.fepam.rs.gov.br/consulta/processo?termo=001805-0567/17-1","resumo":"Administrativa · Julgamento: Procedente Por Pagamento · Multa: R$ 4838 · Ampliação de área útil construída e instalação de novos equipamentos sem o devido licen","aprox":true}},{"type":"Feature","geometry":{"type":"Point","coordinates":[-53.03611,-27.92189]},"properties":{"id":"FEPAM (RS):AI 78 (Proc. 001805-0567/17-1)","orgao":"FEPAM (RS)","uf":"RS","ano":2017,"categoria":"auto_infracao","tipo":"Auto de Infração — Administrativa","empresa":"Cooperativa Triticola Sarandi Ltda - Cotrisal","municipio":"Barra Funda","porte":null,"valor":null,"processo":"AI 78 (Proc. 001805-0567/17-1)","link_oficial":"https://sol.fepam.rs.gov.br/consulta/processo?termo=001805-0567/17-1","resumo":"Administrativa · Julgamento: Procedente Por Pagamento · Multa: R$ 4838 · Ampliação de área útil construída e instalação de novos equipamentos sem o devido licen","aprox":true}},{"type":"Feature","geometry":{"type":"Point","coordinates":[-52.03344,-29.21695]},"properties":{"id":"FEPAM (RS):AI 79 (Proc. 001806-0567/17-4)","orgao":"FEPAM (RS)","uf":"RS","ano":2017,"categoria":"auto_infracao","tipo":"Auto de Infração — Administrativa","empresa":"Postos de Serviços Bresciense Ltda","municipio":"Nova Brescia","porte":null,"valor":null,"processo":"AI 79 (Proc. 001806-0567/17-4)","link_oficial":"https://sol.fepam.rs.gov.br/consulta/processo?termo=001806-0567/17-4","resumo":"Administrativa · Julgamento: Procedente · Multa: R$ 1651 · Deixar de comprovar a destinação adequada dos resíduos classe I gerados no empreendimento, desde 2013","aprox":true}},{"type":"Feature","geometry":{"type":"Point","coordinates":[-52.03344,-29.21695]},"properties":{"id":"FEPAM (RS):AI 79 (Proc. 001806-0567/17-4)","orgao":"FEPAM (RS)","uf":"RS","ano":2017,"categoria":"auto_infracao","tipo":"Auto de Infração — Administrativa","empresa":"Postos de Serviços Bresciense Ltda","municipio":"Nova Brescia","porte":null,"valor":null,"processo":"AI 79 (Proc. 001806-0567/17-4)","link_oficial":"https://sol.fepam.rs.gov.br/consulta/processo?termo=001806-0567/17-4","resumo":"Administrativa · Julgamento: Procedente · Multa: R$ 1651 · Deixar de comprovar a destinação adequada dos resíduos classe I gerados no empreendimento, desde 2013","aprox":true}},{"type":"Feature","geometry":{"type":"Point","coordinates":[-51.18505,-29.02863]},"properties":{"id":"FEPAM (RS):AI 80 (Proc. 001813-0567/17-8)","orgao":"FEPAM (RS)","uf":"RS","ano":2017,"categoria":"auto_infracao","tipo":"Auto de Infração — Poluição","empresa":"Vinhos Vanisul Ltda","municipio":"Flores da Cunha","porte":null,"valor":null,"processo":"AI 80 (Proc. 001813-0567/17-8)","link_oficial":"https://sol.fepam.rs.gov.br/consulta/processo?termo=001813-0567/17-8","resumo":"Poluição · Julgamento: Procedente · Multa: R$ 5030 · Lançamento de efluentes líquidos , sem tratamento adequado, diretamente no solo e atingindo recurso hídrico","aprox":true}},{"type":"Feature","geometry":{"type":"Point","coordinates":[-51.18505,-29.02863]},"properties":{"id":"FEPAM (RS):AI 80 (Proc. 001813-0567/17-8)","orgao":"FEPAM (RS)","uf":"RS","ano":2017,"categoria":"auto_infracao","tipo":"Auto de Infração — Poluição","empresa":"Vinhos Vanisul Ltda","municipio":"Flores da Cunha","porte":null,"valor":null,"processo":"AI 80 (Proc. 001813-0567/17-8)","link_oficial":"https://sol.fepam.rs.gov.br/consulta/processo?termo=001813-0567/17-8","resumo":"Poluição · Julgamento: Procedente · Multa: R$ 5030 · Lançamento de efluentes líquidos , sem tratamento adequado, diretamente no solo e atingindo recurso hídrico","aprox":true}},{"type":"Feature","geometry":{"type":"Point","coordinates":[-52.50916,-28.81846]},"properties":{"id":"FEPAM (RS):AI 81 (Proc. 001814-0567/17-1)","orgao":"FEPAM (RS)","uf":"RS","ano":2017,"categoria":"auto_infracao","tipo":"Auto de Infração — Poluição","empresa":"Nei Antonio Piana Chequeller","municipio":"Soledade","porte":null,"valor":null,"processo":"AI 81 (Proc. 001814-0567/17-1)","link_oficial":"https://sol.fepam.rs.gov.br/consulta/processo?termo=001814-0567/17-1","resumo":"Poluição · Julgamento: Procedente · Multa: R$ 4840 · Presença de material oleoso sobrenadante nas Caixas Separadoras Água-Óleo (CSAO) do empreendimento, em desa","aprox":true}},{"type":"Feature","geometry":{"type":"Point","coordinates":[-52.50916,-28.81846]},"properties":{"id":"FEPAM (RS):AI 81 (Proc. 001814-0567/17-1)","orgao":"FEPAM (RS)","uf":"RS","ano":2017,"categoria":"auto_infracao","tipo":"Auto de Infração — Poluição","empresa":"Nei Antonio Piana Chequeller","municipio":"Soledade","porte":null,"valor":null,"processo":"AI 81 (Proc. 001814-0567/17-1)","link_oficial":"https://sol.fepam.rs.gov.br/consulta/processo?termo=001814-0567/17-1","resumo":"Poluição · Julgamento: Procedente · Multa: R$ 4840 · Presença de material oleoso sobrenadante nas Caixas Separadoras Água-Óleo (CSAO) do empreendimento, em desa","aprox":true}},{"type":"Feature","geometry":{"type":"Point","coordinates":[-51.70856,-29.92882]},"properties":{"id":"FEPAM (RS):AI 82 (Proc. 001815-0567/17-3)","orgao":"FEPAM (RS)","uf":"RS","ano":2017,"categoria":"auto_infracao","tipo":"Auto de Infração — Poluição","empresa":"Aborgama do Brasil Ltda","municipio":"Triunfo","porte":null,"valor":null,"processo":"AI 82 (Proc. 001815-0567/17-3)","link_oficial":"https://sol.fepam.rs.gov.br/consulta/processo?termo=001815-0567/17-3","resumo":"Poluição · Julgamento: Procedente · Multa: R$ 9715 · Gerar poluição atmosférica, devido a incêndio ocorrido em vala de aterro resíduos de saúde; descumprindo o ","aprox":true}},{"type":"Feature","geometry":{"type":"Point","coordinates":[-51.70856,-29.92882]},"properties":{"id":"FEPAM (RS):AI 82 (Proc. 001815-0567/17-3)","orgao":"FEPAM (RS)","uf":"RS","ano":2017,"categoria":"auto_infracao","tipo":"Auto de Infração — Poluição","empresa":"Aborgama do Brasil Ltda","municipio":"Triunfo","porte":null,"valor":null,"processo":"AI 82 (Proc. 001815-0567/17-3)","link_oficial":"https://sol.fepam.rs.gov.br/consulta/processo?termo=001815-0567/17-3","resumo":"Poluição · Julgamento: Procedente · Multa: R$ 9715 · Gerar poluição atmosférica, devido a incêndio ocorrido em vala de aterro resíduos de saúde; descumprindo o ","aprox":true}},{"type":"Feature","geometry":{"type":"Point","coordinates":[-52.68181,-31.40185]},"properties":{"id":"FEPAM (RS):AI 83 (Proc. 001818-0567/17-1)","orgao":"FEPAM (RS)","uf":"RS","ano":2017,"categoria":"auto_infracao","tipo":"Auto de Infração — Flora","empresa":"Sebastiao Ribeiro Neto","municipio":"Canguçu","porte":null,"valor":null,"processo":"AI 83 (Proc. 001818-0567/17-1)","link_oficial":"https://sol.fepam.rs.gov.br/consulta/processo?termo=001818-0567/17-1","resumo":"Flora · Julgamento: Procedente · Multa: R$ 6384 · Abertura de estrada, em Área de Preservação Permanente (APP), objetivando acesso a talhão para efetuação de co","aprox":true}},{"type":"Feature","geometry":{"type":"Point","coordinates":[-52.68181,-31.40185]},"properties":{"id":"FEPAM (RS):AI 83 (Proc. 001818-0567/17-1)","orgao":"FEPAM (RS)","uf":"RS","ano":2017,"categoria":"auto_infracao","tipo":"Auto de Infração — Flora","empresa":"Sebastiao Ribeiro Neto","municipio":"Canguçu","porte":null,"valor":null,"processo":"AI 83 (Proc. 001818-0567/17-1)","link_oficial":"https://sol.fepam.rs.gov.br/consulta/processo?termo=001818-0567/17-1","resumo":"Flora · Julgamento: Procedente · Multa: R$ 6384 · Abertura de estrada, em Área de Preservação Permanente (APP), objetivando acesso a talhão para efetuação de co","aprox":true}},{"type":"Feature","geometry":{"type":"Point","coordinates":[-51.49787,-29.16457]},"properties":{"id":"FEPAM (RS):AI 84 (Proc. 001821-0567/17-4)","orgao":"FEPAM (RS)","uf":"RS","ano":2017,"categoria":"auto_infracao","tipo":"Auto de Infração — Administrativa","empresa":"Vivendas Urbanizadora Spe Ltda","municipio":"Bento Gonçalves","porte":null,"valor":null,"processo":"AI 84 (Proc. 001821-0567/17-4)","link_oficial":"https://sol.fepam.rs.gov.br/consulta/processo?termo=001821-0567/17-4","resumo":"Administrativa · Julgamento: Procedente Por Pagamento · Multa: R$ 3394 · Omissão de informações sobre recurso hídrico superficial, situado nas coordenadas geogr","aprox":true}},{"type":"Feature","geometry":{"type":"Point","coordinates":[-51.49787,-29.16457]},"properties":{"id":"FEPAM (RS):AI 84 (Proc. 001821-0567/17-4)","orgao":"FEPAM (RS)","uf":"RS","ano":2017,"categoria":"auto_infracao","tipo":"Auto de Infração — Administrativa","empresa":"Vivendas Urbanizadora Spe Ltda","municipio":"Bento Gonçalves","porte":null,"valor":null,"processo":"AI 84 (Proc. 001821-0567/17-4)","link_oficial":"https://sol.fepam.rs.gov.br/consulta/processo?termo=001821-0567/17-4","resumo":"Administrativa · Julgamento: Procedente Por Pagamento · Multa: R$ 3394 · Omissão de informações sobre recurso hídrico superficial, situado nas coordenadas geogr","aprox":true}},{"type":"Feature","geometry":{"type":"Point","coordinates":[-51.79086,-28.60666]},"properties":{"id":"FEPAM (RS):AI 85 (Proc. 001826-0567/17-8)","orgao":"FEPAM (RS)","uf":"RS","ano":2017,"categoria":"auto_infracao","tipo":"Auto de Infração — Poluição","empresa":"Matrezan Industria de Móveis Ltda","municipio":"Paraí","porte":null,"valor":null,"processo":"AI 85 (Proc. 001826-0567/17-8)","link_oficial":"https://sol.fepam.rs.gov.br/consulta/processo?termo=001826-0567/17-8","resumo":"Poluição · Julgamento: Procedente · Multa: R$ 1651 · Ampliação de área e inclusão/operação de atividade potencialmente poluidora (sistema de pintura), sem prévi","aprox":true}},{"type":"Feature","geometry":{"type":"Point","coordinates":[-51.79086,-28.60666]},"properties":{"id":"FEPAM (RS):AI 85 (Proc. 001826-0567/17-8)","orgao":"FEPAM (RS)","uf":"RS","ano":2017,"categoria":"auto_infracao","tipo":"Auto de Infração — Poluição","empresa":"Matrezan Industria de Móveis Ltda","municipio":"Paraí","porte":null,"valor":null,"processo":"AI 85 (Proc. 001826-0567/17-8)","link_oficial":"https://sol.fepam.rs.gov.br/consulta/processo?termo=001826-0567/17-8","resumo":"Poluição · Julgamento: Procedente · Multa: R$ 1651 · Ampliação de área e inclusão/operação de atividade potencialmente poluidora (sistema de pintura), sem prévi","aprox":true}},{"type":"Feature","geometry":{"type":"Point","coordinates":[-50.14731,-29.97097]},"properties":{"id":"FEPAM (RS):AI 86 (Proc. 001848-0567/17-7)","orgao":"FEPAM (RS)","uf":"RS","ano":2017,"categoria":"auto_infracao","tipo":"Auto de Infração — Poluição","empresa":"Loreno Romeu Schenkel","municipio":"Tramandaí","porte":null,"valor":null,"processo":"AI 86 (Proc. 001848-0567/17-7)","link_oficial":"https://sol.fepam.rs.gov.br/consulta/processo?termo=001848-0567/17-7","resumo":"Poluição · Julgamento: Procedente Por Pagamento · Multa: R$ 17374 · Vazamento de chorume da célula emergencial do Aterro Sanitário diretamente no solo, conforme","aprox":true}},{"type":"Feature","geometry":{"type":"Point","coordinates":[-50.14731,-29.97097]},"properties":{"id":"FEPAM (RS):AI 86 (Proc. 001848-0567/17-7)","orgao":"FEPAM (RS)","uf":"RS","ano":2017,"categoria":"auto_infracao","tipo":"Auto de Infração — Poluição","empresa":"Loreno Romeu Schenkel","municipio":"Tramandaí","porte":null,"valor":null,"processo":"AI 86 (Proc. 001848-0567/17-7)","link_oficial":"https://sol.fepam.rs.gov.br/consulta/processo?termo=001848-0567/17-7","resumo":"Poluição · Julgamento: Procedente Por Pagamento · Multa: R$ 17374 · Vazamento de chorume da célula emergencial do Aterro Sanitário diretamente no solo, conforme","aprox":true}},{"type":"Feature","geometry":{"type":"Point","coordinates":[-51.55545,-29.54499]},"properties":{"id":"FEPAM (RS):AI 87 (Proc. 001850-0567/17-7)","orgao":"FEPAM (RS)","uf":"RS","ano":2017,"categoria":"auto_infracao","tipo":"Auto de Infração — Administrativa","empresa":"Calcados Jacob S/a","municipio":"Maratá","porte":null,"valor":null,"processo":"AI 87 (Proc. 001850-0567/17-7)","link_oficial":"https://sol.fepam.rs.gov.br/consulta/processo?termo=001850-0567/17-7","resumo":"Administrativa · Julgamento: Procedente · Implantação de atividade potencialmente poluidora (Fabricação de Calçados), sem o prévio licenciamento junto ao Órgão ","aprox":true}},{"type":"Feature","geometry":{"type":"Point","coordinates":[-51.55545,-29.54499]},"properties":{"id":"FEPAM (RS):AI 87 (Proc. 001850-0567/17-7)","orgao":"FEPAM (RS)","uf":"RS","ano":2017,"categoria":"auto_infracao","tipo":"Auto de Infração — Administrativa","empresa":"Calcados Jacob S/a","municipio":"Maratá","porte":null,"valor":null,"processo":"AI 87 (Proc. 001850-0567/17-7)","link_oficial":"https://sol.fepam.rs.gov.br/consulta/processo?termo=001850-0567/17-7","resumo":"Administrativa · Julgamento: Procedente · Implantação de atividade potencialmente poluidora (Fabricação de Calçados), sem o prévio licenciamento junto ao Órgão ","aprox":true}},{"type":"Feature","geometry":{"type":"Point","coordinates":[-51.1616,-29.16011]},"properties":{"id":"FEPAM (RS):AI 88 (Proc. 001852-0567/17-2)","orgao":"FEPAM (RS)","uf":"RS","ano":2017,"categoria":"auto_infracao","tipo":"Auto de Infração — Administrativa","empresa":"Recycling Reciclagem Industrial Ltda","municipio":"Caxias do Sul","porte":null,"valor":null,"processo":"AI 88 (Proc. 001852-0567/17-2)","link_oficial":"https://sol.fepam.rs.gov.br/consulta/processo?termo=001852-0567/17-2","resumo":"Administrativa · Julgamento: Procedente · Multa: R$ 2685 · Não comprovação da implantação, no prazo estabelecido, do novo equipamento de recuperação de solvente","aprox":true}},{"type":"Feature","geometry":{"type":"Point","coordinates":[-51.1616,-29.16011]},"properties":{"id":"FEPAM (RS):AI 88 (Proc. 001852-0567/17-2)","orgao":"FEPAM (RS)","uf":"RS","ano":2017,"categoria":"auto_infracao","tipo":"Auto de Infração — Administrativa","empresa":"Recycling Reciclagem Industrial Ltda","municipio":"Caxias do Sul","porte":null,"valor":null,"processo":"AI 88 (Proc. 001852-0567/17-2)","link_oficial":"https://sol.fepam.rs.gov.br/consulta/processo?termo=001852-0567/17-2","resumo":"Administrativa · Julgamento: Procedente · Multa: R$ 2685 · Não comprovação da implantação, no prazo estabelecido, do novo equipamento de recuperação de solvente","aprox":true}},{"type":"Feature","geometry":{"type":"Point","coordinates":[-51.1616,-29.16011]},"properties":{"id":"FEPAM (RS):AI 88 (Proc. 001852-0567/17-2)","orgao":"FEPAM (RS)","uf":"RS","ano":2017,"categoria":"auto_infracao","tipo":"Auto de Infração — Administrativa","empresa":"Recycling Reciclagem Industrial Ltda","municipio":"Caxias do Sul","porte":null,"valor":null,"processo":"AI 88 (Proc. 001852-0567/17-2)","link_oficial":"https://sol.fepam.rs.gov.br/consulta/processo?termo=001852-0567/17-2","resumo":"Administrativa · Julgamento: Procedente · Não comprovação da implantação, no prazo estabelecido, do novo equipamento de recuperação de solvente sem emissão fugi","aprox":true}},{"type":"Feature","geometry":{"type":"Point","coordinates":[-52.88499,-30.05333]},"properties":{"id":"FEPAM (RS):AI 89 (Proc. 001853-0567/17-5)","orgao":"FEPAM (RS)","uf":"RS","ano":2017,"categoria":"auto_infracao","tipo":"Auto de Infração — Administrativa","empresa":"Calcados Jacob S/a","municipio":"Cachoeira do Sul","porte":null,"valor":null,"processo":"AI 89 (Proc. 001853-0567/17-5)","link_oficial":"https://sol.fepam.rs.gov.br/consulta/processo?termo=001853-0567/17-5","resumo":"Administrativa · Julgamento: Procedente · Implantação de atividade potencialmente poluidora (Fabricação de Calçados), sem o prévio licenciamento junto ao Órgão ","aprox":true}},{"type":"Feature","geometry":{"type":"Point","coordinates":[-52.88499,-30.05333]},"properties":{"id":"FEPAM (RS):AI 89 (Proc. 001853-0567/17-5)","orgao":"FEPAM (RS)","uf":"RS","ano":2017,"categoria":"auto_infracao","tipo":"Auto de Infração — Administrativa","empresa":"Calcados Jacob S/a","municipio":"Cachoeira do Sul","porte":null,"valor":null,"processo":"AI 89 (Proc. 001853-0567/17-5)","link_oficial":"https://sol.fepam.rs.gov.br/consulta/processo?termo=001853-0567/17-5","resumo":"Administrativa · Julgamento: Procedente · Implantação de atividade potencialmente poluidora (Fabricação de Calçados), sem o prévio licenciamento junto ao Órgão ","aprox":true}},{"type":"Feature","geometry":{"type":"Point","coordinates":[-51.22713,-30.03036]},"properties":{"id":"FEPAM (RS):AI 90 (Proc. 001858-0567/17-9)","orgao":"FEPAM (RS)","uf":"RS","ano":2017,"categoria":"auto_infracao","tipo":"Auto de Infração — Poluição","empresa":"A C da Silva - Me","municipio":"Porto Alegre","porte":null,"valor":null,"processo":"AI 90 (Proc. 001858-0567/17-9)","link_oficial":"https://sol.fepam.rs.gov.br/consulta/processo?termo=001858-0567/17-9","resumo":"Poluição · Julgamento: Procedente · Multa: R$ 1651 · Funcionamento de estabelecimento potencialmente poluidor sem o licenciamento do Órgão Ambiental competente ","aprox":true}},{"type":"Feature","geometry":{"type":"Point","coordinates":[-51.22713,-30.03036]},"properties":{"id":"FEPAM (RS):AI 90 (Proc. 001858-0567/17-9)","orgao":"FEPAM (RS)","uf":"RS","ano":2017,"categoria":"auto_infracao","tipo":"Auto de Infração — Poluição","empresa":"A C da Silva - Me","municipio":"Porto Alegre","porte":null,"valor":null,"processo":"AI 90 (Proc. 001858-0567/17-9)","link_oficial":"https://sol.fepam.rs.gov.br/consulta/processo?termo=001858-0567/17-9","resumo":"Poluição · Julgamento: Procedente · Funcionamento de estabelecimento potencialmente poluidor sem o licenciamento do Órgão Ambiental competente (pintura, oficina","aprox":true}},{"type":"Feature","geometry":{"type":"Point","coordinates":[-51.22713,-30.03036]},"properties":{"id":"FEPAM (RS):AI 90 (Proc. 001858-0567/17-9)","orgao":"FEPAM (RS)","uf":"RS","ano":2017,"categoria":"auto_infracao","tipo":"Auto de Infração — Poluição","empresa":"A C da Silva - Me","municipio":"Porto Alegre","porte":null,"valor":null,"processo":"AI 90 (Proc. 001858-0567/17-9)","link_oficial":"https://sol.fepam.rs.gov.br/consulta/processo?termo=001858-0567/17-9","resumo":"Poluição · Julgamento: Procedente · Multa: R$ 1651 · Funcionamento de estabelecimento potencialmente poluidor sem o licenciamento do Órgão Ambiental competente ","aprox":true}},{"type":"Feature","geometry":{"type":"Point","coordinates":[-54.31377,-30.33187]},"properties":{"id":"FEPAM (RS):AI 91 (Proc. 001880-0567/17-2)","orgao":"FEPAM (RS)","uf":"RS","ano":2017,"categoria":"auto_infracao","tipo":"Auto de Infração — Poluição","empresa":"Marcos de Vasconcelos Menezes","municipio":"São Gabriel","porte":null,"valor":null,"processo":"AI 91 (Proc. 001880-0567/17-2)","link_oficial":"https://sol.fepam.rs.gov.br/consulta/processo?termo=001880-0567/17-2","resumo":"Poluição · Julgamento: Anulado · Multa: R$ 2995 · Funcionamento de atividade potencialmente poluidora (engenho com depósito, secagem, limpeza e armazenamento de","aprox":true}},{"type":"Feature","geometry":{"type":"Point","coordinates":[-54.31377,-30.33187]},"properties":{"id":"FEPAM (RS):AI 91 (Proc. 001880-0567/17-2)","orgao":"FEPAM (RS)","uf":"RS","ano":2017,"categoria":"auto_infracao","tipo":"Auto de Infração — Poluição","empresa":"Marcos de Vasconcelos Menezes","municipio":"São Gabriel","porte":null,"valor":null,"processo":"AI 91 (Proc. 001880-0567/17-2)","link_oficial":"https://sol.fepam.rs.gov.br/consulta/processo?termo=001880-0567/17-2","resumo":"Poluição · Julgamento: Anulado · Multa: R$ 2995 · Funcionamento de atividade potencialmente poluidora (engenho com depósito, secagem, limpeza e armazenamento de","aprox":true}},{"type":"Feature","geometry":{"type":"Point","coordinates":[-51.32044,-30.10875]},"properties":{"id":"FEPAM (RS):AI 92 (Proc. 001869-0567/17-3)","orgao":"FEPAM (RS)","uf":"RS","ano":2017,"categoria":"auto_infracao","tipo":"Auto de Infração — Poluição","empresa":"Thyssenkrupp Elevadores S/a","municipio":"Guaíba","porte":null,"valor":null,"processo":"AI 92 (Proc. 001869-0567/17-3)","link_oficial":"https://sol.fepam.rs.gov.br/consulta/processo?termo=001869-0567/17-3","resumo":"Poluição · Julgamento: Procedente · Multa: R$ 3571 · Ampliação de área construída sem licenciamento prévio, conforme informação apresentada pelo empreendedor no","aprox":true}},{"type":"Feature","geometry":{"type":"Point","coordinates":[-51.32044,-30.10875]},"properties":{"id":"FEPAM (RS):AI 92 (Proc. 001869-0567/17-3)","orgao":"FEPAM (RS)","uf":"RS","ano":2017,"categoria":"auto_infracao","tipo":"Auto de Infração — Poluição","empresa":"Thyssenkrupp Elevadores S/a","municipio":"Guaíba","porte":null,"valor":null,"processo":"AI 92 (Proc. 001869-0567/17-3)","link_oficial":"https://sol.fepam.rs.gov.br/consulta/processo?termo=001869-0567/17-3","resumo":"Poluição · Julgamento: Procedente · Multa: R$ 3571 · Ampliação de área construída sem licenciamento prévio, conforme informação apresentada pelo empreendedor no","aprox":true}},{"type":"Feature","geometry":{"type":"Point","coordinates":[-50.2158,-29.69675]},"properties":{"id":"FEPAM (RS):AI 93 (Proc. 001898-0567/17-6)","orgao":"FEPAM (RS)","uf":"RS","ano":2017,"categoria":"auto_infracao","tipo":"Auto de Infração — Fauna","empresa":"Luiz Cezar Maggi Bassani","municipio":"Maquiné","porte":null,"valor":null,"processo":"AI 93 (Proc. 001898-0567/17-6)","link_oficial":"https://sol.fepam.rs.gov.br/consulta/processo?termo=001898-0567/17-6","resumo":"Fauna · Julgamento: Procedente · Multa: R$ 142300 · Abertura de valos de drenagem agrícola em Área de Preservação Permanente (APP) da lagoa do Ramalhete, fazend","aprox":true}},{"type":"Feature","geometry":{"type":"Point","coordinates":[-50.2158,-29.69675]},"properties":{"id":"FEPAM (RS):AI 93 (Proc. 001898-0567/17-6)","orgao":"FEPAM (RS)","uf":"RS","ano":2017,"categoria":"auto_infracao","tipo":"Auto de Infração — Flora","empresa":"Luiz Cezar Maggi Bassani","municipio":"Maquiné","porte":null,"valor":null,"processo":"AI 93 (Proc. 001898-0567/17-6)","link_oficial":"https://sol.fepam.rs.gov.br/consulta/processo?termo=001898-0567/17-6","resumo":"Flora · Julgamento: Procedente · Multa: R$ 142300 · Abertura de valos de drenagem agrícola em Área de Preservação Permanente (APP) da lagoa do Ramalhete, fazend","aprox":true}},{"type":"Feature","geometry":{"type":"Point","coordinates":[-50.2158,-29.69675]},"properties":{"id":"FEPAM (RS):AI 93 (Proc. 001898-0567/17-6)","orgao":"FEPAM (RS)","uf":"RS","ano":2017,"categoria":"auto_infracao","tipo":"Auto de Infração — Poluição","empresa":"Luiz Cezar Maggi Bassani","municipio":"Maquiné","porte":null,"valor":null,"processo":"AI 93 (Proc. 001898-0567/17-6)","link_oficial":"https://sol.fepam.rs.gov.br/consulta/processo?termo=001898-0567/17-6","resumo":"Poluição · Julgamento: Procedente · Multa: R$ 142300 · Abertura de valos de drenagem agrícola em Área de Preservação Permanente (APP) da lagoa do Ramalhete, faz","aprox":true}},{"type":"Feature","geometry":{"type":"Point","coordinates":[-50.2158,-29.69675]},"properties":{"id":"FEPAM (RS):AI 93 (Proc. 001898-0567/17-6)","orgao":"FEPAM (RS)","uf":"RS","ano":2017,"categoria":"auto_infracao","tipo":"Auto de Infração — Fauna","empresa":"Luiz Cezar Maggi Bassani","municipio":"Maquiné","porte":null,"valor":null,"processo":"AI 93 (Proc. 001898-0567/17-6)","link_oficial":"https://sol.fepam.rs.gov.br/consulta/processo?termo=001898-0567/17-6","resumo":"Fauna · Julgamento: Procedente · Abertura de valos de drenagem agrícola em Área de Preservação Permanente (APP) da lagoa do Ramalhete, fazendo com que a lagoa v","aprox":true}},{"type":"Feature","geometry":{"type":"Point","coordinates":[-50.2158,-29.69675]},"properties":{"id":"FEPAM (RS):AI 93 (Proc. 001898-0567/17-6)","orgao":"FEPAM (RS)","uf":"RS","ano":2017,"categoria":"auto_infracao","tipo":"Auto de Infração — Flora","empresa":"Luiz Cezar Maggi Bassani","municipio":"Maquiné","porte":null,"valor":null,"processo":"AI 93 (Proc. 001898-0567/17-6)","link_oficial":"https://sol.fepam.rs.gov.br/consulta/processo?termo=001898-0567/17-6","resumo":"Flora · Julgamento: Procedente · Abertura de valos de drenagem agrícola em Área de Preservação Permanente (APP) da lagoa do Ramalhete, fazendo com que a lagoa v","aprox":true}},{"type":"Feature","geometry":{"type":"Point","coordinates":[-50.2158,-29.69675]},"properties":{"id":"FEPAM (RS):AI 93 (Proc. 001898-0567/17-6)","orgao":"FEPAM (RS)","uf":"RS","ano":2017,"categoria":"auto_infracao","tipo":"Auto de Infração — Poluição","empresa":"Luiz Cezar Maggi Bassani","municipio":"Maquiné","porte":null,"valor":null,"processo":"AI 93 (Proc. 001898-0567/17-6)","link_oficial":"https://sol.fepam.rs.gov.br/consulta/processo?termo=001898-0567/17-6","resumo":"Poluição · Julgamento: Procedente · Abertura de valos de drenagem agrícola em Área de Preservação Permanente (APP) da lagoa do Ramalhete, fazendo com que a lago","aprox":true}},{"type":"Feature","geometry":{"type":"Point","coordinates":[-50.2158,-29.69675]},"properties":{"id":"FEPAM (RS):AI 93 (Proc. 001898-0567/17-6)","orgao":"FEPAM (RS)","uf":"RS","ano":2017,"categoria":"auto_infracao","tipo":"Auto de Infração — Fauna","empresa":"Luiz Cezar Maggi Bassani","municipio":"Maquiné","porte":null,"valor":null,"processo":"AI 93 (Proc. 001898-0567/17-6)","link_oficial":"https://sol.fepam.rs.gov.br/consulta/processo?termo=001898-0567/17-6","resumo":"Fauna · Julgamento: Procedente · Multa: R$ 142300 · Abertura de valos de drenagem agrícola em Área de Preservação Permanente (APP) da lagoa do Ramalhete, fazend","aprox":true}},{"type":"Feature","geometry":{"type":"Point","coordinates":[-50.2158,-29.69675]},"properties":{"id":"FEPAM (RS):AI 93 (Proc. 001898-0567/17-6)","orgao":"FEPAM (RS)","uf":"RS","ano":2017,"categoria":"auto_infracao","tipo":"Auto de Infração — Flora","empresa":"Luiz Cezar Maggi Bassani","municipio":"Maquiné","porte":null,"valor":null,"processo":"AI 93 (Proc. 001898-0567/17-6)","link_oficial":"https://sol.fepam.rs.gov.br/consulta/processo?termo=001898-0567/17-6","resumo":"Flora · Julgamento: Procedente · Multa: R$ 142300 · Abertura de valos de drenagem agrícola em Área de Preservação Permanente (APP) da lagoa do Ramalhete, fazend","aprox":true}},{"type":"Feature","geometry":{"type":"Point","coordinates":[-50.2158,-29.69675]},"properties":{"id":"FEPAM (RS):AI 93 (Proc. 001898-0567/17-6)","orgao":"FEPAM (RS)","uf":"RS","ano":2017,"categoria":"auto_infracao","tipo":"Auto de Infração — Poluição","empresa":"Luiz Cezar Maggi Bassani","municipio":"Maquiné","porte":null,"valor":null,"processo":"AI 93 (Proc. 001898-0567/17-6)","link_oficial":"https://sol.fepam.rs.gov.br/consulta/processo?termo=001898-0567/17-6","resumo":"Poluição · Julgamento: Procedente · Multa: R$ 142300 · Abertura de valos de drenagem agrícola em Área de Preservação Permanente (APP) da lagoa do Ramalhete, faz","aprox":true}},{"type":"Feature","geometry":{"type":"Point","coordinates":[-54.31003,-30.34537]},"properties":{"id":"FEPAM (RS):AI 94 (Proc. 001882-0567/17-8)","orgao":"FEPAM (RS)","uf":"RS","ano":2017,"categoria":"auto_infracao","tipo":"Auto de Infração — Administrativa","empresa":"Marcos de Vasconcelos Menezes","municipio":"São Gabriel","porte":null,"valor":null,"processo":"AI 94 (Proc. 001882-0567/17-8)","link_oficial":"https://sol.fepam.rs.gov.br/consulta/processo?termo=001882-0567/17-8","resumo":"Administrativa · Julgamento: Anulado · Multa: R$ 2419 · Operação de atividade potencialmente poluidora (engenho com pré-limpeza, secagem e armazenamento de grão","aprox":true}},{"type":"Feature","geometry":{"type":"Point","coordinates":[-51.51515,-29.30319]},"properties":{"id":"FEPAM (RS):AI 95 (Proc. 001883-0567/17-1)","orgao":"FEPAM (RS)","uf":"RS","ano":2017,"categoria":"auto_infracao","tipo":"Auto de Infração — Poluição","empresa":"Tramontina Multi S A","municipio":"Carlos Barbosa","porte":null,"valor":null,"processo":"AI 95 (Proc. 001883-0567/17-1)","link_oficial":"https://sol.fepam.rs.gov.br/consulta/processo?termo=001883-0567/17-1","resumo":"Poluição · Julgamento: Procedente · Multa: R$ 3571 · Instalação de equipamentos sem o prévio licenciamento junto ao Órgão Ambiente competente; e operação de equ","aprox":true}},{"type":"Feature","geometry":{"type":"Point","coordinates":[-51.51515,-29.30319]},"properties":{"id":"FEPAM (RS):AI 95 (Proc. 001883-0567/17-1)","orgao":"FEPAM (RS)","uf":"RS","ano":2017,"categoria":"auto_infracao","tipo":"Auto de Infração — Poluição","empresa":"Tramontina Multi S A","municipio":"Carlos Barbosa","porte":null,"valor":null,"processo":"AI 95 (Proc. 001883-0567/17-1)","link_oficial":"https://sol.fepam.rs.gov.br/consulta/processo?termo=001883-0567/17-1","resumo":"Poluição · Julgamento: Procedente · Multa: R$ 3571 · Instalação de equipamentos sem o prévio licenciamento junto ao Órgão Ambiente competente; e operação de equ","aprox":true}},{"type":"Feature","geometry":{"type":"Point","coordinates":[-51.1546,-29.59695]},"properties":{"id":"FEPAM (RS):AI 96 (Proc. 001884-0567/17-3)","orgao":"FEPAM (RS)","uf":"RS","ano":2017,"categoria":"auto_infracao","tipo":"Auto de Infração — Administrativa","empresa":"Regetec Breier Regeneracao de Oleos Ltda.","municipio":"Ivoti","porte":null,"valor":null,"processo":"AI 96 (Proc. 001884-0567/17-3)","link_oficial":"https://sol.fepam.rs.gov.br/consulta/processo?termo=001884-0567/17-3","resumo":"Administrativa · Julgamento: Anulado · Implantação e operação de atividade potencialmente poluidora (Recuperação de óleos), sem o prévio licenciamento junto ao ","aprox":true}},{"type":"Feature","geometry":{"type":"Point","coordinates":[-51.1546,-29.59695]},"properties":{"id":"FEPAM (RS):AI 96 (Proc. 001884-0567/17-3)","orgao":"FEPAM (RS)","uf":"RS","ano":2017,"categoria":"auto_infracao","tipo":"Auto de Infração — Administrativa","empresa":"Regetec Breier Regeneracao de Oleos Ltda.","municipio":"Ivoti","porte":null,"valor":null,"processo":"AI 96 (Proc. 001884-0567/17-3)","link_oficial":"https://sol.fepam.rs.gov.br/consulta/processo?termo=001884-0567/17-3","resumo":"Administrativa · Julgamento: Anulado · Implantação e operação de atividade potencialmente poluidora (Recuperação de óleos), sem o prévio licenciamento junto ao ","aprox":true}},{"type":"Feature","geometry":{"type":"Point","coordinates":[-51.60353,-30.09743]},"properties":{"id":"FEPAM (RS):AI 97 (Proc. 001886-0567/17-9)","orgao":"FEPAM (RS)","uf":"RS","ano":2017,"categoria":"auto_infracao","tipo":"Auto de Infração — Administrativa","empresa":"A C Frison Helicopteros - Me","municipio":"Eldorado do Sul","porte":null,"valor":null,"processo":"AI 97 (Proc. 001886-0567/17-9)","link_oficial":"https://sol.fepam.rs.gov.br/consulta/processo?termo=001886-0567/17-9","resumo":"Administrativa · Julgamento: Procedente · Multa: R$ 8563 · Não atendimento dos Of. ARREC/Fepam N.º 5308/2017 e N.º 6041/2017; e consequente funcionamento de ati","aprox":true}},{"type":"Feature","geometry":{"type":"Point","coordinates":[-51.60353,-30.09743]},"properties":{"id":"FEPAM (RS):AI 97 (Proc. 001886-0567/17-9)","orgao":"FEPAM (RS)","uf":"RS","ano":2017,"categoria":"auto_infracao","tipo":"Auto de Infração — Administrativa","empresa":"A C Frison Helicopteros - Me","municipio":"Eldorado do Sul","porte":null,"valor":null,"processo":"AI 97 (Proc. 001886-0567/17-9)","link_oficial":"https://sol.fepam.rs.gov.br/consulta/processo?termo=001886-0567/17-9","resumo":"Administrativa · Julgamento: Procedente · Multa: R$ 8563 · Não atendimento dos Of. ARREC/Fepam N.º 5308/2017 e N.º 6041/2017; e consequente funcionamento de ati","aprox":true}},{"type":"Feature","geometry":{"type":"Point","coordinates":[-54.35004,-28.02539]},"properties":{"id":"FEPAM (RS):AI 98 (Proc. 001885-0567/17-6)","orgao":"FEPAM (RS)","uf":"RS","ano":2017,"categoria":"auto_infracao","tipo":"Auto de Infração — Administrativa","empresa":"Rafael Dalmazo Conrad","municipio":"Giruá","porte":null,"valor":null,"processo":"AI 98 (Proc. 001885-0567/17-6)","link_oficial":"https://sol.fepam.rs.gov.br/consulta/processo?termo=001885-0567/17-6","resumo":"Administrativa · Julgamento: Procedente · Multa: R$ 5651 · Depósito irregular de resíduos sólidos, com aterramento em Área de Preservação Permanente (APP), sem ","aprox":true}},{"type":"Feature","geometry":{"type":"Point","coordinates":[-54.35004,-28.02539]},"properties":{"id":"FEPAM (RS):AI 98 (Proc. 001885-0567/17-6)","orgao":"FEPAM (RS)","uf":"RS","ano":2017,"categoria":"auto_infracao","tipo":"Auto de Infração — Administrativa","empresa":"Rafael Dalmazo Conrad","municipio":"Giruá","porte":null,"valor":null,"processo":"AI 98 (Proc. 001885-0567/17-6)","link_oficial":"https://sol.fepam.rs.gov.br/consulta/processo?termo=001885-0567/17-6","resumo":"Administrativa · Julgamento: Procedente · Multa: R$ 5651 · Depósito irregular de resíduos sólidos, com aterramento em Área de Preservação Permanente (APP), sem ","aprox":true}},{"type":"Feature","geometry":{"type":"Point","coordinates":[-51.2248,-30.0262]},"properties":{"id":"FEPAM (RS):AI 99 (Proc. 001892-0567/17-1)","orgao":"FEPAM (RS)","uf":"RS","ano":2017,"categoria":"auto_infracao","tipo":"Auto de Infração — Administrativa","empresa":"A3 Comercial de Combustíveis Ltda","municipio":"Porto Alegre","porte":null,"valor":null,"processo":"AI 99 (Proc. 001892-0567/17-1)","link_oficial":"https://sol.fepam.rs.gov.br/consulta/processo?termo=001892-0567/17-1","resumo":"Administrativa · Julgamento: Procedente · Multa: R$ 1824 · Descumprimento de exigências estabelecidas pela FEPAM através do Ofício FEPAM/DPP N° 5494-2017, no pr","aprox":true}},{"type":"Feature","geometry":{"type":"Point","coordinates":[-51.2248,-30.0262]},"properties":{"id":"FEPAM (RS):AI 99 (Proc. 001892-0567/17-1)","orgao":"FEPAM (RS)","uf":"RS","ano":2017,"categoria":"auto_infracao","tipo":"Auto de Infração — Administrativa","empresa":"A3 Comercial de Combustíveis Ltda","municipio":"Porto Alegre","porte":null,"valor":null,"processo":"AI 99 (Proc. 001892-0567/17-1)","link_oficial":"https://sol.fepam.rs.gov.br/consulta/processo?termo=001892-0567/17-1","resumo":"Administrativa · Julgamento: Procedente · Multa: R$ 1824 · Descumprimento de exigências estabelecidas pela FEPAM através do Ofício FEPAM/DPP N° 5494-2017, no pr","aprox":true}},{"type":"Feature","geometry":{"type":"Point","coordinates":[-53.8142,-29.68543]},"properties":{"id":"FEPAM (RS):AI 100 (Proc. 001893-0567/17-2)","orgao":"FEPAM (RS)","uf":"RS","ano":2017,"categoria":"auto_infracao","tipo":"Auto de Infração — Administrativa","empresa":"Cooperativa Agricola Mista Sul Riograndense Ltda","municipio":"Santa Maria","porte":null,"valor":null,"processo":"AI 100 (Proc. 001893-0567/17-2)","link_oficial":"https://sol.fepam.rs.gov.br/consulta/processo?termo=001893-0567/17-2","resumo":"Administrativa · Julgamento: Procedente · Multa: R$ 2515 · Ampliação de área do depósito de agrotóxico de 294,27m2 para 521,44m2, e ampliação de área útil const","aprox":true}},{"type":"Feature","geometry":{"type":"Point","coordinates":[-53.8142,-29.68543]},"properties":{"id":"FEPAM (RS):AI 100 (Proc. 001893-0567/17-2)","orgao":"FEPAM (RS)","uf":"RS","ano":2017,"categoria":"auto_infracao","tipo":"Auto de Infração — Administrativa","empresa":"Cooperativa Agricola Mista Sul Riograndense Ltda","municipio":"Santa Maria","porte":null,"valor":null,"processo":"AI 100 (Proc. 001893-0567/17-2)","link_oficial":"https://sol.fepam.rs.gov.br/consulta/processo?termo=001893-0567/17-2","resumo":"Administrativa · Julgamento: Procedente · Multa: R$ 2515 · Ampliação de área do depósito de agrotóxico de 294,27m2 para 521,44m2, e ampliação de área útil const","aprox":true}},{"type":"Feature","geometry":{"type":"Point","coordinates":[-50.20685,-29.69185]},"properties":{"id":"FEPAM (RS):AI 101 (Proc. 001899-0567/17-9)","orgao":"FEPAM (RS)","uf":"RS","ano":2017,"categoria":"auto_infracao","tipo":"Auto de Infração — Rec. Hídricos","empresa":"Luiz Cezar Maggi Bassani","municipio":"Maquiné","porte":null,"valor":null,"processo":"AI 101 (Proc. 001899-0567/17-9)","link_oficial":"https://sol.fepam.rs.gov.br/consulta/processo?termo=001899-0567/17-9","resumo":"Rec. Hídricos · Julgamento: Anulado · Multa: R$ 64153 · Abertura de 3 valos de drenagem agrícola na Área de Preservação Permanente (APP) da lagoa do Ramalhete, ","aprox":true}},{"type":"Feature","geometry":{"type":"Point","coordinates":[-50.20685,-29.69185]},"properties":{"id":"FEPAM (RS):AI 101 (Proc. 001899-0567/17-9)","orgao":"FEPAM (RS)","uf":"RS","ano":2017,"categoria":"auto_infracao","tipo":"Auto de Infração — Rec. Hídricos","empresa":"Luiz Cezar Maggi Bassani","municipio":"Maquiné","porte":null,"valor":null,"processo":"AI 101 (Proc. 001899-0567/17-9)","link_oficial":"https://sol.fepam.rs.gov.br/consulta/processo?termo=001899-0567/17-9","resumo":"Rec. Hídricos · Julgamento: Anulado · Abertura de 3 valos de drenagem agrícola na Área de Preservação Permanente (APP) da lagoa do Ramalhete, concomitante com á","aprox":true}},{"type":"Feature","geometry":{"type":"Point","coordinates":[-50.20685,-29.69185]},"properties":{"id":"FEPAM (RS):AI 101 (Proc. 001899-0567/17-9)","orgao":"FEPAM (RS)","uf":"RS","ano":2017,"categoria":"auto_infracao","tipo":"Auto de Infração — Rec. Hídricos","empresa":"Luiz Cezar Maggi Bassani","municipio":"Maquiné","porte":null,"valor":null,"processo":"AI 101 (Proc. 001899-0567/17-9)","link_oficial":"https://sol.fepam.rs.gov.br/consulta/processo?termo=001899-0567/17-9","resumo":"Rec. Hídricos · Julgamento: Anulado · Abertura de 3 valos de drenagem agrícola na Área de Preservação Permanente (APP) da lagoa do Ramalhete, concomitante com á","aprox":true}},{"type":"Feature","geometry":{"type":"Point","coordinates":[-51.1788,-29.16343]},"properties":{"id":"FEPAM (RS):AI 102 (Proc. 001900-0567/17-6)","orgao":"FEPAM (RS)","uf":"RS","ano":2017,"categoria":"auto_infracao","tipo":"Auto de Infração — Poluição","empresa":"Pedreira E Concretos Caxiense Ltda","municipio":"Caxias do Sul","porte":null,"valor":null,"processo":"AI 102 (Proc. 001900-0567/17-6)","link_oficial":"https://sol.fepam.rs.gov.br/consulta/processo?termo=001900-0567/17-6","resumo":"Poluição · Julgamento: Prescrito · Multa: R$ 2419 · Ampliação de área construída (garagem de caminhões) e de área útil total do empreendimento, com supressão de","aprox":true}},{"type":"Feature","geometry":{"type":"Point","coordinates":[-51.1788,-29.16343]},"properties":{"id":"FEPAM (RS):AI 102 (Proc. 001900-0567/17-6)","orgao":"FEPAM (RS)","uf":"RS","ano":2017,"categoria":"auto_infracao","tipo":"Auto de Infração — Poluição","empresa":"Pedreira E Concretos Caxiense Ltda","municipio":"Caxias do Sul","porte":null,"valor":null,"processo":"AI 102 (Proc. 001900-0567/17-6)","link_oficial":"https://sol.fepam.rs.gov.br/consulta/processo?termo=001900-0567/17-6","resumo":"Poluição · Julgamento: Prescrito · Multa: R$ 2419 · Ampliação de área construída (garagem de caminhões) e de área útil total do empreendimento, com supressão de","aprox":true}},{"type":"Feature","geometry":{"type":"Point","coordinates":[-51.47035,-29.68141]},"properties":{"id":"FEPAM (RS):AI 103 (Proc. 001902-0567/17-1)","orgao":"FEPAM (RS)","uf":"RS","ano":2017,"categoria":"auto_infracao","tipo":"Auto de Infração — Poluição","empresa":"Pilar Quimica do Brasil Ltda","municipio":"Montenegro","porte":null,"valor":null,"processo":"AI 103 (Proc. 001902-0567/17-1)","link_oficial":"https://sol.fepam.rs.gov.br/consulta/processo?termo=001902-0567/17-1","resumo":"Poluição · Julgamento: Procedente · Multa: R$ 11782 · Vazamento de substância química tóxica (NH4NO3) diretamente para o solo; armazenamento de substância quími","aprox":true}},{"type":"Feature","geometry":{"type":"Point","coordinates":[-51.47035,-29.68141]},"properties":{"id":"FEPAM (RS):AI 103 (Proc. 001902-0567/17-1)","orgao":"FEPAM (RS)","uf":"RS","ano":2017,"categoria":"auto_infracao","tipo":"Auto de Infração — Poluição","empresa":"Pilar Quimica do Brasil Ltda","municipio":"Montenegro","porte":null,"valor":null,"processo":"AI 103 (Proc. 001902-0567/17-1)","link_oficial":"https://sol.fepam.rs.gov.br/consulta/processo?termo=001902-0567/17-1","resumo":"Poluição · Julgamento: Procedente · Multa: R$ 11782 · Vazamento de substância química tóxica (NH4NO3) diretamente para o solo; armazenamento de substância quími","aprox":true}},{"type":"Feature","geometry":{"type":"Point","coordinates":[-51.05384,-29.65797]},"properties":{"id":"FEPAM (RS):AI 104 (Proc. 001904-0567/17-7)","orgao":"FEPAM (RS)","uf":"RS","ano":2017,"categoria":"auto_infracao","tipo":"Auto de Infração — Poluição","empresa":"Arezzo Indutria E Comércio Sa","municipio":"Campo Bom","porte":null,"valor":null,"processo":"AI 104 (Proc. 001904-0567/17-7)","link_oficial":"https://sol.fepam.rs.gov.br/consulta/processo?termo=001904-0567/17-7","resumo":"Poluição · Julgamento: Procedente · Implantação e operação de atividade potencialmente poluidora (Fabricação de calçados), sem o prévio licenciamento junto ao Ó","aprox":true}},{"type":"Feature","geometry":{"type":"Point","coordinates":[-51.05384,-29.65797]},"properties":{"id":"FEPAM (RS):AI 104 (Proc. 001904-0567/17-7)","orgao":"FEPAM (RS)","uf":"RS","ano":2017,"categoria":"auto_infracao","tipo":"Auto de Infração — Poluição","empresa":"Arezzo Indutria E Comércio Sa","municipio":"Campo Bom","porte":null,"valor":null,"processo":"AI 104 (Proc. 001904-0567/17-7)","link_oficial":"https://sol.fepam.rs.gov.br/consulta/processo?termo=001904-0567/17-7","resumo":"Poluição · Julgamento: Procedente · Implantação e operação de atividade potencialmente poluidora (Fabricação de calçados), sem o prévio licenciamento junto ao Ó","aprox":true}},{"type":"Feature","geometry":{"type":"Point","coordinates":[-51.8708,-29.24455]},"properties":{"id":"FEPAM (RS):AI 105 (Proc. 001905-0567/17-1)","orgao":"FEPAM (RS)","uf":"RS","ano":2017,"categoria":"auto_infracao","tipo":"Auto de Infração — Poluição","empresa":"Paulo Natal Capalonga & Cia","municipio":"Encantado","porte":null,"valor":null,"processo":"AI 105 (Proc. 001905-0567/17-1)","link_oficial":"https://sol.fepam.rs.gov.br/consulta/processo?termo=001905-0567/17-1","resumo":"Poluição · Julgamento: Procedente · Multa: R$ 2419 · Funcionamento de atividade potencialmente poluidora (Fábrica de Móveis), sem licenciamento junto ao Órgão A","aprox":true}},{"type":"Feature","geometry":{"type":"Point","coordinates":[-51.8708,-29.24455]},"properties":{"id":"FEPAM (RS):AI 105 (Proc. 001905-0567/17-1)","orgao":"FEPAM (RS)","uf":"RS","ano":2017,"categoria":"auto_infracao","tipo":"Auto de Infração — Poluição","empresa":"Paulo Natal Capalonga & Cia","municipio":"Encantado","porte":null,"valor":null,"processo":"AI 105 (Proc. 001905-0567/17-1)","link_oficial":"https://sol.fepam.rs.gov.br/consulta/processo?termo=001905-0567/17-1","resumo":"Poluição · Julgamento: Procedente · Multa: R$ 2419 · Funcionamento de atividade potencialmente poluidora (Fábrica de Móveis), sem licenciamento junto ao Órgão A","aprox":true}},{"type":"Feature","geometry":{"type":"Point","coordinates":[-50.02475,-29.7605]},"properties":{"id":"FEPAM (RS):AI 106 (Proc. 001906-0567/17-2)","orgao":"FEPAM (RS)","uf":"RS","ano":2017,"categoria":"auto_infracao","tipo":"Auto de Infração — Rec. Hídricos","empresa":"Lopes & Lopes - Comércio de Combustíveis Ltda.","municipio":"Capão da Canoa","porte":null,"valor":null,"processo":"AI 106 (Proc. 001906-0567/17-2)","link_oficial":"https://sol.fepam.rs.gov.br/consulta/processo?termo=001906-0567/17-2","resumo":"Rec. Hídricos · Julgamento: Procedente · Manter de poço do tipo ponteira sem outorga do Departamento de Recursos Hídricos - DRH/SEMA.","aprox":true}},{"type":"Feature","geometry":{"type":"Point","coordinates":[-50.02475,-29.7605]},"properties":{"id":"FEPAM (RS):AI 106 (Proc. 001906-0567/17-2)","orgao":"FEPAM (RS)","uf":"RS","ano":2017,"categoria":"auto_infracao","tipo":"Auto de Infração — Rec. Hídricos","empresa":"Lopes & Lopes - Comércio de Combustíveis Ltda.","municipio":"Capão da Canoa","porte":null,"valor":null,"processo":"AI 106 (Proc. 001906-0567/17-2)","link_oficial":"https://sol.fepam.rs.gov.br/consulta/processo?termo=001906-0567/17-2","resumo":"Rec. Hídricos · Julgamento: Procedente · Manter de poço do tipo ponteira sem outorga do Departamento de Recursos Hídricos - DRH/SEMA.","aprox":true}},{"type":"Feature","geometry":{"type":"Point","coordinates":[-53.60417,-28.62697]},"properties":{"id":"FEPAM (RS):AI 107 (Proc. 001909-0567/17-1)","orgao":"FEPAM (RS)","uf":"RS","ano":2017,"categoria":"auto_infracao","tipo":"Auto de Infração — Administrativa","empresa":"Dimicron Quimica do Brasil Ltda","municipio":"Cruz Alta","porte":null,"valor":null,"processo":"AI 107 (Proc. 001909-0567/17-1)","link_oficial":"https://sol.fepam.rs.gov.br/consulta/processo?termo=001909-0567/17-1","resumo":"Administrativa · Julgamento: Procedente · Multa: R$ 1000 · Ampliação de área construída de 2.225,00 m2 para 6.685,18 m2 , em desacordo com o previsto na Licença","aprox":true}},{"type":"Feature","geometry":{"type":"Point","coordinates":[-53.60417,-28.62697]},"properties":{"id":"FEPAM (RS):AI 107 (Proc. 001909-0567/17-1)","orgao":"FEPAM (RS)","uf":"RS","ano":2017,"categoria":"auto_infracao","tipo":"Auto de Infração — Administrativa","empresa":"Dimicron Quimica do Brasil Ltda","municipio":"Cruz Alta","porte":null,"valor":null,"processo":"AI 107 (Proc. 001909-0567/17-1)","link_oficial":"https://sol.fepam.rs.gov.br/consulta/processo?termo=001909-0567/17-1","resumo":"Administrativa · Julgamento: Procedente · Multa: R$ 1000 · Ampliação de área construída de 2.225,00 m2 para 6.685,18 m2 , em desacordo com o previsto na Licença","aprox":true}},{"type":"Feature","geometry":{"type":"Point","coordinates":[-54.90343,-30.24028]},"properties":{"id":"FEPAM (RS):AI 108 (Proc. 001911-0567/17-1)","orgao":"FEPAM (RS)","uf":"RS","ano":2017,"categoria":"auto_infracao","tipo":"Auto de Infração — Administrativa","empresa":"Marcos de Vasconcelos Menezes","municipio":"Rosário do Sul","porte":null,"valor":null,"processo":"AI 108 (Proc. 001911-0567/17-1)","link_oficial":"https://sol.fepam.rs.gov.br/consulta/processo?termo=001911-0567/17-1","resumo":"Administrativa · Julgamento: Procedente Por Pagamento · Multa: R$ 5000 · Perfuração de forma ilegal de poço artesiano, sem o devido licenciamento do Órgão Ambie","aprox":true}},{"type":"Feature","geometry":{"type":"Point","coordinates":[-54.90343,-30.24028]},"properties":{"id":"FEPAM (RS):AI 108 (Proc. 001911-0567/17-1)","orgao":"FEPAM (RS)","uf":"RS","ano":2017,"categoria":"auto_infracao","tipo":"Auto de Infração — Administrativa","empresa":"Marcos de Vasconcelos Menezes","municipio":"Rosário do Sul","porte":null,"valor":null,"processo":"AI 108 (Proc. 001911-0567/17-1)","link_oficial":"https://sol.fepam.rs.gov.br/consulta/processo?termo=001911-0567/17-1","resumo":"Administrativa · Julgamento: Procedente Por Pagamento · Multa: R$ 5000 · Perfuração de forma ilegal de poço artesiano, sem o devido licenciamento do Órgão Ambie","aprox":true}},{"type":"Feature","geometry":{"type":"Point","coordinates":[-51.18114,-29.65504]},"properties":{"id":"FEPAM (RS):AI 109 (Proc. 002022-0567/17-9)","orgao":"FEPAM (RS)","uf":"RS","ano":2017,"categoria":"auto_infracao","tipo":"Auto de Infração — Poluição","empresa":"Conforto Artefatos de Couro Ltda","municipio":"Estância Velha","porte":null,"valor":null,"processo":"AI 109 (Proc. 002022-0567/17-9)","link_oficial":"https://sol.fepam.rs.gov.br/consulta/processo?termo=002022-0567/17-9","resumo":"Poluição · Julgamento: Procedente · Multa: R$ 2419 · Ampliação de área útil construída, sem prévio licenciamento junto ao Órgão Ambiental competente, devido a r","aprox":true}},{"type":"Feature","geometry":{"type":"Point","coordinates":[-51.18114,-29.65504]},"properties":{"id":"FEPAM (RS):AI 109 (Proc. 002022-0567/17-9)","orgao":"FEPAM (RS)","uf":"RS","ano":2017,"categoria":"auto_infracao","tipo":"Auto de Infração — Poluição","empresa":"Conforto Artefatos de Couro Ltda","municipio":"Estância Velha","porte":null,"valor":null,"processo":"AI 109 (Proc. 002022-0567/17-9)","link_oficial":"https://sol.fepam.rs.gov.br/consulta/processo?termo=002022-0567/17-9","resumo":"Poluição · Julgamento: Procedente · Multa: R$ 2419 · Ampliação de área útil construída, sem prévio licenciamento junto ao Órgão Ambiental competente, devido a r","aprox":true}},{"type":"Feature","geometry":{"type":"Point","coordinates":[-53.88281,-27.52605]},"properties":{"id":"FEPAM (RS):AI 110 (Proc. 001980-0567/17-1)","orgao":"FEPAM (RS)","uf":"RS","ano":2017,"categoria":"auto_infracao","tipo":"Auto de Infração — Flora","empresa":"Armindo David Heinle","municipio":"Bom Progresso","porte":null,"valor":null,"processo":"AI 110 (Proc. 001980-0567/17-1)","link_oficial":"https://sol.fepam.rs.gov.br/consulta/processo?termo=001980-0567/17-1","resumo":"Flora · Julgamento: Procedente · Multa: R$ 64723 · Construção de três Barragens sem o devido licenciamento, sendo que o rompimento de duas resultou em destruiçã","aprox":true}},{"type":"Feature","geometry":{"type":"Point","coordinates":[-53.88281,-27.52605]},"properties":{"id":"FEPAM (RS):AI 110 (Proc. 001980-0567/17-1)","orgao":"FEPAM (RS)","uf":"RS","ano":2017,"categoria":"auto_infracao","tipo":"Auto de Infração — Flora","empresa":"Armindo David Heinle","municipio":"Bom Progresso","porte":null,"valor":null,"processo":"AI 110 (Proc. 001980-0567/17-1)","link_oficial":"https://sol.fepam.rs.gov.br/consulta/processo?termo=001980-0567/17-1","resumo":"Flora · Julgamento: Procedente · Multa: R$ 64723 · Construção de três Barragens sem o devido licenciamento, sendo que o rompimento de duas resultou em destruiçã","aprox":true}},{"type":"Feature","geometry":{"type":"Point","coordinates":[-50.58759,-29.44107]},"properties":{"id":"FEPAM (RS):AI 111 (Proc. 002025-0567/17-7)","orgao":"FEPAM (RS)","uf":"RS","ano":2017,"categoria":"auto_infracao","tipo":"Auto de Infração — Poluição","empresa":"Paulo Elcidio de Oliveira Pereira","municipio":"São Francisco de Paula","porte":null,"valor":null,"processo":"AI 111 (Proc. 002025-0567/17-7)","link_oficial":"https://sol.fepam.rs.gov.br/consulta/processo?termo=002025-0567/17-7","resumo":"Poluição · Julgamento: Prescrito · Multa: R$ 9538 · Vazamento de dejetos da atividade de criação de suínos e fabricação de ração; em desacordo com as exigências","aprox":true}},{"type":"Feature","geometry":{"type":"Point","coordinates":[-50.58759,-29.44107]},"properties":{"id":"FEPAM (RS):AI 111 (Proc. 002025-0567/17-7)","orgao":"FEPAM (RS)","uf":"RS","ano":2017,"categoria":"auto_infracao","tipo":"Auto de Infração — Poluição","empresa":"Paulo Elcidio de Oliveira Pereira","municipio":"São Francisco de Paula","porte":null,"valor":null,"processo":"AI 111 (Proc. 002025-0567/17-7)","link_oficial":"https://sol.fepam.rs.gov.br/consulta/processo?termo=002025-0567/17-7","resumo":"Poluição · Julgamento: Prescrito · Multa: R$ 9538 · Vazamento de dejetos da atividade de criação de suínos e fabricação de ração; em desacordo com as exigências","aprox":true}},{"type":"Feature","geometry":{"type":"Point","coordinates":[-50.56765,-29.44846]},"properties":{"id":"FEPAM (RS):AI 112 (Proc. 002024-0567/17-4)","orgao":"FEPAM (RS)","uf":"RS","ano":2017,"categoria":"auto_infracao","tipo":"Auto de Infração — Administrativa","empresa":"Paulo Elcidio de Oliveira Pereira","municipio":"São Francisco de Paula","porte":null,"valor":null,"processo":"AI 112 (Proc. 002024-0567/17-4)","link_oficial":"https://sol.fepam.rs.gov.br/consulta/processo?termo=002024-0567/17-4","resumo":"Administrativa · Julgamento: Procedente Por Pagamento · Multa: R$ 2523 · Descumprimento do Ofício FEPAM/DASP/DILC nº 11678/2016 do processo 5644-0567/16-0, no p","aprox":true}},{"type":"Feature","geometry":{"type":"Point","coordinates":[-50.56765,-29.44846]},"properties":{"id":"FEPAM (RS):AI 112 (Proc. 002024-0567/17-4)","orgao":"FEPAM (RS)","uf":"RS","ano":2017,"categoria":"auto_infracao","tipo":"Auto de Infração — Administrativa","empresa":"Paulo Elcidio de Oliveira Pereira","municipio":"São Francisco de Paula","porte":null,"valor":null,"processo":"AI 112 (Proc. 002024-0567/17-4)","link_oficial":"https://sol.fepam.rs.gov.br/consulta/processo?termo=002024-0567/17-4","resumo":"Administrativa · Julgamento: Procedente Por Pagamento · Multa: R$ 2523 · Descumprimento do Ofício FEPAM/DASP/DILC nº 11678/2016 do processo 5644-0567/16-0, no p","aprox":true}},{"type":"Feature","geometry":{"type":"Point","coordinates":[-52.53662,-30.54704]},"properties":{"id":"FEPAM (RS):AI 113 (Proc. 002026-0567/17-1)","orgao":"FEPAM (RS)","uf":"RS","ano":2017,"categoria":"auto_infracao","tipo":"Auto de Infração — Fauna","empresa":"Plasticos Encruzilhada Ltda - Me","municipio":"Encruzilhada do Sul","porte":null,"valor":null,"processo":"AI 113 (Proc. 002026-0567/17-1)","link_oficial":"https://sol.fepam.rs.gov.br/consulta/processo?termo=002026-0567/17-1","resumo":"Fauna · Julgamento: Procedente · Multa: R$ 500 · Realização de amostragens de fauna sem a devida Autorização para Manejo de Fauna Silvestre emitida pela FEPAM. ","aprox":true}},{"type":"Feature","geometry":{"type":"Point","coordinates":[-52.53662,-30.54704]},"properties":{"id":"FEPAM (RS):AI 113 (Proc. 002026-0567/17-1)","orgao":"FEPAM (RS)","uf":"RS","ano":2017,"categoria":"auto_infracao","tipo":"Auto de Infração — Fauna","empresa":"Plasticos Encruzilhada Ltda - Me","municipio":"Encruzilhada do Sul","porte":null,"valor":null,"processo":"AI 113 (Proc. 002026-0567/17-1)","link_oficial":"https://sol.fepam.rs.gov.br/consulta/processo?termo=002026-0567/17-1","resumo":"Fauna · Julgamento: Procedente · Multa: R$ 500 · Realização de amostragens de fauna sem a devida Autorização para Manejo de Fauna Silvestre emitida pela FEPAM. ","aprox":true}},{"type":"Feature","geometry":{"type":"Point","coordinates":[-50.40799,-28.67311]},"properties":{"id":"FEPAM (RS):AI 114 (Proc. 002027-0567/17-2)","orgao":"FEPAM (RS)","uf":"RS","ano":2017,"categoria":"auto_infracao","tipo":"Auto de Infração — Administrativa","empresa":"Jvr Ind E Com de Madeiras Ltda","municipio":"Bom Jesus","porte":null,"valor":null,"processo":"AI 114 (Proc. 002027-0567/17-2)","link_oficial":"https://sol.fepam.rs.gov.br/consulta/processo?termo=002027-0567/17-2","resumo":"Administrativa · Julgamento: Procedente Por Pagamento · Multa: R$ 3903 · Descumprimento do Of. nº FEPAM/DICOPI/SELMI/2226-2017, no prazo estabalecido.","aprox":true}},{"type":"Feature","geometry":{"type":"Point","coordinates":[-50.40799,-28.67311]},"properties":{"id":"FEPAM (RS):AI 114 (Proc. 002027-0567/17-2)","orgao":"FEPAM (RS)","uf":"RS","ano":2017,"categoria":"auto_infracao","tipo":"Auto de Infração — Administrativa","empresa":"Jvr Ind E Com de Madeiras Ltda","municipio":"Bom Jesus","porte":null,"valor":null,"processo":"AI 114 (Proc. 002027-0567/17-2)","link_oficial":"https://sol.fepam.rs.gov.br/consulta/processo?termo=002027-0567/17-2","resumo":"Administrativa · Julgamento: Procedente Por Pagamento · Multa: R$ 3903 · Descumprimento do Of. nº FEPAM/DICOPI/SELMI/2226-2017, no prazo estabalecido.","aprox":true}},{"type":"Feature","geometry":{"type":"Point","coordinates":[-52.34276,-31.77164]},"properties":{"id":"FEPAM (RS):AI 115 (Proc. 002028-0567/17-5)","orgao":"FEPAM (RS)","uf":"RS","ano":2017,"categoria":"auto_infracao","tipo":"Auto de Infração — Poluição","empresa":"Semear Comércio E Repres de Produtos Agropecuaria Ltda","municipio":"Pelotas","porte":null,"valor":null,"processo":"AI 115 (Proc. 002028-0567/17-5)","link_oficial":"https://sol.fepam.rs.gov.br/consulta/processo?termo=002028-0567/17-5","resumo":"Poluição · Julgamento: Prescrito · Multa: R$ 3379 · Armazenagem de agrotóxico (Glifosato) em local sem licenciamento junto ao Órgão Ambiental competente (FEPAM)","aprox":true}},{"type":"Feature","geometry":{"type":"Point","coordinates":[-52.34276,-31.77164]},"properties":{"id":"FEPAM (RS):AI 115 (Proc. 002028-0567/17-5)","orgao":"FEPAM (RS)","uf":"RS","ano":2017,"categoria":"auto_infracao","tipo":"Auto de Infração — Poluição","empresa":"Semear Comércio E Repres de Produtos Agropecuaria Ltda","municipio":"Pelotas","porte":null,"valor":null,"processo":"AI 115 (Proc. 002028-0567/17-5)","link_oficial":"https://sol.fepam.rs.gov.br/consulta/processo?termo=002028-0567/17-5","resumo":"Poluição · Julgamento: Prescrito · Multa: R$ 3379 · Armazenagem de agrotóxico (Glifosato) em local sem licenciamento junto ao Órgão Ambiental competente (FEPAM)","aprox":true}},{"type":"Feature","geometry":{"type":"Point","coordinates":[-51.17678,-29.63662]},"properties":{"id":"FEPAM (RS):AI 116 (Proc. 002029-0567/17-8)","orgao":"FEPAM (RS)","uf":"RS","ano":2017,"categoria":"auto_infracao","tipo":"Auto de Infração — Poluição","empresa":"Comercial de Combustíveis Phoenix Ltda - Epp","municipio":"Estância Velha","porte":null,"valor":null,"processo":"AI 116 (Proc. 002029-0567/17-8)","link_oficial":"https://sol.fepam.rs.gov.br/consulta/processo?termo=002029-0567/17-8","resumo":"Poluição · Julgamento: Prescrito · Multa: R$ 5756 · Destinação irregular de 0,20m³ de filtros e de 0,20m³ de resíduo têxtil para disposição através da transport","aprox":true}},{"type":"Feature","geometry":{"type":"Point","coordinates":[-51.17678,-29.63662]},"properties":{"id":"FEPAM (RS):AI 116 (Proc. 002029-0567/17-8)","orgao":"FEPAM (RS)","uf":"RS","ano":2017,"categoria":"auto_infracao","tipo":"Auto de Infração — Poluição","empresa":"Comercial de Combustíveis Phoenix Ltda - Epp","municipio":"Estância Velha","porte":null,"valor":null,"processo":"AI 116 (Proc. 002029-0567/17-8)","link_oficial":"https://sol.fepam.rs.gov.br/consulta/processo?termo=002029-0567/17-8","resumo":"Poluição · Julgamento: Prescrito · Multa: R$ 5756 · Destinação irregular de 0,20m³ de filtros e de 0,20m³ de resíduo têxtil para disposição através da transport","aprox":true}},{"type":"Feature","geometry":{"type":"Point","coordinates":[-51.18697,-29.66867]},"properties":{"id":"FEPAM (RS):AI 117 (Proc. 002030-0567/17-5)","orgao":"FEPAM (RS)","uf":"RS","ano":2017,"categoria":"auto_infracao","tipo":"Auto de Infração — Poluição","empresa":"Coral Glabes Comércio de Combustíveis Ltda","municipio":"Estância Velha","porte":null,"valor":null,"processo":"AI 117 (Proc. 002030-0567/17-5)","link_oficial":"https://sol.fepam.rs.gov.br/consulta/processo?termo=002030-0567/17-5","resumo":"Poluição · Julgamento: Anulado · Multa: R$ 6891 · Destinação irregularmente de 0,20m³ de filtros e de 0,20m³ de resíduo têxtil para disposição através da transp","aprox":true}},{"type":"Feature","geometry":{"type":"Point","coordinates":[-51.50736,-29.29762]},"properties":{"id":"FEPAM (RS):AI 118 (Proc. 002031-0567/17-8)","orgao":"FEPAM (RS)","uf":"RS","ano":2017,"categoria":"auto_infracao","tipo":"Auto de Infração — Poluição","empresa":"Funresiduo Fund de Resíduos Sólidos Industriais","municipio":"Carlos Barbosa","porte":null,"valor":null,"processo":"AI 118 (Proc. 002031-0567/17-8)","link_oficial":"https://sol.fepam.rs.gov.br/consulta/processo?termo=002031-0567/17-8","resumo":"Poluição · Julgamento: Improcedente · Multa: R$ 10000 · Lançamento irregular de percolado, a partir da bacia de contenção do tanque de armazenamento de percolad","aprox":true}},{"type":"Feature","geometry":{"type":"Point","coordinates":[-50.2207,-30.16269]},"properties":{"id":"FEPAM (RS):AI 119 (Proc. 002021-0567/17-6)","orgao":"FEPAM (RS)","uf":"RS","ano":2017,"categoria":"auto_infracao","tipo":"Auto de Infração — Poluição","empresa":"Edson Garcia Marques Eireli - Epp","municipio":"Cidreira","porte":null,"valor":null,"processo":"AI 119 (Proc. 002021-0567/17-6)","link_oficial":"https://sol.fepam.rs.gov.br/consulta/processo?termo=002021-0567/17-6","resumo":"Poluição · Julgamento: Procedente · Multa: R$ 3304 · Fazer funcionar estabelecimento efetivo ou potencialmente poluidor em desacordo com a licença obtida, visto","aprox":true}},{"type":"Feature","geometry":{"type":"Point","coordinates":[-50.2207,-30.16269]},"properties":{"id":"FEPAM (RS):AI 119 (Proc. 002021-0567/17-6)","orgao":"FEPAM (RS)","uf":"RS","ano":2017,"categoria":"auto_infracao","tipo":"Auto de Infração — Poluição","empresa":"Edson Garcia Marques Eireli - Epp","municipio":"Cidreira","porte":null,"valor":null,"processo":"AI 119 (Proc. 002021-0567/17-6)","link_oficial":"https://sol.fepam.rs.gov.br/consulta/processo?termo=002021-0567/17-6","resumo":"Poluição · Julgamento: Procedente · Multa: R$ 3304 · Fazer funcionar estabelecimento efetivo ou potencialmente poluidor em desacordo com a licença obtida, visto","aprox":true}},{"type":"Feature","geometry":{"type":"Point","coordinates":[-50.22912,-30.15628]},"properties":{"id":"FEPAM (RS):AI 120 (Proc. 002023-0567/17-1)","orgao":"FEPAM (RS)","uf":"RS","ano":2017,"categoria":"auto_infracao","tipo":"Auto de Infração — Rec. Hídricos","empresa":"Edson Garcia Marques Eireli - Epp","municipio":"Cidreira","porte":null,"valor":null,"processo":"AI 120 (Proc. 002023-0567/17-1)","link_oficial":"https://sol.fepam.rs.gov.br/consulta/processo?termo=002023-0567/17-1","resumo":"Rec. Hídricos · Julgamento: Procedente · Multa: R$ 5000 · Utilizar recursos hídricos de poços não autorizados.","aprox":true}},{"type":"Feature","geometry":{"type":"Point","coordinates":[-50.22912,-30.15628]},"properties":{"id":"FEPAM (RS):AI 120 (Proc. 002023-0567/17-1)","orgao":"FEPAM (RS)","uf":"RS","ano":2017,"categoria":"auto_infracao","tipo":"Auto de Infração — Rec. Hídricos","empresa":"Edson Garcia Marques Eireli - Epp","municipio":"Cidreira","porte":null,"valor":null,"processo":"AI 120 (Proc. 002023-0567/17-1)","link_oficial":"https://sol.fepam.rs.gov.br/consulta/processo?termo=002023-0567/17-1","resumo":"Rec. Hídricos · Julgamento: Procedente · Multa: R$ 5000 · Utilizar recursos hídricos de poços não autorizados.","aprox":true}},{"type":"Feature","geometry":{"type":"Point","coordinates":[-53.4982,-28.2825]},"properties":{"id":"FEPAM (RS):AI 121 (Proc. 004482-0567/17-7)","orgao":"FEPAM (RS)","uf":"RS","ano":2017,"categoria":"auto_infracao","tipo":"Auto de Infração — Poluição","empresa":"Cequinatto Indústria de Tintas Eireli - Epp","municipio":"Panambi","porte":null,"valor":null,"processo":"AI 121 (Proc. 004482-0567/17-7)","link_oficial":"https://sol.fepam.rs.gov.br/consulta/processo?termo=004482-0567/17-7","resumo":"Poluição · Julgamento: Procedente · Multa: R$ 7548 · Armazenamento irregular de Resíduos Classe I, e emissão de substâncias odoríferas perceptíveis além dos lim","aprox":true}},{"type":"Feature","geometry":{"type":"Point","coordinates":[-53.4982,-28.2825]},"properties":{"id":"FEPAM (RS):AI 121 (Proc. 004482-0567/17-7)","orgao":"FEPAM (RS)","uf":"RS","ano":2017,"categoria":"auto_infracao","tipo":"Auto de Infração — Poluição","empresa":"Cequinatto Indústria de Tintas Eireli - Epp","municipio":"Panambi","porte":null,"valor":null,"processo":"AI 121 (Proc. 004482-0567/17-7)","link_oficial":"https://sol.fepam.rs.gov.br/consulta/processo?termo=004482-0567/17-7","resumo":"Poluição · Julgamento: Procedente · Multa: R$ 7548 · Armazenamento irregular de Resíduos Classe I, e emissão de substâncias odoríferas perceptíveis além dos lim","aprox":true}},{"type":"Feature","geometry":{"type":"Point","coordinates":[-51.18679,-29.63319]},"properties":{"id":"FEPAM (RS):AI 122 (Proc. 002041-0567/17-1)","orgao":"FEPAM (RS)","uf":"RS","ano":2017,"categoria":"auto_infracao","tipo":"Auto de Infração — Poluição","empresa":"Elton Miguel Bender","municipio":"Estância Velha","porte":null,"valor":null,"processo":"AI 122 (Proc. 002041-0567/17-1)","link_oficial":"https://sol.fepam.rs.gov.br/consulta/processo?termo=002041-0567/17-1","resumo":"Poluição · Julgamento: Anulado · Multa: R$ 12375 · Vazamento de líquido percolado na superfície superior das valas do Aterro de Resíduos Industriais do Curtume ","aprox":true}},{"type":"Feature","geometry":{"type":"Point","coordinates":[-52.35603,-31.77142]},"properties":{"id":"FEPAM (RS):AI 123 (Proc. 002042-0567/17-2)","orgao":"FEPAM (RS)","uf":"RS","ano":2017,"categoria":"auto_infracao","tipo":"Auto de Infração — Poluição","empresa":"Lws Tecnologia E Controle de Pragas Ltda - Epp","municipio":"Pelotas","porte":null,"valor":null,"processo":"AI 123 (Proc. 002042-0567/17-2)","link_oficial":"https://sol.fepam.rs.gov.br/consulta/processo?termo=002042-0567/17-2","resumo":"Poluição · Julgamento: Procedente · Multa: R$ 13095 · Funcionamento de estabelecimento potencialmente poluidor em novo endereço, sem licenciamento do Órgão Ambi","aprox":true}},{"type":"Feature","geometry":{"type":"Point","coordinates":[-52.35603,-31.77142]},"properties":{"id":"FEPAM (RS):AI 123 (Proc. 002042-0567/17-2)","orgao":"FEPAM (RS)","uf":"RS","ano":2017,"categoria":"auto_infracao","tipo":"Auto de Infração — Poluição","empresa":"Lws Tecnologia E Controle de Pragas Ltda - Epp","municipio":"Pelotas","porte":null,"valor":null,"processo":"AI 123 (Proc. 002042-0567/17-2)","link_oficial":"https://sol.fepam.rs.gov.br/consulta/processo?termo=002042-0567/17-2","resumo":"Poluição · Julgamento: Procedente · Multa: R$ 13095 · Funcionamento de estabelecimento potencialmente poluidor em novo endereço, sem licenciamento do Órgão Ambi","aprox":true}},{"type":"Feature","geometry":{"type":"Point","coordinates":[-52.85247,-28.64664]},"properties":{"id":"FEPAM (RS):AI 124 (Proc. 002043-0567/17-5)","orgao":"FEPAM (RS)","uf":"RS","ano":2017,"categoria":"auto_infracao","tipo":"Auto de Infração — Administrativa","empresa":"Prefeitura Municipal de Tapera","municipio":"Tapera","porte":null,"valor":null,"processo":"AI 124 (Proc. 002043-0567/17-5)","link_oficial":"https://sol.fepam.rs.gov.br/consulta/processo?termo=002043-0567/17-5","resumo":"Administrativa · Julgamento: Procedente · Multa: R$ 6866 · Emissão de Alvará nº 05/2017 irregular, autorizando corte de araucárias, árvores ameaçadas de extinçã","aprox":true}},{"type":"Feature","geometry":{"type":"Point","coordinates":[-52.85247,-28.64664]},"properties":{"id":"FEPAM (RS):AI 124 (Proc. 002043-0567/17-5)","orgao":"FEPAM (RS)","uf":"RS","ano":2017,"categoria":"auto_infracao","tipo":"Auto de Infração — Administrativa","empresa":"Prefeitura Municipal de Tapera","municipio":"Tapera","porte":null,"valor":null,"processo":"AI 124 (Proc. 002043-0567/17-5)","link_oficial":"https://sol.fepam.rs.gov.br/consulta/processo?termo=002043-0567/17-5","resumo":"Administrativa · Julgamento: Procedente · Multa: R$ 6866 · Emissão de Alvará nº 05/2017 irregular, autorizando corte de araucárias, árvores ameaçadas de extinçã","aprox":true}},{"type":"Feature","geometry":{"type":"Point","coordinates":[-52.4991,-28.82913]},"properties":{"id":"FEPAM (RS):AI 125 (Proc. 002044-0567/17-8)","orgao":"FEPAM (RS)","uf":"RS","ano":2017,"categoria":"auto_infracao","tipo":"Auto de Infração — Poluição","empresa":"Eloni Santana de Oliveira Joias - Me","municipio":"Soledade","porte":null,"valor":null,"processo":"AI 125 (Proc. 002044-0567/17-8)","link_oficial":"https://sol.fepam.rs.gov.br/consulta/processo?termo=002044-0567/17-8","resumo":"Poluição · Julgamento: Anulado · Multa: R$ 13971 · Lançamento de efluente com valores de DQO, sólidos suspensos totais, óleos e graxas minerais e pH acima dos p","aprox":true}},{"type":"Feature","geometry":{"type":"Point","coordinates":[-51.87837,-28.83321]},"properties":{"id":"FEPAM (RS):AI 126 (Proc. 002045-0567/17-1)","orgao":"FEPAM (RS)","uf":"RS","ano":2017,"categoria":"auto_infracao","tipo":"Auto de Infração — Poluição","empresa":"Auriu´s Industria de Joias E Bijuterias Ltda - Me","municipio":"Guaporé","porte":null,"valor":null,"processo":"AI 126 (Proc. 002045-0567/17-1)","link_oficial":"https://sol.fepam.rs.gov.br/consulta/processo?termo=002045-0567/17-1","resumo":"Poluição · Julgamento: Procedente · Multa: R$ 5107 · Ampliação de atividade potencialmente poluidora, sem o devido licenciamento junto ao Órgão Ambiental compet","aprox":true}},{"type":"Feature","geometry":{"type":"Point","coordinates":[-54.65175,-30.97935]},"properties":{"id":"FEPAM (RS):AI 127 (Proc. 002046-0567/17-3)","orgao":"FEPAM (RS)","uf":"RS","ano":2017,"categoria":"auto_infracao","tipo":"Auto de Infração — Poluição","empresa":"Irmaos Felice Ltda - Me","municipio":"Dom Pedrito","porte":null,"valor":null,"processo":"AI 127 (Proc. 002046-0567/17-3)","link_oficial":"https://sol.fepam.rs.gov.br/consulta/processo?termo=002046-0567/17-3","resumo":"Poluição · Julgamento: Anulado · Multa: R$ 2419 · Aumento de capacidade produtiva, ampliação de área construída e aumento no armazenamento estático de grãos sem","aprox":true}},{"type":"Feature","geometry":{"type":"Point","coordinates":[-52.88024,-28.61887]},"properties":{"id":"FEPAM (RS):AI 128 (Proc. 002047-0567/17-6)","orgao":"FEPAM (RS)","uf":"RS","ano":2017,"categoria":"auto_infracao","tipo":"Auto de Infração — Administrativa","empresa":"Nelson Antonio Nicolodi","municipio":"Tapera","porte":null,"valor":null,"processo":"AI 128 (Proc. 002047-0567/17-6)","link_oficial":"https://sol.fepam.rs.gov.br/consulta/processo?termo=002047-0567/17-6","resumo":"Administrativa · Julgamento: Improcedente · Multa: R$ 2889 · Apresentar Laudo de Vistoria e Análise Técnica ordenando emissão de Alvará irregular, o qual autori","aprox":true}},{"type":"Feature","geometry":{"type":"Point","coordinates":[-51.61233,-30.07165]},"properties":{"id":"FEPAM (RS):AI 129 (Proc. 002048-0567/17-9)","orgao":"FEPAM (RS)","uf":"RS","ano":2017,"categoria":"auto_infracao","tipo":"Auto de Infração — Poluição","empresa":"Engenho A M Ltda","municipio":"Eldorado do Sul","porte":null,"valor":null,"processo":"AI 129 (Proc. 002048-0567/17-9)","link_oficial":"https://sol.fepam.rs.gov.br/consulta/processo?termo=002048-0567/17-9","resumo":"Poluição · Julgamento: Anulado · Multa: R$ 2995 · Não solicitar a atualização da Licença de Operação para inclusão da ampliação efetivada; em descumprindo o con","aprox":true}},{"type":"Feature","geometry":{"type":"Point","coordinates":[-52.86973,-28.63199]},"properties":{"id":"FEPAM (RS):AI 130 (Proc. 002049-0567/17-1)","orgao":"FEPAM (RS)","uf":"RS","ano":2017,"categoria":"auto_infracao","tipo":"Auto de Infração — Flora","empresa":"Vitório Machiavelli","municipio":"Tapera","porte":null,"valor":null,"processo":"AI 130 (Proc. 002049-0567/17-1)","link_oficial":"https://sol.fepam.rs.gov.br/consulta/processo?termo=002049-0567/17-1","resumo":"Flora · Julgamento: Prescrito · Multa: R$ 4998 · Corte de árvores nativas, ameaçadas de extinção (araucárias), autorizadas por Alvará nº 05/2017 irregular.","aprox":true}},{"type":"Feature","geometry":{"type":"Point","coordinates":[-52.86973,-28.63199]},"properties":{"id":"FEPAM (RS):AI 130 (Proc. 002049-0567/17-1)","orgao":"FEPAM (RS)","uf":"RS","ano":2017,"categoria":"auto_infracao","tipo":"Auto de Infração — Administrativa","empresa":"Vitório Machiavelli","municipio":"Tapera","porte":null,"valor":null,"processo":"AI 130 (Proc. 002049-0567/17-1)","link_oficial":"https://sol.fepam.rs.gov.br/consulta/processo?termo=002049-0567/17-1","resumo":"Administrativa · Julgamento: Prescrito · Multa: R$ 4998 · Corte de árvores nativas, ameaçadas de extinção (araucárias), autorizadas por Alvará nº 05/2017 irregu","aprox":true}},{"type":"Feature","geometry":{"type":"Point","coordinates":[-52.86973,-28.63199]},"properties":{"id":"FEPAM (RS):AI 130 (Proc. 002049-0567/17-1)","orgao":"FEPAM (RS)","uf":"RS","ano":2017,"categoria":"auto_infracao","tipo":"Auto de Infração — Flora","empresa":"Vitório Machiavelli","municipio":"Tapera","porte":null,"valor":null,"processo":"AI 130 (Proc. 002049-0567/17-1)","link_oficial":"https://sol.fepam.rs.gov.br/consulta/processo?termo=002049-0567/17-1","resumo":"Flora · Julgamento: Prescrito · Corte de árvores nativas, ameaçadas de extinção (araucárias), autorizadas por Alvará nº 05/2017 irregular.","aprox":true}},{"type":"Feature","geometry":{"type":"Point","coordinates":[-52.86973,-28.63199]},"properties":{"id":"FEPAM (RS):AI 130 (Proc. 002049-0567/17-1)","orgao":"FEPAM (RS)","uf":"RS","ano":2017,"categoria":"auto_infracao","tipo":"Auto de Infração — Administrativa","empresa":"Vitório Machiavelli","municipio":"Tapera","porte":null,"valor":null,"processo":"AI 130 (Proc. 002049-0567/17-1)","link_oficial":"https://sol.fepam.rs.gov.br/consulta/processo?termo=002049-0567/17-1","resumo":"Administrativa · Julgamento: Prescrito · Corte de árvores nativas, ameaçadas de extinção (araucárias), autorizadas por Alvará nº 05/2017 irregular.","aprox":true}},{"type":"Feature","geometry":{"type":"Point","coordinates":[-52.86973,-28.63199]},"properties":{"id":"FEPAM (RS):AI 130 (Proc. 002049-0567/17-1)","orgao":"FEPAM (RS)","uf":"RS","ano":2017,"categoria":"auto_infracao","tipo":"Auto de Infração — Flora","empresa":"Vitório Machiavelli","municipio":"Tapera","porte":null,"valor":null,"processo":"AI 130 (Proc. 002049-0567/17-1)","link_oficial":"https://sol.fepam.rs.gov.br/consulta/processo?termo=002049-0567/17-1","resumo":"Flora · Julgamento: Prescrito · Multa: R$ 4998 · Corte de árvores nativas, ameaçadas de extinção (araucárias), autorizadas por Alvará nº 05/2017 irregular.","aprox":true}},{"type":"Feature","geometry":{"type":"Point","coordinates":[-52.86973,-28.63199]},"properties":{"id":"FEPAM (RS):AI 130 (Proc. 002049-0567/17-1)","orgao":"FEPAM (RS)","uf":"RS","ano":2017,"categoria":"auto_infracao","tipo":"Auto de Infração — Administrativa","empresa":"Vitório Machiavelli","municipio":"Tapera","porte":null,"valor":null,"processo":"AI 130 (Proc. 002049-0567/17-1)","link_oficial":"https://sol.fepam.rs.gov.br/consulta/processo?termo=002049-0567/17-1","resumo":"Administrativa · Julgamento: Prescrito · Multa: R$ 4998 · Corte de árvores nativas, ameaçadas de extinção (araucárias), autorizadas por Alvará nº 05/2017 irregu","aprox":true}},{"type":"Feature","geometry":{"type":"Point","coordinates":[-52.47929,-31.74952]},"properties":{"id":"FEPAM (RS):AI 131 (Proc. 002051-0567/17-1)","orgao":"FEPAM (RS)","uf":"RS","ano":2017,"categoria":"auto_infracao","tipo":"Auto de Infração — Poluição","empresa":"Agrofel Agro Comercial Ltda","municipio":"Capão do Leão","porte":null,"valor":null,"processo":"AI 131 (Proc. 002051-0567/17-1)","link_oficial":"https://sol.fepam.rs.gov.br/consulta/processo?termo=002051-0567/17-1","resumo":"Poluição · Julgamento: Improcedente · Multa: R$ 8179 · Descumprimento do projeto de drenagem apresentado e aprovado, que subsidiou a emissão da Licença de Opera","aprox":true}},{"type":"Feature","geometry":{"type":"Point","coordinates":[-51.13625,-29.6912]},"properties":{"id":"FEPAM (RS):AI 132 (Proc. 002860-0567/17-6)","orgao":"FEPAM (RS)","uf":"RS","ano":2017,"categoria":"auto_infracao","tipo":"Auto de Infração — Poluição","empresa":"Prosekon Industria E Comércio de Metais Fundidos Eireli","municipio":"Novo Hamburgo","porte":null,"valor":null,"processo":"AI 132 (Proc. 002860-0567/17-6)","link_oficial":"https://sol.fepam.rs.gov.br/consulta/processo?termo=002860-0567/17-6","resumo":"Poluição · Julgamento: Procedente · Multa: R$ 24038 · Disposição reiterada de resíduos sólidos industriais de forma inadequada, em local sem a devida impermeabi","aprox":true}},{"type":"Feature","geometry":{"type":"Point","coordinates":[-51.13625,-29.6912]},"properties":{"id":"FEPAM (RS):AI 132 (Proc. 002860-0567/17-6)","orgao":"FEPAM (RS)","uf":"RS","ano":2017,"categoria":"auto_infracao","tipo":"Auto de Infração — Poluição","empresa":"Prosekon Industria E Comércio de Metais Fundidos Eireli","municipio":"Novo Hamburgo","porte":null,"valor":null,"processo":"AI 132 (Proc. 002860-0567/17-6)","link_oficial":"https://sol.fepam.rs.gov.br/consulta/processo?termo=002860-0567/17-6","resumo":"Poluição · Julgamento: Procedente · Multa: R$ 24038 · Disposição reiterada de resíduos sólidos industriais de forma inadequada, em local sem a devida impermeabi","aprox":true}},{"type":"Feature","geometry":{"type":"Point","coordinates":[-53.09255,-32.24248]},"properties":{"id":"FEPAM (RS):AI 133 (Proc. 002451-0567/17-4)","orgao":"FEPAM (RS)","uf":"RS","ano":2017,"categoria":"auto_infracao","tipo":"Auto de Infração — Poluição","empresa":"Granflor - Gestao de Empreendimentos Florestais Ltda.","municipio":"Arroio Grande","porte":null,"valor":null,"processo":"AI 133 (Proc. 002451-0567/17-4)","link_oficial":"https://sol.fepam.rs.gov.br/consulta/processo?termo=002451-0567/17-4","resumo":"Poluição · Julgamento: Anulado · Multa: R$ 2995 · Ampliação de empreendimento sem prévia autorização ou licenciamento do Órgão Ambiental competente; ocupação in","aprox":true}},{"type":"Feature","geometry":{"type":"Point","coordinates":[-54.09388,-31.34624]},"properties":{"id":"FEPAM (RS):AI 134 (Proc. 002915-0567/17-9)","orgao":"FEPAM (RS)","uf":"RS","ano":2017,"categoria":"auto_infracao","tipo":"Auto de Infração — Poluição","empresa":"Eduardo Lousada de Azambuja & Cia Ltda - Me","municipio":"Bagé","porte":null,"valor":null,"processo":"AI 134 (Proc. 002915-0567/17-9)","link_oficial":"https://sol.fepam.rs.gov.br/consulta/processo?termo=002915-0567/17-9","resumo":"Poluição · Julgamento: Procedente · Multa: R$ 1651 · Disposição irregular de materiais, produtos e equipamentos (máscaras, pulverizadores, botinas e armadilhas)","aprox":true}},{"type":"Feature","geometry":{"type":"Point","coordinates":[-54.09388,-31.34624]},"properties":{"id":"FEPAM (RS):AI 134 (Proc. 002915-0567/17-9)","orgao":"FEPAM (RS)","uf":"RS","ano":2017,"categoria":"auto_infracao","tipo":"Auto de Infração — Poluição","empresa":"Eduardo Lousada de Azambuja & Cia Ltda - Me","municipio":"Bagé","porte":null,"valor":null,"processo":"AI 134 (Proc. 002915-0567/17-9)","link_oficial":"https://sol.fepam.rs.gov.br/consulta/processo?termo=002915-0567/17-9","resumo":"Poluição · Julgamento: Procedente · Multa: R$ 1651 · Disposição irregular de materiais, produtos e equipamentos (máscaras, pulverizadores, botinas e armadilhas)","aprox":true}},{"type":"Feature","geometry":{"type":"Point","coordinates":[-50.0609,-29.52125]},"properties":{"id":"FEPAM (RS):AI 135 (Proc. 002050-0567/17-9)","orgao":"FEPAM (RS)","uf":"RS","ano":2017,"categoria":"auto_infracao","tipo":"Auto de Infração — Poluição","empresa":"Delto Fernando B. Porto","municipio":"Tres Forquilhas","porte":null,"valor":null,"processo":"AI 135 (Proc. 002050-0567/17-9)","link_oficial":"https://sol.fepam.rs.gov.br/consulta/processo?termo=002050-0567/17-9","resumo":"Poluição · Julgamento: Procedente · Multa: R$ 1652 · operação de estabelecimento potencialmente poluidor (atividade Código Ramo n° 2110-10 (FABRICAÇÃO DE PRODUT","aprox":true}},{"type":"Feature","geometry":{"type":"Point","coordinates":[-50.0609,-29.52125]},"properties":{"id":"FEPAM (RS):AI 135 (Proc. 002050-0567/17-9)","orgao":"FEPAM (RS)","uf":"RS","ano":2017,"categoria":"auto_infracao","tipo":"Auto de Infração — Poluição","empresa":"Delto Fernando B. Porto","municipio":"Tres Forquilhas","porte":null,"valor":null,"processo":"AI 135 (Proc. 002050-0567/17-9)","link_oficial":"https://sol.fepam.rs.gov.br/consulta/processo?termo=002050-0567/17-9","resumo":"Poluição · Julgamento: Procedente · operação de estabelecimento potencialmente poluidor (atividade Código Ramo n° 2110-10 (FABRICAÇÃO DE PRODUTOS DE HIGIENE PES","aprox":true}},{"type":"Feature","geometry":{"type":"Point","coordinates":[-50.0609,-29.52125]},"properties":{"id":"FEPAM (RS):AI 135 (Proc. 002050-0567/17-9)","orgao":"FEPAM (RS)","uf":"RS","ano":2017,"categoria":"auto_infracao","tipo":"Auto de Infração — Poluição","empresa":"Delto Fernando B. Porto","municipio":"Tres Forquilhas","porte":null,"valor":null,"processo":"AI 135 (Proc. 002050-0567/17-9)","link_oficial":"https://sol.fepam.rs.gov.br/consulta/processo?termo=002050-0567/17-9","resumo":"Poluição · Julgamento: Procedente · Multa: R$ 1652 · operação de estabelecimento potencialmente poluidor (atividade Código Ramo n° 2110-10 (FABRICAÇÃO DE PRODUT","aprox":true}},{"type":"Feature","geometry":{"type":"Point","coordinates":[-51.49846,-29.29285]},"properties":{"id":"FEPAM (RS):AI 136 (Proc. 002064-0567/17-1)","orgao":"FEPAM (RS)","uf":"RS","ano":2017,"categoria":"auto_infracao","tipo":"Auto de Infração — Poluição","empresa":"Funresiduo Fund de Resíduos Sólidos Industriais","municipio":"Carlos Barbosa","porte":null,"valor":null,"processo":"AI 136 (Proc. 002064-0567/17-1)","link_oficial":"https://sol.fepam.rs.gov.br/consulta/processo?termo=002064-0567/17-1","resumo":"Poluição · Julgamento: Procedente · Multa: R$ 10000 · Lançamento irregular de percolado, a partir da bacia de contenção do tanque de armazenamento de percolado ","aprox":true}},{"type":"Feature","geometry":{"type":"Point","coordinates":[-51.49846,-29.29285]},"properties":{"id":"FEPAM (RS):AI 136 (Proc. 002064-0567/17-1)","orgao":"FEPAM (RS)","uf":"RS","ano":2017,"categoria":"auto_infracao","tipo":"Auto de Infração — Poluição","empresa":"Funresiduo Fund de Resíduos Sólidos Industriais","municipio":"Carlos Barbosa","porte":null,"valor":null,"processo":"AI 136 (Proc. 002064-0567/17-1)","link_oficial":"https://sol.fepam.rs.gov.br/consulta/processo?termo=002064-0567/17-1","resumo":"Poluição · Julgamento: Procedente · Multa: R$ 10000 · Lançamento irregular de percolado, a partir da bacia de contenção do tanque de armazenamento de percolado ","aprox":true}},{"type":"Feature","geometry":{"type":"Point","coordinates":[-50.42878,-28.6638]},"properties":{"id":"FEPAM (RS):AI 137 (Proc. 002065-0567/17-4)","orgao":"FEPAM (RS)","uf":"RS","ano":2017,"categoria":"auto_infracao","tipo":"Auto de Infração — Administrativa","empresa":"Jvr Ind E Com de Madeiras Ltda","municipio":"Bom Jesus","porte":null,"valor":null,"processo":"AI 137 (Proc. 002065-0567/17-4)","link_oficial":"https://sol.fepam.rs.gov.br/consulta/processo?termo=002065-0567/17-4","resumo":"Administrativa · Julgamento: Procedente · Multa: R$ 3903 · Descumprimento do Ofício n.º FEPAM/DICOPI/SELMI/2226-2017, no prazo estabelecido.","aprox":true}},{"type":"Feature","geometry":{"type":"Point","coordinates":[-50.42878,-28.6638]},"properties":{"id":"FEPAM (RS):AI 137 (Proc. 002065-0567/17-4)","orgao":"FEPAM (RS)","uf":"RS","ano":2017,"categoria":"auto_infracao","tipo":"Auto de Infração — Administrativa","empresa":"Jvr Ind E Com de Madeiras Ltda","municipio":"Bom Jesus","porte":null,"valor":null,"processo":"AI 137 (Proc. 002065-0567/17-4)","link_oficial":"https://sol.fepam.rs.gov.br/consulta/processo?termo=002065-0567/17-4","resumo":"Administrativa · Julgamento: Procedente · Multa: R$ 3903 · Descumprimento do Ofício n.º FEPAM/DICOPI/SELMI/2226-2017, no prazo estabelecido.","aprox":true}},{"type":"Feature","geometry":{"type":"Point","coordinates":[-52.33381,-31.76519]},"properties":{"id":"FEPAM (RS):AI 138 (Proc. 002066-0567/17-7)","orgao":"FEPAM (RS)","uf":"RS","ano":2017,"categoria":"auto_infracao","tipo":"Auto de Infração — Poluição","empresa":"Semear Comércio E Repres de Produtos Agropecuaria Ltda","municipio":"Pelotas","porte":null,"valor":null,"processo":"AI 138 (Proc. 002066-0567/17-7)","link_oficial":"https://sol.fepam.rs.gov.br/consulta/processo?termo=002066-0567/17-7","resumo":"Poluição · Julgamento: Procedente · Multa: R$ 3379 · Armazenagem de agrotóxico (Glifosato) em local sem licenciamento junto ao órgão ambiental competente (FEPAM","aprox":true}},{"type":"Feature","geometry":{"type":"Point","coordinates":[-52.33381,-31.76519]},"properties":{"id":"FEPAM (RS):AI 138 (Proc. 002066-0567/17-7)","orgao":"FEPAM (RS)","uf":"RS","ano":2017,"categoria":"auto_infracao","tipo":"Auto de Infração — Poluição","empresa":"Semear Comércio E Repres de Produtos Agropecuaria Ltda","municipio":"Pelotas","porte":null,"valor":null,"processo":"AI 138 (Proc. 002066-0567/17-7)","link_oficial":"https://sol.fepam.rs.gov.br/consulta/processo?termo=002066-0567/17-7","resumo":"Poluição · Julgamento: Procedente · Multa: R$ 3379 · Armazenagem de agrotóxico (Glifosato) em local sem licenciamento junto ao órgão ambiental competente (FEPAM","aprox":true}},{"type":"Feature","geometry":{"type":"Point","coordinates":[-52.50605,-30.54794]},"properties":{"id":"FEPAM (RS):AI 139 (Proc. 002067-0567/17-1)","orgao":"FEPAM (RS)","uf":"RS","ano":2017,"categoria":"auto_infracao","tipo":"Auto de Infração — Fauna","empresa":"Plasticos Encruzilhada Ltda - Me","municipio":"Encruzilhada do Sul","porte":null,"valor":null,"processo":"AI 139 (Proc. 002067-0567/17-1)","link_oficial":"https://sol.fepam.rs.gov.br/consulta/processo?termo=002067-0567/17-1","resumo":"Fauna · Julgamento: Procedente · Multa: R$ 500 · Realização de amostragens de fauna sem a devida Autorização para Manejo de Fauna Silvestre emitida pela FEPAM. ","aprox":true}},{"type":"Feature","geometry":{"type":"Point","coordinates":[-52.50605,-30.54794]},"properties":{"id":"FEPAM (RS):AI 139 (Proc. 002067-0567/17-1)","orgao":"FEPAM (RS)","uf":"RS","ano":2017,"categoria":"auto_infracao","tipo":"Auto de Infração — Fauna","empresa":"Plasticos Encruzilhada Ltda - Me","municipio":"Encruzilhada do Sul","porte":null,"valor":null,"processo":"AI 139 (Proc. 002067-0567/17-1)","link_oficial":"https://sol.fepam.rs.gov.br/consulta/processo?termo=002067-0567/17-1","resumo":"Fauna · Julgamento: Procedente · Multa: R$ 500 · Realização de amostragens de fauna sem a devida Autorização para Manejo de Fauna Silvestre emitida pela FEPAM. ","aprox":true}},{"type":"Feature","geometry":{"type":"Point","coordinates":[-52.86092,-28.62964]},"properties":{"id":"FEPAM (RS):AI 140 (Proc. 002068-0567/17-2)","orgao":"FEPAM (RS)","uf":"RS","ano":2017,"categoria":"auto_infracao","tipo":"Auto de Infração — Administrativa","empresa":"Nelson Antonio Nicolodi","municipio":"Tapera","porte":null,"valor":null,"processo":"AI 140 (Proc. 002068-0567/17-2)","link_oficial":"https://sol.fepam.rs.gov.br/consulta/processo?termo=002068-0567/17-2","resumo":"Administrativa · Julgamento: Procedente · Multa: R$ 2888.4 · Apresentar Laudo de Vistoria e Análise Técnica ordenando emissão de Alvará irregular, o qual autori","aprox":true}},{"type":"Feature","geometry":{"type":"Point","coordinates":[-52.86092,-28.62964]},"properties":{"id":"FEPAM (RS):AI 140 (Proc. 002068-0567/17-2)","orgao":"FEPAM (RS)","uf":"RS","ano":2017,"categoria":"auto_infracao","tipo":"Auto de Infração — Administrativa","empresa":"Nelson Antonio Nicolodi","municipio":"Tapera","porte":null,"valor":null,"processo":"AI 140 (Proc. 002068-0567/17-2)","link_oficial":"https://sol.fepam.rs.gov.br/consulta/processo?termo=002068-0567/17-2","resumo":"Administrativa · Julgamento: Procedente · Multa: R$ 5288.4 · Apresentar Laudo de Vistoria e Análise Técnica ordenando emissão de Alvará irregular, o qual autori","aprox":true}},{"type":"Feature","geometry":{"type":"Point","coordinates":[-51.17875,-29.65945]},"properties":{"id":"FEPAM (RS):AI 141 (Proc. 002069-0567/17-5)","orgao":"FEPAM (RS)","uf":"RS","ano":2017,"categoria":"auto_infracao","tipo":"Auto de Infração — Poluição","empresa":"Comercial de Combustíveis Phoenix Ltda - Epp","municipio":"Estância Velha","porte":null,"valor":null,"processo":"AI 141 (Proc. 002069-0567/17-5)","link_oficial":"https://sol.fepam.rs.gov.br/consulta/processo?termo=002069-0567/17-5","resumo":"Poluição · Julgamento: Procedente · Multa: R$ 5756 · Destinação irregular de 0,20m³ de filtros e de 0,20m³ de resíduo têxtil para disposição através da transpor","aprox":true}},{"type":"Feature","geometry":{"type":"Point","coordinates":[-51.17875,-29.65945]},"properties":{"id":"FEPAM (RS):AI 141 (Proc. 002069-0567/17-5)","orgao":"FEPAM (RS)","uf":"RS","ano":2017,"categoria":"auto_infracao","tipo":"Auto de Infração — Poluição","empresa":"Comercial de Combustíveis Phoenix Ltda - Epp","municipio":"Estância Velha","porte":null,"valor":null,"processo":"AI 141 (Proc. 002069-0567/17-5)","link_oficial":"https://sol.fepam.rs.gov.br/consulta/processo?termo=002069-0567/17-5","resumo":"Poluição · Julgamento: Procedente · Multa: R$ 1267 · Destinação irregular de 0,20m³ de filtros e de 0,20m³ de resíduo têxtil para disposição através da transpor","aprox":true}},{"type":"Feature","geometry":{"type":"Point","coordinates":[-50.59112,-29.4339]},"properties":{"id":"FEPAM (RS):AI 142 (Proc. 002070-0567/17-2)","orgao":"FEPAM (RS)","uf":"RS","ano":2017,"categoria":"auto_infracao","tipo":"Auto de Infração — Poluição","empresa":"Paulo Elcidio de Oliveira Pereira","municipio":"São Francisco de Paula","porte":null,"valor":null,"processo":"AI 142 (Proc. 002070-0567/17-2)","link_oficial":"https://sol.fepam.rs.gov.br/consulta/processo?termo=002070-0567/17-2","resumo":"Poluição · Julgamento: Prescrito · Multa: R$ 9538 · Vazamento de dejetos da atividade de criação de suínos e fabricação de ração; em desacordo com as exigências","aprox":true}},{"type":"Feature","geometry":{"type":"Point","coordinates":[-50.59112,-29.4339]},"properties":{"id":"FEPAM (RS):AI 142 (Proc. 002070-0567/17-2)","orgao":"FEPAM (RS)","uf":"RS","ano":2017,"categoria":"auto_infracao","tipo":"Auto de Infração — Poluição","empresa":"Paulo Elcidio de Oliveira Pereira","municipio":"São Francisco de Paula","porte":null,"valor":null,"processo":"AI 142 (Proc. 002070-0567/17-2)","link_oficial":"https://sol.fepam.rs.gov.br/consulta/processo?termo=002070-0567/17-2","resumo":"Poluição · Julgamento: Prescrito · Multa: R$ 9538 · Vazamento de dejetos da atividade de criação de suínos e fabricação de ração; em desacordo com as exigências","aprox":true}},{"type":"Feature","geometry":{"type":"Point","coordinates":[-51.88683,-28.84921]},"properties":{"id":"FEPAM (RS):AI 143 (Proc. 002071-0567/17-5)","orgao":"FEPAM (RS)","uf":"RS","ano":2017,"categoria":"auto_infracao","tipo":"Auto de Infração — Poluição","empresa":"Auriu´s Industria de Joias E Bijuterias Ltda - Me","municipio":"Guaporé","porte":null,"valor":null,"processo":"AI 143 (Proc. 002071-0567/17-5)","link_oficial":"https://sol.fepam.rs.gov.br/consulta/processo?termo=002071-0567/17-5","resumo":"Poluição · Julgamento: Procedente · Multa: R$ 5107 · Ampliação de atividade potencialmente poluidora, sem o devido licenciamento junto ao Órgão Ambiental compet","aprox":true}},{"type":"Feature","geometry":{"type":"Point","coordinates":[-51.88683,-28.84921]},"properties":{"id":"FEPAM (RS):AI 143 (Proc. 002071-0567/17-5)","orgao":"FEPAM (RS)","uf":"RS","ano":2017,"categoria":"auto_infracao","tipo":"Auto de Infração — Poluição","empresa":"Auriu´s Industria de Joias E Bijuterias Ltda - Me","municipio":"Guaporé","porte":null,"valor":null,"processo":"AI 143 (Proc. 002071-0567/17-5)","link_oficial":"https://sol.fepam.rs.gov.br/consulta/processo?termo=002071-0567/17-5","resumo":"Poluição · Julgamento: Procedente · Multa: R$ 5107 · Ampliação de atividade potencialmente poluidora, sem o devido licenciamento junto ao Órgão Ambiental compet","aprox":true}},{"type":"Feature","geometry":{"type":"Point","coordinates":[-52.51704,-28.83944]},"properties":{"id":"FEPAM (RS):AI 144 (Proc. 002072-0567/17-8)","orgao":"FEPAM (RS)","uf":"RS","ano":2017,"categoria":"auto_infracao","tipo":"Auto de Infração — Poluição","empresa":"Eloni Santana de Oliveira Joias - Me","municipio":"Soledade","porte":null,"valor":null,"processo":"AI 144 (Proc. 002072-0567/17-8)","link_oficial":"https://sol.fepam.rs.gov.br/consulta/processo?termo=002072-0567/17-8","resumo":"Poluição · Julgamento: Procedente · Multa: R$ 13971 · Lançamento de efluente com valores de DQO, sólidos suspensos totais, óleos e graxas minerais e pH acima do","aprox":true}},{"type":"Feature","geometry":{"type":"Point","coordinates":[-52.51704,-28.83944]},"properties":{"id":"FEPAM (RS):AI 144 (Proc. 002072-0567/17-8)","orgao":"FEPAM (RS)","uf":"RS","ano":2017,"categoria":"auto_infracao","tipo":"Auto de Infração — Poluição","empresa":"Eloni Santana de Oliveira Joias - Me","municipio":"Soledade","porte":null,"valor":null,"processo":"AI 144 (Proc. 002072-0567/17-8)","link_oficial":"https://sol.fepam.rs.gov.br/consulta/processo?termo=002072-0567/17-8","resumo":"Poluição · Julgamento: Procedente · Multa: R$ 13971 · Lançamento de efluente com valores de DQO, sólidos suspensos totais, óleos e graxas minerais e pH acima do","aprox":true}},{"type":"Feature","geometry":{"type":"Point","coordinates":[-54.65929,-30.96549]},"properties":{"id":"FEPAM (RS):AI 145 (Proc. 002073-0567/17-1)","orgao":"FEPAM (RS)","uf":"RS","ano":2017,"categoria":"auto_infracao","tipo":"Auto de Infração — Administrativa","empresa":"Irmaos Felice Ltda - Me","municipio":"Dom Pedrito","porte":null,"valor":null,"processo":"AI 145 (Proc. 002073-0567/17-1)","link_oficial":"https://sol.fepam.rs.gov.br/consulta/processo?termo=002073-0567/17-1","resumo":"Administrativa · Julgamento: Procedente · Multa: R$ 2419 · Aumento de capacidade produtiva, ampliação de área construída e aumento no armazenamento estático de ","aprox":true}},{"type":"Feature","geometry":{"type":"Point","coordinates":[-54.65929,-30.96549]},"properties":{"id":"FEPAM (RS):AI 145 (Proc. 002073-0567/17-1)","orgao":"FEPAM (RS)","uf":"RS","ano":2017,"categoria":"auto_infracao","tipo":"Auto de Infração — Administrativa","empresa":"Irmaos Felice Ltda - Me","municipio":"Dom Pedrito","porte":null,"valor":null,"processo":"AI 145 (Proc. 002073-0567/17-1)","link_oficial":"https://sol.fepam.rs.gov.br/consulta/processo?termo=002073-0567/17-1","resumo":"Administrativa · Julgamento: Procedente · Multa: R$ 2419 · Aumento de capacidade produtiva, ampliação de área construída e aumento no armazenamento estático de ","aprox":true}},{"type":"Feature","geometry":{"type":"Point","coordinates":[-52.8723,-28.6277]},"properties":{"id":"FEPAM (RS):AI 146 (Proc. 002074-0567/17-3)","orgao":"FEPAM (RS)","uf":"RS","ano":2017,"categoria":"auto_infracao","tipo":"Auto de Infração — Flora","empresa":"Vitório Machiavelli","municipio":"Tapera","porte":null,"valor":null,"processo":"AI 146 (Proc. 002074-0567/17-3)","link_oficial":"https://sol.fepam.rs.gov.br/consulta/processo?termo=002074-0567/17-3","resumo":"Flora · Julgamento: Anulado · Multa: R$ 4998 · Corte de árvores nativas, ameaçadas de extinção (araucárias), autorizadas por Alvará n°05/2017 irregular.","aprox":true}},{"type":"Feature","geometry":{"type":"Point","coordinates":[-52.8723,-28.6277]},"properties":{"id":"FEPAM (RS):AI 146 (Proc. 002074-0567/17-3)","orgao":"FEPAM (RS)","uf":"RS","ano":2017,"categoria":"auto_infracao","tipo":"Auto de Infração — Administrativa","empresa":"Vitório Machiavelli","municipio":"Tapera","porte":null,"valor":null,"processo":"AI 146 (Proc. 002074-0567/17-3)","link_oficial":"https://sol.fepam.rs.gov.br/consulta/processo?termo=002074-0567/17-3","resumo":"Administrativa · Julgamento: Anulado · Multa: R$ 4998 · Corte de árvores nativas, ameaçadas de extinção (araucárias), autorizadas por Alvará n°05/2017 irregular","aprox":true}},{"type":"Feature","geometry":{"type":"Point","coordinates":[-52.8723,-28.6277]},"properties":{"id":"FEPAM (RS):AI 146 (Proc. 002074-0567/17-3)","orgao":"FEPAM (RS)","uf":"RS","ano":2017,"categoria":"auto_infracao","tipo":"Auto de Infração — Flora","empresa":"Vitório Machiavelli","municipio":"Tapera","porte":null,"valor":null,"processo":"AI 146 (Proc. 002074-0567/17-3)","link_oficial":"https://sol.fepam.rs.gov.br/consulta/processo?termo=002074-0567/17-3","resumo":"Flora · Julgamento: Anulado · Corte de árvores nativas, ameaçadas de extinção (araucárias), autorizadas por Alvará n°05/2017 irregular.","aprox":true}},{"type":"Feature","geometry":{"type":"Point","coordinates":[-52.8723,-28.6277]},"properties":{"id":"FEPAM (RS):AI 146 (Proc. 002074-0567/17-3)","orgao":"FEPAM (RS)","uf":"RS","ano":2017,"categoria":"auto_infracao","tipo":"Auto de Infração — Administrativa","empresa":"Vitório Machiavelli","municipio":"Tapera","porte":null,"valor":null,"processo":"AI 146 (Proc. 002074-0567/17-3)","link_oficial":"https://sol.fepam.rs.gov.br/consulta/processo?termo=002074-0567/17-3","resumo":"Administrativa · Julgamento: Anulado · Corte de árvores nativas, ameaçadas de extinção (araucárias), autorizadas por Alvará n°05/2017 irregular.","aprox":true}},{"type":"Feature","geometry":{"type":"Point","coordinates":[-51.63465,-30.09716]},"properties":{"id":"FEPAM (RS):AI 147 (Proc. 002075-0567/17-6)","orgao":"FEPAM (RS)","uf":"RS","ano":2017,"categoria":"auto_infracao","tipo":"Auto de Infração — Poluição","empresa":"Engenho A M Ltda","municipio":"Eldorado do Sul","porte":null,"valor":null,"processo":"AI 147 (Proc. 002075-0567/17-6)","link_oficial":"https://sol.fepam.rs.gov.br/consulta/processo?termo=002075-0567/17-6","resumo":"Poluição · Julgamento: Procedente · Multa: R$ 2995 · Não solicitar a atualização da Licença de Operação para inclusão da ampliação efetivada; e descumprindo o c","aprox":true}},{"type":"Feature","geometry":{"type":"Point","coordinates":[-51.63465,-30.09716]},"properties":{"id":"FEPAM (RS):AI 147 (Proc. 002075-0567/17-6)","orgao":"FEPAM (RS)","uf":"RS","ano":2017,"categoria":"auto_infracao","tipo":"Auto de Infração — Poluição","empresa":"Engenho A M Ltda","municipio":"Eldorado do Sul","porte":null,"valor":null,"processo":"AI 147 (Proc. 002075-0567/17-6)","link_oficial":"https://sol.fepam.rs.gov.br/consulta/processo?termo=002075-0567/17-6","resumo":"Poluição · Julgamento: Procedente · Multa: R$ 2995 · Não solicitar a atualização da Licença de Operação para inclusão da ampliação efetivada; e descumprindo o c","aprox":true}},{"type":"Feature","geometry":{"type":"Point","coordinates":[-51.18759,-29.66899]},"properties":{"id":"FEPAM (RS):AI 148 (Proc. 002076-0567/17-9)","orgao":"FEPAM (RS)","uf":"RS","ano":2017,"categoria":"auto_infracao","tipo":"Auto de Infração — Poluição","empresa":"Elton Miguel Bender","municipio":"Estância Velha","porte":null,"valor":null,"processo":"AI 148 (Proc. 002076-0567/17-9)","link_oficial":"https://sol.fepam.rs.gov.br/consulta/processo?termo=002076-0567/17-9","resumo":"Poluição · Julgamento: Procedente · Multa: R$ 12375 · Vazamento de líquido percolado na superfície superior das valas do Aterro de Resíduos Industriais do Curtu","aprox":true}},{"type":"Feature","geometry":{"type":"Point","coordinates":[-51.18759,-29.66899]},"properties":{"id":"FEPAM (RS):AI 148 (Proc. 002076-0567/17-9)","orgao":"FEPAM (RS)","uf":"RS","ano":2017,"categoria":"auto_infracao","tipo":"Auto de Infração — Poluição","empresa":"Elton Miguel Bender","municipio":"Estância Velha","porte":null,"valor":null,"processo":"AI 148 (Proc. 002076-0567/17-9)","link_oficial":"https://sol.fepam.rs.gov.br/consulta/processo?termo=002076-0567/17-9","resumo":"Poluição · Julgamento: Procedente · Multa: R$ 12375 · Vazamento de líquido percolado na superfície superior das valas do Aterro de Resíduos Industriais do Curtu","aprox":true}},{"type":"Feature","geometry":{"type":"Point","coordinates":[-52.3403,-31.76016]},"properties":{"id":"FEPAM (RS):AI 149 (Proc. 002077-0567/17-1)","orgao":"FEPAM (RS)","uf":"RS","ano":2017,"categoria":"auto_infracao","tipo":"Auto de Infração — Poluição","empresa":"Lws Tecnologia E Controle de Pragas Ltda - Epp","municipio":"Pelotas","porte":null,"valor":null,"processo":"AI 149 (Proc. 002077-0567/17-1)","link_oficial":"https://sol.fepam.rs.gov.br/consulta/processo?termo=002077-0567/17-1","resumo":"Poluição · Julgamento: Procedente Por Pagamento · Multa: R$ 13095 · Funcionamento de estabelecimento potencialmente poluidor em novo endereço, sem licenciamento","aprox":true}},{"type":"Feature","geometry":{"type":"Point","coordinates":[-52.3403,-31.76016]},"properties":{"id":"FEPAM (RS):AI 149 (Proc. 002077-0567/17-1)","orgao":"FEPAM (RS)","uf":"RS","ano":2017,"categoria":"auto_infracao","tipo":"Auto de Infração — Poluição","empresa":"Lws Tecnologia E Controle de Pragas Ltda - Epp","municipio":"Pelotas","porte":null,"valor":null,"processo":"AI 149 (Proc. 002077-0567/17-1)","link_oficial":"https://sol.fepam.rs.gov.br/consulta/processo?termo=002077-0567/17-1","resumo":"Poluição · Julgamento: Procedente Por Pagamento · Multa: R$ 13095 · Funcionamento de estabelecimento potencialmente poluidor em novo endereço, sem licenciamento","aprox":true}},{"type":"Feature","geometry":{"type":"Point","coordinates":[-52.84612,-28.62744]},"properties":{"id":"FEPAM (RS):AI 150 (Proc. 002078-0567/17-4)","orgao":"FEPAM (RS)","uf":"RS","ano":2017,"categoria":"auto_infracao","tipo":"Auto de Infração — Administrativa","empresa":"Prefeitura Municipal de Tapera","municipio":"Tapera","porte":null,"valor":null,"processo":"AI 150 (Proc. 002078-0567/17-4)","link_oficial":"https://sol.fepam.rs.gov.br/consulta/processo?termo=002078-0567/17-4","resumo":"Administrativa · Julgamento: Anulado · Multa: R$ 6866 · Emissão de Alvará nº 05/2017 irregular, autorizando corte de araucárias, árvores ameaçadas de extinção.","aprox":true}},{"type":"Feature","geometry":{"type":"Point","coordinates":[-52.49135,-31.74668]},"properties":{"id":"FEPAM (RS):AI 151 (Proc. 002079-0567/17-7)","orgao":"FEPAM (RS)","uf":"RS","ano":2017,"categoria":"auto_infracao","tipo":"Auto de Infração — Poluição","empresa":"Agrofel Agro Comercial Ltda","municipio":"Capão do Leão","porte":null,"valor":null,"processo":"AI 151 (Proc. 002079-0567/17-7)","link_oficial":"https://sol.fepam.rs.gov.br/consulta/processo?termo=002079-0567/17-7","resumo":"Poluição · Julgamento: Procedente · Multa: R$ 8179 · Descumprimento do projeto de drenagem apresentado e aprovado, que subsidiou a emissão da Licença de Operaçã","aprox":true}},{"type":"Feature","geometry":{"type":"Point","coordinates":[-52.49135,-31.74668]},"properties":{"id":"FEPAM (RS):AI 151 (Proc. 002079-0567/17-7)","orgao":"FEPAM (RS)","uf":"RS","ano":2017,"categoria":"auto_infracao","tipo":"Auto de Infração — Poluição","empresa":"Agrofel Agro Comercial Ltda","municipio":"Capão do Leão","porte":null,"valor":null,"processo":"AI 151 (Proc. 002079-0567/17-7)","link_oficial":"https://sol.fepam.rs.gov.br/consulta/processo?termo=002079-0567/17-7","resumo":"Poluição · Julgamento: Procedente · Multa: R$ 8179 · Descumprimento do projeto de drenagem apresentado e aprovado, que subsidiou a emissão da Licença de Operaçã","aprox":true}},{"type":"Feature","geometry":{"type":"Point","coordinates":[-50.58989,-29.44483]},"properties":{"id":"FEPAM (RS):AI 152 (Proc. 002080-0567/17-4)","orgao":"FEPAM (RS)","uf":"RS","ano":2017,"categoria":"auto_infracao","tipo":"Auto de Infração — Administrativa","empresa":"Paulo Elcidio de Oliveira Pereira","municipio":"São Francisco de Paula","porte":null,"valor":null,"processo":"AI 152 (Proc. 002080-0567/17-4)","link_oficial":"https://sol.fepam.rs.gov.br/consulta/processo?termo=002080-0567/17-4","resumo":"Administrativa · Julgamento: Anulado · Multa: R$ 2523 · Descumprimento do Ofício FEPAM/DASP/DILC nº 11678/2016 do processo 5644-0567/16-0, no prazo estabelecido","aprox":true}},{"type":"Feature","geometry":{"type":"Point","coordinates":[-50.58989,-29.44483]},"properties":{"id":"FEPAM (RS):AI 152 (Proc. 002080-0567/17-4)","orgao":"FEPAM (RS)","uf":"RS","ano":2017,"categoria":"auto_infracao","tipo":"Auto de Infração — Administrativa","empresa":"Paulo Elcidio de Oliveira Pereira","municipio":"São Francisco de Paula","porte":null,"valor":null,"processo":"AI 152 (Proc. 002080-0567/17-4)","link_oficial":"https://sol.fepam.rs.gov.br/consulta/processo?termo=002080-0567/17-4","resumo":"Administrativa · Julgamento: Anulado · Multa: R$ 2523 · Descumprimento do Ofício FEPAM/DASP/DILC nº 11678/2016 do processo 5644-0567/16-0, no prazo estabelecido","aprox":true}},{"type":"Feature","geometry":{"type":"Point","coordinates":[-51.19488,-29.63781]},"properties":{"id":"FEPAM (RS):AI 153 (Proc. 002081-0567/17-7)","orgao":"FEPAM (RS)","uf":"RS","ano":2017,"categoria":"auto_infracao","tipo":"Auto de Infração — Poluição","empresa":"Coral Glabes Comércio de Combustíveis Ltda","municipio":"Estância Velha","porte":null,"valor":null,"processo":"AI 153 (Proc. 002081-0567/17-7)","link_oficial":"https://sol.fepam.rs.gov.br/consulta/processo?termo=002081-0567/17-7","resumo":"Poluição · Julgamento: Procedente · Multa: R$ 6891 · Destinação irregularmente de 0,20 m³ de filtros e de 0,20 m³ de resíduo têxtil para disposição através da t","aprox":true}},{"type":"Feature","geometry":{"type":"Point","coordinates":[-51.19488,-29.63781]},"properties":{"id":"FEPAM (RS):AI 153 (Proc. 002081-0567/17-7)","orgao":"FEPAM (RS)","uf":"RS","ano":2017,"categoria":"auto_infracao","tipo":"Auto de Infração — Poluição","empresa":"Coral Glabes Comércio de Combustíveis Ltda","municipio":"Estância Velha","porte":null,"valor":null,"processo":"AI 153 (Proc. 002081-0567/17-7)","link_oficial":"https://sol.fepam.rs.gov.br/consulta/processo?termo=002081-0567/17-7","resumo":"Poluição · Julgamento: Procedente · Multa: R$ 2420 · Destinação irregularmente de 0,20 m³ de filtros e de 0,20 m³ de resíduo têxtil para disposição através da t","aprox":true}},{"type":"Feature","geometry":{"type":"Point","coordinates":[-51.02374,-30.08595]},"properties":{"id":"FEPAM (RS):AI 154 (Proc. 002086-0567/17-1)","orgao":"FEPAM (RS)","uf":"RS","ano":2017,"categoria":"auto_infracao","tipo":"Auto de Infração — Poluição","empresa":"Jf Mineracao, Industria E Comércio Eireli - Epp","municipio":"Viamão","porte":null,"valor":null,"processo":"AI 154 (Proc. 002086-0567/17-1)","link_oficial":"https://sol.fepam.rs.gov.br/consulta/processo?termo=002086-0567/17-1","resumo":"Poluição · Julgamento: Procedente · Multa: R$ 2515 · Fazer funcionar atividade utilizadora de recursos ambientais, considerada efetiva ou potencialmente poluido","aprox":true}},{"type":"Feature","geometry":{"type":"Point","coordinates":[-51.02374,-30.08595]},"properties":{"id":"FEPAM (RS):AI 154 (Proc. 002086-0567/17-1)","orgao":"FEPAM (RS)","uf":"RS","ano":2017,"categoria":"auto_infracao","tipo":"Auto de Infração — Poluição","empresa":"Jf Mineracao, Industria E Comércio Eireli - Epp","municipio":"Viamão","porte":null,"valor":null,"processo":"AI 154 (Proc. 002086-0567/17-1)","link_oficial":"https://sol.fepam.rs.gov.br/consulta/processo?termo=002086-0567/17-1","resumo":"Poluição · Julgamento: Procedente · Multa: R$ 2515 · Fazer funcionar atividade utilizadora de recursos ambientais, considerada efetiva ou potencialmente poluido","aprox":true}},{"type":"Feature","geometry":{"type":"Point","coordinates":[-51.19258,-29.64211]},"properties":{"id":"FEPAM (RS):AI 155 (Proc. 002106-0567/17-4)","orgao":"FEPAM (RS)","uf":"RS","ano":2017,"categoria":"auto_infracao","tipo":"Auto de Infração — Poluição","empresa":"Elton Miguel Bender","municipio":"Estância Velha","porte":null,"valor":null,"processo":"AI 155 (Proc. 002106-0567/17-4)","link_oficial":"https://sol.fepam.rs.gov.br/consulta/processo?termo=002106-0567/17-4","resumo":"Poluição · Julgamento: Procedente · Multa: R$ 19218 · Descumprimento do item 1.9 da Licença de Operação LO N° 06287/2014-DL, referente ao plano de desativação d","aprox":true}},{"type":"Feature","geometry":{"type":"Point","coordinates":[-51.19258,-29.64211]},"properties":{"id":"FEPAM (RS):AI 155 (Proc. 002106-0567/17-4)","orgao":"FEPAM (RS)","uf":"RS","ano":2017,"categoria":"auto_infracao","tipo":"Auto de Infração — Poluição","empresa":"Elton Miguel Bender","municipio":"Estância Velha","porte":null,"valor":null,"processo":"AI 155 (Proc. 002106-0567/17-4)","link_oficial":"https://sol.fepam.rs.gov.br/consulta/processo?termo=002106-0567/17-4","resumo":"Poluição · Julgamento: Procedente · Multa: R$ 19218 · Descumprimento do item 1.9 da Licença de Operação LO N° 06287/2014-DL, referente ao plano de desativação d","aprox":true}},{"type":"Feature","geometry":{"type":"Point","coordinates":[-51.22865,-29.70025]},"properties":{"id":"FEPAM (RS):AI 156 (Proc. 002111-0567/17-2)","orgao":"FEPAM (RS)","uf":"RS","ano":2017,"categoria":"auto_infracao","tipo":"Auto de Infração — Poluição","empresa":"Prefeitura Municipal de Portao","municipio":"Portão","porte":null,"valor":null,"processo":"AI 156 (Proc. 002111-0567/17-2)","link_oficial":"https://sol.fepam.rs.gov.br/consulta/processo?termo=002111-0567/17-2","resumo":"Poluição · Julgamento: Prescrito · Multa: R$ 7500 · Não implantação de uma faixa de proteção de 10 m da área de extração, não instalação da bacia de sedimentaçã","aprox":true}},{"type":"Feature","geometry":{"type":"Point","coordinates":[-51.22865,-29.70025]},"properties":{"id":"FEPAM (RS):AI 156 (Proc. 002111-0567/17-2)","orgao":"FEPAM (RS)","uf":"RS","ano":2017,"categoria":"auto_infracao","tipo":"Auto de Infração — Poluição","empresa":"Prefeitura Municipal de Portao","municipio":"Portão","porte":null,"valor":null,"processo":"AI 156 (Proc. 002111-0567/17-2)","link_oficial":"https://sol.fepam.rs.gov.br/consulta/processo?termo=002111-0567/17-2","resumo":"Poluição · Julgamento: Prescrito · Multa: R$ 7500 · Não implantação de uma faixa de proteção de 10 m da área de extração, não instalação da bacia de sedimentaçã","aprox":true}},{"type":"Feature","geometry":{"type":"Point","coordinates":[-52.50831,-28.82993]},"properties":{"id":"FEPAM (RS):AI 157 (Proc. 002090-0567/17-6)","orgao":"FEPAM (RS)","uf":"RS","ano":2017,"categoria":"auto_infracao","tipo":"Auto de Infração — Poluição","empresa":"Eloni Santana de Oliveira Joias - Me","municipio":"Soledade","porte":null,"valor":null,"processo":"AI 157 (Proc. 002090-0567/17-6)","link_oficial":"https://sol.fepam.rs.gov.br/consulta/processo?termo=002090-0567/17-6","resumo":"Poluição · Julgamento: Procedente · Multa: R$ 5031 · Ampliação da área útil do empreendimento de 800 m² para 1685 m² sem realização de licenciamento prévio; env","aprox":true}},{"type":"Feature","geometry":{"type":"Point","coordinates":[-52.50831,-28.82993]},"properties":{"id":"FEPAM (RS):AI 157 (Proc. 002090-0567/17-6)","orgao":"FEPAM (RS)","uf":"RS","ano":2017,"categoria":"auto_infracao","tipo":"Auto de Infração — Poluição","empresa":"Eloni Santana de Oliveira Joias - Me","municipio":"Soledade","porte":null,"valor":null,"processo":"AI 157 (Proc. 002090-0567/17-6)","link_oficial":"https://sol.fepam.rs.gov.br/consulta/processo?termo=002090-0567/17-6","resumo":"Poluição · Julgamento: Procedente · Multa: R$ 5031 · Ampliação da área útil do empreendimento de 800 m² para 1685 m² sem realização de licenciamento prévio; env","aprox":true}},{"type":"Feature","geometry":{"type":"Point","coordinates":[-54.10399,-28.63339]},"properties":{"id":"FEPAM (RS):AI 158 (Proc. 002091-0567/17-9)","orgao":"FEPAM (RS)","uf":"RS","ano":2017,"categoria":"auto_infracao","tipo":"Auto de Infração — Poluição","empresa":"Manuela Barros Mascarenhas de Souza","municipio":"Jóia","porte":null,"valor":null,"processo":"AI 158 (Proc. 002091-0567/17-9)","link_oficial":"https://sol.fepam.rs.gov.br/consulta/processo?termo=002091-0567/17-9","resumo":"Poluição · Julgamento: Procedente · Multa: R$ 2419 · Funcionamento de empreendimento com potencial poluidor, sem licenciamento junto ao Órgão Ambiental competen","aprox":true}},{"type":"Feature","geometry":{"type":"Point","coordinates":[-54.10399,-28.63339]},"properties":{"id":"FEPAM (RS):AI 158 (Proc. 002091-0567/17-9)","orgao":"FEPAM (RS)","uf":"RS","ano":2017,"categoria":"auto_infracao","tipo":"Auto de Infração — Poluição","empresa":"Manuela Barros Mascarenhas de Souza","municipio":"Jóia","porte":null,"valor":null,"processo":"AI 158 (Proc. 002091-0567/17-9)","link_oficial":"https://sol.fepam.rs.gov.br/consulta/processo?termo=002091-0567/17-9","resumo":"Poluição · Julgamento: Procedente · Multa: R$ 2419 · Funcionamento de empreendimento com potencial poluidor, sem licenciamento junto ao Órgão Ambiental competen","aprox":true}},{"type":"Feature","geometry":{"type":"Point","coordinates":[-51.40136,-30.66743]},"properties":{"id":"FEPAM (RS):AI 159 (Proc. 002092-0567/17-1)","orgao":"FEPAM (RS)","uf":"RS","ano":2017,"categoria":"auto_infracao","tipo":"Auto de Infração — Poluição","empresa":"Delmar Schwalm Eckert","municipio":"Tapes","porte":null,"valor":null,"processo":"AI 159 (Proc. 002092-0567/17-1)","link_oficial":"https://sol.fepam.rs.gov.br/consulta/processo?termo=002092-0567/17-1","resumo":"Poluição · Julgamento: Procedente · Multa: R$ 6259 · Supressão de parte da vegetação nativa em Área de Preservação Permanente - APP, para manutenção de cerca, e","aprox":true}},{"type":"Feature","geometry":{"type":"Point","coordinates":[-51.40136,-30.66743]},"properties":{"id":"FEPAM (RS):AI 159 (Proc. 002092-0567/17-1)","orgao":"FEPAM (RS)","uf":"RS","ano":2017,"categoria":"auto_infracao","tipo":"Auto de Infração — Poluição","empresa":"Delmar Schwalm Eckert","municipio":"Tapes","porte":null,"valor":null,"processo":"AI 159 (Proc. 002092-0567/17-1)","link_oficial":"https://sol.fepam.rs.gov.br/consulta/processo?termo=002092-0567/17-1","resumo":"Poluição · Julgamento: Procedente · Multa: R$ 6259 · Supressão de parte da vegetação nativa em Área de Preservação Permanente - APP, para manutenção de cerca, e","aprox":true}},{"type":"Feature","geometry":{"type":"Point","coordinates":[-53.93466,-27.45126]},"properties":{"id":"FEPAM (RS):AI 160 (Proc. 002093-0567/17-4)","orgao":"FEPAM (RS)","uf":"RS","ano":2017,"categoria":"auto_infracao","tipo":"Auto de Infração — Poluição","empresa":"Seara Alimentos Ltda","municipio":"Tres Passos","porte":null,"valor":null,"processo":"AI 160 (Proc. 002093-0567/17-4)","link_oficial":"https://sol.fepam.rs.gov.br/consulta/processo?termo=002093-0567/17-4","resumo":"Poluição · Julgamento: Procedente · Multa: R$ 4243 · Não atendimento, na sua totalidade, dos padrões de emissão dos parâmetros dos efluentes líquidos industriai","aprox":true}},{"type":"Feature","geometry":{"type":"Point","coordinates":[-53.93466,-27.45126]},"properties":{"id":"FEPAM (RS):AI 160 (Proc. 002093-0567/17-4)","orgao":"FEPAM (RS)","uf":"RS","ano":2017,"categoria":"auto_infracao","tipo":"Auto de Infração — Poluição","empresa":"Seara Alimentos Ltda","municipio":"Tres Passos","porte":null,"valor":null,"processo":"AI 160 (Proc. 002093-0567/17-4)","link_oficial":"https://sol.fepam.rs.gov.br/consulta/processo?termo=002093-0567/17-4","resumo":"Poluição · Julgamento: Procedente · Multa: R$ 4243 · Não atendimento, na sua totalidade, dos padrões de emissão dos parâmetros dos efluentes líquidos industriai","aprox":true}},{"type":"Feature","geometry":{"type":"Point","coordinates":[-51.18239,-29.66433]},"properties":{"id":"FEPAM (RS):AI 161 (Proc. 002094-0567/17-7)","orgao":"FEPAM (RS)","uf":"RS","ano":2017,"categoria":"auto_infracao","tipo":"Auto de Infração — Poluição","empresa":"Posto Rota 116 Derivados de Petroleo Ltda","municipio":"Estância Velha","porte":null,"valor":null,"processo":"AI 161 (Proc. 002094-0567/17-7)","link_oficial":"https://sol.fepam.rs.gov.br/consulta/processo?termo=002094-0567/17-7","resumo":"Poluição · Julgamento: Procedente · Multa: R$ 6891 · Destinação irregular de 0,20m³ de filtros, 0,20m³ de resíduo têxtil e 0,10m³ de filtros de ar para disposiç","aprox":true}},{"type":"Feature","geometry":{"type":"Point","coordinates":[-51.18239,-29.66433]},"properties":{"id":"FEPAM (RS):AI 161 (Proc. 002094-0567/17-7)","orgao":"FEPAM (RS)","uf":"RS","ano":2017,"categoria":"auto_infracao","tipo":"Auto de Infração — Poluição","empresa":"Posto Rota 116 Derivados de Petroleo Ltda","municipio":"Estância Velha","porte":null,"valor":null,"processo":"AI 161 (Proc. 002094-0567/17-7)","link_oficial":"https://sol.fepam.rs.gov.br/consulta/processo?termo=002094-0567/17-7","resumo":"Poluição · Julgamento: Procedente · Multa: R$ 6891 · Destinação irregular de 0,20m³ de filtros, 0,20m³ de resíduo têxtil e 0,10m³ de filtros de ar para disposiç","aprox":true}},{"type":"Feature","geometry":{"type":"Point","coordinates":[-51.181,-29.65922]},"properties":{"id":"FEPAM (RS):AI 162 (Proc. 002097-0567/17-5)","orgao":"FEPAM (RS)","uf":"RS","ano":2017,"categoria":"auto_infracao","tipo":"Auto de Infração — Poluição","empresa":"Abastecedora de Combustíveis Br 116 Eireli Epp","municipio":"Estância Velha","porte":null,"valor":null,"processo":"AI 162 (Proc. 002097-0567/17-5)","link_oficial":"https://sol.fepam.rs.gov.br/consulta/processo?termo=002097-0567/17-5","resumo":"Poluição · Julgamento: Procedente · Multa: R$ 6891 · Destinação irregular de 0,30m³ de filtros, 0,30m³ de resíduo têxtil e 0,10m³ de varrição para disposição at","aprox":true}},{"type":"Feature","geometry":{"type":"Point","coordinates":[-51.181,-29.65922]},"properties":{"id":"FEPAM (RS):AI 162 (Proc. 002097-0567/17-5)","orgao":"FEPAM (RS)","uf":"RS","ano":2017,"categoria":"auto_infracao","tipo":"Auto de Infração — Poluição","empresa":"Abastecedora de Combustíveis Br 116 Eireli Epp","municipio":"Estância Velha","porte":null,"valor":null,"processo":"AI 162 (Proc. 002097-0567/17-5)","link_oficial":"https://sol.fepam.rs.gov.br/consulta/processo?termo=002097-0567/17-5","resumo":"Poluição · Julgamento: Procedente · Multa: R$ 6891 · Destinação irregular de 0,30m³ de filtros, 0,30m³ de resíduo têxtil e 0,10m³ de varrição para disposição at","aprox":true}},{"type":"Feature","geometry":{"type":"Point","coordinates":[-51.19272,-29.65514]},"properties":{"id":"FEPAM (RS):AI 163 (Proc. 002098-0567/17-8)","orgao":"FEPAM (RS)","uf":"RS","ano":2017,"categoria":"auto_infracao","tipo":"Auto de Infração — Poluição","empresa":"Ello Combustíveis E Serviços Automotivos Ltda","municipio":"Estância Velha","porte":null,"valor":null,"processo":"AI 163 (Proc. 002098-0567/17-8)","link_oficial":"https://sol.fepam.rs.gov.br/consulta/processo?termo=002098-0567/17-8","resumo":"Poluição · Julgamento: Procedente · Multa: R$ 6891 · Destinação irregular de 0,20m³ de filtros e 0,20m³ de resíduo têxtil para disposição através da transportad","aprox":true}},{"type":"Feature","geometry":{"type":"Point","coordinates":[-51.17793,-29.65594]},"properties":{"id":"FEPAM (RS):AI 164 (Proc. 002099-0567/17-1)","orgao":"FEPAM (RS)","uf":"RS","ano":2017,"categoria":"auto_infracao","tipo":"Auto de Infração — Poluição","empresa":"Auto Posto Mareve Eireli","municipio":"Estância Velha","porte":null,"valor":null,"processo":"AI 164 (Proc. 002099-0567/17-1)","link_oficial":"https://sol.fepam.rs.gov.br/consulta/processo?termo=002099-0567/17-1","resumo":"Poluição · Julgamento: Procedente · Multa: R$ 6891 · Destinação Irregular de 0,10m³ de filtros, 0,10m³ de resíduo têxtil e 0,20m³ de lodo para disposição atravé","aprox":true}},{"type":"Feature","geometry":{"type":"Point","coordinates":[-51.19947,-29.66623]},"properties":{"id":"FEPAM (RS):AI 165 (Proc. 002100-0567/17-8)","orgao":"FEPAM (RS)","uf":"RS","ano":2017,"categoria":"auto_infracao","tipo":"Auto de Infração — Poluição","empresa":"Abastecedora de Combustíveis Fenix Portao Ltda.","municipio":"Estância Velha","porte":null,"valor":null,"processo":"AI 165 (Proc. 002100-0567/17-8)","link_oficial":"https://sol.fepam.rs.gov.br/consulta/processo?termo=002100-0567/17-8","resumo":"Poluição · Julgamento: Procedente · Multa: R$ 6891 · Destinação irregular de 0,40m³ de filtros e 0,90m³ de resíduo têxtil para disposição através da transportad","aprox":true}},{"type":"Feature","geometry":{"type":"Point","coordinates":[-51.19947,-29.66623]},"properties":{"id":"FEPAM (RS):AI 165 (Proc. 002100-0567/17-8)","orgao":"FEPAM (RS)","uf":"RS","ano":2017,"categoria":"auto_infracao","tipo":"Auto de Infração — Poluição","empresa":"Abastecedora de Combustíveis Fenix Portao Ltda.","municipio":"Estância Velha","porte":null,"valor":null,"processo":"AI 165 (Proc. 002100-0567/17-8)","link_oficial":"https://sol.fepam.rs.gov.br/consulta/processo?termo=002100-0567/17-8","resumo":"Poluição · Julgamento: Procedente · Multa: R$ 6891 · Destinação irregular de 0,40m³ de filtros e 0,90m³ de resíduo têxtil para disposição através da transportad","aprox":true}},{"type":"Feature","geometry":{"type":"Point","coordinates":[-51.17273,-29.66073]},"properties":{"id":"FEPAM (RS):AI 166 (Proc. 002102-0567/17-3)","orgao":"FEPAM (RS)","uf":"RS","ano":2017,"categoria":"auto_infracao","tipo":"Auto de Infração — Poluição","empresa":"Comercial Buffon Combustíveis E Transportes Ltda","municipio":"Estância Velha","porte":null,"valor":null,"processo":"AI 166 (Proc. 002102-0567/17-3)","link_oficial":"https://sol.fepam.rs.gov.br/consulta/processo?termo=002102-0567/17-3","resumo":"Poluição · Julgamento: Procedente · Multa: R$ 6891 · Destinação irregular 0,20m³ de filtros e 0,10m³ de resíduo têxtil para disposição através da transportadora","aprox":true}},{"type":"Feature","geometry":{"type":"Point","coordinates":[-51.17273,-29.66073]},"properties":{"id":"FEPAM (RS):AI 166 (Proc. 002102-0567/17-3)","orgao":"FEPAM (RS)","uf":"RS","ano":2017,"categoria":"auto_infracao","tipo":"Auto de Infração — Poluição","empresa":"Comercial Buffon Combustíveis E Transportes Ltda","municipio":"Estância Velha","porte":null,"valor":null,"processo":"AI 166 (Proc. 002102-0567/17-3)","link_oficial":"https://sol.fepam.rs.gov.br/consulta/processo?termo=002102-0567/17-3","resumo":"Poluição · Julgamento: Procedente · Multa: R$ 6891 · Destinação irregular 0,20m³ de filtros e 0,10m³ de resíduo têxtil para disposição através da transportadora","aprox":true}},{"type":"Feature","geometry":{"type":"Point","coordinates":[-51.17223,-29.64009]},"properties":{"id":"FEPAM (RS):AI 167 (Proc. 002103-0567/17-6)","orgao":"FEPAM (RS)","uf":"RS","ano":2017,"categoria":"auto_infracao","tipo":"Auto de Infração — Poluição","empresa":"Posto de Combustíveis Casa Ponto Ltda","municipio":"Estância Velha","porte":null,"valor":null,"processo":"AI 167 (Proc. 002103-0567/17-6)","link_oficial":"https://sol.fepam.rs.gov.br/consulta/processo?termo=002103-0567/17-6","resumo":"Poluição · Julgamento: Procedente · Multa: R$ 6891 · Destinação irregular de 0,20m³ de filtros e 0,20m³ de resíduo têxtil para disposição através da transportad","aprox":true}},{"type":"Feature","geometry":{"type":"Point","coordinates":[-51.17223,-29.64009]},"properties":{"id":"FEPAM (RS):AI 167 (Proc. 002103-0567/17-6)","orgao":"FEPAM (RS)","uf":"RS","ano":2017,"categoria":"auto_infracao","tipo":"Auto de Infração — Poluição","empresa":"Posto de Combustíveis Casa Ponto Ltda","municipio":"Estância Velha","porte":null,"valor":null,"processo":"AI 167 (Proc. 002103-0567/17-6)","link_oficial":"https://sol.fepam.rs.gov.br/consulta/processo?termo=002103-0567/17-6","resumo":"Poluição · Julgamento: Procedente · Multa: R$ 6891 · Destinação irregular de 0,20m³ de filtros e 0,20m³ de resíduo têxtil para disposição através da transportad","aprox":true}},{"type":"Feature","geometry":{"type":"Point","coordinates":[-51.18422,-29.64888]},"properties":{"id":"FEPAM (RS):AI 168 (Proc. 002104-0567/17-9)","orgao":"FEPAM (RS)","uf":"RS","ano":2017,"categoria":"auto_infracao","tipo":"Auto de Infração — Poluição","empresa":"Lcb Abastecedora de Combustíveis Ltda","municipio":"Estância Velha","porte":null,"valor":null,"processo":"AI 168 (Proc. 002104-0567/17-9)","link_oficial":"https://sol.fepam.rs.gov.br/consulta/processo?termo=002104-0567/17-9","resumo":"Poluição · Julgamento: Procedente · Multa: R$ 6891 · Destinar irregularmente 0,40m³ de filtros e 0,40m³ de resíduo têxtil para disposição através da transportad","aprox":true}},{"type":"Feature","geometry":{"type":"Point","coordinates":[-51.18422,-29.64888]},"properties":{"id":"FEPAM (RS):AI 168 (Proc. 002104-0567/17-9)","orgao":"FEPAM (RS)","uf":"RS","ano":2017,"categoria":"auto_infracao","tipo":"Auto de Infração — Poluição","empresa":"Lcb Abastecedora de Combustíveis Ltda","municipio":"Estância Velha","porte":null,"valor":null,"processo":"AI 168 (Proc. 002104-0567/17-9)","link_oficial":"https://sol.fepam.rs.gov.br/consulta/processo?termo=002104-0567/17-9","resumo":"Poluição · Julgamento: Procedente · Multa: R$ 6891 · Destinar irregularmente 0,40m³ de filtros e 0,40m³ de resíduo têxtil para disposição através da transportad","aprox":true}},{"type":"Feature","geometry":{"type":"Point","coordinates":[-51.18186,-29.66893]},"properties":{"id":"FEPAM (RS):AI 169 (Proc. 002105-0567/17-1)","orgao":"FEPAM (RS)","uf":"RS","ano":2017,"categoria":"auto_infracao","tipo":"Auto de Infração — Poluição","empresa":"Transportes E Logistica Geab Ltda - Me","municipio":"Estância Velha","porte":null,"valor":null,"processo":"AI 169 (Proc. 002105-0567/17-1)","link_oficial":"https://sol.fepam.rs.gov.br/consulta/processo?termo=002105-0567/17-1","resumo":"Poluição · Julgamento: Procedente · Multa: R$ 1137 · Recolher resíduos sem a devida documentação descumprindo itens 1.10.2 e 1.10.3 da Licença de Operação LO N°","aprox":true}},{"type":"Feature","geometry":{"type":"Point","coordinates":[-51.18186,-29.66893]},"properties":{"id":"FEPAM (RS):AI 169 (Proc. 002105-0567/17-1)","orgao":"FEPAM (RS)","uf":"RS","ano":2017,"categoria":"auto_infracao","tipo":"Auto de Infração — Poluição","empresa":"Transportes E Logistica Geab Ltda - Me","municipio":"Estância Velha","porte":null,"valor":null,"processo":"AI 169 (Proc. 002105-0567/17-1)","link_oficial":"https://sol.fepam.rs.gov.br/consulta/processo?termo=002105-0567/17-1","resumo":"Poluição · Julgamento: Procedente · Multa: R$ 2420 · Recolher resíduos sem a devida documentação descumprindo itens 1.10.2 e 1.10.3 da Licença de Operação LO N°","aprox":true}},{"type":"Feature","geometry":{"type":"Point","coordinates":[-53.35783,-33.5194]},"properties":{"id":"FEPAM (RS):AI 170 (Proc. 002101-0567/17-1)","orgao":"FEPAM (RS)","uf":"RS","ano":2017,"categoria":"auto_infracao","tipo":"Auto de Infração — Administrativa","empresa":"Prefeitura Municipal de Santa Vitoria do Palmar","municipio":"Santa Vitória do Palmar","porte":null,"valor":null,"processo":"AI 170 (Proc. 002101-0567/17-1)","link_oficial":"https://sol.fepam.rs.gov.br/consulta/processo?termo=002101-0567/17-1","resumo":"Administrativa · Julgamento: Procedente · Multa: R$ 2516 · Funcionamento de estabelecimento potencialmente poluidor (aterro de resíduos sólidos urbanos, com aut","aprox":true}},{"type":"Feature","geometry":{"type":"Point","coordinates":[-53.35783,-33.5194]},"properties":{"id":"FEPAM (RS):AI 170 (Proc. 002101-0567/17-1)","orgao":"FEPAM (RS)","uf":"RS","ano":2017,"categoria":"auto_infracao","tipo":"Auto de Infração — Administrativa","empresa":"Prefeitura Municipal de Santa Vitoria do Palmar","municipio":"Santa Vitória do Palmar","porte":null,"valor":null,"processo":"AI 170 (Proc. 002101-0567/17-1)","link_oficial":"https://sol.fepam.rs.gov.br/consulta/processo?termo=002101-0567/17-1","resumo":"Administrativa · Julgamento: Procedente · Multa: R$ 2516 · Funcionamento de estabelecimento potencialmente poluidor (aterro de resíduos sólidos urbanos, com aut","aprox":true}},{"type":"Feature","geometry":{"type":"Point","coordinates":[-52.92347,-27.94727]},"properties":{"id":"FEPAM (RS):AI 171 (Proc. 002112-0567/17-5)","orgao":"FEPAM (RS)","uf":"RS","ano":2017,"categoria":"auto_infracao","tipo":"Auto de Infração — Poluição","empresa":"Municipio de Sarandi","municipio":"Sarandi","porte":null,"valor":null,"processo":"AI 171 (Proc. 002112-0567/17-5)","link_oficial":"https://sol.fepam.rs.gov.br/consulta/processo?termo=002112-0567/17-5","resumo":"Poluição · Julgamento: Procedente · Multa: R$ 3379 · Ampliação da área licenciada, com alteração no projeto urbanístico aprovado, sem o devido licenciamento do ","aprox":true}},{"type":"Feature","geometry":{"type":"Point","coordinates":[-52.92347,-27.94727]},"properties":{"id":"FEPAM (RS):AI 171 (Proc. 002112-0567/17-5)","orgao":"FEPAM (RS)","uf":"RS","ano":2017,"categoria":"auto_infracao","tipo":"Auto de Infração — Poluição","empresa":"Municipio de Sarandi","municipio":"Sarandi","porte":null,"valor":null,"processo":"AI 171 (Proc. 002112-0567/17-5)","link_oficial":"https://sol.fepam.rs.gov.br/consulta/processo?termo=002112-0567/17-5","resumo":"Poluição · Julgamento: Procedente · Multa: R$ 3379 · Ampliação da área licenciada, com alteração no projeto urbanístico aprovado, sem o devido licenciamento do ","aprox":true}},{"type":"Feature","geometry":{"type":"Point","coordinates":[-51.08771,-31.28759]},"properties":{"id":"FEPAM (RS):AI 172 (Proc. 002113-0567/17-8)","orgao":"FEPAM (RS)","uf":"RS","ano":2017,"categoria":"auto_infracao","tipo":"Auto de Infração — Poluição","empresa":"Delamar Domingos Pires Vilanova","municipio":"Tavares","porte":null,"valor":null,"processo":"AI 172 (Proc. 002113-0567/17-8)","link_oficial":"https://sol.fepam.rs.gov.br/consulta/processo?termo=002113-0567/17-8","resumo":"Poluição · Julgamento: Procedente · Plantio de exótica invasora em UPN PL2 saturada após 2008, além do estabelecido no ZAS-Zoneamento Ambiental da Silvicultura.","aprox":true}},{"type":"Feature","geometry":{"type":"Point","coordinates":[-51.08771,-31.28759]},"properties":{"id":"FEPAM (RS):AI 172 (Proc. 002113-0567/17-8)","orgao":"FEPAM (RS)","uf":"RS","ano":2017,"categoria":"auto_infracao","tipo":"Auto de Infração — Poluição","empresa":"Delamar Domingos Pires Vilanova","municipio":"Tavares","porte":null,"valor":null,"processo":"AI 172 (Proc. 002113-0567/17-8)","link_oficial":"https://sol.fepam.rs.gov.br/consulta/processo?termo=002113-0567/17-8","resumo":"Poluição · Julgamento: Procedente · Multa: R$ 1651 · Plantio de exótica invasora em UPN PL2 saturada após 2008, além do estabelecido no ZAS-Zoneamento Ambiental","aprox":true}},{"type":"Feature","geometry":{"type":"Point","coordinates":[-51.08771,-31.28759]},"properties":{"id":"FEPAM (RS):AI 172 (Proc. 002113-0567/17-8)","orgao":"FEPAM (RS)","uf":"RS","ano":2017,"categoria":"auto_infracao","tipo":"Auto de Infração — Poluição","empresa":"Delamar Domingos Pires Vilanova","municipio":"Tavares","porte":null,"valor":null,"processo":"AI 172 (Proc. 002113-0567/17-8)","link_oficial":"https://sol.fepam.rs.gov.br/consulta/processo?termo=002113-0567/17-8","resumo":"Poluição · Julgamento: Procedente · Multa: R$ 1651 · Plantio de exótica invasora em UPN PL2 saturada após 2008, além do estabelecido no ZAS-Zoneamento Ambiental","aprox":true}},{"type":"Feature","geometry":{"type":"Point","coordinates":[-51.18101,-29.16739]},"properties":{"id":"FEPAM (RS):AI 173 (Proc. 002114-0567/17-1)","orgao":"FEPAM (RS)","uf":"RS","ano":2017,"categoria":"auto_infracao","tipo":"Auto de Infração — Administrativa","empresa":"Claudio Luiz Andreazza","municipio":"Caxias do Sul","porte":null,"valor":null,"processo":"AI 173 (Proc. 002114-0567/17-1)","link_oficial":"https://sol.fepam.rs.gov.br/consulta/processo?termo=002114-0567/17-1","resumo":"Administrativa · Julgamento: Prescrito · Multa: R$ 3015 · Apresentar laudos e informações falsas/omissas/enganosas no procedimento administrativo de requeriment","aprox":true}},{"type":"Feature","geometry":{"type":"Point","coordinates":[-51.18101,-29.16739]},"properties":{"id":"FEPAM (RS):AI 173 (Proc. 002114-0567/17-1)","orgao":"FEPAM (RS)","uf":"RS","ano":2017,"categoria":"auto_infracao","tipo":"Auto de Infração — Administrativa","empresa":"Claudio Luiz Andreazza","municipio":"Caxias do Sul","porte":null,"valor":null,"processo":"AI 173 (Proc. 002114-0567/17-1)","link_oficial":"https://sol.fepam.rs.gov.br/consulta/processo?termo=002114-0567/17-1","resumo":"Administrativa · Julgamento: Prescrito · Multa: R$ 3015 · Apresentar laudos e informações falsas/omissas/enganosas no procedimento administrativo de requeriment","aprox":true}},{"type":"Feature","geometry":{"type":"Point","coordinates":[-54.65039,-30.98529]},"properties":{"id":"FEPAM (RS):AI 174 (Proc. 002115-0567/17-3)","orgao":"FEPAM (RS)","uf":"RS","ano":2017,"categoria":"auto_infracao","tipo":"Auto de Infração — Administrativa","empresa":"Agrofel Agro Comercial Ltda","municipio":"Dom Pedrito","porte":null,"valor":null,"processo":"AI 174 (Proc. 002115-0567/17-3)","link_oficial":"https://sol.fepam.rs.gov.br/consulta/processo?termo=002115-0567/17-3","resumo":"Administrativa · Julgamento: Procedente · Funcionamento de atividade potencialmente poluidora (Depósito de Agrotóxicos), sem licenciamento junto ao Órgão Ambien","aprox":true}},{"type":"Feature","geometry":{"type":"Point","coordinates":[-54.65039,-30.98529]},"properties":{"id":"FEPAM (RS):AI 174 (Proc. 002115-0567/17-3)","orgao":"FEPAM (RS)","uf":"RS","ano":2017,"categoria":"auto_infracao","tipo":"Auto de Infração — Administrativa","empresa":"Agrofel Agro Comercial Ltda","municipio":"Dom Pedrito","porte":null,"valor":null,"processo":"AI 174 (Proc. 002115-0567/17-3)","link_oficial":"https://sol.fepam.rs.gov.br/consulta/processo?termo=002115-0567/17-3","resumo":"Administrativa · Julgamento: Procedente · Funcionamento de atividade potencialmente poluidora (Depósito de Agrotóxicos), sem licenciamento junto ao Órgão Ambien","aprox":true}},{"type":"Feature","geometry":{"type":"Point","coordinates":[-51.16813,-29.1683]},"properties":{"id":"FEPAM (RS):AI 175 (Proc. 002205-0567/17-1)","orgao":"FEPAM (RS)","uf":"RS","ano":2017,"categoria":"auto_infracao","tipo":"Auto de Infração — Flora","empresa":"Claudio Luiz Andreazza","municipio":"Caxias do Sul","porte":null,"valor":null,"processo":"AI 175 (Proc. 002205-0567/17-1)","link_oficial":"https://sol.fepam.rs.gov.br/consulta/processo?termo=002205-0567/17-1","resumo":"Flora · Julgamento: Prescrito · Multa: R$ 5000 · Danificar vegetação nativa (mata ciliar) em Áreas de Preservação Permanente (APP), sem autorização do Órgão Amb","aprox":true}},{"type":"Feature","geometry":{"type":"Point","coordinates":[-51.16813,-29.1683]},"properties":{"id":"FEPAM (RS):AI 175 (Proc. 002205-0567/17-1)","orgao":"FEPAM (RS)","uf":"RS","ano":2017,"categoria":"auto_infracao","tipo":"Auto de Infração — Flora","empresa":"Claudio Luiz Andreazza","municipio":"Caxias do Sul","porte":null,"valor":null,"processo":"AI 175 (Proc. 002205-0567/17-1)","link_oficial":"https://sol.fepam.rs.gov.br/consulta/processo?termo=002205-0567/17-1","resumo":"Flora · Julgamento: Prescrito · Multa: R$ 5000 · Danificar vegetação nativa (mata ciliar) em Áreas de Preservação Permanente (APP), sem autorização do Órgão Amb","aprox":true}},{"type":"Feature","geometry":{"type":"Point","coordinates":[-51.17352,-29.17101]},"properties":{"id":"FEPAM (RS):AI 176 (Proc. 002116-0567/17-6)","orgao":"FEPAM (RS)","uf":"RS","ano":2017,"categoria":"auto_infracao","tipo":"Auto de Infração — Poluição","empresa":"Claudio Luiz Andreazza","municipio":"Caxias do Sul","porte":null,"valor":null,"processo":"AI 176 (Proc. 002116-0567/17-6)","link_oficial":"https://sol.fepam.rs.gov.br/consulta/processo?termo=002116-0567/17-6","resumo":"Poluição · Julgamento: Procedente · Multa: R$ 9538 · Lançamento de resíduos líquidos (dejetos de criação de suínos) no ambiente, em desacordo com as exigências ","aprox":true}},{"type":"Feature","geometry":{"type":"Point","coordinates":[-51.17352,-29.17101]},"properties":{"id":"FEPAM (RS):AI 176 (Proc. 002116-0567/17-6)","orgao":"FEPAM (RS)","uf":"RS","ano":2017,"categoria":"auto_infracao","tipo":"Auto de Infração — Poluição","empresa":"Claudio Luiz Andreazza","municipio":"Caxias do Sul","porte":null,"valor":null,"processo":"AI 176 (Proc. 002116-0567/17-6)","link_oficial":"https://sol.fepam.rs.gov.br/consulta/processo?termo=002116-0567/17-6","resumo":"Poluição · Julgamento: Procedente · Multa: R$ 9538 · Lançamento de resíduos líquidos (dejetos de criação de suínos) no ambiente, em desacordo com as exigências ","aprox":true}},{"type":"Feature","geometry":{"type":"Point","coordinates":[-52.91572,-27.94592]},"properties":{"id":"FEPAM (RS):AI 177 (Proc. 002117-0567/17-9)","orgao":"FEPAM (RS)","uf":"RS","ano":2017,"categoria":"auto_infracao","tipo":"Auto de Infração — Poluição","empresa":"Municipio de Sarandi","municipio":"Sarandi","porte":null,"valor":null,"processo":"AI 177 (Proc. 002117-0567/17-9)","link_oficial":"https://sol.fepam.rs.gov.br/consulta/processo?termo=002117-0567/17-9","resumo":"Poluição · Julgamento: Procedente · Multa: R$ 3379 · Implantação de atividade potencialmente poluidora (loteamento industrial) sem o prévio licenciamento junto ","aprox":true}},{"type":"Feature","geometry":{"type":"Point","coordinates":[-52.91572,-27.94592]},"properties":{"id":"FEPAM (RS):AI 177 (Proc. 002117-0567/17-9)","orgao":"FEPAM (RS)","uf":"RS","ano":2017,"categoria":"auto_infracao","tipo":"Auto de Infração — Poluição","empresa":"Municipio de Sarandi","municipio":"Sarandi","porte":null,"valor":null,"processo":"AI 177 (Proc. 002117-0567/17-9)","link_oficial":"https://sol.fepam.rs.gov.br/consulta/processo?termo=002117-0567/17-9","resumo":"Poluição · Julgamento: Procedente · Multa: R$ 3379 · Implantação de atividade potencialmente poluidora (loteamento industrial) sem o prévio licenciamento junto ","aprox":true}},{"type":"Feature","geometry":{"type":"Point","coordinates":[-53.60349,-28.64382]},"properties":{"id":"FEPAM (RS):AI 178 (Proc. 002118-0567/17-1)","orgao":"FEPAM (RS)","uf":"RS","ano":2017,"categoria":"auto_infracao","tipo":"Auto de Infração — Poluição","empresa":"Simbiose Industria E Comércio de Fertilizantes E Insumos Microbiologicos Ltda","municipio":"Cruz Alta","porte":null,"valor":null,"processo":"AI 178 (Proc. 002118-0567/17-1)","link_oficial":"https://sol.fepam.rs.gov.br/consulta/processo?termo=002118-0567/17-1","resumo":"Poluição · Julgamento: Procedente · Multa: R$ 4243 · Descumprimento das seguintes condicionantes estabelecidas nas respectivas Licenças de Operação: quanto à LO","aprox":true}},{"type":"Feature","geometry":{"type":"Point","coordinates":[-53.60349,-28.64382]},"properties":{"id":"FEPAM (RS):AI 178 (Proc. 002118-0567/17-1)","orgao":"FEPAM (RS)","uf":"RS","ano":2017,"categoria":"auto_infracao","tipo":"Auto de Infração — Poluição","empresa":"Simbiose Industria E Comércio de Fertilizantes E Insumos Microbiologicos Ltda","municipio":"Cruz Alta","porte":null,"valor":null,"processo":"AI 178 (Proc. 002118-0567/17-1)","link_oficial":"https://sol.fepam.rs.gov.br/consulta/processo?termo=002118-0567/17-1","resumo":"Poluição · Julgamento: Procedente · Multa: R$ 4243 · Descumprimento das seguintes condicionantes estabelecidas nas respectivas Licenças de Operação: quanto à LO","aprox":true}},{"type":"Feature","geometry":{"type":"Point","coordinates":[-55.54145,-30.88029]},"properties":{"id":"FEPAM (RS):AI 179 (Proc. 002125-0567/17-5)","orgao":"FEPAM (RS)","uf":"RS","ano":2017,"categoria":"auto_infracao","tipo":"Auto de Infração — Poluição","empresa":"Transdenardi Transportes E Comércio de Combustíveis Ltda Me","municipio":"Santana do Livramento","porte":null,"valor":null,"processo":"AI 179 (Proc. 002125-0567/17-5)","link_oficial":"https://sol.fepam.rs.gov.br/consulta/processo?termo=002125-0567/17-5","resumo":"Poluição · Julgamento: Procedente · Multa: R$ 2419 · Alteração do distribuidor de combustíveis sem comunicação à FEPAM; por falta de manutenção adequada da caix","aprox":true}},{"type":"Feature","geometry":{"type":"Point","coordinates":[-55.54145,-30.88029]},"properties":{"id":"FEPAM (RS):AI 179 (Proc. 002125-0567/17-5)","orgao":"FEPAM (RS)","uf":"RS","ano":2017,"categoria":"auto_infracao","tipo":"Auto de Infração — Poluição","empresa":"Transdenardi Transportes E Comércio de Combustíveis Ltda Me","municipio":"Santana do Livramento","porte":null,"valor":null,"processo":"AI 179 (Proc. 002125-0567/17-5)","link_oficial":"https://sol.fepam.rs.gov.br/consulta/processo?termo=002125-0567/17-5","resumo":"Poluição · Julgamento: Procedente · Multa: R$ 2419 · Alteração do distribuidor de combustíveis sem comunicação à FEPAM; por falta de manutenção adequada da caix","aprox":true}},{"type":"Feature","geometry":{"type":"Point","coordinates":[-53.09218,-28.63075]},"properties":{"id":"FEPAM (RS):AI 180 (Proc. 002124-0567/17-2)","orgao":"FEPAM (RS)","uf":"RS","ano":2017,"categoria":"auto_infracao","tipo":"Auto de Infração — Poluição","empresa":"Auto Mecanica Ibiruba S/a","municipio":"Ibirubá","porte":null,"valor":null,"processo":"AI 180 (Proc. 002124-0567/17-2)","link_oficial":"https://sol.fepam.rs.gov.br/consulta/processo?termo=002124-0567/17-2","resumo":"Poluição · Julgamento: Procedente · Multa: R$ 2419 · Descumprimento do item 2.4 da LO 5426/11, devido ao não atendimento dos padrões de lançamento definidos na ","aprox":true}},{"type":"Feature","geometry":{"type":"Point","coordinates":[-53.09218,-28.63075]},"properties":{"id":"FEPAM (RS):AI 180 (Proc. 002124-0567/17-2)","orgao":"FEPAM (RS)","uf":"RS","ano":2017,"categoria":"auto_infracao","tipo":"Auto de Infração — Poluição","empresa":"Auto Mecanica Ibiruba S/a","municipio":"Ibirubá","porte":null,"valor":null,"processo":"AI 180 (Proc. 002124-0567/17-2)","link_oficial":"https://sol.fepam.rs.gov.br/consulta/processo?termo=002124-0567/17-2","resumo":"Poluição · Julgamento: Procedente · Multa: R$ 2419 · Descumprimento do item 2.4 da LO 5426/11, devido ao não atendimento dos padrões de lançamento definidos na ","aprox":true}},{"type":"Feature","geometry":{"type":"Point","coordinates":[-51.1555,-29.58381]},"properties":{"id":"FEPAM (RS):AI 181 (Proc. 002131-0567/17-6)","orgao":"FEPAM (RS)","uf":"RS","ano":2017,"categoria":"auto_infracao","tipo":"Auto de Infração — Poluição","empresa":"Auto Posto Kraftstoff Ltda","municipio":"Ivoti","porte":null,"valor":null,"processo":"AI 181 (Proc. 002131-0567/17-6)","link_oficial":"https://sol.fepam.rs.gov.br/consulta/processo?termo=002131-0567/17-6","resumo":"Poluição · Julgamento: Procedente · Multa: R$ 2995.81 · Não atendimento dos padrões de lançamento definidos na Resolução CONSEMA Nº128/2006, constatado nos segu","aprox":true}},{"type":"Feature","geometry":{"type":"Point","coordinates":[-51.1555,-29.58381]},"properties":{"id":"FEPAM (RS):AI 181 (Proc. 002131-0567/17-6)","orgao":"FEPAM (RS)","uf":"RS","ano":2017,"categoria":"auto_infracao","tipo":"Auto de Infração — Poluição","empresa":"Auto Posto Kraftstoff Ltda","municipio":"Ivoti","porte":null,"valor":null,"processo":"AI 181 (Proc. 002131-0567/17-6)","link_oficial":"https://sol.fepam.rs.gov.br/consulta/processo?termo=002131-0567/17-6","resumo":"Poluição · Julgamento: Procedente · Multa: R$ 2995 · Não atendimento dos padrões de lançamento definidos na Resolução CONSEMA Nº128/2006, constatado nos seguint","aprox":true}},{"type":"Feature","geometry":{"type":"Point","coordinates":[-53.1016,-28.62862]},"properties":{"id":"FEPAM (RS):AI 182 (Proc. 002132-0567/17-9)","orgao":"FEPAM (RS)","uf":"RS","ano":2017,"categoria":"auto_infracao","tipo":"Auto de Infração — Poluição","empresa":"Auto Mecanica Ibiruba S/a","municipio":"Ibirubá","porte":null,"valor":null,"processo":"AI 182 (Proc. 002132-0567/17-9)","link_oficial":"https://sol.fepam.rs.gov.br/consulta/processo?termo=002132-0567/17-9","resumo":"Poluição · Julgamento: Procedente Por Pagamento · Multa: R$ 2419 · Não atendimento dos padrões de lançamento definidos na Resolução CONSEMA Nº 128/2006, constat","aprox":true}},{"type":"Feature","geometry":{"type":"Point","coordinates":[-53.1016,-28.62862]},"properties":{"id":"FEPAM (RS):AI 182 (Proc. 002132-0567/17-9)","orgao":"FEPAM (RS)","uf":"RS","ano":2017,"categoria":"auto_infracao","tipo":"Auto de Infração — Poluição","empresa":"Auto Mecanica Ibiruba S/a","municipio":"Ibirubá","porte":null,"valor":null,"processo":"AI 182 (Proc. 002132-0567/17-9)","link_oficial":"https://sol.fepam.rs.gov.br/consulta/processo?termo=002132-0567/17-9","resumo":"Poluição · Julgamento: Procedente Por Pagamento · Multa: R$ 2419 · Não atendimento dos padrões de lançamento definidos na Resolução CONSEMA Nº 128/2006, constat","aprox":true}},{"type":"Feature","geometry":{"type":"Point","coordinates":[-51.22002,-30.04126]},"properties":{"id":"FEPAM (RS):AI 183 (Proc. 002133-0567/17-1)","orgao":"FEPAM (RS)","uf":"RS","ano":2017,"categoria":"auto_infracao","tipo":"Auto de Infração — Administrativa","empresa":"Apm Comércio de Combustíveis E Lubrificantes - Eireli","municipio":"Porto Alegre","porte":null,"valor":null,"processo":"AI 183 (Proc. 002133-0567/17-1)","link_oficial":"https://sol.fepam.rs.gov.br/consulta/processo?termo=002133-0567/17-1","resumo":"Administrativa · Julgamento: Procedente · Multa: R$ 1824 · Deixar de atender as exigências legais ou regulamentadas no prazo concedido quando devidamente notifi","aprox":true}},{"type":"Feature","geometry":{"type":"Point","coordinates":[-51.22002,-30.04126]},"properties":{"id":"FEPAM (RS):AI 183 (Proc. 002133-0567/17-1)","orgao":"FEPAM (RS)","uf":"RS","ano":2017,"categoria":"auto_infracao","tipo":"Auto de Infração — Administrativa","empresa":"Apm Comércio de Combustíveis E Lubrificantes - Eireli","municipio":"Porto Alegre","porte":null,"valor":null,"processo":"AI 183 (Proc. 002133-0567/17-1)","link_oficial":"https://sol.fepam.rs.gov.br/consulta/processo?termo=002133-0567/17-1","resumo":"Administrativa · Julgamento: Procedente · Multa: R$ 1824 · Deixar de atender as exigências legais ou regulamentadas no prazo concedido quando devidamente notifi","aprox":true}},{"type":"Feature","geometry":{"type":"Point","coordinates":[-51.69916,-29.94874]},"properties":{"id":"FEPAM (RS):AI 184 (Proc. 002137-0567/17-2)","orgao":"FEPAM (RS)","uf":"RS","ano":2017,"categoria":"auto_infracao","tipo":"Auto de Infração — Poluição","empresa":"Miguel Oliveira Alves - Me","municipio":"Triunfo","porte":null,"valor":null,"processo":"AI 184 (Proc. 002137-0567/17-2)","link_oficial":"https://sol.fepam.rs.gov.br/consulta/processo?termo=002137-0567/17-2","resumo":"Poluição · Julgamento: Procedente · Multa: R$ 5500 · Operação de atividade industrial potencialmente poluidora (Fabricação, montagem e reparação de embarcações ","aprox":true}},{"type":"Feature","geometry":{"type":"Point","coordinates":[-51.69916,-29.94874]},"properties":{"id":"FEPAM (RS):AI 184 (Proc. 002137-0567/17-2)","orgao":"FEPAM (RS)","uf":"RS","ano":2017,"categoria":"auto_infracao","tipo":"Auto de Infração — Poluição","empresa":"Miguel Oliveira Alves - Me","municipio":"Triunfo","porte":null,"valor":null,"processo":"AI 184 (Proc. 002137-0567/17-2)","link_oficial":"https://sol.fepam.rs.gov.br/consulta/processo?termo=002137-0567/17-2","resumo":"Poluição · Julgamento: Procedente · Multa: R$ 5500 · Operação de atividade industrial potencialmente poluidora (Fabricação, montagem e reparação de embarcações ","aprox":true}},{"type":"Feature","geometry":{"type":"Point","coordinates":[-53.55669,-30.14865]},"properties":{"id":"FEPAM (RS):AI 185 (Proc. 002157-0567/17-6)","orgao":"FEPAM (RS)","uf":"RS","ano":2017,"categoria":"auto_infracao","tipo":"Auto de Infração — Poluição","empresa":"Comercial de Combustíveis Santo Expedito Ltda","municipio":"São Sepé","porte":null,"valor":null,"processo":"AI 185 (Proc. 002157-0567/17-6)","link_oficial":"https://sol.fepam.rs.gov.br/consulta/processo?termo=002157-0567/17-6","resumo":"Poluição · Julgamento: Procedente · Multa: R$ 2419 · Realização da atividade de troca de óleo lubrificante sem autorização pelo Órgão Ambiental competente, conf","aprox":true}},{"type":"Feature","geometry":{"type":"Point","coordinates":[-53.55669,-30.14865]},"properties":{"id":"FEPAM (RS):AI 185 (Proc. 002157-0567/17-6)","orgao":"FEPAM (RS)","uf":"RS","ano":2017,"categoria":"auto_infracao","tipo":"Auto de Infração — Poluição","empresa":"Comercial de Combustíveis Santo Expedito Ltda","municipio":"São Sepé","porte":null,"valor":null,"processo":"AI 185 (Proc. 002157-0567/17-6)","link_oficial":"https://sol.fepam.rs.gov.br/consulta/processo?termo=002157-0567/17-6","resumo":"Poluição · Julgamento: Procedente · Multa: R$ 2419 · Realização da atividade de troca de óleo lubrificante sem autorização pelo Órgão Ambiental competente, conf","aprox":true}},{"type":"Feature","geometry":{"type":"Point","coordinates":[-51.06144,-28.96336]},"properties":{"id":"FEPAM (RS):AI 186 (Proc. 002158-0567/17-9)","orgao":"FEPAM (RS)","uf":"RS","ano":2017,"categoria":"auto_infracao","tipo":"Auto de Infração — Poluição","empresa":"Irmaos Molon Ltda","municipio":"São Marcos","porte":null,"valor":null,"processo":"AI 186 (Proc. 002158-0567/17-9)","link_oficial":"https://sol.fepam.rs.gov.br/consulta/processo?termo=002158-0567/17-9","resumo":"Poluição · Julgamento: Prescrito · Multa: R$ 8487 · Emissão de material particulado visível para a atmosfera e armazenamento inadequado das cinzas da caldeira, ","aprox":true}},{"type":"Feature","geometry":{"type":"Point","coordinates":[-51.06144,-28.96336]},"properties":{"id":"FEPAM (RS):AI 186 (Proc. 002158-0567/17-9)","orgao":"FEPAM (RS)","uf":"RS","ano":2017,"categoria":"auto_infracao","tipo":"Auto de Infração — Poluição","empresa":"Irmaos Molon Ltda","municipio":"São Marcos","porte":null,"valor":null,"processo":"AI 186 (Proc. 002158-0567/17-9)","link_oficial":"https://sol.fepam.rs.gov.br/consulta/processo?termo=002158-0567/17-9","resumo":"Poluição · Julgamento: Prescrito · Multa: R$ 8487 · Emissão de material particulado visível para a atmosfera e armazenamento inadequado das cinzas da caldeira, ","aprox":true}},{"type":"Feature","geometry":{"type":"Point","coordinates":[-53.91196,-28.37461]},"properties":{"id":"FEPAM (RS):AI 187 (Proc. 002159-0567/17-1)","orgao":"FEPAM (RS)","uf":"RS","ano":2017,"categoria":"auto_infracao","tipo":"Auto de Infração — Poluição","empresa":"Lactalis do Brasil - Comercio, Importacao E Exportacao de Laticinios Ltda","municipio":"Ijuí","porte":null,"valor":null,"processo":"AI 187 (Proc. 002159-0567/17-1)","link_oficial":"https://sol.fepam.rs.gov.br/consulta/processo?termo=002159-0567/17-1","resumo":"Poluição · Julgamento: Procedente Por Pagamento · Multa: R$ 4243 · Instalação de equipamentos (sistema de transporte pneumático para composto lácteo, objeto da ","aprox":true}},{"type":"Feature","geometry":{"type":"Point","coordinates":[-53.91196,-28.37461]},"properties":{"id":"FEPAM (RS):AI 187 (Proc. 002159-0567/17-1)","orgao":"FEPAM (RS)","uf":"RS","ano":2017,"categoria":"auto_infracao","tipo":"Auto de Infração — Poluição","empresa":"Lactalis do Brasil - Comercio, Importacao E Exportacao de Laticinios Ltda","municipio":"Ijuí","porte":null,"valor":null,"processo":"AI 187 (Proc. 002159-0567/17-1)","link_oficial":"https://sol.fepam.rs.gov.br/consulta/processo?termo=002159-0567/17-1","resumo":"Poluição · Julgamento: Procedente Por Pagamento · Multa: R$ 4243 · Instalação de equipamentos (sistema de transporte pneumático para composto lácteo, objeto da ","aprox":true}},{"type":"Feature","geometry":{"type":"Point","coordinates":[-51.19081,-29.02014]},"properties":{"id":"FEPAM (RS):AI 188 (Proc. 002160-0567/17-9)","orgao":"FEPAM (RS)","uf":"RS","ano":2017,"categoria":"auto_infracao","tipo":"Auto de Infração — Administrativa","empresa":"Magecor Pintura Eletrostatica Ltda","municipio":"Flores da Cunha","porte":null,"valor":null,"processo":"AI 188 (Proc. 002160-0567/17-9)","link_oficial":"https://sol.fepam.rs.gov.br/consulta/processo?termo=002160-0567/17-9","resumo":"Administrativa · Julgamento: Procedente · Operação de atividade industrial potencialmente poluidora (Serviços de pintura eletrostática em alumínio), sem a licen","aprox":true}},{"type":"Feature","geometry":{"type":"Point","coordinates":[-51.19081,-29.02014]},"properties":{"id":"FEPAM (RS):AI 188 (Proc. 002160-0567/17-9)","orgao":"FEPAM (RS)","uf":"RS","ano":2017,"categoria":"auto_infracao","tipo":"Auto de Infração — Administrativa","empresa":"Magecor Pintura Eletrostatica Ltda","municipio":"Flores da Cunha","porte":null,"valor":null,"processo":"AI 188 (Proc. 002160-0567/17-9)","link_oficial":"https://sol.fepam.rs.gov.br/consulta/processo?termo=002160-0567/17-9","resumo":"Administrativa · Julgamento: Procedente · Operação de atividade industrial potencialmente poluidora (Serviços de pintura eletrostática em alumínio), sem a licen","aprox":true}},{"type":"Feature","geometry":{"type":"Point","coordinates":[-51.60258,-30.44899]},"properties":{"id":"FEPAM (RS):AI 189 (Proc. 002164-0567/17-1)","orgao":"FEPAM (RS)","uf":"RS","ano":2017,"categoria":"auto_infracao","tipo":"Auto de Infração — Flora","empresa":"Vanderlei Luis Wildner","municipio":"Sertão Santana","porte":null,"valor":null,"processo":"AI 189 (Proc. 002164-0567/17-1)","link_oficial":"https://sol.fepam.rs.gov.br/consulta/processo?termo=002164-0567/17-1","resumo":"Flora · Julgamento: Anulado · Multa: R$ 3803 · Ampliação do porte do empreendimento sem autorização do Órgão Ambiental competente (empreendedor tinha Licença pa","aprox":true}},{"type":"Feature","geometry":{"type":"Point","coordinates":[-51.60258,-30.44899]},"properties":{"id":"FEPAM (RS):AI 189 (Proc. 002164-0567/17-1)","orgao":"FEPAM (RS)","uf":"RS","ano":2017,"categoria":"auto_infracao","tipo":"Auto de Infração — Poluição","empresa":"Vanderlei Luis Wildner","municipio":"Sertão Santana","porte":null,"valor":null,"processo":"AI 189 (Proc. 002164-0567/17-1)","link_oficial":"https://sol.fepam.rs.gov.br/consulta/processo?termo=002164-0567/17-1","resumo":"Poluição · Julgamento: Anulado · Multa: R$ 3803 · Ampliação do porte do empreendimento sem autorização do Órgão Ambiental competente (empreendedor tinha Licença","aprox":true}},{"type":"Feature","geometry":{"type":"Point","coordinates":[-51.19877,-29.64823]},"properties":{"id":"FEPAM (RS):AI 190 (Proc. 002179-0567/17-5)","orgao":"FEPAM (RS)","uf":"RS","ano":2017,"categoria":"auto_infracao","tipo":"Auto de Infração — Poluição","empresa":"Dimel Materiais de Embalagem Ltda","municipio":"Estância Velha","porte":null,"valor":null,"processo":"AI 190 (Proc. 002179-0567/17-5)","link_oficial":"https://sol.fepam.rs.gov.br/consulta/processo?termo=002179-0567/17-5","resumo":"Poluição · Julgamento: Procedente · Operação de empreendimento com potencial altamente poluidor (Confecção de Material Impresso), sem licenciamento junto ao Órg","aprox":true}},{"type":"Feature","geometry":{"type":"Point","coordinates":[-51.19877,-29.64823]},"properties":{"id":"FEPAM (RS):AI 190 (Proc. 002179-0567/17-5)","orgao":"FEPAM (RS)","uf":"RS","ano":2017,"categoria":"auto_infracao","tipo":"Auto de Infração — Poluição","empresa":"Dimel Materiais de Embalagem Ltda","municipio":"Estância Velha","porte":null,"valor":null,"processo":"AI 190 (Proc. 002179-0567/17-5)","link_oficial":"https://sol.fepam.rs.gov.br/consulta/processo?termo=002179-0567/17-5","resumo":"Poluição · Julgamento: Procedente · Operação de empreendimento com potencial altamente poluidor (Confecção de Material Impresso), sem licenciamento junto ao Órg","aprox":true}},{"type":"Feature","geometry":{"type":"Point","coordinates":[-51.10016,-29.96364]},"properties":{"id":"FEPAM (RS):AI 191 (Proc. 002192-0567/17-1)","orgao":"FEPAM (RS)","uf":"RS","ano":2017,"categoria":"auto_infracao","tipo":"Auto de Infração — Poluição","empresa":"Frigelar Comércio E Industria Ltda","municipio":"Cachoeirinha","porte":null,"valor":null,"processo":"AI 191 (Proc. 002192-0567/17-1)","link_oficial":"https://sol.fepam.rs.gov.br/consulta/processo?termo=002192-0567/17-1","resumo":"Poluição · Julgamento: Procedente · Multa: R$ 2419 · Implantação e operação de atividade potencialmente poluidora sem o devido licenciamento junto ao Órgão Ambi","aprox":true}},{"type":"Feature","geometry":{"type":"Point","coordinates":[-51.10016,-29.96364]},"properties":{"id":"FEPAM (RS):AI 191 (Proc. 002192-0567/17-1)","orgao":"FEPAM (RS)","uf":"RS","ano":2017,"categoria":"auto_infracao","tipo":"Auto de Infração — Poluição","empresa":"Frigelar Comércio E Industria Ltda","municipio":"Cachoeirinha","porte":null,"valor":null,"processo":"AI 191 (Proc. 002192-0567/17-1)","link_oficial":"https://sol.fepam.rs.gov.br/consulta/processo?termo=002192-0567/17-1","resumo":"Poluição · Julgamento: Procedente · Multa: R$ 2419 · Implantação e operação de atividade potencialmente poluidora sem o devido licenciamento junto ao Órgão Ambi","aprox":true}},{"type":"Feature","geometry":{"type":"Point","coordinates":[-52.10365,-29.37356]},"properties":{"id":"FEPAM (RS):AI 192 (Proc. 002194-0567/17-5)","orgao":"FEPAM (RS)","uf":"RS","ano":2017,"categoria":"auto_infracao","tipo":"Auto de Infração — Poluição","empresa":"Municipio de Forquetinha","municipio":"Forquetinha","porte":null,"valor":null,"processo":"AI 192 (Proc. 002194-0567/17-5)","link_oficial":"https://sol.fepam.rs.gov.br/consulta/processo?termo=002194-0567/17-5","resumo":"Poluição · Julgamento: Anulado · Multa: R$ 1171 · Instalação de empreendimento potencialmente poluidor (britagem, objeto da análise prévia do processo administr","aprox":true}},{"type":"Feature","geometry":{"type":"Point","coordinates":[-51.97596,-29.47624]},"properties":{"id":"FEPAM (RS):AI 193 (Proc. 002207-0567/17-5)","orgao":"FEPAM (RS)","uf":"RS","ano":2017,"categoria":"auto_infracao","tipo":"Auto de Infração — Poluição","empresa":"Industria de Vinagres Prinz Ltda","municipio":"Lajeado","porte":null,"valor":null,"processo":"AI 193 (Proc. 002207-0567/17-5)","link_oficial":"https://sol.fepam.rs.gov.br/consulta/processo?termo=002207-0567/17-5","resumo":"Poluição · Julgamento: Procedente · Multa: R$ 2419 · Instalação de poço tubular profundo, objeto da análise prévia de viabilidade ambiental para instalação e po","aprox":true}},{"type":"Feature","geometry":{"type":"Point","coordinates":[-51.97596,-29.47624]},"properties":{"id":"FEPAM (RS):AI 193 (Proc. 002207-0567/17-5)","orgao":"FEPAM (RS)","uf":"RS","ano":2017,"categoria":"auto_infracao","tipo":"Auto de Infração — Poluição","empresa":"Industria de Vinagres Prinz Ltda","municipio":"Lajeado","porte":null,"valor":null,"processo":"AI 193 (Proc. 002207-0567/17-5)","link_oficial":"https://sol.fepam.rs.gov.br/consulta/processo?termo=002207-0567/17-5","resumo":"Poluição · Julgamento: Procedente · Multa: R$ 2419 · Instalação de poço tubular profundo, objeto da análise prévia de viabilidade ambiental para instalação e po","aprox":true}},{"type":"Feature","geometry":{"type":"Point","coordinates":[-50.02158,-29.77979]},"properties":{"id":"FEPAM (RS):AI 194 (Proc. 002226-0567/17-6)","orgao":"FEPAM (RS)","uf":"RS","ano":2017,"categoria":"auto_infracao","tipo":"Auto de Infração — Administrativa","empresa":"Lopes & Lopes - Comércio de Combustíveis Ltda.","municipio":"Capão da Canoa","porte":null,"valor":null,"processo":"AI 194 (Proc. 002226-0567/17-6)","link_oficial":"https://sol.fepam.rs.gov.br/consulta/processo?termo=002226-0567/17-6","resumo":"Administrativa · Julgamento: Procedente · Multa: R$ 2419 · Manter canaletas de drenagem da pista danificadas e sem manutenção; pista de abastecimento deteriorad","aprox":true}},{"type":"Feature","geometry":{"type":"Point","coordinates":[-50.02158,-29.77979]},"properties":{"id":"FEPAM (RS):AI 194 (Proc. 002226-0567/17-6)","orgao":"FEPAM (RS)","uf":"RS","ano":2017,"categoria":"auto_infracao","tipo":"Auto de Infração — Administrativa","empresa":"Lopes & Lopes - Comércio de Combustíveis Ltda.","municipio":"Capão da Canoa","porte":null,"valor":null,"processo":"AI 194 (Proc. 002226-0567/17-6)","link_oficial":"https://sol.fepam.rs.gov.br/consulta/processo?termo=002226-0567/17-6","resumo":"Administrativa · Julgamento: Procedente · Multa: R$ 2419 · Manter canaletas de drenagem da pista danificadas e sem manutenção; pista de abastecimento deteriorad","aprox":true}},{"type":"Feature","geometry":{"type":"Point","coordinates":[-51.51068,-29.1459]},"properties":{"id":"FEPAM (RS):AI 195 (Proc. 002227-0567/17-9)","orgao":"FEPAM (RS)","uf":"RS","ano":2017,"categoria":"auto_infracao","tipo":"Auto de Infração — Poluição","empresa":"Fundimec Fundicao E Metalurgia Ltda","municipio":"Bento Gonçalves","porte":null,"valor":null,"processo":"AI 195 (Proc. 002227-0567/17-9)","link_oficial":"https://sol.fepam.rs.gov.br/consulta/processo?termo=002227-0567/17-9","resumo":"Poluição · Julgamento: Procedente · Multa: R$ 2515 · Implantação do processo de polimento sem o prévio licenciamento junto ao Órgão Ambiental competente; e arma","aprox":true}},{"type":"Feature","geometry":{"type":"Point","coordinates":[-51.51068,-29.1459]},"properties":{"id":"FEPAM (RS):AI 195 (Proc. 002227-0567/17-9)","orgao":"FEPAM (RS)","uf":"RS","ano":2017,"categoria":"auto_infracao","tipo":"Auto de Infração — Poluição","empresa":"Fundimec Fundicao E Metalurgia Ltda","municipio":"Bento Gonçalves","porte":null,"valor":null,"processo":"AI 195 (Proc. 002227-0567/17-9)","link_oficial":"https://sol.fepam.rs.gov.br/consulta/processo?termo=002227-0567/17-9","resumo":"Poluição · Julgamento: Procedente · Multa: R$ 2515 · Implantação do processo de polimento sem o prévio licenciamento junto ao Órgão Ambiental competente; e arma","aprox":true}},{"type":"Feature","geometry":{"type":"Point","coordinates":[-51.14667,-29.6931]},"properties":{"id":"FEPAM (RS):AI 196 (Proc. 002240-0567/17-3)","orgao":"FEPAM (RS)","uf":"RS","ano":2017,"categoria":"auto_infracao","tipo":"Auto de Infração — Poluição","empresa":"Minas Riograndense Ind E Com de Metais Ltda","municipio":"Novo Hamburgo","porte":null,"valor":null,"processo":"AI 196 (Proc. 002240-0567/17-3)","link_oficial":"https://sol.fepam.rs.gov.br/consulta/processo?termo=002240-0567/17-3","resumo":"Poluição · Julgamento: Procedente · Multa: R$ 3379 · Apresentar documentação incompleta quanto as emissões atmosféricas; e não preencher a \"Planilha de Geração ","aprox":true}},{"type":"Feature","geometry":{"type":"Point","coordinates":[-51.14667,-29.6931]},"properties":{"id":"FEPAM (RS):AI 196 (Proc. 002240-0567/17-3)","orgao":"FEPAM (RS)","uf":"RS","ano":2017,"categoria":"auto_infracao","tipo":"Auto de Infração — Poluição","empresa":"Minas Riograndense Ind E Com de Metais Ltda","municipio":"Novo Hamburgo","porte":null,"valor":null,"processo":"AI 196 (Proc. 002240-0567/17-3)","link_oficial":"https://sol.fepam.rs.gov.br/consulta/processo?termo=002240-0567/17-3","resumo":"Poluição · Julgamento: Procedente · Multa: R$ 3379 · Apresentar documentação incompleta quanto as emissões atmosféricas; e não preencher a \"Planilha de Geração ","aprox":true}},{"type":"Feature","geometry":{"type":"Point","coordinates":[-52.03584,-32.01594]},"properties":{"id":"FEPAM (RS):AI 197 (Proc. 002241-0567/17-6)","orgao":"FEPAM (RS)","uf":"RS","ano":2017,"categoria":"auto_infracao","tipo":"Auto de Infração — Poluição","empresa":"Estaleiros do Brasil Ltda","municipio":"São José do Norte","porte":null,"valor":null,"processo":"AI 197 (Proc. 002241-0567/17-6)","link_oficial":"https://sol.fepam.rs.gov.br/consulta/processo?termo=002241-0567/17-6","resumo":"Poluição · Julgamento: Improcedente · Multa: R$ 10215 · Não cumprimento dos prazos estabelecidos para a pavimentação asfáltica da Avenida Perimetral, conforme c","aprox":true}},{"type":"Feature","geometry":{"type":"Point","coordinates":[-50.52919,-30.24509]},"properties":{"id":"FEPAM (RS):AI 198 (Proc. 002242-0567/17-9)","orgao":"FEPAM (RS)","uf":"RS","ano":2017,"categoria":"auto_infracao","tipo":"Auto de Infração — Poluição","empresa":"Cerealista Ff Jacques A Ltda","municipio":"Palmares do Sul","porte":null,"valor":null,"processo":"AI 198 (Proc. 002242-0567/17-9)","link_oficial":"https://sol.fepam.rs.gov.br/consulta/processo?termo=002242-0567/17-9","resumo":"Poluição · Julgamento: Procedente · Multa: R$ 1500 · Implantação de novos equipamentos e aumento da área útil construída, sem o prévio licenciamento junto ao Ór","aprox":true}},{"type":"Feature","geometry":{"type":"Point","coordinates":[-50.52919,-30.24509]},"properties":{"id":"FEPAM (RS):AI 198 (Proc. 002242-0567/17-9)","orgao":"FEPAM (RS)","uf":"RS","ano":2017,"categoria":"auto_infracao","tipo":"Auto de Infração — Poluição","empresa":"Cerealista Ff Jacques A Ltda","municipio":"Palmares do Sul","porte":null,"valor":null,"processo":"AI 198 (Proc. 002242-0567/17-9)","link_oficial":"https://sol.fepam.rs.gov.br/consulta/processo?termo=002242-0567/17-9","resumo":"Poluição · Julgamento: Procedente · Multa: R$ 1500 · Implantação de novos equipamentos e aumento da área útil construída, sem o prévio licenciamento junto ao Ór","aprox":true}},{"type":"Feature","geometry":{"type":"Point","coordinates":[-53.14729,-29.1632]},"properties":{"id":"FEPAM (RS):AI 199 (Proc. 002936-0567/17-5)","orgao":"FEPAM (RS)","uf":"RS","ano":2017,"categoria":"auto_infracao","tipo":"Auto de Infração — Flora","empresa":"Tarcisio Arcangelo Somavilla","municipio":"Estrela Velha","porte":null,"valor":null,"processo":"AI 199 (Proc. 002936-0567/17-5)","link_oficial":"https://sol.fepam.rs.gov.br/consulta/processo?termo=002936-0567/17-5","resumo":"Flora · Julgamento: Não Julgado · Multa: R$ 6000 · Supressão de vegetação em estágio médio sem licenciamento florestal junto ao Órgão Ambiental competente, incl","aprox":true}},{"type":"Feature","geometry":{"type":"Point","coordinates":[-53.14729,-29.1632]},"properties":{"id":"FEPAM (RS):AI 199 (Proc. 002936-0567/17-5)","orgao":"FEPAM (RS)","uf":"RS","ano":2017,"categoria":"auto_infracao","tipo":"Auto de Infração — Flora","empresa":"Tarcisio Arcangelo Somavilla","municipio":"Estrela Velha","porte":null,"valor":null,"processo":"AI 199 (Proc. 002936-0567/17-5)","link_oficial":"https://sol.fepam.rs.gov.br/consulta/processo?termo=002936-0567/17-5","resumo":"Flora · Julgamento: Não Julgado · Multa: R$ 6000 · Supressão de vegetação em estágio médio sem licenciamento florestal junto ao Órgão Ambiental competente, incl","aprox":true}},{"type":"Feature","geometry":{"type":"Point","coordinates":[-51.51319,-29.17242]},"properties":{"id":"FEPAM (RS):AI 200 (Proc. 002243-0567/17-1)","orgao":"FEPAM (RS)","uf":"RS","ano":2017,"categoria":"auto_infracao","tipo":"Auto de Infração — Poluição","empresa":"Dal Mobile Ltda","municipio":"Bento Gonçalves","porte":null,"valor":null,"processo":"AI 200 (Proc. 002243-0567/17-1)","link_oficial":"https://sol.fepam.rs.gov.br/consulta/processo?termo=002243-0567/17-1","resumo":"Poluição · Julgamento: Procedente · Implantação de equipamentos sem o prévio licenciamento junto ao Órgão Ambiental competente, descumprindo o item 1.6 da Licen","aprox":true}},{"type":"Feature","geometry":{"type":"Point","coordinates":[-51.51319,-29.17242]},"properties":{"id":"FEPAM (RS):AI 200 (Proc. 002243-0567/17-1)","orgao":"FEPAM (RS)","uf":"RS","ano":2017,"categoria":"auto_infracao","tipo":"Auto de Infração — Poluição","empresa":"Dal Mobile Ltda","municipio":"Bento Gonçalves","porte":null,"valor":null,"processo":"AI 200 (Proc. 002243-0567/17-1)","link_oficial":"https://sol.fepam.rs.gov.br/consulta/processo?termo=002243-0567/17-1","resumo":"Poluição · Julgamento: Procedente · Implantação de equipamentos sem o prévio licenciamento junto ao Órgão Ambiental competente, descumprindo o item 1.6 da Licen","aprox":true}},{"type":"Feature","geometry":{"type":"Point","coordinates":[-52.04757,-32.02037]},"properties":{"id":"FEPAM (RS):AI 201 (Proc. 002245-0567/17-7)","orgao":"FEPAM (RS)","uf":"RS","ano":2017,"categoria":"auto_infracao","tipo":"Auto de Infração — Poluição","empresa":"Estaleiros do Brasil Ltda","municipio":"São José do Norte","porte":null,"valor":null,"processo":"AI 201 (Proc. 002245-0567/17-7)","link_oficial":"https://sol.fepam.rs.gov.br/consulta/processo?termo=002245-0567/17-7","resumo":"Poluição · Julgamento: Procedente · Multa: R$ 10215 · Não cumprimento dos prazos estabelecidos para a pavimentação asfáltica da Avenida Perimetral, conforme cro","aprox":true}},{"type":"Feature","geometry":{"type":"Point","coordinates":[-52.04757,-32.02037]},"properties":{"id":"FEPAM (RS):AI 201 (Proc. 002245-0567/17-7)","orgao":"FEPAM (RS)","uf":"RS","ano":2017,"categoria":"auto_infracao","tipo":"Auto de Infração — Poluição","empresa":"Estaleiros do Brasil Ltda","municipio":"São José do Norte","porte":null,"valor":null,"processo":"AI 201 (Proc. 002245-0567/17-7)","link_oficial":"https://sol.fepam.rs.gov.br/consulta/processo?termo=002245-0567/17-7","resumo":"Poluição · Julgamento: Procedente · Multa: R$ 10215 · Não cumprimento dos prazos estabelecidos para a pavimentação asfáltica da Avenida Perimetral, conforme cro","aprox":true}},{"type":"Feature","geometry":{"type":"Point","coordinates":[-54.96161,-28.41431]},"properties":{"id":"FEPAM (RS):AI 202 (Proc. 002264-0567/17-8)","orgao":"FEPAM (RS)","uf":"RS","ano":2017,"categoria":"auto_infracao","tipo":"Auto de Infração — Flora","empresa":"Thiago Bellé","municipio":"São Luiz Gonzaga","porte":null,"valor":null,"processo":"AI 202 (Proc. 002264-0567/17-8)","link_oficial":"https://sol.fepam.rs.gov.br/consulta/processo?termo=002264-0567/17-8","resumo":"Flora · Julgamento: Procedente · Multa: R$ 84692 · Supressão de vegetação nativa herbácea campestre típica do Bioma Pampa, sem o devido licenciamento junto ao Ó","aprox":true}},{"type":"Feature","geometry":{"type":"Point","coordinates":[-54.96161,-28.41431]},"properties":{"id":"FEPAM (RS):AI 202 (Proc. 002264-0567/17-8)","orgao":"FEPAM (RS)","uf":"RS","ano":2017,"categoria":"auto_infracao","tipo":"Auto de Infração — Flora","empresa":"Thiago Bellé","municipio":"São Luiz Gonzaga","porte":null,"valor":null,"processo":"AI 202 (Proc. 002264-0567/17-8)","link_oficial":"https://sol.fepam.rs.gov.br/consulta/processo?termo=002264-0567/17-8","resumo":"Flora · Julgamento: Procedente · Multa: R$ 84692 · Supressão de vegetação nativa herbácea campestre típica do Bioma Pampa, sem o devido licenciamento junto ao Ó","aprox":true}},{"type":"Feature","geometry":{"type":"Point","coordinates":[-54.94294,-28.40596]},"properties":{"id":"FEPAM (RS):AI 203 (Proc. 002268-0567/17-9)","orgao":"FEPAM (RS)","uf":"RS","ano":2017,"categoria":"auto_infracao","tipo":"Auto de Infração — Poluição","empresa":"Rogerio Loureiro Lopes & Cia Ltda - Me","municipio":"São Luiz Gonzaga","porte":null,"valor":null,"processo":"AI 203 (Proc. 002268-0567/17-9)","link_oficial":"https://sol.fepam.rs.gov.br/consulta/processo?termo=002268-0567/17-9","resumo":"Poluição · Julgamento: Procedente · Multa: R$ 4531 · Armazenamento de agrotóxicos fora da área construída licenciada (galpão), com potencial risco a saúde, onde","aprox":true}},{"type":"Feature","geometry":{"type":"Point","coordinates":[-54.94294,-28.40596]},"properties":{"id":"FEPAM (RS):AI 203 (Proc. 002268-0567/17-9)","orgao":"FEPAM (RS)","uf":"RS","ano":2017,"categoria":"auto_infracao","tipo":"Auto de Infração — Poluição","empresa":"Rogerio Loureiro Lopes & Cia Ltda - Me","municipio":"São Luiz Gonzaga","porte":null,"valor":null,"processo":"AI 203 (Proc. 002268-0567/17-9)","link_oficial":"https://sol.fepam.rs.gov.br/consulta/processo?termo=002268-0567/17-9","resumo":"Poluição · Julgamento: Procedente · Multa: R$ 4531 · Armazenamento de agrotóxicos fora da área construída licenciada (galpão), com potencial risco a saúde, onde","aprox":true}},{"type":"Feature","geometry":{"type":"Point","coordinates":[-52.08891,-32.04012]},"properties":{"id":"FEPAM (RS):AI 204 (Proc. 002270-0567/17-9)","orgao":"FEPAM (RS)","uf":"RS","ano":2017,"categoria":"auto_infracao","tipo":"Auto de Infração — Poluição","empresa":"Navegacao Guarita S.a.","municipio":"Rio Grande","porte":null,"valor":null,"processo":"AI 204 (Proc. 002270-0567/17-9)","link_oficial":"https://sol.fepam.rs.gov.br/consulta/processo?termo=002270-0567/17-9","resumo":"Poluição · Julgamento: Procedente · Multa: R$ 31368 · Vazamento de Benzeno (Nº ONU 1114, Classe 3, Líquido Inflamável e Classe de Risco 33), com potencial risco","aprox":true}},{"type":"Feature","geometry":{"type":"Point","coordinates":[-52.08891,-32.04012]},"properties":{"id":"FEPAM (RS):AI 204 (Proc. 002270-0567/17-9)","orgao":"FEPAM (RS)","uf":"RS","ano":2017,"categoria":"auto_infracao","tipo":"Auto de Infração — Poluição","empresa":"Navegacao Guarita S.a.","municipio":"Rio Grande","porte":null,"valor":null,"processo":"AI 204 (Proc. 002270-0567/17-9)","link_oficial":"https://sol.fepam.rs.gov.br/consulta/processo?termo=002270-0567/17-9","resumo":"Poluição · Julgamento: Procedente · Multa: R$ 31368 · Vazamento de Benzeno (Nº ONU 1114, Classe 3, Líquido Inflamável e Classe de Risco 33), com potencial risco","aprox":true}},{"type":"Feature","geometry":{"type":"Point","coordinates":[-53.77239,-28.24016]},"properties":{"id":"FEPAM (RS):AI 205 (Proc. 002277-0567/17-8)","orgao":"FEPAM (RS)","uf":"RS","ano":2017,"categoria":"auto_infracao","tipo":"Auto de Infração — Poluição","empresa":"Agrodilmar Produtos Agricolas Ltda","municipio":"Ajuricaba","porte":null,"valor":null,"processo":"AI 205 (Proc. 002277-0567/17-8)","link_oficial":"https://sol.fepam.rs.gov.br/consulta/processo?termo=002277-0567/17-8","resumo":"Poluição · Julgamento: Procedente · Multa: R$ 500 · Armazenagem irregular de agrotóxicos, fora do local licenciado na área construída (galpão), onde o depósito ","aprox":true}},{"type":"Feature","geometry":{"type":"Point","coordinates":[-53.77239,-28.24016]},"properties":{"id":"FEPAM (RS):AI 205 (Proc. 002277-0567/17-8)","orgao":"FEPAM (RS)","uf":"RS","ano":2017,"categoria":"auto_infracao","tipo":"Auto de Infração — Poluição","empresa":"Agrodilmar Produtos Agricolas Ltda","municipio":"Ajuricaba","porte":null,"valor":null,"processo":"AI 205 (Proc. 002277-0567/17-8)","link_oficial":"https://sol.fepam.rs.gov.br/consulta/processo?termo=002277-0567/17-8","resumo":"Poluição · Julgamento: Procedente · Multa: R$ 500 · Armazenagem irregular de agrotóxicos, fora do local licenciado na área construída (galpão), onde o depósito ","aprox":true}},{"type":"Feature","geometry":{"type":"Point","coordinates":[-51.92572,-29.6014]},"properties":{"id":"FEPAM (RS):AI 206 (Proc. 002289-0567/17-5)","orgao":"FEPAM (RS)","uf":"RS","ano":2017,"categoria":"auto_infracao","tipo":"Auto de Infração — Administrativa","empresa":"Seara Alimentos Ltda","municipio":"Bom Retiro do Sul","porte":null,"valor":null,"processo":"AI 206 (Proc. 002289-0567/17-5)","link_oficial":"https://sol.fepam.rs.gov.br/consulta/processo?termo=002289-0567/17-5","resumo":"Administrativa · Julgamento: Procedente Por Pagamento · Multa: R$ 10041 · não atendimento a exigência nº 03, do Of. FEPAM/DIFISC nº 2251/2016, no prazo estabele","aprox":true}},{"type":"Feature","geometry":{"type":"Point","coordinates":[-51.92572,-29.6014]},"properties":{"id":"FEPAM (RS):AI 206 (Proc. 002289-0567/17-5)","orgao":"FEPAM (RS)","uf":"RS","ano":2017,"categoria":"auto_infracao","tipo":"Auto de Infração — Administrativa","empresa":"Seara Alimentos Ltda","municipio":"Bom Retiro do Sul","porte":null,"valor":null,"processo":"AI 206 (Proc. 002289-0567/17-5)","link_oficial":"https://sol.fepam.rs.gov.br/consulta/processo?termo=002289-0567/17-5","resumo":"Administrativa · Julgamento: Procedente Por Pagamento · Multa: R$ 10041 · não atendimento a exigência nº 03, do Of. FEPAM/DIFISC nº 2251/2016, no prazo estabele","aprox":true}},{"type":"Feature","geometry":{"type":"Point","coordinates":[-52.1137,-32.0349]},"properties":{"id":"FEPAM (RS):AI 207 (Proc. 002298-0567/17-4)","orgao":"FEPAM (RS)","uf":"RS","ano":2017,"categoria":"auto_infracao","tipo":"Auto de Infração — Poluição","empresa":"Braskem S/a","municipio":"Rio Grande","porte":null,"valor":null,"processo":"AI 207 (Proc. 002298-0567/17-4)","link_oficial":"https://sol.fepam.rs.gov.br/consulta/processo?termo=002298-0567/17-4","resumo":"Poluição · Julgamento: Procedente · Multa: R$ 37338 · Vazamento de Benzeno (Nº ONU 1114, Classe 3, Líquido Inflamável e Classe de Risco 33), com potencial risco","aprox":true}},{"type":"Feature","geometry":{"type":"Point","coordinates":[-52.1137,-32.0349]},"properties":{"id":"FEPAM (RS):AI 207 (Proc. 002298-0567/17-4)","orgao":"FEPAM (RS)","uf":"RS","ano":2017,"categoria":"auto_infracao","tipo":"Auto de Infração — Poluição","empresa":"Braskem S/a","municipio":"Rio Grande","porte":null,"valor":null,"processo":"AI 207 (Proc. 002298-0567/17-4)","link_oficial":"https://sol.fepam.rs.gov.br/consulta/processo?termo=002298-0567/17-4","resumo":"Poluição · Julgamento: Procedente · Multa: R$ 37338 · Vazamento de Benzeno (Nº ONU 1114, Classe 3, Líquido Inflamável e Classe de Risco 33), com potencial risco","aprox":true}},{"type":"Feature","geometry":{"type":"Point","coordinates":[-51.19219,-29.03531]},"properties":{"id":"FEPAM (RS):AI 208 (Proc. 002299-0567/17-7)","orgao":"FEPAM (RS)","uf":"RS","ano":2017,"categoria":"auto_infracao","tipo":"Auto de Infração — Administrativa","empresa":"Ville Decro Indústria de Móveis E Complementos Eirelli","municipio":"Flores da Cunha","porte":null,"valor":null,"processo":"AI 208 (Proc. 002299-0567/17-7)","link_oficial":"https://sol.fepam.rs.gov.br/consulta/processo?termo=002299-0567/17-7","resumo":"Administrativa · Julgamento: Procedente · Multa: R$ 500 · Ampliação do empreendimento (instalação de novos equipamentos) sem o prévio licenciamento junto ao Órg","aprox":true}},{"type":"Feature","geometry":{"type":"Point","coordinates":[-51.19219,-29.03531]},"properties":{"id":"FEPAM (RS):AI 208 (Proc. 002299-0567/17-7)","orgao":"FEPAM (RS)","uf":"RS","ano":2017,"categoria":"auto_infracao","tipo":"Auto de Infração — Administrativa","empresa":"Ville Decro Indústria de Móveis E Complementos Eirelli","municipio":"Flores da Cunha","porte":null,"valor":null,"processo":"AI 208 (Proc. 002299-0567/17-7)","link_oficial":"https://sol.fepam.rs.gov.br/consulta/processo?termo=002299-0567/17-7","resumo":"Administrativa · Julgamento: Procedente · Multa: R$ 500 · Ampliação do empreendimento (instalação de novos equipamentos) sem o prévio licenciamento junto ao Órg","aprox":true}},{"type":"Feature","geometry":{"type":"Point","coordinates":[-50.96073,-28.51442]},"properties":{"id":"FEPAM (RS):AI 209 (Proc. 002301-0567/17-7)","orgao":"FEPAM (RS)","uf":"RS","ano":2017,"categoria":"auto_infracao","tipo":"Auto de Infração — Poluição","empresa":"Ke Soja Comércio de Insumos E Maquinas Agricolas Ltda","municipio":"Vacaria","porte":null,"valor":null,"processo":"AI 209 (Proc. 002301-0567/17-7)","link_oficial":"https://sol.fepam.rs.gov.br/consulta/processo?termo=002301-0567/17-7","resumo":"Poluição · Julgamento: Procedente · Multa: R$ 6759 · Armazenamento de fertilizantes no depósito de agrotóxicos em operação, em desconformidade com o item 1.1 da","aprox":true}},{"type":"Feature","geometry":{"type":"Point","coordinates":[-50.96073,-28.51442]},"properties":{"id":"FEPAM (RS):AI 209 (Proc. 002301-0567/17-7)","orgao":"FEPAM (RS)","uf":"RS","ano":2017,"categoria":"auto_infracao","tipo":"Auto de Infração — Poluição","empresa":"Ke Soja Comércio de Insumos E Maquinas Agricolas Ltda","municipio":"Vacaria","porte":null,"valor":null,"processo":"AI 209 (Proc. 002301-0567/17-7)","link_oficial":"https://sol.fepam.rs.gov.br/consulta/processo?termo=002301-0567/17-7","resumo":"Poluição · Julgamento: Procedente · Multa: R$ 6759 · Armazenamento de fertilizantes no depósito de agrotóxicos em operação, em desconformidade com o item 1.1 da","aprox":true}},{"type":"Feature","geometry":{"type":"Point","coordinates":[-51.18788,-29.00432]},"properties":{"id":"FEPAM (RS):AI 210 (Proc. 002302-0567/17-1)","orgao":"FEPAM (RS)","uf":"RS","ano":2017,"categoria":"auto_infracao","tipo":"Auto de Infração — Poluição","empresa":"Jps Participacoes E Mineracao Ltda","municipio":"Flores da Cunha","porte":null,"valor":null,"processo":"AI 210 (Proc. 002302-0567/17-1)","link_oficial":"https://sol.fepam.rs.gov.br/consulta/processo?termo=002302-0567/17-1","resumo":"Poluição · Julgamento: Procedente Por Pagamento · Multa: R$ 3571 · Instalação do poço para lavra de água mineral subterrânea sem licenciamento junto ao Órgão Am","aprox":true}},{"type":"Feature","geometry":{"type":"Point","coordinates":[-51.18788,-29.00432]},"properties":{"id":"FEPAM (RS):AI 210 (Proc. 002302-0567/17-1)","orgao":"FEPAM (RS)","uf":"RS","ano":2017,"categoria":"auto_infracao","tipo":"Auto de Infração — Poluição","empresa":"Jps Participacoes E Mineracao Ltda","municipio":"Flores da Cunha","porte":null,"valor":null,"processo":"AI 210 (Proc. 002302-0567/17-1)","link_oficial":"https://sol.fepam.rs.gov.br/consulta/processo?termo=002302-0567/17-1","resumo":"Poluição · Julgamento: Procedente Por Pagamento · Multa: R$ 3571 · Instalação do poço para lavra de água mineral subterrânea sem licenciamento junto ao Órgão Am","aprox":true}},{"type":"Feature","geometry":{"type":"Point","coordinates":[-51.34212,-29.22273]},"properties":{"id":"FEPAM (RS):AI 211 (Proc. 002304-0567/17-5)","orgao":"FEPAM (RS)","uf":"RS","ano":2017,"categoria":"auto_infracao","tipo":"Auto de Infração — Poluição","empresa":"Agua Mineral Fontes de Vicenza Ltda","municipio":"Farroupilha","porte":null,"valor":null,"processo":"AI 211 (Proc. 002304-0567/17-5)","link_oficial":"https://sol.fepam.rs.gov.br/consulta/processo?termo=002304-0567/17-5","resumo":"Poluição · Julgamento: Procedente · Multa: R$ 1267 · Instalação de poço para lavra de água subterrânea sem licenciamento junto ao Órgão Ambiental competente.","aprox":true}},{"type":"Feature","geometry":{"type":"Point","coordinates":[-51.34212,-29.22273]},"properties":{"id":"FEPAM (RS):AI 211 (Proc. 002304-0567/17-5)","orgao":"FEPAM (RS)","uf":"RS","ano":2017,"categoria":"auto_infracao","tipo":"Auto de Infração — Poluição","empresa":"Agua Mineral Fontes de Vicenza Ltda","municipio":"Farroupilha","porte":null,"valor":null,"processo":"AI 211 (Proc. 002304-0567/17-5)","link_oficial":"https://sol.fepam.rs.gov.br/consulta/processo?termo=002304-0567/17-5","resumo":"Poluição · Julgamento: Procedente · Multa: R$ 1267 · Instalação de poço para lavra de água subterrânea sem licenciamento junto ao Órgão Ambiental competente.","aprox":true}},{"type":"Feature","geometry":{"type":"Point","coordinates":[-51.52,-29.16434]},"properties":{"id":"FEPAM (RS):AI 212 (Proc. 002312-0567/17-1)","orgao":"FEPAM (RS)","uf":"RS","ano":2017,"categoria":"auto_infracao","tipo":"Auto de Infração — Poluição","empresa":"Destilaria Busnello Ltda","municipio":"Bento Gonçalves","porte":null,"valor":null,"processo":"AI 212 (Proc. 002312-0567/17-1)","link_oficial":"https://sol.fepam.rs.gov.br/consulta/processo?termo=002312-0567/17-1","resumo":"Poluição · Julgamento: Prescrito · Multa: R$ 3379 · Realizar ampliação da atividade produtiva sem licenciamento do Órgão Ambiental competente.","aprox":true}},{"type":"Feature","geometry":{"type":"Point","coordinates":[-51.52,-29.16434]},"properties":{"id":"FEPAM (RS):AI 212 (Proc. 002312-0567/17-1)","orgao":"FEPAM (RS)","uf":"RS","ano":2017,"categoria":"auto_infracao","tipo":"Auto de Infração — Poluição","empresa":"Destilaria Busnello Ltda","municipio":"Bento Gonçalves","porte":null,"valor":null,"processo":"AI 212 (Proc. 002312-0567/17-1)","link_oficial":"https://sol.fepam.rs.gov.br/consulta/processo?termo=002312-0567/17-1","resumo":"Poluição · Julgamento: Prescrito · Multa: R$ 3379 · Realizar ampliação da atividade produtiva sem licenciamento do Órgão Ambiental competente.","aprox":true}},{"type":"Feature","geometry":{"type":"Point","coordinates":[-55.53875,-30.87682]},"properties":{"id":"FEPAM (RS):AI 213 (Proc. 002332-0567/17-5)","orgao":"FEPAM (RS)","uf":"RS","ano":2017,"categoria":"auto_infracao","tipo":"Auto de Infração — Poluição","empresa":"Staevie Cia Ltda","municipio":"Santana do Livramento","porte":null,"valor":null,"processo":"AI 213 (Proc. 002332-0567/17-5)","link_oficial":"https://sol.fepam.rs.gov.br/consulta/processo?termo=002332-0567/17-5","resumo":"Poluição · Julgamento: Procedente · Multa: R$ 9310 · Manutenção inadequada das caixas separadoras de água e óleo instaladas no empreendimento; armazenamento ina","aprox":true}},{"type":"Feature","geometry":{"type":"Point","coordinates":[-55.53875,-30.87682]},"properties":{"id":"FEPAM (RS):AI 213 (Proc. 002332-0567/17-5)","orgao":"FEPAM (RS)","uf":"RS","ano":2017,"categoria":"auto_infracao","tipo":"Auto de Infração — Poluição","empresa":"Staevie Cia Ltda","municipio":"Santana do Livramento","porte":null,"valor":null,"processo":"AI 213 (Proc. 002332-0567/17-5)","link_oficial":"https://sol.fepam.rs.gov.br/consulta/processo?termo=002332-0567/17-5","resumo":"Poluição · Julgamento: Procedente · Multa: R$ 9310 · Manutenção inadequada das caixas separadoras de água e óleo instaladas no empreendimento; armazenamento ina","aprox":true}},{"type":"Feature","geometry":{"type":"Point","coordinates":[-51.12261,-29.67397]},"properties":{"id":"FEPAM (RS):AI 214 (Proc. 002333-0567/17-8)","orgao":"FEPAM (RS)","uf":"RS","ano":2017,"categoria":"auto_infracao","tipo":"Auto de Infração — Poluição","empresa":"Celsus Metalurgica Ltda","municipio":"Novo Hamburgo","porte":null,"valor":null,"processo":"AI 214 (Proc. 002333-0567/17-8)","link_oficial":"https://sol.fepam.rs.gov.br/consulta/processo?termo=002333-0567/17-8","resumo":"Poluição · Julgamento: Procedente · Multa: R$ 3379 · Instalação de novos equipamentos sem o licenciamento prévio junto ao Órgão Ambiental competente, conforme i","aprox":true}},{"type":"Feature","geometry":{"type":"Point","coordinates":[-51.12261,-29.67397]},"properties":{"id":"FEPAM (RS):AI 214 (Proc. 002333-0567/17-8)","orgao":"FEPAM (RS)","uf":"RS","ano":2017,"categoria":"auto_infracao","tipo":"Auto de Infração — Poluição","empresa":"Celsus Metalurgica Ltda","municipio":"Novo Hamburgo","porte":null,"valor":null,"processo":"AI 214 (Proc. 002333-0567/17-8)","link_oficial":"https://sol.fepam.rs.gov.br/consulta/processo?termo=002333-0567/17-8","resumo":"Poluição · Julgamento: Procedente · Multa: R$ 3379 · Instalação de novos equipamentos sem o licenciamento prévio junto ao Órgão Ambiental competente, conforme i","aprox":true}},{"type":"Feature","geometry":{"type":"Point","coordinates":[-52.5164,-28.82413]},"properties":{"id":"FEPAM (RS):AI 215 (Proc. 002402-0567/17-8)","orgao":"FEPAM (RS)","uf":"RS","ano":2017,"categoria":"auto_infracao","tipo":"Auto de Infração — Administrativa","empresa":"Mb Geologia E Meio Ambiente","municipio":"Soledade","porte":null,"valor":null,"processo":"AI 215 (Proc. 002402-0567/17-8)","link_oficial":"https://sol.fepam.rs.gov.br/consulta/processo?termo=002402-0567/17-8","resumo":"Administrativa · Julgamento: Procedente · Apresentação de informação omissa ou enganosa em resposta ao Ofício FEPAM GERPLA N° 9599/2016.","aprox":true}},{"type":"Feature","geometry":{"type":"Point","coordinates":[-51.95018,-29.50986]},"properties":{"id":"FEPAM (RS):AI 216 (Proc. 002369-0567/17-1)","orgao":"FEPAM (RS)","uf":"RS","ano":2017,"categoria":"auto_infracao","tipo":"Auto de Infração — Poluição","empresa":"Comércio de Combustíveis Kalsing Ltda","municipio":"Estrela","porte":null,"valor":null,"processo":"AI 216 (Proc. 002369-0567/17-1)","link_oficial":"https://sol.fepam.rs.gov.br/consulta/processo?termo=002369-0567/17-1","resumo":"Poluição · Julgamento: Procedente · Multa: R$ 4839 · Não providenciar a substituição dos tanques de armazenamento subterrâneo de combustíveis do empreendimento,","aprox":true}},{"type":"Feature","geometry":{"type":"Point","coordinates":[-51.95018,-29.50986]},"properties":{"id":"FEPAM (RS):AI 216 (Proc. 002369-0567/17-1)","orgao":"FEPAM (RS)","uf":"RS","ano":2017,"categoria":"auto_infracao","tipo":"Auto de Infração — Poluição","empresa":"Comércio de Combustíveis Kalsing Ltda","municipio":"Estrela","porte":null,"valor":null,"processo":"AI 216 (Proc. 002369-0567/17-1)","link_oficial":"https://sol.fepam.rs.gov.br/consulta/processo?termo=002369-0567/17-1","resumo":"Poluição · Julgamento: Procedente · Multa: R$ 4839 · Não providenciar a substituição dos tanques de armazenamento subterrâneo de combustíveis do empreendimento,","aprox":true}},{"type":"Feature","geometry":{"type":"Point","coordinates":[-51.859,-29.30367]},"properties":{"id":"FEPAM (RS):AI 217 (Proc. 002374-0567/17-8)","orgao":"FEPAM (RS)","uf":"RS","ano":2017,"categoria":"auto_infracao","tipo":"Auto de Infração — Poluição","empresa":"Future Industria de Couros Ltda","municipio":"Roca Sales","porte":null,"valor":null,"processo":"AI 217 (Proc. 002374-0567/17-8)","link_oficial":"https://sol.fepam.rs.gov.br/consulta/processo?termo=002374-0567/17-8","resumo":"Poluição · Julgamento: Improcedente · Multa: R$ 17375 · Lançamento de efluente líquido industrial descumprindo os padrões de lançamento fixados na Licença de Op","aprox":true}},{"type":"Feature","geometry":{"type":"Point","coordinates":[-51.99674,-28.05916]},"properties":{"id":"FEPAM (RS):AI 218 (Proc. 002403-0567/17-1)","orgao":"FEPAM (RS)","uf":"RS","ano":2017,"categoria":"auto_infracao","tipo":"Auto de Infração — Poluição","empresa":"Agrodanieli Industria E Comércio Ltda","municipio":"Tapejara","porte":null,"valor":null,"processo":"AI 218 (Proc. 002403-0567/17-1)","link_oficial":"https://sol.fepam.rs.gov.br/consulta/processo?termo=002403-0567/17-1","resumo":"Poluição · Julgamento: Procedente · Multa: R$ 17375 · Lançamento de efluente líquido industrial e sanitário não atendendo aos padrões de lançamento especificado","aprox":true}},{"type":"Feature","geometry":{"type":"Point","coordinates":[-51.99674,-28.05916]},"properties":{"id":"FEPAM (RS):AI 218 (Proc. 002403-0567/17-1)","orgao":"FEPAM (RS)","uf":"RS","ano":2017,"categoria":"auto_infracao","tipo":"Auto de Infração — Poluição","empresa":"Agrodanieli Industria E Comércio Ltda","municipio":"Tapejara","porte":null,"valor":null,"processo":"AI 218 (Proc. 002403-0567/17-1)","link_oficial":"https://sol.fepam.rs.gov.br/consulta/processo?termo=002403-0567/17-1","resumo":"Poluição · Julgamento: Procedente · Multa: R$ 17375 · Lançamento de efluente líquido industrial e sanitário não atendendo aos padrões de lançamento especificado","aprox":true}},{"type":"Feature","geometry":{"type":"Point","coordinates":[-53.76046,-27.36933]},"properties":{"id":"FEPAM (RS):AI 219 (Proc. 002370-0567/17-7)","orgao":"FEPAM (RS)","uf":"RS","ano":2017,"categoria":"auto_infracao","tipo":"Auto de Infração — Poluição","empresa":"Britagem Sao Cristovao Ltda - Me","municipio":"Tenente Portela","porte":null,"valor":null,"processo":"AI 219 (Proc. 002370-0567/17-7)","link_oficial":"https://sol.fepam.rs.gov.br/consulta/processo?termo=002370-0567/17-7","resumo":"Poluição · Julgamento: Procedente · Multa: R$ 6643 · Não possuir sistema de abatimento de particulados e umectação das vias para evitar a poeira oriunda, princi","aprox":true}},{"type":"Feature","geometry":{"type":"Point","coordinates":[-53.76046,-27.36933]},"properties":{"id":"FEPAM (RS):AI 219 (Proc. 002370-0567/17-7)","orgao":"FEPAM (RS)","uf":"RS","ano":2017,"categoria":"auto_infracao","tipo":"Auto de Infração — Poluição","empresa":"Britagem Sao Cristovao Ltda - Me","municipio":"Tenente Portela","porte":null,"valor":null,"processo":"AI 219 (Proc. 002370-0567/17-7)","link_oficial":"https://sol.fepam.rs.gov.br/consulta/processo?termo=002370-0567/17-7","resumo":"Poluição · Julgamento: Procedente · Multa: R$ 6643 · Não possuir sistema de abatimento de particulados e umectação das vias para evitar a poeira oriunda, princi","aprox":true}},{"type":"Feature","geometry":{"type":"Point","coordinates":[-51.16735,-29.6456]},"properties":{"id":"FEPAM (RS):AI 220 (Proc. 002396-0567/17-7)","orgao":"FEPAM (RS)","uf":"RS","ano":2017,"categoria":"auto_infracao","tipo":"Auto de Infração — Poluição","empresa":"Lrb Industria E Comércio de Produtos Quimicos Ltda","municipio":"Estância Velha","porte":null,"valor":null,"processo":"AI 220 (Proc. 002396-0567/17-7)","link_oficial":"https://sol.fepam.rs.gov.br/consulta/processo?termo=002396-0567/17-7","resumo":"Poluição · Julgamento: Procedente · Multa: R$ 3379 · Ampliação de área útil total em 442,75 m², totalizando 2.243,75 m² (1.801 m² + 442,75 m²), sem o prévio lic","aprox":true}},{"type":"Feature","geometry":{"type":"Point","coordinates":[-51.16735,-29.6456]},"properties":{"id":"FEPAM (RS):AI 220 (Proc. 002396-0567/17-7)","orgao":"FEPAM (RS)","uf":"RS","ano":2017,"categoria":"auto_infracao","tipo":"Auto de Infração — Poluição","empresa":"Lrb Industria E Comércio de Produtos Quimicos Ltda","municipio":"Estância Velha","porte":null,"valor":null,"processo":"AI 220 (Proc. 002396-0567/17-7)","link_oficial":"https://sol.fepam.rs.gov.br/consulta/processo?termo=002396-0567/17-7","resumo":"Poluição · Julgamento: Procedente · Multa: R$ 3379 · Ampliação de área útil total em 442,75 m², totalizando 2.243,75 m² (1.801 m² + 442,75 m²), sem o prévio lic","aprox":true}},{"type":"Feature","geometry":{"type":"Point","coordinates":[-51.34821,-29.22712]},"properties":{"id":"FEPAM (RS):AI 221 (Proc. 002371-0567/17-1)","orgao":"FEPAM (RS)","uf":"RS","ano":2017,"categoria":"auto_infracao","tipo":"Auto de Infração — Poluição","empresa":"Frigorifico Razzera Ltda","municipio":"Farroupilha","porte":null,"valor":null,"processo":"AI 221 (Proc. 002371-0567/17-1)","link_oficial":"https://sol.fepam.rs.gov.br/consulta/processo?termo=002371-0567/17-1","resumo":"Poluição · Julgamento: Procedente · Multa: R$ 10000 · Lançamento de efluentes líquidos no meio ambiente, em desacordo com as exigências estabelecidas em leis ou","aprox":true}},{"type":"Feature","geometry":{"type":"Point","coordinates":[-51.34821,-29.22712]},"properties":{"id":"FEPAM (RS):AI 221 (Proc. 002371-0567/17-1)","orgao":"FEPAM (RS)","uf":"RS","ano":2017,"categoria":"auto_infracao","tipo":"Auto de Infração — Poluição","empresa":"Frigorifico Razzera Ltda","municipio":"Farroupilha","porte":null,"valor":null,"processo":"AI 221 (Proc. 002371-0567/17-1)","link_oficial":"https://sol.fepam.rs.gov.br/consulta/processo?termo=002371-0567/17-1","resumo":"Poluição · Julgamento: Procedente · Multa: R$ 10000 · Lançamento de efluentes líquidos no meio ambiente, em desacordo com as exigências estabelecidas em leis ou","aprox":true}},{"type":"Feature","geometry":{"type":"Point","coordinates":[-51.12081,-29.67038]},"properties":{"id":"FEPAM (RS):AI 222 (Proc. 002353-0567/17-1)","orgao":"FEPAM (RS)","uf":"RS","ano":2017,"categoria":"auto_infracao","tipo":"Auto de Infração — Poluição","empresa":"Municipio de Novo Hamburgo","municipio":"Novo Hamburgo","porte":null,"valor":null,"processo":"AI 222 (Proc. 002353-0567/17-1)","link_oficial":"https://sol.fepam.rs.gov.br/consulta/processo?termo=002353-0567/17-1","resumo":"Poluição · Julgamento: Procedente · Multa: R$ 5756 · REALIZAR A DESTINAÇÃO DE 20 TONÉIS DE ÓLEO AUTOMOTIVO QUEIMADO PARA LOCAL SEM DEVIDO LICENCIAMENTO AMBIENTA","aprox":true}},{"type":"Feature","geometry":{"type":"Point","coordinates":[-51.12081,-29.67038]},"properties":{"id":"FEPAM (RS):AI 222 (Proc. 002353-0567/17-1)","orgao":"FEPAM (RS)","uf":"RS","ano":2017,"categoria":"auto_infracao","tipo":"Auto de Infração — Poluição","empresa":"Municipio de Novo Hamburgo","municipio":"Novo Hamburgo","porte":null,"valor":null,"processo":"AI 222 (Proc. 002353-0567/17-1)","link_oficial":"https://sol.fepam.rs.gov.br/consulta/processo?termo=002353-0567/17-1","resumo":"Poluição · Julgamento: Procedente · Multa: R$ 5756 · REALIZAR A DESTINAÇÃO DE 20 TONÉIS DE ÓLEO AUTOMOTIVO QUEIMADO PARA LOCAL SEM DEVIDO LICENCIAMENTO AMBIENTA","aprox":true}},{"type":"Feature","geometry":{"type":"Point","coordinates":[-51.11323,-29.68152]},"properties":{"id":"FEPAM (RS):AI 223 (Proc. 002354-0567/17-4)","orgao":"FEPAM (RS)","uf":"RS","ano":2017,"categoria":"auto_infracao","tipo":"Auto de Infração — Poluição","empresa":"André Colorio","municipio":"Novo Hamburgo","porte":null,"valor":null,"processo":"AI 223 (Proc. 002354-0567/17-4)","link_oficial":"https://sol.fepam.rs.gov.br/consulta/processo?termo=002354-0567/17-4","resumo":"Poluição · Julgamento: Procedente · Multa: R$ 5756 · REALIZAR A COMPRA DE 20 TONÉIS DE ÓLEO AUTOMOTIVO QUEIMADO SEM LICENCIAMENTO AMBIENTAL PARA RECEBIMENTO DES","aprox":true}},{"type":"Feature","geometry":{"type":"Point","coordinates":[-51.11323,-29.68152]},"properties":{"id":"FEPAM (RS):AI 223 (Proc. 002354-0567/17-4)","orgao":"FEPAM (RS)","uf":"RS","ano":2017,"categoria":"auto_infracao","tipo":"Auto de Infração — Poluição","empresa":"André Colorio","municipio":"Novo Hamburgo","porte":null,"valor":null,"processo":"AI 223 (Proc. 002354-0567/17-4)","link_oficial":"https://sol.fepam.rs.gov.br/consulta/processo?termo=002354-0567/17-4","resumo":"Poluição · Julgamento: Procedente · Multa: R$ 5756 · REALIZAR A COMPRA DE 20 TONÉIS DE ÓLEO AUTOMOTIVO QUEIMADO SEM LICENCIAMENTO AMBIENTAL PARA RECEBIMENTO DES","aprox":true}},{"type":"Feature","geometry":{"type":"Point","coordinates":[-54.45851,-27.86572]},"properties":{"id":"FEPAM (RS):AI 224 (Proc. 002372-0567/17-2)","orgao":"FEPAM (RS)","uf":"RS","ano":2017,"categoria":"auto_infracao","tipo":"Auto de Infração — Poluição","empresa":"Ind Metalurgica Inovacao Ltda","municipio":"Santa Rosa","porte":null,"valor":null,"processo":"AI 224 (Proc. 002372-0567/17-2)","link_oficial":"https://sol.fepam.rs.gov.br/consulta/processo?termo=002372-0567/17-2","resumo":"Poluição · Julgamento: Procedente Por Pagamento · Multa: R$ 4243 · Ampliação de áreas (terreno, área útil total e área construída total), e de capacidade produt","aprox":true}},{"type":"Feature","geometry":{"type":"Point","coordinates":[-54.45851,-27.86572]},"properties":{"id":"FEPAM (RS):AI 224 (Proc. 002372-0567/17-2)","orgao":"FEPAM (RS)","uf":"RS","ano":2017,"categoria":"auto_infracao","tipo":"Auto de Infração — Poluição","empresa":"Ind Metalurgica Inovacao Ltda","municipio":"Santa Rosa","porte":null,"valor":null,"processo":"AI 224 (Proc. 002372-0567/17-2)","link_oficial":"https://sol.fepam.rs.gov.br/consulta/processo?termo=002372-0567/17-2","resumo":"Poluição · Julgamento: Procedente Por Pagamento · Multa: R$ 4243 · Ampliação de áreas (terreno, área útil total e área construída total), e de capacidade produt","aprox":true}},{"type":"Feature","geometry":{"type":"Point","coordinates":[-51.24576,-29.69271]},"properties":{"id":"FEPAM (RS):AI 225 (Proc. 002373-0567/17-5)","orgao":"FEPAM (RS)","uf":"RS","ano":2017,"categoria":"auto_infracao","tipo":"Auto de Infração — Poluição","empresa":"Quimica 1 Ltda","municipio":"Portão","porte":null,"valor":null,"processo":"AI 225 (Proc. 002373-0567/17-5)","link_oficial":"https://sol.fepam.rs.gov.br/consulta/processo?termo=002373-0567/17-5","resumo":"Poluição · Julgamento: Procedente · Multa: R$ 3379 · Não apresentação à FEPAM, trimestralmente, dos relatórios técnicos referentes as etapas de execução das obr","aprox":true}},{"type":"Feature","geometry":{"type":"Point","coordinates":[-51.24576,-29.69271]},"properties":{"id":"FEPAM (RS):AI 225 (Proc. 002373-0567/17-5)","orgao":"FEPAM (RS)","uf":"RS","ano":2017,"categoria":"auto_infracao","tipo":"Auto de Infração — Poluição","empresa":"Quimica 1 Ltda","municipio":"Portão","porte":null,"valor":null,"processo":"AI 225 (Proc. 002373-0567/17-5)","link_oficial":"https://sol.fepam.rs.gov.br/consulta/processo?termo=002373-0567/17-5","resumo":"Poluição · Julgamento: Procedente · Multa: R$ 3379 · Não apresentação à FEPAM, trimestralmente, dos relatórios técnicos referentes as etapas de execução das obr","aprox":true}},{"type":"Feature","geometry":{"type":"Point","coordinates":[-52.18036,-28.26296]},"properties":{"id":"FEPAM (RS):AI 226 (Proc. 002384-0567/17-1)","orgao":"FEPAM (RS)","uf":"RS","ano":2017,"categoria":"auto_infracao","tipo":"Auto de Infração — Poluição","empresa":"Rumo Malha Sul S. A.","municipio":"Mato Castelhano","porte":null,"valor":null,"processo":"AI 226 (Proc. 002384-0567/17-1)","link_oficial":"https://sol.fepam.rs.gov.br/consulta/processo?termo=002384-0567/17-1","resumo":"Poluição · Julgamento: Procedente · Multa: R$ 15000 · Poluição ambiental decorrente de acidente ferroviário, com vazamento de substância oleosa perigosa (óleo d","aprox":true}},{"type":"Feature","geometry":{"type":"Point","coordinates":[-52.18036,-28.26296]},"properties":{"id":"FEPAM (RS):AI 226 (Proc. 002384-0567/17-1)","orgao":"FEPAM (RS)","uf":"RS","ano":2017,"categoria":"auto_infracao","tipo":"Auto de Infração — Poluição","empresa":"Rumo Malha Sul S. A.","municipio":"Mato Castelhano","porte":null,"valor":null,"processo":"AI 226 (Proc. 002384-0567/17-1)","link_oficial":"https://sol.fepam.rs.gov.br/consulta/processo?termo=002384-0567/17-1","resumo":"Poluição · Julgamento: Procedente · Multa: R$ 15000 · Poluição ambiental decorrente de acidente ferroviário, com vazamento de substância oleosa perigosa (óleo d","aprox":true}},{"type":"Feature","geometry":{"type":"Point","coordinates":[-53.62713,-27.65824]},"properties":{"id":"FEPAM (RS):AI 227 (Proc. 002385-0567/17-2)","orgao":"FEPAM (RS)","uf":"RS","ano":2017,"categoria":"auto_infracao","tipo":"Auto de Infração — Poluição","empresa":"Coop Triticola Mista Campo Novo Ltda","municipio":"Redentora","porte":null,"valor":null,"processo":"AI 227 (Proc. 002385-0567/17-2)","link_oficial":"https://sol.fepam.rs.gov.br/consulta/processo?termo=002385-0567/17-2","resumo":"Poluição · Julgamento: Procedente · Multa: R$ 2419 · Início das obras de ampliação de empreendimento sem licenciamento junto ao Órgão Ambiental competente, conf","aprox":true}},{"type":"Feature","geometry":{"type":"Point","coordinates":[-53.62713,-27.65824]},"properties":{"id":"FEPAM (RS):AI 227 (Proc. 002385-0567/17-2)","orgao":"FEPAM (RS)","uf":"RS","ano":2017,"categoria":"auto_infracao","tipo":"Auto de Infração — Poluição","empresa":"Coop Triticola Mista Campo Novo Ltda","municipio":"Redentora","porte":null,"valor":null,"processo":"AI 227 (Proc. 002385-0567/17-2)","link_oficial":"https://sol.fepam.rs.gov.br/consulta/processo?termo=002385-0567/17-2","resumo":"Poluição · Julgamento: Procedente · Multa: R$ 2419 · Início das obras de ampliação de empreendimento sem licenciamento junto ao Órgão Ambiental competente, conf","aprox":true}},{"type":"Feature","geometry":{"type":"Point","coordinates":[-52.0956,-32.04181]},"properties":{"id":"FEPAM (RS):AI 228 (Proc. 002386-0567/17-5)","orgao":"FEPAM (RS)","uf":"RS","ano":2017,"categoria":"auto_infracao","tipo":"Auto de Infração — Poluição","empresa":"Municipio de Rio Grande","municipio":"Rio Grande","porte":null,"valor":null,"processo":"AI 228 (Proc. 002386-0567/17-5)","link_oficial":"https://sol.fepam.rs.gov.br/consulta/processo?termo=002386-0567/17-5","resumo":"Poluição · Julgamento: Procedente · Disposição irregular de resíduos sólidos de diversas tipologias (resíduos de construção civil, poda, eletroeletrônicos, pneu","aprox":true}},{"type":"Feature","geometry":{"type":"Point","coordinates":[-52.0956,-32.04181]},"properties":{"id":"FEPAM (RS):AI 228 (Proc. 002386-0567/17-5)","orgao":"FEPAM (RS)","uf":"RS","ano":2017,"categoria":"auto_infracao","tipo":"Auto de Infração — Poluição","empresa":"Municipio de Rio Grande","municipio":"Rio Grande","porte":null,"valor":null,"processo":"AI 228 (Proc. 002386-0567/17-5)","link_oficial":"https://sol.fepam.rs.gov.br/consulta/processo?termo=002386-0567/17-5","resumo":"Poluição · Julgamento: Procedente · Disposição irregular de resíduos sólidos de diversas tipologias (resíduos de construção civil, poda, eletroeletrônicos, pneu","aprox":true}},{"type":"Feature","geometry":{"type":"Point","coordinates":[-52.01108,-29.52623]},"properties":{"id":"FEPAM (RS):AI 229 (Proc. 002407-0567/17-1)","orgao":"FEPAM (RS)","uf":"RS","ano":2017,"categoria":"auto_infracao","tipo":"Auto de Infração — Administrativa","empresa":"Prefeitura Municipal de Cruzeiro do Sul","municipio":"Cruzeiro do Sul","porte":null,"valor":null,"processo":"AI 229 (Proc. 002407-0567/17-1)","link_oficial":"https://sol.fepam.rs.gov.br/consulta/processo?termo=002407-0567/17-1","resumo":"Administrativa · Julgamento: Procedente · Multa: R$ 3379 · Não execução do projeto de acesso ao Distrito Industrial à Rodovia RST 453 no km 24+500, com sinaliza","aprox":true}},{"type":"Feature","geometry":{"type":"Point","coordinates":[-52.01108,-29.52623]},"properties":{"id":"FEPAM (RS):AI 229 (Proc. 002407-0567/17-1)","orgao":"FEPAM (RS)","uf":"RS","ano":2017,"categoria":"auto_infracao","tipo":"Auto de Infração — Administrativa","empresa":"Prefeitura Municipal de Cruzeiro do Sul","municipio":"Cruzeiro do Sul","porte":null,"valor":null,"processo":"AI 229 (Proc. 002407-0567/17-1)","link_oficial":"https://sol.fepam.rs.gov.br/consulta/processo?termo=002407-0567/17-1","resumo":"Administrativa · Julgamento: Procedente · Não execução do projeto de acesso ao Distrito Industrial à Rodovia RST 453 no km 24+500, com sinalização rodoviária es","aprox":true}},{"type":"Feature","geometry":{"type":"Point","coordinates":[-52.6977,-28.71249]},"properties":{"id":"FEPAM (RS):AI 230 (Proc. 002408-0567/17-4)","orgao":"FEPAM (RS)","uf":"RS","ano":2017,"categoria":"auto_infracao","tipo":"Auto de Infração — Poluição","empresa":"Mgo Solucoes Ambientais Ltda - Epp","municipio":"Mormaço","porte":null,"valor":null,"processo":"AI 230 (Proc. 002408-0567/17-4)","link_oficial":"https://sol.fepam.rs.gov.br/consulta/processo?termo=002408-0567/17-4","resumo":"Poluição · Julgamento: Procedente · Multa: R$ 7458 · Operação de empreendimento com potencial altamente poluidor, sem autorização ou licenciamento do Órgão Ambi","aprox":true}},{"type":"Feature","geometry":{"type":"Point","coordinates":[-52.6977,-28.71249]},"properties":{"id":"FEPAM (RS):AI 230 (Proc. 002408-0567/17-4)","orgao":"FEPAM (RS)","uf":"RS","ano":2017,"categoria":"auto_infracao","tipo":"Auto de Infração — Poluição","empresa":"Mgo Solucoes Ambientais Ltda - Epp","municipio":"Mormaço","porte":null,"valor":null,"processo":"AI 230 (Proc. 002408-0567/17-4)","link_oficial":"https://sol.fepam.rs.gov.br/consulta/processo?termo=002408-0567/17-4","resumo":"Poluição · Julgamento: Procedente · Multa: R$ 7458 · Operação de empreendimento com potencial altamente poluidor, sem autorização ou licenciamento do Órgão Ambi","aprox":true}},{"type":"Feature","geometry":{"type":"Point","coordinates":[-51.97607,-29.45123]},"properties":{"id":"FEPAM (RS):AI 231 (Proc. 002410-0567/17-4)","orgao":"FEPAM (RS)","uf":"RS","ano":2017,"categoria":"auto_infracao","tipo":"Auto de Infração — Poluição","empresa":"Elio Jose Lenhart","municipio":"Lajeado","porte":null,"valor":null,"processo":"AI 231 (Proc. 002410-0567/17-4)","link_oficial":"https://sol.fepam.rs.gov.br/consulta/processo?termo=002410-0567/17-4","resumo":"Poluição · Julgamento: Prescrito · Multa: R$ 1652 · realizar a armazenagem de tambores contaminados e embalagens de óleo lubrificantes diretamente sobre o solo,","aprox":true}},{"type":"Feature","geometry":{"type":"Point","coordinates":[-51.97607,-29.45123]},"properties":{"id":"FEPAM (RS):AI 231 (Proc. 002410-0567/17-4)","orgao":"FEPAM (RS)","uf":"RS","ano":2017,"categoria":"auto_infracao","tipo":"Auto de Infração — Poluição","empresa":"Elio Jose Lenhart","municipio":"Lajeado","porte":null,"valor":null,"processo":"AI 231 (Proc. 002410-0567/17-4)","link_oficial":"https://sol.fepam.rs.gov.br/consulta/processo?termo=002410-0567/17-4","resumo":"Poluição · Julgamento: Prescrito · Multa: R$ 1652 · realizar a armazenagem de tambores contaminados e embalagens de óleo lubrificantes diretamente sobre o solo,","aprox":true}},{"type":"Feature","geometry":{"type":"Point","coordinates":[-51.17458,-29.84796]},"properties":{"id":"FEPAM (RS):AI 232 (Proc. 002412-0567/17-1)","orgao":"FEPAM (RS)","uf":"RS","ano":2017,"categoria":"auto_infracao","tipo":"Auto de Infração — Poluição","empresa":"Mts Metalurgica E Tratamentos Superficiais Ltda","municipio":"Esteio","porte":null,"valor":null,"processo":"AI 232 (Proc. 002412-0567/17-1)","link_oficial":"https://sol.fepam.rs.gov.br/consulta/processo?termo=002412-0567/17-1","resumo":"Poluição · Julgamento: Procedente · Multa: R$ 10957 · DISPOSIÇÃO IRREGULAR DE PRODUTOS QUÍMICOS E RESÍDUOS SÓLIDOS INDUSTRIAIS CLASSE I EM LOCAL DIRETAMENTE SOB","aprox":true}},{"type":"Feature","geometry":{"type":"Point","coordinates":[-51.17458,-29.84796]},"properties":{"id":"FEPAM (RS):AI 232 (Proc. 002412-0567/17-1)","orgao":"FEPAM (RS)","uf":"RS","ano":2017,"categoria":"auto_infracao","tipo":"Auto de Infração — Poluição","empresa":"Mts Metalurgica E Tratamentos Superficiais Ltda","municipio":"Esteio","porte":null,"valor":null,"processo":"AI 232 (Proc. 002412-0567/17-1)","link_oficial":"https://sol.fepam.rs.gov.br/consulta/processo?termo=002412-0567/17-1","resumo":"Poluição · Julgamento: Procedente · Multa: R$ 10957 · DISPOSIÇÃO IRREGULAR DE PRODUTOS QUÍMICOS E RESÍDUOS SÓLIDOS INDUSTRIAIS CLASSE I EM LOCAL DIRETAMENTE SOB","aprox":true}},{"type":"Feature","geometry":{"type":"Point","coordinates":[-51.33466,-29.21273]},"properties":{"id":"FEPAM (RS):AI 233 (Proc. 002436-0567/17-4)","orgao":"FEPAM (RS)","uf":"RS","ano":2017,"categoria":"auto_infracao","tipo":"Auto de Infração — Poluição","empresa":"Umwelt Solucoes Eireli - Me","municipio":"Farroupilha","porte":null,"valor":null,"processo":"AI 233 (Proc. 002436-0567/17-4)","link_oficial":"https://sol.fepam.rs.gov.br/consulta/processo?termo=002436-0567/17-4","resumo":"Poluição · Julgamento: Improcedente · Multa: R$ 1651 · Operação de atividade potencialmente poluidora, sem licenciamento junto ao Órgão Ambiental competente; co","aprox":true}},{"type":"Feature","geometry":{"type":"Point","coordinates":[-51.18601,-29.86283]},"properties":{"id":"FEPAM (RS):AI 234 (Proc. 002437-0567/17-7)","orgao":"FEPAM (RS)","uf":"RS","ano":2017,"categoria":"auto_infracao","tipo":"Auto de Infração — Poluição","empresa":"Juliana Koetz Eireli - Epp","municipio":"Esteio","porte":null,"valor":null,"processo":"AI 234 (Proc. 002437-0567/17-7)","link_oficial":"https://sol.fepam.rs.gov.br/consulta/processo?termo=002437-0567/17-7","resumo":"Poluição · Julgamento: Procedente · Multa: R$ 2419 · Não apresentação do conjunto de informações anuais sobre as condições de operação do empreendimento à FEPAM","aprox":true}},{"type":"Feature","geometry":{"type":"Point","coordinates":[-51.18601,-29.86283]},"properties":{"id":"FEPAM (RS):AI 234 (Proc. 002437-0567/17-7)","orgao":"FEPAM (RS)","uf":"RS","ano":2017,"categoria":"auto_infracao","tipo":"Auto de Infração — Poluição","empresa":"Juliana Koetz Eireli - Epp","municipio":"Esteio","porte":null,"valor":null,"processo":"AI 234 (Proc. 002437-0567/17-7)","link_oficial":"https://sol.fepam.rs.gov.br/consulta/processo?termo=002437-0567/17-7","resumo":"Poluição · Julgamento: Procedente · Multa: R$ 2419 · Não apresentação do conjunto de informações anuais sobre as condições de operação do empreendimento à FEPAM","aprox":true}},{"type":"Feature","geometry":{"type":"Point","coordinates":[-51.35336,-29.23266]},"properties":{"id":"FEPAM (RS):AI 235 (Proc. 002438-0567/17-1)","orgao":"FEPAM (RS)","uf":"RS","ano":2017,"categoria":"auto_infracao","tipo":"Auto de Infração — Poluição","empresa":"Alexandre Viana Saldanha - Me","municipio":"Farroupilha","porte":null,"valor":null,"processo":"AI 235 (Proc. 002438-0567/17-1)","link_oficial":"https://sol.fepam.rs.gov.br/consulta/processo?termo=002438-0567/17-1","resumo":"Poluição · Julgamento: Improcedente · Multa: R$ 1651 · Fazer funcionar atividade potencialmente poluidora (Serviço de Aplicação de Agrotóxicos e afins - CODRAM ","aprox":true}},{"type":"Feature","geometry":{"type":"Point","coordinates":[-54.92379,-30.25291]},"properties":{"id":"FEPAM (RS):AI 236 (Proc. 002452-0567/17-7)","orgao":"FEPAM (RS)","uf":"RS","ano":2017,"categoria":"auto_infracao","tipo":"Auto de Infração — Rec. Hídricos","empresa":"Marcos de Vasconcelos Menezes","municipio":"Rosário do Sul","porte":null,"valor":null,"processo":"AI 236 (Proc. 002452-0567/17-7)","link_oficial":"https://sol.fepam.rs.gov.br/consulta/processo?termo=002452-0567/17-7","resumo":"Rec. Hídricos · Julgamento: Procedente · Multa: R$ 5000 · Perfuração de forma ilegal de poço artesiano, sem o devido licenciamento do Órgão Ambiental competente","aprox":true}},{"type":"Feature","geometry":{"type":"Point","coordinates":[-54.92379,-30.25291]},"properties":{"id":"FEPAM (RS):AI 236 (Proc. 002452-0567/17-7)","orgao":"FEPAM (RS)","uf":"RS","ano":2017,"categoria":"auto_infracao","tipo":"Auto de Infração — Rec. Hídricos","empresa":"Marcos de Vasconcelos Menezes","municipio":"Rosário do Sul","porte":null,"valor":null,"processo":"AI 236 (Proc. 002452-0567/17-7)","link_oficial":"https://sol.fepam.rs.gov.br/consulta/processo?termo=002452-0567/17-7","resumo":"Rec. Hídricos · Julgamento: Procedente · Multa: R$ 5000 · Perfuração de forma ilegal de poço artesiano, sem o devido licenciamento do Órgão Ambiental competente","aprox":true}},{"type":"Feature","geometry":{"type":"Point","coordinates":[-54.92003,-30.25225]},"properties":{"id":"FEPAM (RS):AI 237 (Proc. 002453-0567/17-1)","orgao":"FEPAM (RS)","uf":"RS","ano":2017,"categoria":"auto_infracao","tipo":"Auto de Infração — Poluição","empresa":"Marcos de Vasconcelos Menezes","municipio":"Rosário do Sul","porte":null,"valor":null,"processo":"AI 237 (Proc. 002453-0567/17-1)","link_oficial":"https://sol.fepam.rs.gov.br/consulta/processo?termo=002453-0567/17-1","resumo":"Poluição · Julgamento: Procedente · Multa: R$ 1267 · Funcionamento de atividade potencialmente poluidora (engenho com depósito, secagem, limpeza e armazenamento","aprox":true}},{"type":"Feature","geometry":{"type":"Point","coordinates":[-54.92003,-30.25225]},"properties":{"id":"FEPAM (RS):AI 237 (Proc. 002453-0567/17-1)","orgao":"FEPAM (RS)","uf":"RS","ano":2017,"categoria":"auto_infracao","tipo":"Auto de Infração — Poluição","empresa":"Marcos de Vasconcelos Menezes","municipio":"Rosário do Sul","porte":null,"valor":null,"processo":"AI 237 (Proc. 002453-0567/17-1)","link_oficial":"https://sol.fepam.rs.gov.br/consulta/processo?termo=002453-0567/17-1","resumo":"Poluição · Julgamento: Procedente · Multa: R$ 1267 · Funcionamento de atividade potencialmente poluidora (engenho com depósito, secagem, limpeza e armazenamento","aprox":true}},{"type":"Feature","geometry":{"type":"Point","coordinates":[-51.84495,-28.39188]},"properties":{"id":"FEPAM (RS):AI 238 (Proc. 002439-0567/17-2)","orgao":"FEPAM (RS)","uf":"RS","ano":2017,"categoria":"auto_infracao","tipo":"Auto de Infração — Poluição","empresa":"Batistello Agronegocios Eireli","municipio":"David Canabarro","porte":null,"valor":null,"processo":"AI 238 (Proc. 002439-0567/17-2)","link_oficial":"https://sol.fepam.rs.gov.br/consulta/processo?termo=002439-0567/17-2","resumo":"Poluição · Julgamento: Procedente · Multa: R$ 8179 · Operação de atividade potencialmente poluidora (armazenamento e beneficiamento de grãos, e armazenamento de","aprox":true}},{"type":"Feature","geometry":{"type":"Point","coordinates":[-51.84495,-28.39188]},"properties":{"id":"FEPAM (RS):AI 238 (Proc. 002439-0567/17-2)","orgao":"FEPAM (RS)","uf":"RS","ano":2017,"categoria":"auto_infracao","tipo":"Auto de Infração — Poluição","empresa":"Batistello Agronegocios Eireli","municipio":"David Canabarro","porte":null,"valor":null,"processo":"AI 238 (Proc. 002439-0567/17-2)","link_oficial":"https://sol.fepam.rs.gov.br/consulta/processo?termo=002439-0567/17-2","resumo":"Poluição · Julgamento: Procedente · Multa: R$ 8179 · Operação de atividade potencialmente poluidora (armazenamento e beneficiamento de grãos, e armazenamento de","aprox":true}},{"type":"Feature","geometry":{"type":"Point","coordinates":[-51.92193,-28.69561]},"properties":{"id":"FEPAM (RS):AI 239 (Proc. 002440-0567/17-1)","orgao":"FEPAM (RS)","uf":"RS","ano":2017,"categoria":"auto_infracao","tipo":"Auto de Infração — Poluição","empresa":"Roberto Carlos Giacomini","municipio":"Serafina Correa","porte":null,"valor":null,"processo":"AI 239 (Proc. 002440-0567/17-1)","link_oficial":"https://sol.fepam.rs.gov.br/consulta/processo?termo=002440-0567/17-1","resumo":"Poluição · Julgamento: Procedente Por Pagamento · Multa: R$ 5107 · Vazamento de chorume no solo devido ao mal manejamento da composteira, descumprindo o item 3.","aprox":true}},{"type":"Feature","geometry":{"type":"Point","coordinates":[-51.92193,-28.69561]},"properties":{"id":"FEPAM (RS):AI 239 (Proc. 002440-0567/17-1)","orgao":"FEPAM (RS)","uf":"RS","ano":2017,"categoria":"auto_infracao","tipo":"Auto de Infração — Poluição","empresa":"Roberto Carlos Giacomini","municipio":"Serafina Correa","porte":null,"valor":null,"processo":"AI 239 (Proc. 002440-0567/17-1)","link_oficial":"https://sol.fepam.rs.gov.br/consulta/processo?termo=002440-0567/17-1","resumo":"Poluição · Julgamento: Procedente Por Pagamento · Multa: R$ 5107 · Vazamento de chorume no solo devido ao mal manejamento da composteira, descumprindo o item 3.","aprox":true}},{"type":"Feature","geometry":{"type":"Point","coordinates":[-51.32072,-29.2253]},"properties":{"id":"FEPAM (RS):AI 240 (Proc. 002441-0567/17-2)","orgao":"FEPAM (RS)","uf":"RS","ano":2017,"categoria":"auto_infracao","tipo":"Auto de Infração — Administrativa","empresa":"Luiz Carlos da Silva Imunizador - Me","municipio":"Farroupilha","porte":null,"valor":null,"processo":"AI 240 (Proc. 002441-0567/17-2)","link_oficial":"https://sol.fepam.rs.gov.br/consulta/processo?termo=002441-0567/17-2","resumo":"Administrativa · Julgamento: Procedente · Multa: R$ 1651 · Operação de atividade potencialmente poluidora (Serviço de Aplicação de Agrotóxicos e Afins), sem lic","aprox":true}},{"type":"Feature","geometry":{"type":"Point","coordinates":[-51.32072,-29.2253]},"properties":{"id":"FEPAM (RS):AI 240 (Proc. 002441-0567/17-2)","orgao":"FEPAM (RS)","uf":"RS","ano":2017,"categoria":"auto_infracao","tipo":"Auto de Infração — Administrativa","empresa":"Luiz Carlos da Silva Imunizador - Me","municipio":"Farroupilha","porte":null,"valor":null,"processo":"AI 240 (Proc. 002441-0567/17-2)","link_oficial":"https://sol.fepam.rs.gov.br/consulta/processo?termo=002441-0567/17-2","resumo":"Administrativa · Julgamento: Procedente · Multa: R$ 1651 · Operação de atividade potencialmente poluidora (Serviço de Aplicação de Agrotóxicos e Afins), sem lic","aprox":true}},{"type":"Feature","geometry":{"type":"Point","coordinates":[-51.18628,-29.65816]},"properties":{"id":"FEPAM (RS):AI 241 (Proc. 002442-0567/17-5)","orgao":"FEPAM (RS)","uf":"RS","ano":2017,"categoria":"auto_infracao","tipo":"Auto de Infração — Poluição","empresa":"Plasticos Suzuki Ltda","municipio":"Estância Velha","porte":null,"valor":null,"processo":"AI 241 (Proc. 002442-0567/17-5)","link_oficial":"https://sol.fepam.rs.gov.br/consulta/processo?termo=002442-0567/17-5","resumo":"Poluição · Julgamento: Procedente · Multa: R$ 2419 · Funcionamento de atividade potencialmente poluidora sem licenciamento junto ao Órgão Ambiental competente, ","aprox":true}},{"type":"Feature","geometry":{"type":"Point","coordinates":[-51.18628,-29.65816]},"properties":{"id":"FEPAM (RS):AI 241 (Proc. 002442-0567/17-5)","orgao":"FEPAM (RS)","uf":"RS","ano":2017,"categoria":"auto_infracao","tipo":"Auto de Infração — Poluição","empresa":"Plasticos Suzuki Ltda","municipio":"Estância Velha","porte":null,"valor":null,"processo":"AI 241 (Proc. 002442-0567/17-5)","link_oficial":"https://sol.fepam.rs.gov.br/consulta/processo?termo=002442-0567/17-5","resumo":"Poluição · Julgamento: Procedente · Multa: R$ 2419 · Funcionamento de atividade potencialmente poluidora sem licenciamento junto ao Órgão Ambiental competente, ","aprox":true}},{"type":"Feature","geometry":{"type":"Point","coordinates":[-51.18606,-29.64242]},"properties":{"id":"FEPAM (RS):AI 242 (Proc. 002443-0567/17-8)","orgao":"FEPAM (RS)","uf":"RS","ano":2017,"categoria":"auto_infracao","tipo":"Auto de Infração — Poluição","empresa":"Nr Beneficiamento de Couros Ltda - Epp","municipio":"Estância Velha","porte":null,"valor":null,"processo":"AI 242 (Proc. 002443-0567/17-8)","link_oficial":"https://sol.fepam.rs.gov.br/consulta/processo?termo=002443-0567/17-8","resumo":"Poluição · Julgamento: Procedente · Multa: R$ 2515 · Não apresentação de documentos exigidos na Licença de Operação LO Nº 5604/2010 - DL no período compreendido","aprox":true}},{"type":"Feature","geometry":{"type":"Point","coordinates":[-51.18606,-29.64242]},"properties":{"id":"FEPAM (RS):AI 242 (Proc. 002443-0567/17-8)","orgao":"FEPAM (RS)","uf":"RS","ano":2017,"categoria":"auto_infracao","tipo":"Auto de Infração — Poluição","empresa":"Nr Beneficiamento de Couros Ltda - Epp","municipio":"Estância Velha","porte":null,"valor":null,"processo":"AI 242 (Proc. 002443-0567/17-8)","link_oficial":"https://sol.fepam.rs.gov.br/consulta/processo?termo=002443-0567/17-8","resumo":"Poluição · Julgamento: Procedente · Multa: R$ 2515 · Não apresentação de documentos exigidos na Licença de Operação LO Nº 5604/2010 - DL no período compreendido","aprox":true}},{"type":"Feature","geometry":{"type":"Point","coordinates":[-50.22908,-29.6772]},"properties":{"id":"FEPAM (RS):AI 243 (Proc. 002446-0567/17-6)","orgao":"FEPAM (RS)","uf":"RS","ano":2017,"categoria":"auto_infracao","tipo":"Auto de Infração — Administrativa","empresa":"Prefeitura Municipal de Maquine","municipio":"Maquiné","porte":null,"valor":null,"processo":"AI 243 (Proc. 002446-0567/17-6)","link_oficial":"https://sol.fepam.rs.gov.br/consulta/processo?termo=002446-0567/17-6","resumo":"Administrativa · Julgamento: Procedente · Multa: R$ 1380 · Não atendimento ao Ofício DIFISC/FEPAM nº 4578/2017, no qual concedia 20 (vinte) dias de prazo para a","aprox":true}},{"type":"Feature","geometry":{"type":"Point","coordinates":[-50.22908,-29.6772]},"properties":{"id":"FEPAM (RS):AI 243 (Proc. 002446-0567/17-6)","orgao":"FEPAM (RS)","uf":"RS","ano":2017,"categoria":"auto_infracao","tipo":"Auto de Infração — Administrativa","empresa":"Prefeitura Municipal de Maquine","municipio":"Maquiné","porte":null,"valor":null,"processo":"AI 243 (Proc. 002446-0567/17-6)","link_oficial":"https://sol.fepam.rs.gov.br/consulta/processo?termo=002446-0567/17-6","resumo":"Administrativa · Julgamento: Procedente · Multa: R$ 1380 · Não atendimento ao Ofício DIFISC/FEPAM nº 4578/2017, no qual concedia 20 (vinte) dias de prazo para a","aprox":true}},{"type":"Feature","geometry":{"type":"Point","coordinates":[-50.98955,-29.93836]},"properties":{"id":"FEPAM (RS):AI 244 (Proc. 002450-0567/17-1)","orgao":"FEPAM (RS)","uf":"RS","ano":2017,"categoria":"auto_infracao","tipo":"Auto de Infração — Poluição","empresa":"Gladii Tecnologia Em Metalurgia Ltda","municipio":"Gravataí","porte":null,"valor":null,"processo":"AI 244 (Proc. 002450-0567/17-1)","link_oficial":"https://sol.fepam.rs.gov.br/consulta/processo?termo=002450-0567/17-1","resumo":"Poluição · Julgamento: Procedente · Multa: R$ 500 · Operação de atividade potencialmente poluidora (Serviços de Usinagem), sem licenciamento junto ao Órgão Ambi","aprox":true}},{"type":"Feature","geometry":{"type":"Point","coordinates":[-50.98955,-29.93836]},"properties":{"id":"FEPAM (RS):AI 244 (Proc. 002450-0567/17-1)","orgao":"FEPAM (RS)","uf":"RS","ano":2017,"categoria":"auto_infracao","tipo":"Auto de Infração — Poluição","empresa":"Gladii Tecnologia Em Metalurgia Ltda","municipio":"Gravataí","porte":null,"valor":null,"processo":"AI 244 (Proc. 002450-0567/17-1)","link_oficial":"https://sol.fepam.rs.gov.br/consulta/processo?termo=002450-0567/17-1","resumo":"Poluição · Julgamento: Procedente · Multa: R$ 500 · Operação de atividade potencialmente poluidora (Serviços de Usinagem), sem licenciamento junto ao Órgão Ambi","aprox":true}},{"type":"Feature","geometry":{"type":"Point","coordinates":[-55.27142,-28.16686]},"properties":{"id":"FEPAM (RS):AI 245 (Proc. 002464-0567/17-4)","orgao":"FEPAM (RS)","uf":"RS","ano":2017,"categoria":"auto_infracao","tipo":"Auto de Infração — Flora","empresa":"Mario Augusto M. Bueno","municipio":"São Nicolau","porte":null,"valor":null,"processo":"AI 245 (Proc. 002464-0567/17-4)","link_oficial":"https://sol.fepam.rs.gov.br/consulta/processo?termo=002464-0567/17-4","resumo":"Flora · Julgamento: Procedente · Supressão de vegetação herbácea nativa campestre do bioma Pampa fora de Área de Preservação Permanente, de 28 ha, para uso alte","aprox":true}},{"type":"Feature","geometry":{"type":"Point","coordinates":[-55.27142,-28.16686]},"properties":{"id":"FEPAM (RS):AI 245 (Proc. 002464-0567/17-4)","orgao":"FEPAM (RS)","uf":"RS","ano":2017,"categoria":"auto_infracao","tipo":"Auto de Infração — Flora","empresa":"Mario Augusto M. Bueno","municipio":"São Nicolau","porte":null,"valor":null,"processo":"AI 245 (Proc. 002464-0567/17-4)","link_oficial":"https://sol.fepam.rs.gov.br/consulta/processo?termo=002464-0567/17-4","resumo":"Flora · Julgamento: Procedente · Multa: R$ 28000 · Supressão de vegetação herbácea nativa campestre do bioma Pampa fora de Área de Preservação Permanente, de 28","aprox":true}},{"type":"Feature","geometry":{"type":"Point","coordinates":[-55.27142,-28.16686]},"properties":{"id":"FEPAM (RS):AI 245 (Proc. 002464-0567/17-4)","orgao":"FEPAM (RS)","uf":"RS","ano":2017,"categoria":"auto_infracao","tipo":"Auto de Infração — Flora","empresa":"Mario Augusto M. Bueno","municipio":"São Nicolau","porte":null,"valor":null,"processo":"AI 245 (Proc. 002464-0567/17-4)","link_oficial":"https://sol.fepam.rs.gov.br/consulta/processo?termo=002464-0567/17-4","resumo":"Flora · Julgamento: Procedente · Multa: R$ 28000 · Supressão de vegetação herbácea nativa campestre do bioma Pampa fora de Área de Preservação Permanente, de 28","aprox":true}},{"type":"Feature","geometry":{"type":"Point","coordinates":[-51.8784,-29.17]},"properties":{"id":"FEPAM (RS):AI 246 (Proc. 002471-0567/17-8)","orgao":"FEPAM (RS)","uf":"RS","ano":2017,"categoria":"auto_infracao","tipo":"Auto de Infração — Administrativa","empresa":"Prefeitura Municipal de Mucum","municipio":"Muçum","porte":null,"valor":null,"processo":"AI 246 (Proc. 002471-0567/17-8)","link_oficial":"https://sol.fepam.rs.gov.br/consulta/processo?termo=002471-0567/17-8","resumo":"Administrativa · Julgamento: Procedente · Multa: R$ 56630 · Funcionamento de estabelecimento potencialmente poluidor, sem licenciamento junto ao Órgão Ambiental","aprox":true}},{"type":"Feature","geometry":{"type":"Point","coordinates":[-51.8784,-29.17]},"properties":{"id":"FEPAM (RS):AI 246 (Proc. 002471-0567/17-8)","orgao":"FEPAM (RS)","uf":"RS","ano":2017,"categoria":"auto_infracao","tipo":"Auto de Infração — Poluição","empresa":"Prefeitura Municipal de Mucum","municipio":"Muçum","porte":null,"valor":null,"processo":"AI 246 (Proc. 002471-0567/17-8)","link_oficial":"https://sol.fepam.rs.gov.br/consulta/processo?termo=002471-0567/17-8","resumo":"Poluição · Julgamento: Procedente · Multa: R$ 56630 · Funcionamento de estabelecimento potencialmente poluidor, sem licenciamento junto ao Órgão Ambiental compe","aprox":true}},{"type":"Feature","geometry":{"type":"Point","coordinates":[-51.8784,-29.17]},"properties":{"id":"FEPAM (RS):AI 246 (Proc. 002471-0567/17-8)","orgao":"FEPAM (RS)","uf":"RS","ano":2017,"categoria":"auto_infracao","tipo":"Auto de Infração — Administrativa","empresa":"Prefeitura Municipal de Mucum","municipio":"Muçum","porte":null,"valor":null,"processo":"AI 246 (Proc. 002471-0567/17-8)","link_oficial":"https://sol.fepam.rs.gov.br/consulta/processo?termo=002471-0567/17-8","resumo":"Administrativa · Julgamento: Procedente · Multa: R$ 56630 · Funcionamento de estabelecimento potencialmente poluidor, sem licenciamento junto ao Órgão Ambiental","aprox":true}},{"type":"Feature","geometry":{"type":"Point","coordinates":[-51.8784,-29.17]},"properties":{"id":"FEPAM (RS):AI 246 (Proc. 002471-0567/17-8)","orgao":"FEPAM (RS)","uf":"RS","ano":2017,"categoria":"auto_infracao","tipo":"Auto de Infração — Poluição","empresa":"Prefeitura Municipal de Mucum","municipio":"Muçum","porte":null,"valor":null,"processo":"AI 246 (Proc. 002471-0567/17-8)","link_oficial":"https://sol.fepam.rs.gov.br/consulta/processo?termo=002471-0567/17-8","resumo":"Poluição · Julgamento: Procedente · Multa: R$ 56630 · Funcionamento de estabelecimento potencialmente poluidor, sem licenciamento junto ao Órgão Ambiental compe","aprox":true}},{"type":"Feature","geometry":{"type":"Point","coordinates":[-51.87294,-29.16308]},"properties":{"id":"FEPAM (RS):AI 247 (Proc. 002461-0567/17-6)","orgao":"FEPAM (RS)","uf":"RS","ano":2017,"categoria":"auto_infracao","tipo":"Auto de Infração — Flora","empresa":"Milto Piacetta","municipio":"Muçum","porte":null,"valor":null,"processo":"AI 247 (Proc. 002461-0567/17-6)","link_oficial":"https://sol.fepam.rs.gov.br/consulta/processo?termo=002461-0567/17-6","resumo":"Flora · Julgamento: Procedente · Multa: R$ 63000 · Supressão de vegetação nativa do Bioma Mata Atlântica, não passível de autorização para exploração ou supress","aprox":true}},{"type":"Feature","geometry":{"type":"Point","coordinates":[-51.87294,-29.16308]},"properties":{"id":"FEPAM (RS):AI 247 (Proc. 002461-0567/17-6)","orgao":"FEPAM (RS)","uf":"RS","ano":2017,"categoria":"auto_infracao","tipo":"Auto de Infração — Flora","empresa":"Milto Piacetta","municipio":"Muçum","porte":null,"valor":null,"processo":"AI 247 (Proc. 002461-0567/17-6)","link_oficial":"https://sol.fepam.rs.gov.br/consulta/processo?termo=002461-0567/17-6","resumo":"Flora · Julgamento: Procedente · Supressão de vegetação nativa do Bioma Mata Atlântica, não passível de autorização para exploração ou supressão. Embargo das ár","aprox":true}},{"type":"Feature","geometry":{"type":"Point","coordinates":[-51.88218,-29.16319]},"properties":{"id":"FEPAM (RS):AI 248 (Proc. 002463-0567/17-1)","orgao":"FEPAM (RS)","uf":"RS","ano":2017,"categoria":"auto_infracao","tipo":"Auto de Infração — Flora","empresa":"Zilto Riedi","municipio":"Muçum","porte":null,"valor":null,"processo":"AI 248 (Proc. 002463-0567/17-1)","link_oficial":"https://sol.fepam.rs.gov.br/consulta/processo?termo=002463-0567/17-1","resumo":"Flora · Julgamento: Anulado · Multa: R$ 91000 · Supressão de vegetação nativa do Bioma Mata Atlântica, não passível de autorização para supressão. Embargo das á","aprox":true}},{"type":"Feature","geometry":{"type":"Point","coordinates":[-51.88218,-29.16319]},"properties":{"id":"FEPAM (RS):AI 248 (Proc. 002463-0567/17-1)","orgao":"FEPAM (RS)","uf":"RS","ano":2017,"categoria":"auto_infracao","tipo":"Auto de Infração — Flora","empresa":"Zilto Riedi","municipio":"Muçum","porte":null,"valor":null,"processo":"AI 248 (Proc. 002463-0567/17-1)","link_oficial":"https://sol.fepam.rs.gov.br/consulta/processo?termo=002463-0567/17-1","resumo":"Flora · Julgamento: Anulado · Supressão de vegetação nativa do Bioma Mata Atlântica, não passível de autorização para supressão. Embargo das áreas irregularment","aprox":true}},{"type":"Feature","geometry":{"type":"Point","coordinates":[-51.37476,-29.58833]},"properties":{"id":"FEPAM (RS):AI 249 (Proc. 002470-0567/17-5)","orgao":"FEPAM (RS)","uf":"RS","ano":2017,"categoria":"auto_infracao","tipo":"Auto de Infração — Poluição","empresa":"Conservas Oderich S/a","municipio":"São Sebastião do Caí","porte":null,"valor":null,"processo":"AI 249 (Proc. 002470-0567/17-5)","link_oficial":"https://sol.fepam.rs.gov.br/consulta/processo?termo=002470-0567/17-5","resumo":"Poluição · Julgamento: Procedente · Multa: R$ 8487 · Ampliação do empreendimento (construção de pavilhão no terreno ao lado da ETE para instalação de equipament","aprox":true}},{"type":"Feature","geometry":{"type":"Point","coordinates":[-51.37476,-29.58833]},"properties":{"id":"FEPAM (RS):AI 249 (Proc. 002470-0567/17-5)","orgao":"FEPAM (RS)","uf":"RS","ano":2017,"categoria":"auto_infracao","tipo":"Auto de Infração — Poluição","empresa":"Conservas Oderich S/a","municipio":"São Sebastião do Caí","porte":null,"valor":null,"processo":"AI 249 (Proc. 002470-0567/17-5)","link_oficial":"https://sol.fepam.rs.gov.br/consulta/processo?termo=002470-0567/17-5","resumo":"Poluição · Julgamento: Procedente · Multa: R$ 8487 · Ampliação do empreendimento (construção de pavilhão no terreno ao lado da ETE para instalação de equipament","aprox":true}},{"type":"Feature","geometry":{"type":"Point","coordinates":[-51.39072,-30.67508]},"properties":{"id":"FEPAM (RS):AI 250 (Proc. 002523-0567/17-2)","orgao":"FEPAM (RS)","uf":"RS","ano":2017,"categoria":"auto_infracao","tipo":"Auto de Infração — Flora","empresa":"Claudio Feijo Evangelista Tavares","municipio":"Tapes","porte":null,"valor":null,"processo":"AI 250 (Proc. 002523-0567/17-2)","link_oficial":"https://sol.fepam.rs.gov.br/consulta/processo?termo=002523-0567/17-2","resumo":"Flora · Julgamento: Prescrito · Multa: R$ 6384 · Danos na Área de Preservação Permanente (APP) do Arroio Teixeira, provocada por desbarrancamento das margens, t","aprox":true}},{"type":"Feature","geometry":{"type":"Point","coordinates":[-51.39072,-30.67508]},"properties":{"id":"FEPAM (RS):AI 250 (Proc. 002523-0567/17-2)","orgao":"FEPAM (RS)","uf":"RS","ano":2017,"categoria":"auto_infracao","tipo":"Auto de Infração — Flora","empresa":"Claudio Feijo Evangelista Tavares","municipio":"Tapes","porte":null,"valor":null,"processo":"AI 250 (Proc. 002523-0567/17-2)","link_oficial":"https://sol.fepam.rs.gov.br/consulta/processo?termo=002523-0567/17-2","resumo":"Flora · Julgamento: Prescrito · Multa: R$ 6384 · Danos na Área de Preservação Permanente (APP) do Arroio Teixeira, provocada por desbarrancamento das margens, t","aprox":true}},{"type":"Feature","geometry":{"type":"Point","coordinates":[-51.45025,-29.68615]},"properties":{"id":"FEPAM (RS):AI 251 (Proc. 002475-0567/17-9)","orgao":"FEPAM (RS)","uf":"RS","ano":2017,"categoria":"auto_infracao","tipo":"Auto de Infração — Poluição","empresa":"Dragagem, Navegacao E Extracao de Argila E Saibro Delbe Ltda - Me","municipio":"Montenegro","porte":null,"valor":null,"processo":"AI 251 (Proc. 002475-0567/17-9)","link_oficial":"https://sol.fepam.rs.gov.br/consulta/processo?termo=002475-0567/17-9","resumo":"Poluição · Julgamento: Procedente · Multa: R$ 1747 · Ausência na entrega de relatórios de medidas compensatórias ambientais e de monitoramento de águas e sedime","aprox":true}},{"type":"Feature","geometry":{"type":"Point","coordinates":[-51.45025,-29.68615]},"properties":{"id":"FEPAM (RS):AI 251 (Proc. 002475-0567/17-9)","orgao":"FEPAM (RS)","uf":"RS","ano":2017,"categoria":"auto_infracao","tipo":"Auto de Infração — Poluição","empresa":"Dragagem, Navegacao E Extracao de Argila E Saibro Delbe Ltda - Me","municipio":"Montenegro","porte":null,"valor":null,"processo":"AI 251 (Proc. 002475-0567/17-9)","link_oficial":"https://sol.fepam.rs.gov.br/consulta/processo?termo=002475-0567/17-9","resumo":"Poluição · Julgamento: Procedente · Multa: R$ 1747 · Ausência na entrega de relatórios de medidas compensatórias ambientais e de monitoramento de águas e sedime","aprox":true}},{"type":"Feature","geometry":{"type":"Point","coordinates":[-51.20023,-29.66197]},"properties":{"id":"FEPAM (RS):AI 252 (Proc. 002476-0567/17-1)","orgao":"FEPAM (RS)","uf":"RS","ano":2017,"categoria":"auto_infracao","tipo":"Auto de Infração — Poluição","empresa":"Pedreira Concordia Ltda - Me","municipio":"Estância Velha","porte":null,"valor":null,"processo":"AI 252 (Proc. 002476-0567/17-1)","link_oficial":"https://sol.fepam.rs.gov.br/consulta/processo?termo=002476-0567/17-1","resumo":"Poluição · Julgamento: Procedente · Multa: R$ 1267 · Ausência de apresentação dos relatórios anuais, contemplando as medidas de manutenção e controle ambiental ","aprox":true}},{"type":"Feature","geometry":{"type":"Point","coordinates":[-51.20023,-29.66197]},"properties":{"id":"FEPAM (RS):AI 252 (Proc. 002476-0567/17-1)","orgao":"FEPAM (RS)","uf":"RS","ano":2017,"categoria":"auto_infracao","tipo":"Auto de Infração — Poluição","empresa":"Pedreira Concordia Ltda - Me","municipio":"Estância Velha","porte":null,"valor":null,"processo":"AI 252 (Proc. 002476-0567/17-1)","link_oficial":"https://sol.fepam.rs.gov.br/consulta/processo?termo=002476-0567/17-1","resumo":"Poluição · Julgamento: Procedente · Multa: R$ 1267 · Ausência de apresentação dos relatórios anuais, contemplando as medidas de manutenção e controle ambiental ","aprox":true}},{"type":"Feature","geometry":{"type":"Point","coordinates":[-53.32836,-27.88675]},"properties":{"id":"FEPAM (RS):AI 253 (Proc. 002507-0567/17-1)","orgao":"FEPAM (RS)","uf":"RS","ano":2017,"categoria":"auto_infracao","tipo":"Auto de Infração — Poluição","empresa":"Simpex Serv. de Col. Transp. E Dest Final de Resíduos Ltda","municipio":"Palmeira das Missões","porte":null,"valor":null,"processo":"AI 253 (Proc. 002507-0567/17-1)","link_oficial":"https://sol.fepam.rs.gov.br/consulta/processo?termo=002507-0567/17-1","resumo":"Poluição · Julgamento: Procedente · Multa: R$ 20306 · Operação da célula de disposição de resíduos em desacordo aos itens 6.3, 7.3 e 10.2 da Licença de Operação","aprox":true}},{"type":"Feature","geometry":{"type":"Point","coordinates":[-53.32836,-27.88675]},"properties":{"id":"FEPAM (RS):AI 253 (Proc. 002507-0567/17-1)","orgao":"FEPAM (RS)","uf":"RS","ano":2017,"categoria":"auto_infracao","tipo":"Auto de Infração — Poluição","empresa":"Simpex Serv. de Col. Transp. E Dest Final de Resíduos Ltda","municipio":"Palmeira das Missões","porte":null,"valor":null,"processo":"AI 253 (Proc. 002507-0567/17-1)","link_oficial":"https://sol.fepam.rs.gov.br/consulta/processo?termo=002507-0567/17-1","resumo":"Poluição · Julgamento: Procedente · Multa: R$ 20306 · Operação da célula de disposição de resíduos em desacordo aos itens 6.3, 7.3 e 10.2 da Licença de Operação","aprox":true}},{"type":"Feature","geometry":{"type":"Point","coordinates":[-53.4968,-27.53559]},"properties":{"id":"FEPAM (RS):AI 254 (Proc. 002509-0567/17-5)","orgao":"FEPAM (RS)","uf":"RS","ano":2017,"categoria":"auto_infracao","tipo":"Auto de Infração — Administrativa","empresa":"Pastificio Rs Ltda - Me","municipio":"Erval Seco","porte":null,"valor":null,"processo":"AI 254 (Proc. 002509-0567/17-5)","link_oficial":"https://sol.fepam.rs.gov.br/consulta/processo?termo=002509-0567/17-5","resumo":"Administrativa · Julgamento: Procedente · Multa: R$ 2692 · Não atendimento do Ofício FEPAM/DICOPI/SELAI nº 5902/2017, no prazo estabelecido; e inobservância aos","aprox":true}},{"type":"Feature","geometry":{"type":"Point","coordinates":[-53.4968,-27.53559]},"properties":{"id":"FEPAM (RS):AI 254 (Proc. 002509-0567/17-5)","orgao":"FEPAM (RS)","uf":"RS","ano":2017,"categoria":"auto_infracao","tipo":"Auto de Infração — Administrativa","empresa":"Pastificio Rs Ltda - Me","municipio":"Erval Seco","porte":null,"valor":null,"processo":"AI 254 (Proc. 002509-0567/17-5)","link_oficial":"https://sol.fepam.rs.gov.br/consulta/processo?termo=002509-0567/17-5","resumo":"Administrativa · Julgamento: Procedente · Multa: R$ 2115.3 · Não atendimento do Ofício FEPAM/DICOPI/SELAI nº 5902/2017, no prazo estabelecido; e inobservância a","aprox":true}},{"type":"Feature","geometry":{"type":"Point","coordinates":[-54.82078,-27.99062]},"properties":{"id":"FEPAM (RS):AI 255 (Proc. 002483-0567/17-5)","orgao":"FEPAM (RS)","uf":"RS","ano":2017,"categoria":"auto_infracao","tipo":"Auto de Infração — Flora","empresa":"Celestino Valdir Ramme","municipio":"Campina das Missões","porte":null,"valor":null,"processo":"AI 255 (Proc. 002483-0567/17-5)","link_oficial":"https://sol.fepam.rs.gov.br/consulta/processo?termo=002483-0567/17-5","resumo":"Flora · Julgamento: Procedente · Multa: R$ 12108 · Corte e destruição de floresta nativa em uma área de 0,1 ha, fora de Área de Preservação Permanente (APP), em","aprox":true}},{"type":"Feature","geometry":{"type":"Point","coordinates":[-54.82078,-27.99062]},"properties":{"id":"FEPAM (RS):AI 255 (Proc. 002483-0567/17-5)","orgao":"FEPAM (RS)","uf":"RS","ano":2017,"categoria":"auto_infracao","tipo":"Auto de Infração — Poluição","empresa":"Celestino Valdir Ramme","municipio":"Campina das Missões","porte":null,"valor":null,"processo":"AI 255 (Proc. 002483-0567/17-5)","link_oficial":"https://sol.fepam.rs.gov.br/consulta/processo?termo=002483-0567/17-5","resumo":"Poluição · Julgamento: Procedente · Multa: R$ 12108 · Corte e destruição de floresta nativa em uma área de 0,1 ha, fora de Área de Preservação Permanente (APP),","aprox":true}},{"type":"Feature","geometry":{"type":"Point","coordinates":[-54.82078,-27.99062]},"properties":{"id":"FEPAM (RS):AI 255 (Proc. 002483-0567/17-5)","orgao":"FEPAM (RS)","uf":"RS","ano":2017,"categoria":"auto_infracao","tipo":"Auto de Infração — Flora","empresa":"Celestino Valdir Ramme","municipio":"Campina das Missões","porte":null,"valor":null,"processo":"AI 255 (Proc. 002483-0567/17-5)","link_oficial":"https://sol.fepam.rs.gov.br/consulta/processo?termo=002483-0567/17-5","resumo":"Flora · Julgamento: Procedente · Corte e destruição de floresta nativa em uma área de 0,1 ha, fora de Área de Preservação Permanente (APP), em estágio médio de ","aprox":true}},{"type":"Feature","geometry":{"type":"Point","coordinates":[-54.82078,-27.99062]},"properties":{"id":"FEPAM (RS):AI 255 (Proc. 002483-0567/17-5)","orgao":"FEPAM (RS)","uf":"RS","ano":2017,"categoria":"auto_infracao","tipo":"Auto de Infração — Poluição","empresa":"Celestino Valdir Ramme","municipio":"Campina das Missões","porte":null,"valor":null,"processo":"AI 255 (Proc. 002483-0567/17-5)","link_oficial":"https://sol.fepam.rs.gov.br/consulta/processo?termo=002483-0567/17-5","resumo":"Poluição · Julgamento: Procedente · Corte e destruição de floresta nativa em uma área de 0,1 ha, fora de Área de Preservação Permanente (APP), em estágio médio ","aprox":true}},{"type":"Feature","geometry":{"type":"Point","coordinates":[-54.82078,-27.99062]},"properties":{"id":"FEPAM (RS):AI 255 (Proc. 002483-0567/17-5)","orgao":"FEPAM (RS)","uf":"RS","ano":2017,"categoria":"auto_infracao","tipo":"Auto de Infração — Flora","empresa":"Celestino Valdir Ramme","municipio":"Campina das Missões","porte":null,"valor":null,"processo":"AI 255 (Proc. 002483-0567/17-5)","link_oficial":"https://sol.fepam.rs.gov.br/consulta/processo?termo=002483-0567/17-5","resumo":"Flora · Julgamento: Procedente · Multa: R$ 12108 · Corte e destruição de floresta nativa em uma área de 0,1 ha, fora de Área de Preservação Permanente (APP), em","aprox":true}},{"type":"Feature","geometry":{"type":"Point","coordinates":[-54.82078,-27.99062]},"properties":{"id":"FEPAM (RS):AI 255 (Proc. 002483-0567/17-5)","orgao":"FEPAM (RS)","uf":"RS","ano":2017,"categoria":"auto_infracao","tipo":"Auto de Infração — Poluição","empresa":"Celestino Valdir Ramme","municipio":"Campina das Missões","porte":null,"valor":null,"processo":"AI 255 (Proc. 002483-0567/17-5)","link_oficial":"https://sol.fepam.rs.gov.br/consulta/processo?termo=002483-0567/17-5","resumo":"Poluição · Julgamento: Procedente · Multa: R$ 12108 · Corte e destruição de floresta nativa em uma área de 0,1 ha, fora de Área de Preservação Permanente (APP),","aprox":true}},{"type":"Feature","geometry":{"type":"Point","coordinates":[-51.3749,-29.5885]},"properties":{"id":"FEPAM (RS):AI 256 (Proc. 002503-0567/17-9)","orgao":"FEPAM (RS)","uf":"RS","ano":2017,"categoria":"auto_infracao","tipo":"Auto de Infração — Poluição","empresa":"Conservas Oderich S/a","municipio":"São Sebastião do Caí","porte":null,"valor":null,"processo":"AI 256 (Proc. 002503-0567/17-9)","link_oficial":"https://sol.fepam.rs.gov.br/consulta/processo?termo=002503-0567/17-9","resumo":"Poluição · Julgamento: Procedente · Multa: R$ 1267 · Ampliação do empreendimento (implantação e operação das valas n° 9, n° 10 e n° 11, e vala n° 12 em fase de ","aprox":true}},{"type":"Feature","geometry":{"type":"Point","coordinates":[-51.3749,-29.5885]},"properties":{"id":"FEPAM (RS):AI 256 (Proc. 002503-0567/17-9)","orgao":"FEPAM (RS)","uf":"RS","ano":2017,"categoria":"auto_infracao","tipo":"Auto de Infração — Poluição","empresa":"Conservas Oderich S/a","municipio":"São Sebastião do Caí","porte":null,"valor":null,"processo":"AI 256 (Proc. 002503-0567/17-9)","link_oficial":"https://sol.fepam.rs.gov.br/consulta/processo?termo=002503-0567/17-9","resumo":"Poluição · Julgamento: Procedente · Ampliação do empreendimento (implantação e operação das valas n° 9, n° 10 e n° 11, e vala n° 12 em fase de implantação), sem","aprox":true}},{"type":"Feature","geometry":{"type":"Point","coordinates":[-51.3749,-29.5885]},"properties":{"id":"FEPAM (RS):AI 256 (Proc. 002503-0567/17-9)","orgao":"FEPAM (RS)","uf":"RS","ano":2017,"categoria":"auto_infracao","tipo":"Auto de Infração — Poluição","empresa":"Conservas Oderich S/a","municipio":"São Sebastião do Caí","porte":null,"valor":null,"processo":"AI 256 (Proc. 002503-0567/17-9)","link_oficial":"https://sol.fepam.rs.gov.br/consulta/processo?termo=002503-0567/17-9","resumo":"Poluição · Julgamento: Procedente · Multa: R$ 1267 · Ampliação do empreendimento (implantação e operação das valas n° 9, n° 10 e n° 11, e vala n° 12 em fase de ","aprox":true}},{"type":"Feature","geometry":{"type":"Point","coordinates":[-53.31294,-27.8997]},"properties":{"id":"FEPAM (RS):AI 257 (Proc. 002504-0567/17-1)","orgao":"FEPAM (RS)","uf":"RS","ano":2017,"categoria":"auto_infracao","tipo":"Auto de Infração — Poluição","empresa":"Simpex Serv. de Col. Transp. E Dest Final de Resíduos Ltda","municipio":"Palmeira das Missões","porte":null,"valor":null,"processo":"AI 257 (Proc. 002504-0567/17-1)","link_oficial":"https://sol.fepam.rs.gov.br/consulta/processo?termo=002504-0567/17-1","resumo":"Poluição · Julgamento: Procedente · Multa: R$ 42430 · Disposição irregular de resíduos sólidos urbanos em área sem licenciamento junto ao Órgão Ambiental compet","aprox":true}},{"type":"Feature","geometry":{"type":"Point","coordinates":[-53.31294,-27.8997]},"properties":{"id":"FEPAM (RS):AI 257 (Proc. 002504-0567/17-1)","orgao":"FEPAM (RS)","uf":"RS","ano":2017,"categoria":"auto_infracao","tipo":"Auto de Infração — Poluição","empresa":"Simpex Serv. de Col. Transp. E Dest Final de Resíduos Ltda","municipio":"Palmeira das Missões","porte":null,"valor":null,"processo":"AI 257 (Proc. 002504-0567/17-1)","link_oficial":"https://sol.fepam.rs.gov.br/consulta/processo?termo=002504-0567/17-1","resumo":"Poluição · Julgamento: Procedente · Multa: R$ 42430 · Disposição irregular de resíduos sólidos urbanos em área sem licenciamento junto ao Órgão Ambiental compet","aprox":true}},{"type":"Feature","geometry":{"type":"Point","coordinates":[-53.6002,-28.62506]},"properties":{"id":"FEPAM (RS):AI 259 (Proc. 002525-0567/17-8)","orgao":"FEPAM (RS)","uf":"RS","ano":2017,"categoria":"auto_infracao","tipo":"Auto de Infração — Poluição","empresa":"Companhia Brasileira do Cobre","municipio":"Cruz Alta","porte":null,"valor":null,"processo":"AI 259 (Proc. 002525-0567/17-8)","link_oficial":"https://sol.fepam.rs.gov.br/consulta/processo?termo=002525-0567/17-8","resumo":"Poluição · Julgamento: Procedente Por Pagamento · Multa: R$ 4053 · Não atendimento ao Ofício FEPAM/DMIN N° 3863/2017, no prazo estabelecido, e funcionamento de ","aprox":true}},{"type":"Feature","geometry":{"type":"Point","coordinates":[-53.6002,-28.62506]},"properties":{"id":"FEPAM (RS):AI 259 (Proc. 002525-0567/17-8)","orgao":"FEPAM (RS)","uf":"RS","ano":2017,"categoria":"auto_infracao","tipo":"Auto de Infração — Poluição","empresa":"Companhia Brasileira do Cobre","municipio":"Cruz Alta","porte":null,"valor":null,"processo":"AI 259 (Proc. 002525-0567/17-8)","link_oficial":"https://sol.fepam.rs.gov.br/consulta/processo?termo=002525-0567/17-8","resumo":"Poluição · Julgamento: Procedente Por Pagamento · Multa: R$ 4053 · Não atendimento ao Ofício FEPAM/DMIN N° 3863/2017, no prazo estabelecido, e funcionamento de ","aprox":true}},{"type":"Feature","geometry":{"type":"Point","coordinates":[-52.1161,-30.69728]},"properties":{"id":"FEPAM (RS):AI 260 (Proc. 002526-0567/17-1)","orgao":"FEPAM (RS)","uf":"RS","ano":2017,"categoria":"auto_infracao","tipo":"Auto de Infração — Flora","empresa":"Irmaos Cioccari E Cia Ltda","municipio":"Dom Feliciano","porte":null,"valor":null,"processo":"AI 260 (Proc. 002526-0567/17-1)","link_oficial":"https://sol.fepam.rs.gov.br/consulta/processo?termo=002526-0567/17-1","resumo":"Flora · Julgamento: Procedente · Multa: R$ 8547 · Manter taludes da frente de lavra com altura excessiva, com inclinação negativa em algumas porções, bem como c","aprox":true}},{"type":"Feature","geometry":{"type":"Point","coordinates":[-52.1161,-30.69728]},"properties":{"id":"FEPAM (RS):AI 260 (Proc. 002526-0567/17-1)","orgao":"FEPAM (RS)","uf":"RS","ano":2017,"categoria":"auto_infracao","tipo":"Auto de Infração — Poluição","empresa":"Irmaos Cioccari E Cia Ltda","municipio":"Dom Feliciano","porte":null,"valor":null,"processo":"AI 260 (Proc. 002526-0567/17-1)","link_oficial":"https://sol.fepam.rs.gov.br/consulta/processo?termo=002526-0567/17-1","resumo":"Poluição · Julgamento: Procedente · Multa: R$ 8547 · Manter taludes da frente de lavra com altura excessiva, com inclinação negativa em algumas porções, bem com","aprox":true}},{"type":"Feature","geometry":{"type":"Point","coordinates":[-52.1161,-30.69728]},"properties":{"id":"FEPAM (RS):AI 260 (Proc. 002526-0567/17-1)","orgao":"FEPAM (RS)","uf":"RS","ano":2017,"categoria":"auto_infracao","tipo":"Auto de Infração — Flora","empresa":"Irmaos Cioccari E Cia Ltda","municipio":"Dom Feliciano","porte":null,"valor":null,"processo":"AI 260 (Proc. 002526-0567/17-1)","link_oficial":"https://sol.fepam.rs.gov.br/consulta/processo?termo=002526-0567/17-1","resumo":"Flora · Julgamento: Procedente · Manter taludes da frente de lavra com altura excessiva, com inclinação negativa em algumas porções, bem como contendo blocos su","aprox":true}},{"type":"Feature","geometry":{"type":"Point","coordinates":[-52.1161,-30.69728]},"properties":{"id":"FEPAM (RS):AI 260 (Proc. 002526-0567/17-1)","orgao":"FEPAM (RS)","uf":"RS","ano":2017,"categoria":"auto_infracao","tipo":"Auto de Infração — Poluição","empresa":"Irmaos Cioccari E Cia Ltda","municipio":"Dom Feliciano","porte":null,"valor":null,"processo":"AI 260 (Proc. 002526-0567/17-1)","link_oficial":"https://sol.fepam.rs.gov.br/consulta/processo?termo=002526-0567/17-1","resumo":"Poluição · Julgamento: Procedente · Manter taludes da frente de lavra com altura excessiva, com inclinação negativa em algumas porções, bem como contendo blocos","aprox":true}},{"type":"Feature","geometry":{"type":"Point","coordinates":[-52.1161,-30.69728]},"properties":{"id":"FEPAM (RS):AI 260 (Proc. 002526-0567/17-1)","orgao":"FEPAM (RS)","uf":"RS","ano":2017,"categoria":"auto_infracao","tipo":"Auto de Infração — Flora","empresa":"Irmaos Cioccari E Cia Ltda","municipio":"Dom Feliciano","porte":null,"valor":null,"processo":"AI 260 (Proc. 002526-0567/17-1)","link_oficial":"https://sol.fepam.rs.gov.br/consulta/processo?termo=002526-0567/17-1","resumo":"Flora · Julgamento: Procedente · Multa: R$ 8547 · Manter taludes da frente de lavra com altura excessiva, com inclinação negativa em algumas porções, bem como c","aprox":true}},{"type":"Feature","geometry":{"type":"Point","coordinates":[-52.1161,-30.69728]},"properties":{"id":"FEPAM (RS):AI 260 (Proc. 002526-0567/17-1)","orgao":"FEPAM (RS)","uf":"RS","ano":2017,"categoria":"auto_infracao","tipo":"Auto de Infração — Poluição","empresa":"Irmaos Cioccari E Cia Ltda","municipio":"Dom Feliciano","porte":null,"valor":null,"processo":"AI 260 (Proc. 002526-0567/17-1)","link_oficial":"https://sol.fepam.rs.gov.br/consulta/processo?termo=002526-0567/17-1","resumo":"Poluição · Julgamento: Procedente · Multa: R$ 8547 · Manter taludes da frente de lavra com altura excessiva, com inclinação negativa em algumas porções, bem com","aprox":true}},{"type":"Feature","geometry":{"type":"Point","coordinates":[-53.19758,-27.3551]},"properties":{"id":"FEPAM (RS):AI 261 (Proc. 002530-0567/17-6)","orgao":"FEPAM (RS)","uf":"RS","ano":2017,"categoria":"auto_infracao","tipo":"Auto de Infração — Poluição","empresa":"Coogamai - Coop de Garimpeiros do Medio E Alto Uruguai Ltda","municipio":"Ametista do Sul","porte":null,"valor":null,"processo":"AI 261 (Proc. 002530-0567/17-6)","link_oficial":"https://sol.fepam.rs.gov.br/consulta/processo?termo=002530-0567/17-6","resumo":"Poluição · Julgamento: Procedente · Multa: R$ 9139 · Operar atividade utilizadora de recursos ambientais considerada efetiva ou potencialmente poluidora em desa","aprox":true}},{"type":"Feature","geometry":{"type":"Point","coordinates":[-53.19758,-27.3551]},"properties":{"id":"FEPAM (RS):AI 261 (Proc. 002530-0567/17-6)","orgao":"FEPAM (RS)","uf":"RS","ano":2017,"categoria":"auto_infracao","tipo":"Auto de Infração — Poluição","empresa":"Coogamai - Coop de Garimpeiros do Medio E Alto Uruguai Ltda","municipio":"Ametista do Sul","porte":null,"valor":null,"processo":"AI 261 (Proc. 002530-0567/17-6)","link_oficial":"https://sol.fepam.rs.gov.br/consulta/processo?termo=002530-0567/17-6","resumo":"Poluição · Julgamento: Procedente · Multa: R$ 9139 · Operar atividade utilizadora de recursos ambientais considerada efetiva ou potencialmente poluidora em desa","aprox":true}},{"type":"Feature","geometry":{"type":"Point","coordinates":[-53.16924,-27.35901]},"properties":{"id":"FEPAM (RS):AI 262 (Proc. 002531-0567/17-9)","orgao":"FEPAM (RS)","uf":"RS","ano":2017,"categoria":"auto_infracao","tipo":"Auto de Infração — Poluição","empresa":"Coogamai - Coop de Garimpeiros do Medio E Alto Uruguai Ltda","municipio":"Ametista do Sul","porte":null,"valor":null,"processo":"AI 262 (Proc. 002531-0567/17-9)","link_oficial":"https://sol.fepam.rs.gov.br/consulta/processo?termo=002531-0567/17-9","resumo":"Poluição · Julgamento: Procedente · Multa: R$ 9139 · Operar atividade utilizadora de recursos ambientais, considerada efetiva ou potencialmente poluidora sem li","aprox":true}},{"type":"Feature","geometry":{"type":"Point","coordinates":[-53.16924,-27.35901]},"properties":{"id":"FEPAM (RS):AI 262 (Proc. 002531-0567/17-9)","orgao":"FEPAM (RS)","uf":"RS","ano":2017,"categoria":"auto_infracao","tipo":"Auto de Infração — Poluição","empresa":"Coogamai - Coop de Garimpeiros do Medio E Alto Uruguai Ltda","municipio":"Ametista do Sul","porte":null,"valor":null,"processo":"AI 262 (Proc. 002531-0567/17-9)","link_oficial":"https://sol.fepam.rs.gov.br/consulta/processo?termo=002531-0567/17-9","resumo":"Poluição · Julgamento: Procedente · Multa: R$ 9139 · Operar atividade utilizadora de recursos ambientais, considerada efetiva ou potencialmente poluidora sem li","aprox":true}},{"type":"Feature","geometry":{"type":"Point","coordinates":[-51.19104,-29.85412]},"properties":{"id":"FEPAM (RS):AI 263 (Proc. 002527-0567/17-3)","orgao":"FEPAM (RS)","uf":"RS","ano":2017,"categoria":"auto_infracao","tipo":"Auto de Infração — Poluição","empresa":"Mtk Equipamentos Industriais Ltda","municipio":"Esteio","porte":null,"valor":null,"processo":"AI 263 (Proc. 002527-0567/17-3)","link_oficial":"https://sol.fepam.rs.gov.br/consulta/processo?termo=002527-0567/17-3","resumo":"Poluição · Julgamento: Procedente · Multa: R$ 2419 · Não apresentação das Planilhas de Geração de Resíduos Sólidos nos períodos estabelecidos no item 4.2 da Lic","aprox":true}},{"type":"Feature","geometry":{"type":"Point","coordinates":[-51.19104,-29.85412]},"properties":{"id":"FEPAM (RS):AI 263 (Proc. 002527-0567/17-3)","orgao":"FEPAM (RS)","uf":"RS","ano":2017,"categoria":"auto_infracao","tipo":"Auto de Infração — Poluição","empresa":"Mtk Equipamentos Industriais Ltda","municipio":"Esteio","porte":null,"valor":null,"processo":"AI 263 (Proc. 002527-0567/17-3)","link_oficial":"https://sol.fepam.rs.gov.br/consulta/processo?termo=002527-0567/17-3","resumo":"Poluição · Julgamento: Procedente · Multa: R$ 2419 · Não apresentação das Planilhas de Geração de Resíduos Sólidos nos períodos estabelecidos no item 4.2 da Lic","aprox":true}},{"type":"Feature","geometry":{"type":"Point","coordinates":[-51.80385,-29.4561]},"properties":{"id":"FEPAM (RS):AI 264 (Proc. 002528-0567/17-6)","orgao":"FEPAM (RS)","uf":"RS","ano":2017,"categoria":"auto_infracao","tipo":"Auto de Infração — Poluição","empresa":"Lactalis do Brasil - Comercio, Importacao E Exportacao de Laticinios Ltda","municipio":"Teutônia","porte":null,"valor":null,"processo":"AI 264 (Proc. 002528-0567/17-6)","link_oficial":"https://sol.fepam.rs.gov.br/consulta/processo?termo=002528-0567/17-6","resumo":"Poluição · Julgamento: Procedente · Multa: R$ 14645 · Ampliação de linhas de produção sem licenciamento prévio junto ao Órgão Ambiental competente; emissões de ","aprox":true}},{"type":"Feature","geometry":{"type":"Point","coordinates":[-51.80385,-29.4561]},"properties":{"id":"FEPAM (RS):AI 264 (Proc. 002528-0567/17-6)","orgao":"FEPAM (RS)","uf":"RS","ano":2017,"categoria":"auto_infracao","tipo":"Auto de Infração — Poluição","empresa":"Lactalis do Brasil - Comercio, Importacao E Exportacao de Laticinios Ltda","municipio":"Teutônia","porte":null,"valor":null,"processo":"AI 264 (Proc. 002528-0567/17-6)","link_oficial":"https://sol.fepam.rs.gov.br/consulta/processo?termo=002528-0567/17-6","resumo":"Poluição · Julgamento: Procedente · Multa: R$ 14645 · Ampliação de linhas de produção sem licenciamento prévio junto ao Órgão Ambiental competente; emissões de ","aprox":true}},{"type":"Feature","geometry":{"type":"Point","coordinates":[-51.1841,-29.1694]},"properties":{"id":"FEPAM (RS):AI 265 (Proc. 002858-0567/17-6)","orgao":"FEPAM (RS)","uf":"RS","ano":2017,"categoria":"auto_infracao","tipo":"Auto de Infração — Poluição","empresa":"Santiago Embalagens Ltda-me","municipio":"Caxias do Sul","porte":null,"valor":null,"processo":"AI 265 (Proc. 002858-0567/17-6)","link_oficial":"https://sol.fepam.rs.gov.br/consulta/processo?termo=002858-0567/17-6","resumo":"Poluição · Julgamento: Procedente · Multa: R$ 500 · Instalação e operação de atividade industrial potencialmente poluidora sem licenciamento junto ao Órgão Ambi","aprox":true}},{"type":"Feature","geometry":{"type":"Point","coordinates":[-51.1841,-29.1694]},"properties":{"id":"FEPAM (RS):AI 265 (Proc. 002858-0567/17-6)","orgao":"FEPAM (RS)","uf":"RS","ano":2017,"categoria":"auto_infracao","tipo":"Auto de Infração — Poluição","empresa":"Santiago Embalagens Ltda-me","municipio":"Caxias do Sul","porte":null,"valor":null,"processo":"AI 265 (Proc. 002858-0567/17-6)","link_oficial":"https://sol.fepam.rs.gov.br/consulta/processo?termo=002858-0567/17-6","resumo":"Poluição · Julgamento: Procedente · Multa: R$ 500 · Instalação e operação de atividade industrial potencialmente poluidora sem licenciamento junto ao Órgão Ambi","aprox":true}},{"type":"Feature","geometry":{"type":"Point","coordinates":[-51.18025,-29.02648]},"properties":{"id":"FEPAM (RS):AI 266 (Proc. 002658-0567/17-1)","orgao":"FEPAM (RS)","uf":"RS","ano":2017,"categoria":"auto_infracao","tipo":"Auto de Infração — Poluição","empresa":"Mineracao Florense Ltda","municipio":"Flores da Cunha","porte":null,"valor":null,"processo":"AI 266 (Proc. 002658-0567/17-1)","link_oficial":"https://sol.fepam.rs.gov.br/consulta/processo?termo=002658-0567/17-1","resumo":"Poluição · Julgamento: Procedente · Multa: R$ 339166 · Supressão de quatro fragmentos de vegetação em estágio médio de regeneração, Bioma Mata Atlântica, passív","aprox":true}},{"type":"Feature","geometry":{"type":"Point","coordinates":[-51.18025,-29.02648]},"properties":{"id":"FEPAM (RS):AI 266 (Proc. 002658-0567/17-1)","orgao":"FEPAM (RS)","uf":"RS","ano":2017,"categoria":"auto_infracao","tipo":"Auto de Infração — Poluição","empresa":"Mineracao Florense Ltda","municipio":"Flores da Cunha","porte":null,"valor":null,"processo":"AI 266 (Proc. 002658-0567/17-1)","link_oficial":"https://sol.fepam.rs.gov.br/consulta/processo?termo=002658-0567/17-1","resumo":"Poluição · Julgamento: Procedente · Supressão de quatro fragmentos de vegetação em estágio médio de regeneração, Bioma Mata Atlântica, passível de licenciamento","aprox":true}},{"type":"Feature","geometry":{"type":"Point","coordinates":[-51.18025,-29.02648]},"properties":{"id":"FEPAM (RS):AI 266 (Proc. 002658-0567/17-1)","orgao":"FEPAM (RS)","uf":"RS","ano":2017,"categoria":"auto_infracao","tipo":"Auto de Infração — Poluição","empresa":"Mineracao Florense Ltda","municipio":"Flores da Cunha","porte":null,"valor":null,"processo":"AI 266 (Proc. 002658-0567/17-1)","link_oficial":"https://sol.fepam.rs.gov.br/consulta/processo?termo=002658-0567/17-1","resumo":"Poluição · Julgamento: Procedente · Multa: R$ 339166 · Supressão de quatro fragmentos de vegetação em estágio médio de regeneração, Bioma Mata Atlântica, passív","aprox":true}},{"type":"Feature","geometry":{"type":"Point","coordinates":[-51.02438,-30.08422]},"properties":{"id":"FEPAM (RS):AI 267 (Proc. 002540-0567/17-8)","orgao":"FEPAM (RS)","uf":"RS","ano":2017,"categoria":"auto_infracao","tipo":"Auto de Infração — Poluição","empresa":"Construlix - Construcoes E Saneamento Ltda","municipio":"Viamão","porte":null,"valor":null,"processo":"AI 267 (Proc. 002540-0567/17-8)","link_oficial":"https://sol.fepam.rs.gov.br/consulta/processo?termo=002540-0567/17-8","resumo":"Poluição · Julgamento: Procedente · Multa: R$ 12369 · Realizar lavra/extração mineral fora da área licenciada pela Licença de Operação LO N° 381/2008-DL, ou sej","aprox":true}},{"type":"Feature","geometry":{"type":"Point","coordinates":[-51.02438,-30.08422]},"properties":{"id":"FEPAM (RS):AI 267 (Proc. 002540-0567/17-8)","orgao":"FEPAM (RS)","uf":"RS","ano":2017,"categoria":"auto_infracao","tipo":"Auto de Infração — Poluição","empresa":"Construlix - Construcoes E Saneamento Ltda","municipio":"Viamão","porte":null,"valor":null,"processo":"AI 267 (Proc. 002540-0567/17-8)","link_oficial":"https://sol.fepam.rs.gov.br/consulta/processo?termo=002540-0567/17-8","resumo":"Poluição · Julgamento: Procedente · Multa: R$ 12369 · Realizar lavra/extração mineral fora da área licenciada pela Licença de Operação LO N° 381/2008-DL, ou sej","aprox":true}},{"type":"Feature","geometry":{"type":"Point","coordinates":[-53.05401,-29.02665]},"properties":{"id":"FEPAM (RS):AI 268 (Proc. 002541-0567/17-1)","orgao":"FEPAM (RS)","uf":"RS","ano":2017,"categoria":"auto_infracao","tipo":"Auto de Infração — Poluição","empresa":"Oswaldo Aluisio Schuster","municipio":"Jacuizinho","porte":null,"valor":null,"processo":"AI 268 (Proc. 002541-0567/17-1)","link_oficial":"https://sol.fepam.rs.gov.br/consulta/processo?termo=002541-0567/17-1","resumo":"Poluição · Julgamento: Procedente · Multa: R$ 2419 · Plantio em Área de Preservação Permanente (APP), descumprindo o item 1 da Licença de Operação LO N.º 2010/2","aprox":true}},{"type":"Feature","geometry":{"type":"Point","coordinates":[-53.05401,-29.02665]},"properties":{"id":"FEPAM (RS):AI 268 (Proc. 002541-0567/17-1)","orgao":"FEPAM (RS)","uf":"RS","ano":2017,"categoria":"auto_infracao","tipo":"Auto de Infração — Poluição","empresa":"Oswaldo Aluisio Schuster","municipio":"Jacuizinho","porte":null,"valor":null,"processo":"AI 268 (Proc. 002541-0567/17-1)","link_oficial":"https://sol.fepam.rs.gov.br/consulta/processo?termo=002541-0567/17-1","resumo":"Poluição · Julgamento: Procedente · Multa: R$ 2419 · Plantio em Área de Preservação Permanente (APP), descumprindo o item 1 da Licença de Operação LO N.º 2010/2","aprox":true}},{"type":"Feature","geometry":{"type":"Point","coordinates":[-53.16251,-27.35559]},"properties":{"id":"FEPAM (RS):AI 269 (Proc. 002542-0567/17-3)","orgao":"FEPAM (RS)","uf":"RS","ano":2017,"categoria":"auto_infracao","tipo":"Auto de Infração — Poluição","empresa":"Coogamai - Coop de Garimpeiros do Medio E Alto Uruguai Ltda","municipio":"Ametista do Sul","porte":null,"valor":null,"processo":"AI 269 (Proc. 002542-0567/17-3)","link_oficial":"https://sol.fepam.rs.gov.br/consulta/processo?termo=002542-0567/17-3","resumo":"Poluição · Julgamento: Procedente · Multa: R$ 9139 · Operar atividade utilizadora de recursos ambientais considerada efetiva ou potencialmente poluidora em desa","aprox":true}},{"type":"Feature","geometry":{"type":"Point","coordinates":[-53.16251,-27.35559]},"properties":{"id":"FEPAM (RS):AI 269 (Proc. 002542-0567/17-3)","orgao":"FEPAM (RS)","uf":"RS","ano":2017,"categoria":"auto_infracao","tipo":"Auto de Infração — Poluição","empresa":"Coogamai - Coop de Garimpeiros do Medio E Alto Uruguai Ltda","municipio":"Ametista do Sul","porte":null,"valor":null,"processo":"AI 269 (Proc. 002542-0567/17-3)","link_oficial":"https://sol.fepam.rs.gov.br/consulta/processo?termo=002542-0567/17-3","resumo":"Poluição · Julgamento: Procedente · Multa: R$ 9139 · Operar atividade utilizadora de recursos ambientais considerada efetiva ou potencialmente poluidora em desa","aprox":true}},{"type":"Feature","geometry":{"type":"Point","coordinates":[-53.19245,-27.37084]},"properties":{"id":"FEPAM (RS):AI 270 (Proc. 002543-0567/17-6)","orgao":"FEPAM (RS)","uf":"RS","ano":2017,"categoria":"auto_infracao","tipo":"Auto de Infração — Poluição","empresa":"Coogamai - Coop de Garimpeiros do Medio E Alto Uruguai Ltda","municipio":"Ametista do Sul","porte":null,"valor":null,"processo":"AI 270 (Proc. 002543-0567/17-6)","link_oficial":"https://sol.fepam.rs.gov.br/consulta/processo?termo=002543-0567/17-6","resumo":"Poluição · Julgamento: Procedente · Multa: R$ 9139 · Operar atividade utilizadora de recursos ambientais, considerada efetiva ou potencialmente poluidora sem li","aprox":true}},{"type":"Feature","geometry":{"type":"Point","coordinates":[-53.19245,-27.37084]},"properties":{"id":"FEPAM (RS):AI 270 (Proc. 002543-0567/17-6)","orgao":"FEPAM (RS)","uf":"RS","ano":2017,"categoria":"auto_infracao","tipo":"Auto de Infração — Poluição","empresa":"Coogamai - Coop de Garimpeiros do Medio E Alto Uruguai Ltda","municipio":"Ametista do Sul","porte":null,"valor":null,"processo":"AI 270 (Proc. 002543-0567/17-6)","link_oficial":"https://sol.fepam.rs.gov.br/consulta/processo?termo=002543-0567/17-6","resumo":"Poluição · Julgamento: Procedente · Multa: R$ 9139 · Operar atividade utilizadora de recursos ambientais, considerada efetiva ou potencialmente poluidora sem li","aprox":true}},{"type":"Feature","geometry":{"type":"Point","coordinates":[-51.06139,-29.67509]},"properties":{"id":"FEPAM (RS):AI 271 (Proc. 002544-0567/17-9)","orgao":"FEPAM (RS)","uf":"RS","ano":2017,"categoria":"auto_infracao","tipo":"Auto de Infração — Poluição","empresa":"Realiza Serviços de Cromagem Ltda - Epp","municipio":"Campo Bom","porte":null,"valor":null,"processo":"AI 271 (Proc. 002544-0567/17-9)","link_oficial":"https://sol.fepam.rs.gov.br/consulta/processo?termo=002544-0567/17-9","resumo":"Poluição · Julgamento: Procedente · Multa: R$ 2515 · Funcionamento de estabelecimento potencialmente poluidor, sem licenciamento ambiental junto ao Órgão ambien","aprox":true}},{"type":"Feature","geometry":{"type":"Point","coordinates":[-51.06139,-29.67509]},"properties":{"id":"FEPAM (RS):AI 271 (Proc. 002544-0567/17-9)","orgao":"FEPAM (RS)","uf":"RS","ano":2017,"categoria":"auto_infracao","tipo":"Auto de Infração — Poluição","empresa":"Realiza Serviços de Cromagem Ltda - Epp","municipio":"Campo Bom","porte":null,"valor":null,"processo":"AI 271 (Proc. 002544-0567/17-9)","link_oficial":"https://sol.fepam.rs.gov.br/consulta/processo?termo=002544-0567/17-9","resumo":"Poluição · Julgamento: Procedente · Multa: R$ 2515 · Funcionamento de estabelecimento potencialmente poluidor, sem licenciamento ambiental junto ao Órgão ambien","aprox":true}},{"type":"Feature","geometry":{"type":"Point","coordinates":[-51.34454,-29.22261]},"properties":{"id":"FEPAM (RS):AI 272 (Proc. 002692-0567/17-1)","orgao":"FEPAM (RS)","uf":"RS","ano":2017,"categoria":"auto_infracao","tipo":"Auto de Infração — Poluição","empresa":"Unicontrol Controle de Pragas Ltda","municipio":"Farroupilha","porte":null,"valor":null,"processo":"AI 272 (Proc. 002692-0567/17-1)","link_oficial":"https://sol.fepam.rs.gov.br/consulta/processo?termo=002692-0567/17-1","resumo":"Poluição · Julgamento: Procedente · Multa: R$ 1651 · Ampliação do empreendimento considerado efetivo ou potencialmente poluidor sem prévio licenciamento junto a","aprox":true}},{"type":"Feature","geometry":{"type":"Point","coordinates":[-51.34454,-29.22261]},"properties":{"id":"FEPAM (RS):AI 272 (Proc. 002692-0567/17-1)","orgao":"FEPAM (RS)","uf":"RS","ano":2017,"categoria":"auto_infracao","tipo":"Auto de Infração — Poluição","empresa":"Unicontrol Controle de Pragas Ltda","municipio":"Farroupilha","porte":null,"valor":null,"processo":"AI 272 (Proc. 002692-0567/17-1)","link_oficial":"https://sol.fepam.rs.gov.br/consulta/processo?termo=002692-0567/17-1","resumo":"Poluição · Julgamento: Procedente · Multa: R$ 1651 · Ampliação do empreendimento considerado efetivo ou potencialmente poluidor sem prévio licenciamento junto a","aprox":true}},{"type":"Feature","geometry":{"type":"Point","coordinates":[-52.85274,-28.73845]},"properties":{"id":"FEPAM (RS):AI 273 (Proc. 002631-0567/17-7)","orgao":"FEPAM (RS)","uf":"RS","ano":2017,"categoria":"auto_infracao","tipo":"Auto de Infração — Poluição","empresa":"Agrodireto Produtos Agricolas Ltda. ­ Epp","municipio":"Espumoso","porte":null,"valor":null,"processo":"AI 273 (Proc. 002631-0567/17-7)","link_oficial":"https://sol.fepam.rs.gov.br/consulta/processo?termo=002631-0567/17-7","resumo":"Poluição · Julgamento: Procedente Por Pagamento · Multa: R$ 1651 · Operação do empreendimento industrial potencialmente poluidor, sem o devido licenciamento do ","aprox":true}},{"type":"Feature","geometry":{"type":"Point","coordinates":[-52.85274,-28.73845]},"properties":{"id":"FEPAM (RS):AI 273 (Proc. 002631-0567/17-7)","orgao":"FEPAM (RS)","uf":"RS","ano":2017,"categoria":"auto_infracao","tipo":"Auto de Infração — Poluição","empresa":"Agrodireto Produtos Agricolas Ltda. ­ Epp","municipio":"Espumoso","porte":null,"valor":null,"processo":"AI 273 (Proc. 002631-0567/17-7)","link_oficial":"https://sol.fepam.rs.gov.br/consulta/processo?termo=002631-0567/17-7","resumo":"Poluição · Julgamento: Procedente Por Pagamento · Multa: R$ 1651 · Operação do empreendimento industrial potencialmente poluidor, sem o devido licenciamento do ","aprox":true}},{"type":"Feature","geometry":{"type":"Point","coordinates":[-51.18101,-29.16739]},"properties":{"id":"FEPAM (RS):AI 274 (Proc. 002750-0567/17-6)","orgao":"FEPAM (RS)","uf":"RS","ano":2017,"categoria":"auto_infracao","tipo":"Auto de Infração — Poluição","empresa":"Anc Comércio de Imóveis E Serviços Ltda","municipio":"Caxias do Sul","porte":null,"valor":null,"processo":"AI 274 (Proc. 002750-0567/17-6)","link_oficial":"https://sol.fepam.rs.gov.br/consulta/processo?termo=002750-0567/17-6","resumo":"Poluição · Julgamento: Procedente · Multa: R$ 4243 · Apresentar Relatório de Supervisão Ambiental (RSA) sem descrições detalhadas do cumprimento de cada condici","aprox":true}},{"type":"Feature","geometry":{"type":"Point","coordinates":[-51.18101,-29.16739]},"properties":{"id":"FEPAM (RS):AI 274 (Proc. 002750-0567/17-6)","orgao":"FEPAM (RS)","uf":"RS","ano":2017,"categoria":"auto_infracao","tipo":"Auto de Infração — Poluição","empresa":"Anc Comércio de Imóveis E Serviços Ltda","municipio":"Caxias do Sul","porte":null,"valor":null,"processo":"AI 274 (Proc. 002750-0567/17-6)","link_oficial":"https://sol.fepam.rs.gov.br/consulta/processo?termo=002750-0567/17-6","resumo":"Poluição · Julgamento: Procedente · Multa: R$ 15474 · Apresentar Relatório de Supervisão Ambiental (RSA) sem descrições detalhadas do cumprimento de cada condic","aprox":true}},{"type":"Feature","geometry":{"type":"Point","coordinates":[-51.50312,-29.29562]},"properties":{"id":"FEPAM (RS):AI 275 (Proc. 002630-0567/17-4)","orgao":"FEPAM (RS)","uf":"RS","ano":2017,"categoria":"auto_infracao","tipo":"Auto de Infração — Administrativa","empresa":"Conservas Coblens Ltda - Me","municipio":"Carlos Barbosa","porte":null,"valor":null,"processo":"AI 275 (Proc. 002630-0567/17-4)","link_oficial":"https://sol.fepam.rs.gov.br/consulta/processo?termo=002630-0567/17-4","resumo":"Administrativa · Julgamento: Procedente · Multa: R$ 2515 · Operação e ampliação de empreendimento com alto potencial poluidor, sem a devida licenciamento do Órg","aprox":true}},{"type":"Feature","geometry":{"type":"Point","coordinates":[-51.50312,-29.29562]},"properties":{"id":"FEPAM (RS):AI 275 (Proc. 002630-0567/17-4)","orgao":"FEPAM (RS)","uf":"RS","ano":2017,"categoria":"auto_infracao","tipo":"Auto de Infração — Administrativa","empresa":"Conservas Coblens Ltda - Me","municipio":"Carlos Barbosa","porte":null,"valor":null,"processo":"AI 275 (Proc. 002630-0567/17-4)","link_oficial":"https://sol.fepam.rs.gov.br/consulta/processo?termo=002630-0567/17-4","resumo":"Administrativa · Julgamento: Procedente · Multa: R$ 2515 · Operação e ampliação de empreendimento com alto potencial poluidor, sem a devida licenciamento do Órg","aprox":true}},{"type":"Feature","geometry":{"type":"Point","coordinates":[-52.19022,-28.60478]},"properties":{"id":"FEPAM (RS):AI 276 (Proc. 002632-0567/17-1)","orgao":"FEPAM (RS)","uf":"RS","ano":2017,"categoria":"auto_infracao","tipo":"Auto de Infração — Flora","empresa":"Lirio Polita","municipio":"Camargo","porte":null,"valor":null,"processo":"AI 276 (Proc. 002632-0567/17-1)","link_oficial":"https://sol.fepam.rs.gov.br/consulta/processo?termo=002632-0567/17-1","resumo":"Flora · Julgamento: Procedente · Multa: R$ 5000 · Supressão de vegetação em estágio médio de regeneração, perfazendo 0,2 hectares, em área de domínio do Bioma M","aprox":true}},{"type":"Feature","geometry":{"type":"Point","coordinates":[-52.19022,-28.60478]},"properties":{"id":"FEPAM (RS):AI 276 (Proc. 002632-0567/17-1)","orgao":"FEPAM (RS)","uf":"RS","ano":2017,"categoria":"auto_infracao","tipo":"Auto de Infração — Flora","empresa":"Lirio Polita","municipio":"Camargo","porte":null,"valor":null,"processo":"AI 276 (Proc. 002632-0567/17-1)","link_oficial":"https://sol.fepam.rs.gov.br/consulta/processo?termo=002632-0567/17-1","resumo":"Flora · Julgamento: Procedente · Multa: R$ 5000 · Supressão de vegetação em estágio médio de regeneração, perfazendo 0,2 hectares, em área de domínio do Bioma M","aprox":true}},{"type":"Feature","geometry":{"type":"Point","coordinates":[-54.55784,-28.15334]},"properties":{"id":"FEPAM (RS):AI 277 (Proc. 002633-0567/17-2)","orgao":"FEPAM (RS)","uf":"RS","ano":2017,"categoria":"auto_infracao","tipo":"Auto de Infração — Poluição","empresa":"Giovelli Cia Ltda","municipio":"Guarani das Missões","porte":null,"valor":null,"processo":"AI 277 (Proc. 002633-0567/17-2)","link_oficial":"https://sol.fepam.rs.gov.br/consulta/processo?termo=002633-0567/17-2","resumo":"Poluição · Julgamento: Procedente · Multa: R$ 8487 · Lançamento de efluente industrial em desacordo com os padrões estabelecidos na condicionante 3.1.5 da Licen","aprox":true}},{"type":"Feature","geometry":{"type":"Point","coordinates":[-54.55784,-28.15334]},"properties":{"id":"FEPAM (RS):AI 277 (Proc. 002633-0567/17-2)","orgao":"FEPAM (RS)","uf":"RS","ano":2017,"categoria":"auto_infracao","tipo":"Auto de Infração — Poluição","empresa":"Giovelli Cia Ltda","municipio":"Guarani das Missões","porte":null,"valor":null,"processo":"AI 277 (Proc. 002633-0567/17-2)","link_oficial":"https://sol.fepam.rs.gov.br/consulta/processo?termo=002633-0567/17-2","resumo":"Poluição · Julgamento: Procedente · Multa: R$ 8487 · Lançamento de efluente industrial em desacordo com os padrões estabelecidos na condicionante 3.1.5 da Licen","aprox":true}},{"type":"Feature","geometry":{"type":"Point","coordinates":[-51.16162,-29.593]},"properties":{"id":"FEPAM (RS):AI 278 (Proc. 002634-0567/17-5)","orgao":"FEPAM (RS)","uf":"RS","ano":2017,"categoria":"auto_infracao","tipo":"Auto de Infração — Poluição","empresa":"Hercosul Alimentos Ltda","municipio":"Ivoti","porte":null,"valor":null,"processo":"AI 278 (Proc. 002634-0567/17-5)","link_oficial":"https://sol.fepam.rs.gov.br/consulta/processo?termo=002634-0567/17-5","resumo":"Poluição · Julgamento: Procedente · Multa: R$ 8487 · Desprendimento do sistema de exaustão do moinho da Fábrica 3, gerando emissão de material particulado para ","aprox":true}},{"type":"Feature","geometry":{"type":"Point","coordinates":[-51.16162,-29.593]},"properties":{"id":"FEPAM (RS):AI 278 (Proc. 002634-0567/17-5)","orgao":"FEPAM (RS)","uf":"RS","ano":2017,"categoria":"auto_infracao","tipo":"Auto de Infração — Poluição","empresa":"Hercosul Alimentos Ltda","municipio":"Ivoti","porte":null,"valor":null,"processo":"AI 278 (Proc. 002634-0567/17-5)","link_oficial":"https://sol.fepam.rs.gov.br/consulta/processo?termo=002634-0567/17-5","resumo":"Poluição · Julgamento: Procedente · Multa: R$ 8487 · Desprendimento do sistema de exaustão do moinho da Fábrica 3, gerando emissão de material particulado para ","aprox":true}},{"type":"Feature","geometry":{"type":"Point","coordinates":[-51.522,-29.17573]},"properties":{"id":"FEPAM (RS):AI 279 (Proc. 002636-0567/17-1)","orgao":"FEPAM (RS)","uf":"RS","ano":2017,"categoria":"auto_infracao","tipo":"Auto de Infração — Poluição","empresa":"Prefeitura Municipal de Bento Goncalves","municipio":"Bento Gonçalves","porte":null,"valor":null,"processo":"AI 279 (Proc. 002636-0567/17-1)","link_oficial":"https://sol.fepam.rs.gov.br/consulta/processo?termo=002636-0567/17-1","resumo":"Poluição · Julgamento: Procedente · Multa: R$ 5031 · Não apresentar relatório técnico de execução das obras, até janeiro de 2017; descumprindo o item 10.1 das d","aprox":true}},{"type":"Feature","geometry":{"type":"Point","coordinates":[-51.522,-29.17573]},"properties":{"id":"FEPAM (RS):AI 279 (Proc. 002636-0567/17-1)","orgao":"FEPAM (RS)","uf":"RS","ano":2017,"categoria":"auto_infracao","tipo":"Auto de Infração — Poluição","empresa":"Prefeitura Municipal de Bento Goncalves","municipio":"Bento Gonçalves","porte":null,"valor":null,"processo":"AI 279 (Proc. 002636-0567/17-1)","link_oficial":"https://sol.fepam.rs.gov.br/consulta/processo?termo=002636-0567/17-1","resumo":"Poluição · Julgamento: Procedente · Multa: R$ 5031 · Não apresentar relatório técnico de execução das obras, até janeiro de 2017; descumprindo o item 10.1 das d","aprox":true}},{"type":"Feature","geometry":{"type":"Point","coordinates":[-54.61737,-28.25155]},"properties":{"id":"FEPAM (RS):AI 280 (Proc. 002648-0567/17-8)","orgao":"FEPAM (RS)","uf":"RS","ano":2017,"categoria":"auto_infracao","tipo":"Auto de Infração — Flora","empresa":"Velocino Muller","municipio":"Mato Queimado","porte":null,"valor":null,"processo":"AI 280 (Proc. 002648-0567/17-8)","link_oficial":"https://sol.fepam.rs.gov.br/consulta/processo?termo=002648-0567/17-8","resumo":"Flora · Julgamento: Procedente · Multa: R$ 1000 · Queimada em área agropastoril de 0,5 ha, fora da Área de Preservação Permanente (APP), atingindo vegetação ras","aprox":true}},{"type":"Feature","geometry":{"type":"Point","coordinates":[-54.61737,-28.25155]},"properties":{"id":"FEPAM (RS):AI 280 (Proc. 002648-0567/17-8)","orgao":"FEPAM (RS)","uf":"RS","ano":2017,"categoria":"auto_infracao","tipo":"Auto de Infração — Flora","empresa":"Velocino Muller","municipio":"Mato Queimado","porte":null,"valor":null,"processo":"AI 280 (Proc. 002648-0567/17-8)","link_oficial":"https://sol.fepam.rs.gov.br/consulta/processo?termo=002648-0567/17-8","resumo":"Flora · Julgamento: Procedente · Multa: R$ 1000 · Queimada em área agropastoril de 0,5 ha, fora da Área de Preservação Permanente (APP), atingindo vegetação ras","aprox":true}},{"type":"Feature","geometry":{"type":"Point","coordinates":[-55.26308,-28.79323]},"properties":{"id":"FEPAM (RS):AI 281 (Proc. 002649-0567/17-1)","orgao":"FEPAM (RS)","uf":"RS","ano":2017,"categoria":"auto_infracao","tipo":"Auto de Infração — Flora","empresa":"Paulo Amilton Cardoso Caetano","municipio":"Itacurubi","porte":null,"valor":null,"processo":"AI 281 (Proc. 002649-0567/17-1)","link_oficial":"https://sol.fepam.rs.gov.br/consulta/processo?termo=002649-0567/17-1","resumo":"Flora · Julgamento: Procedente · Multa: R$ 11000 · Queimada em campo nativo com pingadeira (aparelho com aspecto de lâmpada com óleo e pavio para propagação do ","aprox":true}},{"type":"Feature","geometry":{"type":"Point","coordinates":[-55.26308,-28.79323]},"properties":{"id":"FEPAM (RS):AI 281 (Proc. 002649-0567/17-1)","orgao":"FEPAM (RS)","uf":"RS","ano":2017,"categoria":"auto_infracao","tipo":"Auto de Infração — Flora","empresa":"Paulo Amilton Cardoso Caetano","municipio":"Itacurubi","porte":null,"valor":null,"processo":"AI 281 (Proc. 002649-0567/17-1)","link_oficial":"https://sol.fepam.rs.gov.br/consulta/processo?termo=002649-0567/17-1","resumo":"Flora · Julgamento: Procedente · Multa: R$ 11000 · Queimada em campo nativo com pingadeira (aparelho com aspecto de lâmpada com óleo e pavio para propagação do ","aprox":true}},{"type":"Feature","geometry":{"type":"Point","coordinates":[-55.24334,-28.78735]},"properties":{"id":"FEPAM (RS):AI 282 (Proc. 002660-0567/17-1)","orgao":"FEPAM (RS)","uf":"RS","ano":2017,"categoria":"auto_infracao","tipo":"Auto de Infração — Flora","empresa":"João Alberto Sampaio Juchem","municipio":"Itacurubi","porte":null,"valor":null,"processo":"AI 282 (Proc. 002660-0567/17-1)","link_oficial":"https://sol.fepam.rs.gov.br/consulta/processo?termo=002660-0567/17-1","resumo":"Flora · Julgamento: Procedente · Multa: R$ 22000 · Queimada de área agropastoril, atingindo a vegetação campestre numa área de 22 ha, sendo que deste total 0,5 ","aprox":true}},{"type":"Feature","geometry":{"type":"Point","coordinates":[-55.24334,-28.78735]},"properties":{"id":"FEPAM (RS):AI 282 (Proc. 002660-0567/17-1)","orgao":"FEPAM (RS)","uf":"RS","ano":2017,"categoria":"auto_infracao","tipo":"Auto de Infração — Flora","empresa":"João Alberto Sampaio Juchem","municipio":"Itacurubi","porte":null,"valor":null,"processo":"AI 282 (Proc. 002660-0567/17-1)","link_oficial":"https://sol.fepam.rs.gov.br/consulta/processo?termo=002660-0567/17-1","resumo":"Flora · Julgamento: Procedente · Multa: R$ 27000 · Queimada de área agropastoril, atingindo a vegetação campestre numa área de 22 ha, sendo que deste total 0,5 ","aprox":true}},{"type":"Feature","geometry":{"type":"Point","coordinates":[-55.21908,-28.53054]},"properties":{"id":"FEPAM (RS):AI 283 (Proc. 002661-0567/17-2)","orgao":"FEPAM (RS)","uf":"RS","ano":2017,"categoria":"auto_infracao","tipo":"Auto de Infração — Flora","empresa":"Oberte Marmitt Luft","municipio":"Santo Antônio das Missões","porte":null,"valor":null,"processo":"AI 283 (Proc. 002661-0567/17-2)","link_oficial":"https://sol.fepam.rs.gov.br/consulta/processo?termo=002661-0567/17-2","resumo":"Flora · Julgamento: Prescrito · Multa: R$ 32000 · Supressão de vegetação nativa do bioma Pampa, atingindo 26,75ha fora da Área de Preservação Permanente (APP), ","aprox":true}},{"type":"Feature","geometry":{"type":"Point","coordinates":[-55.21908,-28.53054]},"properties":{"id":"FEPAM (RS):AI 283 (Proc. 002661-0567/17-2)","orgao":"FEPAM (RS)","uf":"RS","ano":2017,"categoria":"auto_infracao","tipo":"Auto de Infração — Flora","empresa":"Oberte Marmitt Luft","municipio":"Santo Antônio das Missões","porte":null,"valor":null,"processo":"AI 283 (Proc. 002661-0567/17-2)","link_oficial":"https://sol.fepam.rs.gov.br/consulta/processo?termo=002661-0567/17-2","resumo":"Flora · Julgamento: Prescrito · Supressão de vegetação nativa do bioma Pampa, atingindo 26,75ha fora da Área de Preservação Permanente (APP), conforme Art. 58; ","aprox":true}},{"type":"Feature","geometry":{"type":"Point","coordinates":[-55.21908,-28.53054]},"properties":{"id":"FEPAM (RS):AI 283 (Proc. 002661-0567/17-2)","orgao":"FEPAM (RS)","uf":"RS","ano":2017,"categoria":"auto_infracao","tipo":"Auto de Infração — Flora","empresa":"Oberte Marmitt Luft","municipio":"Santo Antônio das Missões","porte":null,"valor":null,"processo":"AI 283 (Proc. 002661-0567/17-2)","link_oficial":"https://sol.fepam.rs.gov.br/consulta/processo?termo=002661-0567/17-2","resumo":"Flora · Julgamento: Prescrito · Multa: R$ 32000 · Supressão de vegetação nativa do bioma Pampa, atingindo 26,75ha fora da Área de Preservação Permanente (APP), ","aprox":true}},{"type":"Feature","geometry":{"type":"Point","coordinates":[-54.75064,-27.94144]},"properties":{"id":"FEPAM (RS):AI 284 (Proc. 002662-0567/17-5)","orgao":"FEPAM (RS)","uf":"RS","ano":2017,"categoria":"auto_infracao","tipo":"Auto de Infração — Flora","empresa":"Marcia Inez Lunkes","municipio":"Cândido Godói","porte":null,"valor":null,"processo":"AI 284 (Proc. 002662-0567/17-5)","link_oficial":"https://sol.fepam.rs.gov.br/consulta/processo?termo=002662-0567/17-5","resumo":"Flora · Julgamento: Improcedente · Multa: R$ 6000 · Supressão de floresta nativa em uma área de 300 metros de comprimento por 09 metros de largura, fora da área","aprox":true}},{"type":"Feature","geometry":{"type":"Point","coordinates":[-54.75064,-27.94144]},"properties":{"id":"FEPAM (RS):AI 284 (Proc. 002662-0567/17-5)","orgao":"FEPAM (RS)","uf":"RS","ano":2017,"categoria":"auto_infracao","tipo":"Auto de Infração — Flora","empresa":"Marcia Inez Lunkes","municipio":"Cândido Godói","porte":null,"valor":null,"processo":"AI 284 (Proc. 002662-0567/17-5)","link_oficial":"https://sol.fepam.rs.gov.br/consulta/processo?termo=002662-0567/17-5","resumo":"Flora · Julgamento: Improcedente · Supressão de floresta nativa em uma área de 300 metros de comprimento por 09 metros de largura, fora da área de Área de Prese","aprox":true}},{"type":"Feature","geometry":{"type":"Point","coordinates":[-55.02892,-28.13468]},"properties":{"id":"FEPAM (RS):AI 285 (Proc. 002663-0567/17-8)","orgao":"FEPAM (RS)","uf":"RS","ano":2017,"categoria":"auto_infracao","tipo":"Auto de Infração — Flora","empresa":"Edison Weiss Weber","municipio":"Roque Gonzales","porte":null,"valor":null,"processo":"AI 285 (Proc. 002663-0567/17-8)","link_oficial":"https://sol.fepam.rs.gov.br/consulta/processo?termo=002663-0567/17-8","resumo":"Flora · Julgamento: Anulado · Multa: R$ 6000 · Supressão de vegetação nativa secundária no estágio inicial, médio e avançado de regeneração natural, atingindo 0","aprox":true}},{"type":"Feature","geometry":{"type":"Point","coordinates":[-55.02892,-28.13468]},"properties":{"id":"FEPAM (RS):AI 285 (Proc. 002663-0567/17-8)","orgao":"FEPAM (RS)","uf":"RS","ano":2017,"categoria":"auto_infracao","tipo":"Auto de Infração — Flora","empresa":"Edison Weiss Weber","municipio":"Roque Gonzales","porte":null,"valor":null,"processo":"AI 285 (Proc. 002663-0567/17-8)","link_oficial":"https://sol.fepam.rs.gov.br/consulta/processo?termo=002663-0567/17-8","resumo":"Flora · Julgamento: Anulado · Supressão de vegetação nativa secundária no estágio inicial, médio e avançado de regeneração natural, atingindo 0,5 ha de área, co","aprox":true}},{"type":"Feature","geometry":{"type":"Point","coordinates":[-54.76178,-27.93472]},"properties":{"id":"FEPAM (RS):AI 286 (Proc. 002671-0567/17-4)","orgao":"FEPAM (RS)","uf":"RS","ano":2017,"categoria":"auto_infracao","tipo":"Auto de Infração — Flora","empresa":"Rudi Seibt","municipio":"Cândido Godói","porte":null,"valor":null,"processo":"AI 286 (Proc. 002671-0567/17-4)","link_oficial":"https://sol.fepam.rs.gov.br/consulta/processo?termo=002671-0567/17-4","resumo":"Flora · Julgamento: Prescrito · Multa: R$ 6000 · Supressão de mata nativa fora da área de APP(Área de Preservação Permanente) do bioma Mata Atlântica, sendo o t","aprox":true}},{"type":"Feature","geometry":{"type":"Point","coordinates":[-54.76178,-27.93472]},"properties":{"id":"FEPAM (RS):AI 286 (Proc. 002671-0567/17-4)","orgao":"FEPAM (RS)","uf":"RS","ano":2017,"categoria":"auto_infracao","tipo":"Auto de Infração — Flora","empresa":"Rudi Seibt","municipio":"Cândido Godói","porte":null,"valor":null,"processo":"AI 286 (Proc. 002671-0567/17-4)","link_oficial":"https://sol.fepam.rs.gov.br/consulta/processo?termo=002671-0567/17-4","resumo":"Flora · Julgamento: Prescrito · Supressão de mata nativa fora da área de APP(Área de Preservação Permanente) do bioma Mata Atlântica, sendo o total de área dest","aprox":true}},{"type":"Feature","geometry":{"type":"Point","coordinates":[-54.76178,-27.93472]},"properties":{"id":"FEPAM (RS):AI 286 (Proc. 002671-0567/17-4)","orgao":"FEPAM (RS)","uf":"RS","ano":2017,"categoria":"auto_infracao","tipo":"Auto de Infração — Flora","empresa":"Rudi Seibt","municipio":"Cândido Godói","porte":null,"valor":null,"processo":"AI 286 (Proc. 002671-0567/17-4)","link_oficial":"https://sol.fepam.rs.gov.br/consulta/processo?termo=002671-0567/17-4","resumo":"Flora · Julgamento: Prescrito · Multa: R$ 6000 · Supressão de mata nativa fora da área de APP(Área de Preservação Permanente) do bioma Mata Atlântica, sendo o t","aprox":true}},{"type":"Feature","geometry":{"type":"Point","coordinates":[-55.22467,-28.51409]},"properties":{"id":"FEPAM (RS):AI 287 (Proc. 002672-0567/17-7)","orgao":"FEPAM (RS)","uf":"RS","ano":2017,"categoria":"auto_infracao","tipo":"Auto de Infração — Flora","empresa":"Rodrigo Dotto","municipio":"Santo Antônio das Missões","porte":null,"valor":null,"processo":"AI 287 (Proc. 002672-0567/17-7)","link_oficial":"https://sol.fepam.rs.gov.br/consulta/processo?termo=002672-0567/17-7","resumo":"Flora · Julgamento: Procedente · Multa: R$ 22000 · Supressão de 22 ha da vegetação nativa herbácea campestre do Bioma Pampa, sem licenciamento do Órgão Ambienta","aprox":true}},{"type":"Feature","geometry":{"type":"Point","coordinates":[-55.22467,-28.51409]},"properties":{"id":"FEPAM (RS):AI 287 (Proc. 002672-0567/17-7)","orgao":"FEPAM (RS)","uf":"RS","ano":2017,"categoria":"auto_infracao","tipo":"Auto de Infração — Flora","empresa":"Rodrigo Dotto","municipio":"Santo Antônio das Missões","porte":null,"valor":null,"processo":"AI 287 (Proc. 002672-0567/17-7)","link_oficial":"https://sol.fepam.rs.gov.br/consulta/processo?termo=002672-0567/17-7","resumo":"Flora · Julgamento: Procedente · Supressão de 22 ha da vegetação nativa herbácea campestre do Bioma Pampa, sem licenciamento do Órgão Ambiental competente, para","aprox":true}},{"type":"Feature","geometry":{"type":"Point","coordinates":[-55.22467,-28.51409]},"properties":{"id":"FEPAM (RS):AI 287 (Proc. 002672-0567/17-7)","orgao":"FEPAM (RS)","uf":"RS","ano":2017,"categoria":"auto_infracao","tipo":"Auto de Infração — Flora","empresa":"Rodrigo Dotto","municipio":"Santo Antônio das Missões","porte":null,"valor":null,"processo":"AI 287 (Proc. 002672-0567/17-7)","link_oficial":"https://sol.fepam.rs.gov.br/consulta/processo?termo=002672-0567/17-7","resumo":"Flora · Julgamento: Procedente · Multa: R$ 22000 · Supressão de 22 ha da vegetação nativa herbácea campestre do Bioma Pampa, sem licenciamento do Órgão Ambienta","aprox":true}},{"type":"Feature","geometry":{"type":"Point","coordinates":[-51.80396,-27.9312]},"properties":{"id":"FEPAM (RS):AI 288 (Proc. 002570-0567/17-3)","orgao":"FEPAM (RS)","uf":"RS","ano":2017,"categoria":"auto_infracao","tipo":"Auto de Infração — Poluição","empresa":"Prefeitura Municipal de Sananduva","municipio":"Sananduva","porte":null,"valor":null,"processo":"AI 288 (Proc. 002570-0567/17-3)","link_oficial":"https://sol.fepam.rs.gov.br/consulta/processo?termo=002570-0567/17-3","resumo":"Poluição · Julgamento: Procedente · Multa: R$ 13095 · Operar atividade utilizadora de recursos ambientais considerada efetiva ou potencialmente poluidora em des","aprox":true}},{"type":"Feature","geometry":{"type":"Point","coordinates":[-51.80396,-27.9312]},"properties":{"id":"FEPAM (RS):AI 288 (Proc. 002570-0567/17-3)","orgao":"FEPAM (RS)","uf":"RS","ano":2017,"categoria":"auto_infracao","tipo":"Auto de Infração — Poluição","empresa":"Prefeitura Municipal de Sananduva","municipio":"Sananduva","porte":null,"valor":null,"processo":"AI 288 (Proc. 002570-0567/17-3)","link_oficial":"https://sol.fepam.rs.gov.br/consulta/processo?termo=002570-0567/17-3","resumo":"Poluição · Julgamento: Procedente · Multa: R$ 13095 · Operar atividade utilizadora de recursos ambientais considerada efetiva ou potencialmente poluidora em des","aprox":true}},{"type":"Feature","geometry":{"type":"Point","coordinates":[-50.06264,-29.57814]},"properties":{"id":"FEPAM (RS):AI 289 (Proc. 002573-0567/17-1)","orgao":"FEPAM (RS)","uf":"RS","ano":2017,"categoria":"auto_infracao","tipo":"Auto de Infração — Flora","empresa":"Genesio Valim Scheffer","municipio":"Terra de Areia","porte":null,"valor":null,"processo":"AI 289 (Proc. 002573-0567/17-1)","link_oficial":"https://sol.fepam.rs.gov.br/consulta/processo?termo=002573-0567/17-1","resumo":"Flora · Julgamento: Prescrito · Multa: R$ 17000 · Supressão da vegetação nativa do Bioma Mata Atlântica, dentro de Área de Proteção Ambiental (APA), atingindo e","aprox":true}},{"type":"Feature","geometry":{"type":"Point","coordinates":[-50.06264,-29.57814]},"properties":{"id":"FEPAM (RS):AI 289 (Proc. 002573-0567/17-1)","orgao":"FEPAM (RS)","uf":"RS","ano":2017,"categoria":"auto_infracao","tipo":"Auto de Infração — Flora","empresa":"Genesio Valim Scheffer","municipio":"Terra de Areia","porte":null,"valor":null,"processo":"AI 289 (Proc. 002573-0567/17-1)","link_oficial":"https://sol.fepam.rs.gov.br/consulta/processo?termo=002573-0567/17-1","resumo":"Flora · Julgamento: Prescrito · Multa: R$ 17000 · Supressão da vegetação nativa do Bioma Mata Atlântica, dentro de Área de Proteção Ambiental (APA), atingindo e","aprox":true}},{"type":"Feature","geometry":{"type":"Point","coordinates":[-50.06264,-29.57814]},"properties":{"id":"FEPAM (RS):AI 289 (Proc. 002573-0567/17-1)","orgao":"FEPAM (RS)","uf":"RS","ano":2017,"categoria":"auto_infracao","tipo":"Auto de Infração — Flora","empresa":"Genesio Valim Scheffer","municipio":"Terra de Areia","porte":null,"valor":null,"processo":"AI 289 (Proc. 002573-0567/17-1)","link_oficial":"https://sol.fepam.rs.gov.br/consulta/processo?termo=002573-0567/17-1","resumo":"Flora · Julgamento: Prescrito · Supressão da vegetação nativa do Bioma Mata Atlântica, dentro de Área de Proteção Ambiental (APA), atingindo espécies da flora a","aprox":true}},{"type":"Feature","geometry":{"type":"Point","coordinates":[-51.8858,-28.83119]},"properties":{"id":"FEPAM (RS):AI 290 (Proc. 002637-0567/17-3)","orgao":"FEPAM (RS)","uf":"RS","ano":2017,"categoria":"auto_infracao","tipo":"Auto de Infração — Poluição","empresa":"Olivio Girotto - Epp","municipio":"Guaporé","porte":null,"valor":null,"processo":"AI 290 (Proc. 002637-0567/17-3)","link_oficial":"https://sol.fepam.rs.gov.br/consulta/processo?termo=002637-0567/17-3","resumo":"Poluição · Julgamento: Procedente Por Pagamento · Multa: R$ 500 · Implantação de equipamentos sem o prévio licenciamento junto ao Órgão Ambiental competente; de","aprox":true}},{"type":"Feature","geometry":{"type":"Point","coordinates":[-51.8858,-28.83119]},"properties":{"id":"FEPAM (RS):AI 290 (Proc. 002637-0567/17-3)","orgao":"FEPAM (RS)","uf":"RS","ano":2017,"categoria":"auto_infracao","tipo":"Auto de Infração — Poluição","empresa":"Olivio Girotto - Epp","municipio":"Guaporé","porte":null,"valor":null,"processo":"AI 290 (Proc. 002637-0567/17-3)","link_oficial":"https://sol.fepam.rs.gov.br/consulta/processo?termo=002637-0567/17-3","resumo":"Poluição · Julgamento: Procedente Por Pagamento · Multa: R$ 500 · Implantação de equipamentos sem o prévio licenciamento junto ao Órgão Ambiental competente; de","aprox":true}},{"type":"Feature","geometry":{"type":"Point","coordinates":[-51.19165,-29.17625]},"properties":{"id":"FEPAM (RS):AI 291 (Proc. 002638-0567/17-6)","orgao":"FEPAM (RS)","uf":"RS","ano":2017,"categoria":"auto_infracao","tipo":"Auto de Infração — Poluição","empresa":"Tres Eixos Ind de Equipamentos de Transportes Ltda","municipio":"Caxias do Sul","porte":null,"valor":null,"processo":"AI 291 (Proc. 002638-0567/17-6)","link_oficial":"https://sol.fepam.rs.gov.br/consulta/processo?termo=002638-0567/17-6","resumo":"Poluição · Julgamento: Procedente · Multa: R$ 5107 · Funcionamento de estabelecimento potencialmente poluidor, sem licenciamento ambiental junto ao Órgão ambien","aprox":true}},{"type":"Feature","geometry":{"type":"Point","coordinates":[-51.19165,-29.17625]},"properties":{"id":"FEPAM (RS):AI 291 (Proc. 002638-0567/17-6)","orgao":"FEPAM (RS)","uf":"RS","ano":2017,"categoria":"auto_infracao","tipo":"Auto de Infração — Poluição","empresa":"Tres Eixos Ind de Equipamentos de Transportes Ltda","municipio":"Caxias do Sul","porte":null,"valor":null,"processo":"AI 291 (Proc. 002638-0567/17-6)","link_oficial":"https://sol.fepam.rs.gov.br/consulta/processo?termo=002638-0567/17-6","resumo":"Poluição · Julgamento: Procedente · Multa: R$ 5107 · Funcionamento de estabelecimento potencialmente poluidor, sem licenciamento ambiental junto ao Órgão ambien","aprox":true}},{"type":"Feature","geometry":{"type":"Point","coordinates":[-51.20895,-30.02927]},"properties":{"id":"FEPAM (RS):AI 292 (Proc. 002656-0567/17-4)","orgao":"FEPAM (RS)","uf":"RS","ano":2017,"categoria":"auto_infracao","tipo":"Auto de Infração — Poluição","empresa":"Ambsul Serviços de Limpeza Ltda","municipio":"Porto Alegre","porte":null,"valor":null,"processo":"AI 292 (Proc. 002656-0567/17-4)","link_oficial":"https://sol.fepam.rs.gov.br/consulta/processo?termo=002656-0567/17-4","resumo":"Poluição · Julgamento: Procedente · Multa: R$ 1267 · Funcionamento de atividade potencialmente poluidora (Transporte de Resíduos Perigosos), sem licenciamento d","aprox":true}},{"type":"Feature","geometry":{"type":"Point","coordinates":[-51.20895,-30.02927]},"properties":{"id":"FEPAM (RS):AI 292 (Proc. 002656-0567/17-4)","orgao":"FEPAM (RS)","uf":"RS","ano":2017,"categoria":"auto_infracao","tipo":"Auto de Infração — Poluição","empresa":"Ambsul Serviços de Limpeza Ltda","municipio":"Porto Alegre","porte":null,"valor":null,"processo":"AI 292 (Proc. 002656-0567/17-4)","link_oficial":"https://sol.fepam.rs.gov.br/consulta/processo?termo=002656-0567/17-4","resumo":"Poluição · Julgamento: Procedente · Multa: R$ 1267 · Funcionamento de atividade potencialmente poluidora (Transporte de Resíduos Perigosos), sem licenciamento d","aprox":true}},{"type":"Feature","geometry":{"type":"Point","coordinates":[-51.71728,-29.93923]},"properties":{"id":"FEPAM (RS):AI 293 (Proc. 002640-0567/17-6)","orgao":"FEPAM (RS)","uf":"RS","ano":2017,"categoria":"auto_infracao","tipo":"Auto de Infração — Poluição","empresa":"Gabriela Ramos Silva - Epp","municipio":"Triunfo","porte":null,"valor":null,"processo":"AI 293 (Proc. 002640-0567/17-6)","link_oficial":"https://sol.fepam.rs.gov.br/consulta/processo?termo=002640-0567/17-6","resumo":"Poluição · Julgamento: Prescrito · Multa: R$ 18278 · Abertura, instalação e operação de cava para extração mineral de areia, fora de recurso, sem licenciamento ","aprox":true}},{"type":"Feature","geometry":{"type":"Point","coordinates":[-51.71728,-29.93923]},"properties":{"id":"FEPAM (RS):AI 293 (Proc. 002640-0567/17-6)","orgao":"FEPAM (RS)","uf":"RS","ano":2017,"categoria":"auto_infracao","tipo":"Auto de Infração — Poluição","empresa":"Gabriela Ramos Silva - Epp","municipio":"Triunfo","porte":null,"valor":null,"processo":"AI 293 (Proc. 002640-0567/17-6)","link_oficial":"https://sol.fepam.rs.gov.br/consulta/processo?termo=002640-0567/17-6","resumo":"Poluição · Julgamento: Prescrito · Multa: R$ 18278 · Abertura, instalação e operação de cava para extração mineral de areia, fora de recurso, sem licenciamento ","aprox":true}},{"type":"Feature","geometry":{"type":"Point","coordinates":[-52.09462,-32.03225]},"properties":{"id":"FEPAM (RS):AI 294 (Proc. 002641-0567/17-9)","orgao":"FEPAM (RS)","uf":"RS","ano":2017,"categoria":"auto_infracao","tipo":"Auto de Infração — Poluição","empresa":"Rumo Malha Sul S. A.","municipio":"Rio Grande","porte":null,"valor":null,"processo":"AI 294 (Proc. 002641-0567/17-9)","link_oficial":"https://sol.fepam.rs.gov.br/consulta/processo?termo=002641-0567/17-9","resumo":"Poluição · Julgamento: Procedente · Multa: R$ 26062 · Situação de emergência decorrente de acidente ferroviário (descarrilamento e tombamento de 2 locomotivas),","aprox":true}},{"type":"Feature","geometry":{"type":"Point","coordinates":[-52.09462,-32.03225]},"properties":{"id":"FEPAM (RS):AI 294 (Proc. 002641-0567/17-9)","orgao":"FEPAM (RS)","uf":"RS","ano":2017,"categoria":"auto_infracao","tipo":"Auto de Infração — Poluição","empresa":"Rumo Malha Sul S. A.","municipio":"Rio Grande","porte":null,"valor":null,"processo":"AI 294 (Proc. 002641-0567/17-9)","link_oficial":"https://sol.fepam.rs.gov.br/consulta/processo?termo=002641-0567/17-9","resumo":"Poluição · Julgamento: Procedente · Multa: R$ 26062 · Situação de emergência decorrente de acidente ferroviário (descarrilamento e tombamento de 2 locomotivas),","aprox":true}},{"type":"Feature","geometry":{"type":"Point","coordinates":[-54.35852,-28.02958]},"properties":{"id":"FEPAM (RS):AI 295 (Proc. 002645-0567/17-1)","orgao":"FEPAM (RS)","uf":"RS","ano":2017,"categoria":"auto_infracao","tipo":"Auto de Infração — Flora","empresa":"Geolar Guerstein","municipio":"Giruá","porte":null,"valor":null,"processo":"AI 295 (Proc. 002645-0567/17-1)","link_oficial":"https://sol.fepam.rs.gov.br/consulta/processo?termo=002645-0567/17-1","resumo":"Flora · Julgamento: Prescrito · Multa: R$ 1000 · Supressão de vegetação nativa de pequeno e médio porte, fora de Área de Preservação Permanente (APP), em uma ár","aprox":true}},{"type":"Feature","geometry":{"type":"Point","coordinates":[-54.35852,-28.02958]},"properties":{"id":"FEPAM (RS):AI 295 (Proc. 002645-0567/17-1)","orgao":"FEPAM (RS)","uf":"RS","ano":2017,"categoria":"auto_infracao","tipo":"Auto de Infração — Flora","empresa":"Geolar Guerstein","municipio":"Giruá","porte":null,"valor":null,"processo":"AI 295 (Proc. 002645-0567/17-1)","link_oficial":"https://sol.fepam.rs.gov.br/consulta/processo?termo=002645-0567/17-1","resumo":"Flora · Julgamento: Prescrito · Multa: R$ 1000 · Supressão de vegetação nativa de pequeno e médio porte, fora de Área de Preservação Permanente (APP), em uma ár","aprox":true}},{"type":"Feature","geometry":{"type":"Point","coordinates":[-51.17409,-29.15025]},"properties":{"id":"FEPAM (RS):AI 296 (Proc. 002639-0567/17-9)","orgao":"FEPAM (RS)","uf":"RS","ano":2017,"categoria":"auto_infracao","tipo":"Auto de Infração — Poluição","empresa":"Marcopolo S/a","municipio":"Caxias do Sul","porte":null,"valor":null,"processo":"AI 296 (Proc. 002639-0567/17-9)","link_oficial":"https://sol.fepam.rs.gov.br/consulta/processo?termo=002639-0567/17-9","resumo":"Poluição · Julgamento: Procedente · Multa: R$ 10000 · Incêndio em pavilhão de fabricação de laminados em fibra de vidro, envolvendo produtos químicos, causando ","aprox":true}},{"type":"Feature","geometry":{"type":"Point","coordinates":[-51.17409,-29.15025]},"properties":{"id":"FEPAM (RS):AI 296 (Proc. 002639-0567/17-9)","orgao":"FEPAM (RS)","uf":"RS","ano":2017,"categoria":"auto_infracao","tipo":"Auto de Infração — Poluição","empresa":"Marcopolo S/a","municipio":"Caxias do Sul","porte":null,"valor":null,"processo":"AI 296 (Proc. 002639-0567/17-9)","link_oficial":"https://sol.fepam.rs.gov.br/consulta/processo?termo=002639-0567/17-9","resumo":"Poluição · Julgamento: Procedente · Multa: R$ 10000 · Incêndio em pavilhão de fabricação de laminados em fibra de vidro, envolvendo produtos químicos, causando ","aprox":true}},{"type":"Feature","geometry":{"type":"Point","coordinates":[-51.1906,-29.14978]},"properties":{"id":"FEPAM (RS):AI 297 (Proc. 002644-0567/17-7)","orgao":"FEPAM (RS)","uf":"RS","ano":2017,"categoria":"auto_infracao","tipo":"Auto de Infração — Poluição","empresa":"Mundial S/a - Produtos de Consumo","municipio":"Caxias do Sul","porte":null,"valor":null,"processo":"AI 297 (Proc. 002644-0567/17-7)","link_oficial":"https://sol.fepam.rs.gov.br/consulta/processo?termo=002644-0567/17-7","resumo":"Poluição · Julgamento: Procedente · Multa: R$ 17375 · Não atendimento dos padrões estabelecidos na Resolução CONSEMA Nº 355/2017, sendo evidenciado através do L","aprox":true}},{"type":"Feature","geometry":{"type":"Point","coordinates":[-51.1906,-29.14978]},"properties":{"id":"FEPAM (RS):AI 297 (Proc. 002644-0567/17-7)","orgao":"FEPAM (RS)","uf":"RS","ano":2017,"categoria":"auto_infracao","tipo":"Auto de Infração — Poluição","empresa":"Mundial S/a - Produtos de Consumo","municipio":"Caxias do Sul","porte":null,"valor":null,"processo":"AI 297 (Proc. 002644-0567/17-7)","link_oficial":"https://sol.fepam.rs.gov.br/consulta/processo?termo=002644-0567/17-7","resumo":"Poluição · Julgamento: Procedente · Multa: R$ 8687.55 · Não atendimento dos padrões estabelecidos na Resolução CONSEMA Nº 355/2017, sendo evidenciado através do","aprox":true}},{"type":"Feature","geometry":{"type":"Point","coordinates":[-52.0892,-32.02328]},"properties":{"id":"FEPAM (RS):AI 298 (Proc. 002646-0567/17-2)","orgao":"FEPAM (RS)","uf":"RS","ano":2017,"categoria":"auto_infracao","tipo":"Auto de Infração — Poluição","empresa":"Rumo Malha Sul S. A.","municipio":"Rio Grande","porte":null,"valor":null,"processo":"AI 298 (Proc. 002646-0567/17-2)","link_oficial":"https://sol.fepam.rs.gov.br/consulta/processo?termo=002646-0567/17-2","resumo":"Poluição · Julgamento: Procedente · Multa: R$ 59250 · Situação de Emergência Ambiental decorrente de acidente ferroviário (vazamento de óleo diesel e óleo lubri","aprox":true}},{"type":"Feature","geometry":{"type":"Point","coordinates":[-52.0892,-32.02328]},"properties":{"id":"FEPAM (RS):AI 298 (Proc. 002646-0567/17-2)","orgao":"FEPAM (RS)","uf":"RS","ano":2017,"categoria":"auto_infracao","tipo":"Auto de Infração — Poluição","empresa":"Rumo Malha Sul S. A.","municipio":"Rio Grande","porte":null,"valor":null,"processo":"AI 298 (Proc. 002646-0567/17-2)","link_oficial":"https://sol.fepam.rs.gov.br/consulta/processo?termo=002646-0567/17-2","resumo":"Poluição · Julgamento: Procedente · Multa: R$ 59250 · Situação de Emergência Ambiental decorrente de acidente ferroviário (vazamento de óleo diesel e óleo lubri","aprox":true}},{"type":"Feature","geometry":{"type":"Point","coordinates":[-54.66857,-27.83073]},"properties":{"id":"FEPAM (RS):AI 299 (Proc. 005036-0567/19-1)","orgao":"FEPAM (RS)","uf":"RS","ano":2019,"categoria":"auto_infracao","tipo":"Auto de Infração — Flora","empresa":"Luiz Marino Lauermann","municipio":"Santo Cristo","porte":null,"valor":null,"processo":"AI 299 (Proc. 005036-0567/19-1)","link_oficial":"https://sol.fepam.rs.gov.br/consulta/processo?termo=005036-0567/19-1","resumo":"Flora · Julgamento: Procedente · Multa: R$ 3267 · Depósito irregular a céu aberto diretamente no solo de resíduos sólidos (eletrodomésticos estragados, plástico","aprox":true}},{"type":"Feature","geometry":{"type":"Point","coordinates":[-54.66857,-27.83073]},"properties":{"id":"FEPAM (RS):AI 299 (Proc. 005036-0567/19-1)","orgao":"FEPAM (RS)","uf":"RS","ano":2019,"categoria":"auto_infracao","tipo":"Auto de Infração — Poluição","empresa":"Luiz Marino Lauermann","municipio":"Santo Cristo","porte":null,"valor":null,"processo":"AI 299 (Proc. 005036-0567/19-1)","link_oficial":"https://sol.fepam.rs.gov.br/consulta/processo?termo=005036-0567/19-1","resumo":"Poluição · Julgamento: Procedente · Multa: R$ 3267 · Depósito irregular a céu aberto diretamente no solo de resíduos sólidos (eletrodomésticos estragados, plást","aprox":true}},{"type":"Feature","geometry":{"type":"Point","coordinates":[-54.66857,-27.83073]},"properties":{"id":"FEPAM (RS):AI 299 (Proc. 005036-0567/19-1)","orgao":"FEPAM (RS)","uf":"RS","ano":2019,"categoria":"auto_infracao","tipo":"Auto de Infração — Flora","empresa":"Luiz Marino Lauermann","municipio":"Santo Cristo","porte":null,"valor":null,"processo":"AI 299 (Proc. 005036-0567/19-1)","link_oficial":"https://sol.fepam.rs.gov.br/consulta/processo?termo=005036-0567/19-1","resumo":"Flora · Julgamento: Procedente · Multa: R$ 3267 · Depósito irregular a céu aberto diretamente no solo de resíduos sólidos (eletrodomésticos estragados, plástico","aprox":true}},{"type":"Feature","geometry":{"type":"Point","coordinates":[-54.66857,-27.83073]},"properties":{"id":"FEPAM (RS):AI 299 (Proc. 005036-0567/19-1)","orgao":"FEPAM (RS)","uf":"RS","ano":2019,"categoria":"auto_infracao","tipo":"Auto de Infração — Poluição","empresa":"Luiz Marino Lauermann","municipio":"Santo Cristo","porte":null,"valor":null,"processo":"AI 299 (Proc. 005036-0567/19-1)","link_oficial":"https://sol.fepam.rs.gov.br/consulta/processo?termo=005036-0567/19-1","resumo":"Poluição · Julgamento: Procedente · Multa: R$ 3267 · Depósito irregular a céu aberto diretamente no solo de resíduos sólidos (eletrodomésticos estragados, plást","aprox":true}},{"type":"Feature","geometry":{"type":"Point","coordinates":[-50.23128,-30.24194]},"properties":{"id":"FEPAM (RS):AI 300 (Proc. 002657-0567/17-7)","orgao":"FEPAM (RS)","uf":"RS","ano":2017,"categoria":"auto_infracao","tipo":"Auto de Infração — Poluição","empresa":"Municipio de Balneario Pinhal","municipio":"Balneário Pinhal","porte":null,"valor":null,"processo":"AI 300 (Proc. 002657-0567/17-7)","link_oficial":"https://sol.fepam.rs.gov.br/consulta/processo?termo=002657-0567/17-7","resumo":"Poluição · Julgamento: Procedente · Multa: R$ 7269 · utilizar resíduo de asfalto (fresa asfáltica) para pavimentação de vias publicas, sem utilização de ligante","aprox":true}},{"type":"Feature","geometry":{"type":"Point","coordinates":[-50.23128,-30.24194]},"properties":{"id":"FEPAM (RS):AI 300 (Proc. 002657-0567/17-7)","orgao":"FEPAM (RS)","uf":"RS","ano":2017,"categoria":"auto_infracao","tipo":"Auto de Infração — Poluição","empresa":"Municipio de Balneario Pinhal","municipio":"Balneário Pinhal","porte":null,"valor":null,"processo":"AI 300 (Proc. 002657-0567/17-7)","link_oficial":"https://sol.fepam.rs.gov.br/consulta/processo?termo=002657-0567/17-7","resumo":"Poluição · Julgamento: Procedente · Multa: R$ 7269 · utilizar resíduo de asfalto (fresa asfáltica) para pavimentação de vias publicas, sem utilização de ligante","aprox":true}},{"type":"Feature","geometry":{"type":"Point","coordinates":[-53.87184,-27.54164]},"properties":{"id":"FEPAM (RS):AI 301 (Proc. 002689-0567/17-8)","orgao":"FEPAM (RS)","uf":"RS","ano":2017,"categoria":"auto_infracao","tipo":"Auto de Infração — Administrativa","empresa":"C J Hydro - Geracao de Energia S/a","municipio":"Bom Progresso","porte":null,"valor":null,"processo":"AI 301 (Proc. 002689-0567/17-8)","link_oficial":"https://sol.fepam.rs.gov.br/consulta/processo?termo=002689-0567/17-8","resumo":"Administrativa · Julgamento: Procedente · Multa: R$ 3379 · Apresentação parcial de relatórios relativos à vegetação; de relatórios de acompanhamento da mata cil","aprox":true}},{"type":"Feature","geometry":{"type":"Point","coordinates":[-53.87184,-27.54164]},"properties":{"id":"FEPAM (RS):AI 301 (Proc. 002689-0567/17-8)","orgao":"FEPAM (RS)","uf":"RS","ano":2017,"categoria":"auto_infracao","tipo":"Auto de Infração — Administrativa","empresa":"C J Hydro - Geracao de Energia S/a","municipio":"Bom Progresso","porte":null,"valor":null,"processo":"AI 301 (Proc. 002689-0567/17-8)","link_oficial":"https://sol.fepam.rs.gov.br/consulta/processo?termo=002689-0567/17-8","resumo":"Administrativa · Julgamento: Procedente · Multa: R$ 3379 · Apresentação parcial de relatórios relativos à vegetação; de relatórios de acompanhamento da mata cil","aprox":true}},{"type":"Feature","geometry":{"type":"Point","coordinates":[-51.00137,-29.94657]},"properties":{"id":"FEPAM (RS):AI 302 (Proc. 002668-0567/17-1)","orgao":"FEPAM (RS)","uf":"RS","ano":2017,"categoria":"auto_infracao","tipo":"Auto de Infração — Administrativa","empresa":"S B Centro de Lazer E Eventos Ltda - Me","municipio":"Gravataí","porte":null,"valor":null,"processo":"AI 302 (Proc. 002668-0567/17-1)","link_oficial":"https://sol.fepam.rs.gov.br/consulta/processo?termo=002668-0567/17-1","resumo":"Administrativa · Julgamento: Procedente · Multa: R$ 1058 · Não atendimento as exigências do Ofício DIFISC nº 2856/2017, no prazo estabelecido; mesmo após dilata","aprox":true}},{"type":"Feature","geometry":{"type":"Point","coordinates":[-51.00137,-29.94657]},"properties":{"id":"FEPAM (RS):AI 302 (Proc. 002668-0567/17-1)","orgao":"FEPAM (RS)","uf":"RS","ano":2017,"categoria":"auto_infracao","tipo":"Auto de Infração — Administrativa","empresa":"S B Centro de Lazer E Eventos Ltda - Me","municipio":"Gravataí","porte":null,"valor":null,"processo":"AI 302 (Proc. 002668-0567/17-1)","link_oficial":"https://sol.fepam.rs.gov.br/consulta/processo?termo=002668-0567/17-1","resumo":"Administrativa · Julgamento: Procedente · Multa: R$ 1058 · Não atendimento as exigências do Ofício DIFISC nº 2856/2017, no prazo estabelecido; mesmo após dilata","aprox":true}},{"type":"Feature","geometry":{"type":"Point","coordinates":[-54.30929,-30.31661]},"properties":{"id":"FEPAM (RS):AI 303 (Proc. 002688-0567/17-5)","orgao":"FEPAM (RS)","uf":"RS","ano":2017,"categoria":"auto_infracao","tipo":"Auto de Infração — Poluição","empresa":"Prefeitura Municipal de Sao Gabriel","municipio":"São Gabriel","porte":null,"valor":null,"processo":"AI 303 (Proc. 002688-0567/17-5)","link_oficial":"https://sol.fepam.rs.gov.br/consulta/processo?termo=002688-0567/17-5","resumo":"Poluição · Julgamento: Procedente · Multa: R$ 5107 · Fazer funcionar atividade utilizadora de recursos ambientais considerada efetiva ou potencialmente poluidor","aprox":true}},{"type":"Feature","geometry":{"type":"Point","coordinates":[-54.30929,-30.31661]},"properties":{"id":"FEPAM (RS):AI 303 (Proc. 002688-0567/17-5)","orgao":"FEPAM (RS)","uf":"RS","ano":2017,"categoria":"auto_infracao","tipo":"Auto de Infração — Poluição","empresa":"Prefeitura Municipal de Sao Gabriel","municipio":"São Gabriel","porte":null,"valor":null,"processo":"AI 303 (Proc. 002688-0567/17-5)","link_oficial":"https://sol.fepam.rs.gov.br/consulta/processo?termo=002688-0567/17-5","resumo":"Poluição · Julgamento: Procedente · Fazer funcionar atividade utilizadora de recursos ambientais considerada efetiva ou potencialmente poluidora em desacordo co","aprox":true}},{"type":"Feature","geometry":{"type":"Point","coordinates":[-54.30929,-30.31661]},"properties":{"id":"FEPAM (RS):AI 303 (Proc. 002688-0567/17-5)","orgao":"FEPAM (RS)","uf":"RS","ano":2017,"categoria":"auto_infracao","tipo":"Auto de Infração — Poluição","empresa":"Prefeitura Municipal de Sao Gabriel","municipio":"São Gabriel","porte":null,"valor":null,"processo":"AI 303 (Proc. 002688-0567/17-5)","link_oficial":"https://sol.fepam.rs.gov.br/consulta/processo?termo=002688-0567/17-5","resumo":"Poluição · Julgamento: Procedente · Multa: R$ 5107 · Fazer funcionar atividade utilizadora de recursos ambientais considerada efetiva ou potencialmente poluidor","aprox":true}},{"type":"Feature","geometry":{"type":"Point","coordinates":[-51.03095,-30.06951]},"properties":{"id":"FEPAM (RS):AI 304 (Proc. 002693-0567/17-3)","orgao":"FEPAM (RS)","uf":"RS","ano":2017,"categoria":"auto_infracao","tipo":"Auto de Infração — Poluição","empresa":"Brio Imoveis Ltda","municipio":"Viamão","porte":null,"valor":null,"processo":"AI 304 (Proc. 002693-0567/17-3)","link_oficial":"https://sol.fepam.rs.gov.br/consulta/processo?termo=002693-0567/17-3","resumo":"Poluição · Julgamento: Prescrito · Multa: R$ 6259 · Descumprimento de itens 4.1 e 4.4 da Licença de instalação nº 827/2016-DL, tendo em vista a supressão não co","aprox":true}},{"type":"Feature","geometry":{"type":"Point","coordinates":[-51.03095,-30.06951]},"properties":{"id":"FEPAM (RS):AI 304 (Proc. 002693-0567/17-3)","orgao":"FEPAM (RS)","uf":"RS","ano":2017,"categoria":"auto_infracao","tipo":"Auto de Infração — Poluição","empresa":"Brio Imoveis Ltda","municipio":"Viamão","porte":null,"valor":null,"processo":"AI 304 (Proc. 002693-0567/17-3)","link_oficial":"https://sol.fepam.rs.gov.br/consulta/processo?termo=002693-0567/17-3","resumo":"Poluição · Julgamento: Prescrito · Multa: R$ 6259 · Descumprimento de itens 4.1 e 4.4 da Licença de instalação nº 827/2016-DL, tendo em vista a supressão não co","aprox":true}},{"type":"Feature","geometry":{"type":"Point","coordinates":[-56.00666,-28.67714]},"properties":{"id":"FEPAM (RS):AI 305 (Proc. 002925-0567/17-1)","orgao":"FEPAM (RS)","uf":"RS","ano":2017,"categoria":"auto_infracao","tipo":"Auto de Infração — Poluição","empresa":"Ute Iguacu Borja Energetica Ltda","municipio":"São Borja","porte":null,"valor":null,"processo":"AI 305 (Proc. 002925-0567/17-1)","link_oficial":"https://sol.fepam.rs.gov.br/consulta/processo?termo=002925-0567/17-1","resumo":"Poluição · Julgamento: Procedente · Multa: R$ 9310 · Ocorrência de incêndio no empreendimento, destruindo os 02 (dois) silos de armazenamento de biomassa e o si","aprox":true}},{"type":"Feature","geometry":{"type":"Point","coordinates":[-56.00666,-28.67714]},"properties":{"id":"FEPAM (RS):AI 305 (Proc. 002925-0567/17-1)","orgao":"FEPAM (RS)","uf":"RS","ano":2017,"categoria":"auto_infracao","tipo":"Auto de Infração — Poluição","empresa":"Ute Iguacu Borja Energetica Ltda","municipio":"São Borja","porte":null,"valor":null,"processo":"AI 305 (Proc. 002925-0567/17-1)","link_oficial":"https://sol.fepam.rs.gov.br/consulta/processo?termo=002925-0567/17-1","resumo":"Poluição · Julgamento: Procedente · Multa: R$ 9310 · Ocorrência de incêndio no empreendimento, destruindo os 02 (dois) silos de armazenamento de biomassa e o si","aprox":true}},{"type":"Feature","geometry":{"type":"Point","coordinates":[-51.10534,-29.92798]},"properties":{"id":"FEPAM (RS):AI 306 (Proc. 002698-0567/17-7)","orgao":"FEPAM (RS)","uf":"RS","ano":2017,"categoria":"auto_infracao","tipo":"Auto de Infração — Poluição","empresa":"Metalurgica Fallgatter Ltda","municipio":"Cachoeirinha","porte":null,"valor":null,"processo":"AI 306 (Proc. 002698-0567/17-7)","link_oficial":"https://sol.fepam.rs.gov.br/consulta/processo?termo=002698-0567/17-7","resumo":"Poluição · Julgamento: Procedente · Multa: R$ 10454 · Armazenamento inadequado de resíduos oleosos em desacordo com o item 4.1 da LO nº 01426/2015-DL e lançamen","aprox":true}},{"type":"Feature","geometry":{"type":"Point","coordinates":[-63.89151,-8.74734]},"properties":{"id":"SEDAM (RO):COP 3147800237","orgao":"SEDAM (RO)","uf":"RO","ano":2021,"categoria":"embargo","tipo":"Embargo Ambiental — ART. 50 DA LEI 9605/98","empresa":"","municipio":"Porto Velho","porte":null,"valor":null,"processo":"COP 3147800237","link_oficial":"https://sigam.sedam.ro.gov.br/consulta/processo?termo=COP%203147800237","resumo":"Embargo Ambiental (BPA) · Porto Velho · Motivo: ART. 50 DA LEI 9605/98 · Área embargada: 10.0 ha · BO: COP 3147800237","aprox":true}},{"type":"Feature","geometry":{"type":"Point","coordinates":[-65.35365,-10.39714]},"properties":{"id":"SEDAM (RO):SDM-0002-NVM","orgao":"SEDAM (RO)","uf":"RO","ano":2020,"categoria":"embargo","tipo":"Embargo Ambiental — ART. 50 DA LEI 9605/98","empresa":"","municipio":"Nova Mamoré","porte":null,"valor":null,"processo":"SDM-0002-NVM","link_oficial":"https://sigam.sedam.ro.gov.br/consulta/processo?termo=SDM-0002-NVM","resumo":"Embargo Ambiental (BPA) · Nova Mamoré · Motivo: ART. 50 DA LEI 9605/98 · Área embargada: 266.5 ha · BO: SDM-0002-NVM","aprox":true}},{"type":"Feature","geometry":{"type":"Point","coordinates":[-65.34786,-10.41361]},"properties":{"id":"SEDAM (RO):3145800023","orgao":"SEDAM (RO)","uf":"RO","ano":2021,"categoria":"embargo","tipo":"Embargo Ambiental — ART. 50","empresa":"","municipio":"Nova Mamore","porte":null,"valor":null,"processo":"3145800023","link_oficial":"https://sigam.sedam.ro.gov.br/consulta/processo?termo=3145800023","resumo":"Embargo Ambiental (BPA) · Nova Mamore · Motivo: ART. 50 · Área embargada: 38.7 ha · BO: 3145800023","aprox":true}},{"type":"Feature","geometry":{"type":"Point","coordinates":[-63.70011,-8.79049]},"properties":{"id":"SEDAM (RO):BPA 082","orgao":"SEDAM (RO)","uf":"RO","ano":2020,"categoria":"embargo","tipo":"Embargo Ambiental — Infração Ambiental","empresa":"","municipio":"Candeias Do Jamari","porte":null,"valor":null,"processo":"BPA 082","link_oficial":"https://sigam.sedam.ro.gov.br/consulta/processo?termo=BPA%20082","resumo":"Embargo Ambiental (BPA) · Candeias Do Jamari · Motivo: Infração Ambiental · Área embargada: 16.2 ha · BO: BPA 082","aprox":true}},{"type":"Feature","geometry":{"type":"Point","coordinates":[-63.70759,-8.79513]},"properties":{"id":"SEDAM (RO):BPA 064","orgao":"SEDAM (RO)","uf":"RO","ano":2020,"categoria":"embargo","tipo":"Embargo Ambiental — Infração Ambiental","empresa":"","municipio":"Candeias Do Jamari","porte":null,"valor":null,"processo":"BPA 064","link_oficial":"https://sigam.sedam.ro.gov.br/consulta/processo?termo=BPA%20064","resumo":"Embargo Ambiental (BPA) · Candeias Do Jamari · Motivo: Infração Ambiental · Área embargada: 4.9 ha · BO: BPA 064","aprox":true}},{"type":"Feature","geometry":{"type":"Point","coordinates":[-63.69629,-8.80367]},"properties":{"id":"SEDAM (RO):BPA 065","orgao":"SEDAM (RO)","uf":"RO","ano":2020,"categoria":"embargo","tipo":"Embargo Ambiental — Infração Ambiental","empresa":"","municipio":"Candeias Do Jamari","porte":null,"valor":null,"processo":"BPA 065","link_oficial":"https://sigam.sedam.ro.gov.br/consulta/processo?termo=BPA%20065","resumo":"Embargo Ambiental (BPA) · Candeias Do Jamari · Motivo: Infração Ambiental · Área embargada: 4.5 ha · BO: BPA 065","aprox":true}},{"type":"Feature","geometry":{"type":"Point","coordinates":[-61.98083,-9.44025]},"properties":{"id":"SEDAM (RO):BPA2020JPR0001","orgao":"SEDAM (RO)","uf":"RO","ano":null,"categoria":"embargo","tipo":"Embargo Ambiental — Infração Ambiental","empresa":"","municipio":"Machadinho D´Oeste","porte":null,"valor":null,"processo":"BPA2020JPR0001","link_oficial":"https://sigam.sedam.ro.gov.br/consulta/processo?termo=BPA2020JPR0001","resumo":"Embargo Ambiental (BPA) · Machadinho D´Oeste · Motivo: Infração Ambiental · Área embargada: 6.2 ha · BO: BPA2020JPR0001","aprox":true}},{"type":"Feature","geometry":{"type":"Point","coordinates":[-63.6865,-8.77765]},"properties":{"id":"SEDAM (RO):BPA-066","orgao":"SEDAM (RO)","uf":"RO","ano":2020,"categoria":"embargo","tipo":"Embargo Ambiental — Infração Ambiental","empresa":"","municipio":"Candeias Do Jamari","porte":null,"valor":null,"processo":"BPA-066","link_oficial":"https://sigam.sedam.ro.gov.br/consulta/processo?termo=BPA-066","resumo":"Embargo Ambiental (BPA) · Candeias Do Jamari · Motivo: Infração Ambiental · Área embargada: 166.5 ha · BO: BPA-066","aprox":true}},{"type":"Feature","geometry":{"type":"Point","coordinates":[-63.71334,-8.80774]},"properties":{"id":"SEDAM (RO):BPA 067","orgao":"SEDAM (RO)","uf":"RO","ano":2020,"categoria":"embargo","tipo":"Embargo Ambiental — Infração Ambiental","empresa":"","municipio":"Candeias Do Jamari","porte":null,"valor":null,"processo":"BPA 067","link_oficial":"https://sigam.sedam.ro.gov.br/consulta/processo?termo=BPA%20067","resumo":"Embargo Ambiental (BPA) · Candeias Do Jamari · Motivo: Infração Ambiental · Área embargada: 27.2 ha · BO: BPA 067","aprox":true}},{"type":"Feature","geometry":{"type":"Point","coordinates":[-63.9,-8.76]},"properties":{"id":"SEDAM (RO):BPA 073","orgao":"SEDAM (RO)","uf":"RO","ano":2020,"categoria":"embargo","tipo":"Embargo Ambiental — Infração Ambiental","empresa":"","municipio":null,"porte":null,"valor":null,"processo":"BPA 073","link_oficial":"https://sigam.sedam.ro.gov.br/consulta/processo?termo=BPA%20073","resumo":"Embargo Ambiental (BPA) · RO · Motivo: Infração Ambiental · Área embargada: 88.0 ha · BO: BPA 073","aprox":true}},{"type":"Feature","geometry":{"type":"Point","coordinates":[-63.71235,-8.78987]},"properties":{"id":"SEDAM (RO):BPA 081","orgao":"SEDAM (RO)","uf":"RO","ano":2020,"categoria":"embargo","tipo":"Embargo Ambiental — Infração Ambiental","empresa":"","municipio":"Candeias","porte":null,"valor":null,"processo":"BPA 081","link_oficial":"https://sigam.sedam.ro.gov.br/consulta/processo?termo=BPA%20081","resumo":"Embargo Ambiental (BPA) · Candeias · Motivo: Infração Ambiental · Área embargada: 48.0 ha · BO: BPA 081","aprox":true}},{"type":"Feature","geometry":{"type":"Point","coordinates":[-63.9,-8.76]},"properties":{"id":"SEDAM (RO):BPA 074","orgao":"SEDAM (RO)","uf":"RO","ano":2020,"categoria":"embargo","tipo":"Embargo Ambiental — Infração Ambiental","empresa":"","municipio":null,"porte":null,"valor":null,"processo":"BPA 074","link_oficial":"https://sigam.sedam.ro.gov.br/consulta/processo?termo=BPA%20074","resumo":"Embargo Ambiental (BPA) · RO · Motivo: Infração Ambiental · Área embargada: 42.5 ha · BO: BPA 074","aprox":true}},{"type":"Feature","geometry":{"type":"Point","coordinates":[-63.9,-8.76]},"properties":{"id":"SEDAM (RO):BPA 074","orgao":"SEDAM (RO)","uf":"RO","ano":2020,"categoria":"embargo","tipo":"Embargo Ambiental — Infração Ambiental","empresa":"","municipio":null,"porte":null,"valor":null,"processo":"BPA 074","link_oficial":"https://sigam.sedam.ro.gov.br/consulta/processo?termo=BPA%20074","resumo":"Embargo Ambiental (BPA) · RO · Motivo: Infração Ambiental · Área embargada: 38.4 ha · BO: BPA 074","aprox":true}},{"type":"Feature","geometry":{"type":"Point","coordinates":[-65.33519,-10.408]},"properties":{"id":"SEDAM (RO):3145800026","orgao":"SEDAM (RO)","uf":"RO","ano":2021,"categoria":"embargo","tipo":"Embargo Ambiental — ART. 50","empresa":"","municipio":"Nova Mamore","porte":null,"valor":null,"processo":"3145800026","link_oficial":"https://sigam.sedam.ro.gov.br/consulta/processo?termo=3145800026","resumo":"Embargo Ambiental (BPA) · Nova Mamore · Motivo: ART. 50 · Área embargada: 18.5 ha · BO: 3145800026","aprox":true}},{"type":"Feature","geometry":{"type":"Point","coordinates":[-63.71111,-8.79435]},"properties":{"id":"SEDAM (RO):BPA 076","orgao":"SEDAM (RO)","uf":"RO","ano":2020,"categoria":"embargo","tipo":"Embargo Ambiental — Infração Ambiental","empresa":"","municipio":"Candeias Do Jamari","porte":null,"valor":null,"processo":"BPA 076","link_oficial":"https://sigam.sedam.ro.gov.br/consulta/processo?termo=BPA%20076","resumo":"Embargo Ambiental (BPA) · Candeias Do Jamari · Motivo: Infração Ambiental · Área embargada: 48.3 ha · BO: BPA 076","aprox":true}},{"type":"Feature","geometry":{"type":"Point","coordinates":[-63.70546,-8.78668]},"properties":{"id":"SEDAM (RO):BPA 077","orgao":"SEDAM (RO)","uf":"RO","ano":2020,"categoria":"embargo","tipo":"Embargo Ambiental — Infração Ambiental","empresa":"","municipio":"Candeias Do Jamari","porte":null,"valor":null,"processo":"BPA 077","link_oficial":"https://sigam.sedam.ro.gov.br/consulta/processo?termo=BPA%20077","resumo":"Embargo Ambiental (BPA) · Candeias Do Jamari · Motivo: Infração Ambiental · Área embargada: 129.2 ha · BO: BPA 077","aprox":true}},{"type":"Feature","geometry":{"type":"Point","coordinates":[-63.68145,-8.80126]},"properties":{"id":"SEDAM (RO):BPA 083","orgao":"SEDAM (RO)","uf":"RO","ano":2020,"categoria":"embargo","tipo":"Embargo Ambiental — Infração Ambiental","empresa":"","municipio":"Candeias Do Jamari","porte":null,"valor":null,"processo":"BPA 083","link_oficial":"https://sigam.sedam.ro.gov.br/consulta/processo?termo=BPA%20083","resumo":"Embargo Ambiental (BPA) · Candeias Do Jamari · Motivo: Infração Ambiental · Área embargada: 14.1 ha · BO: BPA 083","aprox":true}},{"type":"Feature","geometry":{"type":"Point","coordinates":[-63.71554,-8.77716]},"properties":{"id":"SEDAM (RO):BPA 069","orgao":"SEDAM (RO)","uf":"RO","ano":2020,"categoria":"embargo","tipo":"Embargo Ambiental — Infração Ambiental","empresa":"","municipio":"Candeias Do Jamari","porte":null,"valor":null,"processo":"BPA 069","link_oficial":"https://sigam.sedam.ro.gov.br/consulta/processo?termo=BPA%20069","resumo":"Embargo Ambiental (BPA) · Candeias Do Jamari · Motivo: Infração Ambiental · Área embargada: 18.1 ha · BO: BPA 069","aprox":true}},{"type":"Feature","geometry":{"type":"Point","coordinates":[-63.71123,-8.78614]},"properties":{"id":"SEDAM (RO):BPA 070","orgao":"SEDAM (RO)","uf":"RO","ano":2020,"categoria":"embargo","tipo":"Embargo Ambiental — Infração Ambiental","empresa":"","municipio":"Candeias Do Jamari","porte":null,"valor":null,"processo":"BPA 070","link_oficial":"https://sigam.sedam.ro.gov.br/consulta/processo?termo=BPA%20070","resumo":"Embargo Ambiental (BPA) · Candeias Do Jamari · Motivo: Infração Ambiental · Área embargada: 18.4 ha · BO: BPA 070","aprox":true}},{"type":"Feature","geometry":{"type":"Point","coordinates":[-63.56334,-12.04559]},"properties":{"id":"SEDAM (RO):PM94341-200914-1041","orgao":"SEDAM (RO)","uf":"RO","ano":2020,"categoria":"embargo","tipo":"Embargo Ambiental — ART. 50 DA LEI 9605/98","empresa":"","municipio":"São Francisco Do Guaporé","porte":null,"valor":null,"processo":"PM94341-200914-1041","link_oficial":"https://sigam.sedam.ro.gov.br/consulta/processo?termo=PM94341-200914-1041","resumo":"Embargo Ambiental (BPA) · São Francisco Do Guaporé · Motivo: ART. 50 DA LEI 9605/98 · Área embargada: 25.2 ha · BO: PM94341-200914-1041","aprox":true}},{"type":"Feature","geometry":{"type":"Point","coordinates":[-64.23033,-12.4557]},"properties":{"id":"SEDAM (RO):PM94341-200914-1405","orgao":"SEDAM (RO)","uf":"RO","ano":2020,"categoria":"embargo","tipo":"Embargo Ambiental — ART. 50 DA LEI 9605/98","empresa":"","municipio":"Costa Marques","porte":null,"valor":null,"processo":"PM94341-200914-1405","link_oficial":"https://sigam.sedam.ro.gov.br/consulta/processo?termo=PM94341-200914-1405","resumo":"Embargo Ambiental (BPA) · Costa Marques · Motivo: ART. 50 DA LEI 9605/98 · Área embargada: 24.6 ha · BO: PM94341-200914-1405","aprox":true}},{"type":"Feature","geometry":{"type":"Point","coordinates":[-63.5665,-12.0559]},"properties":{"id":"SEDAM (RO):PM94341-200916-0830","orgao":"SEDAM (RO)","uf":"RO","ano":2020,"categoria":"embargo","tipo":"Embargo Ambiental — ART. 50 DA LEI 9605/98","empresa":"","municipio":"São Francisco Do Guaporé","porte":null,"valor":null,"processo":"PM94341-200916-0830","link_oficial":"https://sigam.sedam.ro.gov.br/consulta/processo?termo=PM94341-200916-0830","resumo":"Embargo Ambiental (BPA) · São Francisco Do Guaporé · Motivo: ART. 50 DA LEI 9605/98 · Área embargada: 37.0 ha · BO: PM94341-200916-0830","aprox":true}},{"type":"Feature","geometry":{"type":"Point","coordinates":[-63.57483,-12.04896]},"properties":{"id":"SEDAM (RO):PM94341-200914-1046","orgao":"SEDAM (RO)","uf":"RO","ano":2020,"categoria":"embargo","tipo":"Embargo Ambiental — ART. 50 DA LEI 9605/98","empresa":"","municipio":"São Francisco Do Guaporé","porte":null,"valor":null,"processo":"PM94341-200914-1046","link_oficial":"https://sigam.sedam.ro.gov.br/consulta/processo?termo=PM94341-200914-1046","resumo":"Embargo Ambiental (BPA) · São Francisco Do Guaporé · Motivo: ART. 50 DA LEI 9605/98 · Área embargada: 28.6 ha · BO: PM94341-200914-1046","aprox":true}},{"type":"Feature","geometry":{"type":"Point","coordinates":[-63.56846,-12.053]},"properties":{"id":"SEDAM (RO):PM94341-200916-1016","orgao":"SEDAM (RO)","uf":"RO","ano":2020,"categoria":"embargo","tipo":"Embargo Ambiental — ART. 50 DA LEI 9605/98","empresa":"","municipio":"São Francisco Do Guaporé","porte":null,"valor":null,"processo":"PM94341-200916-1016","link_oficial":"https://sigam.sedam.ro.gov.br/consulta/processo?termo=PM94341-200916-1016","resumo":"Embargo Ambiental (BPA) · São Francisco Do Guaporé · Motivo: ART. 50 DA LEI 9605/98 · Área embargada: 73.8 ha · BO: PM94341-200916-1016","aprox":true}},{"type":"Feature","geometry":{"type":"Point","coordinates":[-65.31898,-10.40797]},"properties":{"id":"SEDAM (RO):RGC0044-2021","orgao":"SEDAM (RO)","uf":"RO","ano":2021,"categoria":"embargo","tipo":"Embargo Ambiental — Infração Ambiental","empresa":"","municipio":"Nova Mamore","porte":null,"valor":null,"processo":"RGC0044-2021","link_oficial":"https://sigam.sedam.ro.gov.br/consulta/processo?termo=RGC0044-2021","resumo":"Embargo Ambiental (BPA) · Nova Mamore · Motivo: Infração Ambiental · Área embargada: 13.8 ha · BO: RGC0044-2021","aprox":true}},{"type":"Feature","geometry":{"type":"Point","coordinates":[-64.22816,-12.44572]},"properties":{"id":"SEDAM (RO):PM94341-200916-1100","orgao":"SEDAM (RO)","uf":"RO","ano":2020,"categoria":"embargo","tipo":"Embargo Ambiental — ART. 50 DA LEI 9605/98","empresa":"","municipio":"Costa Marques","porte":null,"valor":null,"processo":"PM94341-200916-1100","link_oficial":"https://sigam.sedam.ro.gov.br/consulta/processo?termo=PM94341-200916-1100","resumo":"Embargo Ambiental (BPA) · Costa Marques · Motivo: ART. 50 DA LEI 9605/98 · Área embargada: 57.3 ha · BO: PM94341-200916-1100","aprox":true}},{"type":"Feature","geometry":{"type":"Point","coordinates":[-64.22976,-12.42562]},"properties":{"id":"SEDAM (RO):PM94341-200915-1723","orgao":"SEDAM (RO)","uf":"RO","ano":2020,"categoria":"embargo","tipo":"Embargo Ambiental — ART. 50 DA LEI 9605/98","empresa":"","municipio":"Costa Marques","porte":null,"valor":null,"processo":"PM94341-200915-1723","link_oficial":"https://sigam.sedam.ro.gov.br/consulta/processo?termo=PM94341-200915-1723","resumo":"Embargo Ambiental (BPA) · Costa Marques · Motivo: ART. 50 DA LEI 9605/98 · Área embargada: 23.5 ha · BO: PM94341-200915-1723","aprox":true}},{"type":"Feature","geometry":{"type":"Point","coordinates":[-64.22907,-12.42996]},"properties":{"id":"SEDAM (RO):PM94341-200915-1713","orgao":"SEDAM (RO)","uf":"RO","ano":2020,"categoria":"embargo","tipo":"Embargo Ambiental — ART. 50 DA LEI 9605/98","empresa":"","municipio":"Costa Marques","porte":null,"valor":null,"processo":"PM94341-200915-1713","link_oficial":"https://sigam.sedam.ro.gov.br/consulta/processo?termo=PM94341-200915-1713","resumo":"Embargo Ambiental (BPA) · Costa Marques · Motivo: ART. 50 DA LEI 9605/98 · Área embargada: 56.5 ha · BO: PM94341-200915-1713","aprox":true}},{"type":"Feature","geometry":{"type":"Point","coordinates":[-63.57124,-12.04702]},"properties":{"id":"SEDAM (RO):PM94341-200917-1918","orgao":"SEDAM (RO)","uf":"RO","ano":2020,"categoria":"embargo","tipo":"Embargo Ambiental — ART. 50 DA LEI 9605/98","empresa":"","municipio":"São Francisco Do Guaporé","porte":null,"valor":null,"processo":"PM94341-200917-1918","link_oficial":"https://sigam.sedam.ro.gov.br/consulta/processo?termo=PM94341-200917-1918","resumo":"Embargo Ambiental (BPA) · São Francisco Do Guaporé · Motivo: ART. 50 DA LEI 9605/98 · Área embargada: 153.4 ha · BO: PM94341-200917-1918","aprox":true}},{"type":"Feature","geometry":{"type":"Point","coordinates":[-63.89536,-8.76165]},"properties":{"id":"SEDAM (RO):COP 3144300179","orgao":"SEDAM (RO)","uf":"RO","ano":2024,"categoria":"embargo","tipo":"Embargo Ambiental — Infração Ambiental","empresa":"","municipio":"Porto Velho","porte":null,"valor":null,"processo":"COP 3144300179","link_oficial":"https://sigam.sedam.ro.gov.br/consulta/processo?termo=COP%203144300179","resumo":"Embargo Ambiental (BPA) · Porto Velho · Motivo: Infração Ambiental · Área embargada: 58.6 ha · BO: COP 3144300179","aprox":true}},{"type":"Feature","geometry":{"type":"Point","coordinates":[-63.91159,-8.77422]},"properties":{"id":"SEDAM (RO):PM_61860_51_10102024","orgao":"SEDAM (RO)","uf":"RO","ano":2024,"categoria":"embargo","tipo":"Embargo Ambiental — Infração Ambiental","empresa":"","municipio":"Porto Velho","porte":null,"valor":null,"processo":"PM_61860_51_10102024","link_oficial":"https://sigam.sedam.ro.gov.br/consulta/processo?termo=PM_61860_51_10102024","resumo":"Embargo Ambiental (BPA) · Porto Velho · Motivo: Infração Ambiental · Área embargada: 33.0 ha · BO: PM_61860_51_10102024","aprox":true}},{"type":"Feature","geometry":{"type":"Point","coordinates":[-63.91857,-8.77199]},"properties":{"id":"SEDAM (RO):3319600079","orgao":"SEDAM (RO)","uf":"RO","ano":null,"categoria":"embargo","tipo":"Embargo Ambiental — Infração Ambiental","empresa":"","municipio":"Porto Velho","porte":null,"valor":null,"processo":"3319600079","link_oficial":"https://sigam.sedam.ro.gov.br/consulta/processo?termo=3319600079","resumo":"Embargo Ambiental (BPA) · Porto Velho · Motivo: Infração Ambiental · Área embargada: 810.8 ha · BO: 3319600079","aprox":true}},{"type":"Feature","geometry":{"type":"Point","coordinates":[-62.58109,-9.3548]},"properties":{"id":"SEDAM (RO):3303501444","orgao":"SEDAM (RO)","uf":"RO","ano":null,"categoria":"embargo","tipo":"Embargo Ambiental — Infração Ambiental","empresa":"","municipio":"Cujubim","porte":null,"valor":null,"processo":"3303501444","link_oficial":"https://sigam.sedam.ro.gov.br/consulta/processo?termo=3303501444","resumo":"Embargo Ambiental (BPA) · Cujubim · Motivo: Infração Ambiental · Área embargada: 78.9 ha · BO: 3303501444","aprox":true}},{"type":"Feature","geometry":{"type":"Point","coordinates":[-63.71061,-8.80081]},"properties":{"id":"SEDAM (RO):3321700044","orgao":"SEDAM (RO)","uf":"RO","ano":null,"categoria":"embargo","tipo":"Embargo Ambiental — Infração Ambiental","empresa":"","municipio":"Candeias Do Jamari","porte":null,"valor":null,"processo":"3321700044","link_oficial":"https://sigam.sedam.ro.gov.br/consulta/processo?termo=3321700044","resumo":"Embargo Ambiental (BPA) · Candeias Do Jamari · Motivo: Infração Ambiental · Área embargada: 861.1 ha · BO: 3321700044","aprox":true}},{"type":"Feature","geometry":{"type":"Point","coordinates":[-63.69754,-8.78985]},"properties":{"id":"SEDAM (RO):3321700046","orgao":"SEDAM (RO)","uf":"RO","ano":null,"categoria":"embargo","tipo":"Embargo Ambiental — Infração Ambiental","empresa":"","municipio":"Candeias Do Jamari","porte":null,"valor":null,"processo":"3321700046","link_oficial":"https://sigam.sedam.ro.gov.br/consulta/processo?termo=3321700046","resumo":"Embargo Ambiental (BPA) · Candeias Do Jamari · Motivo: Infração Ambiental · Área embargada: 101.3 ha · BO: 3321700046","aprox":true}},{"type":"Feature","geometry":{"type":"Point","coordinates":[-63.70185,-8.78793]},"properties":{"id":"SEDAM (RO):3321700045","orgao":"SEDAM (RO)","uf":"RO","ano":null,"categoria":"embargo","tipo":"Embargo Ambiental — Infração Ambiental","empresa":"","municipio":"Candeias Do Jamari","porte":null,"valor":null,"processo":"3321700045","link_oficial":"https://sigam.sedam.ro.gov.br/consulta/processo?termo=3321700045","resumo":"Embargo Ambiental (BPA) · Candeias Do Jamari · Motivo: Infração Ambiental · Área embargada: 79.1 ha · BO: 3321700045","aprox":true}},{"type":"Feature","geometry":{"type":"Point","coordinates":[-63.90842,-8.75097]},"properties":{"id":"SEDAM (RO):3316300053","orgao":"SEDAM (RO)","uf":"RO","ano":null,"categoria":"embargo","tipo":"Embargo Ambiental — Infração Ambiental","empresa":"","municipio":"Porto Velho","porte":null,"valor":null,"processo":"3316300053","link_oficial":"https://sigam.sedam.ro.gov.br/consulta/processo?termo=3316300053","resumo":"Embargo Ambiental (BPA) · Porto Velho · Motivo: Infração Ambiental · Área embargada: 230.7 ha · BO: 3316300053","aprox":true}},{"type":"Feature","geometry":{"type":"Point","coordinates":[-63.90592,-8.74423]},"properties":{"id":"SEDAM (RO):3319600082","orgao":"SEDAM (RO)","uf":"RO","ano":null,"categoria":"embargo","tipo":"Embargo Ambiental — Infração Ambiental","empresa":"","municipio":"Porto Velho","porte":null,"valor":null,"processo":"3319600082","link_oficial":"https://sigam.sedam.ro.gov.br/consulta/processo?termo=3319600082","resumo":"Embargo Ambiental (BPA) · Porto Velho · Motivo: Infração Ambiental · Área embargada: 198.6 ha · BO: 3319600082","aprox":true}},{"type":"Feature","geometry":{"type":"Point","coordinates":[-64.22523,-12.44575]},"properties":{"id":"SEDAM (RO):PM94341-200915-1728","orgao":"SEDAM (RO)","uf":"RO","ano":2020,"categoria":"embargo","tipo":"Embargo Ambiental — ART. 50 DA LEI 9605/98","empresa":"","municipio":"Costa Marques","porte":null,"valor":null,"processo":"PM94341-200915-1728","link_oficial":"https://sigam.sedam.ro.gov.br/consulta/processo?termo=PM94341-200915-1728","resumo":"Embargo Ambiental (BPA) · Costa Marques · Motivo: ART. 50 DA LEI 9605/98 · Área embargada: 13.5 ha · BO: PM94341-200915-1728","aprox":true}},{"type":"Feature","geometry":{"type":"Point","coordinates":[-63.89161,-8.74376]},"properties":{"id":"SEDAM (RO):3331300127","orgao":"SEDAM (RO)","uf":"RO","ano":null,"categoria":"embargo","tipo":"Embargo Ambiental — Infração Ambiental","empresa":"","municipio":"Porto Velho","porte":null,"valor":null,"processo":"3331300127","link_oficial":"https://sigam.sedam.ro.gov.br/consulta/processo?termo=3331300127","resumo":"Embargo Ambiental (BPA) · Porto Velho · Motivo: Infração Ambiental · Área embargada: 478.4 ha · BO: 3331300127","aprox":true}},{"type":"Feature","geometry":{"type":"Point","coordinates":[-63.88603,-8.75517]},"properties":{"id":"SEDAM (RO):3319600080","orgao":"SEDAM (RO)","uf":"RO","ano":null,"categoria":"embargo","tipo":"Embargo Ambiental — Infração Ambiental","empresa":"","municipio":"Porto Velho","porte":null,"valor":null,"processo":"3319600080","link_oficial":"https://sigam.sedam.ro.gov.br/consulta/processo?termo=3319600080","resumo":"Embargo Ambiental (BPA) · Porto Velho · Motivo: Infração Ambiental · Área embargada: 183.7 ha · BO: 3319600080","aprox":true}},{"type":"Feature","geometry":{"type":"Point","coordinates":[-63.70011,-8.79049]},"properties":{"id":"SEDAM (RO):3321700047","orgao":"SEDAM (RO)","uf":"RO","ano":null,"categoria":"embargo","tipo":"Embargo Ambiental — Infração Ambiental","empresa":"","municipio":"Candeias Do Jamari","porte":null,"valor":null,"processo":"3321700047","link_oficial":"https://sigam.sedam.ro.gov.br/consulta/processo?termo=3321700047","resumo":"Embargo Ambiental (BPA) · Candeias Do Jamari · Motivo: Infração Ambiental · Área embargada: 133.5 ha · BO: 3321700047","aprox":true}},{"type":"Feature","geometry":{"type":"Point","coordinates":[-62.56943,-9.37338]},"properties":{"id":"SEDAM (RO):3316300067","orgao":"SEDAM (RO)","uf":"RO","ano":null,"categoria":"embargo","tipo":"Embargo Ambiental — Infração Ambiental","empresa":"","municipio":"Cujubim","porte":null,"valor":null,"processo":"3316300067","link_oficial":"https://sigam.sedam.ro.gov.br/consulta/processo?termo=3316300067","resumo":"Embargo Ambiental (BPA) · Cujubim · Motivo: Infração Ambiental · Área embargada: 134.9 ha · BO: 3316300067","aprox":true}},{"type":"Feature","geometry":{"type":"Point","coordinates":[-63.90022,-8.75949]},"properties":{"id":"SEDAM (RO):3331300125","orgao":"SEDAM (RO)","uf":"RO","ano":null,"categoria":"embargo","tipo":"Embargo Ambiental — Infração Ambiental","empresa":"","municipio":"Porto Velho","porte":null,"valor":null,"processo":"3331300125","link_oficial":"https://sigam.sedam.ro.gov.br/consulta/processo?termo=3331300125","resumo":"Embargo Ambiental (BPA) · Porto Velho · Motivo: Infração Ambiental · Área embargada: 389.8 ha · BO: 3331300125","aprox":true}},{"type":"Feature","geometry":{"type":"Point","coordinates":[-62.57225,-9.35436]},"properties":{"id":"SEDAM (RO):3277600873","orgao":"SEDAM (RO)","uf":"RO","ano":null,"categoria":"embargo","tipo":"Embargo Ambiental — Infração Ambiental","empresa":"","municipio":"Cujubim","porte":null,"valor":null,"processo":"3277600873","link_oficial":"https://sigam.sedam.ro.gov.br/consulta/processo?termo=3277600873","resumo":"Embargo Ambiental (BPA) · Cujubim · Motivo: Infração Ambiental · Área embargada: 129.4 ha · BO: 3277600873","aprox":true}},{"type":"Feature","geometry":{"type":"Point","coordinates":[-63.90568,-8.77039]},"properties":{"id":"SEDAM (RO):3317700099","orgao":"SEDAM (RO)","uf":"RO","ano":null,"categoria":"embargo","tipo":"Embargo Ambiental — Infração Ambiental","empresa":"","municipio":"Porto Velho","porte":null,"valor":null,"processo":"3317700099","link_oficial":"https://sigam.sedam.ro.gov.br/consulta/processo?termo=3317700099","resumo":"Embargo Ambiental (BPA) · Porto Velho · Motivo: Infração Ambiental · Área embargada: 74.6 ha · BO: 3317700099","aprox":true}},{"type":"Feature","geometry":{"type":"Point","coordinates":[-63.89952,-8.76294]},"properties":{"id":"SEDAM (RO):3277600878","orgao":"SEDAM (RO)","uf":"RO","ano":null,"categoria":"embargo","tipo":"Embargo Ambiental — Infração Ambiental","empresa":"","municipio":"Porto Velho","porte":null,"valor":null,"processo":"3277600878","link_oficial":"https://sigam.sedam.ro.gov.br/consulta/processo?termo=3277600878","resumo":"Embargo Ambiental (BPA) · Porto Velho · Motivo: Infração Ambiental · Área embargada: 279.2 ha · BO: 3277600878","aprox":true}},{"type":"Feature","geometry":{"type":"Point","coordinates":[-63.88828,-8.76832]},"properties":{"id":"SEDAM (RO):PM96495-240923-1806","orgao":"SEDAM (RO)","uf":"RO","ano":null,"categoria":"embargo","tipo":"Embargo Ambiental — Infração Ambiental","empresa":"","municipio":"Porto Velho","porte":null,"valor":null,"processo":"PM96495-240923-1806","link_oficial":"https://sigam.sedam.ro.gov.br/consulta/processo?termo=PM96495-240923-1806","resumo":"Embargo Ambiental (BPA) · Porto Velho · Motivo: Infração Ambiental · Área embargada: 264.7 ha · BO: PM96495-240923-1806","aprox":true}},{"type":"Feature","geometry":{"type":"Point","coordinates":[-63.6807,-8.7907]},"properties":{"id":"SEDAM (RO):314460037","orgao":"SEDAM (RO)","uf":"RO","ano":null,"categoria":"embargo","tipo":"Embargo Ambiental — Infração Ambiental","empresa":"","municipio":"Candeias Do Jamari","porte":null,"valor":null,"processo":"314460037","link_oficial":"https://sigam.sedam.ro.gov.br/consulta/processo?termo=314460037","resumo":"Embargo Ambiental (BPA) · Candeias Do Jamari · Motivo: Infração Ambiental · Área embargada: 239.1 ha · BO: 314460037","aprox":true}},{"type":"Feature","geometry":{"type":"Point","coordinates":[-62.72882,-10.62139]},"properties":{"id":"SEDAM (RO):013","orgao":"SEDAM (RO)","uf":"RO","ano":null,"categoria":"embargo","tipo":"Embargo Ambiental — Infração Ambiental","empresa":"","municipio":"Governador Jorge Teixeira","porte":null,"valor":null,"processo":"013","link_oficial":"https://sigam.sedam.ro.gov.br/consulta/processo?termo=013","resumo":"Embargo Ambiental (BPA) · Governador Jorge Teixeira · Motivo: Infração Ambiental · Área embargada: 532.5 ha · BO: 013","aprox":true}},{"type":"Feature","geometry":{"type":"Point","coordinates":[-63.71367,-8.80027]},"properties":{"id":"SEDAM (RO):3144600335","orgao":"SEDAM (RO)","uf":"RO","ano":null,"categoria":"embargo","tipo":"Embargo Ambiental — Infração Ambiental","empresa":"","municipio":"Candeias Do Jamari","porte":null,"valor":null,"processo":"3144600335","link_oficial":"https://sigam.sedam.ro.gov.br/consulta/processo?termo=3144600335","resumo":"Embargo Ambiental (BPA) · Candeias Do Jamari · Motivo: Infração Ambiental · Área embargada: 57.8 ha · BO: 3144600335","aprox":true}},{"type":"Feature","geometry":{"type":"Point","coordinates":[-63.17947,-9.20009]},"properties":{"id":"SEDAM (RO):3309700107","orgao":"SEDAM (RO)","uf":"RO","ano":null,"categoria":"embargo","tipo":"Embargo Ambiental — Infração Ambiental","empresa":"","municipio":"Itapuã Do Oeste","porte":null,"valor":null,"processo":"3309700107","link_oficial":"https://sigam.sedam.ro.gov.br/consulta/processo?termo=3309700107","resumo":"Embargo Ambiental (BPA) · Itapuã Do Oeste · Motivo: Infração Ambiental · Área embargada: 46.2 ha · BO: 3309700107","aprox":true}},{"type":"Feature","geometry":{"type":"Point","coordinates":[-62.74867,-10.60277]},"properties":{"id":"SEDAM (RO):3310800055","orgao":"SEDAM (RO)","uf":"RO","ano":null,"categoria":"embargo","tipo":"Embargo Ambiental — Infração Ambiental","empresa":"","municipio":"Governador Jorge Teixeira","porte":null,"valor":null,"processo":"3310800055","link_oficial":"https://sigam.sedam.ro.gov.br/consulta/processo?termo=3310800055","resumo":"Embargo Ambiental (BPA) · Governador Jorge Teixeira · Motivo: Infração Ambiental · Área embargada: 10.2 ha · BO: 3310800055","aprox":true}},{"type":"Feature","geometry":{"type":"Point","coordinates":[-63.91089,-8.74619]},"properties":{"id":"SEDAM (RO):3317700100","orgao":"SEDAM (RO)","uf":"RO","ano":null,"categoria":"embargo","tipo":"Embargo Ambiental — Infração Ambiental","empresa":"","municipio":"Porto Velho","porte":null,"valor":null,"processo":"3317700100","link_oficial":"https://sigam.sedam.ro.gov.br/consulta/processo?termo=3317700100","resumo":"Embargo Ambiental (BPA) · Porto Velho · Motivo: Infração Ambiental · Área embargada: 371.1 ha · BO: 3317700100","aprox":true}},{"type":"Feature","geometry":{"type":"Point","coordinates":[-63.69231,-8.79665]},"properties":{"id":"SEDAM (RO):3309700111","orgao":"SEDAM (RO)","uf":"RO","ano":null,"categoria":"embargo","tipo":"Embargo Ambiental — Infração Ambiental","empresa":"","municipio":"Candeias Do Jamari","porte":null,"valor":null,"processo":"3309700111","link_oficial":"https://sigam.sedam.ro.gov.br/consulta/processo?termo=3309700111","resumo":"Embargo Ambiental (BPA) · Candeias Do Jamari · Motivo: Infração Ambiental · Área embargada: 0.4 ha · BO: 3309700111","aprox":true}},{"type":"Feature","geometry":{"type":"Point","coordinates":[-63.7005,-8.7907]},"properties":{"id":"SEDAM (RO):3147400226","orgao":"SEDAM (RO)","uf":"RO","ano":null,"categoria":"embargo","tipo":"Embargo Ambiental — Infração Ambiental","empresa":"","municipio":"Candeias Do Jamari","porte":null,"valor":null,"processo":"3147400226","link_oficial":"https://sigam.sedam.ro.gov.br/consulta/processo?termo=3147400226","resumo":"Embargo Ambiental (BPA) · Candeias Do Jamari · Motivo: Infração Ambiental · Área embargada: 25.0 ha · BO: 3147400226","aprox":true}},{"type":"Feature","geometry":{"type":"Point","coordinates":[-63.90976,-8.76163]},"properties":{"id":"SEDAM (RO):3309700112","orgao":"SEDAM (RO)","uf":"RO","ano":null,"categoria":"embargo","tipo":"Embargo Ambiental — Infração Ambiental","empresa":"","municipio":"Porto Velho","porte":null,"valor":null,"processo":"3309700112","link_oficial":"https://sigam.sedam.ro.gov.br/consulta/processo?termo=3309700112","resumo":"Embargo Ambiental (BPA) · Porto Velho · Motivo: Infração Ambiental · Área embargada: 158.5 ha · BO: 3309700112","aprox":true}},{"type":"Feature","geometry":{"type":"Point","coordinates":[-62.5879,-9.35418]},"properties":{"id":"SEDAM (RO):3277600876","orgao":"SEDAM (RO)","uf":"RO","ano":null,"categoria":"embargo","tipo":"Embargo Ambiental — Infração Ambiental","empresa":"","municipio":"Cujubim","porte":null,"valor":null,"processo":"3277600876","link_oficial":"https://sigam.sedam.ro.gov.br/consulta/processo?termo=3277600876","resumo":"Embargo Ambiental (BPA) · Cujubim · Motivo: Infração Ambiental · Área embargada: 227.5 ha · BO: 3277600876","aprox":true}},{"type":"Feature","geometry":{"type":"Point","coordinates":[-63.90356,-8.75874]},"properties":{"id":"SEDAM (RO):317700103","orgao":"SEDAM (RO)","uf":"RO","ano":null,"categoria":"embargo","tipo":"Embargo Ambiental — Infração Ambiental","empresa":"","municipio":"Porto Velho","porte":null,"valor":null,"processo":"317700103","link_oficial":"https://sigam.sedam.ro.gov.br/consulta/processo?termo=317700103","resumo":"Embargo Ambiental (BPA) · Porto Velho · Motivo: Infração Ambiental · Área embargada: 138.4 ha · BO: 317700103","aprox":true}},{"type":"Feature","geometry":{"type":"Point","coordinates":[-63.91478,-8.7464]},"properties":{"id":"SEDAM (RO):3318000093","orgao":"SEDAM (RO)","uf":"RO","ano":null,"categoria":"embargo","tipo":"Embargo Ambiental — Infração Ambiental","empresa":"","municipio":"Porto Velho","porte":null,"valor":null,"processo":"3318000093","link_oficial":"https://sigam.sedam.ro.gov.br/consulta/processo?termo=3318000093","resumo":"Embargo Ambiental (BPA) · Porto Velho · Motivo: Infração Ambiental · Área embargada: 149.7 ha · BO: 3318000093","aprox":true}},{"type":"Feature","geometry":{"type":"Point","coordinates":[-61.51346,-11.1802]},"properties":{"id":"SEDAM (RO):035","orgao":"SEDAM (RO)","uf":"RO","ano":null,"categoria":"embargo","tipo":"Embargo Ambiental — Infração Ambiental","empresa":"","municipio":"Ministro Andreazza","porte":null,"valor":null,"processo":"035","link_oficial":"https://sigam.sedam.ro.gov.br/consulta/processo?termo=035","resumo":"Embargo Ambiental (BPA) · Ministro Andreazza · Motivo: Infração Ambiental · Área embargada: 2.2 ha · BO: 035","aprox":true}},{"type":"Feature","geometry":{"type":"Point","coordinates":[-63.90513,-8.7631]},"properties":{"id":"SEDAM (RO):3147600025","orgao":"SEDAM (RO)","uf":"RO","ano":null,"categoria":"embargo","tipo":"Embargo Ambiental — Infração Ambiental","empresa":"","municipio":"Porto Velho","porte":null,"valor":null,"processo":"3147600025","link_oficial":"https://sigam.sedam.ro.gov.br/consulta/processo?termo=3147600025","resumo":"Embargo Ambiental (BPA) · Porto Velho · Motivo: Infração Ambiental · Área embargada: 178.7 ha · BO: 3147600025","aprox":true}},{"type":"Feature","geometry":{"type":"Point","coordinates":[-62.58027,-9.36141]},"properties":{"id":"SEDAM (RO):3147600024","orgao":"SEDAM (RO)","uf":"RO","ano":null,"categoria":"embargo","tipo":"Embargo Ambiental — Infração Ambiental","empresa":"","municipio":"Cujubim","porte":null,"valor":null,"processo":"3147600024","link_oficial":"https://sigam.sedam.ro.gov.br/consulta/processo?termo=3147600024","resumo":"Embargo Ambiental (BPA) · Cujubim · Motivo: Infração Ambiental · Área embargada: 354.3 ha · BO: 3147600024","aprox":true}},{"type":"Feature","geometry":{"type":"Point","coordinates":[-63.69646,-8.78846]},"properties":{"id":"SEDAM (RO):3144600339","orgao":"SEDAM (RO)","uf":"RO","ano":null,"categoria":"embargo","tipo":"Embargo Ambiental — Infração Ambiental","empresa":"","municipio":"Candeias Do Jamari","porte":null,"valor":null,"processo":"3144600339","link_oficial":"https://sigam.sedam.ro.gov.br/consulta/processo?termo=3144600339","resumo":"Embargo Ambiental (BPA) · Candeias Do Jamari · Motivo: Infração Ambiental · Área embargada: 58.7 ha · BO: 3144600339","aprox":true}},{"type":"Feature","geometry":{"type":"Point","coordinates":[-63.18286,-9.18093]},"properties":{"id":"SEDAM (RO):3309700109","orgao":"SEDAM (RO)","uf":"RO","ano":null,"categoria":"embargo","tipo":"Embargo Ambiental — Infração Ambiental","empresa":"","municipio":"Itapuã Do Oeste","porte":null,"valor":null,"processo":"3309700109","link_oficial":"https://sigam.sedam.ro.gov.br/consulta/processo?termo=3309700109","resumo":"Embargo Ambiental (BPA) · Itapuã Do Oeste · Motivo: Infração Ambiental · Área embargada: 90.7 ha · BO: 3309700109","aprox":true}},{"type":"Feature","geometry":{"type":"Point","coordinates":[-62.58086,-9.37987]},"properties":{"id":"SEDAM (RO):3316400225","orgao":"SEDAM (RO)","uf":"RO","ano":null,"categoria":"embargo","tipo":"Embargo Ambiental — Infração Ambiental","empresa":"","municipio":"Cujubim","porte":null,"valor":null,"processo":"3316400225","link_oficial":"https://sigam.sedam.ro.gov.br/consulta/processo?termo=3316400225","resumo":"Embargo Ambiental (BPA) · Cujubim · Motivo: Infração Ambiental · Área embargada: 163.8 ha · BO: 3316400225","aprox":true}},{"type":"Feature","geometry":{"type":"Point","coordinates":[-62.59076,-9.36086]},"properties":{"id":"SEDAM (RO):3316400228","orgao":"SEDAM (RO)","uf":"RO","ano":null,"categoria":"embargo","tipo":"Embargo Ambiental — Infração Ambiental","empresa":"","municipio":"Cujubim","porte":null,"valor":null,"processo":"3316400228","link_oficial":"https://sigam.sedam.ro.gov.br/consulta/processo?termo=3316400228","resumo":"Embargo Ambiental (BPA) · Cujubim · Motivo: Infração Ambiental · Área embargada: 32.4 ha · BO: 3316400228","aprox":true}},{"type":"Feature","geometry":{"type":"Point","coordinates":[-62.59316,-9.35209]},"properties":{"id":"SEDAM (RO):3316400226","orgao":"SEDAM (RO)","uf":"RO","ano":null,"categoria":"embargo","tipo":"Embargo Ambiental — Infração Ambiental","empresa":"","municipio":"Cujubim","porte":null,"valor":null,"processo":"3316400226","link_oficial":"https://sigam.sedam.ro.gov.br/consulta/processo?termo=3316400226","resumo":"Embargo Ambiental (BPA) · Cujubim · Motivo: Infração Ambiental · Área embargada: 146.4 ha · BO: 3316400226","aprox":true}},{"type":"Feature","geometry":{"type":"Point","coordinates":[-62.5796,-9.34058]},"properties":{"id":"SEDAM (RO):3316400227","orgao":"SEDAM (RO)","uf":"RO","ano":null,"categoria":"embargo","tipo":"Embargo Ambiental — Infração Ambiental","empresa":"","municipio":"Cujubim","porte":null,"valor":null,"processo":"3316400227","link_oficial":"https://sigam.sedam.ro.gov.br/consulta/processo?termo=3316400227","resumo":"Embargo Ambiental (BPA) · Cujubim · Motivo: Infração Ambiental · Área embargada: 98.5 ha · BO: 3316400227","aprox":true}},{"type":"Feature","geometry":{"type":"Point","coordinates":[-65.34063,-10.40562]},"properties":{"id":"SEDAM (RO):3026500106","orgao":"SEDAM (RO)","uf":"RO","ano":2020,"categoria":"embargo","tipo":"Embargo Ambiental — Infração Ambiental","empresa":"","municipio":"Nova Mamoré","porte":null,"valor":null,"processo":"3026500106","link_oficial":"https://sigam.sedam.ro.gov.br/consulta/processo?termo=3026500106","resumo":"Embargo Ambiental (BPA) · Nova Mamoré · Motivo: Infração Ambiental · Área embargada: 19.2 ha · BO: 3026500106","aprox":true}},{"type":"Feature","geometry":{"type":"Point","coordinates":[-62.00049,-9.43646]},"properties":{"id":"SEDAM (RO):BPAASS2020HILÉIA9°EDIÇÃO","orgao":"SEDAM (RO)","uf":"RO","ano":2020,"categoria":"embargo","tipo":"Embargo Ambiental — Infração Ambiental","empresa":"","municipio":"Machadinho D' Oeste","porte":null,"valor":null,"processo":"BPAASS2020HILÉIA9°EDIÇÃO","link_oficial":"https://sigam.sedam.ro.gov.br/consulta/processo?termo=BPAASS2020HIL%C3%89IA9%C2%B0EDI%C3%87%C3%83O","resumo":"Embargo Ambiental (BPA) · Machadinho D' Oeste · Motivo: Infração Ambiental · Área embargada: 26.2 ha · BO: BPAASS2020HILÉIA9°EDIÇÃO","aprox":true}},{"type":"Feature","geometry":{"type":"Point","coordinates":[-65.33606,-10.41459]},"properties":{"id":"SEDAM (RO):3145800025","orgao":"SEDAM (RO)","uf":"RO","ano":2021,"categoria":"embargo","tipo":"Embargo Ambiental — ART. 50","empresa":"","municipio":"Nova Mamore","porte":null,"valor":null,"processo":"3145800025","link_oficial":"https://sigam.sedam.ro.gov.br/consulta/processo?termo=3145800025","resumo":"Embargo Ambiental (BPA) · Nova Mamore · Motivo: ART. 50 · Área embargada: 6.2 ha · BO: 3145800025","aprox":true}},{"type":"Feature","geometry":{"type":"Point","coordinates":[-61.98646,-9.45004]},"properties":{"id":"SEDAM (RO):RGC0013-2020","orgao":"SEDAM (RO)","uf":"RO","ano":2020,"categoria":"embargo","tipo":"Embargo Ambiental — Infração Ambiental","empresa":"","municipio":"Machadinho D'Oeste","porte":null,"valor":null,"processo":"RGC0013-2020","link_oficial":"https://sigam.sedam.ro.gov.br/consulta/processo?termo=RGC0013-2020","resumo":"[CPF redigido]","aprox":true}},{"type":"Feature","geometry":{"type":"Point","coordinates":[-61.97372,-9.46362]},"properties":{"id":"SEDAM (RO):BPAASS2020HILÉIA9°EDIÇÃO","orgao":"SEDAM (RO)","uf":"RO","ano":2020,"categoria":"embargo","tipo":"Embargo Ambiental — Infração Ambiental","empresa":"","municipio":"Machadinho D'Oeste","porte":null,"valor":null,"processo":"BPAASS2020HILÉIA9°EDIÇÃO","link_oficial":"https://sigam.sedam.ro.gov.br/consulta/processo?termo=BPAASS2020HIL%C3%89IA9%C2%B0EDI%C3%87%C3%83O","resumo":"Embargo Ambiental (BPA) · Machadinho D'Oeste · Motivo: Infração Ambiental · Área embargada: 34.8 ha · BO: BPAASS2020HILÉIA9°EDIÇÃO","aprox":true}},{"type":"Feature","geometry":{"type":"Point","coordinates":[-61.97273,-9.46222]},"properties":{"id":"SEDAM (RO):RGC0014-2020","orgao":"SEDAM (RO)","uf":"RO","ano":2020,"categoria":"embargo","tipo":"Embargo Ambiental — Infração Ambiental","empresa":"","municipio":"Machadinho D'Oeste","porte":null,"valor":null,"processo":"RGC0014-2020","link_oficial":"https://sigam.sedam.ro.gov.br/consulta/processo?termo=RGC0014-2020","resumo":"Embargo Ambiental (BPA) · Machadinho D'Oeste · Motivo: Infração Ambiental · Área embargada: 24.7 ha · BO: RGC0014-2020","aprox":true}},{"type":"Feature","geometry":{"type":"Point","coordinates":[-63.56263,-12.0621]},"properties":{"id":"SEDAM (RO):BPA2020MO065","orgao":"SEDAM (RO)","uf":"RO","ano":2020,"categoria":"embargo","tipo":"Embargo Ambiental — ART. 50 DA LEI 9605/98","empresa":"","municipio":"São Francisco Do Guaporé","porte":null,"valor":null,"processo":"BPA2020MO065","link_oficial":"https://sigam.sedam.ro.gov.br/consulta/processo?termo=BPA2020MO065","resumo":"Embargo Ambiental (BPA) · São Francisco Do Guaporé · Motivo: ART. 50 DA LEI 9605/98 · Área embargada: 22.7 ha · BO: BPA2020MO065","aprox":true}},{"type":"Feature","geometry":{"type":"Point","coordinates":[-63.56969,-12.05341]},"properties":{"id":"SEDAM (RO):BPA2020MO066","orgao":"SEDAM (RO)","uf":"RO","ano":2020,"categoria":"embargo","tipo":"Embargo Ambiental — ART. 50 DA LEI 9605/98","empresa":"","municipio":"São Francisco Do Guaporé","porte":null,"valor":null,"processo":"BPA2020MO066","link_oficial":"https://sigam.sedam.ro.gov.br/consulta/processo?termo=BPA2020MO066","resumo":"Embargo Ambiental (BPA) · São Francisco Do Guaporé · Motivo: ART. 50 DA LEI 9605/98 · Área embargada: 4.2 ha · BO: BPA2020MO066","aprox":true}},{"type":"Feature","geometry":{"type":"Point","coordinates":[-61.97372,-9.46362]},"properties":{"id":"SEDAM (RO):BPAASS2020HILÉIA9°EDIÇÃO","orgao":"SEDAM (RO)","uf":"RO","ano":2020,"categoria":"embargo","tipo":"Embargo Ambiental — Infração Ambiental","empresa":"","municipio":"Machadinho D'Oeste","porte":null,"valor":null,"processo":"BPAASS2020HILÉIA9°EDIÇÃO","link_oficial":"https://sigam.sedam.ro.gov.br/consulta/processo?termo=BPAASS2020HIL%C3%89IA9%C2%B0EDI%C3%87%C3%83O","resumo":"Embargo Ambiental (BPA) · Machadinho D'Oeste · Motivo: Infração Ambiental · Área embargada: 37.7 ha · BO: BPAASS2020HILÉIA9°EDIÇÃO","aprox":true}},{"type":"Feature","geometry":{"type":"Point","coordinates":[-65.31567,-10.40118]},"properties":{"id":"SEDAM (RO):3145800014","orgao":"SEDAM (RO)","uf":"RO","ano":2021,"categoria":"embargo","tipo":"Embargo Ambiental — Infração Ambiental","empresa":"","municipio":"Nova Mamoré","porte":null,"valor":null,"processo":"3145800014","link_oficial":"https://sigam.sedam.ro.gov.br/consulta/processo?termo=3145800014","resumo":"Embargo Ambiental (BPA) · Nova Mamoré · Motivo: Infração Ambiental · Área embargada: 13.0 ha · BO: 3145800014","aprox":true}},{"type":"Feature","geometry":{"type":"Point","coordinates":[-63.57118,-12.04451]},"properties":{"id":"SEDAM (RO):BPA2020MO068","orgao":"SEDAM (RO)","uf":"RO","ano":2020,"categoria":"embargo","tipo":"Embargo Ambiental — ART. 50 DA LEI 9605/98","empresa":"","municipio":"São Francisco Do Guaporé","porte":null,"valor":null,"processo":"BPA2020MO068","link_oficial":"https://sigam.sedam.ro.gov.br/consulta/processo?termo=BPA2020MO068","resumo":"Embargo Ambiental (BPA) · São Francisco Do Guaporé · Motivo: ART. 50 DA LEI 9605/98 · Área embargada: 6.7 ha · BO: BPA2020MO068","aprox":true}},{"type":"Feature","geometry":{"type":"Point","coordinates":[-63.56814,-12.05217]},"properties":{"id":"SEDAM (RO):BPA2020MO069","orgao":"SEDAM (RO)","uf":"RO","ano":2020,"categoria":"embargo","tipo":"Embargo Ambiental — ART. 50 DA LEI 9605/98","empresa":"","municipio":"São Francisco Do Guaporé","porte":null,"valor":null,"processo":"BPA2020MO069","link_oficial":"https://sigam.sedam.ro.gov.br/consulta/processo?termo=BPA2020MO069","resumo":"Embargo Ambiental (BPA) · São Francisco Do Guaporé · Motivo: ART. 50 DA LEI 9605/98 · Área embargada: 10.0 ha · BO: BPA2020MO069","aprox":true}},{"type":"Feature","geometry":{"type":"Point","coordinates":[-63.57173,-12.05797]},"properties":{"id":"SEDAM (RO):BPA2020MO070","orgao":"SEDAM (RO)","uf":"RO","ano":2020,"categoria":"embargo","tipo":"Embargo Ambiental — ART. 50 DA LEI 9605/98","empresa":"","municipio":"São Francisco Do Guaporé","porte":null,"valor":null,"processo":"BPA2020MO070","link_oficial":"https://sigam.sedam.ro.gov.br/consulta/processo?termo=BPA2020MO070","resumo":"Embargo Ambiental (BPA) · São Francisco Do Guaporé · Motivo: ART. 50 DA LEI 9605/98 · Área embargada: 6.8 ha · BO: BPA2020MO070","aprox":true}},{"type":"Feature","geometry":{"type":"Point","coordinates":[-63.57067,-12.03683]},"properties":{"id":"SEDAM (RO):BPA2020MO071","orgao":"SEDAM (RO)","uf":"RO","ano":2020,"categoria":"embargo","tipo":"Embargo Ambiental — ART. 50 DA LEI 9605/98","empresa":"","municipio":"São Francisco Do Guaporé","porte":null,"valor":null,"processo":"BPA2020MO071","link_oficial":"https://sigam.sedam.ro.gov.br/consulta/processo?termo=BPA2020MO071","resumo":"Embargo Ambiental (BPA) · São Francisco Do Guaporé · Motivo: ART. 50 DA LEI 9605/98 · Área embargada: 22.9 ha · BO: BPA2020MO071","aprox":true}},{"type":"Feature","geometry":{"type":"Point","coordinates":[-63.56808,-12.05662]},"properties":{"id":"SEDAM (RO):BPA2020MO072","orgao":"SEDAM (RO)","uf":"RO","ano":2020,"categoria":"embargo","tipo":"Embargo Ambiental — ART. 50 DA LEI 9605/98","empresa":"","municipio":"São Francisco Do Guaporé","porte":null,"valor":null,"processo":"BPA2020MO072","link_oficial":"https://sigam.sedam.ro.gov.br/consulta/processo?termo=BPA2020MO072","resumo":"Embargo Ambiental (BPA) · São Francisco Do Guaporé · Motivo: ART. 50 DA LEI 9605/98 · Área embargada: 6.9 ha · BO: BPA2020MO072","aprox":true}},{"type":"Feature","geometry":{"type":"Point","coordinates":[-63.56471,-12.05747]},"properties":{"id":"SEDAM (RO):BPA2020MO073","orgao":"SEDAM (RO)","uf":"RO","ano":2020,"categoria":"embargo","tipo":"Embargo Ambiental — ART. 50 DA LEI 9605/98","empresa":"","municipio":"São Francisco Do Guaporé","porte":null,"valor":null,"processo":"BPA2020MO073","link_oficial":"https://sigam.sedam.ro.gov.br/consulta/processo?termo=BPA2020MO073","resumo":"Embargo Ambiental (BPA) · São Francisco Do Guaporé · Motivo: ART. 50 DA LEI 9605/98 · Área embargada: 12.4 ha · BO: BPA2020MO073","aprox":true}},{"type":"Feature","geometry":{"type":"Point","coordinates":[-62.35126,-11.12788]},"properties":{"id":"SEDAM (RO):102","orgao":"SEDAM (RO)","uf":"RO","ano":null,"categoria":"embargo","tipo":"Embargo Ambiental — Infração Ambiental","empresa":"","municipio":"Urupá","porte":null,"valor":null,"processo":"102","link_oficial":"https://sigam.sedam.ro.gov.br/consulta/processo?termo=102","resumo":"Embargo Ambiental (BPA) · Urupá · Motivo: Infração Ambiental · Área embargada: 4.6 ha · BO: 102","aprox":true}},{"type":"Feature","geometry":{"type":"Point","coordinates":[-62.35014,-11.12441]},"properties":{"id":"SEDAM (RO):104","orgao":"SEDAM (RO)","uf":"RO","ano":null,"categoria":"embargo","tipo":"Embargo Ambiental — Infração Ambiental","empresa":"","municipio":"Urupá","porte":null,"valor":null,"processo":"104","link_oficial":"https://sigam.sedam.ro.gov.br/consulta/processo?termo=104","resumo":"Embargo Ambiental (BPA) · Urupá · Motivo: Infração Ambiental · Área embargada: 8.9 ha · BO: 104","aprox":true}},{"type":"Feature","geometry":{"type":"Point","coordinates":[-63.90216,-8.7599]},"properties":{"id":"SEDAM (RO):3039200145","orgao":"SEDAM (RO)","uf":"RO","ano":2021,"categoria":"embargo","tipo":"Embargo Ambiental — ART. 50 DA LEI 9605/98","empresa":"","municipio":"Porto Velho","porte":null,"valor":null,"processo":"3039200145","link_oficial":"https://sigam.sedam.ro.gov.br/consulta/processo?termo=3039200145","resumo":"Embargo Ambiental (BPA) · Porto Velho · Motivo: ART. 50 DA LEI 9605/98 · Área embargada: 347.8 ha · BO: 3039200145","aprox":true}},{"type":"Feature","geometry":{"type":"Point","coordinates":[-63.91121,-8.77425]},"properties":{"id":"SEDAM (RO):3039200146","orgao":"SEDAM (RO)","uf":"RO","ano":2021,"categoria":"embargo","tipo":"Embargo Ambiental — ART. 50 DA LEI 9605/98","empresa":"","municipio":"Porto Velho","porte":null,"valor":null,"processo":"3039200146","link_oficial":"https://sigam.sedam.ro.gov.br/consulta/processo?termo=3039200146","resumo":"Embargo Ambiental (BPA) · Porto Velho · Motivo: ART. 50 DA LEI 9605/98 · Área embargada: 171.5 ha · BO: 3039200146","aprox":true}},{"type":"Feature","geometry":{"type":"Point","coordinates":[-65.33422,-10.41009]},"properties":{"id":"SEDAM (RO):RGC0047-2021","orgao":"SEDAM (RO)","uf":"RO","ano":2021,"categoria":"embargo","tipo":"Embargo Ambiental — Infração Ambiental","empresa":"","municipio":"Nova Mamore","porte":null,"valor":null,"processo":"RGC0047-2021","link_oficial":"https://sigam.sedam.ro.gov.br/consulta/processo?termo=RGC0047-2021","resumo":"Embargo Ambiental (BPA) · Nova Mamore · Motivo: Infração Ambiental · Área embargada: 23.0 ha · BO: RGC0047-2021","aprox":true}},{"type":"Feature","geometry":{"type":"Point","coordinates":[-63.87947,-8.76184]},"properties":{"id":"SEDAM (RO):3039200147","orgao":"SEDAM (RO)","uf":"RO","ano":2021,"categoria":"embargo","tipo":"Embargo Ambiental — ART. 50 DA LEI 9605/98","empresa":"","municipio":"Porto Velho","porte":null,"valor":null,"processo":"3039200147","link_oficial":"https://sigam.sedam.ro.gov.br/consulta/processo?termo=3039200147","resumo":"Embargo Ambiental (BPA) · Porto Velho · Motivo: ART. 50 DA LEI 9605/98 · Área embargada: 106.6 ha · BO: 3039200147","aprox":true}},{"type":"Feature","geometry":{"type":"Point","coordinates":[-63.90334,-8.78027]},"properties":{"id":"SEDAM (RO):3039200148","orgao":"SEDAM (RO)","uf":"RO","ano":2021,"categoria":"embargo","tipo":"Embargo Ambiental — ART. 50 DA LEI 9605/98","empresa":"","municipio":"Porto Velho","porte":null,"valor":null,"processo":"3039200148","link_oficial":"https://sigam.sedam.ro.gov.br/consulta/processo?termo=3039200148","resumo":"Embargo Ambiental (BPA) · Porto Velho · Motivo: ART. 50 DA LEI 9605/98 · Área embargada: 68.6 ha · BO: 3039200148","aprox":true}},{"type":"Feature","geometry":{"type":"Point","coordinates":[-63.91891,-8.75108]},"properties":{"id":"SEDAM (RO):3039200149","orgao":"SEDAM (RO)","uf":"RO","ano":2021,"categoria":"embargo","tipo":"Embargo Ambiental — ART. 50 DA LEI 9605/98","empresa":"","municipio":"Porto Velho","porte":null,"valor":null,"processo":"3039200149","link_oficial":"https://sigam.sedam.ro.gov.br/consulta/processo?termo=3039200149","resumo":"Embargo Ambiental (BPA) · Porto Velho · Motivo: ART. 50 DA LEI 9605/98 · Área embargada: 13.1 ha · BO: 3039200149","aprox":true}},{"type":"Feature","geometry":{"type":"Point","coordinates":[-63.91001,-8.77088]},"properties":{"id":"SEDAM (RO):3039200150","orgao":"SEDAM (RO)","uf":"RO","ano":2021,"categoria":"embargo","tipo":"Embargo Ambiental — ART. 50 DA LEI 9605/98","empresa":"","municipio":"Porto Velho","porte":null,"valor":null,"processo":"3039200150","link_oficial":"https://sigam.sedam.ro.gov.br/consulta/processo?termo=3039200150","resumo":"Embargo Ambiental (BPA) · Porto Velho · Motivo: ART. 50 DA LEI 9605/98 · Área embargada: 24.7 ha · BO: 3039200150","aprox":true}},{"type":"Feature","geometry":{"type":"Point","coordinates":[-62.5846,-9.36065]},"properties":{"id":"SEDAM (RO):3107200028","orgao":"SEDAM (RO)","uf":"RO","ano":2021,"categoria":"embargo","tipo":"Embargo Ambiental — ART. 50 DA LEI 9605/98","empresa":"","municipio":"Cujubim","porte":null,"valor":null,"processo":"3107200028","link_oficial":"https://sigam.sedam.ro.gov.br/consulta/processo?termo=3107200028","resumo":"Embargo Ambiental (BPA) · Cujubim · Motivo: ART. 50 DA LEI 9605/98 · Área embargada: 285.2 ha · BO: 3107200028","aprox":true}},{"type":"Feature","geometry":{"type":"Point","coordinates":[-62.57855,-9.35625]},"properties":{"id":"SEDAM (RO):3039200152","orgao":"SEDAM (RO)","uf":"RO","ano":2021,"categoria":"embargo","tipo":"Embargo Ambiental — ART. 50 DA LEI 9605/98","empresa":"","municipio":"Cujubim","porte":null,"valor":null,"processo":"3039200152","link_oficial":"https://sigam.sedam.ro.gov.br/consulta/processo?termo=3039200152","resumo":"Embargo Ambiental (BPA) · Cujubim · Motivo: ART. 50 DA LEI 9605/98 · Área embargada: 74.5 ha · BO: 3039200152","aprox":true}},{"type":"Feature","geometry":{"type":"Point","coordinates":[-63.6151,-10.57811]},"properties":{"id":"SEDAM (RO):3039200177","orgao":"SEDAM (RO)","uf":"RO","ano":2021,"categoria":"embargo","tipo":"Embargo Ambiental — ART. 50 DA LEI 9605/98","empresa":"","municipio":"Campo Novo De Rondônia","porte":null,"valor":null,"processo":"3039200177","link_oficial":"https://sigam.sedam.ro.gov.br/consulta/processo?termo=3039200177","resumo":"Embargo Ambiental (BPA) · Campo Novo De Rondônia · Motivo: ART. 50 DA LEI 9605/98 · Área embargada: 19.7 ha · BO: 3039200177","aprox":true}},{"type":"Feature","geometry":{"type":"Point","coordinates":[-63.31571,-9.70871]},"properties":{"id":"SEDAM (RO):3039200178","orgao":"SEDAM (RO)","uf":"RO","ano":2021,"categoria":"embargo","tipo":"Embargo Ambiental — ART. 50 DA LEI 9605/98","empresa":"","municipio":"Alto Paraiso","porte":null,"valor":null,"processo":"3039200178","link_oficial":"https://sigam.sedam.ro.gov.br/consulta/processo?termo=3039200178","resumo":"Embargo Ambiental (BPA) · Alto Paraiso · Motivo: ART. 50 DA LEI 9605/98 · Área embargada: 71.1 ha · BO: 3039200178","aprox":true}},{"type":"Feature","geometry":{"type":"Point","coordinates":[-63.83466,-10.19343]},"properties":{"id":"SEDAM (RO):3039200179","orgao":"SEDAM (RO)","uf":"RO","ano":2021,"categoria":"embargo","tipo":"Embargo Ambiental — ART. 50 DA LEI 9605/98","empresa":"","municipio":"Buritis","porte":null,"valor":null,"processo":"3039200179","link_oficial":"https://sigam.sedam.ro.gov.br/consulta/processo?termo=3039200179","resumo":"Embargo Ambiental (BPA) · Buritis · Motivo: ART. 50 DA LEI 9605/98 · Área embargada: 89.4 ha · BO: 3039200179","aprox":true}},{"type":"Feature","geometry":{"type":"Point","coordinates":[-63.83094,-10.19938]},"properties":{"id":"SEDAM (RO):3039200180","orgao":"SEDAM (RO)","uf":"RO","ano":2021,"categoria":"embargo","tipo":"Embargo Ambiental — ART. 50 DA LEI 9605/98","empresa":"","municipio":"Buritis","porte":null,"valor":null,"processo":"3039200180","link_oficial":"https://sigam.sedam.ro.gov.br/consulta/processo?termo=3039200180","resumo":"Embargo Ambiental (BPA) · Buritis · Motivo: ART. 50 DA LEI 9605/98 · Área embargada: 101.6 ha · BO: 3039200180","aprox":true}},{"type":"Feature","geometry":{"type":"Point","coordinates":[-65.32735,-10.4114]},"properties":{"id":"SEDAM (RO):DCF_05_01_2022","orgao":"SEDAM (RO)","uf":"RO","ano":2022,"categoria":"embargo","tipo":"Embargo Ambiental — Infração Ambiental","empresa":"","municipio":"Nova Mamoré","porte":null,"valor":null,"processo":"DCF_05_01_2022","link_oficial":"https://sigam.sedam.ro.gov.br/consulta/processo?termo=DCF_05_01_2022","resumo":"Embargo Ambiental (BPA) · Nova Mamoré · Motivo: Infração Ambiental · Área embargada: 245.9 ha · BO: DCF_05_01_2022","aprox":true}},{"type":"Feature","geometry":{"type":"Point","coordinates":[-63.71479,-8.77426]},"properties":{"id":"SEDAM (RO):SD.COPAM.REC_18","orgao":"SEDAM (RO)","uf":"RO","ano":2021,"categoria":"embargo","tipo":"Embargo Ambiental — Infração Ambiental","empresa":"","municipio":"Candeias Do Jamari","porte":null,"valor":null,"processo":"SD.COPAM.REC_18","link_oficial":"https://sigam.sedam.ro.gov.br/consulta/processo?termo=SD.COPAM.REC_18","resumo":"Embargo Ambiental (BPA) · Candeias Do Jamari · Motivo: Infração Ambiental · Área embargada: 212.6 ha · BO: SD.COPAM.REC_18","aprox":true}},{"type":"Feature","geometry":{"type":"Point","coordinates":[-63.83555,-10.18979]},"properties":{"id":"SEDAM (RO):3039200182","orgao":"SEDAM (RO)","uf":"RO","ano":2021,"categoria":"embargo","tipo":"Embargo Ambiental — ART. 50 DA LEI 9605/98","empresa":"","municipio":"Buritis","porte":null,"valor":null,"processo":"3039200182","link_oficial":"https://sigam.sedam.ro.gov.br/consulta/processo?termo=3039200182","resumo":"Embargo Ambiental (BPA) · Buritis · Motivo: ART. 50 DA LEI 9605/98 · Área embargada: 68.8 ha · BO: 3039200182","aprox":true}},{"type":"Feature","geometry":{"type":"Point","coordinates":[-64.23834,-12.43294]},"properties":{"id":"SEDAM (RO):PM94341-200910-0846","orgao":"SEDAM (RO)","uf":"RO","ano":2020,"categoria":"embargo","tipo":"Embargo Ambiental — ART. 50 DA LEI 9605/98","empresa":"","municipio":"Costa Marques","porte":null,"valor":null,"processo":"PM94341-200910-0846","link_oficial":"https://sigam.sedam.ro.gov.br/consulta/processo?termo=PM94341-200910-0846","resumo":"Embargo Ambiental (BPA) · Costa Marques · Motivo: ART. 50 DA LEI 9605/98 · Área embargada: 47.8 ha · BO: PM94341-200910-0846","aprox":true}},{"type":"Feature","geometry":{"type":"Point","coordinates":[-64.21915,-12.43842]},"properties":{"id":"SEDAM (RO):PM94341-200910-1044","orgao":"SEDAM (RO)","uf":"RO","ano":2020,"categoria":"embargo","tipo":"Embargo Ambiental — ART. 50 DA LEI 9605/98","empresa":"","municipio":"Costa Marques","porte":null,"valor":null,"processo":"PM94341-200910-1044","link_oficial":"https://sigam.sedam.ro.gov.br/consulta/processo?termo=PM94341-200910-1044","resumo":"Embargo Ambiental (BPA) · Costa Marques · Motivo: ART. 50 DA LEI 9605/98 · Área embargada: 22.9 ha · BO: PM94341-200910-1044","aprox":true}},{"type":"Feature","geometry":{"type":"Point","coordinates":[-64.22966,-12.44101]},"properties":{"id":"SEDAM (RO):PM94341-200910-1046","orgao":"SEDAM (RO)","uf":"RO","ano":2020,"categoria":"embargo","tipo":"Embargo Ambiental — ART. 50 DA LEI 9605/98","empresa":"","municipio":"Costa Marques-São Francisco Do Guaporé","porte":null,"valor":null,"processo":"PM94341-200910-1046","link_oficial":"https://sigam.sedam.ro.gov.br/consulta/processo?termo=PM94341-200910-1046","resumo":"Embargo Ambiental (BPA) · Costa Marques-São Francisco Do Guaporé · Motivo: ART. 50 DA LEI 9605/98 · Área embargada: 45.8 ha · BO: PM94341-200910-1046","aprox":true}},{"type":"Feature","geometry":{"type":"Point","coordinates":[-63.57369,-12.04472]},"properties":{"id":"SEDAM (RO):PM94341-200911-1705","orgao":"SEDAM (RO)","uf":"RO","ano":2020,"categoria":"embargo","tipo":"Embargo Ambiental — ART. 50 DA LEI 9605/98","empresa":"","municipio":"São Francisco Do Guaporé","porte":null,"valor":null,"processo":"PM94341-200911-1705","link_oficial":"https://sigam.sedam.ro.gov.br/consulta/processo?termo=PM94341-200911-1705","resumo":"Embargo Ambiental (BPA) · São Francisco Do Guaporé · Motivo: ART. 50 DA LEI 9605/98 · Área embargada: 9.0 ha · BO: PM94341-200911-1705","aprox":true}},{"type":"Feature","geometry":{"type":"Point","coordinates":[-63.0321,-9.90624]},"properties":{"id":"SEDAM (RO):COP 3148700141","orgao":"SEDAM (RO)","uf":"RO","ano":2021,"categoria":"embargo","tipo":"Embargo Ambiental — ART. 50 DA LEI 9605/98","empresa":"","municipio":"Ariquemes","porte":null,"valor":null,"processo":"COP 3148700141","link_oficial":"https://sigam.sedam.ro.gov.br/consulta/processo?termo=COP%203148700141","resumo":"Embargo Ambiental (BPA) · Ariquemes · Motivo: ART. 50 DA LEI 9605/98 · Área embargada: 19.9 ha · BO: COP 3148700141","aprox":true}},{"type":"Feature","geometry":{"type":"Point","coordinates":[-63.30554,-9.70838]},"properties":{"id":"SEDAM (RO):COP 3148700140","orgao":"SEDAM (RO)","uf":"RO","ano":2021,"categoria":"embargo","tipo":"Embargo Ambiental — ART. 50 DA LEI 9605/98","empresa":"","municipio":"Alto Paraiso","porte":null,"valor":null,"processo":"COP 3148700140","link_oficial":"https://sigam.sedam.ro.gov.br/consulta/processo?termo=COP%203148700140","resumo":"Embargo Ambiental (BPA) · Alto Paraiso · Motivo: ART. 50 DA LEI 9605/98 · Área embargada: 46.8 ha · BO: COP 3148700140","aprox":true}},{"type":"Feature","geometry":{"type":"Point","coordinates":[-62.58147,-9.34896]},"properties":{"id":"SEDAM (RO):COP 3148700142","orgao":"SEDAM (RO)","uf":"RO","ano":2021,"categoria":"embargo","tipo":"Embargo Ambiental — ART. 50 DA LEI 9605/98","empresa":"","municipio":"Cujubim","porte":null,"valor":null,"processo":"COP 3148700142","link_oficial":"https://sigam.sedam.ro.gov.br/consulta/processo?termo=COP%203148700142","resumo":"Embargo Ambiental (BPA) · Cujubim · Motivo: ART. 50 DA LEI 9605/98 · Área embargada: 8.5 ha · BO: COP 3148700142","aprox":true}},{"type":"Feature","geometry":{"type":"Point","coordinates":[-63.69984,-8.79062]},"properties":{"id":"SEDAM (RO):SD.COPAM.REC_18A","orgao":"SEDAM (RO)","uf":"RO","ano":2021,"categoria":"embargo","tipo":"Embargo Ambiental — Infração Ambiental","empresa":"","municipio":"Candeias Do Jamari","porte":null,"valor":null,"processo":"SD.COPAM.REC_18A","link_oficial":"https://sigam.sedam.ro.gov.br/consulta/processo?termo=SD.COPAM.REC_18A","resumo":"Embargo Ambiental (BPA) · Candeias Do Jamari · Motivo: Infração Ambiental · Área embargada: 112.2 ha · BO: SD.COPAM.REC_18A","aprox":true}},{"type":"Feature","geometry":{"type":"Point","coordinates":[-63.70381,-8.78474]},"properties":{"id":"SEDAM (RO):3148700144","orgao":"SEDAM (RO)","uf":"RO","ano":2021,"categoria":"embargo","tipo":"Embargo Ambiental — ART. 50 DA LEI 9605/98","empresa":"","municipio":"Candeias Do Jamari","porte":null,"valor":null,"processo":"3148700144","link_oficial":"https://sigam.sedam.ro.gov.br/consulta/processo?termo=3148700144","resumo":"Embargo Ambiental (BPA) · Candeias Do Jamari · Motivo: ART. 50 DA LEI 9605/98 · Área embargada: 37.6 ha · BO: 3148700144","aprox":true}},{"type":"Feature","geometry":{"type":"Point","coordinates":[-63.70565,-8.78623]},"properties":{"id":"SEDAM (RO):COP 3154200006","orgao":"SEDAM (RO)","uf":"RO","ano":2021,"categoria":"embargo","tipo":"Embargo Ambiental — ART. 50 DA LEI 9605/98","empresa":"","municipio":"Candeias Do Jamari","porte":null,"valor":null,"processo":"COP 3154200006","link_oficial":"https://sigam.sedam.ro.gov.br/consulta/processo?termo=COP%203154200006","resumo":"Embargo Ambiental (BPA) · Candeias Do Jamari · Motivo: ART. 50 DA LEI 9605/98 · Área embargada: 29.4 ha · BO: COP 3154200006","aprox":true}},{"type":"Feature","geometry":{"type":"Point","coordinates":[-63.7014,-8.79007]},"properties":{"id":"SEDAM (RO):COP 3154200009","orgao":"SEDAM (RO)","uf":"RO","ano":2021,"categoria":"embargo","tipo":"Embargo Ambiental — Infração Ambiental","empresa":"","municipio":"Candeias Do Jamari/Ro","porte":null,"valor":null,"processo":"COP 3154200009","link_oficial":"https://sigam.sedam.ro.gov.br/consulta/processo?termo=COP%203154200009","resumo":"Embargo Ambiental (BPA) · Candeias Do Jamari/Ro · Motivo: Infração Ambiental · Área embargada: 176.4 ha · BO: COP 3154200009","aprox":true}},{"type":"Feature","geometry":{"type":"Point","coordinates":[-63.69599,-8.79385]},"properties":{"id":"SEDAM (RO):SD.COPAM.REC_13","orgao":"SEDAM (RO)","uf":"RO","ano":2021,"categoria":"embargo","tipo":"Embargo Ambiental — Infração Ambiental","empresa":"","municipio":"Candeias Do Jamari","porte":null,"valor":null,"processo":"SD.COPAM.REC_13","link_oficial":"https://sigam.sedam.ro.gov.br/consulta/processo?termo=SD.COPAM.REC_13","resumo":"Embargo Ambiental (BPA) · Candeias Do Jamari · Motivo: Infração Ambiental · Área embargada: 58.0 ha · BO: SD.COPAM.REC_13","aprox":true}},{"type":"Feature","geometry":{"type":"Point","coordinates":[-63.69495,-8.79994]},"properties":{"id":"SEDAM (RO):SD.COPAM.REC_16","orgao":"SEDAM (RO)","uf":"RO","ano":2021,"categoria":"embargo","tipo":"Embargo Ambiental — Infração Ambiental","empresa":"","municipio":"Candeias Do Jamari","porte":null,"valor":null,"processo":"SD.COPAM.REC_16","link_oficial":"https://sigam.sedam.ro.gov.br/consulta/processo?termo=SD.COPAM.REC_16","resumo":"Embargo Ambiental (BPA) · Candeias Do Jamari · Motivo: Infração Ambiental · Área embargada: 82.9 ha · BO: SD.COPAM.REC_16","aprox":true}},{"type":"Feature","geometry":{"type":"Point","coordinates":[-63.68285,-8.79445]},"properties":{"id":"SEDAM (RO):SD.COPAM.REC_15","orgao":"SEDAM (RO)","uf":"RO","ano":2021,"categoria":"embargo","tipo":"Embargo Ambiental — Infração Ambiental","empresa":"","municipio":"Candeias Do Jamari","porte":null,"valor":null,"processo":"SD.COPAM.REC_15","link_oficial":"https://sigam.sedam.ro.gov.br/consulta/processo?termo=SD.COPAM.REC_15","resumo":"Embargo Ambiental (BPA) · Candeias Do Jamari · Motivo: Infração Ambiental · Área embargada: 341.8 ha · BO: SD.COPAM.REC_15","aprox":true}},{"type":"Feature","geometry":{"type":"Point","coordinates":[-63.72132,-8.78888]},"properties":{"id":"SEDAM (RO):SD.COPAM.REC_14","orgao":"SEDAM (RO)","uf":"RO","ano":2021,"categoria":"embargo","tipo":"Embargo Ambiental — Infração Ambiental","empresa":"","municipio":"Candeias Do Jamari","porte":null,"valor":null,"processo":"SD.COPAM.REC_14","link_oficial":"https://sigam.sedam.ro.gov.br/consulta/processo?termo=SD.COPAM.REC_14","resumo":"Embargo Ambiental (BPA) · Candeias Do Jamari · Motivo: Infração Ambiental · Área embargada: 235.1 ha · BO: SD.COPAM.REC_14","aprox":true}},{"type":"Feature","geometry":{"type":"Point","coordinates":[-63.69952,-8.77665]},"properties":{"id":"SEDAM (RO):SD.COPAM.REC_12","orgao":"SEDAM (RO)","uf":"RO","ano":2021,"categoria":"embargo","tipo":"Embargo Ambiental — Infração Ambiental","empresa":"","municipio":"Candeias Do Jamari","porte":null,"valor":null,"processo":"SD.COPAM.REC_12","link_oficial":"https://sigam.sedam.ro.gov.br/consulta/processo?termo=SD.COPAM.REC_12","resumo":"Embargo Ambiental (BPA) · Candeias Do Jamari · Motivo: Infração Ambiental · Área embargada: 168.3 ha · BO: SD.COPAM.REC_12","aprox":true}},{"type":"Feature","geometry":{"type":"Point","coordinates":[-63.70494,-8.7998]},"properties":{"id":"SEDAM (RO):SD.COPAM.REC_21","orgao":"SEDAM (RO)","uf":"RO","ano":2021,"categoria":"embargo","tipo":"Embargo Ambiental — Infração Ambiental","empresa":"","municipio":"Candeias Do Jamari","porte":null,"valor":null,"processo":"SD.COPAM.REC_21","link_oficial":"https://sigam.sedam.ro.gov.br/consulta/processo?termo=SD.COPAM.REC_21","resumo":"Embargo Ambiental (BPA) · Candeias Do Jamari · Motivo: Infração Ambiental · Área embargada: 291.9 ha · BO: SD.COPAM.REC_21","aprox":true}},{"type":"Feature","geometry":{"type":"Point","coordinates":[-63.702,-8.79483]},"properties":{"id":"SEDAM (RO):SD.COPAM.REC_24","orgao":"SEDAM (RO)","uf":"RO","ano":2021,"categoria":"embargo","tipo":"Embargo Ambiental — Infração Ambiental","empresa":"","municipio":"Candeias Do Jamari","porte":null,"valor":null,"processo":"SD.COPAM.REC_24","link_oficial":"https://sigam.sedam.ro.gov.br/consulta/processo?termo=SD.COPAM.REC_24","resumo":"Embargo Ambiental (BPA) · Candeias Do Jamari · Motivo: Infração Ambiental · Área embargada: 86.2 ha · BO: SD.COPAM.REC_24","aprox":true}},{"type":"Feature","geometry":{"type":"Point","coordinates":[-63.70806,-8.79775]},"properties":{"id":"SEDAM (RO):SD.COPAM.REC_19","orgao":"SEDAM (RO)","uf":"RO","ano":2021,"categoria":"embargo","tipo":"Embargo Ambiental — Infração Ambiental","empresa":"","municipio":"Candeias Do Jamari","porte":null,"valor":null,"processo":"SD.COPAM.REC_19","link_oficial":"https://sigam.sedam.ro.gov.br/consulta/processo?termo=SD.COPAM.REC_19","resumo":"Embargo Ambiental (BPA) · Candeias Do Jamari · Motivo: Infração Ambiental · Área embargada: 240.2 ha · BO: SD.COPAM.REC_19","aprox":true}},{"type":"Feature","geometry":{"type":"Point","coordinates":[-63.68633,-8.78526]},"properties":{"id":"SEDAM (RO):EQUIPE VILMAR","orgao":"SEDAM (RO)","uf":"RO","ano":2021,"categoria":"embargo","tipo":"Embargo Ambiental — Infração Ambiental","empresa":"","municipio":"Candeias Do Jamari","porte":null,"valor":null,"processo":"EQUIPE VILMAR","link_oficial":"https://sigam.sedam.ro.gov.br/consulta/processo?termo=EQUIPE%20VILMAR","resumo":"Embargo Ambiental (BPA) · Candeias Do Jamari · Motivo: Infração Ambiental · Área embargada: 369.3 ha · BO: EQUIPE VILMAR","aprox":true}},{"type":"Feature","geometry":{"type":"Point","coordinates":[-63.90175,-8.76148]},"properties":{"id":"SEDAM (RO):COP 3145000031","orgao":"SEDAM (RO)","uf":"RO","ano":2021,"categoria":"embargo","tipo":"Embargo Ambiental — ART. 50 DA LEI 9605/98","empresa":"","municipio":"Porto Velho","porte":null,"valor":null,"processo":"COP 3145000031","link_oficial":"https://sigam.sedam.ro.gov.br/consulta/processo?termo=COP%203145000031","resumo":"Embargo Ambiental (BPA) · Porto Velho · Motivo: ART. 50 DA LEI 9605/98 · Área embargada: 189.0 ha · BO: COP 3145000031","aprox":true}},{"type":"Feature","geometry":{"type":"Point","coordinates":[-62.58204,-9.37021]},"properties":{"id":"SEDAM (RO):3107200031","orgao":"SEDAM (RO)","uf":"RO","ano":2021,"categoria":"embargo","tipo":"Embargo Ambiental — ART. 50 DA LEI 9605/98","empresa":"","municipio":"Cujubim","porte":null,"valor":null,"processo":"3107200031","link_oficial":"https://sigam.sedam.ro.gov.br/consulta/processo?termo=3107200031","resumo":"Embargo Ambiental (BPA) · Cujubim · Motivo: ART. 50 DA LEI 9605/98 · Área embargada: 60.0 ha · BO: 3107200031","aprox":true}},{"type":"Feature","geometry":{"type":"Point","coordinates":[-65.32631,-10.39069]},"properties":{"id":"SEDAM (RO):COP 3145900442","orgao":"SEDAM (RO)","uf":"RO","ano":null,"categoria":"embargo","tipo":"Embargo Ambiental — Art. 50 da lei 9605/1998","empresa":"","municipio":"Nova Mamoré","porte":null,"valor":null,"processo":"COP 3145900442","link_oficial":"https://sigam.sedam.ro.gov.br/consulta/processo?termo=COP%203145900442","resumo":"Embargo Ambiental (BPA) · Nova Mamoré · Motivo: Art. 50 da lei 9605/1998 · Área embargada: 39.8 ha · BO: COP 3145900442","aprox":true}},{"type":"Feature","geometry":{"type":"Point","coordinates":[-65.33791,-10.40148]},"properties":{"id":"SEDAM (RO):3145900440","orgao":"SEDAM (RO)","uf":"RO","ano":null,"categoria":"embargo","tipo":"Embargo Ambiental — Art. 50 da lei 9605/1998","empresa":"","municipio":"Nova Mamoré","porte":null,"valor":null,"processo":"3145900440","link_oficial":"https://sigam.sedam.ro.gov.br/consulta/processo?termo=3145900440","resumo":"Embargo Ambiental (BPA) · Nova Mamoré · Motivo: Art. 50 da lei 9605/1998 · Área embargada: 7.6 ha · BO: 3145900440","aprox":true}},{"type":"Feature","geometry":{"type":"Point","coordinates":[-65.33791,-10.40148]},"properties":{"id":"SEDAM (RO):3145900440","orgao":"SEDAM (RO)","uf":"RO","ano":null,"categoria":"embargo","tipo":"Embargo Ambiental — Art. 50 da lei 9605/1998","empresa":"","municipio":"Nova Mamoré","porte":null,"valor":null,"processo":"3145900440","link_oficial":"https://sigam.sedam.ro.gov.br/consulta/processo?termo=3145900440","resumo":"Embargo Ambiental (BPA) · Nova Mamoré · Motivo: Art. 50 da lei 9605/1998 · Área embargada: 0.8 ha · BO: 3145900440","aprox":true}},{"type":"Feature","geometry":{"type":"Point","coordinates":[-65.32736,-10.39773]},"properties":{"id":"SEDAM (RO):3320400047","orgao":"SEDAM (RO)","uf":"RO","ano":null,"categoria":"embargo","tipo":"Embargo Ambiental — Artigo 41 da Lei Federal 9605/1998.","empresa":"","municipio":"Nova Mamoré","porte":null,"valor":null,"processo":"3320400047","link_oficial":"https://sigam.sedam.ro.gov.br/consulta/processo?termo=3320400047","resumo":"Embargo Ambiental (BPA) · Nova Mamoré · Motivo: Artigo 41 da Lei Federal 9605/1998. · Área embargada: 55.9 ha · BO: 3320400047","aprox":true}},{"type":"Feature","geometry":{"type":"Point","coordinates":[-63.71058,-8.77392]},"properties":{"id":"SEDAM (RO):3321700050","orgao":"SEDAM (RO)","uf":"RO","ano":null,"categoria":"embargo","tipo":"Embargo Ambiental — Infração Ambiental","empresa":"","municipio":"Candeias Do Jamari","porte":null,"valor":null,"processo":"3321700050","link_oficial":"https://sigam.sedam.ro.gov.br/consulta/processo?termo=3321700050","resumo":"Embargo Ambiental (BPA) · Candeias Do Jamari · Motivo: Infração Ambiental · Área embargada: 469.9 ha · BO: 3321700050","aprox":true}},{"type":"Feature","geometry":{"type":"Point","coordinates":[-63.90332,-8.76162]},"properties":{"id":"SEDAM (RO):3316400229","orgao":"SEDAM (RO)","uf":"RO","ano":null,"categoria":"embargo","tipo":"Embargo Ambiental — Infração Ambiental","empresa":"","municipio":"Porto Velho","porte":null,"valor":null,"processo":"3316400229","link_oficial":"https://sigam.sedam.ro.gov.br/consulta/processo?termo=3316400229","resumo":"Embargo Ambiental (BPA) · Porto Velho · Motivo: Infração Ambiental · Área embargada: 228.5 ha · BO: 3316400229","aprox":true}},{"type":"Feature","geometry":{"type":"Point","coordinates":[-62.58457,-9.35999]},"properties":{"id":"SEDAM (RO):3107200032","orgao":"SEDAM (RO)","uf":"RO","ano":2021,"categoria":"embargo","tipo":"Embargo Ambiental — ART. 50 DA LEI 9605/98","empresa":"","municipio":"Cujubim","porte":null,"valor":null,"processo":"3107200032","link_oficial":"https://sigam.sedam.ro.gov.br/consulta/processo?termo=3107200032","resumo":"Embargo Ambiental (BPA) · Cujubim · Motivo: ART. 50 DA LEI 9605/98 · Área embargada: 22.9 ha · BO: 3107200032","aprox":true}},{"type":"Feature","geometry":{"type":"Point","coordinates":[-63.71878,-8.80213]},"properties":{"id":"SEDAM (RO):3144600336","orgao":"SEDAM (RO)","uf":"RO","ano":null,"categoria":"embargo","tipo":"Embargo Ambiental — Infração Ambiental","empresa":"","municipio":"Candeias Do Jamari","porte":null,"valor":null,"processo":"3144600336","link_oficial":"https://sigam.sedam.ro.gov.br/consulta/processo?termo=3144600336","resumo":"Embargo Ambiental (BPA) · Candeias Do Jamari · Motivo: Infração Ambiental · Área embargada: 217.6 ha · BO: 3144600336","aprox":true}},{"type":"Feature","geometry":{"type":"Point","coordinates":[-63.70313,-8.79395]},"properties":{"id":"SEDAM (RO):3144600340","orgao":"SEDAM (RO)","uf":"RO","ano":null,"categoria":"embargo","tipo":"Embargo Ambiental — Infração Ambiental","empresa":"","municipio":"Candeias Do Jamari","porte":null,"valor":null,"processo":"3144600340","link_oficial":"https://sigam.sedam.ro.gov.br/consulta/processo?termo=3144600340","resumo":"Embargo Ambiental (BPA) · Candeias Do Jamari · Motivo: Infração Ambiental · Área embargada: 399.2 ha · BO: 3144600340","aprox":true}},{"type":"Feature","geometry":{"type":"Point","coordinates":[-63.68521,-8.80222]},"properties":{"id":"SEDAM (RO):3144600342","orgao":"SEDAM (RO)","uf":"RO","ano":null,"categoria":"embargo","tipo":"Embargo Ambiental — Infração Ambiental","empresa":"","municipio":"Candeias Do Jamari","porte":null,"valor":null,"processo":"3144600342","link_oficial":"https://sigam.sedam.ro.gov.br/consulta/processo?termo=3144600342","resumo":"Embargo Ambiental (BPA) · Candeias Do Jamari · Motivo: Infração Ambiental · Área embargada: 230.3 ha · BO: 3144600342","aprox":true}},{"type":"Feature","geometry":{"type":"Point","coordinates":[-63.70481,-8.77205]},"properties":{"id":"SEDAM (RO):3144600341","orgao":"SEDAM (RO)","uf":"RO","ano":null,"categoria":"embargo","tipo":"Embargo Ambiental — Infração Ambiental","empresa":"","municipio":"Candeias Do Jamari","porte":null,"valor":null,"processo":"3144600341","link_oficial":"https://sigam.sedam.ro.gov.br/consulta/processo?termo=3144600341","resumo":"Embargo Ambiental (BPA) · Candeias Do Jamari · Motivo: Infração Ambiental · Área embargada: 267.1 ha · BO: 3144600341","aprox":true}},{"type":"Feature","geometry":{"type":"Point","coordinates":[-63.89481,-8.77853]},"properties":{"id":"SEDAM (RO):3317700102","orgao":"SEDAM (RO)","uf":"RO","ano":null,"categoria":"embargo","tipo":"Embargo Ambiental — Infração Ambiental","empresa":"","municipio":"Porto Velho","porte":null,"valor":null,"processo":"3317700102","link_oficial":"https://sigam.sedam.ro.gov.br/consulta/processo?termo=3317700102","resumo":"Embargo Ambiental (BPA) · Porto Velho · Motivo: Infração Ambiental · Área embargada: 1811.6 ha · BO: 3317700102","aprox":true}},{"type":"Feature","geometry":{"type":"Point","coordinates":[-63.18256,-9.20118]},"properties":{"id":"SEDAM (RO):3309700108","orgao":"SEDAM (RO)","uf":"RO","ano":null,"categoria":"embargo","tipo":"Embargo Ambiental — Infração Ambiental","empresa":"","municipio":"Itapuã Do Oeste","porte":null,"valor":null,"processo":"3309700108","link_oficial":"https://sigam.sedam.ro.gov.br/consulta/processo?termo=3309700108","resumo":"Embargo Ambiental (BPA) · Itapuã Do Oeste · Motivo: Infração Ambiental · Área embargada: 103.2 ha · BO: 3309700108","aprox":true}},{"type":"Feature","geometry":{"type":"Point","coordinates":[-65.33178,-10.42774]},"properties":{"id":"SEDAM (RO):3320400048","orgao":"SEDAM (RO)","uf":"RO","ano":2024,"categoria":"embargo","tipo":"Embargo Ambiental — Art.50/9605","empresa":"","municipio":"Nova Mamoré","porte":null,"valor":null,"processo":"3320400048","link_oficial":"https://sigam.sedam.ro.gov.br/consulta/processo?termo=3320400048","resumo":"Embargo Ambiental (BPA) · Nova Mamoré · Motivo: Art.50/9605 · Área embargada: 1.4 ha · BO: 3320400048","aprox":true}},{"type":"Feature","geometry":{"type":"Point","coordinates":[-63.18696,-9.20657]},"properties":{"id":"SEDAM (RO):3309700106","orgao":"SEDAM (RO)","uf":"RO","ano":null,"categoria":"embargo","tipo":"Embargo Ambiental — Infração Ambiental","empresa":"","municipio":"Itapuã Do Oeste","porte":null,"valor":null,"processo":"3309700106","link_oficial":"https://sigam.sedam.ro.gov.br/consulta/processo?termo=3309700106","resumo":"Embargo Ambiental (BPA) · Itapuã Do Oeste · Motivo: Infração Ambiental · Área embargada: 37.0 ha · BO: 3309700106","aprox":true}},{"type":"Feature","geometry":{"type":"Point","coordinates":[-63.18945,-9.18862]},"properties":{"id":"SEDAM (RO):3321700043","orgao":"SEDAM (RO)","uf":"RO","ano":null,"categoria":"embargo","tipo":"Embargo Ambiental — Infração Ambiental","empresa":"","municipio":"Itapuã Do Oeste","porte":null,"valor":null,"processo":"3321700043","link_oficial":"https://sigam.sedam.ro.gov.br/consulta/processo?termo=3321700043","resumo":"Embargo Ambiental (BPA) · Itapuã Do Oeste · Motivo: Infração Ambiental · Área embargada: 111.3 ha · BO: 3321700043","aprox":true}},{"type":"Feature","geometry":{"type":"Point","coordinates":[-62.58567,-9.35987]},"properties":{"id":"SEDAM (RO):3107200033","orgao":"SEDAM (RO)","uf":"RO","ano":2021,"categoria":"embargo","tipo":"Embargo Ambiental — ART. 50 DA LEI 9605/98","empresa":"","municipio":"Cujubim","porte":null,"valor":null,"processo":"3107200033","link_oficial":"https://sigam.sedam.ro.gov.br/consulta/processo?termo=3107200033","resumo":"Embargo Ambiental (BPA) · Cujubim · Motivo: ART. 50 DA LEI 9605/98 · Área embargada: 94.3 ha · BO: 3107200033","aprox":true}},{"type":"Feature","geometry":{"type":"Point","coordinates":[-63.71762,-8.80269]},"properties":{"id":"SEDAM (RO):095425112021/MS-BPA","orgao":"SEDAM (RO)","uf":"RO","ano":2021,"categoria":"embargo","tipo":"Embargo Ambiental — ART 48 LEI FED 9605/98","empresa":"","municipio":"Candeias Do Jamari","porte":null,"valor":null,"processo":"095425112021/MS-BPA","link_oficial":"https://sigam.sedam.ro.gov.br/consulta/processo?termo=095425112021/MS-BPA","resumo":"Embargo Ambiental (BPA) · Candeias Do Jamari · Motivo: ART 48 LEI FED 9605/98 · Área embargada: 27.6 ha · BO: 095425112021/MS-BPA","aprox":true}},{"type":"Feature","geometry":{"type":"Point","coordinates":[-63.56593,-12.05125]},"properties":{"id":"SEDAM (RO):331600100","orgao":"SEDAM (RO)","uf":"RO","ano":2024,"categoria":"embargo","tipo":"Embargo Ambiental — ART.50/9605","empresa":"","municipio":"São Francisco","porte":null,"valor":null,"processo":"331600100","link_oficial":"https://sigam.sedam.ro.gov.br/consulta/processo?termo=331600100","resumo":"Embargo Ambiental (BPA) · São Francisco · Motivo: ART.50/9605 · Área embargada: 55.1 ha · BO: 331600100","aprox":true}},{"type":"Feature","geometry":{"type":"Point","coordinates":[-63.68776,-8.78822]},"properties":{"id":"SEDAM (RO):3107200035","orgao":"SEDAM (RO)","uf":"RO","ano":2021,"categoria":"embargo","tipo":"Embargo Ambiental — ART. 50 DA LEI 9605/98","empresa":"","municipio":"Candeias Do Jamari, Vila N. Samuel","porte":null,"valor":null,"processo":"3107200035","link_oficial":"https://sigam.sedam.ro.gov.br/consulta/processo?termo=3107200035","resumo":"Embargo Ambiental (BPA) · Candeias Do Jamari, Vila N. Samuel · Motivo: ART. 50 DA LEI 9605/98 · Área embargada: 172.7 ha · BO: 3107200035","aprox":true}},{"type":"Feature","geometry":{"type":"Point","coordinates":[-63.88603,-8.75517]},"properties":{"id":"SEDAM (RO):3319600080","orgao":"SEDAM (RO)","uf":"RO","ano":null,"categoria":"embargo","tipo":"Embargo Ambiental — Infração Ambiental","empresa":"","municipio":"Porto Velho","porte":null,"valor":null,"processo":"3319600080","link_oficial":"https://sigam.sedam.ro.gov.br/consulta/processo?termo=3319600080","resumo":"Embargo Ambiental (BPA) · Porto Velho · Motivo: Infração Ambiental · Área embargada: 136.3 ha · BO: 3319600080","aprox":true}},{"type":"Feature","geometry":{"type":"Point","coordinates":[-63.90257,-8.75146]},"properties":{"id":"SEDAM (RO):3316300049","orgao":"SEDAM (RO)","uf":"RO","ano":null,"categoria":"embargo","tipo":"Embargo Ambiental — Infração Ambiental","empresa":"","municipio":"Porto Velho","porte":null,"valor":null,"processo":"3316300049","link_oficial":"https://sigam.sedam.ro.gov.br/consulta/processo?termo=3316300049","resumo":"Embargo Ambiental (BPA) · Porto Velho · Motivo: Infração Ambiental · Área embargada: 513.3 ha · BO: 3316300049","aprox":true}},{"type":"Feature","geometry":{"type":"Point","coordinates":[-63.90758,-8.76269]},"properties":{"id":"SEDAM (RO):3316300054","orgao":"SEDAM (RO)","uf":"RO","ano":null,"categoria":"embargo","tipo":"Embargo Ambiental — Infração Ambiental","empresa":"","municipio":"Porto Velho","porte":null,"valor":null,"processo":"3316300054","link_oficial":"https://sigam.sedam.ro.gov.br/consulta/processo?termo=3316300054","resumo":"Embargo Ambiental (BPA) · Porto Velho · Motivo: Infração Ambiental · Área embargada: 358.5 ha · BO: 3316300054","aprox":true}},{"type":"Feature","geometry":{"type":"Point","coordinates":[-62.58519,-9.36095]},"properties":{"id":"SEDAM (RO):3319600083","orgao":"SEDAM (RO)","uf":"RO","ano":null,"categoria":"embargo","tipo":"Embargo Ambiental — Infração Ambiental","empresa":"","municipio":"Cujubim","porte":null,"valor":null,"processo":"3319600083","link_oficial":"https://sigam.sedam.ro.gov.br/consulta/processo?termo=3319600083","resumo":"Embargo Ambiental (BPA) · Cujubim · Motivo: Infração Ambiental · Área embargada: 182.4 ha · BO: 3319600083","aprox":true}},{"type":"Feature","geometry":{"type":"Point","coordinates":[-62.58353,-9.36143]},"properties":{"id":"SEDAM (RO):3319600084","orgao":"SEDAM (RO)","uf":"RO","ano":null,"categoria":"embargo","tipo":"Embargo Ambiental — Infração Ambiental","empresa":"","municipio":"Cujubim","porte":null,"valor":null,"processo":"3319600084","link_oficial":"https://sigam.sedam.ro.gov.br/consulta/processo?termo=3319600084","resumo":"Embargo Ambiental (BPA) · Cujubim · Motivo: Infração Ambiental · Área embargada: 178.9 ha · BO: 3319600084","aprox":true}},{"type":"Feature","geometry":{"type":"Point","coordinates":[-62.59986,-9.34873]},"properties":{"id":"SEDAM (RO):3315700062","orgao":"SEDAM (RO)","uf":"RO","ano":null,"categoria":"embargo","tipo":"Embargo Ambiental — Infração Ambiental","empresa":"","municipio":"Cujubim","porte":null,"valor":null,"processo":"3315700062","link_oficial":"https://sigam.sedam.ro.gov.br/consulta/processo?termo=3315700062","resumo":"Embargo Ambiental (BPA) · Cujubim · Motivo: Infração Ambiental · Área embargada: 159.5 ha · BO: 3315700062","aprox":true}},{"type":"Feature","geometry":{"type":"Point","coordinates":[-63.91157,-8.7529]},"properties":{"id":"SEDAM (RO):3331300123","orgao":"SEDAM (RO)","uf":"RO","ano":null,"categoria":"embargo","tipo":"Embargo Ambiental — Infração Ambiental","empresa":"","municipio":"Porto Velho","porte":null,"valor":null,"processo":"3331300123","link_oficial":"https://sigam.sedam.ro.gov.br/consulta/processo?termo=3331300123","resumo":"Embargo Ambiental (BPA) · Porto Velho · Motivo: Infração Ambiental · Área embargada: 160.7 ha · BO: 3331300123","aprox":true}},{"type":"Feature","geometry":{"type":"Point","coordinates":[-63.55933,-12.05047]},"properties":{"id":"SEDAM (RO):3319600101","orgao":"SEDAM (RO)","uf":"RO","ano":2024,"categoria":"embargo","tipo":"Embargo Ambiental — ART.50/9605","empresa":"","municipio":"São Francisco Do Guaporé","porte":null,"valor":null,"processo":"3319600101","link_oficial":"https://sigam.sedam.ro.gov.br/consulta/processo?termo=3319600101","resumo":"Embargo Ambiental (BPA) · São Francisco Do Guaporé · Motivo: ART.50/9605 · Área embargada: 46.8 ha · BO: 3319600101","aprox":true}},{"type":"Feature","geometry":{"type":"Point","coordinates":[-63.90783,-8.7626]},"properties":{"id":"SEDAM (RO):3253500517","orgao":"SEDAM (RO)","uf":"RO","ano":2024,"categoria":"embargo","tipo":"Embargo Ambiental — ART.50/9605","empresa":"","municipio":"Porto Velho","porte":null,"valor":null,"processo":"3253500517","link_oficial":"https://sigam.sedam.ro.gov.br/consulta/processo?termo=3253500517","resumo":"Embargo Ambiental (BPA) · Porto Velho · Motivo: ART.50/9605 · Área embargada: 162.3 ha · BO: 3253500517","aprox":true}},{"type":"Feature","geometry":{"type":"Point","coordinates":[-63.69725,-8.79768]},"properties":{"id":"SEDAM (RO):3107200036","orgao":"SEDAM (RO)","uf":"RO","ano":2021,"categoria":"embargo","tipo":"Embargo Ambiental — ART. 50 DA LEI 9605/98","empresa":"","municipio":"Candeias Do Jamari","porte":null,"valor":null,"processo":"3107200036","link_oficial":"https://sigam.sedam.ro.gov.br/consulta/processo?termo=3107200036","resumo":"Embargo Ambiental (BPA) · Candeias Do Jamari · Motivo: ART. 50 DA LEI 9605/98 · Área embargada: 101.9 ha · BO: 3107200036","aprox":true}},{"type":"Feature","geometry":{"type":"Point","coordinates":[-63.89707,-8.7574]},"properties":{"id":"SEDAM (RO):3320100085","orgao":"SEDAM (RO)","uf":"RO","ano":2024,"categoria":"embargo","tipo":"Embargo Ambiental — Infração Ambiental","empresa":"","municipio":"Porto Velho","porte":null,"valor":null,"processo":"3320100085","link_oficial":"https://sigam.sedam.ro.gov.br/consulta/processo?termo=3320100085","resumo":"Embargo Ambiental (BPA) · Porto Velho · Motivo: Infração Ambiental · Área embargada: 500.5 ha · BO: 3320100085","aprox":true}},{"type":"Feature","geometry":{"type":"Point","coordinates":[-62.5711,-9.36377]},"properties":{"id":"SEDAM (RO):3322200120","orgao":"SEDAM (RO)","uf":"RO","ano":2024,"categoria":"embargo","tipo":"Embargo Ambiental — Infração Ambiental","empresa":"","municipio":"Cujubim","porte":null,"valor":null,"processo":"3322200120","link_oficial":"https://sigam.sedam.ro.gov.br/consulta/processo?termo=3322200120","resumo":"Embargo Ambiental (BPA) · Cujubim · Motivo: Infração Ambiental · Área embargada: 16.7 ha · BO: 3322200120","aprox":true}},{"type":"Feature","geometry":{"type":"Point","coordinates":[-61.98293,-9.44468]},"properties":{"id":"SEDAM (RO):3279100230","orgao":"SEDAM (RO)","uf":"RO","ano":2024,"categoria":"embargo","tipo":"Embargo Ambiental — Infração Ambiental","empresa":"","municipio":"Machadinho D'Oeste","porte":null,"valor":null,"processo":"3279100230","link_oficial":"https://sigam.sedam.ro.gov.br/consulta/processo?termo=3279100230","resumo":"Embargo Ambiental (BPA) · Machadinho D'Oeste · Motivo: Infração Ambiental · Área embargada: 12.4 ha · BO: 3279100230","aprox":true}},{"type":"Feature","geometry":{"type":"Point","coordinates":[-63.90763,-8.75612]},"properties":{"id":"SEDAM (RO):3146800456","orgao":"SEDAM (RO)","uf":"RO","ano":2024,"categoria":"embargo","tipo":"Embargo Ambiental — Infração Ambiental","empresa":"","municipio":"Porto Velho","porte":null,"valor":null,"processo":"3146800456","link_oficial":"https://sigam.sedam.ro.gov.br/consulta/processo?termo=3146800456","resumo":"Embargo Ambiental (BPA) · Porto Velho · Motivo: Infração Ambiental · Área embargada: 68.7 ha · BO: 3146800456","aprox":true}},{"type":"Feature","geometry":{"type":"Point","coordinates":[-62.5879,-9.36637]},"properties":{"id":"SEDAM (RO):3320100086","orgao":"SEDAM (RO)","uf":"RO","ano":2024,"categoria":"embargo","tipo":"Embargo Ambiental — Infração Ambiental","empresa":"","municipio":"Cujubim","porte":null,"valor":null,"processo":"3320100086","link_oficial":"https://sigam.sedam.ro.gov.br/consulta/processo?termo=3320100086","resumo":"Embargo Ambiental (BPA) · Cujubim · Motivo: Infração Ambiental · Área embargada: 76.8 ha · BO: 3320100086","aprox":true}},{"type":"Feature","geometry":{"type":"Point","coordinates":[-63.01295,-11.80495]},"properties":{"id":"SEDAM (RO):COP 3146100261","orgao":"SEDAM (RO)","uf":"RO","ano":2024,"categoria":"embargo","tipo":"Embargo Ambiental — Infração Ambiental","empresa":"","municipio":"Seringueiras","porte":null,"valor":null,"processo":"COP 3146100261","link_oficial":"https://sigam.sedam.ro.gov.br/consulta/processo?termo=COP%203146100261","resumo":"Embargo Ambiental (BPA) · Seringueiras · Motivo: Infração Ambiental · Área embargada: 456.2 ha · BO: COP 3146100261","aprox":true}},{"type":"Feature","geometry":{"type":"Point","coordinates":[-63.00881,-11.80435]},"properties":{"id":"SEDAM (RO):PM_61860_58_11102024","orgao":"SEDAM (RO)","uf":"RO","ano":2024,"categoria":"embargo","tipo":"Embargo Ambiental — Infração Ambiental","empresa":"","municipio":"Seringueiras","porte":null,"valor":null,"processo":"PM_61860_58_11102024","link_oficial":"https://sigam.sedam.ro.gov.br/consulta/processo?termo=PM_61860_58_11102024","resumo":"Embargo Ambiental (BPA) · Seringueiras · Motivo: Infração Ambiental · Área embargada: 78.3 ha · BO: PM_61860_58_11102024","aprox":true}},{"type":"Feature","geometry":{"type":"Point","coordinates":[-63.8933,-8.76077]},"properties":{"id":"SEDAM (RO):PA 3315500052","orgao":"SEDAM (RO)","uf":"RO","ano":2024,"categoria":"embargo","tipo":"Embargo Ambiental — Infração Ambiental","empresa":"","municipio":"Porto Velho","porte":null,"valor":null,"processo":"PA 3315500052","link_oficial":"https://sigam.sedam.ro.gov.br/consulta/processo?termo=PA%203315500052","resumo":"Embargo Ambiental (BPA) · Porto Velho · Motivo: Infração Ambiental · Área embargada: 2.9 ha · BO: PA 3315500052","aprox":true}},{"type":"Feature","geometry":{"type":"Point","coordinates":[-63.8933,-8.76077]},"properties":{"id":"SEDAM (RO):PA 3315500052","orgao":"SEDAM (RO)","uf":"RO","ano":2024,"categoria":"embargo","tipo":"Embargo Ambiental — Infração Ambiental","empresa":"","municipio":"Porto Velho","porte":null,"valor":null,"processo":"PA 3315500052","link_oficial":"https://sigam.sedam.ro.gov.br/consulta/processo?termo=PA%203315500052","resumo":"Embargo Ambiental (BPA) · Porto Velho · Motivo: Infração Ambiental · Área embargada: 2.9 ha · BO: PA 3315500052","aprox":true}},{"type":"Feature","geometry":{"type":"Point","coordinates":[-63.70979,-8.77247]},"properties":{"id":"SEDAM (RO):3107200037","orgao":"SEDAM (RO)","uf":"RO","ano":2021,"categoria":"embargo","tipo":"Embargo Ambiental — ART. 50 DA LEI 9605/98","empresa":"","municipio":"Candeias Do Jamari (Vila N. Samuel)","porte":null,"valor":null,"processo":"3107200037","link_oficial":"https://sigam.sedam.ro.gov.br/consulta/processo?termo=3107200037","resumo":"Embargo Ambiental (BPA) · Candeias Do Jamari (Vila N. Samuel) · Motivo: ART. 50 DA LEI 9605/98 · Área embargada: 98.7 ha · BO: 3107200037","aprox":true}},{"type":"Feature","geometry":{"type":"Point","coordinates":[-63.89675,-8.76528]},"properties":{"id":"SEDAM (RO):TCO 3315500055","orgao":"SEDAM (RO)","uf":"RO","ano":2024,"categoria":"embargo","tipo":"Embargo Ambiental — Infração Ambiental","empresa":"","municipio":"Porto Velho","porte":null,"valor":null,"processo":"TCO 3315500055","link_oficial":"https://sigam.sedam.ro.gov.br/consulta/processo?termo=TCO%203315500055","resumo":"Embargo Ambiental (BPA) · Porto Velho · Motivo: Infração Ambiental · Área embargada: 51.0 ha · BO: TCO 3315500055","aprox":true}},{"type":"Feature","geometry":{"type":"Point","coordinates":[-63.8859,-8.74772]},"properties":{"id":"SEDAM (RO):PM_61860_49_10102024","orgao":"SEDAM (RO)","uf":"RO","ano":2024,"categoria":"embargo","tipo":"Embargo Ambiental — Infração Ambiental","empresa":"","municipio":"Porto Velho","porte":null,"valor":null,"processo":"PM_61860_49_10102024","link_oficial":"https://sigam.sedam.ro.gov.br/consulta/processo?termo=PM_61860_49_10102024","resumo":"Embargo Ambiental (BPA) · Porto Velho · Motivo: Infração Ambiental · Área embargada: 107.2 ha · BO: PM_61860_49_10102024","aprox":true}},{"type":"Feature","geometry":{"type":"Point","coordinates":[-63.8859,-8.74772]},"properties":{"id":"SEDAM (RO):PM_61860_49_10102024","orgao":"SEDAM (RO)","uf":"RO","ano":2024,"categoria":"embargo","tipo":"Embargo Ambiental — Infração Ambiental","empresa":"","municipio":"Porto Velho","porte":null,"valor":null,"processo":"PM_61860_49_10102024","link_oficial":"https://sigam.sedam.ro.gov.br/consulta/processo?termo=PM_61860_49_10102024","resumo":"Embargo Ambiental (BPA) · Porto Velho · Motivo: Infração Ambiental · Área embargada: 107.2 ha · BO: PM_61860_49_10102024","aprox":true}},{"type":"Feature","geometry":{"type":"Point","coordinates":[-65.33446,-10.40639]},"properties":{"id":"SEDAM (RO):3145900443","orgao":"SEDAM (RO)","uf":"RO","ano":2024,"categoria":"embargo","tipo":"Embargo Ambiental — ART. 50 LEI FED. 9605/98","empresa":"","municipio":"Nova Mamoré","porte":null,"valor":null,"processo":"3145900443","link_oficial":"https://sigam.sedam.ro.gov.br/consulta/processo?termo=3145900443","resumo":"Embargo Ambiental (BPA) · Nova Mamoré · Motivo: ART. 50 LEI FED. 9605/98 · Área embargada: 16.6 ha · BO: 3145900443","aprox":true}},{"type":"Feature","geometry":{"type":"Point","coordinates":[-63.56389,-12.04803]},"properties":{"id":"SEDAM (RO):3309300012","orgao":"SEDAM (RO)","uf":"RO","ano":null,"categoria":"embargo","tipo":"Embargo Ambiental — Art. 50 da Lei Federal 9.605/1998","empresa":"","municipio":"São Francisco Do Guaporé","porte":null,"valor":null,"processo":"3309300012","link_oficial":"https://sigam.sedam.ro.gov.br/consulta/processo?termo=3309300012","resumo":"Embargo Ambiental (BPA) · São Francisco Do Guaporé · Motivo: Art. 50 da Lei Federal 9.605/1998 · Área embargada: 9.2 ha · BO: 3309300012","aprox":true}},{"type":"Feature","geometry":{"type":"Point","coordinates":[-63.91312,-8.77399]},"properties":{"id":"SEDAM (RO):3147400370","orgao":"SEDAM (RO)","uf":"RO","ano":null,"categoria":"embargo","tipo":"Embargo Ambiental — Art. 50 e 41 da Lei Federal 9.605/1998","empresa":"","municipio":"Porto Velho","porte":null,"valor":null,"processo":"3147400370","link_oficial":"https://sigam.sedam.ro.gov.br/consulta/processo?termo=3147400370","resumo":"Embargo Ambiental (BPA) · Porto Velho · Motivo: Art. 50 e 41 da Lei Federal 9.605/1998 · Área embargada: 23.5 ha · BO: 3147400370","aprox":true}},{"type":"Feature","geometry":{"type":"Point","coordinates":[-63.89945,-8.76029]},"properties":{"id":"SEDAM (RO):3147400371","orgao":"SEDAM (RO)","uf":"RO","ano":null,"categoria":"embargo","tipo":"Embargo Ambiental — Art. 50 e 41 da Lei Federal 9.605/1998","empresa":"","municipio":"Porto Velho","porte":null,"valor":null,"processo":"3147400371","link_oficial":"https://sigam.sedam.ro.gov.br/consulta/processo?termo=3147400371","resumo":"Embargo Ambiental (BPA) · Porto Velho · Motivo: Art. 50 e 41 da Lei Federal 9.605/1998 · Área embargada: 21.4 ha · BO: 3147400371","aprox":true}},{"type":"Feature","geometry":{"type":"Point","coordinates":[-63.895,-8.77231]},"properties":{"id":"SEDAM (RO):3147400372","orgao":"SEDAM (RO)","uf":"RO","ano":null,"categoria":"embargo","tipo":"Embargo Ambiental — Art. 50 e 41 da Lei Federal 9.605/1998","empresa":"","municipio":"Porto Velho","porte":null,"valor":null,"processo":"3147400372","link_oficial":"https://sigam.sedam.ro.gov.br/consulta/processo?termo=3147400372","resumo":"Embargo Ambiental (BPA) · Porto Velho · Motivo: Art. 50 e 41 da Lei Federal 9.605/1998 · Área embargada: 31.1 ha · BO: 3147400372","aprox":true}},{"type":"Feature","geometry":{"type":"Point","coordinates":[-63.84771,-10.18435]},"properties":{"id":"SEDAM (RO):COP  3317700107","orgao":"SEDAM (RO)","uf":"RO","ano":2024,"categoria":"embargo","tipo":"Embargo Ambiental — Infração Ambiental","empresa":"","municipio":"Buritis","porte":null,"valor":null,"processo":"COP  3317700107","link_oficial":"https://sigam.sedam.ro.gov.br/consulta/processo?termo=COP%20%203317700107","resumo":"Embargo Ambiental (BPA) · Buritis · Motivo: Infração Ambiental · Área embargada: 168.3 ha · BO: COP  3317700107","aprox":true}},{"type":"Feature","geometry":{"type":"Point","coordinates":[-63.89534,-8.76005]},"properties":{"id":"SEDAM (RO):PM_61860_56_12102024","orgao":"SEDAM (RO)","uf":"RO","ano":2024,"categoria":"embargo","tipo":"Embargo Ambiental — Infração Ambiental","empresa":"","municipio":"Porto Velho","porte":null,"valor":null,"processo":"PM_61860_56_12102024","link_oficial":"https://sigam.sedam.ro.gov.br/consulta/processo?termo=PM_61860_56_12102024","resumo":"Embargo Ambiental (BPA) · Porto Velho · Motivo: Infração Ambiental · Área embargada: 13.4 ha · BO: PM_61860_56_12102024","aprox":true}},{"type":"Feature","geometry":{"type":"Point","coordinates":[-65.32608,-10.4175]},"properties":{"id":"SEDAM (RO):SDM-0004-NVM","orgao":"SEDAM (RO)","uf":"RO","ano":2020,"categoria":"embargo","tipo":"Embargo Ambiental — ART. 50 DA LEI 9605/98","empresa":"","municipio":"Nova Mamoré","porte":null,"valor":null,"processo":"SDM-0004-NVM","link_oficial":"https://sigam.sedam.ro.gov.br/consulta/processo?termo=SDM-0004-NVM","resumo":"Embargo Ambiental (BPA) · Nova Mamoré · Motivo: ART. 50 DA LEI 9605/98 · Área embargada: 48.0 ha · BO: SDM-0004-NVM","aprox":true}},{"type":"Feature","geometry":{"type":"Point","coordinates":[-63.88795,-8.75779]},"properties":{"id":"SEDAM (RO):DCF_04_03_2022","orgao":"SEDAM (RO)","uf":"RO","ano":2022,"categoria":"embargo","tipo":"Embargo Ambiental — Infração Ambiental","empresa":"","municipio":"Porto Velho","porte":null,"valor":null,"processo":"DCF_04_03_2022","link_oficial":"https://sigam.sedam.ro.gov.br/consulta/processo?termo=DCF_04_03_2022","resumo":"Embargo Ambiental (BPA) · Porto Velho · Motivo: Infração Ambiental · Área embargada: 5.9 ha · BO: DCF_04_03_2022","aprox":true}},{"type":"Feature","geometry":{"type":"Point","coordinates":[-63.71677,-8.79899]},"properties":{"id":"SEDAM (RO):3107200038","orgao":"SEDAM (RO)","uf":"RO","ano":2021,"categoria":"embargo","tipo":"Embargo Ambiental — ART. 50 DA LEI 9605/98","empresa":"","municipio":"Candeias Do Jamari","porte":null,"valor":null,"processo":"3107200038","link_oficial":"https://sigam.sedam.ro.gov.br/consulta/processo?termo=3107200038","resumo":"Embargo Ambiental (BPA) · Candeias Do Jamari · Motivo: ART. 50 DA LEI 9605/98 · Área embargada: 123.5 ha · BO: 3107200038","aprox":true}},{"type":"Feature","geometry":{"type":"Point","coordinates":[-63.91117,-8.75478]},"properties":{"id":"SEDAM (RO):TCO  3317700109","orgao":"SEDAM (RO)","uf":"RO","ano":2024,"categoria":"embargo","tipo":"Embargo Ambiental — Infração Ambiental","empresa":"","municipio":"Porto Velho","porte":null,"valor":null,"processo":"TCO  3317700109","link_oficial":"https://sigam.sedam.ro.gov.br/consulta/processo?termo=TCO%20%203317700109","resumo":"Embargo Ambiental (BPA) · Porto Velho · Motivo: Infração Ambiental · Área embargada: 4.9 ha · BO: TCO  3317700109","aprox":true}},{"type":"Feature","geometry":{"type":"Point","coordinates":[-63.89868,-8.76703]},"properties":{"id":"SEDAM (RO):TCO 3317700109","orgao":"SEDAM (RO)","uf":"RO","ano":2024,"categoria":"embargo","tipo":"Embargo Ambiental — Infração Ambiental","empresa":"","municipio":"Porto Velho","porte":null,"valor":null,"processo":"TCO 3317700109","link_oficial":"https://sigam.sedam.ro.gov.br/consulta/processo?termo=TCO%203317700109","resumo":"Embargo Ambiental (BPA) · Porto Velho · Motivo: Infração Ambiental · Área embargada: 5.9 ha · BO: TCO 3317700109","aprox":true}},{"type":"Feature","geometry":{"type":"Point","coordinates":[-63.88946,-8.75068]},"properties":{"id":"SEDAM (RO):COP 3281800208","orgao":"SEDAM (RO)","uf":"RO","ano":2024,"categoria":"embargo","tipo":"Embargo Ambiental — Infração Ambiental","empresa":"","municipio":"Porto Velho","porte":null,"valor":null,"processo":"COP 3281800208","link_oficial":"https://sigam.sedam.ro.gov.br/consulta/processo?termo=COP%203281800208","resumo":"Embargo Ambiental (BPA) · Porto Velho · Motivo: Infração Ambiental · Área embargada: 190.4 ha · BO: COP 3281800208","aprox":true}},{"type":"Feature","geometry":{"type":"Point","coordinates":[-63.89954,-8.75997]},"properties":{"id":"SEDAM (RO):COP 3281800210 c","orgao":"SEDAM (RO)","uf":"RO","ano":2024,"categoria":"embargo","tipo":"Embargo Ambiental — Infração Ambiental","empresa":"","municipio":"Porto Velho","porte":null,"valor":null,"processo":"COP 3281800210 c","link_oficial":"https://sigam.sedam.ro.gov.br/consulta/processo?termo=COP%203281800210%20c","resumo":"Embargo Ambiental (BPA) · Porto Velho · Motivo: Infração Ambiental · Área embargada: 497.2 ha · BO: COP 3281800210 c","aprox":true}},{"type":"Feature","geometry":{"type":"Point","coordinates":[-63.88663,-8.74378]},"properties":{"id":"SEDAM (RO):COP 3317700110","orgao":"SEDAM (RO)","uf":"RO","ano":2024,"categoria":"embargo","tipo":"Embargo Ambiental — Art. 50 da LEI FED. 9605/98","empresa":"","municipio":"Porto Velho","porte":null,"valor":null,"processo":"COP 3317700110","link_oficial":"https://sigam.sedam.ro.gov.br/consulta/processo?termo=COP%203317700110","resumo":"Embargo Ambiental (BPA) · Porto Velho · Motivo: Art. 50 da LEI FED. 9605/98 · Área embargada: 17.4 ha · BO: COP 3317700110","aprox":true}},{"type":"Feature","geometry":{"type":"Point","coordinates":[-64.22822,-12.43673]},"properties":{"id":"SEDAM (RO):3319600102","orgao":"SEDAM (RO)","uf":"RO","ano":2024,"categoria":"embargo","tipo":"Embargo Ambiental — ART.50/9605","empresa":"","municipio":"Costa Marques","porte":null,"valor":null,"processo":"3319600102","link_oficial":"https://sigam.sedam.ro.gov.br/consulta/processo?termo=3319600102","resumo":"Embargo Ambiental (BPA) · Costa Marques · Motivo: ART.50/9605 · Área embargada: 100.6 ha · BO: 3319600102","aprox":true}},{"type":"Feature","geometry":{"type":"Point","coordinates":[-63.69089,-8.78372]},"properties":{"id":"SEDAM (RO):3144300181","orgao":"SEDAM (RO)","uf":"RO","ano":2024,"categoria":"embargo","tipo":"Embargo Ambiental — Infração Ambiental","empresa":"","municipio":"Candeias Do Jamari","porte":null,"valor":null,"processo":"3144300181","link_oficial":"https://sigam.sedam.ro.gov.br/consulta/processo?termo=3144300181","resumo":"Embargo Ambiental (BPA) · Candeias Do Jamari · Motivo: Infração Ambiental · Área embargada: 18.5 ha · BO: 3144300181","aprox":true}},{"type":"Feature","geometry":{"type":"Point","coordinates":[-63.8889,-8.76077]},"properties":{"id":"SEDAM (RO):3317700111","orgao":"SEDAM (RO)","uf":"RO","ano":2024,"categoria":"embargo","tipo":"Embargo Ambiental — Art. 50 da LEI FED. 9605/98","empresa":"","municipio":"Porto Velho","porte":null,"valor":null,"processo":"3317700111","link_oficial":"https://sigam.sedam.ro.gov.br/consulta/processo?termo=3317700111","resumo":"Embargo Ambiental (BPA) · Porto Velho · Motivo: Art. 50 da LEI FED. 9605/98 · Área embargada: 55.5 ha · BO: 3317700111","aprox":true}},{"type":"Feature","geometry":{"type":"Point","coordinates":[-63.89904,-8.75091]},"properties":{"id":"SEDAM (RO):3317700112","orgao":"SEDAM (RO)","uf":"RO","ano":2024,"categoria":"embargo","tipo":"Embargo Ambiental — Art. 50 da LEI FED. 9605/98","empresa":"","municipio":"Porto Velho","porte":null,"valor":null,"processo":"3317700112","link_oficial":"https://sigam.sedam.ro.gov.br/consulta/processo?termo=3317700112","resumo":"Embargo Ambiental (BPA) · Porto Velho · Motivo: Art. 50 da LEI FED. 9605/98 · Área embargada: 22.2 ha · BO: 3317700112","aprox":true}},{"type":"Feature","geometry":{"type":"Point","coordinates":[-63.89765,-8.75778]},"properties":{"id":"SEDAM (RO):3316400223","orgao":"SEDAM (RO)","uf":"RO","ano":null,"categoria":"embargo","tipo":"Embargo Ambiental — ART. 50 LEI. FED. 9605/98","empresa":"","municipio":"Porto Velho","porte":null,"valor":null,"processo":"3316400223","link_oficial":"https://sigam.sedam.ro.gov.br/consulta/processo?termo=3316400223","resumo":"Embargo Ambiental (BPA) · Porto Velho · Motivo: ART. 50 LEI. FED. 9605/98 · Área embargada: 0.5 ha · BO: 3316400223","aprox":true}},{"type":"Feature","geometry":{"type":"Point","coordinates":[-63.90513,-8.75606]},"properties":{"id":"SEDAM (RO):3147400373","orgao":"SEDAM (RO)","uf":"RO","ano":null,"categoria":"embargo","tipo":"Embargo Ambiental — Art. 50 e 41 da Lei Federal 9.605/1998","empresa":"","municipio":"Porto Velho","porte":null,"valor":null,"processo":"3147400373","link_oficial":"https://sigam.sedam.ro.gov.br/consulta/processo?termo=3147400373","resumo":"Embargo Ambiental (BPA) · Porto Velho · Motivo: Art. 50 e 41 da Lei Federal 9.605/1998 · Área embargada: 81.0 ha · BO: 3147400373","aprox":true}},{"type":"Feature","geometry":{"type":"Point","coordinates":[-63.56367,-12.05124]},"properties":{"id":"SEDAM (RO):ART.50/9605","orgao":"SEDAM (RO)","uf":"RO","ano":2024,"categoria":"embargo","tipo":"Embargo Ambiental — 3319600106","empresa":"","municipio":"São Francisco Do Guaporé","porte":null,"valor":null,"processo":"ART.50/9605","link_oficial":"https://sigam.sedam.ro.gov.br/consulta/processo?termo=ART.50/9605","resumo":"Embargo Ambiental (BPA) · São Francisco Do Guaporé · Motivo: 3319600106 · Área embargada: 35.4 ha · BO: ART.50/9605","aprox":true}},{"type":"Feature","geometry":{"type":"Point","coordinates":[-63.72007,-8.79668]},"properties":{"id":"SEDAM (RO):1153/10112020/MS/BPA","orgao":"SEDAM (RO)","uf":"RO","ano":2020,"categoria":"embargo","tipo":"Embargo Ambiental — Infração Ambiental","empresa":"","municipio":"Candeias Do Jamari","porte":null,"valor":null,"processo":"1153/10112020/MS/BPA","link_oficial":"https://sigam.sedam.ro.gov.br/consulta/processo?termo=1153/10112020/MS/BPA","resumo":"Embargo Ambiental (BPA) · Candeias Do Jamari · Motivo: Infração Ambiental · Área embargada: 1.2 ha · BO: 1153/10112020/MS/BPA","aprox":true}},{"type":"Feature","geometry":{"type":"Point","coordinates":[-63.8789,-8.76298]},"properties":{"id":"SEDAM (RO):3316000116","orgao":"SEDAM (RO)","uf":"RO","ano":2024,"categoria":"embargo","tipo":"Embargo Ambiental — Art. 50 da Lei Fed. 9605/98","empresa":"","municipio":"Porto Velho","porte":null,"valor":null,"processo":"3316000116","link_oficial":"https://sigam.sedam.ro.gov.br/consulta/processo?termo=3316000116","resumo":"Embargo Ambiental (BPA) · Porto Velho · Motivo: Art. 50 da Lei Fed. 9605/98 · Área embargada: 19.6 ha · BO: 3316000116","aprox":true}},{"type":"Feature","geometry":{"type":"Point","coordinates":[-63.84771,-10.18435]},"properties":{"id":"SEDAM (RO):COP  3317700107","orgao":"SEDAM (RO)","uf":"RO","ano":2024,"categoria":"embargo","tipo":"Embargo Ambiental — Infração Ambiental","empresa":"","municipio":"Buritis","porte":null,"valor":null,"processo":"COP  3317700107","link_oficial":"https://sigam.sedam.ro.gov.br/consulta/processo?termo=COP%20%203317700107","resumo":"Embargo Ambiental (BPA) · Buritis · Motivo: Infração Ambiental · Área embargada: 169.5 ha · BO: COP  3317700107","aprox":true}},{"type":"Feature","geometry":{"type":"Point","coordinates":[-63.84771,-10.18435]},"properties":{"id":"SEDAM (RO):COP  3317700107","orgao":"SEDAM (RO)","uf":"RO","ano":2024,"categoria":"embargo","tipo":"Embargo Ambiental — Infração Ambiental","empresa":"","municipio":"Buritis","porte":null,"valor":null,"processo":"COP  3317700107","link_oficial":"https://sigam.sedam.ro.gov.br/consulta/processo?termo=COP%20%203317700107","resumo":"Embargo Ambiental (BPA) · Buritis · Motivo: Infração Ambiental · Área embargada: 169.5 ha · BO: COP  3317700107","aprox":true}},{"type":"Feature","geometry":{"type":"Point","coordinates":[-63.84771,-10.18435]},"properties":{"id":"SEDAM (RO):COP  3317700107","orgao":"SEDAM (RO)","uf":"RO","ano":2024,"categoria":"embargo","tipo":"Embargo Ambiental — Infração Ambiental","empresa":"","municipio":"Buritis","porte":null,"valor":null,"processo":"COP  3317700107","link_oficial":"https://sigam.sedam.ro.gov.br/consulta/processo?termo=COP%20%203317700107","resumo":"Embargo Ambiental (BPA) · Buritis · Motivo: Infração Ambiental · Área embargada: 169.5 ha · BO: COP  3317700107","aprox":true}},{"type":"Feature","geometry":{"type":"Point","coordinates":[-63.90301,-8.74614]},"properties":{"id":"SEDAM (RO):3317700106","orgao":"SEDAM (RO)","uf":"RO","ano":2024,"categoria":"embargo","tipo":"Embargo Ambiental — Infração Ambiental","empresa":"","municipio":"Porto Velho","porte":null,"valor":null,"processo":"3317700106","link_oficial":"https://sigam.sedam.ro.gov.br/consulta/processo?termo=3317700106","resumo":"Embargo Ambiental (BPA) · Porto Velho · Motivo: Infração Ambiental · Área embargada: 56.1 ha · BO: 3317700106","aprox":true}},{"type":"Feature","geometry":{"type":"Point","coordinates":[-63.31768,-9.7356]},"properties":{"id":"SEDAM (RO):TCO 3147100078","orgao":"SEDAM (RO)","uf":"RO","ano":2021,"categoria":"embargo","tipo":"Embargo Ambiental — ART. 50 DA LEI 9605/98","empresa":"","municipio":"Alto Paraíso","porte":null,"valor":null,"processo":"TCO 3147100078","link_oficial":"https://sigam.sedam.ro.gov.br/consulta/processo?termo=TCO%203147100078","resumo":"Embargo Ambiental (BPA) · Alto Paraíso · Motivo: ART. 50 DA LEI 9605/98 · Área embargada: 57.4 ha · BO: TCO 3147100078","aprox":true}},{"type":"Feature","geometry":{"type":"Point","coordinates":[-63.8933,-8.76077]},"properties":{"id":"SEDAM (RO):PA 3315500052","orgao":"SEDAM (RO)","uf":"RO","ano":2024,"categoria":"embargo","tipo":"Embargo Ambiental — Infração Ambiental","empresa":"","municipio":"Porto Velho","porte":null,"valor":null,"processo":"PA 3315500052","link_oficial":"https://sigam.sedam.ro.gov.br/consulta/processo?termo=PA%203315500052","resumo":"Embargo Ambiental (BPA) · Porto Velho · Motivo: Infração Ambiental · Área embargada: 2.9 ha · BO: PA 3315500052","aprox":true}},{"type":"Feature","geometry":{"type":"Point","coordinates":[-63.8933,-8.76077]},"properties":{"id":"SEDAM (RO):PA 3315500052","orgao":"SEDAM (RO)","uf":"RO","ano":2024,"categoria":"embargo","tipo":"Embargo Ambiental — Infração Ambiental","empresa":"","municipio":"Porto Velho","porte":null,"valor":null,"processo":"PA 3315500052","link_oficial":"https://sigam.sedam.ro.gov.br/consulta/processo?termo=PA%203315500052","resumo":"Embargo Ambiental (BPA) · Porto Velho · Motivo: Infração Ambiental · Área embargada: 2.9 ha · BO: PA 3315500052","aprox":true}},{"type":"Feature","geometry":{"type":"Point","coordinates":[-63.89145,-8.7712]},"properties":{"id":"SEDAM (RO):TCO 3317700105","orgao":"SEDAM (RO)","uf":"RO","ano":2024,"categoria":"embargo","tipo":"Embargo Ambiental — Infração Ambiental","empresa":"","municipio":"Porto Velho","porte":null,"valor":null,"processo":"TCO 3317700105","link_oficial":"https://sigam.sedam.ro.gov.br/consulta/processo?termo=TCO%203317700105","resumo":"Embargo Ambiental (BPA) · Porto Velho · Motivo: Infração Ambiental · Área embargada: 55.2 ha · BO: TCO 3317700105","aprox":true}},{"type":"Feature","geometry":{"type":"Point","coordinates":[-63.8859,-8.74772]},"properties":{"id":"SEDAM (RO):PM_61860_49_10102024","orgao":"SEDAM (RO)","uf":"RO","ano":2024,"categoria":"embargo","tipo":"Embargo Ambiental — Infração Ambiental","empresa":"","municipio":"Porto Velho","porte":null,"valor":null,"processo":"PM_61860_49_10102024","link_oficial":"https://sigam.sedam.ro.gov.br/consulta/processo?termo=PM_61860_49_10102024","resumo":"Embargo Ambiental (BPA) · Porto Velho · Motivo: Infração Ambiental · Área embargada: 107.2 ha · BO: PM_61860_49_10102024","aprox":true}},{"type":"Feature","geometry":{"type":"Point","coordinates":[-63.89675,-8.76528]},"properties":{"id":"SEDAM (RO):TCO 3315500055","orgao":"SEDAM (RO)","uf":"RO","ano":2024,"categoria":"embargo","tipo":"Embargo Ambiental — Infração Ambiental","empresa":"","municipio":"Porto Velho","porte":null,"valor":null,"processo":"TCO 3315500055","link_oficial":"https://sigam.sedam.ro.gov.br/consulta/processo?termo=TCO%203315500055","resumo":"Embargo Ambiental (BPA) · Porto Velho · Motivo: Infração Ambiental · Área embargada: 51.0 ha · BO: TCO 3315500055","aprox":true}},{"type":"Feature","geometry":{"type":"Point","coordinates":[-62.60337,-9.35307]},"properties":{"id":"SEDAM (RO):COP 3317700115","orgao":"SEDAM (RO)","uf":"RO","ano":2024,"categoria":"embargo","tipo":"Embargo Ambiental — Infração Ambiental","empresa":"","municipio":"Cujubim","porte":null,"valor":null,"processo":"COP 3317700115","link_oficial":"https://sigam.sedam.ro.gov.br/consulta/processo?termo=COP%203317700115","resumo":"Embargo Ambiental (BPA) · Cujubim · Motivo: Infração Ambiental · Área embargada: 29.7 ha · BO: COP 3317700115","aprox":true}},{"type":"Feature","geometry":{"type":"Point","coordinates":[-62.59606,-9.37061]},"properties":{"id":"SEDAM (RO):COP 3317700117","orgao":"SEDAM (RO)","uf":"RO","ano":null,"categoria":"embargo","tipo":"Embargo Ambiental — Infração Ambiental","empresa":"","municipio":"Cujubim","porte":null,"valor":null,"processo":"COP 3317700117","link_oficial":"https://sigam.sedam.ro.gov.br/consulta/processo?termo=COP%203317700117","resumo":"Embargo Ambiental (BPA) · Cujubim · Motivo: Infração Ambiental · Área embargada: 28.2 ha · BO: COP 3317700117","aprox":true}},{"type":"Feature","geometry":{"type":"Point","coordinates":[-62.56799,-9.35255]},"properties":{"id":"SEDAM (RO):COP 3317700116","orgao":"SEDAM (RO)","uf":"RO","ano":2024,"categoria":"embargo","tipo":"Embargo Ambiental — Infração Ambiental","empresa":"","municipio":"Cujubim","porte":null,"valor":null,"processo":"COP 3317700116","link_oficial":"https://sigam.sedam.ro.gov.br/consulta/processo?termo=COP%203317700116","resumo":"Embargo Ambiental (BPA) · Cujubim · Motivo: Infração Ambiental · Área embargada: 27.8 ha · BO: COP 3317700116","aprox":true}},{"type":"Feature","geometry":{"type":"Point","coordinates":[-62.58353,-9.36143]},"properties":{"id":"SEDAM (RO):Periodo  10/2019 a 09/2024","orgao":"SEDAM (RO)","uf":"RO","ano":2024,"categoria":"embargo","tipo":"Embargo Ambiental — Infração Ambiental","empresa":"","municipio":"Cujubim","porte":null,"valor":null,"processo":"Periodo  10/2019 a 09/2024","link_oficial":"https://sigam.sedam.ro.gov.br/consulta/processo?termo=Periodo%20%2010/2019%20a%2009/2024","resumo":"Embargo Ambiental (BPA) · Cujubim · Motivo: Infração Ambiental · Área embargada: 25.2 ha · BO: Periodo  10/2019 a 09/2024","aprox":true}},{"type":"Feature","geometry":{"type":"Point","coordinates":[-63.31768,-9.7356]},"properties":{"id":"SEDAM (RO):TCO 3147100078","orgao":"SEDAM (RO)","uf":"RO","ano":2021,"categoria":"embargo","tipo":"Embargo Ambiental — NÃO SE APLICA","empresa":"","municipio":"Alto Paraíso","porte":null,"valor":null,"processo":"TCO 3147100078","link_oficial":"https://sigam.sedam.ro.gov.br/consulta/processo?termo=TCO%203147100078","resumo":"Embargo Ambiental (BPA) · Alto Paraíso · Motivo: NÃO SE APLICA · Área embargada: 38.2 ha · BO: TCO 3147100078","aprox":true}},{"type":"Feature","geometry":{"type":"Point","coordinates":[-63.8996,-8.77815]},"properties":{"id":"SEDAM (RO):3146800461","orgao":"SEDAM (RO)","uf":"RO","ano":2024,"categoria":"embargo","tipo":"Embargo Ambiental — Infração Ambiental","empresa":"","municipio":"Porto Velho","porte":null,"valor":null,"processo":"3146800461","link_oficial":"https://sigam.sedam.ro.gov.br/consulta/processo?termo=3146800461","resumo":"Embargo Ambiental (BPA) · Porto Velho · Motivo: Infração Ambiental · Área embargada: 137.6 ha · BO: 3146800461","aprox":true}},{"type":"Feature","geometry":{"type":"Point","coordinates":[-63.89484,-8.75653]},"properties":{"id":"SEDAM (RO):3310300186","orgao":"SEDAM (RO)","uf":"RO","ano":2024,"categoria":"embargo","tipo":"Embargo Ambiental — Infração Ambiental","empresa":"","municipio":"Porto Velho","porte":null,"valor":null,"processo":"3310300186","link_oficial":"https://sigam.sedam.ro.gov.br/consulta/processo?termo=3310300186","resumo":"Embargo Ambiental (BPA) · Porto Velho · Motivo: Infração Ambiental · Área embargada: 314.8 ha · BO: 3310300186","aprox":true}},{"type":"Feature","geometry":{"type":"Point","coordinates":[-63.88755,-8.75448]},"properties":{"id":"SEDAM (RO):3146800463","orgao":"SEDAM (RO)","uf":"RO","ano":2024,"categoria":"embargo","tipo":"Embargo Ambiental — Infração Ambiental","empresa":"","municipio":"Porto Velho","porte":null,"valor":null,"processo":"3146800463","link_oficial":"https://sigam.sedam.ro.gov.br/consulta/processo?termo=3146800463","resumo":"Embargo Ambiental (BPA) · Porto Velho · Motivo: Infração Ambiental · Área embargada: 164.1 ha · BO: 3146800463","aprox":true}},{"type":"Feature","geometry":{"type":"Point","coordinates":[-62.5711,-9.36377]},"properties":{"id":"SEDAM (RO):3322200120","orgao":"SEDAM (RO)","uf":"RO","ano":2024,"categoria":"embargo","tipo":"Embargo Ambiental — Infração Ambiental","empresa":"","municipio":"Cujubim","porte":null,"valor":null,"processo":"3322200120","link_oficial":"https://sigam.sedam.ro.gov.br/consulta/processo?termo=3322200120","resumo":"Embargo Ambiental (BPA) · Cujubim · Motivo: Infração Ambiental · Área embargada: 16.7 ha · BO: 3322200120","aprox":true}},{"type":"Feature","geometry":{"type":"Point","coordinates":[-62.58904,-9.36975]},"properties":{"id":"SEDAM (RO):3146800458","orgao":"SEDAM (RO)","uf":"RO","ano":2024,"categoria":"embargo","tipo":"Embargo Ambiental — Infração Ambiental","empresa":"","municipio":"Cujubim","porte":null,"valor":null,"processo":"3146800458","link_oficial":"https://sigam.sedam.ro.gov.br/consulta/processo?termo=3146800458","resumo":"Embargo Ambiental (BPA) · Cujubim · Motivo: Infração Ambiental · Área embargada: 206.5 ha · BO: 3146800458","aprox":true}},{"type":"Feature","geometry":{"type":"Point","coordinates":[-62.5764,-9.37236]},"properties":{"id":"SEDAM (RO):3146800469","orgao":"SEDAM (RO)","uf":"RO","ano":2024,"categoria":"embargo","tipo":"Embargo Ambiental — Infração Ambiental","empresa":"","municipio":"Cujubim","porte":null,"valor":null,"processo":"3146800469","link_oficial":"https://sigam.sedam.ro.gov.br/consulta/processo?termo=3146800469","resumo":"Embargo Ambiental (BPA) · Cujubim · Motivo: Infração Ambiental · Área embargada: 114.0 ha · BO: 3146800469","aprox":true}},{"type":"Feature","geometry":{"type":"Point","coordinates":[-63.90115,-8.77502]},"properties":{"id":"SEDAM (RO):3146800462","orgao":"SEDAM (RO)","uf":"RO","ano":2024,"categoria":"embargo","tipo":"Embargo Ambiental — Infração Ambiental","empresa":"","municipio":"Porto Velho","porte":null,"valor":null,"processo":"3146800462","link_oficial":"https://sigam.sedam.ro.gov.br/consulta/processo?termo=3146800462","resumo":"Embargo Ambiental (BPA) · Porto Velho · Motivo: Infração Ambiental · Área embargada: 93.5 ha · BO: 3146800462","aprox":true}},{"type":"Feature","geometry":{"type":"Point","coordinates":[-62.57404,-9.34713]},"properties":{"id":"SEDAM (RO):3322200122","orgao":"SEDAM (RO)","uf":"RO","ano":2024,"categoria":"embargo","tipo":"Embargo Ambiental — Infração Ambiental","empresa":"","municipio":"Cujubim","porte":null,"valor":null,"processo":"3322200122","link_oficial":"https://sigam.sedam.ro.gov.br/consulta/processo?termo=3322200122","resumo":"Embargo Ambiental (BPA) · Cujubim · Motivo: Infração Ambiental · Área embargada: 10.0 ha · BO: 3322200122","aprox":true}},{"type":"Feature","geometry":{"type":"Point","coordinates":[-63.90709,-8.76283]},"properties":{"id":"SEDAM (RO):3320100093","orgao":"SEDAM (RO)","uf":"RO","ano":2024,"categoria":"embargo","tipo":"Embargo Ambiental — Infração Ambiental","empresa":"","municipio":"Porto Velho","porte":null,"valor":null,"processo":"3320100093","link_oficial":"https://sigam.sedam.ro.gov.br/consulta/processo?termo=3320100093","resumo":"Embargo Ambiental (BPA) · Porto Velho · Motivo: Infração Ambiental · Área embargada: 494.2 ha · BO: 3320100093","aprox":true}},{"type":"Feature","geometry":{"type":"Point","coordinates":[-63.89435,-8.75644]},"properties":{"id":"SEDAM (RO):3320100098","orgao":"SEDAM (RO)","uf":"RO","ano":2024,"categoria":"embargo","tipo":"Embargo Ambiental — Infração Ambiental","empresa":"","municipio":"Porto Velho","porte":null,"valor":null,"processo":"3320100098","link_oficial":"https://sigam.sedam.ro.gov.br/consulta/processo?termo=3320100098","resumo":"Embargo Ambiental (BPA) · Porto Velho · Motivo: Infração Ambiental · Área embargada: 146.1 ha · BO: 3320100098","aprox":true}},{"type":"Feature","geometry":{"type":"Point","coordinates":[-63.33386,-9.71918]},"properties":{"id":"SEDAM (RO):TCO 3147100079","orgao":"SEDAM (RO)","uf":"RO","ano":2021,"categoria":"embargo","tipo":"Embargo Ambiental — ART. 50 DA LEI 9605/98","empresa":"","municipio":"Alto Paraíso","porte":null,"valor":null,"processo":"TCO 3147100079","link_oficial":"https://sigam.sedam.ro.gov.br/consulta/processo?termo=TCO%203147100079","resumo":"Embargo Ambiental (BPA) · Alto Paraíso · Motivo: ART. 50 DA LEI 9605/98 · Área embargada: 13.8 ha · BO: TCO 3147100079","aprox":true}},{"type":"Feature","geometry":{"type":"Point","coordinates":[-63.88956,-8.75701]},"properties":{"id":"SEDAM (RO):3320100096","orgao":"SEDAM (RO)","uf":"RO","ano":2024,"categoria":"embargo","tipo":"Embargo Ambiental — Infração Ambiental","empresa":"","municipio":"Porto Velho","porte":null,"valor":null,"processo":"3320100096","link_oficial":"https://sigam.sedam.ro.gov.br/consulta/processo?termo=3320100096","resumo":"Embargo Ambiental (BPA) · Porto Velho · Motivo: Infração Ambiental · Área embargada: 60.5 ha · BO: 3320100096","aprox":true}},{"type":"Feature","geometry":{"type":"Point","coordinates":[-63.88551,-8.74782]},"properties":{"id":"SEDAM (RO):3320100095","orgao":"SEDAM (RO)","uf":"RO","ano":2024,"categoria":"embargo","tipo":"Embargo Ambiental — Infração Ambiental","empresa":"","municipio":"Porto Velho","porte":null,"valor":null,"processo":"3320100095","link_oficial":"https://sigam.sedam.ro.gov.br/consulta/processo?termo=3320100095","resumo":"Embargo Ambiental (BPA) · Porto Velho · Motivo: Infração Ambiental · Área embargada: 71.5 ha · BO: 3320100095","aprox":true}},{"type":"Feature","geometry":{"type":"Point","coordinates":[-62.59726,-9.36682]},"properties":{"id":"SEDAM (RO):3294600037","orgao":"SEDAM (RO)","uf":"RO","ano":2024,"categoria":"embargo","tipo":"Embargo Ambiental — Infração Ambiental","empresa":"","municipio":"Cujubim","porte":null,"valor":null,"processo":"3294600037","link_oficial":"https://sigam.sedam.ro.gov.br/consulta/processo?termo=3294600037","resumo":"Embargo Ambiental (BPA) · Cujubim · Motivo: Infração Ambiental · Área embargada: 10.0 ha · BO: 3294600037","aprox":true}},{"type":"Feature","geometry":{"type":"Point","coordinates":[-61.18555,-11.65865]},"properties":{"id":"SEDAM (RO):3315700079","orgao":"SEDAM (RO)","uf":"RO","ano":null,"categoria":"embargo","tipo":"Embargo Ambiental — Art. 41 da Lei Federal 9.605/1998","empresa":"","municipio":"Pimenta Bueno","porte":null,"valor":null,"processo":"3315700079","link_oficial":"https://sigam.sedam.ro.gov.br/consulta/processo?termo=3315700079","resumo":"Embargo Ambiental (BPA) · Pimenta Bueno · Motivo: Art. 41 da Lei Federal 9.605/1998 · Área embargada: 129.7 ha · BO: 3315700079","aprox":true}},{"type":"Feature","geometry":{"type":"Point","coordinates":[-62.58231,-9.35986]},"properties":{"id":"SEDAM (RO):3144300183","orgao":"SEDAM (RO)","uf":"RO","ano":null,"categoria":"embargo","tipo":"Embargo Ambiental — Art. 50 e 41 da Lei Federal 9.605/1998","empresa":"","municipio":"Cujubim","porte":null,"valor":null,"processo":"3144300183","link_oficial":"https://sigam.sedam.ro.gov.br/consulta/processo?termo=3144300183","resumo":"Embargo Ambiental (BPA) · Cujubim · Motivo: Art. 50 e 41 da Lei Federal 9.605/1998 · Área embargada: 23.9 ha · BO: 3144300183","aprox":true}},{"type":"Feature","geometry":{"type":"Point","coordinates":[-62.58231,-9.35986]},"properties":{"id":"SEDAM (RO):3144300183","orgao":"SEDAM (RO)","uf":"RO","ano":null,"categoria":"embargo","tipo":"Embargo Ambiental — Art. 50 da Lei Federal 9.605/1998","empresa":"","municipio":"Cujubim","porte":null,"valor":null,"processo":"3144300183","link_oficial":"https://sigam.sedam.ro.gov.br/consulta/processo?termo=3144300183","resumo":"Embargo Ambiental (BPA) · Cujubim · Motivo: Art. 50 da Lei Federal 9.605/1998 · Área embargada: 28.6 ha · BO: 3144300183","aprox":true}},{"type":"Feature","geometry":{"type":"Point","coordinates":[-63.70005,-8.80345]},"properties":{"id":"SEDAM (RO):TCO 3147400376","orgao":"SEDAM (RO)","uf":"RO","ano":2024,"categoria":"embargo","tipo":"Embargo Ambiental — Infração Ambiental","empresa":"","municipio":"Candeias Do Jamari","porte":null,"valor":null,"processo":"TCO 3147400376","link_oficial":"https://sigam.sedam.ro.gov.br/consulta/processo?termo=TCO%203147400376","resumo":"Embargo Ambiental (BPA) · Candeias Do Jamari · Motivo: Infração Ambiental · Área embargada: 76.4 ha · BO: TCO 3147400376","aprox":true}},{"type":"Feature","geometry":{"type":"Point","coordinates":[-63.70005,-8.80345]},"properties":{"id":"SEDAM (RO):TCO 3147400376","orgao":"SEDAM (RO)","uf":"RO","ano":2024,"categoria":"embargo","tipo":"Embargo Ambiental — Infração Ambiental","empresa":"","municipio":"Candeias Do Jamari","porte":null,"valor":null,"processo":"TCO 3147400376","link_oficial":"https://sigam.sedam.ro.gov.br/consulta/processo?termo=TCO%203147400376","resumo":"Embargo Ambiental (BPA) · Candeias Do Jamari · Motivo: Infração Ambiental · Área embargada: 76.4 ha · BO: TCO 3147400376","aprox":true}},{"type":"Feature","geometry":{"type":"Point","coordinates":[-61.97611,-9.45091]},"properties":{"id":"SEDAM (RO):COP 3317700118","orgao":"SEDAM (RO)","uf":"RO","ano":2024,"categoria":"embargo","tipo":"Embargo Ambiental — Infração Ambiental","empresa":"","municipio":"Machadinho Doeste","porte":null,"valor":null,"processo":"COP 3317700118","link_oficial":"https://sigam.sedam.ro.gov.br/consulta/processo?termo=COP%203317700118","resumo":"Embargo Ambiental (BPA) · Machadinho Doeste · Motivo: Infração Ambiental · Área embargada: 267.0 ha · BO: COP 3317700118","aprox":true}},{"type":"Feature","geometry":{"type":"Point","coordinates":[-63.3177,-9.71238]},"properties":{"id":"SEDAM (RO):COP 3147100080","orgao":"SEDAM (RO)","uf":"RO","ano":2021,"categoria":"embargo","tipo":"Embargo Ambiental — ART. 50 DA LEI 9605/98","empresa":"","municipio":"Alto Paraíso","porte":null,"valor":null,"processo":"COP 3147100080","link_oficial":"https://sigam.sedam.ro.gov.br/consulta/processo?termo=COP%203147100080","resumo":"Embargo Ambiental (BPA) · Alto Paraíso · Motivo: ART. 50 DA LEI 9605/98 · Área embargada: 76.2 ha · BO: COP 3147100080","aprox":true}},{"type":"Feature","geometry":{"type":"Point","coordinates":[-62.59066,-9.37035]},"properties":{"id":"SEDAM (RO):3144300182","orgao":"SEDAM (RO)","uf":"RO","ano":null,"categoria":"embargo","tipo":"Embargo Ambiental — Art. 50 da Lei Federal 9.605/1998","empresa":"","municipio":"Cujubim","porte":null,"valor":null,"processo":"3144300182","link_oficial":"https://sigam.sedam.ro.gov.br/consulta/processo?termo=3144300182","resumo":"Embargo Ambiental (BPA) · Cujubim · Motivo: Art. 50 da Lei Federal 9.605/1998 · Área embargada: 10.7 ha · BO: 3144300182","aprox":true}},{"type":"Feature","geometry":{"type":"Point","coordinates":[-63.57223,-12.06427]},"properties":{"id":"SEDAM (RO):3320900071","orgao":"SEDAM (RO)","uf":"RO","ano":null,"categoria":"embargo","tipo":"Embargo Ambiental — Art. 48 da Lei Federal 9.605/1998","empresa":"","municipio":"São Francisco Do Guaporé","porte":null,"valor":null,"processo":"3320900071","link_oficial":"https://sigam.sedam.ro.gov.br/consulta/processo?termo=3320900071","resumo":"Embargo Ambiental (BPA) · São Francisco Do Guaporé · Motivo: Art. 48 da Lei Federal 9.605/1998 · Área embargada: 18.7 ha · BO: 3320900071","aprox":true}},{"type":"Feature","geometry":{"type":"Point","coordinates":[-61.19259,-11.65181]},"properties":{"id":"SEDAM (RO):3315700081","orgao":"SEDAM (RO)","uf":"RO","ano":null,"categoria":"embargo","tipo":"Embargo Ambiental — Art. 50 e 41 da Lei Federal 9.605/1998","empresa":"","municipio":"Pimenta Bueno","porte":null,"valor":null,"processo":"3315700081","link_oficial":"https://sigam.sedam.ro.gov.br/consulta/processo?termo=3315700081","resumo":"Embargo Ambiental (BPA) · Pimenta Bueno · Motivo: Art. 50 e 41 da Lei Federal 9.605/1998 · Área embargada: 8.0 ha · BO: 3315700081","aprox":true}},{"type":"Feature","geometry":{"type":"Point","coordinates":[-63.91157,-8.7529]},"properties":{"id":"SEDAM (RO):3314100013","orgao":"SEDAM (RO)","uf":"RO","ano":2024,"categoria":"embargo","tipo":"Embargo Ambiental — Infração Ambiental","empresa":"","municipio":"Porto Velho","porte":null,"valor":null,"processo":"3314100013","link_oficial":"https://sigam.sedam.ro.gov.br/consulta/processo?termo=3314100013","resumo":"Embargo Ambiental (BPA) · Porto Velho · Motivo: Infração Ambiental · Área embargada: 471.7 ha · BO: 3314100013","aprox":true}},{"type":"Feature","geometry":{"type":"Point","coordinates":[-63.70556,-8.78646]},"properties":{"id":"SEDAM (RO):COP 3147400381","orgao":"SEDAM (RO)","uf":"RO","ano":2024,"categoria":"embargo","tipo":"Embargo Ambiental — Infração Ambiental","empresa":"","municipio":"Candeias Do Jamari","porte":null,"valor":null,"processo":"COP 3147400381","link_oficial":"https://sigam.sedam.ro.gov.br/consulta/processo?termo=COP%203147400381","resumo":"Embargo Ambiental (BPA) · Candeias Do Jamari · Motivo: Infração Ambiental · Área embargada: 34.8 ha · BO: COP 3147400381","aprox":true}},{"type":"Feature","geometry":{"type":"Point","coordinates":[-63.90257,-8.77594]},"properties":{"id":"SEDAM (RO):COP 3314100011","orgao":"SEDAM (RO)","uf":"RO","ano":2024,"categoria":"embargo","tipo":"Embargo Ambiental — Infração Ambiental","empresa":"","municipio":"Porto Velho","porte":null,"valor":null,"processo":"COP 3314100011","link_oficial":"https://sigam.sedam.ro.gov.br/consulta/processo?termo=COP%203314100011","resumo":"Embargo Ambiental (BPA) · Porto Velho · Motivo: Infração Ambiental · Área embargada: 30.8 ha · BO: COP 3314100011","aprox":true}},{"type":"Feature","geometry":{"type":"Point","coordinates":[-63.8908,-8.74727]},"properties":{"id":"SEDAM (RO):3314100012","orgao":"SEDAM (RO)","uf":"RO","ano":2024,"categoria":"embargo","tipo":"Embargo Ambiental — Infração Ambiental","empresa":"","municipio":"Porto Velho","porte":null,"valor":null,"processo":"3314100012","link_oficial":"https://sigam.sedam.ro.gov.br/consulta/processo?termo=3314100012","resumo":"Embargo Ambiental (BPA) · Porto Velho · Motivo: Infração Ambiental · Área embargada: 40.6 ha · BO: 3314100012","aprox":true}},{"type":"Feature","geometry":{"type":"Point","coordinates":[-63.30734,-9.70433]},"properties":{"id":"SEDAM (RO):TCO 3317700119","orgao":"SEDAM (RO)","uf":"RO","ano":2024,"categoria":"embargo","tipo":"Embargo Ambiental — Infração Ambiental","empresa":"","municipio":"Alto Paraiso","porte":null,"valor":null,"processo":"TCO 3317700119","link_oficial":"https://sigam.sedam.ro.gov.br/consulta/processo?termo=TCO%203317700119","resumo":"Embargo Ambiental (BPA) · Alto Paraiso · Motivo: Infração Ambiental · Área embargada: 13.3 ha · BO: TCO 3317700119","aprox":true}},{"type":"Feature","geometry":{"type":"Point","coordinates":[-63.32375,-9.73049]},"properties":{"id":"SEDAM (RO):TCO  3317700119","orgao":"SEDAM (RO)","uf":"RO","ano":2024,"categoria":"embargo","tipo":"Embargo Ambiental — Infração Ambiental","empresa":"","municipio":"Alto Paraiso","porte":null,"valor":null,"processo":"TCO  3317700119","link_oficial":"https://sigam.sedam.ro.gov.br/consulta/processo?termo=TCO%20%203317700119","resumo":"Embargo Ambiental (BPA) · Alto Paraiso · Motivo: Infração Ambiental · Área embargada: 28.4 ha · BO: TCO  3317700119","aprox":true}},{"type":"Feature","geometry":{"type":"Point","coordinates":[-63.82672,-10.20241]},"properties":{"id":"SEDAM (RO):TCO 3147100083","orgao":"SEDAM (RO)","uf":"RO","ano":2021,"categoria":"embargo","tipo":"Embargo Ambiental — ART. 50 DA LEI 9605/98","empresa":"","municipio":"Buritis","porte":null,"valor":null,"processo":"TCO 3147100083","link_oficial":"https://sigam.sedam.ro.gov.br/consulta/processo?termo=TCO%203147100083","resumo":"Embargo Ambiental (BPA) · Buritis · Motivo: ART. 50 DA LEI 9605/98 · Área embargada: 13.0 ha · BO: TCO 3147100083","aprox":true}},{"type":"Feature","geometry":{"type":"Point","coordinates":[-63.16391,-9.19926]},"properties":{"id":"SEDAM (RO):COP 3317700120","orgao":"SEDAM (RO)","uf":"RO","ano":2024,"categoria":"embargo","tipo":"Embargo Ambiental — Infração Ambiental","empresa":"","municipio":"Itapuã","porte":null,"valor":null,"processo":"COP 3317700120","link_oficial":"https://sigam.sedam.ro.gov.br/consulta/processo?termo=COP%203317700120","resumo":"Embargo Ambiental (BPA) · Itapuã · Motivo: Infração Ambiental · Área embargada: 69.4 ha · BO: COP 3317700120","aprox":true}},{"type":"Feature","geometry":{"type":"Point","coordinates":[-63.69727,-8.78228]},"properties":{"id":"SEDAM (RO):COP 3146900165","orgao":"SEDAM (RO)","uf":"RO","ano":2024,"categoria":"embargo","tipo":"Embargo Ambiental — Infração Ambiental","empresa":"","municipio":"Candeias Do Jamari","porte":null,"valor":null,"processo":"COP 3146900165","link_oficial":"https://sigam.sedam.ro.gov.br/consulta/processo?termo=COP%203146900165","resumo":"Embargo Ambiental (BPA) · Candeias Do Jamari · Motivo: Infração Ambiental · Área embargada: 301.6 ha · BO: COP 3146900165","aprox":true}},{"type":"Feature","geometry":{"type":"Point","coordinates":[-63.70123,-8.79021]},"properties":{"id":"SEDAM (RO):3147400380","orgao":"SEDAM (RO)","uf":"RO","ano":2024,"categoria":"embargo","tipo":"Embargo Ambiental — Infração Ambiental","empresa":"","municipio":"Candeias Do Jamari","porte":null,"valor":null,"processo":"3147400380","link_oficial":"https://sigam.sedam.ro.gov.br/consulta/processo?termo=3147400380","resumo":"Embargo Ambiental (BPA) · Candeias Do Jamari · Motivo: Infração Ambiental · Área embargada: 20.4 ha · BO: 3147400380","aprox":true}},{"type":"Feature","geometry":{"type":"Point","coordinates":[-63.67932,-8.7933]},"properties":{"id":"SEDAM (RO):TCO 3147400379","orgao":"SEDAM (RO)","uf":"RO","ano":2024,"categoria":"embargo","tipo":"Embargo Ambiental — Infração Ambiental","empresa":"","municipio":"Candeias Do Jamari","porte":null,"valor":null,"processo":"TCO 3147400379","link_oficial":"https://sigam.sedam.ro.gov.br/consulta/processo?termo=TCO%203147400379","resumo":"Embargo Ambiental (BPA) · Candeias Do Jamari · Motivo: Infração Ambiental · Área embargada: 13.9 ha · BO: TCO 3147400379","aprox":true}},{"type":"Feature","geometry":{"type":"Point","coordinates":[-63.67932,-8.7933]},"properties":{"id":"SEDAM (RO):TCO 3147400379","orgao":"SEDAM (RO)","uf":"RO","ano":2024,"categoria":"embargo","tipo":"Embargo Ambiental — Infração Ambiental","empresa":"","municipio":"Candeias Do Jamari","porte":null,"valor":null,"processo":"TCO 3147400379","link_oficial":"https://sigam.sedam.ro.gov.br/consulta/processo?termo=TCO%203147400379","resumo":"Embargo Ambiental (BPA) · Candeias Do Jamari · Motivo: Infração Ambiental · Área embargada: 13.9 ha · BO: TCO 3147400379","aprox":true}},{"type":"Feature","geometry":{"type":"Point","coordinates":[-63.90025,-8.75927]},"properties":{"id":"SEDAM (RO):3252800675","orgao":"SEDAM (RO)","uf":"RO","ano":2024,"categoria":"embargo","tipo":"Embargo Ambiental — Infração Ambiental","empresa":"","municipio":"Porto Velho","porte":null,"valor":null,"processo":"3252800675","link_oficial":"https://sigam.sedam.ro.gov.br/consulta/processo?termo=3252800675","resumo":"Embargo Ambiental (BPA) · Porto Velho · Motivo: Infração Ambiental · Área embargada: 46.2 ha · BO: 3252800675","aprox":true}},{"type":"Feature","geometry":{"type":"Point","coordinates":[-63.90018,-8.75971]},"properties":{"id":"SEDAM (RO):COP 3314100008","orgao":"SEDAM (RO)","uf":"RO","ano":2024,"categoria":"embargo","tipo":"Embargo Ambiental — Infração Ambiental","empresa":"","municipio":"Porto Velho","porte":null,"valor":null,"processo":"COP 3314100008","link_oficial":"https://sigam.sedam.ro.gov.br/consulta/processo?termo=COP%203314100008","resumo":"Embargo Ambiental (BPA) · Porto Velho · Motivo: Infração Ambiental · Área embargada: 29.5 ha · BO: COP 3314100008","aprox":true}},{"type":"Feature","geometry":{"type":"Point","coordinates":[-63.69064,-8.78984]},"properties":{"id":"SEDAM (RO):COP 3146900163","orgao":"SEDAM (RO)","uf":"RO","ano":2024,"categoria":"embargo","tipo":"Embargo Ambiental — Infração Ambiental","empresa":"","municipio":"Candeias Do Jamari","porte":null,"valor":null,"processo":"COP 3146900163","link_oficial":"https://sigam.sedam.ro.gov.br/consulta/processo?termo=COP%203146900163","resumo":"Embargo Ambiental (BPA) · Candeias Do Jamari · Motivo: Infração Ambiental · Área embargada: 106.4 ha · BO: COP 3146900163","aprox":true}},{"type":"Feature","geometry":{"type":"Point","coordinates":[-63.63516,-10.56264]},"properties":{"id":"SEDAM (RO):TCO 3143800050","orgao":"SEDAM (RO)","uf":"RO","ano":2021,"categoria":"embargo","tipo":"Embargo Ambiental — ART. 50 DA LEI 9605/98","empresa":"","municipio":"Campo Novo De Rondônia","porte":null,"valor":null,"processo":"TCO 3143800050","link_oficial":"https://sigam.sedam.ro.gov.br/consulta/processo?termo=TCO%203143800050","resumo":"Embargo Ambiental (BPA) · Campo Novo De Rondônia · Motivo: ART. 50 DA LEI 9605/98 · Área embargada: 5.6 ha · BO: TCO 3143800050","aprox":true}},{"type":"Feature","geometry":{"type":"Point","coordinates":[-62.59582,-9.36045]},"properties":{"id":"SEDAM (RO):3154100015","orgao":"SEDAM (RO)","uf":"RO","ano":2021,"categoria":"embargo","tipo":"Embargo Ambiental — ART. 50 DA LEI 9605/98","empresa":"","municipio":"Cujubim","porte":null,"valor":null,"processo":"3154100015","link_oficial":"https://sigam.sedam.ro.gov.br/consulta/processo?termo=3154100015","resumo":"Embargo Ambiental (BPA) · Cujubim · Motivo: ART. 50 DA LEI 9605/98 · Área embargada: 27.3 ha · BO: 3154100015","aprox":true}},{"type":"Feature","geometry":{"type":"Point","coordinates":[-63.68573,-8.78561]},"properties":{"id":"SEDAM (RO):3317200112","orgao":"SEDAM (RO)","uf":"RO","ano":null,"categoria":"embargo","tipo":"Embargo Ambiental — Art. 50 e 41 da Lei Federal 9.605/1998","empresa":"","municipio":"Candeias Do Jamari","porte":null,"valor":null,"processo":"3317200112","link_oficial":"https://sigam.sedam.ro.gov.br/consulta/processo?termo=3317200112","resumo":"Embargo Ambiental (BPA) · Candeias Do Jamari · Motivo: Art. 50 e 41 da Lei Federal 9.605/1998 · Área embargada: 16.8 ha · BO: 3317200112","aprox":true}},{"type":"Feature","geometry":{"type":"Point","coordinates":[-63.68573,-8.78561]},"properties":{"id":"SEDAM (RO):3317200112","orgao":"SEDAM (RO)","uf":"RO","ano":null,"categoria":"embargo","tipo":"Embargo Ambiental — Art. 50 da Lei Federal 9.605/1998","empresa":"","municipio":"Candeias Do Jamari","porte":null,"valor":null,"processo":"3317200112","link_oficial":"https://sigam.sedam.ro.gov.br/consulta/processo?termo=3317200112","resumo":"Embargo Ambiental (BPA) · Candeias Do Jamari · Motivo: Art. 50 da Lei Federal 9.605/1998 · Área embargada: 9.2 ha · BO: 3317200112","aprox":true}},{"type":"Feature","geometry":{"type":"Point","coordinates":[-63.69737,-8.79845]},"properties":{"id":"SEDAM (RO):3316000127","orgao":"SEDAM (RO)","uf":"RO","ano":null,"categoria":"embargo","tipo":"Embargo Ambiental — Art. 50 da Lei Federal 9.605/1998","empresa":"","municipio":"Candeias Do Jamari","porte":null,"valor":null,"processo":"3316000127","link_oficial":"https://sigam.sedam.ro.gov.br/consulta/processo?termo=3316000127","resumo":"Embargo Ambiental (BPA) · Candeias Do Jamari · Motivo: Art. 50 da Lei Federal 9.605/1998 · Área embargada: 26.7 ha · BO: 3316000127","aprox":true}},{"type":"Feature","geometry":{"type":"Point","coordinates":[-63.69737,-8.79845]},"properties":{"id":"SEDAM (RO):3316000127","orgao":"SEDAM (RO)","uf":"RO","ano":null,"categoria":"embargo","tipo":"Embargo Ambiental — Art. 41 da Lei Federal 9.605/1998","empresa":"","municipio":"Candeias Do Jamari","porte":null,"valor":null,"processo":"3316000127","link_oficial":"https://sigam.sedam.ro.gov.br/consulta/processo?termo=3316000127","resumo":"Embargo Ambiental (BPA) · Candeias Do Jamari · Motivo: Art. 41 da Lei Federal 9.605/1998 · Área embargada: 3.5 ha · BO: 3316000127","aprox":true}},{"type":"Feature","geometry":{"type":"Point","coordinates":[-63.88428,-8.76104]},"properties":{"id":"SEDAM (RO):3303900083","orgao":"SEDAM (RO)","uf":"RO","ano":2024,"categoria":"embargo","tipo":"Embargo Ambiental — Art 50 C/C Lei Federal 9.605/98","empresa":"","municipio":"Porto Velho","porte":null,"valor":null,"processo":"3303900083","link_oficial":"https://sigam.sedam.ro.gov.br/consulta/processo?termo=3303900083","resumo":"Embargo Ambiental (BPA) · Porto Velho · Motivo: Art 50 C/C Lei Federal 9.605/98 · Área embargada: 33.9 ha · BO: 3303900083","aprox":true}},{"type":"Feature","geometry":{"type":"Point","coordinates":[-65.3309,-10.42151]},"properties":{"id":"SEDAM (RO):3146000144 COP","orgao":"SEDAM (RO)","uf":"RO","ano":2022,"categoria":"embargo","tipo":"Embargo Ambiental — Infração Ambiental","empresa":"","municipio":"Nova Mamoré","porte":null,"valor":null,"processo":"3146000144 COP","link_oficial":"https://sigam.sedam.ro.gov.br/consulta/processo?termo=3146000144%20COP","resumo":"Embargo Ambiental (BPA) · Nova Mamoré · Motivo: Infração Ambiental · Área embargada: 42.0 ha · BO: 3146000144 COP","aprox":true}},{"type":"Feature","geometry":{"type":"Point","coordinates":[-62.58953,-9.35951]},"properties":{"id":"SEDAM (RO):3039200153","orgao":"SEDAM (RO)","uf":"RO","ano":2021,"categoria":"embargo","tipo":"Embargo Ambiental — ART. 50 DA LEI 9605/98","empresa":"","municipio":"Cujubim","porte":null,"valor":null,"processo":"3039200153","link_oficial":"https://sigam.sedam.ro.gov.br/consulta/processo?termo=3039200153","resumo":"Embargo Ambiental (BPA) · Cujubim · Motivo: ART. 50 DA LEI 9605/98 · Área embargada: 117.6 ha · BO: 3039200153","aprox":true}},{"type":"Feature","geometry":{"type":"Point","coordinates":[-63.8999,-8.76077]},"properties":{"id":"SEDAM (RO):3317600115","orgao":"SEDAM (RO)","uf":"RO","ano":2024,"categoria":"embargo","tipo":"Embargo Ambiental — ART.50/9605","empresa":"","municipio":"Porto Velho","porte":null,"valor":null,"processo":"3317600115","link_oficial":"https://sigam.sedam.ro.gov.br/consulta/processo?termo=3317600115","resumo":"Embargo Ambiental (BPA) · Porto Velho · Motivo: ART.50/9605 · Área embargada: 20.3 ha · BO: 3317600115","aprox":true}},{"type":"Feature","geometry":{"type":"Point","coordinates":[-63.89781,-8.76272]},"properties":{"id":"SEDAM (RO):3252800678","orgao":"SEDAM (RO)","uf":"RO","ano":null,"categoria":"embargo","tipo":"Embargo Ambiental — Art. 50 da Lei Federal 9.605/1998","empresa":"","municipio":"Porto Velho","porte":null,"valor":null,"processo":"3252800678","link_oficial":"https://sigam.sedam.ro.gov.br/consulta/processo?termo=3252800678","resumo":"Embargo Ambiental (BPA) · Porto Velho · Motivo: Art. 50 da Lei Federal 9.605/1998 · Área embargada: 24.5 ha · BO: 3252800678","aprox":true}},{"type":"Feature","geometry":{"type":"Point","coordinates":[-65.33538,-10.40848]},"properties":{"id":"SEDAM (RO):3276100296","orgao":"SEDAM (RO)","uf":"RO","ano":2024,"categoria":"embargo","tipo":"Embargo Ambiental — Art. 41 § único Led. Fed. 9.605/98","empresa":"","municipio":"Nova Mamoré","porte":null,"valor":null,"processo":"3276100296","link_oficial":"https://sigam.sedam.ro.gov.br/consulta/processo?termo=3276100296","resumo":"Embargo Ambiental (BPA) · Nova Mamoré · Motivo: Art. 41 § único Led. Fed. 9.605/98 · Área embargada: 0.4 ha · BO: 3276100296","aprox":true}},{"type":"Feature","geometry":{"type":"Point","coordinates":[-65.33345,-10.4142]},"properties":{"id":"SEDAM (RO):3276100298","orgao":"SEDAM (RO)","uf":"RO","ano":2024,"categoria":"embargo","tipo":"Embargo Ambiental — Art. 50, 9.605/98","empresa":"","municipio":"Nova Mamoré","porte":null,"valor":null,"processo":"3276100298","link_oficial":"https://sigam.sedam.ro.gov.br/consulta/processo?termo=3276100298","resumo":"Embargo Ambiental (BPA) · Nova Mamoré · Motivo: Art. 50, 9.605/98 · Área embargada: 3.0 ha · BO: 3276100298","aprox":true}},{"type":"Feature","geometry":{"type":"Point","coordinates":[-61.97241,-9.44248]},"properties":{"id":"SEDAM (RO):3318800119","orgao":"SEDAM (RO)","uf":"RO","ano":null,"categoria":"embargo","tipo":"Embargo Ambiental — Art. 48 da Lei Federal 9.605/1998","empresa":"","municipio":"Machadinho D'Oeste","porte":null,"valor":null,"processo":"3318800119","link_oficial":"https://sigam.sedam.ro.gov.br/consulta/processo?termo=3318800119","resumo":"Embargo Ambiental (BPA) · Machadinho D'Oeste · Motivo: Art. 48 da Lei Federal 9.605/1998 · Área embargada: 6.7 ha · BO: 3318800119","aprox":true}},{"type":"Feature","geometry":{"type":"Point","coordinates":[-63.89281,-8.74018]},"properties":{"id":"SEDAM (RO):3144300186","orgao":"SEDAM (RO)","uf":"RO","ano":null,"categoria":"embargo","tipo":"Embargo Ambiental — Art. 50 e 41 da Lei Federal 9.605/1998","empresa":"","municipio":"Porto Velho","porte":null,"valor":null,"processo":"3144300186","link_oficial":"https://sigam.sedam.ro.gov.br/consulta/processo?termo=3144300186","resumo":"Embargo Ambiental (BPA) · Porto Velho · Motivo: Art. 50 e 41 da Lei Federal 9.605/1998 · Área embargada: 22.0 ha · BO: 3144300186","aprox":true}},{"type":"Feature","geometry":{"type":"Point","coordinates":[-63.89281,-8.74018]},"properties":{"id":"SEDAM (RO):3144300186","orgao":"SEDAM (RO)","uf":"RO","ano":null,"categoria":"embargo","tipo":"Embargo Ambiental — Art. 41 da Lei Federal 9.605/1998","empresa":"","municipio":"Porto Velho","porte":null,"valor":null,"processo":"3144300186","link_oficial":"https://sigam.sedam.ro.gov.br/consulta/processo?termo=3144300186","resumo":"Embargo Ambiental (BPA) · Porto Velho · Motivo: Art. 41 da Lei Federal 9.605/1998 · Área embargada: 70.2 ha · BO: 3144300186","aprox":true}},{"type":"Feature","geometry":{"type":"Point","coordinates":[-61.97283,-9.43945]},"properties":{"id":"SEDAM (RO):3039200155","orgao":"SEDAM (RO)","uf":"RO","ano":2021,"categoria":"embargo","tipo":"Embargo Ambiental — ART. 50 DA LEI 9605/98","empresa":"","municipio":"Machadinho D'Oeste","porte":null,"valor":null,"processo":"3039200155","link_oficial":"https://sigam.sedam.ro.gov.br/consulta/processo?termo=3039200155","resumo":"Embargo Ambiental (BPA) · Machadinho D'Oeste · Motivo: ART. 50 DA LEI 9605/98 · Área embargada: 30.3 ha · BO: 3039200155","aprox":true}},{"type":"Feature","geometry":{"type":"Point","coordinates":[-65.32329,-10.42118]},"properties":{"id":"SEDAM (RO):3276100297","orgao":"SEDAM (RO)","uf":"RO","ano":2024,"categoria":"embargo","tipo":"Embargo Ambiental — Art. 50 Lei Fed. 9.605/98","empresa":"","municipio":"Nova Mamoré","porte":null,"valor":null,"processo":"3276100297","link_oficial":"https://sigam.sedam.ro.gov.br/consulta/processo?termo=3276100297","resumo":"Embargo Ambiental (BPA) · Nova Mamoré · Motivo: Art. 50 Lei Fed. 9.605/98 · Área embargada: 5.4 ha · BO: 3276100297","aprox":true}},{"type":"Feature","geometry":{"type":"Point","coordinates":[-65.33191,-10.38853]},"properties":{"id":"SEDAM (RO):3276100299","orgao":"SEDAM (RO)","uf":"RO","ano":2024,"categoria":"embargo","tipo":"Embargo Ambiental — Art. 50 Lei Fed. 9.605/98","empresa":"","municipio":"Nova Mamoré","porte":null,"valor":null,"processo":"3276100299","link_oficial":"https://sigam.sedam.ro.gov.br/consulta/processo?termo=3276100299","resumo":"Embargo Ambiental (BPA) · Nova Mamoré · Motivo: Art. 50 Lei Fed. 9.605/98 · Área embargada: 14.1 ha · BO: 3276100299","aprox":true}},{"type":"Feature","geometry":{"type":"Point","coordinates":[-63.8964,-8.76114]},"properties":{"id":"SEDAM (RO):TCO 325800680","orgao":"SEDAM (RO)","uf":"RO","ano":2024,"categoria":"embargo","tipo":"Embargo Ambiental — Infração Ambiental","empresa":"","municipio":"Porto Velho","porte":null,"valor":null,"processo":"TCO 325800680","link_oficial":"https://sigam.sedam.ro.gov.br/consulta/processo?termo=TCO%20325800680","resumo":"Embargo Ambiental (BPA) · Porto Velho · Motivo: Infração Ambiental · Área embargada: 29.3 ha · BO: TCO 325800680","aprox":true}},{"type":"Feature","geometry":{"type":"Point","coordinates":[-65.32005,-10.39861]},"properties":{"id":"SEDAM (RO):3319600108","orgao":"SEDAM (RO)","uf":"RO","ano":2024,"categoria":"embargo","tipo":"Embargo Ambiental — Art. 41 Lei Fed. 9.605/98","empresa":"","municipio":"Nova Mamore Ro","porte":null,"valor":null,"processo":"3319600108","link_oficial":"https://sigam.sedam.ro.gov.br/consulta/processo?termo=3319600108","resumo":"Embargo Ambiental (BPA) · Nova Mamore Ro · Motivo: Art. 41 Lei Fed. 9.605/98 · Área embargada: 10.8 ha · BO: 3319600108","aprox":true}},{"type":"Feature","geometry":{"type":"Point","coordinates":[-63.91068,-8.76096]},"properties":{"id":"SEDAM (RO):3143700344","orgao":"SEDAM (RO)","uf":"RO","ano":2023,"categoria":"embargo","tipo":"Embargo Ambiental — ART. 50 LEI FED. 9.605/98","empresa":"","municipio":"Porto Velho","porte":null,"valor":null,"processo":"3143700344","link_oficial":"https://sigam.sedam.ro.gov.br/consulta/processo?termo=3143700344","resumo":"Embargo Ambiental (BPA) · Porto Velho · Motivo: ART. 50 LEI FED. 9.605/98 · Área embargada: 0.5 ha · BO: 3143700344","aprox":true}},{"type":"Feature","geometry":{"type":"Point","coordinates":[-63.70947,-8.79488]},"properties":{"id":"SEDAM (RO):COP 3317200145","orgao":"SEDAM (RO)","uf":"RO","ano":2024,"categoria":"embargo","tipo":"Embargo Ambiental — Infração Ambiental","empresa":"","municipio":"Candeias Do Jamari","porte":null,"valor":null,"processo":"COP 3317200145","link_oficial":"https://sigam.sedam.ro.gov.br/consulta/processo?termo=COP%203317200145","resumo":"Embargo Ambiental (BPA) · Candeias Do Jamari · Motivo: Infração Ambiental · Área embargada: 299.3 ha · BO: COP 3317200145","aprox":true}},{"type":"Feature","geometry":{"type":"Point","coordinates":[-61.21383,-11.67145]},"properties":{"id":"SEDAM (RO):3147400383","orgao":"SEDAM (RO)","uf":"RO","ano":null,"categoria":"embargo","tipo":"Embargo Ambiental — ART. 48 9605/1998","empresa":"","municipio":"Pimenta Bueno","porte":null,"valor":null,"processo":"3147400383","link_oficial":"https://sigam.sedam.ro.gov.br/consulta/processo?termo=3147400383","resumo":"Embargo Ambiental (BPA) · Pimenta Bueno · Motivo: ART. 48 9605/1998 · Área embargada: 47.2 ha · BO: 3147400383","aprox":true}},{"type":"Feature","geometry":{"type":"Point","coordinates":[-60.88764,-12.56022]},"properties":{"id":"SEDAM (RO):3309700105","orgao":"SEDAM (RO)","uf":"RO","ano":null,"categoria":"embargo","tipo":"Embargo Ambiental — ART. 41 9605/1998","empresa":"","municipio":"Chupinguaia","porte":null,"valor":null,"processo":"3309700105","link_oficial":"https://sigam.sedam.ro.gov.br/consulta/processo?termo=3309700105","resumo":"Embargo Ambiental (BPA) · Chupinguaia · Motivo: ART. 41 9605/1998 · Área embargada: 5.4 ha · BO: 3309700105","aprox":true}},{"type":"Feature","geometry":{"type":"Point","coordinates":[-60.88764,-12.56022]},"properties":{"id":"SEDAM (RO):3309700105","orgao":"SEDAM (RO)","uf":"RO","ano":null,"categoria":"embargo","tipo":"Embargo Ambiental — ART. 41 9605/1998","empresa":"","municipio":"Chupinguaia","porte":null,"valor":null,"processo":"3309700105","link_oficial":"https://sigam.sedam.ro.gov.br/consulta/processo?termo=3309700105","resumo":"Embargo Ambiental (BPA) · Chupinguaia · Motivo: ART. 41 9605/1998 · Área embargada: 5.4 ha · BO: 3309700105","aprox":true}},{"type":"Feature","geometry":{"type":"Point","coordinates":[-63.69769,-8.79195]},"properties":{"id":"SEDAM (RO):COP 3142800002","orgao":"SEDAM (RO)","uf":"RO","ano":2021,"categoria":"embargo","tipo":"Embargo Ambiental — ART. 50 DA LEI 9605/98","empresa":"","municipio":"Candeias Do Jamari","porte":null,"valor":null,"processo":"COP 3142800002","link_oficial":"https://sigam.sedam.ro.gov.br/consulta/processo?termo=COP%203142800002","resumo":"Embargo Ambiental (BPA) · Candeias Do Jamari · Motivo: ART. 50 DA LEI 9605/98 · Área embargada: 13.6 ha · BO: COP 3142800002","aprox":true}},{"type":"Feature","geometry":{"type":"Point","coordinates":[-62.35986,-10.258]},"properties":{"id":"SEDAM (RO):331700035","orgao":"SEDAM (RO)","uf":"RO","ano":2024,"categoria":"embargo","tipo":"Embargo Ambiental — Art 50.","empresa":"","municipio":"Theobroma","porte":null,"valor":null,"processo":"331700035","link_oficial":"https://sigam.sedam.ro.gov.br/consulta/processo?termo=331700035","resumo":"Embargo Ambiental (BPA) · Theobroma · Motivo: Art 50. · Área embargada: 18.1 ha · BO: 331700035","aprox":true}},{"type":"Feature","geometry":{"type":"Point","coordinates":[-63.7018,-8.78815]},"properties":{"id":"SEDAM (RO):33196000112","orgao":"SEDAM (RO)","uf":"RO","ano":2024,"categoria":"embargo","tipo":"Embargo Ambiental — Art 50","empresa":"","municipio":"Candeias Do Jamari","porte":null,"valor":null,"processo":"33196000112","link_oficial":"https://sigam.sedam.ro.gov.br/consulta/processo?termo=33196000112","resumo":"Embargo Ambiental (BPA) · Candeias Do Jamari · Motivo: Art 50 · Área embargada: 7.6 ha · BO: 33196000112","aprox":true}},{"type":"Feature","geometry":{"type":"Point","coordinates":[-63.70501,-8.8031]},"properties":{"id":"SEDAM (RO):3319600112","orgao":"SEDAM (RO)","uf":"RO","ano":2024,"categoria":"embargo","tipo":"Embargo Ambiental — Artgo 50","empresa":"","municipio":"Candeias Do Jamari","porte":null,"valor":null,"processo":"3319600112","link_oficial":"https://sigam.sedam.ro.gov.br/consulta/processo?termo=3319600112","resumo":"Embargo Ambiental (BPA) · Candeias Do Jamari · Motivo: Artgo 50 · Área embargada: 1.3 ha · BO: 3319600112","aprox":true}},{"type":"Feature","geometry":{"type":"Point","coordinates":[-61.99019,-9.45706]},"properties":{"id":"SEDAM (RO):3316700103","orgao":"SEDAM (RO)","uf":"RO","ano":2024,"categoria":"embargo","tipo":"Embargo Ambiental — MARÇO DE 2023","empresa":"","municipio":"Machadinho D'Oeste","porte":null,"valor":null,"processo":"3316700103","link_oficial":"https://sigam.sedam.ro.gov.br/consulta/processo?termo=3316700103","resumo":"Embargo Ambiental (BPA) · Machadinho D'Oeste · Motivo: MARÇO DE 2023 · Área embargada: 3.9 ha · BO: 3316700103","aprox":true}},{"type":"Feature","geometry":{"type":"Point","coordinates":[-63.90556,-8.75238]},"properties":{"id":"SEDAM (RO):3320100100","orgao":"SEDAM (RO)","uf":"RO","ano":2024,"categoria":"embargo","tipo":"Embargo Ambiental — Art. 50 c/c Art. 41 da Lei Fed. 9605/98","empresa":"","municipio":"Porto Velho","porte":null,"valor":null,"processo":"3320100100","link_oficial":"https://sigam.sedam.ro.gov.br/consulta/processo?termo=3320100100","resumo":"Embargo Ambiental (BPA) · Porto Velho · Motivo: Art. 50 c/c Art. 41 da Lei Fed. 9605/98 · Área embargada: 10.0 ha · BO: 3320100100","aprox":true}},{"type":"Feature","geometry":{"type":"Point","coordinates":[-63.91101,-8.74655]},"properties":{"id":"SEDAM (RO):3309100125","orgao":"SEDAM (RO)","uf":"RO","ano":null,"categoria":"embargo","tipo":"Embargo Ambiental — Art. 50 da Lei Federal 9.605/1998","empresa":"","municipio":"Porto Velho","porte":null,"valor":null,"processo":"3309100125","link_oficial":"https://sigam.sedam.ro.gov.br/consulta/processo?termo=3309100125","resumo":"Embargo Ambiental (BPA) · Porto Velho · Motivo: Art. 50 da Lei Federal 9.605/1998 · Área embargada: 25.8 ha · BO: 3309100125","aprox":true}},{"type":"Feature","geometry":{"type":"Point","coordinates":[-63.89595,-8.75468]},"properties":{"id":"SEDAM (RO):3309100124","orgao":"SEDAM (RO)","uf":"RO","ano":null,"categoria":"embargo","tipo":"Embargo Ambiental — Art. 50 da Lei Federal 9.605/1998","empresa":"","municipio":"Porto Velho","porte":null,"valor":null,"processo":"3309100124","link_oficial":"https://sigam.sedam.ro.gov.br/consulta/processo?termo=3309100124","resumo":"Embargo Ambiental (BPA) · Porto Velho · Motivo: Art. 50 da Lei Federal 9.605/1998 · Área embargada: 9.7 ha · BO: 3309100124","aprox":true}},{"type":"Feature","geometry":{"type":"Point","coordinates":[-63.90138,-8.7571]},"properties":{"id":"SEDAM (RO):COP 30145000030","orgao":"SEDAM (RO)","uf":"RO","ano":2021,"categoria":"embargo","tipo":"Embargo Ambiental — ART. 50 DA LEI 9605/98","empresa":"","municipio":"Porto Velho","porte":null,"valor":null,"processo":"COP 30145000030","link_oficial":"https://sigam.sedam.ro.gov.br/consulta/processo?termo=COP%2030145000030","resumo":"Embargo Ambiental (BPA) · Porto Velho · Motivo: ART. 50 DA LEI 9605/98 · Área embargada: 130.2 ha · BO: COP 30145000030","aprox":true}},{"type":"Feature","geometry":{"type":"Point","coordinates":[-63.68776,-8.78822]},"properties":{"id":"SEDAM (RO):TCO 3145000042","orgao":"SEDAM (RO)","uf":"RO","ano":2021,"categoria":"embargo","tipo":"Embargo Ambiental — ART. 50 DA LEI 9605/98","empresa":"","municipio":"Candeias Do Jamar","porte":null,"valor":null,"processo":"TCO 3145000042","link_oficial":"https://sigam.sedam.ro.gov.br/consulta/processo?termo=TCO%203145000042","resumo":"Embargo Ambiental (BPA) · Candeias Do Jamar · Motivo: ART. 50 DA LEI 9605/98 · Área embargada: 24.1 ha · BO: TCO 3145000042","aprox":true}},{"type":"Feature","geometry":{"type":"Point","coordinates":[-63.69896,-8.79195]},"properties":{"id":"SEDAM (RO):COP 3145000045","orgao":"SEDAM (RO)","uf":"RO","ano":2021,"categoria":"embargo","tipo":"Embargo Ambiental — ART. 50 DA LEI 9605/98","empresa":"","municipio":"Candeias Do Jamari","porte":null,"valor":null,"processo":"COP 3145000045","link_oficial":"https://sigam.sedam.ro.gov.br/consulta/processo?termo=COP%203145000045","resumo":"Embargo Ambiental (BPA) · Candeias Do Jamari · Motivo: ART. 50 DA LEI 9605/98 · Área embargada: 22.2 ha · BO: COP 3145000045","aprox":true}},{"type":"Feature","geometry":{"type":"Point","coordinates":[-63.31909,-9.70594]},"properties":{"id":"SEDAM (RO):COP 3146000044","orgao":"SEDAM (RO)","uf":"RO","ano":2021,"categoria":"embargo","tipo":"Embargo Ambiental — Infração Ambiental","empresa":"","municipio":"Alto Paraiso","porte":null,"valor":null,"processo":"COP 3146000044","link_oficial":"https://sigam.sedam.ro.gov.br/consulta/processo?termo=COP%203146000044","resumo":"Embargo Ambiental (BPA) · Alto Paraiso · Motivo: Infração Ambiental · Área embargada: 76.1 ha · BO: COP 3146000044","aprox":true}},{"type":"Feature","geometry":{"type":"Point","coordinates":[-63.90382,-8.76022]},"properties":{"id":"SEDAM (RO):3309100123","orgao":"SEDAM (RO)","uf":"RO","ano":null,"categoria":"embargo","tipo":"Embargo Ambiental — Art. 50 da Lei Federal 9.605/1998","empresa":"","municipio":"Porto Velho","porte":null,"valor":null,"processo":"3309100123","link_oficial":"https://sigam.sedam.ro.gov.br/consulta/processo?termo=3309100123","resumo":"Embargo Ambiental (BPA) · Porto Velho · Motivo: Art. 50 da Lei Federal 9.605/1998 · Área embargada: 11.4 ha · BO: 3309100123","aprox":true}},{"type":"Feature","geometry":{"type":"Point","coordinates":[-62.90942,-9.69315]},"properties":{"id":"SEDAM (RO):3317100046","orgao":"SEDAM (RO)","uf":"RO","ano":2024,"categoria":"embargo","tipo":"Embargo Ambiental — Infração Ambiental","empresa":"","municipio":"Rio Crespo","porte":null,"valor":null,"processo":"3317100046","link_oficial":"https://sigam.sedam.ro.gov.br/consulta/processo?termo=3317100046","resumo":"Embargo Ambiental (BPA) · Rio Crespo · Motivo: Infração Ambiental · Área embargada: 18.7 ha · BO: 3317100046","aprox":true}},{"type":"Feature","geometry":{"type":"Point","coordinates":[-63.69506,-8.80051]},"properties":{"id":"SEDAM (RO):3277601064","orgao":"SEDAM (RO)","uf":"RO","ano":null,"categoria":"embargo","tipo":"Embargo Ambiental — Art. 50 da Lei Federal 9605/98","empresa":"","municipio":"Candeias Do Jamari","porte":null,"valor":null,"processo":"3277601064","link_oficial":"https://sigam.sedam.ro.gov.br/consulta/processo?termo=3277601064","resumo":"Embargo Ambiental (BPA) · Candeias Do Jamari · Motivo: Art. 50 da Lei Federal 9605/98 · Área embargada: 24.7 ha · BO: 3277601064","aprox":true}},{"type":"Feature","geometry":{"type":"Point","coordinates":[-63.69257,-8.79585]},"properties":{"id":"SEDAM (RO):3277601063","orgao":"SEDAM (RO)","uf":"RO","ano":null,"categoria":"embargo","tipo":"Embargo Ambiental — Art. 50 da Lei Federal 9605/98","empresa":"","municipio":"Candeias Do Jamari","porte":null,"valor":null,"processo":"3277601063","link_oficial":"https://sigam.sedam.ro.gov.br/consulta/processo?termo=3277601063","resumo":"Embargo Ambiental (BPA) · Candeias Do Jamari · Motivo: Art. 50 da Lei Federal 9605/98 · Área embargada: 23.2 ha · BO: 3277601063","aprox":true}},{"type":"Feature","geometry":{"type":"Point","coordinates":[-63.88848,-8.7575]},"properties":{"id":"SEDAM (RO):3309100127","orgao":"SEDAM (RO)","uf":"RO","ano":null,"categoria":"embargo","tipo":"Embargo Ambiental — Art. 50 da Lei Federal 9.605/1998","empresa":"","municipio":"Porto Velho","porte":null,"valor":null,"processo":"3309100127","link_oficial":"https://sigam.sedam.ro.gov.br/consulta/processo?termo=3309100127","resumo":"Embargo Ambiental (BPA) · Porto Velho · Motivo: Art. 50 da Lei Federal 9.605/1998 · Área embargada: 78.9 ha · BO: 3309100127","aprox":true}},{"type":"Feature","geometry":{"type":"Point","coordinates":[-63.71069,-8.78719]},"properties":{"id":"SEDAM (RO):3039200157","orgao":"SEDAM (RO)","uf":"RO","ano":2021,"categoria":"embargo","tipo":"Embargo Ambiental — ART 48 LEI FED 9605/98","empresa":"","municipio":"Candeias Do Jamari","porte":null,"valor":null,"processo":"3039200157","link_oficial":"https://sigam.sedam.ro.gov.br/consulta/processo?termo=3039200157","resumo":"Embargo Ambiental (BPA) · Candeias Do Jamari · Motivo: ART 48 LEI FED 9605/98 · Área embargada: 26.2 ha · BO: 3039200157","aprox":true}},{"type":"Feature","geometry":{"type":"Point","coordinates":[-63.91894,-8.75065]},"properties":{"id":"SEDAM (RO):3262400163","orgao":"SEDAM (RO)","uf":"RO","ano":2024,"categoria":"embargo","tipo":"Embargo Ambiental — Art 50","empresa":"","municipio":"Porto Velho","porte":null,"valor":null,"processo":"3262400163","link_oficial":"https://sigam.sedam.ro.gov.br/consulta/processo?termo=3262400163","resumo":"Embargo Ambiental (BPA) · Porto Velho · Motivo: Art 50 · Área embargada: 5.6 ha · BO: 3262400163","aprox":true}},{"type":"Feature","geometry":{"type":"Point","coordinates":[-63.89707,-8.7574]},"properties":{"id":"SEDAM (RO):3262400165","orgao":"SEDAM (RO)","uf":"RO","ano":2024,"categoria":"embargo","tipo":"Embargo Ambiental — Art 50","empresa":"","municipio":"Porto Velho","porte":null,"valor":null,"processo":"3262400165","link_oficial":"https://sigam.sedam.ro.gov.br/consulta/processo?termo=3262400165","resumo":"Embargo Ambiental (BPA) · Porto Velho · Motivo: Art 50 · Área embargada: 26.2 ha · BO: 3262400165","aprox":true}},{"type":"Feature","geometry":{"type":"Point","coordinates":[-61.9814,-9.44416]},"properties":{"id":"SEDAM (RO):3316700106","orgao":"SEDAM (RO)","uf":"RO","ano":2024,"categoria":"embargo","tipo":"Embargo Ambiental — ART. 40 LEI FED. 9605/98","empresa":"","municipio":"Machadinho D'Oeste","porte":null,"valor":null,"processo":"3316700106","link_oficial":"https://sigam.sedam.ro.gov.br/consulta/processo?termo=3316700106","resumo":"Embargo Ambiental (BPA) · Machadinho D'Oeste · Motivo: ART. 40 LEI FED. 9605/98 · Área embargada: 13.9 ha · BO: 3316700106","aprox":true}},{"type":"Feature","geometry":{"type":"Point","coordinates":[-62.00289,-9.44811]},"properties":{"id":"SEDAM (RO):3315500058","orgao":"SEDAM (RO)","uf":"RO","ano":2024,"categoria":"embargo","tipo":"Embargo Ambiental — ART. 40 LEI FED. 9605/98","empresa":"","municipio":"Machadinho D'Oeste","porte":null,"valor":null,"processo":"3315500058","link_oficial":"https://sigam.sedam.ro.gov.br/consulta/processo?termo=3315500058","resumo":"Embargo Ambiental (BPA) · Machadinho D'Oeste · Motivo: ART. 40 LEI FED. 9605/98 · Área embargada: 24.5 ha · BO: 3315500058","aprox":true}},{"type":"Feature","geometry":{"type":"Point","coordinates":[-61.98119,-9.443]},"properties":{"id":"SEDAM (RO):3316700105","orgao":"SEDAM (RO)","uf":"RO","ano":2024,"categoria":"embargo","tipo":"Embargo Ambiental — ART. 40 LEI FED. 9605/98","empresa":"","municipio":"Machadinho D'Oeste","porte":null,"valor":null,"processo":"3316700105","link_oficial":"https://sigam.sedam.ro.gov.br/consulta/processo?termo=3316700105","resumo":"Embargo Ambiental (BPA) · Machadinho D'Oeste · Motivo: ART. 40 LEI FED. 9605/98 · Área embargada: 20.1 ha · BO: 3316700105","aprox":true}},{"type":"Feature","geometry":{"type":"Point","coordinates":[-63.70036,-8.79466]},"properties":{"id":"SEDAM (RO):3319600113","orgao":"SEDAM (RO)","uf":"RO","ano":2024,"categoria":"embargo","tipo":"Embargo Ambiental — 33196000113","empresa":"","municipio":"Candeias Do Jamari","porte":null,"valor":null,"processo":"3319600113","link_oficial":"https://sigam.sedam.ro.gov.br/consulta/processo?termo=3319600113","resumo":"Embargo Ambiental (BPA) · Candeias Do Jamari · Motivo: 33196000113 · Área embargada: 3.1 ha · BO: 3319600113","aprox":true}},{"type":"Feature","geometry":{"type":"Point","coordinates":[-62.58223,-9.34566]},"properties":{"id":"SEDAM (RO):331710047","orgao":"SEDAM (RO)","uf":"RO","ano":2024,"categoria":"embargo","tipo":"Embargo Ambiental — Art 50","empresa":"","municipio":"Cujubim","porte":null,"valor":null,"processo":"331710047","link_oficial":"https://sigam.sedam.ro.gov.br/consulta/processo?termo=331710047","resumo":"Embargo Ambiental (BPA) · Cujubim · Motivo: Art 50 · Área embargada: 47.9 ha · BO: 331710047","aprox":true}},{"type":"Feature","geometry":{"type":"Point","coordinates":[-63.89799,-8.74994]},"properties":{"id":"SEDAM (RO):3309100129","orgao":"SEDAM (RO)","uf":"RO","ano":null,"categoria":"embargo","tipo":"Embargo Ambiental — Art. 50 da Lei Federal 9.605/1998","empresa":"","municipio":"Porto Velho","porte":null,"valor":null,"processo":"3309100129","link_oficial":"https://sigam.sedam.ro.gov.br/consulta/processo?termo=3309100129","resumo":"Embargo Ambiental (BPA) · Porto Velho · Motivo: Art. 50 da Lei Federal 9.605/1998 · Área embargada: 33.5 ha · BO: 3309100129","aprox":true}},{"type":"Feature","geometry":{"type":"Point","coordinates":[-62.58393,-9.36832]},"properties":{"id":"SEDAM (RO):3317100048","orgao":"SEDAM (RO)","uf":"RO","ano":2024,"categoria":"embargo","tipo":"Embargo Ambiental — Art 50","empresa":"","municipio":"Cujubim","porte":null,"valor":null,"processo":"3317100048","link_oficial":"https://sigam.sedam.ro.gov.br/consulta/processo?termo=3317100048","resumo":"Embargo Ambiental (BPA) · Cujubim · Motivo: Art 50 · Área embargada: 23.7 ha · BO: 3317100048","aprox":true}},{"type":"Feature","geometry":{"type":"Point","coordinates":[-65.3335,-10.40579]},"properties":{"id":"SEDAM (RO):3091000007","orgao":"SEDAM (RO)","uf":"RO","ano":2020,"categoria":"embargo","tipo":"Embargo Ambiental — Infração Ambiental","empresa":"","municipio":"Nova Mamore","porte":null,"valor":null,"processo":"3091000007","link_oficial":"https://sigam.sedam.ro.gov.br/consulta/processo?termo=3091000007","resumo":"Embargo Ambiental (BPA) · Nova Mamore · Motivo: Infração Ambiental · Área embargada: 58.0 ha · BO: 3091000007","aprox":true}},{"type":"Feature","geometry":{"type":"Point","coordinates":[-63.28937,-10.22777]},"properties":{"id":"SEDAM (RO):COP 3146000056","orgao":"SEDAM (RO)","uf":"RO","ano":2021,"categoria":"embargo","tipo":"Embargo Ambiental — ART. 50 DA LEI 9605/98","empresa":"","municipio":"Monte Negro","porte":null,"valor":null,"processo":"COP 3146000056","link_oficial":"https://sigam.sedam.ro.gov.br/consulta/processo?termo=COP%203146000056","resumo":"Embargo Ambiental (BPA) · Monte Negro · Motivo: ART. 50 DA LEI 9605/98 · Área embargada: 22.4 ha · BO: COP 3146000056","aprox":true}},{"type":"Feature","geometry":{"type":"Point","coordinates":[-65.34883,-10.40308]},"properties":{"id":"SEDAM (RO):3091000009","orgao":"SEDAM (RO)","uf":"RO","ano":2020,"categoria":"embargo","tipo":"Embargo Ambiental — Infração Ambiental","empresa":"","municipio":"Nova Mamoré","porte":null,"valor":null,"processo":"3091000009","link_oficial":"https://sigam.sedam.ro.gov.br/consulta/processo?termo=3091000009","resumo":"Embargo Ambiental (BPA) · Nova Mamoré · Motivo: Infração Ambiental · Área embargada: 15.9 ha · BO: 3091000009","aprox":true}},{"type":"Feature","geometry":{"type":"Point","coordinates":[-65.33313,-10.39724]},"properties":{"id":"SEDAM (RO):3091000010","orgao":"SEDAM (RO)","uf":"RO","ano":2020,"categoria":"embargo","tipo":"Embargo Ambiental — Infração Ambiental","empresa":"","municipio":"Nova Mamoré","porte":null,"valor":null,"processo":"3091000010","link_oficial":"https://sigam.sedam.ro.gov.br/consulta/processo?termo=3091000010","resumo":"Embargo Ambiental (BPA) · Nova Mamoré · Motivo: Infração Ambiental · Área embargada: 26.3 ha · BO: 3091000010","aprox":true}},{"type":"Feature","geometry":{"type":"Point","coordinates":[-65.33548,-10.40779]},"properties":{"id":"SEDAM (RO):3091000012","orgao":"SEDAM (RO)","uf":"RO","ano":2020,"categoria":"embargo","tipo":"Embargo Ambiental — Infração Ambiental","empresa":"","municipio":"Nova Mamoré","porte":null,"valor":null,"processo":"3091000012","link_oficial":"https://sigam.sedam.ro.gov.br/consulta/processo?termo=3091000012","resumo":"Embargo Ambiental (BPA) · Nova Mamoré · Motivo: Infração Ambiental · Área embargada: 51.0 ha · BO: 3091000012","aprox":true}},{"type":"Feature","geometry":{"type":"Point","coordinates":[-65.34279,-10.40175]},"properties":{"id":"SEDAM (RO):3091000014","orgao":"SEDAM (RO)","uf":"RO","ano":2020,"categoria":"embargo","tipo":"Embargo Ambiental — Infração Ambiental","empresa":"","municipio":"Nova Mamoré","porte":null,"valor":null,"processo":"3091000014","link_oficial":"https://sigam.sedam.ro.gov.br/consulta/processo?termo=3091000014","resumo":"Embargo Ambiental (BPA) · Nova Mamoré · Motivo: Infração Ambiental · Área embargada: 52.8 ha · BO: 3091000014","aprox":true}},{"type":"Feature","geometry":{"type":"Point","coordinates":[-65.34279,-10.40175]},"properties":{"id":"SEDAM (RO):3091000014","orgao":"SEDAM (RO)","uf":"RO","ano":2020,"categoria":"embargo","tipo":"Embargo Ambiental — Infração Ambiental","empresa":"","municipio":"Nova Mamoré","porte":null,"valor":null,"processo":"3091000014","link_oficial":"https://sigam.sedam.ro.gov.br/consulta/processo?termo=3091000014","resumo":"Embargo Ambiental (BPA) · Nova Mamoré · Motivo: Infração Ambiental · Área embargada: 127.5 ha · BO: 3091000014","aprox":true}},{"type":"Feature","geometry":{"type":"Point","coordinates":[-65.3383,-10.41641]},"properties":{"id":"SEDAM (RO):3091000015","orgao":"SEDAM (RO)","uf":"RO","ano":2020,"categoria":"embargo","tipo":"Embargo Ambiental — Infração Ambiental","empresa":"","municipio":"Nova Mamoré","porte":null,"valor":null,"processo":"3091000015","link_oficial":"https://sigam.sedam.ro.gov.br/consulta/processo?termo=3091000015","resumo":"Embargo Ambiental (BPA) · Nova Mamoré · Motivo: Infração Ambiental · Área embargada: 89.3 ha · BO: 3091000015","aprox":true}},{"type":"Feature","geometry":{"type":"Point","coordinates":[-65.32937,-10.41241]},"properties":{"id":"SEDAM (RO):3091000016","orgao":"SEDAM (RO)","uf":"RO","ano":2020,"categoria":"embargo","tipo":"Embargo Ambiental — Infração Ambiental","empresa":"","municipio":"Nova Mamoré","porte":null,"valor":null,"processo":"3091000016","link_oficial":"https://sigam.sedam.ro.gov.br/consulta/processo?termo=3091000016","resumo":"Embargo Ambiental (BPA) · Nova Mamoré · Motivo: Infração Ambiental · Área embargada: 7.4 ha · BO: 3091000016","aprox":true}},{"type":"Feature","geometry":{"type":"Point","coordinates":[-65.32937,-10.41241]},"properties":{"id":"SEDAM (RO):3091000016","orgao":"SEDAM (RO)","uf":"RO","ano":2020,"categoria":"embargo","tipo":"Embargo Ambiental — Infração Ambiental","empresa":"","municipio":"Nova Mamoré","porte":null,"valor":null,"processo":"3091000016","link_oficial":"https://sigam.sedam.ro.gov.br/consulta/processo?termo=3091000016","resumo":"Embargo Ambiental (BPA) · Nova Mamoré · Motivo: Infração Ambiental · Área embargada: 11.3 ha · BO: 3091000016","aprox":true}},{"type":"Feature","geometry":{"type":"Point","coordinates":[-65.32094,-10.41111]},"properties":{"id":"SEDAM (RO):3091000018","orgao":"SEDAM (RO)","uf":"RO","ano":2020,"categoria":"embargo","tipo":"Embargo Ambiental — Infração Ambiental","empresa":"","municipio":"Nova Mamoré","porte":null,"valor":null,"processo":"3091000018","link_oficial":"https://sigam.sedam.ro.gov.br/consulta/processo?termo=3091000018","resumo":"Embargo Ambiental (BPA) · Nova Mamoré · Motivo: Infração Ambiental · Área embargada: 19.9 ha · BO: 3091000018","aprox":true}},{"type":"Feature","geometry":{"type":"Point","coordinates":[-65.33071,-10.40381]},"properties":{"id":"SEDAM (RO):3091000017","orgao":"SEDAM (RO)","uf":"RO","ano":2020,"categoria":"embargo","tipo":"Embargo Ambiental — Infração Ambiental","empresa":"","municipio":"Nova Mamoré","porte":null,"valor":null,"processo":"3091000017","link_oficial":"https://sigam.sedam.ro.gov.br/consulta/processo?termo=3091000017","resumo":"Embargo Ambiental (BPA) · Nova Mamoré · Motivo: Infração Ambiental · Área embargada: 35.6 ha · BO: 3091000017","aprox":true}},{"type":"Feature","geometry":{"type":"Point","coordinates":[-63.70351,-8.78243]},"properties":{"id":"SEDAM (RO):3039200159","orgao":"SEDAM (RO)","uf":"RO","ano":2021,"categoria":"embargo","tipo":"Embargo Ambiental — ART. 50 DA LEI 9605/98","empresa":"","municipio":"Candeias Do Jamari","porte":null,"valor":null,"processo":"3039200159","link_oficial":"https://sigam.sedam.ro.gov.br/consulta/processo?termo=3039200159","resumo":"Embargo Ambiental (BPA) · Candeias Do Jamari · Motivo: ART. 50 DA LEI 9605/98 · Área embargada: 10.9 ha · BO: 3039200159","aprox":true}},{"type":"Feature","geometry":{"type":"Point","coordinates":[-65.33071,-10.40381]},"properties":{"id":"SEDAM (RO):3091000017","orgao":"SEDAM (RO)","uf":"RO","ano":2020,"categoria":"embargo","tipo":"Embargo Ambiental — Infração Ambiental","empresa":"","municipio":"Nova Mamoré","porte":null,"valor":null,"processo":"3091000017","link_oficial":"https://sigam.sedam.ro.gov.br/consulta/processo?termo=3091000017","resumo":"Embargo Ambiental (BPA) · Nova Mamoré · Motivo: Infração Ambiental · Área embargada: 35.6 ha · BO: 3091000017","aprox":true}},{"type":"Feature","geometry":{"type":"Point","coordinates":[-65.3522,-10.41049]},"properties":{"id":"SEDAM (RO):3091000019","orgao":"SEDAM (RO)","uf":"RO","ano":2020,"categoria":"embargo","tipo":"Embargo Ambiental — Infração Ambiental","empresa":"","municipio":"Nova Mamoré","porte":null,"valor":null,"processo":"3091000019","link_oficial":"https://sigam.sedam.ro.gov.br/consulta/processo?termo=3091000019","resumo":"Embargo Ambiental (BPA) · Nova Mamoré · Motivo: Infração Ambiental · Área embargada: 9.8 ha · BO: 3091000019","aprox":true}},{"type":"Feature","geometry":{"type":"Point","coordinates":[-65.3522,-10.41049]},"properties":{"id":"SEDAM (RO):3091000019","orgao":"SEDAM (RO)","uf":"RO","ano":2020,"categoria":"embargo","tipo":"Embargo Ambiental — Infração Ambiental","empresa":"","municipio":"Nova Mamoré","porte":null,"valor":null,"processo":"3091000019","link_oficial":"https://sigam.sedam.ro.gov.br/consulta/processo?termo=3091000019","resumo":"Embargo Ambiental (BPA) · Nova Mamoré · Motivo: Infração Ambiental · Área embargada: 8.6 ha · BO: 3091000019","aprox":true}},{"type":"Feature","geometry":{"type":"Point","coordinates":[-65.31887,-10.77174]},"properties":{"id":"SEDAM (RO):3091000020","orgao":"SEDAM (RO)","uf":"RO","ano":2020,"categoria":"embargo","tipo":"Embargo Ambiental — Infração Ambiental","empresa":"","municipio":"Guajará-Mirim","porte":null,"valor":null,"processo":"3091000020","link_oficial":"https://sigam.sedam.ro.gov.br/consulta/processo?termo=3091000020","resumo":"Embargo Ambiental (BPA) · Guajará-Mirim · Motivo: Infração Ambiental · Área embargada: 16.2 ha · BO: 3091000020","aprox":true}},{"type":"Feature","geometry":{"type":"Point","coordinates":[-65.31887,-10.77174]},"properties":{"id":"SEDAM (RO):3091000020","orgao":"SEDAM (RO)","uf":"RO","ano":2020,"categoria":"embargo","tipo":"Embargo Ambiental — Infração Ambiental","empresa":"","municipio":"Guajará-Mirim","porte":null,"valor":null,"processo":"3091000020","link_oficial":"https://sigam.sedam.ro.gov.br/consulta/processo?termo=3091000020","resumo":"Embargo Ambiental (BPA) · Guajará-Mirim · Motivo: Infração Ambiental · Área embargada: 13.5 ha · BO: 3091000020","aprox":true}},{"type":"Feature","geometry":{"type":"Point","coordinates":[-65.33612,-10.42214]},"properties":{"id":"SEDAM (RO):BO COP 3032100210","orgao":"SEDAM (RO)","uf":"RO","ano":2020,"categoria":"embargo","tipo":"Embargo Ambiental — Infração Ambiental","empresa":"","municipio":"Nova Mamoré","porte":null,"valor":null,"processo":"BO COP 3032100210","link_oficial":"https://sigam.sedam.ro.gov.br/consulta/processo?termo=BO%20COP%203032100210","resumo":"Embargo Ambiental (BPA) · Nova Mamoré · Motivo: Infração Ambiental · Área embargada: 20.8 ha · BO: BO COP 3032100210","aprox":true}},{"type":"Feature","geometry":{"type":"Point","coordinates":[-60.81782,-13.1853]},"properties":{"id":"SEDAM (RO):3145400076","orgao":"SEDAM (RO)","uf":"RO","ano":2021,"categoria":"embargo","tipo":"Embargo Ambiental — Infração Ambiental","empresa":"","municipio":"Cerejeiras","porte":null,"valor":null,"processo":"3145400076","link_oficial":"https://sigam.sedam.ro.gov.br/consulta/processo?termo=3145400076","resumo":"Embargo Ambiental (BPA) · Cerejeiras · Motivo: Infração Ambiental · Área embargada: 3.3 ha · BO: 3145400076","aprox":true}},{"type":"Feature","geometry":{"type":"Point","coordinates":[-60.82508,-13.17561]},"properties":{"id":"SEDAM (RO):048-2021-MBS","orgao":"SEDAM (RO)","uf":"RO","ano":2021,"categoria":"embargo","tipo":"Embargo Ambiental — Infração Ambiental","empresa":"","municipio":"Cerejeiras","porte":null,"valor":null,"processo":"048-2021-MBS","link_oficial":"https://sigam.sedam.ro.gov.br/consulta/processo?termo=048-2021-MBS","resumo":"Embargo Ambiental (BPA) · Cerejeiras · Motivo: Infração Ambiental · Área embargada: 1.0 ha · BO: 048-2021-MBS","aprox":true}},{"type":"Feature","geometry":{"type":"Point","coordinates":[-60.81546,-13.19279]},"properties":{"id":"SEDAM (RO):3045400079","orgao":"SEDAM (RO)","uf":"RO","ano":2021,"categoria":"embargo","tipo":"Embargo Ambiental — Infração Ambiental","empresa":"","municipio":"Cerejeiras","porte":null,"valor":null,"processo":"3045400079","link_oficial":"https://sigam.sedam.ro.gov.br/consulta/processo?termo=3045400079","resumo":"Embargo Ambiental (BPA) · Cerejeiras · Motivo: Infração Ambiental · Área embargada: 5.4 ha · BO: 3045400079","aprox":true}},{"type":"Feature","geometry":{"type":"Point","coordinates":[-65.34033,-10.42056]},"properties":{"id":"SEDAM (RO):3146000145 COP","orgao":"SEDAM (RO)","uf":"RO","ano":2022,"categoria":"embargo","tipo":"Embargo Ambiental — Infração Ambiental","empresa":"","municipio":"Nova Mamoré","porte":null,"valor":null,"processo":"3146000145 COP","link_oficial":"https://sigam.sedam.ro.gov.br/consulta/processo?termo=3146000145%20COP","resumo":"Embargo Ambiental (BPA) · Nova Mamoré · Motivo: Infração Ambiental · Área embargada: 33.6 ha · BO: 3146000145 COP","aprox":true}},{"type":"Feature","geometry":{"type":"Point","coordinates":[-60.82506,-13.18078]},"properties":{"id":"SEDAM (RO):050-2021-MBS","orgao":"SEDAM (RO)","uf":"RO","ano":2021,"categoria":"embargo","tipo":"Embargo Ambiental — Infração Ambiental","empresa":"","municipio":"Cerejeiras","porte":null,"valor":null,"processo":"050-2021-MBS","link_oficial":"https://sigam.sedam.ro.gov.br/consulta/processo?termo=050-2021-MBS","resumo":"Embargo Ambiental (BPA) · Cerejeiras · Motivo: Infração Ambiental · Área embargada: 19.4 ha · BO: 050-2021-MBS","aprox":true}},{"type":"Feature","geometry":{"type":"Point","coordinates":[-60.81777,-13.19038]},"properties":{"id":"SEDAM (RO):3145400082","orgao":"SEDAM (RO)","uf":"RO","ano":2021,"categoria":"embargo","tipo":"Embargo Ambiental — Infração Ambiental","empresa":"","municipio":"Cerejeiras","porte":null,"valor":null,"processo":"3145400082","link_oficial":"https://sigam.sedam.ro.gov.br/consulta/processo?termo=3145400082","resumo":"Embargo Ambiental (BPA) · Cerejeiras · Motivo: Infração Ambiental · Área embargada: 10.6 ha · BO: 3145400082","aprox":true}},{"type":"Feature","geometry":{"type":"Point","coordinates":[-60.82535,-13.17875]},"properties":{"id":"SEDAM (RO):31454000080","orgao":"SEDAM (RO)","uf":"RO","ano":2021,"categoria":"embargo","tipo":"Embargo Ambiental — Infração Ambiental","empresa":"","municipio":"Cerejeiras","porte":null,"valor":null,"processo":"31454000080","link_oficial":"https://sigam.sedam.ro.gov.br/consulta/processo?termo=31454000080","resumo":"Embargo Ambiental (BPA) · Cerejeiras · Motivo: Infração Ambiental · Área embargada: 4.1 ha · BO: 31454000080","aprox":true}},{"type":"Feature","geometry":{"type":"Point","coordinates":[-65.33423,-10.41031]},"properties":{"id":"SEDAM (RO):3146800053","orgao":"SEDAM (RO)","uf":"RO","ano":2021,"categoria":"embargo","tipo":"Embargo Ambiental — Infração Ambiental","empresa":"","municipio":"Nova Mamoré","porte":null,"valor":null,"processo":"3146800053","link_oficial":"https://sigam.sedam.ro.gov.br/consulta/processo?termo=3146800053","resumo":"Embargo Ambiental (BPA) · Nova Mamoré · Motivo: Infração Ambiental · Área embargada: 19.4 ha · BO: 3146800053","aprox":true}},{"type":"Feature","geometry":{"type":"Point","coordinates":[-65.32965,-10.3915]},"properties":{"id":"SEDAM (RO):3146800056","orgao":"SEDAM (RO)","uf":"RO","ano":2021,"categoria":"embargo","tipo":"Embargo Ambiental — Infração Ambiental","empresa":"","municipio":"Nova Mamoré","porte":null,"valor":null,"processo":"3146800056","link_oficial":"https://sigam.sedam.ro.gov.br/consulta/processo?termo=3146800056","resumo":"Embargo Ambiental (BPA) · Nova Mamoré · Motivo: Infração Ambiental · Área embargada: 28.3 ha · BO: 3146800056","aprox":true}},{"type":"Feature","geometry":{"type":"Point","coordinates":[-65.32317,-10.4143]},"properties":{"id":"SEDAM (RO):3146800058","orgao":"SEDAM (RO)","uf":"RO","ano":2021,"categoria":"embargo","tipo":"Embargo Ambiental — Infração Ambiental","empresa":"","municipio":"Nova Mamoré","porte":null,"valor":null,"processo":"3146800058","link_oficial":"https://sigam.sedam.ro.gov.br/consulta/processo?termo=3146800058","resumo":"Embargo Ambiental (BPA) · Nova Mamoré · Motivo: Infração Ambiental · Área embargada: 23.5 ha · BO: 3146800058","aprox":true}},{"type":"Feature","geometry":{"type":"Point","coordinates":[-65.33854,-10.41654]},"properties":{"id":"SEDAM (RO):3146800054","orgao":"SEDAM (RO)","uf":"RO","ano":2021,"categoria":"embargo","tipo":"Embargo Ambiental — Infração Ambiental","empresa":"","municipio":"Nova Mamoré","porte":null,"valor":null,"processo":"3146800054","link_oficial":"https://sigam.sedam.ro.gov.br/consulta/processo?termo=3146800054","resumo":"Embargo Ambiental (BPA) · Nova Mamoré · Motivo: Infração Ambiental · Área embargada: 9.7 ha · BO: 3146800054","aprox":true}},{"type":"Feature","geometry":{"type":"Point","coordinates":[-65.33314,-10.41114]},"properties":{"id":"SEDAM (RO):3146800059","orgao":"SEDAM (RO)","uf":"RO","ano":2021,"categoria":"embargo","tipo":"Embargo Ambiental — Infração Ambiental","empresa":"","municipio":"Nova Mamoré","porte":null,"valor":null,"processo":"3146800059","link_oficial":"https://sigam.sedam.ro.gov.br/consulta/processo?termo=3146800059","resumo":"Embargo Ambiental (BPA) · Nova Mamoré · Motivo: Infração Ambiental · Área embargada: 18.4 ha · BO: 3146800059","aprox":true}},{"type":"Feature","geometry":{"type":"Point","coordinates":[-65.32577,-10.42664]},"properties":{"id":"SEDAM (RO):3146800060","orgao":"SEDAM (RO)","uf":"RO","ano":2021,"categoria":"embargo","tipo":"Embargo Ambiental — Infração Ambiental","empresa":"","municipio":"Nova Mamoré","porte":null,"valor":null,"processo":"3146800060","link_oficial":"https://sigam.sedam.ro.gov.br/consulta/processo?termo=3146800060","resumo":"Embargo Ambiental (BPA) · Nova Mamoré · Motivo: Infração Ambiental · Área embargada: 54.3 ha · BO: 3146800060","aprox":true}},{"type":"Feature","geometry":{"type":"Point","coordinates":[-65.3291,-10.39817]},"properties":{"id":"SEDAM (RO):3146800063","orgao":"SEDAM (RO)","uf":"RO","ano":2021,"categoria":"embargo","tipo":"Embargo Ambiental — Infração Ambiental","empresa":"","municipio":"Nova Mamoré","porte":null,"valor":null,"processo":"3146800063","link_oficial":"https://sigam.sedam.ro.gov.br/consulta/processo?termo=3146800063","resumo":"Embargo Ambiental (BPA) · Nova Mamoré · Motivo: Infração Ambiental · Área embargada: 31.2 ha · BO: 3146800063","aprox":true}},{"type":"Feature","geometry":{"type":"Point","coordinates":[-63.29762,-9.71689]},"properties":{"id":"SEDAM (RO):COP 3143800046","orgao":"SEDAM (RO)","uf":"RO","ano":2021,"categoria":"embargo","tipo":"Embargo Ambiental — ART. 50 DA LEI 9605/98","empresa":"","municipio":"Alto Paraiso","porte":null,"valor":null,"processo":"COP 3143800046","link_oficial":"https://sigam.sedam.ro.gov.br/consulta/processo?termo=COP%203143800046","resumo":"Embargo Ambiental (BPA) · Alto Paraiso · Motivo: ART. 50 DA LEI 9605/98 · Área embargada: 53.1 ha · BO: COP 3143800046","aprox":true}},{"type":"Feature","geometry":{"type":"Point","coordinates":[-65.3464,-10.3978]},"properties":{"id":"SEDAM (RO):3146800062","orgao":"SEDAM (RO)","uf":"RO","ano":2021,"categoria":"embargo","tipo":"Embargo Ambiental — Infração Ambiental","empresa":"","municipio":"Nova Mamoré","porte":null,"valor":null,"processo":"3146800062","link_oficial":"https://sigam.sedam.ro.gov.br/consulta/processo?termo=3146800062","resumo":"Embargo Ambiental (BPA) · Nova Mamoré · Motivo: Infração Ambiental · Área embargada: 7.4 ha · BO: 3146800062","aprox":true}},{"type":"Feature","geometry":{"type":"Point","coordinates":[-65.33827,-10.4115]},"properties":{"id":"SEDAM (RO):3146800061","orgao":"SEDAM (RO)","uf":"RO","ano":2021,"categoria":"embargo","tipo":"Embargo Ambiental — Infração Ambiental","empresa":"","municipio":"Nova Mamoré","porte":null,"valor":null,"processo":"3146800061","link_oficial":"https://sigam.sedam.ro.gov.br/consulta/processo?termo=3146800061","resumo":"Embargo Ambiental (BPA) · Nova Mamoré · Motivo: Infração Ambiental · Área embargada: 21.6 ha · BO: 3146800061","aprox":true}},{"type":"Feature","geometry":{"type":"Point","coordinates":[-65.34516,-10.42122]},"properties":{"id":"SEDAM (RO):3146800051","orgao":"SEDAM (RO)","uf":"RO","ano":2021,"categoria":"embargo","tipo":"Embargo Ambiental — Infração Ambiental","empresa":"","municipio":"Nova Mamoré","porte":null,"valor":null,"processo":"3146800051","link_oficial":"https://sigam.sedam.ro.gov.br/consulta/processo?termo=3146800051","resumo":"Embargo Ambiental (BPA) · Nova Mamoré · Motivo: Infração Ambiental · Área embargada: 18.8 ha · BO: 3146800051","aprox":true}},{"type":"Feature","geometry":{"type":"Point","coordinates":[-65.32912,-10.40722]},"properties":{"id":"SEDAM (RO):3146800052","orgao":"SEDAM (RO)","uf":"RO","ano":2021,"categoria":"embargo","tipo":"Embargo Ambiental — Infração Ambiental","empresa":"","municipio":"Nova Mamoré","porte":null,"valor":null,"processo":"3146800052","link_oficial":"https://sigam.sedam.ro.gov.br/consulta/processo?termo=3146800052","resumo":"Embargo Ambiental (BPA) · Nova Mamoré · Motivo: Infração Ambiental · Área embargada: 11.4 ha · BO: 3146800052","aprox":true}},{"type":"Feature","geometry":{"type":"Point","coordinates":[-46.30834,-22.84048]},"properties":{"id":"SEDAM (RO):3017800046","orgao":"SEDAM (RO)","uf":"RO","ano":2021,"categoria":"embargo","tipo":"Embargo Ambiental — Infração Ambiental","empresa":"","municipio":"Extrema","porte":null,"valor":null,"processo":"3017800046","link_oficial":"https://sigam.sedam.ro.gov.br/consulta/processo?termo=3017800046","resumo":"Embargo Ambiental (BPA) · Extrema · Motivo: Infração Ambiental · Área embargada: 4.3 ha · BO: 3017800046","aprox":true}},{"type":"Feature","geometry":{"type":"Point","coordinates":[-65.31867,-10.39923]},"properties":{"id":"SEDAM (RO):3146800050","orgao":"SEDAM (RO)","uf":"RO","ano":2021,"categoria":"embargo","tipo":"Embargo Ambiental — Infração Ambiental","empresa":"","municipio":"Nova Mamoré","porte":null,"valor":null,"processo":"3146800050","link_oficial":"https://sigam.sedam.ro.gov.br/consulta/processo?termo=3146800050","resumo":"Embargo Ambiental (BPA) · Nova Mamoré · Motivo: Infração Ambiental · Área embargada: 35.8 ha · BO: 3146800050","aprox":true}},{"type":"Feature","geometry":{"type":"Point","coordinates":[-63.3398,-9.71208]},"properties":{"id":"SEDAM (RO):COP 3143800047","orgao":"SEDAM (RO)","uf":"RO","ano":2021,"categoria":"embargo","tipo":"Embargo Ambiental — ART. 50 DA LEI 9605/98","empresa":"","municipio":"Alto Paraiso","porte":null,"valor":null,"processo":"COP 3143800047","link_oficial":"https://sigam.sedam.ro.gov.br/consulta/processo?termo=COP%203143800047","resumo":"Embargo Ambiental (BPA) · Alto Paraiso · Motivo: ART. 50 DA LEI 9605/98 · Área embargada: 27.8 ha · BO: COP 3143800047","aprox":true}},{"type":"Feature","geometry":{"type":"Point","coordinates":[-46.32078,-22.85019]},"properties":{"id":"SEDAM (RO):3145900003","orgao":"SEDAM (RO)","uf":"RO","ano":2021,"categoria":"embargo","tipo":"Embargo Ambiental — Infração Ambiental","empresa":"","municipio":"Extrema","porte":null,"valor":null,"processo":"3145900003","link_oficial":"https://sigam.sedam.ro.gov.br/consulta/processo?termo=3145900003","resumo":"Embargo Ambiental (BPA) · Extrema · Motivo: Infração Ambiental · Área embargada: 20.9 ha · BO: 3145900003","aprox":true}},{"type":"Feature","geometry":{"type":"Point","coordinates":[-64.2342,-12.43896]},"properties":{"id":"SEDAM (RO):3315700089","orgao":"SEDAM (RO)","uf":"RO","ano":2024,"categoria":"embargo","tipo":"Embargo Ambiental — Infração Ambiental","empresa":"","municipio":"Costa Marques","porte":null,"valor":null,"processo":"3315700089","link_oficial":"https://sigam.sedam.ro.gov.br/consulta/processo?termo=3315700089","resumo":"Embargo Ambiental (BPA) · Costa Marques · Motivo: Infração Ambiental · Área embargada: 26.3 ha · BO: 3315700089","aprox":true}},{"type":"Feature","geometry":{"type":"Point","coordinates":[-64.2342,-12.43896]},"properties":{"id":"SEDAM (RO):3315700089","orgao":"SEDAM (RO)","uf":"RO","ano":2024,"categoria":"embargo","tipo":"Embargo Ambiental — Infração Ambiental","empresa":"","municipio":"Costa Marques","porte":null,"valor":null,"processo":"3315700089","link_oficial":"https://sigam.sedam.ro.gov.br/consulta/processo?termo=3315700089","resumo":"Embargo Ambiental (BPA) · Costa Marques · Motivo: Infração Ambiental · Área embargada: 70.5 ha · BO: 3315700089","aprox":true}},{"type":"Feature","geometry":{"type":"Point","coordinates":[-63.90488,-8.76309]},"properties":{"id":"SEDAM (RO):3309300073","orgao":"SEDAM (RO)","uf":"RO","ano":2024,"categoria":"embargo","tipo":"Embargo Ambiental — Infração Ambiental","empresa":"","municipio":"Porto Velho","porte":null,"valor":null,"processo":"3309300073","link_oficial":"https://sigam.sedam.ro.gov.br/consulta/processo?termo=3309300073","resumo":"Embargo Ambiental (BPA) · Porto Velho · Motivo: Infração Ambiental · Área embargada: 14.3 ha · BO: 3309300073","aprox":true}},{"type":"Feature","geometry":{"type":"Point","coordinates":[-63.90065,-8.73922]},"properties":{"id":"SEDAM (RO):3320000074","orgao":"SEDAM (RO)","uf":"RO","ano":2024,"categoria":"embargo","tipo":"Embargo Ambiental — Infração Ambiental","empresa":"","municipio":"Porto Velho","porte":null,"valor":null,"processo":"3320000074","link_oficial":"https://sigam.sedam.ro.gov.br/consulta/processo?termo=3320000074","resumo":"Embargo Ambiental (BPA) · Porto Velho · Motivo: Infração Ambiental · Área embargada: 2.6 ha · BO: 3320000074","aprox":true}},{"type":"Feature","geometry":{"type":"Point","coordinates":[-63.91478,-8.7464]},"properties":{"id":"SEDAM (RO):3320000075","orgao":"SEDAM (RO)","uf":"RO","ano":2024,"categoria":"embargo","tipo":"Embargo Ambiental — Infração Ambiental","empresa":"","municipio":"Porto Velho","porte":null,"valor":null,"processo":"3320000075","link_oficial":"https://sigam.sedam.ro.gov.br/consulta/processo?termo=3320000075","resumo":"Embargo Ambiental (BPA) · Porto Velho · Motivo: Infração Ambiental · Área embargada: 2.3 ha · BO: 3320000075","aprox":true}},{"type":"Feature","geometry":{"type":"Point","coordinates":[-63.91895,-8.75021]},"properties":{"id":"SEDAM (RO):3320000076","orgao":"SEDAM (RO)","uf":"RO","ano":2024,"categoria":"embargo","tipo":"Embargo Ambiental — Infração Ambiental","empresa":"","municipio":"Porto Velho","porte":null,"valor":null,"processo":"3320000076","link_oficial":"https://sigam.sedam.ro.gov.br/consulta/processo?termo=3320000076","resumo":"Embargo Ambiental (BPA) · Porto Velho · Motivo: Infração Ambiental · Área embargada: 3.6 ha · BO: 3320000076","aprox":true}},{"type":"Feature","geometry":{"type":"Point","coordinates":[-63.89668,-8.76801]},"properties":{"id":"SEDAM (RO):3320000086","orgao":"SEDAM (RO)","uf":"RO","ano":2024,"categoria":"embargo","tipo":"Embargo Ambiental — Infração Ambiental","empresa":"","municipio":"Porto Velho","porte":null,"valor":null,"processo":"3320000086","link_oficial":"https://sigam.sedam.ro.gov.br/consulta/processo?termo=3320000086","resumo":"Embargo Ambiental (BPA) · Porto Velho · Motivo: Infração Ambiental · Área embargada: 55.4 ha · BO: 3320000086","aprox":true}},{"type":"Feature","geometry":{"type":"Point","coordinates":[-63.89668,-8.76801]},"properties":{"id":"SEDAM (RO):3320000086","orgao":"SEDAM (RO)","uf":"RO","ano":2024,"categoria":"embargo","tipo":"Embargo Ambiental — Infração Ambiental","empresa":"","municipio":"Porto Velho","porte":null,"valor":null,"processo":"3320000086","link_oficial":"https://sigam.sedam.ro.gov.br/consulta/processo?termo=3320000086","resumo":"Embargo Ambiental (BPA) · Porto Velho · Motivo: Infração Ambiental · Área embargada: 127.5 ha · BO: 3320000086","aprox":true}},{"type":"Feature","geometry":{"type":"Point","coordinates":[-63.89668,-8.76801]},"properties":{"id":"SEDAM (RO):3320000086","orgao":"SEDAM (RO)","uf":"RO","ano":2024,"categoria":"embargo","tipo":"Embargo Ambiental — Infração Ambiental","empresa":"","municipio":"Porto Velho","porte":null,"valor":null,"processo":"3320000086","link_oficial":"https://sigam.sedam.ro.gov.br/consulta/processo?termo=3320000086","resumo":"Embargo Ambiental (BPA) · Porto Velho · Motivo: Infração Ambiental · Área embargada: 265.8 ha · BO: 3320000086","aprox":true}},{"type":"Feature","geometry":{"type":"Point","coordinates":[-63.90085,-8.76169]},"properties":{"id":"SEDAM (RO):3309100132","orgao":"SEDAM (RO)","uf":"RO","ano":null,"categoria":"embargo","tipo":"Embargo Ambiental — Art. 50 da Lei Federal 9.605/1998","empresa":"","municipio":"Porto Velho","porte":null,"valor":null,"processo":"3309100132","link_oficial":"https://sigam.sedam.ro.gov.br/consulta/processo?termo=3309100132","resumo":"Embargo Ambiental (BPA) · Porto Velho · Motivo: Art. 50 da Lei Federal 9.605/1998 · Área embargada: 43.7 ha · BO: 3309100132","aprox":true}},{"type":"Feature","geometry":{"type":"Point","coordinates":[-63.90245,-8.75803]},"properties":{"id":"SEDAM (RO):3309100131","orgao":"SEDAM (RO)","uf":"RO","ano":null,"categoria":"embargo","tipo":"Embargo Ambiental — Art. 50 da Lei Federal 9.605/1998","empresa":"","municipio":"Porto Velho","porte":null,"valor":null,"processo":"3309100131","link_oficial":"https://sigam.sedam.ro.gov.br/consulta/processo?termo=3309100131","resumo":"Embargo Ambiental (BPA) · Porto Velho · Motivo: Art. 50 da Lei Federal 9.605/1998 · Área embargada: 37.0 ha · BO: 3309100131","aprox":true}},{"type":"Feature","geometry":{"type":"Point","coordinates":[-63.89746,-8.7762]},"properties":{"id":"SEDAM (RO):3319600015","orgao":"SEDAM (RO)","uf":"RO","ano":2024,"categoria":"embargo","tipo":"Embargo Ambiental — Art 50","empresa":"","municipio":"Porto Velho","porte":null,"valor":null,"processo":"3319600015","link_oficial":"https://sigam.sedam.ro.gov.br/consulta/processo?termo=3319600015","resumo":"Embargo Ambiental (BPA) · Porto Velho · Motivo: Art 50 · Área embargada: 79.7 ha · BO: 3319600015","aprox":true}},{"type":"Feature","geometry":{"type":"Point","coordinates":[-63.90223,-8.75844]},"properties":{"id":"SEDAM (RO):33196000114","orgao":"SEDAM (RO)","uf":"RO","ano":2024,"categoria":"embargo","tipo":"Embargo Ambiental — Art 50","empresa":"","municipio":"Porto Velho","porte":null,"valor":null,"processo":"33196000114","link_oficial":"https://sigam.sedam.ro.gov.br/consulta/processo?termo=33196000114","resumo":"Embargo Ambiental (BPA) · Porto Velho · Motivo: Art 50 · Área embargada: 90.5 ha · BO: 33196000114","aprox":true}},{"type":"Feature","geometry":{"type":"Point","coordinates":[-63.69894,-8.7883]},"properties":{"id":"SEDAM (RO):3317100051","orgao":"SEDAM (RO)","uf":"RO","ano":2024,"categoria":"embargo","tipo":"Embargo Ambiental — Art 50","empresa":"","municipio":"Candeias Do Jamari","porte":null,"valor":null,"processo":"3317100051","link_oficial":"https://sigam.sedam.ro.gov.br/consulta/processo?termo=3317100051","resumo":"Embargo Ambiental (BPA) · Candeias Do Jamari · Motivo: Art 50 · Área embargada: 7.0 ha · BO: 3317100051","aprox":true}},{"type":"Feature","geometry":{"type":"Point","coordinates":[-62.00061,-11.92335]},"properties":{"id":"SEDAM (RO):3320400081","orgao":"SEDAM (RO)","uf":"RO","ano":2024,"categoria":"embargo","tipo":"Embargo Ambiental — Art 50 decreto federal 6514 de 2008","empresa":"","municipio":"Alta Floresta D'Oeste","porte":null,"valor":null,"processo":"3320400081","link_oficial":"https://sigam.sedam.ro.gov.br/consulta/processo?termo=3320400081","resumo":"Embargo Ambiental (BPA) · Alta Floresta D'Oeste · Motivo: Art 50 decreto federal 6514 de 2008 · Área embargada: 50.1 ha · BO: 3320400081","aprox":true}},{"type":"Feature","geometry":{"type":"Point","coordinates":[-63.89883,-8.76155]},"properties":{"id":"SEDAM (RO):TCO 3262400170","orgao":"SEDAM (RO)","uf":"RO","ano":null,"categoria":"embargo","tipo":"Embargo Ambiental — ART. 50 9605/98","empresa":"","municipio":"Porto Velho","porte":null,"valor":null,"processo":"TCO 3262400170","link_oficial":"https://sigam.sedam.ro.gov.br/consulta/processo?termo=TCO%203262400170","resumo":"Embargo Ambiental (BPA) · Porto Velho · Motivo: ART. 50 9605/98 · Área embargada: 86.1 ha · BO: TCO 3262400170","aprox":true}},{"type":"Feature","geometry":{"type":"Point","coordinates":[-63.90078,-8.75356]},"properties":{"id":"SEDAM (RO):TCO 3262400169","orgao":"SEDAM (RO)","uf":"RO","ano":null,"categoria":"embargo","tipo":"Embargo Ambiental — ART. 41 LEI 9605/98","empresa":"","municipio":"Porto Velho","porte":null,"valor":null,"processo":"TCO 3262400169","link_oficial":"https://sigam.sedam.ro.gov.br/consulta/processo?termo=TCO%203262400169","resumo":"Embargo Ambiental (BPA) · Porto Velho · Motivo: ART. 41 LEI 9605/98 · Área embargada: 1.5 ha · BO: TCO 3262400169","aprox":true}},{"type":"Feature","geometry":{"type":"Point","coordinates":[-63.9014,-8.7649]},"properties":{"id":"SEDAM (RO):3262400161","orgao":"SEDAM (RO)","uf":"RO","ano":null,"categoria":"embargo","tipo":"Embargo Ambiental — ART. 41 e 50 DA LEI 9605/98","empresa":"","municipio":"Porto Velho","porte":null,"valor":null,"processo":"3262400161","link_oficial":"https://sigam.sedam.ro.gov.br/consulta/processo?termo=3262400161","resumo":"Embargo Ambiental (BPA) · Porto Velho · Motivo: ART. 41 e 50 DA LEI 9605/98 · Área embargada: 3.6 ha · BO: 3262400161","aprox":true}},{"type":"Feature","geometry":{"type":"Point","coordinates":[-63.63507,-10.56384]},"properties":{"id":"SEDAM (RO):TCO 3143800049","orgao":"SEDAM (RO)","uf":"RO","ano":2021,"categoria":"embargo","tipo":"Embargo Ambiental — ART. 50 DA LEI 9605/98","empresa":"","municipio":"Campo Novo","porte":null,"valor":null,"processo":"TCO 3143800049","link_oficial":"https://sigam.sedam.ro.gov.br/consulta/processo?termo=TCO%203143800049","resumo":"Embargo Ambiental (BPA) · Campo Novo · Motivo: ART. 50 DA LEI 9605/98 · Área embargada: 3.0 ha · BO: TCO 3143800049","aprox":true}},{"type":"Feature","geometry":{"type":"Point","coordinates":[-63.89932,-8.75958]},"properties":{"id":"SEDAM (RO):COP 3262400167","orgao":"SEDAM (RO)","uf":"RO","ano":null,"categoria":"embargo","tipo":"Embargo Ambiental — ART. 50 LEI 9605/98","empresa":"","municipio":"Porto Velho","porte":null,"valor":null,"processo":"COP 3262400167","link_oficial":"https://sigam.sedam.ro.gov.br/consulta/processo?termo=COP%203262400167","resumo":"Embargo Ambiental (BPA) · Porto Velho · Motivo: ART. 50 LEI 9605/98 · Área embargada: 9.5 ha · BO: COP 3262400167","aprox":true}},{"type":"Feature","geometry":{"type":"Point","coordinates":[-63.89932,-8.75958]},"properties":{"id":"SEDAM (RO):COP 3262400167","orgao":"SEDAM (RO)","uf":"RO","ano":null,"categoria":"embargo","tipo":"Embargo Ambiental — ART. 50 LEI 9605/98","empresa":"","municipio":"Porto Velho","porte":null,"valor":null,"processo":"COP 3262400167","link_oficial":"https://sigam.sedam.ro.gov.br/consulta/processo?termo=COP%203262400167","resumo":"Embargo Ambiental (BPA) · Porto Velho · Motivo: ART. 50 LEI 9605/98 · Área embargada: 4.6 ha · BO: COP 3262400167","aprox":true}},{"type":"Feature","geometry":{"type":"Point","coordinates":[-63.89424,-8.76751]},"properties":{"id":"SEDAM (RO):TCO 3262400166","orgao":"SEDAM (RO)","uf":"RO","ano":null,"categoria":"embargo","tipo":"Embargo Ambiental — ART. 50 LEI 9605/98","empresa":"","municipio":"Porto Velho","porte":null,"valor":null,"processo":"TCO 3262400166","link_oficial":"https://sigam.sedam.ro.gov.br/consulta/processo?termo=TCO%203262400166","resumo":"Embargo Ambiental (BPA) · Porto Velho · Motivo: ART. 50 LEI 9605/98 · Área embargada: 7.9 ha · BO: TCO 3262400166","aprox":true}},{"type":"Feature","geometry":{"type":"Point","coordinates":[-63.68879,-8.7989]},"properties":{"id":"SEDAM (RO):3277601067","orgao":"SEDAM (RO)","uf":"RO","ano":null,"categoria":"embargo","tipo":"Embargo Ambiental — Art. 50 da Lei Federal 9605/98","empresa":"","municipio":"Candeias Do Jamari","porte":null,"valor":null,"processo":"3277601067","link_oficial":"https://sigam.sedam.ro.gov.br/consulta/processo?termo=3277601067","resumo":"Embargo Ambiental (BPA) · Candeias Do Jamari · Motivo: Art. 50 da Lei Federal 9605/98 · Área embargada: 20.9 ha · BO: 3277601067","aprox":true}},{"type":"Feature","geometry":{"type":"Point","coordinates":[-63.31925,-9.71477]},"properties":{"id":"SEDAM (RO):3319600116","orgao":"SEDAM (RO)","uf":"RO","ano":2024,"categoria":"embargo","tipo":"Embargo Ambiental — Art 50","empresa":"","municipio":"Alto Paraíso","porte":null,"valor":null,"processo":"3319600116","link_oficial":"https://sigam.sedam.ro.gov.br/consulta/processo?termo=3319600116","resumo":"Embargo Ambiental (BPA) · Alto Paraíso · Motivo: Art 50 · Área embargada: 25.4 ha · BO: 3319600116","aprox":true}},{"type":"Feature","geometry":{"type":"Point","coordinates":[-63.31638,-9.71433]},"properties":{"id":"SEDAM (RO):3319600117","orgao":"SEDAM (RO)","uf":"RO","ano":2024,"categoria":"embargo","tipo":"Embargo Ambiental — Infração Ambiental","empresa":"","municipio":"Alto Paraíso","porte":null,"valor":null,"processo":"3319600117","link_oficial":"https://sigam.sedam.ro.gov.br/consulta/processo?termo=3319600117","resumo":"Embargo Ambiental (BPA) · Alto Paraíso · Motivo: Infração Ambiental · Área embargada: 1.2 ha · BO: 3319600117","aprox":true}},{"type":"Feature","geometry":{"type":"Point","coordinates":[-63.62506,-10.57112]},"properties":{"id":"SEDAM (RO):TCO 3143800051","orgao":"SEDAM (RO)","uf":"RO","ano":2021,"categoria":"embargo","tipo":"Embargo Ambiental — ART. 50 DA LEI 9605/98","empresa":"","municipio":"Campo Novo De Rondônia","porte":null,"valor":null,"processo":"TCO 3143800051","link_oficial":"https://sigam.sedam.ro.gov.br/consulta/processo?termo=TCO%203143800051","resumo":"Embargo Ambiental (BPA) · Campo Novo De Rondônia · Motivo: ART. 50 DA LEI 9605/98 · Área embargada: 2.7 ha · BO: TCO 3143800051","aprox":true}},{"type":"Feature","geometry":{"type":"Point","coordinates":[-63.70439,-8.79459]},"properties":{"id":"SEDAM (RO):3145900460","orgao":"SEDAM (RO)","uf":"RO","ano":2024,"categoria":"embargo","tipo":"Embargo Ambiental — Art. 48 C/C Art. 41 Lei Fed. 9.605/98","empresa":"","municipio":"Candeias Do Jamari","porte":null,"valor":null,"processo":"3145900460","link_oficial":"https://sigam.sedam.ro.gov.br/consulta/processo?termo=3145900460","resumo":"Embargo Ambiental (BPA) · Candeias Do Jamari · Motivo: Art. 48 C/C Art. 41 Lei Fed. 9.605/98 · Área embargada: 45.1 ha · BO: 3145900460","aprox":true}},{"type":"Feature","geometry":{"type":"Point","coordinates":[-63.71485,-8.78576]},"properties":{"id":"SEDAM (RO):3145900461","orgao":"SEDAM (RO)","uf":"RO","ano":2024,"categoria":"embargo","tipo":"Embargo Ambiental — Art. 48 C/C Art. 41 Lei Fed. 9.605/98","empresa":"","municipio":"Candeias Do Jamari","porte":null,"valor":null,"processo":"3145900461","link_oficial":"https://sigam.sedam.ro.gov.br/consulta/processo?termo=3145900461","resumo":"Embargo Ambiental (BPA) · Candeias Do Jamari · Motivo: Art. 48 C/C Art. 41 Lei Fed. 9.605/98 · Área embargada: 19.8 ha · BO: 3145900461","aprox":true}},{"type":"Feature","geometry":{"type":"Point","coordinates":[-62.2852,-11.35575]},"properties":{"id":"SEDAM (RO):331030022","orgao":"SEDAM (RO)","uf":"RO","ano":null,"categoria":"embargo","tipo":"Embargo Ambiental — Art. 41 da Lei Federal 9.605/1998","empresa":"","municipio":"Alvorada D'Oeste","porte":null,"valor":null,"processo":"331030022","link_oficial":"https://sigam.sedam.ro.gov.br/consulta/processo?termo=331030022","resumo":"Embargo Ambiental (BPA) · Alvorada D'Oeste · Motivo: Art. 41 da Lei Federal 9.605/1998 · Área embargada: 2.7 ha · BO: 331030022","aprox":true}},{"type":"Feature","geometry":{"type":"Point","coordinates":[-62.28187,-11.34293]},"properties":{"id":"SEDAM (RO):3310300226","orgao":"SEDAM (RO)","uf":"RO","ano":null,"categoria":"embargo","tipo":"Embargo Ambiental — Art. 50 da Lei Federal 9.605/1998","empresa":"","municipio":"Alvorada D'Oeste","porte":null,"valor":null,"processo":"3310300226","link_oficial":"https://sigam.sedam.ro.gov.br/consulta/processo?termo=3310300226","resumo":"Embargo Ambiental (BPA) · Alvorada D'Oeste · Motivo: Art. 50 da Lei Federal 9.605/1998 · Área embargada: 4.4 ha · BO: 3310300226","aprox":true}},{"type":"Feature","geometry":{"type":"Point","coordinates":[-62.28187,-11.34293]},"properties":{"id":"SEDAM (RO):3310300226","orgao":"SEDAM (RO)","uf":"RO","ano":null,"categoria":"embargo","tipo":"Embargo Ambiental — Art. 41 da Lei Federal 9.605/1998","empresa":"","municipio":"Alvorada D'Oeste","porte":null,"valor":null,"processo":"3310300226","link_oficial":"https://sigam.sedam.ro.gov.br/consulta/processo?termo=3310300226","resumo":"Embargo Ambiental (BPA) · Alvorada D'Oeste · Motivo: Art. 41 da Lei Federal 9.605/1998 · Área embargada: 0.5 ha · BO: 3310300226","aprox":true}},{"type":"Feature","geometry":{"type":"Point","coordinates":[-62.28294,-11.34624]},"properties":{"id":"SEDAM (RO):3310300227","orgao":"SEDAM (RO)","uf":"RO","ano":null,"categoria":"embargo","tipo":"Embargo Ambiental — Art. 50 da Lei Federal 9.605/1998","empresa":"","municipio":"Alvorada D'Oeste","porte":null,"valor":null,"processo":"3310300227","link_oficial":"https://sigam.sedam.ro.gov.br/consulta/processo?termo=3310300227","resumo":"Embargo Ambiental (BPA) · Alvorada D'Oeste · Motivo: Art. 50 da Lei Federal 9.605/1998 · Área embargada: 6.3 ha · BO: 3310300227","aprox":true}},{"type":"Feature","geometry":{"type":"Point","coordinates":[-63.68001,-8.78559]},"properties":{"id":"SEDAM (RO):3317200151","orgao":"SEDAM (RO)","uf":"RO","ano":2024,"categoria":"embargo","tipo":"Embargo Ambiental — ART. 50 C/C ART. 41 DA LEI FED. 9605/98","empresa":"","municipio":"Candeias Do Jamari","porte":null,"valor":null,"processo":"3317200151","link_oficial":"https://sigam.sedam.ro.gov.br/consulta/processo?termo=3317200151","resumo":"Embargo Ambiental (BPA) · Candeias Do Jamari · Motivo: ART. 50 C/C ART. 41 DA LEI FED. 9605/98 · Área embargada: 1.8 ha · BO: 3317200151","aprox":true}},{"type":"Feature","geometry":{"type":"Point","coordinates":[-62.5859,-9.3581]},"properties":{"id":"SEDAM (RO):3316000133","orgao":"SEDAM (RO)","uf":"RO","ano":2024,"categoria":"embargo","tipo":"Embargo Ambiental — art. 50 Lei Fed. 9.605/98","empresa":"","municipio":"Cujubim","porte":null,"valor":null,"processo":"3316000133","link_oficial":"https://sigam.sedam.ro.gov.br/consulta/processo?termo=3316000133","resumo":"Embargo Ambiental (BPA) · Cujubim · Motivo: art. 50 Lei Fed. 9.605/98 · Área embargada: 62.7 ha · BO: 3316000133","aprox":true}},{"type":"Feature","geometry":{"type":"Point","coordinates":[-63.89465,-8.76022]},"properties":{"id":"SEDAM (RO):PM96458-241126-1245","orgao":"SEDAM (RO)","uf":"RO","ano":2024,"categoria":"embargo","tipo":"Embargo Ambiental — Infração Ambiental","empresa":"","municipio":"Porto Velho","porte":null,"valor":null,"processo":"PM96458-241126-1245","link_oficial":"https://sigam.sedam.ro.gov.br/consulta/processo?termo=PM96458-241126-1245","resumo":"Embargo Ambiental (BPA) · Porto Velho · Motivo: Infração Ambiental · Área embargada: 21.2 ha · BO: PM96458-241126-1245","aprox":true}},{"type":"Feature","geometry":{"type":"Point","coordinates":[-61.9812,-9.46078]},"properties":{"id":"SEDAM (RO):3310300231","orgao":"SEDAM (RO)","uf":"RO","ano":null,"categoria":"embargo","tipo":"Embargo Ambiental — Art. 38 da Lei Federal 9.605/1998","empresa":"","municipio":"Machadinho D'Oeste","porte":null,"valor":null,"processo":"3310300231","link_oficial":"https://sigam.sedam.ro.gov.br/consulta/processo?termo=3310300231","resumo":"Embargo Ambiental (BPA) · Machadinho D'Oeste · Motivo: Art. 38 da Lei Federal 9.605/1998 · Área embargada: 1.4 ha · BO: 3310300231","aprox":true}},{"type":"Feature","geometry":{"type":"Point","coordinates":[-63.64479,-10.56598]},"properties":{"id":"SEDAM (RO):TCO 3143800053","orgao":"SEDAM (RO)","uf":"RO","ano":2021,"categoria":"embargo","tipo":"Embargo Ambiental — ART. 50 DA LEI 9605/98","empresa":"","municipio":"Campo Novo De Rondônia","porte":null,"valor":null,"processo":"TCO 3143800053","link_oficial":"https://sigam.sedam.ro.gov.br/consulta/processo?termo=TCO%203143800053","resumo":"Embargo Ambiental (BPA) · Campo Novo De Rondônia · Motivo: ART. 50 DA LEI 9605/98 · Área embargada: 17.1 ha · BO: TCO 3143800053","aprox":true}},{"type":"Feature","geometry":{"type":"Point","coordinates":[-61.9812,-9.46078]},"properties":{"id":"SEDAM (RO):3310300231","orgao":"SEDAM (RO)","uf":"RO","ano":null,"categoria":"embargo","tipo":"Embargo Ambiental — Art. 50 da Lei Federal 9.605/1998","empresa":"","municipio":"Machadinho D'Oeste","porte":null,"valor":null,"processo":"3310300231","link_oficial":"https://sigam.sedam.ro.gov.br/consulta/processo?termo=3310300231","resumo":"Embargo Ambiental (BPA) · Machadinho D'Oeste · Motivo: Art. 50 da Lei Federal 9.605/1998 · Área embargada: 9.4 ha · BO: 3310300231","aprox":true}},{"type":"Feature","geometry":{"type":"Point","coordinates":[-62.18612,-9.86699]},"properties":{"id":"SEDAM (RO):3318800137","orgao":"SEDAM (RO)","uf":"RO","ano":null,"categoria":"embargo","tipo":"Embargo Ambiental — ART. 60 DA LEI FEDERAL 9.606/98","empresa":"","municipio":"Vale Do Anari","porte":null,"valor":null,"processo":"3318800137","link_oficial":"https://sigam.sedam.ro.gov.br/consulta/processo?termo=3318800137","resumo":"Embargo Ambiental (BPA) · Vale Do Anari · Motivo: ART. 60 DA LEI FEDERAL 9.606/98 · Área embargada: 0.2 ha · BO: 3318800137","aprox":true}},{"type":"Feature","geometry":{"type":"Point","coordinates":[-61.06139,-13.46586]},"properties":{"id":"SEDAM (RO):3320900081","orgao":"SEDAM (RO)","uf":"RO","ano":2024,"categoria":"embargo","tipo":"Embargo Ambiental — Infração Ambiental","empresa":"","municipio":"Pimenteiras Do Oeste","porte":null,"valor":null,"processo":"3320900081","link_oficial":"https://sigam.sedam.ro.gov.br/consulta/processo?termo=3320900081","resumo":"Embargo Ambiental (BPA) · Pimenteiras Do Oeste · Motivo: Infração Ambiental · Área embargada: 46.1 ha · BO: 3320900081","aprox":true}},{"type":"Feature","geometry":{"type":"Point","coordinates":[-60.53918,-13.49653]},"properties":{"id":"SEDAM (RO):3320900080","orgao":"SEDAM (RO)","uf":"RO","ano":2024,"categoria":"embargo","tipo":"Embargo Ambiental — Infração Ambiental","empresa":"","municipio":"Cabixi","porte":null,"valor":null,"processo":"3320900080","link_oficial":"https://sigam.sedam.ro.gov.br/consulta/processo?termo=3320900080","resumo":"Embargo Ambiental (BPA) · Cabixi · Motivo: Infração Ambiental · Área embargada: 37.2 ha · BO: 3320900080","aprox":true}},{"type":"Feature","geometry":{"type":"Point","coordinates":[-60.15608,-12.75723]},"properties":{"id":"SEDAM (RO):084946-028-2024","orgao":"SEDAM (RO)","uf":"RO","ano":2024,"categoria":"embargo","tipo":"Embargo Ambiental — Infração Ambiental","empresa":"","municipio":"Vilhena","porte":null,"valor":null,"processo":"084946-028-2024","link_oficial":"https://sigam.sedam.ro.gov.br/consulta/processo?termo=084946-028-2024","resumo":"Embargo Ambiental (BPA) · Vilhena · Motivo: Infração Ambiental · Área embargada: 24.3 ha · BO: 084946-028-2024","aprox":true}},{"type":"Feature","geometry":{"type":"Point","coordinates":[-61.99164,-11.93033]},"properties":{"id":"SEDAM (RO):084946-029-2024","orgao":"SEDAM (RO)","uf":"RO","ano":2024,"categoria":"embargo","tipo":"Embargo Ambiental — Infração Ambiental","empresa":"","municipio":"Alta Floresta D'Oeste","porte":null,"valor":null,"processo":"084946-029-2024","link_oficial":"https://sigam.sedam.ro.gov.br/consulta/processo?termo=084946-029-2024","resumo":"Embargo Ambiental (BPA) · Alta Floresta D'Oeste · Motivo: Infração Ambiental · Área embargada: 27.8 ha · BO: 084946-029-2024","aprox":true}},{"type":"Feature","geometry":{"type":"Point","coordinates":[-62.0037,-11.91755]},"properties":{"id":"SEDAM (RO):3320900098","orgao":"SEDAM (RO)","uf":"RO","ano":2024,"categoria":"embargo","tipo":"Embargo Ambiental — Infração Ambiental","empresa":"","municipio":"Alta Floresta D'Oeste","porte":null,"valor":null,"processo":"3320900098","link_oficial":"https://sigam.sedam.ro.gov.br/consulta/processo?termo=3320900098","resumo":"Embargo Ambiental (BPA) · Alta Floresta D'Oeste · Motivo: Infração Ambiental · Área embargada: 31.2 ha · BO: 3320900098","aprox":true}},{"type":"Feature","geometry":{"type":"Point","coordinates":[-62.27622,-11.35641]},"properties":{"id":"SEDAM (RO):3310300232","orgao":"SEDAM (RO)","uf":"RO","ano":null,"categoria":"embargo","tipo":"Embargo Ambiental — Art. 50 e 41 da Lei Federal 9.605/1998","empresa":"","municipio":"Alvorada D'Oeste","porte":null,"valor":null,"processo":"3310300232","link_oficial":"https://sigam.sedam.ro.gov.br/consulta/processo?termo=3310300232","resumo":"Embargo Ambiental (BPA) · Alvorada D'Oeste · Motivo: Art. 50 e 41 da Lei Federal 9.605/1998 · Área embargada: 4.7 ha · BO: 3310300232","aprox":true}},{"type":"Feature","geometry":{"type":"Point","coordinates":[-62.27622,-11.35641]},"properties":{"id":"SEDAM (RO):3310300232","orgao":"SEDAM (RO)","uf":"RO","ano":null,"categoria":"embargo","tipo":"Embargo Ambiental — Art. 50 e 41 da Lei Federal 9.605/1998","empresa":"","municipio":"Alvorada D'Oeste","porte":null,"valor":null,"processo":"3310300232","link_oficial":"https://sigam.sedam.ro.gov.br/consulta/processo?termo=3310300232","resumo":"Embargo Ambiental (BPA) · Alvorada D'Oeste · Motivo: Art. 50 e 41 da Lei Federal 9.605/1998 · Área embargada: 10.6 ha · BO: 3310300232","aprox":true}},{"type":"Feature","geometry":{"type":"Point","coordinates":[-63.90905,-8.76206]},"properties":{"id":"SEDAM (RO):COP 3146200283","orgao":"SEDAM (RO)","uf":"RO","ano":2024,"categoria":"embargo","tipo":"Embargo Ambiental — Art. 50 da Lei Fed. 9.605/98","empresa":"","municipio":"Porto Velho","porte":null,"valor":null,"processo":"COP 3146200283","link_oficial":"https://sigam.sedam.ro.gov.br/consulta/processo?termo=COP%203146200283","resumo":"Embargo Ambiental (BPA) · Porto Velho · Motivo: Art. 50 da Lei Fed. 9.605/98 · Área embargada: 14.8 ha · BO: COP 3146200283","aprox":true}},{"type":"Feature","geometry":{"type":"Point","coordinates":[-63.63508,-10.58131]},"properties":{"id":"SEDAM (RO):COP 3143800053","orgao":"SEDAM (RO)","uf":"RO","ano":2021,"categoria":"embargo","tipo":"Embargo Ambiental — ART. 50 DA LEI 9605/98","empresa":"","municipio":"Campo Novo De Rondônia","porte":null,"valor":null,"processo":"COP 3143800053","link_oficial":"https://sigam.sedam.ro.gov.br/consulta/processo?termo=COP%203143800053","resumo":"Embargo Ambiental (BPA) · Campo Novo De Rondônia · Motivo: ART. 50 DA LEI 9605/98 · Área embargada: 5.8 ha · BO: COP 3143800053","aprox":true}},{"type":"Feature","geometry":{"type":"Point","coordinates":[-63.89424,-8.74434]},"properties":{"id":"SEDAM (RO):3146200285","orgao":"SEDAM (RO)","uf":"RO","ano":2024,"categoria":"embargo","tipo":"Embargo Ambiental — ART L50 LEI FED 9605/98","empresa":"","municipio":"Porto Velho","porte":null,"valor":null,"processo":"3146200285","link_oficial":"https://sigam.sedam.ro.gov.br/consulta/processo?termo=3146200285","resumo":"Embargo Ambiental (BPA) · Porto Velho · Motivo: ART L50 LEI FED 9605/98 · Área embargada: 11.1 ha · BO: 3146200285","aprox":true}},{"type":"Feature","geometry":{"type":"Point","coordinates":[-63.89077,-8.75063]},"properties":{"id":"SEDAM (RO):3146200284","orgao":"SEDAM (RO)","uf":"RO","ano":2024,"categoria":"embargo","tipo":"Embargo Ambiental — ART L50 LEI FED 9605/98","empresa":"","municipio":"Porto Velho","porte":null,"valor":null,"processo":"3146200284","link_oficial":"https://sigam.sedam.ro.gov.br/consulta/processo?termo=3146200284","resumo":"Embargo Ambiental (BPA) · Porto Velho · Motivo: ART L50 LEI FED 9605/98 · Área embargada: 31.2 ha · BO: 3146200284","aprox":true}},{"type":"Feature","geometry":{"type":"Point","coordinates":[-62.00202,-11.93526]},"properties":{"id":"SEDAM (RO):3146300257","orgao":"SEDAM (RO)","uf":"RO","ano":2024,"categoria":"embargo","tipo":"Embargo Ambiental — -","empresa":"","municipio":"Alta Floresta D'Oeste","porte":null,"valor":null,"processo":"3146300257","link_oficial":"https://sigam.sedam.ro.gov.br/consulta/processo?termo=3146300257","resumo":"Embargo Ambiental (BPA) · Alta Floresta D'Oeste · Motivo: - · Área embargada: 174.9 ha · BO: 3146300257","aprox":true}},{"type":"Feature","geometry":{"type":"Point","coordinates":[-61.99589,-11.9286]},"properties":{"id":"SEDAM (RO):330900093","orgao":"SEDAM (RO)","uf":"RO","ano":2024,"categoria":"embargo","tipo":"Embargo Ambiental — -","empresa":"","municipio":"Alta Floresta D'Oeste","porte":null,"valor":null,"processo":"330900093","link_oficial":"https://sigam.sedam.ro.gov.br/consulta/processo?termo=330900093","resumo":"Embargo Ambiental (BPA) · Alta Floresta D'Oeste · Motivo: - · Área embargada: 5.4 ha · BO: 330900093","aprox":true}},{"type":"Feature","geometry":{"type":"Point","coordinates":[-63.91617,-8.76906]},"properties":{"id":"SEDAM (RO):3317600137","orgao":"SEDAM (RO)","uf":"RO","ano":2024,"categoria":"embargo","tipo":"Embargo Ambiental — ART.50/9605","empresa":"","municipio":"Porto Velho","porte":null,"valor":null,"processo":"3317600137","link_oficial":"https://sigam.sedam.ro.gov.br/consulta/processo?termo=3317600137","resumo":"Embargo Ambiental (BPA) · Porto Velho · Motivo: ART.50/9605 · Área embargada: 47.8 ha · BO: 3317600137","aprox":true}},{"type":"Feature","geometry":{"type":"Point","coordinates":[-63.32147,-9.69912]},"properties":{"id":"SEDAM (RO):3320700109","orgao":"SEDAM (RO)","uf":"RO","ano":null,"categoria":"embargo","tipo":"Embargo Ambiental — ART. 41 DA LEI FEDERAL 9.605/98","empresa":"","municipio":"Alto Paraiso","porte":null,"valor":null,"processo":"3320700109","link_oficial":"https://sigam.sedam.ro.gov.br/consulta/processo?termo=3320700109","resumo":"Embargo Ambiental (BPA) · Alto Paraiso · Motivo: ART. 41 DA LEI FEDERAL 9.605/98 · Área embargada: 11.9 ha · BO: 3320700109","aprox":true}},{"type":"Feature","geometry":{"type":"Point","coordinates":[-60.81852,-13.18955]},"properties":{"id":"SEDAM (RO):3145600231","orgao":"SEDAM (RO)","uf":"RO","ano":2024,"categoria":"embargo","tipo":"Embargo Ambiental — Infração Ambiental","empresa":"","municipio":"Cerejeiras - Ro","porte":null,"valor":null,"processo":"3145600231","link_oficial":"https://sigam.sedam.ro.gov.br/consulta/processo?termo=3145600231","resumo":"Embargo Ambiental (BPA) · Cerejeiras - Ro · Motivo: Infração Ambiental · Área embargada: 26.4 ha · BO: 3145600231","aprox":true}},{"type":"Feature","geometry":{"type":"Point","coordinates":[-61.04726,-13.48271]},"properties":{"id":"SEDAM (RO):3145400196","orgao":"SEDAM (RO)","uf":"RO","ano":2024,"categoria":"embargo","tipo":"Embargo Ambiental — Infração Ambiental","empresa":"","municipio":"Pimenteiras Do Oeste - Ro","porte":null,"valor":null,"processo":"3145400196","link_oficial":"https://sigam.sedam.ro.gov.br/consulta/processo?termo=3145400196","resumo":"Embargo Ambiental (BPA) · Pimenteiras Do Oeste - Ro · Motivo: Infração Ambiental · Área embargada: 0.0 ha · BO: 3145400196","aprox":true}},{"type":"Feature","geometry":{"type":"Point","coordinates":[-61.20483,-11.67643]},"properties":{"id":"SEDAM (RO):3143900201","orgao":"SEDAM (RO)","uf":"RO","ano":2024,"categoria":"embargo","tipo":"Embargo Ambiental — Infração Ambiental","empresa":"","municipio":"Pimenta Bueno - Ro","porte":null,"valor":null,"processo":"3143900201","link_oficial":"https://sigam.sedam.ro.gov.br/consulta/processo?termo=3143900201","resumo":"Embargo Ambiental (BPA) · Pimenta Bueno - Ro · Motivo: Infração Ambiental · Área embargada: 0.0 ha · BO: 3143900201","aprox":true}},{"type":"Feature","geometry":{"type":"Point","coordinates":[-63.70565,-8.79729]},"properties":{"id":"SEDAM (RO):3039200160","orgao":"SEDAM (RO)","uf":"RO","ano":2021,"categoria":"embargo","tipo":"Embargo Ambiental — ART. 50 DA LEI 9605/98","empresa":"","municipio":"Candeias Do Jamari","porte":null,"valor":null,"processo":"3039200160","link_oficial":"https://sigam.sedam.ro.gov.br/consulta/processo?termo=3039200160","resumo":"Embargo Ambiental (BPA) · Candeias Do Jamari · Motivo: ART. 50 DA LEI 9605/98 · Área embargada: 86.8 ha · BO: 3039200160","aprox":true}},{"type":"Feature","geometry":{"type":"Point","coordinates":[-61.21918,-11.6694]},"properties":{"id":"SEDAM (RO):3143900200","orgao":"SEDAM (RO)","uf":"RO","ano":2024,"categoria":"embargo","tipo":"Embargo Ambiental — Infração Ambiental","empresa":"","municipio":"Pimenta Bueno - Ro","porte":null,"valor":null,"processo":"3143900200","link_oficial":"https://sigam.sedam.ro.gov.br/consulta/processo?termo=3143900200","resumo":"Embargo Ambiental (BPA) · Pimenta Bueno - Ro · Motivo: Infração Ambiental · Área embargada: 1.1 ha · BO: 3143900200","aprox":true}},{"type":"Feature","geometry":{"type":"Point","coordinates":[-61.19427,-11.66603]},"properties":{"id":"SEDAM (RO):3143900202","orgao":"SEDAM (RO)","uf":"RO","ano":2024,"categoria":"embargo","tipo":"Embargo Ambiental — Infração Ambiental","empresa":"","municipio":"Pimenta Bueno - Ro","porte":null,"valor":null,"processo":"3143900202","link_oficial":"https://sigam.sedam.ro.gov.br/consulta/processo?termo=3143900202","resumo":"Embargo Ambiental (BPA) · Pimenta Bueno - Ro · Motivo: Infração Ambiental · Área embargada: 0.9 ha · BO: 3143900202","aprox":true}},{"type":"Feature","geometry":{"type":"Point","coordinates":[-60.81807,-13.18664]},"properties":{"id":"SEDAM (RO):3145600256","orgao":"SEDAM (RO)","uf":"RO","ano":2024,"categoria":"embargo","tipo":"Embargo Ambiental — Infração Ambiental","empresa":"","municipio":"Cerejeiras - Ro","porte":null,"valor":null,"processo":"3145600256","link_oficial":"https://sigam.sedam.ro.gov.br/consulta/processo?termo=3145600256","resumo":"Embargo Ambiental (BPA) · Cerejeiras - Ro · Motivo: Infração Ambiental · Área embargada: 48.0 ha · BO: 3145600256","aprox":true}},{"type":"Feature","geometry":{"type":"Point","coordinates":[-61.18657,-11.6654]},"properties":{"id":"SEDAM (RO):3145600262","orgao":"SEDAM (RO)","uf":"RO","ano":2024,"categoria":"embargo","tipo":"Embargo Ambiental — Infração Ambiental","empresa":"","municipio":"Pimenta Bueno - Ro","porte":null,"valor":null,"processo":"3145600262","link_oficial":"https://sigam.sedam.ro.gov.br/consulta/processo?termo=3145600262","resumo":"Embargo Ambiental (BPA) · Pimenta Bueno - Ro · Motivo: Infração Ambiental · Área embargada: 20.7 ha · BO: 3145600262","aprox":true}},{"type":"Feature","geometry":{"type":"Point","coordinates":[-61.6043,-12.17731]},"properties":{"id":"SEDAM (RO):3145600257","orgao":"SEDAM (RO)","uf":"RO","ano":2024,"categoria":"embargo","tipo":"Embargo Ambiental — Infração Ambiental","empresa":"","municipio":"Parecis - Ro","porte":null,"valor":null,"processo":"3145600257","link_oficial":"https://sigam.sedam.ro.gov.br/consulta/processo?termo=3145600257","resumo":"Embargo Ambiental (BPA) · Parecis - Ro · Motivo: Infração Ambiental · Área embargada: 138.2 ha · BO: 3145600257","aprox":true}},{"type":"Feature","geometry":{"type":"Point","coordinates":[-60.15866,-12.75106]},"properties":{"id":"SEDAM (RO):3145600259","orgao":"SEDAM (RO)","uf":"RO","ano":2024,"categoria":"embargo","tipo":"Embargo Ambiental — Infração Ambiental","empresa":"","municipio":"Vilhena - Ro","porte":null,"valor":null,"processo":"3145600259","link_oficial":"https://sigam.sedam.ro.gov.br/consulta/processo?termo=3145600259","resumo":"Embargo Ambiental (BPA) · Vilhena - Ro · Motivo: Infração Ambiental · Área embargada: 46.3 ha · BO: 3145600259","aprox":true}},{"type":"Feature","geometry":{"type":"Point","coordinates":[-63.91104,-8.77793]},"properties":{"id":"SEDAM (RO):3146200289","orgao":"SEDAM (RO)","uf":"RO","ano":2024,"categoria":"embargo","tipo":"Embargo Ambiental — Infração Ambiental","empresa":"","municipio":"Porto Velho","porte":null,"valor":null,"processo":"3146200289","link_oficial":"https://sigam.sedam.ro.gov.br/consulta/processo?termo=3146200289","resumo":"Embargo Ambiental (BPA) · Porto Velho · Motivo: Infração Ambiental · Área embargada: 30.9 ha · BO: 3146200289","aprox":true}},{"type":"Feature","geometry":{"type":"Point","coordinates":[-63.90783,-8.74808]},"properties":{"id":"SEDAM (RO):3317700126","orgao":"SEDAM (RO)","uf":"RO","ano":2024,"categoria":"embargo","tipo":"Embargo Ambiental — Infração Ambiental","empresa":"","municipio":"Porto Velho","porte":null,"valor":null,"processo":"3317700126","link_oficial":"https://sigam.sedam.ro.gov.br/consulta/processo?termo=3317700126","resumo":"Embargo Ambiental (BPA) · Porto Velho · Motivo: Infração Ambiental · Área embargada: 10.0 ha · BO: 3317700126","aprox":true}},{"type":"Feature","geometry":{"type":"Point","coordinates":[-63.17304,-9.18681]},"properties":{"id":"SEDAM (RO):3143800423","orgao":"SEDAM (RO)","uf":"RO","ano":2024,"categoria":"embargo","tipo":"Embargo Ambiental — Infração Ambiental","empresa":"","municipio":"Itapuã Do Oeste","porte":null,"valor":null,"processo":"3143800423","link_oficial":"https://sigam.sedam.ro.gov.br/consulta/processo?termo=3143800423","resumo":"Embargo Ambiental (BPA) · Itapuã Do Oeste · Motivo: Infração Ambiental · Área embargada: 48.5 ha · BO: 3143800423","aprox":true}},{"type":"Feature","geometry":{"type":"Point","coordinates":[-63.29381,-10.248]},"properties":{"id":"SEDAM (RO):3144600355","orgao":"SEDAM (RO)","uf":"RO","ano":2024,"categoria":"embargo","tipo":"Embargo Ambiental — Infração Ambiental","empresa":"","municipio":"Monte Negro","porte":null,"valor":null,"processo":"3144600355","link_oficial":"https://sigam.sedam.ro.gov.br/consulta/processo?termo=3144600355","resumo":"Embargo Ambiental (BPA) · Monte Negro · Motivo: Infração Ambiental · Área embargada: 7.4 ha · BO: 3144600355","aprox":true}},{"type":"Feature","geometry":{"type":"Point","coordinates":[-63.69646,-8.78846]},"properties":{"id":"SEDAM (RO):3039200161","orgao":"SEDAM (RO)","uf":"RO","ano":2021,"categoria":"embargo","tipo":"Embargo Ambiental — ART. 50 DA LEI 9605/98","empresa":"","municipio":"Candeias Do Jamari","porte":null,"valor":null,"processo":"3039200161","link_oficial":"https://sigam.sedam.ro.gov.br/consulta/processo?termo=3039200161","resumo":"Embargo Ambiental (BPA) · Candeias Do Jamari · Motivo: ART. 50 DA LEI 9605/98 · Área embargada: 37.2 ha · BO: 3039200161","aprox":true}},{"type":"Feature","geometry":{"type":"Point","coordinates":[-63.8846,-8.77033]},"properties":{"id":"SEDAM (RO):COP: 33119600140","orgao":"SEDAM (RO)","uf":"RO","ano":2024,"categoria":"embargo","tipo":"Embargo Ambiental — art. 50 lei fed. 9605/98","empresa":"","municipio":"Porto Velho","porte":null,"valor":null,"processo":"COP: 33119600140","link_oficial":"https://sigam.sedam.ro.gov.br/consulta/processo?termo=COP%3A%2033119600140","resumo":"Embargo Ambiental (BPA) · Porto Velho · Motivo: art. 50 lei fed. 9605/98 · Área embargada: 1.3 ha · BO: COP: 33119600140","aprox":true}},{"type":"Feature","geometry":{"type":"Point","coordinates":[-63.9098,-8.77792]},"properties":{"id":"SEDAM (RO):TCO: 3319600141","orgao":"SEDAM (RO)","uf":"RO","ano":2025,"categoria":"embargo","tipo":"Embargo Ambiental — Art. 48 Lei Fed. 9605/98","empresa":"","municipio":"Porto Velho","porte":null,"valor":null,"processo":"TCO: 3319600141","link_oficial":"https://sigam.sedam.ro.gov.br/consulta/processo?termo=TCO%3A%203319600141","resumo":"Embargo Ambiental (BPA) · Porto Velho · Motivo: Art. 48 Lei Fed. 9605/98 · Área embargada: 46.9 ha · BO: TCO: 3319600141","aprox":true}},{"type":"Feature","geometry":{"type":"Point","coordinates":[-62.90295,-10.35177]},"properties":{"id":"SEDAM (RO):3316300088","orgao":"SEDAM (RO)","uf":"RO","ano":2024,"categoria":"embargo","tipo":"Embargo Ambiental — Infração Ambiental","empresa":"","municipio":"Cacaulândia","porte":null,"valor":null,"processo":"3316300088","link_oficial":"https://sigam.sedam.ro.gov.br/consulta/processo?termo=3316300088","resumo":"Embargo Ambiental (BPA) · Cacaulândia · Motivo: Infração Ambiental · Área embargada: 8.1 ha · BO: 3316300088","aprox":true}},{"type":"Feature","geometry":{"type":"Point","coordinates":[-63.28027,-10.24859]},"properties":{"id":"SEDAM (RO):3320100111","orgao":"SEDAM (RO)","uf":"RO","ano":2024,"categoria":"embargo","tipo":"Embargo Ambiental — Art. 50 Lei Fed. 9605/98","empresa":"","municipio":"Monte Negro","porte":null,"valor":null,"processo":"3320100111","link_oficial":"https://sigam.sedam.ro.gov.br/consulta/processo?termo=3320100111","resumo":"Embargo Ambiental (BPA) · Monte Negro · Motivo: Art. 50 Lei Fed. 9605/98 · Área embargada: 19.8 ha · BO: 3320100111","aprox":true}},{"type":"Feature","geometry":{"type":"Point","coordinates":[-62.5764,-9.37236]},"properties":{"id":"SEDAM (RO):3317500084","orgao":"SEDAM (RO)","uf":"RO","ano":2024,"categoria":"embargo","tipo":"Embargo Ambiental — Infração Ambiental","empresa":"","municipio":"Cujubim","porte":null,"valor":null,"processo":"3317500084","link_oficial":"https://sigam.sedam.ro.gov.br/consulta/processo?termo=3317500084","resumo":"Embargo Ambiental (BPA) · Cujubim · Motivo: Infração Ambiental · Área embargada: 8.3 ha · BO: 3317500084","aprox":true}},{"type":"Feature","geometry":{"type":"Point","coordinates":[-61.93503,-10.87433]},"properties":{"id":"SEDAM (RO):3310300243","orgao":"SEDAM (RO)","uf":"RO","ano":null,"categoria":"embargo","tipo":"Embargo Ambiental — ART. 50 LEI 9605/1998","empresa":"","municipio":"Ji-Paraná","porte":null,"valor":null,"processo":"3310300243","link_oficial":"https://sigam.sedam.ro.gov.br/consulta/processo?termo=3310300243","resumo":"Embargo Ambiental (BPA) · Ji-Paraná · Motivo: ART. 50 LEI 9605/1998 · Área embargada: 0.9 ha · BO: 3310300243","aprox":true}},{"type":"Feature","geometry":{"type":"Point","coordinates":[-61.93503,-10.87433]},"properties":{"id":"SEDAM (RO):3310300243","orgao":"SEDAM (RO)","uf":"RO","ano":null,"categoria":"embargo","tipo":"Embargo Ambiental — ART. 60 LEI 9605/1998","empresa":"","municipio":"Ji-Paraná","porte":null,"valor":null,"processo":"3310300243","link_oficial":"https://sigam.sedam.ro.gov.br/consulta/processo?termo=3310300243","resumo":"Embargo Ambiental (BPA) · Ji-Paraná · Motivo: ART. 60 LEI 9605/1998 · Área embargada: 12.1 ha · BO: 3310300243","aprox":true}},{"type":"Feature","geometry":{"type":"Point","coordinates":[-65.35209,-10.4043]},"properties":{"id":"SEDAM (RO):3317600151","orgao":"SEDAM (RO)","uf":"RO","ano":2025,"categoria":"embargo","tipo":"Embargo Ambiental — Infração Ambiental","empresa":"","municipio":"Nova Mamoré","porte":null,"valor":null,"processo":"3317600151","link_oficial":"https://sigam.sedam.ro.gov.br/consulta/processo?termo=3317600151","resumo":"Embargo Ambiental (BPA) · Nova Mamoré · Motivo: Infração Ambiental · Área embargada: 11.4 ha · BO: 3317600151","aprox":true}},{"type":"Feature","geometry":{"type":"Point","coordinates":[-63.702,-8.78657]},"properties":{"id":"SEDAM (RO):3146900161","orgao":"SEDAM (RO)","uf":"RO","ano":2024,"categoria":"embargo","tipo":"Embargo Ambiental — Art. 48 da Lei Fed. 9605/98","empresa":"","municipio":"Candeias Do Jamari","porte":null,"valor":null,"processo":"3146900161","link_oficial":"https://sigam.sedam.ro.gov.br/consulta/processo?termo=3146900161","resumo":"Embargo Ambiental (BPA) · Candeias Do Jamari · Motivo: Art. 48 da Lei Fed. 9605/98 · Área embargada: 5.1 ha · BO: 3146900161","aprox":true}},{"type":"Feature","geometry":{"type":"Point","coordinates":[-63.69183,-8.79223]},"properties":{"id":"SEDAM (RO):3317300117","orgao":"SEDAM (RO)","uf":"RO","ano":2025,"categoria":"embargo","tipo":"Embargo Ambiental — Art. 50 Lei Fed. 9605/98","empresa":"","municipio":"Candeias Do Jamari","porte":null,"valor":null,"processo":"3317300117","link_oficial":"https://sigam.sedam.ro.gov.br/consulta/processo?termo=3317300117","resumo":"Embargo Ambiental (BPA) · Candeias Do Jamari · Motivo: Art. 50 Lei Fed. 9605/98 · Área embargada: 28.8 ha · BO: 3317300117","aprox":true}},{"type":"Feature","geometry":{"type":"Point","coordinates":[-65.3255,-10.3942]},"properties":{"id":"SEDAM (RO):3146000146 COP","orgao":"SEDAM (RO)","uf":"RO","ano":2022,"categoria":"embargo","tipo":"Embargo Ambiental — Infração Ambiental","empresa":"","municipio":"Nova Mamoré","porte":null,"valor":null,"processo":"3146000146 COP","link_oficial":"https://sigam.sedam.ro.gov.br/consulta/processo?termo=3146000146%20COP","resumo":"Embargo Ambiental (BPA) · Nova Mamoré · Motivo: Infração Ambiental · Área embargada: 12.9 ha · BO: 3146000146 COP","aprox":true}},{"type":"Feature","geometry":{"type":"Point","coordinates":[-63.68456,-8.78643]},"properties":{"id":"SEDAM (RO):BPA 071","orgao":"SEDAM (RO)","uf":"RO","ano":2020,"categoria":"embargo","tipo":"Embargo Ambiental — Infração Ambiental","empresa":"","municipio":"Candeias Do Jamari","porte":null,"valor":null,"processo":"BPA 071","link_oficial":"https://sigam.sedam.ro.gov.br/consulta/processo?termo=BPA%20071","resumo":"Embargo Ambiental (BPA) · Candeias Do Jamari · Motivo: Infração Ambiental · Área embargada: 57.5 ha · BO: BPA 071","aprox":true}},{"type":"Feature","geometry":{"type":"Point","coordinates":[-63.6974,-8.79497]},"properties":{"id":"SEDAM (RO):3317300116","orgao":"SEDAM (RO)","uf":"RO","ano":2025,"categoria":"embargo","tipo":"Embargo Ambiental — ART. 50 LEI FED. 9605/98","empresa":"","municipio":"Candeias Do Jamari","porte":null,"valor":null,"processo":"3317300116","link_oficial":"https://sigam.sedam.ro.gov.br/consulta/processo?termo=3317300116","resumo":"Embargo Ambiental (BPA) · Candeias Do Jamari · Motivo: ART. 50 LEI FED. 9605/98 · Área embargada: 50.7 ha · BO: 3317300116","aprox":true}},{"type":"Feature","geometry":{"type":"Point","coordinates":[-63.90488,-8.76309]},"properties":{"id":"SEDAM (RO):3317600111","orgao":"SEDAM (RO)","uf":"RO","ano":2024,"categoria":"embargo","tipo":"Embargo Ambiental — ART.50","empresa":"","municipio":"Porto Velho","porte":null,"valor":null,"processo":"3317600111","link_oficial":"https://sigam.sedam.ro.gov.br/consulta/processo?termo=3317600111","resumo":"Embargo Ambiental (BPA) · Porto Velho · Motivo: ART.50 · Área embargada: 29.3 ha · BO: 3317600111","aprox":true}},{"type":"Feature","geometry":{"type":"Point","coordinates":[-63.90434,-8.76987]},"properties":{"id":"SEDAM (RO):3317600112","orgao":"SEDAM (RO)","uf":"RO","ano":2024,"categoria":"embargo","tipo":"Embargo Ambiental — ART.50/9605","empresa":"","municipio":"Porto Velho","porte":null,"valor":null,"processo":"3317600112","link_oficial":"https://sigam.sedam.ro.gov.br/consulta/processo?termo=3317600112","resumo":"Embargo Ambiental (BPA) · Porto Velho · Motivo: ART.50/9605 · Área embargada: 45.5 ha · BO: 3317600112","aprox":true}},{"type":"Feature","geometry":{"type":"Point","coordinates":[-63.89308,-8.76089]},"properties":{"id":"SEDAM (RO):3317700148","orgao":"SEDAM (RO)","uf":"RO","ano":2025,"categoria":"embargo","tipo":"Embargo Ambiental — art. 50 da lei fed. 9605/98","empresa":"","municipio":"Porto Velho","porte":null,"valor":null,"processo":"3317700148","link_oficial":"https://sigam.sedam.ro.gov.br/consulta/processo?termo=3317700148","resumo":"Embargo Ambiental (BPA) · Porto Velho · Motivo: art. 50 da lei fed. 9605/98 · Área embargada: 25.7 ha · BO: 3317700148","aprox":true}},{"type":"Feature","geometry":{"type":"Point","coordinates":[-63.89721,-8.7416]},"properties":{"id":"SEDAM (RO):3322200151","orgao":"SEDAM (RO)","uf":"RO","ano":2025,"categoria":"embargo","tipo":"Embargo Ambiental — ART.50/9605","empresa":"","municipio":"Porto Velho","porte":null,"valor":null,"processo":"3322200151","link_oficial":"https://sigam.sedam.ro.gov.br/consulta/processo?termo=3322200151","resumo":"Embargo Ambiental (BPA) · Porto Velho · Motivo: ART.50/9605 · Área embargada: 18.1 ha · BO: 3322200151","aprox":true}},{"type":"Feature","geometry":{"type":"Point","coordinates":[-63.90556,-8.76751]},"properties":{"id":"SEDAM (RO):3322200152","orgao":"SEDAM (RO)","uf":"RO","ano":2025,"categoria":"embargo","tipo":"Embargo Ambiental — ART.50/9605","empresa":"","municipio":"Porto Velho","porte":null,"valor":null,"processo":"3322200152","link_oficial":"https://sigam.sedam.ro.gov.br/consulta/processo?termo=3322200152","resumo":"Embargo Ambiental (BPA) · Porto Velho · Motivo: ART.50/9605 · Área embargada: 14.6 ha · BO: 3322200152","aprox":true}},{"type":"Feature","geometry":{"type":"Point","coordinates":[-63.91689,-8.75838]},"properties":{"id":"SEDAM (RO):3317600160","orgao":"SEDAM (RO)","uf":"RO","ano":2025,"categoria":"embargo","tipo":"Embargo Ambiental — ART.50/9605","empresa":"","municipio":"Porto Velho","porte":null,"valor":null,"processo":"3317600160","link_oficial":"https://sigam.sedam.ro.gov.br/consulta/processo?termo=3317600160","resumo":"Embargo Ambiental (BPA) · Porto Velho · Motivo: ART.50/9605 · Área embargada: 11.1 ha · BO: 3317600160","aprox":true}},{"type":"Feature","geometry":{"type":"Point","coordinates":[-63.89489,-8.77202]},"properties":{"id":"SEDAM (RO):3317600159","orgao":"SEDAM (RO)","uf":"RO","ano":2025,"categoria":"embargo","tipo":"Embargo Ambiental — ART.50/9605","empresa":"","municipio":"Porto Velho","porte":null,"valor":null,"processo":"3317600159","link_oficial":"https://sigam.sedam.ro.gov.br/consulta/processo?termo=3317600159","resumo":"Embargo Ambiental (BPA) · Porto Velho · Motivo: ART.50/9605 · Área embargada: 10.2 ha · BO: 3317600159","aprox":true}},{"type":"Feature","geometry":{"type":"Point","coordinates":[-63.6964,-8.7899]},"properties":{"id":"SEDAM (RO):BPA 072","orgao":"SEDAM (RO)","uf":"RO","ano":2020,"categoria":"embargo","tipo":"Embargo Ambiental — Infração Ambiental","empresa":"","municipio":"Candeias Do Jamari","porte":null,"valor":null,"processo":"BPA 072","link_oficial":"https://sigam.sedam.ro.gov.br/consulta/processo?termo=BPA%20072","resumo":"Embargo Ambiental (BPA) · Candeias Do Jamari · Motivo: Infração Ambiental · Área embargada: 17.3 ha · BO: BPA 072","aprox":true}},{"type":"Feature","geometry":{"type":"Point","coordinates":[-63.69149,-8.78366]},"properties":{"id":"SEDAM (RO):BPA 120","orgao":"SEDAM (RO)","uf":"RO","ano":null,"categoria":"embargo","tipo":"Embargo Ambiental — Infração Ambiental","empresa":"","municipio":"Candeias Do Jamari","porte":null,"valor":null,"processo":"BPA 120","link_oficial":"https://sigam.sedam.ro.gov.br/consulta/processo?termo=BPA%20120","resumo":"Embargo Ambiental (BPA) · Candeias Do Jamari · Motivo: Infração Ambiental · Área embargada: 70.1 ha · BO: BPA 120","aprox":true}},{"type":"Feature","geometry":{"type":"Point","coordinates":[-61.97372,-9.46362]},"properties":{"id":"SEDAM (RO):BPAASS2020HILÉIA9°EDIÇÃO","orgao":"SEDAM (RO)","uf":"RO","ano":2020,"categoria":"embargo","tipo":"Embargo Ambiental — Infração Ambiental","empresa":"","municipio":"Machadinho D'Oeste","porte":null,"valor":null,"processo":"BPAASS2020HILÉIA9°EDIÇÃO","link_oficial":"https://sigam.sedam.ro.gov.br/consulta/processo?termo=BPAASS2020HIL%C3%89IA9%C2%B0EDI%C3%87%C3%83O","resumo":"Embargo Ambiental (BPA) · Machadinho D'Oeste · Motivo: Infração Ambiental · Área embargada: 27.4 ha · BO: BPAASS2020HILÉIA9°EDIÇÃO","aprox":true}},{"type":"Feature","geometry":{"type":"Point","coordinates":[-62.59493,-9.36119]},"properties":{"id":"SEDAM (RO):BPAJPR0104","orgao":"SEDAM (RO)","uf":"RO","ano":2020,"categoria":"embargo","tipo":"Embargo Ambiental — Infração Ambiental","empresa":"","municipio":"Cujubim","porte":null,"valor":null,"processo":"BPAJPR0104","link_oficial":"https://sigam.sedam.ro.gov.br/consulta/processo?termo=BPAJPR0104","resumo":"Embargo Ambiental (BPA) · Cujubim · Motivo: Infração Ambiental · Área embargada: 20.1 ha · BO: BPAJPR0104","aprox":true}},{"type":"Feature","geometry":{"type":"Point","coordinates":[-63.91087,-8.75566]},"properties":{"id":"SEDAM (RO):BPAJPR0123","orgao":"SEDAM (RO)","uf":"RO","ano":2020,"categoria":"embargo","tipo":"Embargo Ambiental — Infração Ambiental","empresa":"","municipio":"Porto Velho","porte":null,"valor":null,"processo":"BPAJPR0123","link_oficial":"https://sigam.sedam.ro.gov.br/consulta/processo?termo=BPAJPR0123","resumo":"Embargo Ambiental (BPA) · Porto Velho · Motivo: Infração Ambiental · Área embargada: 20.7 ha · BO: BPAJPR0123","aprox":true}},{"type":"Feature","geometry":{"type":"Point","coordinates":[-62.57891,-9.36793]},"properties":{"id":"SEDAM (RO):BPAJPR0127","orgao":"SEDAM (RO)","uf":"RO","ano":2020,"categoria":"embargo","tipo":"Embargo Ambiental — Infração Ambiental","empresa":"","municipio":"Cujubim","porte":null,"valor":null,"processo":"BPAJPR0127","link_oficial":"https://sigam.sedam.ro.gov.br/consulta/processo?termo=BPAJPR0127","resumo":"Embargo Ambiental (BPA) · Cujubim · Motivo: Infração Ambiental · Área embargada: 22.8 ha · BO: BPAJPR0127","aprox":true}},{"type":"Feature","geometry":{"type":"Point","coordinates":[-62.58887,-9.36292]},"properties":{"id":"SEDAM (RO):BPAJPR0128","orgao":"SEDAM (RO)","uf":"RO","ano":2020,"categoria":"embargo","tipo":"Embargo Ambiental — Infração Ambiental","empresa":"","municipio":"Cujubim","porte":null,"valor":null,"processo":"BPAJPR0128","link_oficial":"https://sigam.sedam.ro.gov.br/consulta/processo?termo=BPAJPR0128","resumo":"Embargo Ambiental (BPA) · Cujubim · Motivo: Infração Ambiental · Área embargada: 253.9 ha · BO: BPAJPR0128","aprox":true}},{"type":"Feature","geometry":{"type":"Point","coordinates":[-63.58451,-12.05581]},"properties":{"id":"SEDAM (RO):BPA2020MO080","orgao":"SEDAM (RO)","uf":"RO","ano":2020,"categoria":"embargo","tipo":"Embargo Ambiental — ART. 50 DA LEI 9605/98","empresa":"","municipio":"São Francisco Do Guaporé","porte":null,"valor":null,"processo":"BPA2020MO080","link_oficial":"https://sigam.sedam.ro.gov.br/consulta/processo?termo=BPA2020MO080","resumo":"Embargo Ambiental (BPA) · São Francisco Do Guaporé · Motivo: ART. 50 DA LEI 9605/98 · Área embargada: 89.1 ha · BO: BPA2020MO080","aprox":true}},{"type":"Feature","geometry":{"type":"Point","coordinates":[-65.34245,-10.41477]},"properties":{"id":"SEDAM (RO):EMQ02_3°Pel_1ªCia_BPA_2022","orgao":"SEDAM (RO)","uf":"RO","ano":2022,"categoria":"embargo","tipo":"Embargo Ambiental — Infração Ambiental","empresa":"","municipio":"Nova Mamoré","porte":null,"valor":null,"processo":"EMQ02_3°Pel_1ªCia_BPA_2022","link_oficial":"https://sigam.sedam.ro.gov.br/consulta/processo?termo=EMQ02_3%C2%B0Pel_1%C2%AACia_BPA_2022","resumo":"Embargo Ambiental (BPA) · Nova Mamoré · Motivo: Infração Ambiental · Área embargada: 37.4 ha · BO: EMQ02_3°Pel_1ªCia_BPA_2022","aprox":true}},{"type":"Feature","geometry":{"type":"Point","coordinates":[-64.22653,-12.42624]},"properties":{"id":"SEDAM (RO):BPA2020MO081","orgao":"SEDAM (RO)","uf":"RO","ano":2020,"categoria":"embargo","tipo":"Embargo Ambiental — ART. 50 DA LEI 9605/98","empresa":"","municipio":"Costa Marques","porte":null,"valor":null,"processo":"BPA2020MO081","link_oficial":"https://sigam.sedam.ro.gov.br/consulta/processo?termo=BPA2020MO081","resumo":"Embargo Ambiental (BPA) · Costa Marques · Motivo: ART. 50 DA LEI 9605/98 · Área embargada: 36.9 ha · BO: BPA2020MO081","aprox":true}},{"type":"Feature","geometry":{"type":"Point","coordinates":[-64.24151,-12.4386]},"properties":{"id":"SEDAM (RO):BPA2020MO083","orgao":"SEDAM (RO)","uf":"RO","ano":2020,"categoria":"embargo","tipo":"Embargo Ambiental — ART. 50 DA LEI 9605/98","empresa":"","municipio":"Costa Marques","porte":null,"valor":null,"processo":"BPA2020MO083","link_oficial":"https://sigam.sedam.ro.gov.br/consulta/processo?termo=BPA2020MO083","resumo":"Embargo Ambiental (BPA) · Costa Marques · Motivo: ART. 50 DA LEI 9605/98 · Área embargada: 20.9 ha · BO: BPA2020MO083","aprox":true}},{"type":"Feature","geometry":{"type":"Point","coordinates":[-63.56136,-12.04215]},"properties":{"id":"SEDAM (RO):BPA2020MO074","orgao":"SEDAM (RO)","uf":"RO","ano":2020,"categoria":"embargo","tipo":"Embargo Ambiental — ART. 50 DA LEI 9605/98","empresa":"","municipio":"São Francisco Do Guaporé","porte":null,"valor":null,"processo":"BPA2020MO074","link_oficial":"https://sigam.sedam.ro.gov.br/consulta/processo?termo=BPA2020MO074","resumo":"Embargo Ambiental (BPA) · São Francisco Do Guaporé · Motivo: ART. 50 DA LEI 9605/98 · Área embargada: 20.3 ha · BO: BPA2020MO074","aprox":true}},{"type":"Feature","geometry":{"type":"Point","coordinates":[-64.21419,-12.4404]},"properties":{"id":"SEDAM (RO):BPA2020MO078","orgao":"SEDAM (RO)","uf":"RO","ano":2020,"categoria":"embargo","tipo":"Embargo Ambiental — ART. 50 DA LEI 9605/98","empresa":"","municipio":"Costa Marques","porte":null,"valor":null,"processo":"BPA2020MO078","link_oficial":"https://sigam.sedam.ro.gov.br/consulta/processo?termo=BPA2020MO078","resumo":"Embargo Ambiental (BPA) · Costa Marques · Motivo: ART. 50 DA LEI 9605/98 · Área embargada: 23.6 ha · BO: BPA2020MO078","aprox":true}},{"type":"Feature","geometry":{"type":"Point","coordinates":[-64.23278,-12.42487]},"properties":{"id":"SEDAM (RO):BPA2020MO079","orgao":"SEDAM (RO)","uf":"RO","ano":2020,"categoria":"embargo","tipo":"Embargo Ambiental — ART. 50 DA LEI 9605/98","empresa":"","municipio":"Costa Marques","porte":null,"valor":null,"processo":"BPA2020MO079","link_oficial":"https://sigam.sedam.ro.gov.br/consulta/processo?termo=BPA2020MO079","resumo":"Embargo Ambiental (BPA) · Costa Marques · Motivo: ART. 50 DA LEI 9605/98 · Área embargada: 18.6 ha · BO: BPA2020MO079","aprox":true}},{"type":"Feature","geometry":{"type":"Point","coordinates":[-61.97729,-9.44133]},"properties":{"id":"SEDAM (RO):RGC0005-2020","orgao":"SEDAM (RO)","uf":"RO","ano":2020,"categoria":"embargo","tipo":"Embargo Ambiental — Infração Ambiental","empresa":"","municipio":"Machadinho D'Oeste","porte":null,"valor":null,"processo":"RGC0005-2020","link_oficial":"https://sigam.sedam.ro.gov.br/consulta/processo?termo=RGC0005-2020","resumo":"Embargo Ambiental (BPA) · Machadinho D'Oeste · Motivo: Infração Ambiental · Área embargada: 24.3 ha · BO: RGC0005-2020","aprox":true}},{"type":"Feature","geometry":{"type":"Point","coordinates":[-62.18783,-9.84917]},"properties":{"id":"SEDAM (RO):BPA2020JPR0018","orgao":"SEDAM (RO)","uf":"RO","ano":null,"categoria":"embargo","tipo":"Embargo Ambiental — Infração Ambiental","empresa":"","municipio":"Vale Do Anari","porte":null,"valor":null,"processo":"BPA2020JPR0018","link_oficial":"https://sigam.sedam.ro.gov.br/consulta/processo?termo=BPA2020JPR0018","resumo":"Embargo Ambiental (BPA) · Vale Do Anari · Motivo: Infração Ambiental · Área embargada: 7.7 ha · BO: BPA2020JPR0018","aprox":true}},{"type":"Feature","geometry":{"type":"Point","coordinates":[-62.18287,-9.86316]},"properties":{"id":"SEDAM (RO):BPA2020JPR0017","orgao":"SEDAM (RO)","uf":"RO","ano":null,"categoria":"embargo","tipo":"Embargo Ambiental — Infração Ambiental","empresa":"","municipio":"Vale Do Anari","porte":null,"valor":null,"processo":"BPA2020JPR0017","link_oficial":"https://sigam.sedam.ro.gov.br/consulta/processo?termo=BPA2020JPR0017","resumo":"Embargo Ambiental (BPA) · Vale Do Anari · Motivo: Infração Ambiental · Área embargada: 22.2 ha · BO: BPA2020JPR0017","aprox":true}},{"type":"Feature","geometry":{"type":"Point","coordinates":[-65.32716,-10.40571]},"properties":{"id":"SEDAM (RO):EMQ01_3°Pel_1ªCia_BPA_2022","orgao":"SEDAM (RO)","uf":"RO","ano":2022,"categoria":"embargo","tipo":"Embargo Ambiental — Art.48 da Lei 9.605/98","empresa":"","municipio":"Nova Mamoré","porte":null,"valor":null,"processo":"EMQ01_3°Pel_1ªCia_BPA_2022","link_oficial":"https://sigam.sedam.ro.gov.br/consulta/processo?termo=EMQ01_3%C2%B0Pel_1%C2%AACia_BPA_2022","resumo":"Embargo Ambiental (BPA) · Nova Mamoré · Motivo: Art.48 da Lei 9.605/98 · Área embargada: 22.5 ha · BO: EMQ01_3°Pel_1ªCia_BPA_2022","aprox":true}},{"type":"Feature","geometry":{"type":"Point","coordinates":[-62.19294,-9.84469]},"properties":{"id":"SEDAM (RO):BPA2020JPR0019","orgao":"SEDAM (RO)","uf":"RO","ano":null,"categoria":"embargo","tipo":"Embargo Ambiental — Infração Ambiental","empresa":"","municipio":"Vale Do Anari","porte":null,"valor":null,"processo":"BPA2020JPR0019","link_oficial":"https://sigam.sedam.ro.gov.br/consulta/processo?termo=BPA2020JPR0019","resumo":"Embargo Ambiental (BPA) · Vale Do Anari · Motivo: Infração Ambiental · Área embargada: 11.8 ha · BO: BPA2020JPR0019","aprox":true}},{"type":"Feature","geometry":{"type":"Point","coordinates":[-62.18449,-9.87678]},"properties":{"id":"SEDAM (RO):BPA2020JPR0020","orgao":"SEDAM (RO)","uf":"RO","ano":null,"categoria":"embargo","tipo":"Embargo Ambiental — Infração Ambiental","empresa":"","municipio":"Vale Do Anari","porte":null,"valor":null,"processo":"BPA2020JPR0020","link_oficial":"https://sigam.sedam.ro.gov.br/consulta/processo?termo=BPA2020JPR0020","resumo":"Embargo Ambiental (BPA) · Vale Do Anari · Motivo: Infração Ambiental · Área embargada: 67.3 ha · BO: BPA2020JPR0020","aprox":true}},{"type":"Feature","geometry":{"type":"Point","coordinates":[-65.32676,-10.4126]},"properties":{"id":"SEDAM (RO):TCO 3034300050","orgao":"SEDAM (RO)","uf":"RO","ano":2020,"categoria":"embargo","tipo":"Embargo Ambiental — ART. 50 DA LEI 9605/98","empresa":"","municipio":"Nova Mamore","porte":null,"valor":null,"processo":"TCO 3034300050","link_oficial":"https://sigam.sedam.ro.gov.br/consulta/processo?termo=TCO%203034300050","resumo":"Embargo Ambiental (BPA) · Nova Mamore · Motivo: ART. 50 DA LEI 9605/98 · Área embargada: 316.2 ha · BO: TCO 3034300050","aprox":true}},{"type":"Feature","geometry":{"type":"Point","coordinates":[-63.89488,-8.76015]},"properties":{"id":"SEDAM (RO):PAJPR0125","orgao":"SEDAM (RO)","uf":"RO","ano":2020,"categoria":"embargo","tipo":"Embargo Ambiental — Infração Ambiental","empresa":"","municipio":"Porto Velho","porte":null,"valor":null,"processo":"PAJPR0125","link_oficial":"https://sigam.sedam.ro.gov.br/consulta/processo?termo=PAJPR0125","resumo":"Embargo Ambiental (BPA) · Porto Velho · Motivo: Infração Ambiental · Área embargada: 213.2 ha · BO: PAJPR0125","aprox":true}},{"type":"Feature","geometry":{"type":"Point","coordinates":[-63.89918,-8.75487]},"properties":{"id":"SEDAM (RO):BPAJPR0126","orgao":"SEDAM (RO)","uf":"RO","ano":2020,"categoria":"embargo","tipo":"Embargo Ambiental — Infração Ambiental","empresa":"","municipio":"Porto Velho","porte":null,"valor":null,"processo":"BPAJPR0126","link_oficial":"https://sigam.sedam.ro.gov.br/consulta/processo?termo=BPAJPR0126","resumo":"Embargo Ambiental (BPA) · Porto Velho · Motivo: Infração Ambiental · Área embargada: 332.5 ha · BO: BPAJPR0126","aprox":true}},{"type":"Feature","geometry":{"type":"Point","coordinates":[-61.44723,-11.43012]},"properties":{"id":"SEDAM (RO):173","orgao":"SEDAM (RO)","uf":"RO","ano":null,"categoria":"embargo","tipo":"Embargo Ambiental — Infração Ambiental","empresa":"","municipio":"Cacoal","porte":null,"valor":null,"processo":"173","link_oficial":"https://sigam.sedam.ro.gov.br/consulta/processo?termo=173","resumo":"Embargo Ambiental (BPA) · Cacoal · Motivo: Infração Ambiental · Área embargada: 38.6 ha · BO: 173","aprox":true}},{"type":"Feature","geometry":{"type":"Point","coordinates":[-61.03301,-11.50627]},"properties":{"id":"SEDAM (RO):1500/26102020/MS/BPA","orgao":"SEDAM (RO)","uf":"RO","ano":2020,"categoria":"embargo","tipo":"Embargo Ambiental — Infração Ambiental","empresa":"","municipio":"Espigão","porte":null,"valor":null,"processo":"1500/26102020/MS/BPA","link_oficial":"https://sigam.sedam.ro.gov.br/consulta/processo?termo=1500/26102020/MS/BPA","resumo":"Embargo Ambiental (BPA) · Espigão · Motivo: Infração Ambiental · Área embargada: 93.1 ha · BO: 1500/26102020/MS/BPA","aprox":true}},{"type":"Feature","geometry":{"type":"Point","coordinates":[-61.0287,-11.52474]},"properties":{"id":"SEDAM (RO):100028102020/MS/BPA","orgao":"SEDAM (RO)","uf":"RO","ano":2020,"categoria":"embargo","tipo":"Embargo Ambiental — Infração Ambiental","empresa":"","municipio":"Espigão D Oeste","porte":null,"valor":null,"processo":"100028102020/MS/BPA","link_oficial":"https://sigam.sedam.ro.gov.br/consulta/processo?termo=100028102020/MS/BPA","resumo":"Embargo Ambiental (BPA) · Espigão D Oeste · Motivo: Infração Ambiental · Área embargada: 79.6 ha · BO: 100028102020/MS/BPA","aprox":true}},{"type":"Feature","geometry":{"type":"Point","coordinates":[-63.83215,-10.19781]},"properties":{"id":"SEDAM (RO):152005112020/MS/BPA","orgao":"SEDAM (RO)","uf":"RO","ano":2020,"categoria":"embargo","tipo":"Embargo Ambiental — Infração Ambiental","empresa":"","municipio":"Buritis","porte":null,"valor":null,"processo":"152005112020/MS/BPA","link_oficial":"https://sigam.sedam.ro.gov.br/consulta/processo?termo=152005112020/MS/BPA","resumo":"Embargo Ambiental (BPA) · Buritis · Motivo: Infração Ambiental · Área embargada: 10.6 ha · BO: 152005112020/MS/BPA","aprox":true}},{"type":"Feature","geometry":{"type":"Point","coordinates":[-63.89105,-8.76249]},"properties":{"id":"SEDAM (RO):000002012021/MS-BPA","orgao":"SEDAM (RO)","uf":"RO","ano":2021,"categoria":"embargo","tipo":"Embargo Ambiental — Infração Ambiental","empresa":"","municipio":"Porto Velho","porte":null,"valor":null,"processo":"000002012021/MS-BPA","link_oficial":"https://sigam.sedam.ro.gov.br/consulta/processo?termo=000002012021/MS-BPA","resumo":"Embargo Ambiental (BPA) · Porto Velho · Motivo: Infração Ambiental · Área embargada: 43.2 ha · BO: 000002012021/MS-BPA","aprox":true}},{"type":"Feature","geometry":{"type":"Point","coordinates":[-63.2946,-10.26574]},"properties":{"id":"SEDAM (RO):1045071120202/MS/BPA","orgao":"SEDAM (RO)","uf":"RO","ano":2020,"categoria":"embargo","tipo":"Embargo Ambiental — Infração Ambiental","empresa":"","municipio":"Monte Negro","porte":null,"valor":null,"processo":"1045071120202/MS/BPA","link_oficial":"https://sigam.sedam.ro.gov.br/consulta/processo?termo=1045071120202/MS/BPA","resumo":"Embargo Ambiental (BPA) · Monte Negro · Motivo: Infração Ambiental · Área embargada: 69.6 ha · BO: 1045071120202/MS/BPA","aprox":true}},{"type":"Feature","geometry":{"type":"Point","coordinates":[-61.9872,-9.4503]},"properties":{"id":"SEDAM (RO):101601122020/MS/BPA","orgao":"SEDAM (RO)","uf":"RO","ano":2020,"categoria":"embargo","tipo":"Embargo Ambiental — Infração Ambiental","empresa":"","municipio":"Machadinho Doeste","porte":null,"valor":null,"processo":"101601122020/MS/BPA","link_oficial":"https://sigam.sedam.ro.gov.br/consulta/processo?termo=101601122020/MS/BPA","resumo":"Embargo Ambiental (BPA) · Machadinho Doeste · Motivo: Infração Ambiental · Área embargada: 27.3 ha · BO: 101601122020/MS/BPA","aprox":true}},{"type":"Feature","geometry":{"type":"Point","coordinates":[-61.97617,-9.45011]},"properties":{"id":"SEDAM (RO):093002122020/MS/BPA","orgao":"SEDAM (RO)","uf":"RO","ano":2020,"categoria":"embargo","tipo":"Embargo Ambiental — ART. 50 DA LEI 9605/98","empresa":"","municipio":"Machadinho","porte":null,"valor":null,"processo":"093002122020/MS/BPA","link_oficial":"https://sigam.sedam.ro.gov.br/consulta/processo?termo=093002122020/MS/BPA","resumo":"Embargo Ambiental (BPA) · Machadinho · Motivo: ART. 50 DA LEI 9605/98 · Área embargada: 9.6 ha · BO: 093002122020/MS/BPA","aprox":true}},{"type":"Feature","geometry":{"type":"Point","coordinates":[-61.9787,-9.4479]},"properties":{"id":"SEDAM (RO):103002122020/MS/BPA","orgao":"SEDAM (RO)","uf":"RO","ano":2020,"categoria":"embargo","tipo":"Embargo Ambiental — ART. 50 DA LEI 9605/98","empresa":"","municipio":"Machadinho","porte":null,"valor":null,"processo":"103002122020/MS/BPA","link_oficial":"https://sigam.sedam.ro.gov.br/consulta/processo?termo=103002122020/MS/BPA","resumo":"Embargo Ambiental (BPA) · Machadinho · Motivo: ART. 50 DA LEI 9605/98 · Área embargada: 13.8 ha · BO: 103002122020/MS/BPA","aprox":true}},{"type":"Feature","geometry":{"type":"Point","coordinates":[-61.97428,-9.42675]},"properties":{"id":"SEDAM (RO):111002122020/MS/BPA","orgao":"SEDAM (RO)","uf":"RO","ano":2020,"categoria":"embargo","tipo":"Embargo Ambiental — ART. 50 DA LEI 9605/98","empresa":"","municipio":"Machadinho","porte":null,"valor":null,"processo":"111002122020/MS/BPA","link_oficial":"https://sigam.sedam.ro.gov.br/consulta/processo?termo=111002122020/MS/BPA","resumo":"Embargo Ambiental (BPA) · Machadinho · Motivo: ART. 50 DA LEI 9605/98 · Área embargada: 30.2 ha · BO: 111002122020/MS/BPA","aprox":true}},{"type":"Feature","geometry":{"type":"Point","coordinates":[-61.99253,-9.43907]},"properties":{"id":"SEDAM (RO):115802122020/MS/BPA","orgao":"SEDAM (RO)","uf":"RO","ano":2020,"categoria":"embargo","tipo":"Embargo Ambiental — ART. 50 DA LEI 9605/98","empresa":"","municipio":"Machadinho","porte":null,"valor":null,"processo":"115802122020/MS/BPA","link_oficial":"https://sigam.sedam.ro.gov.br/consulta/processo?termo=115802122020/MS/BPA","resumo":"Embargo Ambiental (BPA) · Machadinho · Motivo: ART. 50 DA LEI 9605/98 · Área embargada: 43.3 ha · BO: 115802122020/MS/BPA","aprox":true}},{"type":"Feature","geometry":{"type":"Point","coordinates":[-62.00318,-9.44779]},"properties":{"id":"SEDAM (RO):124002122020/MS/BPA","orgao":"SEDAM (RO)","uf":"RO","ano":2020,"categoria":"embargo","tipo":"Embargo Ambiental — ART. 50 DA LEI 9605/98","empresa":"","municipio":"Machadinho","porte":null,"valor":null,"processo":"124002122020/MS/BPA","link_oficial":"https://sigam.sedam.ro.gov.br/consulta/processo?termo=124002122020/MS/BPA","resumo":"Embargo Ambiental (BPA) · Machadinho · Motivo: ART. 50 DA LEI 9605/98 · Área embargada: 71.6 ha · BO: 124002122020/MS/BPA","aprox":true}},{"type":"Feature","geometry":{"type":"Point","coordinates":[-61.99323,-9.44323]},"properties":{"id":"SEDAM (RO):092003122020/MS/BPA","orgao":"SEDAM (RO)","uf":"RO","ano":2020,"categoria":"embargo","tipo":"Embargo Ambiental — ART. 50 DA LEI 9605/98","empresa":"","municipio":"Machadinho Doeste","porte":null,"valor":null,"processo":"092003122020/MS/BPA","link_oficial":"https://sigam.sedam.ro.gov.br/consulta/processo?termo=092003122020/MS/BPA","resumo":"Embargo Ambiental (BPA) · Machadinho Doeste · Motivo: ART. 50 DA LEI 9605/98 · Área embargada: 32.3 ha · BO: 092003122020/MS/BPA","aprox":true}},{"type":"Feature","geometry":{"type":"Point","coordinates":[-61.9818,-9.44363]},"properties":{"id":"SEDAM (RO):103003122020/MS/BPA","orgao":"SEDAM (RO)","uf":"RO","ano":2020,"categoria":"embargo","tipo":"Embargo Ambiental — ART. 50 DA LEI 9605/98","empresa":"","municipio":"Machadinho Doeste","porte":null,"valor":null,"processo":"103003122020/MS/BPA","link_oficial":"https://sigam.sedam.ro.gov.br/consulta/processo?termo=103003122020/MS/BPA","resumo":"Embargo Ambiental (BPA) · Machadinho Doeste · Motivo: ART. 50 DA LEI 9605/98 · Área embargada: 24.3 ha · BO: 103003122020/MS/BPA","aprox":true}},{"type":"Feature","geometry":{"type":"Point","coordinates":[-61.98264,-9.44234]},"properties":{"id":"SEDAM (RO):095003122020/MS/BPA","orgao":"SEDAM (RO)","uf":"RO","ano":2020,"categoria":"embargo","tipo":"Embargo Ambiental — ART. 50 DA LEI 9605/98","empresa":"","municipio":"Machadinho Doeste","porte":null,"valor":null,"processo":"095003122020/MS/BPA","link_oficial":"https://sigam.sedam.ro.gov.br/consulta/processo?termo=095003122020/MS/BPA","resumo":"Embargo Ambiental (BPA) · Machadinho Doeste · Motivo: ART. 50 DA LEI 9605/98 · Área embargada: 19.2 ha · BO: 095003122020/MS/BPA","aprox":true}},{"type":"Feature","geometry":{"type":"Point","coordinates":[-65.32646,-10.40063]},"properties":{"id":"SEDAM (RO):COP 3146500052","orgao":"SEDAM (RO)","uf":"RO","ano":2022,"categoria":"embargo","tipo":"Embargo Ambiental — Infração Ambiental","empresa":"","municipio":"Nova Mamoré","porte":null,"valor":null,"processo":"COP 3146500052","link_oficial":"https://sigam.sedam.ro.gov.br/consulta/processo?termo=COP%203146500052","resumo":"Embargo Ambiental (BPA) · Nova Mamoré · Motivo: Infração Ambiental · Área embargada: 20.1 ha · BO: COP 3146500052","aprox":true}},{"type":"Feature","geometry":{"type":"Point","coordinates":[-63.89465,-8.76022]},"properties":{"id":"SEDAM (RO):3154100014","orgao":"SEDAM (RO)","uf":"RO","ano":2021,"categoria":"embargo","tipo":"Embargo Ambiental — ART. 50 DA LEI 9605/98","empresa":"","municipio":"Porto Velho","porte":null,"valor":null,"processo":"3154100014","link_oficial":"https://sigam.sedam.ro.gov.br/consulta/processo?termo=3154100014","resumo":"Embargo Ambiental (BPA) · Porto Velho · Motivo: ART. 50 DA LEI 9605/98 · Área embargada: 56.9 ha · BO: 3154100014","aprox":true}},{"type":"Feature","geometry":{"type":"Point","coordinates":[-62.5879,-9.35418]},"properties":{"id":"SEDAM (RO):3154100016","orgao":"SEDAM (RO)","uf":"RO","ano":2021,"categoria":"embargo","tipo":"Embargo Ambiental — ART. 50 DA LEI 9605/98","empresa":"","municipio":"Cujubim","porte":null,"valor":null,"processo":"3154100016","link_oficial":"https://sigam.sedam.ro.gov.br/consulta/processo?termo=3154100016","resumo":"Embargo Ambiental (BPA) · Cujubim · Motivo: ART. 50 DA LEI 9605/98 · Área embargada: 328.9 ha · BO: 3154100016","aprox":true}},{"type":"Feature","geometry":{"type":"Point","coordinates":[-62.5947,-9.36136]},"properties":{"id":"SEDAM (RO):3154100018","orgao":"SEDAM (RO)","uf":"RO","ano":2021,"categoria":"embargo","tipo":"Embargo Ambiental — ART. 50 DA LEI 9605/98","empresa":"","municipio":"Cujubim","porte":null,"valor":null,"processo":"3154100018","link_oficial":"https://sigam.sedam.ro.gov.br/consulta/processo?termo=3154100018","resumo":"Embargo Ambiental (BPA) · Cujubim · Motivo: ART. 50 DA LEI 9605/98 · Área embargada: 140.5 ha · BO: 3154100018","aprox":true}},{"type":"Feature","geometry":{"type":"Point","coordinates":[-62.00067,-9.44495]},"properties":{"id":"SEDAM (RO):100005122020/MS/BPA","orgao":"SEDAM (RO)","uf":"RO","ano":2020,"categoria":"embargo","tipo":"Embargo Ambiental — ART. 50 DA LEI 9605/98","empresa":"","municipio":"Machadinho Doeste","porte":null,"valor":null,"processo":"100005122020/MS/BPA","link_oficial":"https://sigam.sedam.ro.gov.br/consulta/processo?termo=100005122020/MS/BPA","resumo":"Embargo Ambiental (BPA) · Machadinho Doeste · Motivo: ART. 50 DA LEI 9605/98 · Área embargada: 17.0 ha · BO: 100005122020/MS/BPA","aprox":true}},{"type":"Feature","geometry":{"type":"Point","coordinates":[-61.98287,-9.44285]},"properties":{"id":"SEDAM (RO):105005122020/MS/BPA","orgao":"SEDAM (RO)","uf":"RO","ano":2020,"categoria":"embargo","tipo":"Embargo Ambiental — ART 50 LEI FED 9605/98","empresa":"","municipio":"Machadinho Doeste","porte":null,"valor":null,"processo":"105005122020/MS/BPA","link_oficial":"https://sigam.sedam.ro.gov.br/consulta/processo?termo=105005122020/MS/BPA","resumo":"Embargo Ambiental (BPA) · Machadinho Doeste · Motivo: ART 50 LEI FED 9605/98 · Área embargada: 5.7 ha · BO: 105005122020/MS/BPA","aprox":true}},{"type":"Feature","geometry":{"type":"Point","coordinates":[-62.57261,-9.34353]},"properties":{"id":"SEDAM (RO):COP 3148700143","orgao":"SEDAM (RO)","uf":"RO","ano":2021,"categoria":"embargo","tipo":"Embargo Ambiental — ART 50 LEI FED 9605/98","empresa":"","municipio":"Cujubim","porte":null,"valor":null,"processo":"COP 3148700143","link_oficial":"https://sigam.sedam.ro.gov.br/consulta/processo?termo=COP%203148700143","resumo":"Embargo Ambiental (BPA) · Cujubim · Motivo: ART 50 LEI FED 9605/98 · Área embargada: 8.0 ha · BO: COP 3148700143","aprox":true}},{"type":"Feature","geometry":{"type":"Point","coordinates":[-61.97943,-9.42864]},"properties":{"id":"SEDAM (RO):120005122020/MS/BPA","orgao":"SEDAM (RO)","uf":"RO","ano":2020,"categoria":"embargo","tipo":"Embargo Ambiental — ART 50 LEI FED 9605/98","empresa":"","municipio":"Machadinho Doeste","porte":null,"valor":null,"processo":"120005122020/MS/BPA","link_oficial":"https://sigam.sedam.ro.gov.br/consulta/processo?termo=120005122020/MS/BPA","resumo":"Embargo Ambiental (BPA) · Machadinho Doeste · Motivo: ART 50 LEI FED 9605/98 · Área embargada: 60.4 ha · BO: 120005122020/MS/BPA","aprox":true}},{"type":"Feature","geometry":{"type":"Point","coordinates":[-62.58743,-9.36402]},"properties":{"id":"SEDAM (RO):090015042021/MS/BPA","orgao":"SEDAM (RO)","uf":"RO","ano":2021,"categoria":"embargo","tipo":"Embargo Ambiental — ART 50 LEI FED 9605/98","empresa":"","municipio":"Cujubim","porte":null,"valor":null,"processo":"090015042021/MS/BPA","link_oficial":"https://sigam.sedam.ro.gov.br/consulta/processo?termo=090015042021/MS/BPA","resumo":"Embargo Ambiental (BPA) · Cujubim · Motivo: ART 50 LEI FED 9605/98 · Área embargada: 53.1 ha · BO: 090015042021/MS/BPA","aprox":true}},{"type":"Feature","geometry":{"type":"Point","coordinates":[-63.70902,-8.7809]},"properties":{"id":"SEDAM (RO):3154100002","orgao":"SEDAM (RO)","uf":"RO","ano":2021,"categoria":"embargo","tipo":"Embargo Ambiental — ART. 50 DA LEI 9605/98","empresa":"","municipio":"Candeias Do Jamari","porte":null,"valor":null,"processo":"3154100002","link_oficial":"https://sigam.sedam.ro.gov.br/consulta/processo?termo=3154100002","resumo":"Embargo Ambiental (BPA) · Candeias Do Jamari · Motivo: ART. 50 DA LEI 9605/98 · Área embargada: 27.6 ha · BO: 3154100002","aprox":true}},{"type":"Feature","geometry":{"type":"Point","coordinates":[-63.699,-8.79507]},"properties":{"id":"SEDAM (RO):3154100003","orgao":"SEDAM (RO)","uf":"RO","ano":2021,"categoria":"embargo","tipo":"Embargo Ambiental — ART 50 LEI FED 9605/98","empresa":"","municipio":"Candeias Do Jamari","porte":null,"valor":null,"processo":"3154100003","link_oficial":"https://sigam.sedam.ro.gov.br/consulta/processo?termo=3154100003","resumo":"Embargo Ambiental (BPA) · Candeias Do Jamari · Motivo: ART 50 LEI FED 9605/98 · Área embargada: 116.3 ha · BO: 3154100003","aprox":true}},{"type":"Feature","geometry":{"type":"Point","coordinates":[-65.32399,-10.41199]},"properties":{"id":"SEDAM (RO):COP N°3146500051","orgao":"SEDAM (RO)","uf":"RO","ano":2022,"categoria":"embargo","tipo":"Embargo Ambiental — Infração Ambiental","empresa":"","municipio":"Nova Mamoré","porte":null,"valor":null,"processo":"COP N°3146500051","link_oficial":"https://sigam.sedam.ro.gov.br/consulta/processo?termo=COP%20N%C2%B03146500051","resumo":"Embargo Ambiental (BPA) · Nova Mamoré · Motivo: Infração Ambiental · Área embargada: 24.8 ha · BO: COP N°3146500051","aprox":true}},{"type":"Feature","geometry":{"type":"Point","coordinates":[-63.70165,-8.7842]},"properties":{"id":"SEDAM (RO):3154100004","orgao":"SEDAM (RO)","uf":"RO","ano":2021,"categoria":"embargo","tipo":"Embargo Ambiental — ART 50 LEI FED 9605/98","empresa":"","municipio":"Candeias Do Jamari","porte":null,"valor":null,"processo":"3154100004","link_oficial":"https://sigam.sedam.ro.gov.br/consulta/processo?termo=3154100004","resumo":"Embargo Ambiental (BPA) · Candeias Do Jamari · Motivo: ART 50 LEI FED 9605/98 · Área embargada: 201.8 ha · BO: 3154100004","aprox":true}},{"type":"Feature","geometry":{"type":"Point","coordinates":[-63.699,-8.79507]},"properties":{"id":"SEDAM (RO):3154100003","orgao":"SEDAM (RO)","uf":"RO","ano":2021,"categoria":"embargo","tipo":"Embargo Ambiental — ART 50 LEI FED 9605/98","empresa":"","municipio":"Candeias Do Jamari","porte":null,"valor":null,"processo":"3154100003","link_oficial":"https://sigam.sedam.ro.gov.br/consulta/processo?termo=3154100003","resumo":"Embargo Ambiental (BPA) · Candeias Do Jamari · Motivo: ART 50 LEI FED 9605/98 · Área embargada: 83.2 ha · BO: 3154100003","aprox":true}},{"type":"Feature","geometry":{"type":"Point","coordinates":[-63.70902,-8.7809]},"properties":{"id":"SEDAM (RO):3154100002","orgao":"SEDAM (RO)","uf":"RO","ano":2021,"categoria":"embargo","tipo":"Embargo Ambiental — ART 5O LEI FED 9605/98","empresa":"","municipio":"Candeias Do Jamari","porte":null,"valor":null,"processo":"3154100002","link_oficial":"https://sigam.sedam.ro.gov.br/consulta/processo?termo=3154100002","resumo":"Embargo Ambiental (BPA) · Candeias Do Jamari · Motivo: ART 5O LEI FED 9605/98 · Área embargada: 124.3 ha · BO: 3154100002","aprox":true}},{"type":"Feature","geometry":{"type":"Point","coordinates":[-61.9608,-9.44584]},"properties":{"id":"SEDAM (RO):BPA/GA07/076061","orgao":"SEDAM (RO)","uf":"RO","ano":2020,"categoria":"embargo","tipo":"Embargo Ambiental — Infração Ambiental","empresa":"","municipio":"Machadinho D´Oeste","porte":null,"valor":null,"processo":"BPA/GA07/076061","link_oficial":"https://sigam.sedam.ro.gov.br/consulta/processo?termo=BPA/GA07/076061","resumo":"Embargo Ambiental (BPA) · Machadinho D´Oeste · Motivo: Infração Ambiental · Área embargada: 18.0 ha · BO: BPA/GA07/076061","aprox":true}},{"type":"Feature","geometry":{"type":"Point","coordinates":[-63.69599,-8.8031]},"properties":{"id":"SEDAM (RO):3154100011","orgao":"SEDAM (RO)","uf":"RO","ano":2021,"categoria":"embargo","tipo":"Embargo Ambiental — ART 50 LEI FED 9605/98","empresa":"","municipio":"Candeias Do Jamari","porte":null,"valor":null,"processo":"3154100011","link_oficial":"https://sigam.sedam.ro.gov.br/consulta/processo?termo=3154100011","resumo":"Embargo Ambiental (BPA) · Candeias Do Jamari · Motivo: ART 50 LEI FED 9605/98 · Área embargada: 158.4 ha · BO: 3154100011","aprox":true}},{"type":"Feature","geometry":{"type":"Point","coordinates":[-63.68351,-8.79309]},"properties":{"id":"SEDAM (RO):3154100012","orgao":"SEDAM (RO)","uf":"RO","ano":2021,"categoria":"embargo","tipo":"Embargo Ambiental — ART 50 LEI FED 9605/98","empresa":"","municipio":"Candeias Do Jamari","porte":null,"valor":null,"processo":"3154100012","link_oficial":"https://sigam.sedam.ro.gov.br/consulta/processo?termo=3154100012","resumo":"Embargo Ambiental (BPA) · Candeias Do Jamari · Motivo: ART 50 LEI FED 9605/98 · Área embargada: 101.9 ha · BO: 3154100012","aprox":true}},{"type":"Feature","geometry":{"type":"Point","coordinates":[-63.68881,-8.77725]},"properties":{"id":"SEDAM (RO):3154100013","orgao":"SEDAM (RO)","uf":"RO","ano":2021,"categoria":"embargo","tipo":"Embargo Ambiental — ART 50 LEI FED 9605/98","empresa":"","municipio":"Candeias Do Jamari","porte":null,"valor":null,"processo":"3154100013","link_oficial":"https://sigam.sedam.ro.gov.br/consulta/processo?termo=3154100013","resumo":"Embargo Ambiental (BPA) · Candeias Do Jamari · Motivo: ART 50 LEI FED 9605/98 · Área embargada: 83.6 ha · BO: 3154100013","aprox":true}},{"type":"Feature","geometry":{"type":"Point","coordinates":[-62.60159,-9.35826]},"properties":{"id":"SEDAM (RO):COP 3145000039","orgao":"SEDAM (RO)","uf":"RO","ano":2021,"categoria":"embargo","tipo":"Embargo Ambiental — ART. 50 DA LEI 9605/98","empresa":"","municipio":"Cujubim","porte":null,"valor":null,"processo":"COP 3145000039","link_oficial":"https://sigam.sedam.ro.gov.br/consulta/processo?termo=COP%203145000039","resumo":"Embargo Ambiental (BPA) · Cujubim · Motivo: ART. 50 DA LEI 9605/98 · Área embargada: 37.5 ha · BO: COP 3145000039","aprox":true}},{"type":"Feature","geometry":{"type":"Point","coordinates":[-63.70015,-8.79354]},"properties":{"id":"SEDAM (RO):COP3154700003","orgao":"SEDAM (RO)","uf":"RO","ano":2021,"categoria":"embargo","tipo":"Embargo Ambiental — ART. 50 DA LEI 9605/98","empresa":"","municipio":"Candeias Do Jamari","porte":null,"valor":null,"processo":"COP3154700003","link_oficial":"https://sigam.sedam.ro.gov.br/consulta/processo?termo=COP3154700003","resumo":"Embargo Ambiental (BPA) · Candeias Do Jamari · Motivo: ART. 50 DA LEI 9605/98 · Área embargada: 98.6 ha · BO: COP3154700003","aprox":true}},{"type":"Feature","geometry":{"type":"Point","coordinates":[-63.68518,-8.80143]},"properties":{"id":"SEDAM (RO):COP3154700006","orgao":"SEDAM (RO)","uf":"RO","ano":2021,"categoria":"embargo","tipo":"Embargo Ambiental — ART. 50 DA LEI 9605/98","empresa":"","municipio":"Candeias Do Jamari","porte":null,"valor":null,"processo":"COP3154700006","link_oficial":"https://sigam.sedam.ro.gov.br/consulta/processo?termo=COP3154700006","resumo":"Embargo Ambiental (BPA) · Candeias Do Jamari · Motivo: ART. 50 DA LEI 9605/98 · Área embargada: 33.3 ha · BO: COP3154700006","aprox":true}},{"type":"Feature","geometry":{"type":"Point","coordinates":[-63.7005,-8.7907]},"properties":{"id":"SEDAM (RO):PM81855-210525-2247","orgao":"SEDAM (RO)","uf":"RO","ano":2021,"categoria":"embargo","tipo":"Embargo Ambiental — Infração Ambiental","empresa":"","municipio":"Candeias Do Jamari","porte":null,"valor":null,"processo":"PM81855-210525-2247","link_oficial":"https://sigam.sedam.ro.gov.br/consulta/processo?termo=PM81855-210525-2247","resumo":"Embargo Ambiental (BPA) · Candeias Do Jamari · Motivo: Infração Ambiental · Área embargada: 29.5 ha · BO: PM81855-210525-2247","aprox":true}},{"type":"Feature","geometry":{"type":"Point","coordinates":[-63.70031,-8.79133]},"properties":{"id":"SEDAM (RO):PM81855-210526-1138","orgao":"SEDAM (RO)","uf":"RO","ano":2021,"categoria":"embargo","tipo":"Embargo Ambiental — Infração Ambiental","empresa":"","municipio":"Candeias Do Jamari","porte":null,"valor":null,"processo":"PM81855-210526-1138","link_oficial":"https://sigam.sedam.ro.gov.br/consulta/processo?termo=PM81855-210526-1138","resumo":"Embargo Ambiental (BPA) · Candeias Do Jamari · Motivo: Infração Ambiental · Área embargada: 84.0 ha · BO: PM81855-210526-1138","aprox":true}},{"type":"Feature","geometry":{"type":"Point","coordinates":[-63.702,-8.7861]},"properties":{"id":"SEDAM (RO):COP3154700002","orgao":"SEDAM (RO)","uf":"RO","ano":2021,"categoria":"embargo","tipo":"Embargo Ambiental — ART. 50 DA LEI 9605/98","empresa":"","municipio":"Candeias Do Jamari","porte":null,"valor":null,"processo":"COP3154700002","link_oficial":"https://sigam.sedam.ro.gov.br/consulta/processo?termo=COP3154700002","resumo":"Embargo Ambiental (BPA) · Candeias Do Jamari · Motivo: ART. 50 DA LEI 9605/98 · Área embargada: 88.4 ha · BO: COP3154700002","aprox":true}},{"type":"Feature","geometry":{"type":"Point","coordinates":[-62.18546,-9.85114]},"properties":{"id":"SEDAM (RO):COP 3148700046","orgao":"SEDAM (RO)","uf":"RO","ano":2021,"categoria":"embargo","tipo":"Embargo Ambiental — COP 3148700046","empresa":"","municipio":"Vale  Do Anari","porte":null,"valor":null,"processo":"COP 3148700046","link_oficial":"https://sigam.sedam.ro.gov.br/consulta/processo?termo=COP%203148700046","resumo":"Embargo Ambiental (BPA) · Vale  Do Anari · Motivo: COP 3148700046 · Área embargada: 22.3 ha · BO: COP 3148700046","aprox":true}},{"type":"Feature","geometry":{"type":"Point","coordinates":[-63.7055,-8.81077]},"properties":{"id":"SEDAM (RO):3148200071","orgao":"SEDAM (RO)","uf":"RO","ano":2021,"categoria":"embargo","tipo":"Embargo Ambiental — ART. 50 DA LEI 9605/98","empresa":"","municipio":"Candeias Do Jamari","porte":null,"valor":null,"processo":"3148200071","link_oficial":"https://sigam.sedam.ro.gov.br/consulta/processo?termo=3148200071","resumo":"Embargo Ambiental (BPA) · Candeias Do Jamari · Motivo: ART. 50 DA LEI 9605/98 · Área embargada: 394.1 ha · BO: 3148200071","aprox":true}},{"type":"Feature","geometry":{"type":"Point","coordinates":[-63.6998,-8.78933]},"properties":{"id":"SEDAM (RO):140017042021/MS/BPA","orgao":"SEDAM (RO)","uf":"RO","ano":2021,"categoria":"embargo","tipo":"Embargo Ambiental — ART. 50 DA LEI 9605/98","empresa":"","municipio":"Candeias Do Jamari","porte":null,"valor":null,"processo":"140017042021/MS/BPA","link_oficial":"https://sigam.sedam.ro.gov.br/consulta/processo?termo=140017042021/MS/BPA","resumo":"Embargo Ambiental (BPA) · Candeias Do Jamari · Motivo: ART. 50 DA LEI 9605/98 · Área embargada: 562.0 ha · BO: 140017042021/MS/BPA","aprox":true}},{"type":"Feature","geometry":{"type":"Point","coordinates":[-63.69977,-8.79119]},"properties":{"id":"SEDAM (RO):TCO 3034300021","orgao":"SEDAM (RO)","uf":"RO","ano":null,"categoria":"embargo","tipo":"Embargo Ambiental — ART. 50 DA LEI 9605/98","empresa":"","municipio":"Candeias Do Jamari","porte":null,"valor":null,"processo":"TCO 3034300021","link_oficial":"https://sigam.sedam.ro.gov.br/consulta/processo?termo=TCO%203034300021","resumo":"Embargo Ambiental (BPA) · Candeias Do Jamari · Motivo: ART. 50 DA LEI 9605/98 · Área embargada: 99.7 ha · BO: TCO 3034300021","aprox":true}},{"type":"Feature","geometry":{"type":"Point","coordinates":[-63.71878,-8.79772]},"properties":{"id":"SEDAM (RO):P.8961","orgao":"SEDAM (RO)","uf":"RO","ano":2021,"categoria":"embargo","tipo":"Embargo Ambiental — ART. 50 DA LEI 9605/98","empresa":"","municipio":"Candeias","porte":null,"valor":null,"processo":"P.8961","link_oficial":"https://sigam.sedam.ro.gov.br/consulta/processo?termo=P.8961","resumo":"Embargo Ambiental (BPA) · Candeias · Motivo: ART. 50 DA LEI 9605/98 · Área embargada: 86.1 ha · BO: P.8961","aprox":true}},{"type":"Feature","geometry":{"type":"Point","coordinates":[-63.69908,-8.80227]},"properties":{"id":"SEDAM (RO):3146800090","orgao":"SEDAM (RO)","uf":"RO","ano":2021,"categoria":"embargo","tipo":"Embargo Ambiental — ART. 50 DA LEI 9605/98","empresa":"","municipio":"Candeias Do Jamari","porte":null,"valor":null,"processo":"3146800090","link_oficial":"https://sigam.sedam.ro.gov.br/consulta/processo?termo=3146800090","resumo":"Embargo Ambiental (BPA) · Candeias Do Jamari · Motivo: ART. 50 DA LEI 9605/98 · Área embargada: 53.2 ha · BO: 3146800090","aprox":true}},{"type":"Feature","geometry":{"type":"Point","coordinates":[-62.59582,-9.36045]},"properties":{"id":"SEDAM (RO):3154100015","orgao":"SEDAM (RO)","uf":"RO","ano":2021,"categoria":"embargo","tipo":"Embargo Ambiental — ART. 50 DA LEI 9605/98","empresa":"","municipio":"Cujubim","porte":null,"valor":null,"processo":"3154100015","link_oficial":"https://sigam.sedam.ro.gov.br/consulta/processo?termo=3154100015","resumo":"Embargo Ambiental (BPA) · Cujubim · Motivo: ART. 50 DA LEI 9605/98 · Área embargada: 25.1 ha · BO: 3154100015","aprox":true}},{"type":"Feature","geometry":{"type":"Point","coordinates":[-65.34744,-10.42099]},"properties":{"id":"SEDAM (RO):SDM-0005-NVM","orgao":"SEDAM (RO)","uf":"RO","ano":2020,"categoria":"embargo","tipo":"Embargo Ambiental — ART. 50 DA LEI 9605/98","empresa":"","municipio":"Nova Mamoré","porte":null,"valor":null,"processo":"SDM-0005-NVM","link_oficial":"https://sigam.sedam.ro.gov.br/consulta/processo?termo=SDM-0005-NVM","resumo":"Embargo Ambiental (BPA) · Nova Mamoré · Motivo: ART. 50 DA LEI 9605/98 · Área embargada: 17.4 ha · BO: SDM-0005-NVM","aprox":true}},{"type":"Feature","geometry":{"type":"Point","coordinates":[-62.58215,-9.37047]},"properties":{"id":"SEDAM (RO):COP 3145000034","orgao":"SEDAM (RO)","uf":"RO","ano":2021,"categoria":"embargo","tipo":"Embargo Ambiental — ART. 50 DA LEI 9605/98","empresa":"","municipio":"Cujubim","porte":null,"valor":null,"processo":"COP 3145000034","link_oficial":"https://sigam.sedam.ro.gov.br/consulta/processo?termo=COP%203145000034","resumo":"Embargo Ambiental (BPA) · Cujubim · Motivo: ART. 50 DA LEI 9605/98 · Área embargada: 193.5 ha · BO: COP 3145000034","aprox":true}},{"type":"Feature","geometry":{"type":"Point","coordinates":[-62.5762,-9.3714]},"properties":{"id":"SEDAM (RO):COP 3145000035","orgao":"SEDAM (RO)","uf":"RO","ano":2021,"categoria":"embargo","tipo":"Embargo Ambiental — ART. 50 DA LEI 9605/98","empresa":"","municipio":"Cujubim","porte":null,"valor":null,"processo":"COP 3145000035","link_oficial":"https://sigam.sedam.ro.gov.br/consulta/processo?termo=COP%203145000035","resumo":"Embargo Ambiental (BPA) · Cujubim · Motivo: ART. 50 DA LEI 9605/98 · Área embargada: 394.1 ha · BO: COP 3145000035","aprox":true}},{"type":"Feature","geometry":{"type":"Point","coordinates":[-63.70324,-8.78755]},"properties":{"id":"SEDAM (RO):TCO 3143800076","orgao":"SEDAM (RO)","uf":"RO","ano":2021,"categoria":"embargo","tipo":"Embargo Ambiental — ART. 50 DA LEI 9605/98","empresa":"","municipio":"Candeias Do Jamari","porte":null,"valor":null,"processo":"TCO 3143800076","link_oficial":"https://sigam.sedam.ro.gov.br/consulta/processo?termo=TCO%203143800076","resumo":"Embargo Ambiental (BPA) · Candeias Do Jamari · Motivo: ART. 50 DA LEI 9605/98 · Área embargada: 456.6 ha · BO: TCO 3143800076","aprox":true}},{"type":"Feature","geometry":{"type":"Point","coordinates":[-63.68679,-8.77377]},"properties":{"id":"SEDAM (RO):31479000196","orgao":"SEDAM (RO)","uf":"RO","ano":2021,"categoria":"embargo","tipo":"Embargo Ambiental — ART. 46","empresa":"","municipio":"Candeias Do Jamari","porte":null,"valor":null,"processo":"31479000196","link_oficial":"https://sigam.sedam.ro.gov.br/consulta/processo?termo=31479000196","resumo":"Embargo Ambiental (BPA) · Candeias Do Jamari · Motivo: ART. 46 · Área embargada: 0.9 ha · BO: 31479000196","aprox":true}},{"type":"Feature","geometry":{"type":"Point","coordinates":[-62.5762,-9.3714]},"properties":{"id":"SEDAM (RO):COP 3145000035","orgao":"SEDAM (RO)","uf":"RO","ano":2021,"categoria":"embargo","tipo":"Embargo Ambiental — ART. 50 DA LEI 9605/98","empresa":"","municipio":"Cujubim","porte":null,"valor":null,"processo":"COP 3145000035","link_oficial":"https://sigam.sedam.ro.gov.br/consulta/processo?termo=COP%203145000035","resumo":"Embargo Ambiental (BPA) · Cujubim · Motivo: ART. 50 DA LEI 9605/98 · Área embargada: 105.2 ha · BO: COP 3145000035","aprox":true}},{"type":"Feature","geometry":{"type":"Point","coordinates":[-61.18483,-11.66243]},"properties":{"id":"SEDAM (RO):041","orgao":"SEDAM (RO)","uf":"RO","ano":null,"categoria":"embargo","tipo":"Embargo Ambiental — Infração Ambiental","empresa":"","municipio":"Pimenta Bueno","porte":null,"valor":null,"processo":"041","link_oficial":"https://sigam.sedam.ro.gov.br/consulta/processo?termo=041","resumo":"Embargo Ambiental (BPA) · Pimenta Bueno · Motivo: Infração Ambiental · Área embargada: 39.5 ha · BO: 041","aprox":true}},{"type":"Feature","geometry":{"type":"Point","coordinates":[-61.18887,-11.66186]},"properties":{"id":"SEDAM (RO):030","orgao":"SEDAM (RO)","uf":"RO","ano":null,"categoria":"embargo","tipo":"Embargo Ambiental — Infração Ambiental","empresa":"","municipio":"Pimenta Bueno","porte":null,"valor":null,"processo":"030","link_oficial":"https://sigam.sedam.ro.gov.br/consulta/processo?termo=030","resumo":"Embargo Ambiental (BPA) · Pimenta Bueno · Motivo: Infração Ambiental · Área embargada: 24.6 ha · BO: 030","aprox":true}},{"type":"Feature","geometry":{"type":"Point","coordinates":[-61.19715,-11.66881]},"properties":{"id":"SEDAM (RO):031","orgao":"SEDAM (RO)","uf":"RO","ano":null,"categoria":"embargo","tipo":"Embargo Ambiental — Infração Ambiental","empresa":"","municipio":"Pimenta Bueno","porte":null,"valor":null,"processo":"031","link_oficial":"https://sigam.sedam.ro.gov.br/consulta/processo?termo=031","resumo":"Embargo Ambiental (BPA) · Pimenta Bueno · Motivo: Infração Ambiental · Área embargada: 19.2 ha · BO: 031","aprox":true}},{"type":"Feature","geometry":{"type":"Point","coordinates":[-62.2741,-10.71949]},"properties":{"id":"SEDAM (RO):050","orgao":"SEDAM (RO)","uf":"RO","ano":null,"categoria":"embargo","tipo":"Embargo Ambiental — Infração Ambiental","empresa":"","municipio":"Ouro Preto Do Oeste","porte":null,"valor":null,"processo":"050","link_oficial":"https://sigam.sedam.ro.gov.br/consulta/processo?termo=050","resumo":"Embargo Ambiental (BPA) · Ouro Preto Do Oeste · Motivo: Infração Ambiental · Área embargada: 29.7 ha · BO: 050","aprox":true}},{"type":"Feature","geometry":{"type":"Point","coordinates":[-61.20946,-11.68196]},"properties":{"id":"SEDAM (RO):034","orgao":"SEDAM (RO)","uf":"RO","ano":null,"categoria":"embargo","tipo":"Embargo Ambiental — Infração Ambiental","empresa":"","municipio":"Pimenta Bueno","porte":null,"valor":null,"processo":"034","link_oficial":"https://sigam.sedam.ro.gov.br/consulta/processo?termo=034","resumo":"Embargo Ambiental (BPA) · Pimenta Bueno · Motivo: Infração Ambiental · Área embargada: 178.4 ha · BO: 034","aprox":true}},{"type":"Feature","geometry":{"type":"Point","coordinates":[-65.32937,-10.39827]},"properties":{"id":"SEDAM (RO):EMQ08_3°Pel_1ªCia_BPA","orgao":"SEDAM (RO)","uf":"RO","ano":2022,"categoria":"embargo","tipo":"Embargo Ambiental — Infração Ambiental","empresa":"","municipio":"Nova Mamoré","porte":null,"valor":null,"processo":"EMQ08_3°Pel_1ªCia_BPA","link_oficial":"https://sigam.sedam.ro.gov.br/consulta/processo?termo=EMQ08_3%C2%B0Pel_1%C2%AACia_BPA","resumo":"Embargo Ambiental (BPA) · Nova Mamoré · Motivo: Infração Ambiental · Área embargada: 57.6 ha · BO: EMQ08_3°Pel_1ªCia_BPA","aprox":true}},{"type":"Feature","geometry":{"type":"Point","coordinates":[-61.19823,-11.68542]},"properties":{"id":"SEDAM (RO):033","orgao":"SEDAM (RO)","uf":"RO","ano":null,"categoria":"embargo","tipo":"Embargo Ambiental — Infração Ambiental","empresa":"","municipio":"Pimenta Bueno","porte":null,"valor":null,"processo":"033","link_oficial":"https://sigam.sedam.ro.gov.br/consulta/processo?termo=033","resumo":"Embargo Ambiental (BPA) · Pimenta Bueno · Motivo: Infração Ambiental · Área embargada: 23.0 ha · BO: 033","aprox":true}},{"type":"Feature","geometry":{"type":"Point","coordinates":[-65.33405,-10.4156]},"properties":{"id":"SEDAM (RO):3322200156","orgao":"SEDAM (RO)","uf":"RO","ano":2025,"categoria":"embargo","tipo":"Embargo Ambiental — Infração Ambiental","empresa":"","municipio":"Nova Mamoré","porte":null,"valor":null,"processo":"3322200156","link_oficial":"https://sigam.sedam.ro.gov.br/consulta/processo?termo=3322200156","resumo":"Embargo Ambiental (BPA) · Nova Mamoré · Motivo: Infração Ambiental · Área embargada: 19.0 ha · BO: 3322200156","aprox":true}},{"type":"Feature","geometry":{"type":"Point","coordinates":[-63.90107,-8.75865]},"properties":{"id":"SEDAM (RO):3317600165","orgao":"SEDAM (RO)","uf":"RO","ano":2025,"categoria":"embargo","tipo":"Embargo Ambiental — ART.50/9605","empresa":"","municipio":"Porto Velho","porte":null,"valor":null,"processo":"3317600165","link_oficial":"https://sigam.sedam.ro.gov.br/consulta/processo?termo=3317600165","resumo":"Embargo Ambiental (BPA) · Porto Velho · Motivo: ART.50/9605 · Área embargada: 105.2 ha · BO: 3317600165","aprox":true}},{"type":"Feature","geometry":{"type":"Point","coordinates":[-63.89135,-8.76902]},"properties":{"id":"SEDAM (RO):3317600176","orgao":"SEDAM (RO)","uf":"RO","ano":2025,"categoria":"embargo","tipo":"Embargo Ambiental — ART.50/9605","empresa":"","municipio":"Porto Velho","porte":null,"valor":null,"processo":"3317600176","link_oficial":"https://sigam.sedam.ro.gov.br/consulta/processo?termo=3317600176","resumo":"Embargo Ambiental (BPA) · Porto Velho · Motivo: ART.50/9605 · Área embargada: 25.7 ha · BO: 3317600176","aprox":true}},{"type":"Feature","geometry":{"type":"Point","coordinates":[-63.89497,-8.76191]},"properties":{"id":"SEDAM (RO):3317600177","orgao":"SEDAM (RO)","uf":"RO","ano":2025,"categoria":"embargo","tipo":"Embargo Ambiental — ART.50/9605","empresa":"","municipio":"Porto Velho","porte":null,"valor":null,"processo":"3317600177","link_oficial":"https://sigam.sedam.ro.gov.br/consulta/processo?termo=3317600177","resumo":"Embargo Ambiental (BPA) · Porto Velho · Motivo: ART.50/9605 · Área embargada: 30.8 ha · BO: 3317600177","aprox":true}},{"type":"Feature","geometry":{"type":"Point","coordinates":[-63.90014,-8.75992]},"properties":{"id":"SEDAM (RO):3322200160","orgao":"SEDAM (RO)","uf":"RO","ano":2025,"categoria":"embargo","tipo":"Embargo Ambiental — ART.50/9605","empresa":"","municipio":"Porto Velho","porte":null,"valor":null,"processo":"3322200160","link_oficial":"https://sigam.sedam.ro.gov.br/consulta/processo?termo=3322200160","resumo":"Embargo Ambiental (BPA) · Porto Velho · Motivo: ART.50/9605 · Área embargada: 12.4 ha · BO: 3322200160","aprox":true}},{"type":"Feature","geometry":{"type":"Point","coordinates":[-63.91429,-8.77372]},"properties":{"id":"SEDAM (RO):3322200159","orgao":"SEDAM (RO)","uf":"RO","ano":2025,"categoria":"embargo","tipo":"Embargo Ambiental — ART.50/9605","empresa":"","municipio":"Porto Velho","porte":null,"valor":null,"processo":"3322200159","link_oficial":"https://sigam.sedam.ro.gov.br/consulta/processo?termo=3322200159","resumo":"Embargo Ambiental (BPA) · Porto Velho · Motivo: ART.50/9605 · Área embargada: 33.2 ha · BO: 3322200159","aprox":true}},{"type":"Feature","geometry":{"type":"Point","coordinates":[-63.68907,-8.7973]},"properties":{"id":"SEDAM (RO):TCO 3042400008","orgao":"SEDAM (RO)","uf":"RO","ano":2019,"categoria":"embargo","tipo":"Embargo Ambiental — ART. 50 DA LEI 9605/98","empresa":"","municipio":"Candeias Do Jamari","porte":null,"valor":null,"processo":"TCO 3042400008","link_oficial":"https://sigam.sedam.ro.gov.br/consulta/processo?termo=TCO%203042400008","resumo":"Embargo Ambiental (BPA) · Candeias Do Jamari · Motivo: ART. 50 DA LEI 9605/98 · Área embargada: 81.2 ha · BO: TCO 3042400008","aprox":true}},{"type":"Feature","geometry":{"type":"Point","coordinates":[-63.88706,-8.74373]},"properties":{"id":"SEDAM (RO):3321100110","orgao":"SEDAM (RO)","uf":"RO","ano":2025,"categoria":"embargo","tipo":"Embargo Ambiental — ART. 50 LEI FED. 9605/98","empresa":"","municipio":"Porto Velho","porte":null,"valor":null,"processo":"3321100110","link_oficial":"https://sigam.sedam.ro.gov.br/consulta/processo?termo=3321100110","resumo":"Embargo Ambiental (BPA) · Porto Velho · Motivo: ART. 50 LEI FED. 9605/98 · Área embargada: 28.9 ha · BO: 3321100110","aprox":true}},{"type":"Feature","geometry":{"type":"Point","coordinates":[-63.88706,-8.74373]},"properties":{"id":"SEDAM (RO):3321100110","orgao":"SEDAM (RO)","uf":"RO","ano":2025,"categoria":"embargo","tipo":"Embargo Ambiental — ART. 50 LEI FED. 9605/98","empresa":"","municipio":"Porto Velho","porte":null,"valor":null,"processo":"3321100110","link_oficial":"https://sigam.sedam.ro.gov.br/consulta/processo?termo=3321100110","resumo":"Embargo Ambiental (BPA) · Porto Velho · Motivo: ART. 50 LEI FED. 9605/98 · Área embargada: 14.6 ha · BO: 3321100110","aprox":true}},{"type":"Feature","geometry":{"type":"Point","coordinates":[-65.33482,-10.40766]},"properties":{"id":"SEDAM (RO):3317600180","orgao":"SEDAM (RO)","uf":"RO","ano":2025,"categoria":"embargo","tipo":"Embargo Ambiental — ART.50/9605","empresa":"","municipio":"Nova Mamoré","porte":null,"valor":null,"processo":"3317600180","link_oficial":"https://sigam.sedam.ro.gov.br/consulta/processo?termo=3317600180","resumo":"Embargo Ambiental (BPA) · Nova Mamoré · Motivo: ART.50/9605 · Área embargada: 46.8 ha · BO: 3317600180","aprox":true}},{"type":"Feature","geometry":{"type":"Point","coordinates":[-65.34966,-10.41259]},"properties":{"id":"SEDAM (RO):3322200176","orgao":"SEDAM (RO)","uf":"RO","ano":2025,"categoria":"embargo","tipo":"Embargo Ambiental — ART.50 Lei Fed.9605/98","empresa":"","municipio":"Nova Mamoré","porte":null,"valor":null,"processo":"3322200176","link_oficial":"https://sigam.sedam.ro.gov.br/consulta/processo?termo=3322200176","resumo":"Embargo Ambiental (BPA) · Nova Mamoré · Motivo: ART.50 Lei Fed.9605/98 · Área embargada: 18.2 ha · BO: 3322200176","aprox":true}},{"type":"Feature","geometry":{"type":"Point","coordinates":[-63.82069,-10.20561]},"properties":{"id":"SEDAM (RO):TCO 3320100121","orgao":"SEDAM (RO)","uf":"RO","ano":2025,"categoria":"embargo","tipo":"Embargo Ambiental — ART. 50 DA LEI 9605/98","empresa":"","municipio":"Buritis","porte":null,"valor":null,"processo":"TCO 3320100121","link_oficial":"https://sigam.sedam.ro.gov.br/consulta/processo?termo=TCO%203320100121","resumo":"Embargo Ambiental (BPA) · Buritis · Motivo: ART. 50 DA LEI 9605/98 · Área embargada: 1.8 ha · BO: TCO 3320100121","aprox":true}},{"type":"Feature","geometry":{"type":"Point","coordinates":[-63.84072,-10.1878]},"properties":{"id":"SEDAM (RO):TCO 3320100120","orgao":"SEDAM (RO)","uf":"RO","ano":2025,"categoria":"embargo","tipo":"Embargo Ambiental — ART. 161 - CP (Usurpação)","empresa":"","municipio":"Buritis","porte":null,"valor":null,"processo":"TCO 3320100120","link_oficial":"https://sigam.sedam.ro.gov.br/consulta/processo?termo=TCO%203320100120","resumo":"Embargo Ambiental (BPA) · Buritis · Motivo: ART. 161 - CP (Usurpação) · Área embargada: 0.0 ha · BO: TCO 3320100120","aprox":true}},{"type":"Feature","geometry":{"type":"Point","coordinates":[-61.19954,-11.67075]},"properties":{"id":"SEDAM (RO):032","orgao":"SEDAM (RO)","uf":"RO","ano":null,"categoria":"embargo","tipo":"Embargo Ambiental — Infração Ambiental","empresa":"","municipio":"Pimenta Bueno","porte":null,"valor":null,"processo":"032","link_oficial":"https://sigam.sedam.ro.gov.br/consulta/processo?termo=032","resumo":"Embargo Ambiental (BPA) · Pimenta Bueno · Motivo: Infração Ambiental · Área embargada: 75.9 ha · BO: 032","aprox":true}},{"type":"Feature","geometry":{"type":"Point","coordinates":[-63.70565,-8.79729]},"properties":{"id":"SEDAM (RO):COP 314700056","orgao":"SEDAM (RO)","uf":"RO","ano":2020,"categoria":"embargo","tipo":"Embargo Ambiental — ART. 50 DA LEI 9605/98","empresa":"","municipio":"Candeias Do Jamari","porte":null,"valor":null,"processo":"COP 314700056","link_oficial":"https://sigam.sedam.ro.gov.br/consulta/processo?termo=COP%20314700056","resumo":"Embargo Ambiental (BPA) · Candeias Do Jamari · Motivo: ART. 50 DA LEI 9605/98 · Área embargada: 179.9 ha · BO: COP 314700056","aprox":true}},{"type":"Feature","geometry":{"type":"Point","coordinates":[-63.7072,-8.79288]},"properties":{"id":"SEDAM (RO):TCO 3147800058","orgao":"SEDAM (RO)","uf":"RO","ano":2020,"categoria":"embargo","tipo":"Embargo Ambiental — Infração Ambiental","empresa":"","municipio":"Candeias","porte":null,"valor":null,"processo":"TCO 3147800058","link_oficial":"https://sigam.sedam.ro.gov.br/consulta/processo?termo=TCO%203147800058","resumo":"Embargo Ambiental (BPA) · Candeias · Motivo: Infração Ambiental · Área embargada: 112.7 ha · BO: TCO 3147800058","aprox":true}},{"type":"Feature","geometry":{"type":"Point","coordinates":[-61.97614,-9.45202]},"properties":{"id":"SEDAM (RO):COP 3321100129","orgao":"SEDAM (RO)","uf":"RO","ano":2025,"categoria":"embargo","tipo":"Embargo Ambiental — ART L50 LEI FED 9605/98","empresa":"","municipio":"Machadinho D'Oeste","porte":null,"valor":null,"processo":"COP 3321100129","link_oficial":"https://sigam.sedam.ro.gov.br/consulta/processo?termo=COP%203321100129","resumo":"Embargo Ambiental (BPA) · Machadinho D'Oeste · Motivo: ART L50 LEI FED 9605/98 · Área embargada: 14.3 ha · BO: COP 3321100129","aprox":true}},{"type":"Feature","geometry":{"type":"Point","coordinates":[-63.71298,-8.80045]},"properties":{"id":"SEDAM (RO):3147800055","orgao":"SEDAM (RO)","uf":"RO","ano":2020,"categoria":"embargo","tipo":"Embargo Ambiental — Infração Ambiental","empresa":"","municipio":"Candeias Do Jamari","porte":null,"valor":null,"processo":"3147800055","link_oficial":"https://sigam.sedam.ro.gov.br/consulta/processo?termo=3147800055","resumo":"Embargo Ambiental (BPA) · Candeias Do Jamari · Motivo: Infração Ambiental · Área embargada: 190.4 ha · BO: 3147800055","aprox":true}},{"type":"Feature","geometry":{"type":"Point","coordinates":[-63.72099,-8.79581]},"properties":{"id":"SEDAM (RO):113001112021/MS-BPA","orgao":"SEDAM (RO)","uf":"RO","ano":2021,"categoria":"embargo","tipo":"Embargo Ambiental — Infração Ambiental","empresa":"","municipio":"Candeias Do Jamari","porte":null,"valor":null,"processo":"113001112021/MS-BPA","link_oficial":"https://sigam.sedam.ro.gov.br/consulta/processo?termo=113001112021/MS-BPA","resumo":"Embargo Ambiental (BPA) · Candeias Do Jamari · Motivo: Infração Ambiental · Área embargada: 202.0 ha · BO: 113001112021/MS-BPA","aprox":true}},{"type":"Feature","geometry":{"type":"Point","coordinates":[-61.97788,-9.44418]},"properties":{"id":"SEDAM (RO):BPA/TSA08/076061","orgao":"SEDAM (RO)","uf":"RO","ano":2020,"categoria":"embargo","tipo":"Embargo Ambiental — Infração Ambiental","empresa":"","municipio":"Machadinho D´Oeste","porte":null,"valor":null,"processo":"BPA/TSA08/076061","link_oficial":"https://sigam.sedam.ro.gov.br/consulta/processo?termo=BPA/TSA08/076061","resumo":"Embargo Ambiental (BPA) · Machadinho D´Oeste · Motivo: Infração Ambiental · Área embargada: 18.0 ha · BO: BPA/TSA08/076061","aprox":true}},{"type":"Feature","geometry":{"type":"Point","coordinates":[-63.70082,-8.79993]},"properties":{"id":"SEDAM (RO):TCO 3042600041","orgao":"SEDAM (RO)","uf":"RO","ano":2019,"categoria":"embargo","tipo":"Embargo Ambiental — ART. 50 DA LEI 9605/98","empresa":"","municipio":"Candeias Do Jamari","porte":null,"valor":null,"processo":"TCO 3042600041","link_oficial":"https://sigam.sedam.ro.gov.br/consulta/processo?termo=TCO%203042600041","resumo":"Embargo Ambiental (BPA) · Candeias Do Jamari · Motivo: ART. 50 DA LEI 9605/98 · Área embargada: 9.8 ha · BO: TCO 3042600041","aprox":true}},{"type":"Feature","geometry":{"type":"Point","coordinates":[-63.88513,-8.75568]},"properties":{"id":"SEDAM (RO):SGT PM HELIO","orgao":"SEDAM (RO)","uf":"RO","ano":2015,"categoria":"embargo","tipo":"Embargo Ambiental — Infração Ambiental","empresa":"","municipio":"Porto Velho","porte":null,"valor":null,"processo":"SGT PM HELIO","link_oficial":"https://sigam.sedam.ro.gov.br/consulta/processo?termo=SGT%20PM%20HELIO","resumo":"Embargo Ambiental (BPA) · Porto Velho · Motivo: Infração Ambiental · Área embargada: 13.1 ha · BO: SGT PM HELIO","aprox":true}},{"type":"Feature","geometry":{"type":"Point","coordinates":[-63.71298,-8.79335]},"properties":{"id":"SEDAM (RO):3042600042","orgao":"SEDAM (RO)","uf":"RO","ano":2019,"categoria":"embargo","tipo":"Embargo Ambiental — ART. 50 DA LEI 9605/98","empresa":"","municipio":"Candeias Do Jamari","porte":null,"valor":null,"processo":"3042600042","link_oficial":"https://sigam.sedam.ro.gov.br/consulta/processo?termo=3042600042","resumo":"Embargo Ambiental (BPA) · Candeias Do Jamari · Motivo: ART. 50 DA LEI 9605/98 · Área embargada: 18.4 ha · BO: 3042600042","aprox":true}},{"type":"Feature","geometry":{"type":"Point","coordinates":[-63.9,-8.76]},"properties":{"id":"SEDAM (RO):3042400002","orgao":"SEDAM (RO)","uf":"RO","ano":null,"categoria":"embargo","tipo":"Embargo Ambiental — ART. 50 DA LEI 9605/98","empresa":"","municipio":null,"porte":null,"valor":null,"processo":"3042400002","link_oficial":"https://sigam.sedam.ro.gov.br/consulta/processo?termo=3042400002","resumo":"Embargo Ambiental (BPA) · RO · Motivo: ART. 50 DA LEI 9605/98 · Área embargada: 11.2 ha · BO: 3042400002","aprox":true}},{"type":"Feature","geometry":{"type":"Point","coordinates":[-63.69863,-8.79134]},"properties":{"id":"SEDAM (RO):TCO 3042400015","orgao":"SEDAM (RO)","uf":"RO","ano":null,"categoria":"embargo","tipo":"Embargo Ambiental — ART. 50 DA LEI 9605/98","empresa":"","municipio":"Candeias Do Jamari","porte":null,"valor":null,"processo":"TCO 3042400015","link_oficial":"https://sigam.sedam.ro.gov.br/consulta/processo?termo=TCO%203042400015","resumo":"Embargo Ambiental (BPA) · Candeias Do Jamari · Motivo: ART. 50 DA LEI 9605/98 · Área embargada: 187.0 ha · BO: TCO 3042400015","aprox":true}},{"type":"Feature","geometry":{"type":"Point","coordinates":[-63.91159,-8.77422]},"properties":{"id":"SEDAM (RO):TCO 3042600078","orgao":"SEDAM (RO)","uf":"RO","ano":2019,"categoria":"embargo","tipo":"Embargo Ambiental — ART. 50 DA LEI 9605/98","empresa":"","municipio":"Porto Velho","porte":null,"valor":null,"processo":"TCO 3042600078","link_oficial":"https://sigam.sedam.ro.gov.br/consulta/processo?termo=TCO%203042600078","resumo":"Embargo Ambiental (BPA) · Porto Velho · Motivo: ART. 50 DA LEI 9605/98 · Área embargada: 0.7 ha · BO: TCO 3042600078","aprox":true}},{"type":"Feature","geometry":{"type":"Point","coordinates":[-63.68212,-8.78877]},"properties":{"id":"SEDAM (RO):TCO 3042600081","orgao":"SEDAM (RO)","uf":"RO","ano":null,"categoria":"embargo","tipo":"Embargo Ambiental — Infração Ambiental","empresa":"","municipio":"Candeias Do Jamari","porte":null,"valor":null,"processo":"TCO 3042600081","link_oficial":"https://sigam.sedam.ro.gov.br/consulta/processo?termo=TCO%203042600081","resumo":"Embargo Ambiental (BPA) · Candeias Do Jamari · Motivo: Infração Ambiental · Área embargada: 16.5 ha · BO: TCO 3042600081","aprox":true}},{"type":"Feature","geometry":{"type":"Point","coordinates":[-63.55644,-12.03486]},"properties":{"id":"SEDAM (RO):TCO 3024400004","orgao":"SEDAM (RO)","uf":"RO","ano":null,"categoria":"embargo","tipo":"Embargo Ambiental — ART. 50 DA LEI 9605/98","empresa":"","municipio":"São Francisco Do Guapore","porte":null,"valor":null,"processo":"TCO 3024400004","link_oficial":"https://sigam.sedam.ro.gov.br/consulta/processo?termo=TCO%203024400004","resumo":"Embargo Ambiental (BPA) · São Francisco Do Guapore · Motivo: ART. 50 DA LEI 9605/98 · Área embargada: 886.4 ha · BO: TCO 3024400004","aprox":true}},{"type":"Feature","geometry":{"type":"Point","coordinates":[-63.90219,-8.76156]},"properties":{"id":"SEDAM (RO):TCO 3042600082","orgao":"SEDAM (RO)","uf":"RO","ano":2019,"categoria":"embargo","tipo":"Embargo Ambiental — ART. 50 DA LEI 9605/98","empresa":"","municipio":"Porto Velho","porte":null,"valor":null,"processo":"TCO 3042600082","link_oficial":"https://sigam.sedam.ro.gov.br/consulta/processo?termo=TCO%203042600082","resumo":"Embargo Ambiental (BPA) · Porto Velho · Motivo: ART. 50 DA LEI 9605/98 · Área embargada: 168.4 ha · BO: TCO 3042600082","aprox":true}},{"type":"Feature","geometry":{"type":"Point","coordinates":[-63.70306,-8.78114]},"properties":{"id":"SEDAM (RO):3315900016","orgao":"SEDAM (RO)","uf":"RO","ano":null,"categoria":"embargo","tipo":"Embargo Ambiental — Art. 50 da Lei Federal 9.605/1998","empresa":"","municipio":"Candeias Do Jamari","porte":null,"valor":null,"processo":"3315900016","link_oficial":"https://sigam.sedam.ro.gov.br/consulta/processo?termo=3315900016","resumo":"Embargo Ambiental (BPA) · Candeias Do Jamari · Motivo: Art. 50 da Lei Federal 9.605/1998 · Área embargada: 4.8 ha · BO: 3315900016","aprox":true}},{"type":"Feature","geometry":{"type":"Point","coordinates":[-63.70306,-8.78114]},"properties":{"id":"SEDAM (RO):3315900016","orgao":"SEDAM (RO)","uf":"RO","ano":null,"categoria":"embargo","tipo":"Embargo Ambiental — Art. 50 da Lei Federal 9.605/1998","empresa":"","municipio":"Candeias Do Jamari","porte":null,"valor":null,"processo":"3315900016","link_oficial":"https://sigam.sedam.ro.gov.br/consulta/processo?termo=3315900016","resumo":"Embargo Ambiental (BPA) · Candeias Do Jamari · Motivo: Art. 50 da Lei Federal 9.605/1998 · Área embargada: 7.1 ha · BO: 3315900016","aprox":true}},{"type":"Feature","geometry":{"type":"Point","coordinates":[-65.33556,-10.40943]},"properties":{"id":"SEDAM (RO):3317000090","orgao":"SEDAM (RO)","uf":"RO","ano":null,"categoria":"embargo","tipo":"Embargo Ambiental — Art. 50 da Lei Federal 9.605/1998","empresa":"","municipio":"Nova Mamoré","porte":null,"valor":null,"processo":"3317000090","link_oficial":"https://sigam.sedam.ro.gov.br/consulta/processo?termo=3317000090","resumo":"Embargo Ambiental (BPA) · Nova Mamoré · Motivo: Art. 50 da Lei Federal 9.605/1998 · Área embargada: 9.5 ha · BO: 3317000090","aprox":true}},{"type":"Feature","geometry":{"type":"Point","coordinates":[-65.35349,-10.39929]},"properties":{"id":"SEDAM (RO):3320700126","orgao":"SEDAM (RO)","uf":"RO","ano":null,"categoria":"embargo","tipo":"Embargo Ambiental — Art. 50 da Lei Federal 9.605/1998","empresa":"","municipio":"Nova Mamoré","porte":null,"valor":null,"processo":"3320700126","link_oficial":"https://sigam.sedam.ro.gov.br/consulta/processo?termo=3320700126","resumo":"Embargo Ambiental (BPA) · Nova Mamoré · Motivo: Art. 50 da Lei Federal 9.605/1998 · Área embargada: 14.6 ha · BO: 3320700126","aprox":true}},{"type":"Feature","geometry":{"type":"Point","coordinates":[-65.34132,-10.41466]},"properties":{"id":"SEDAM (RO):3320700128","orgao":"SEDAM (RO)","uf":"RO","ano":null,"categoria":"embargo","tipo":"Embargo Ambiental — Art. 50 da Lei Federal 9.605/1998","empresa":"","municipio":"Nova Mamoré","porte":null,"valor":null,"processo":"3320700128","link_oficial":"https://sigam.sedam.ro.gov.br/consulta/processo?termo=3320700128","resumo":"Embargo Ambiental (BPA) · Nova Mamoré · Motivo: Art. 50 da Lei Federal 9.605/1998 · Área embargada: 10.3 ha · BO: 3320700128","aprox":true}},{"type":"Feature","geometry":{"type":"Point","coordinates":[-65.3464,-10.3978]},"properties":{"id":"SEDAM (RO):3320700127","orgao":"SEDAM (RO)","uf":"RO","ano":null,"categoria":"embargo","tipo":"Embargo Ambiental — Art. 50 da Lei Federal 9.605/1998","empresa":"","municipio":"Nova Mamoré","porte":null,"valor":null,"processo":"3320700127","link_oficial":"https://sigam.sedam.ro.gov.br/consulta/processo?termo=3320700127","resumo":"Embargo Ambiental (BPA) · Nova Mamoré · Motivo: Art. 50 da Lei Federal 9.605/1998 · Área embargada: 13.9 ha · BO: 3320700127","aprox":true}},{"type":"Feature","geometry":{"type":"Point","coordinates":[-63.71783,-8.79376]},"properties":{"id":"SEDAM (RO):3147900159","orgao":"SEDAM (RO)","uf":"RO","ano":2021,"categoria":"embargo","tipo":"Embargo Ambiental — Infração Ambiental","empresa":"","municipio":"Candeias Do Jamari","porte":null,"valor":null,"processo":"3147900159","link_oficial":"https://sigam.sedam.ro.gov.br/consulta/processo?termo=3147900159","resumo":"Embargo Ambiental (BPA) · Candeias Do Jamari · Motivo: Infração Ambiental · Área embargada: 46.7 ha · BO: 3147900159","aprox":true}},{"type":"Feature","geometry":{"type":"Point","coordinates":[-61.03554,-11.53036]},"properties":{"id":"SEDAM (RO):3313300145","orgao":"SEDAM (RO)","uf":"RO","ano":null,"categoria":"embargo","tipo":"Embargo Ambiental — Art. 50 da Lei Federal 9.605/1998","empresa":"","municipio":"Espigão D'Oeste","porte":null,"valor":null,"processo":"3313300145","link_oficial":"https://sigam.sedam.ro.gov.br/consulta/processo?termo=3313300145","resumo":"Embargo Ambiental (BPA) · Espigão D'Oeste · Motivo: Art. 50 da Lei Federal 9.605/1998 · Área embargada: 5.2 ha · BO: 3313300145","aprox":true}},{"type":"Feature","geometry":{"type":"Point","coordinates":[-65.33543,-10.40925]},"properties":{"id":"SEDAM (RO):3317000092","orgao":"SEDAM (RO)","uf":"RO","ano":null,"categoria":"embargo","tipo":"Embargo Ambiental — Art. 50 da Lei Federal 9.605/1998","empresa":"","municipio":"Nova Mamoré","porte":null,"valor":null,"processo":"3317000092","link_oficial":"https://sigam.sedam.ro.gov.br/consulta/processo?termo=3317000092","resumo":"Embargo Ambiental (BPA) · Nova Mamoré · Motivo: Art. 50 da Lei Federal 9.605/1998 · Área embargada: 6.0 ha · BO: 3317000092","aprox":true}},{"type":"Feature","geometry":{"type":"Point","coordinates":[-61.97512,-9.44647]},"properties":{"id":"SEDAM (RO):3321900115","orgao":"SEDAM (RO)","uf":"RO","ano":null,"categoria":"embargo","tipo":"Embargo Ambiental — ART. 49 DA LEI FEDERAL 9605/98","empresa":"","municipio":"Machadinho D'Oeste","porte":null,"valor":null,"processo":"3321900115","link_oficial":"https://sigam.sedam.ro.gov.br/consulta/processo?termo=3321900115","resumo":"Embargo Ambiental (BPA) · Machadinho D'Oeste · Motivo: ART. 49 DA LEI FEDERAL 9605/98 · Área embargada: 5.7 ha · BO: 3321900115","aprox":true}},{"type":"Feature","geometry":{"type":"Point","coordinates":[-61.9958,-9.4451]},"properties":{"id":"SEDAM (RO):3321900113","orgao":"SEDAM (RO)","uf":"RO","ano":null,"categoria":"embargo","tipo":"Embargo Ambiental — ART. 50A DA LEI FEDERAL 9605/98","empresa":"","municipio":"Machadinho D'Oeste","porte":null,"valor":null,"processo":"3321900113","link_oficial":"https://sigam.sedam.ro.gov.br/consulta/processo?termo=3321900113","resumo":"Embargo Ambiental (BPA) · Machadinho D'Oeste · Motivo: ART. 50A DA LEI FEDERAL 9605/98 · Área embargada: 16.2 ha · BO: 3321900113","aprox":true}},{"type":"Feature","geometry":{"type":"Point","coordinates":[-61.98494,-9.44567]},"properties":{"id":"SEDAM (RO):3321900114","orgao":"SEDAM (RO)","uf":"RO","ano":null,"categoria":"embargo","tipo":"Embargo Ambiental — ART. 50A DA LEI FEDERAL 9605/98","empresa":"","municipio":"Machadinho D'Oeste","porte":null,"valor":null,"processo":"3321900114","link_oficial":"https://sigam.sedam.ro.gov.br/consulta/processo?termo=3321900114","resumo":"Embargo Ambiental (BPA) · Machadinho D'Oeste · Motivo: ART. 50A DA LEI FEDERAL 9605/98 · Área embargada: 1.6 ha · BO: 3321900114","aprox":true}},{"type":"Feature","geometry":{"type":"Point","coordinates":[-63.90946,-8.75821]},"properties":{"id":"SEDAM (RO):MACSJ03-2020","orgao":"SEDAM (RO)","uf":"RO","ano":2020,"categoria":"embargo","tipo":"Embargo Ambiental — Infração Ambiental","empresa":"","municipio":"Porto Velho","porte":null,"valor":null,"processo":"MACSJ03-2020","link_oficial":"https://sigam.sedam.ro.gov.br/consulta/processo?termo=MACSJ03-2020","resumo":"Embargo Ambiental (BPA) · Porto Velho · Motivo: Infração Ambiental · Área embargada: 15.5 ha · BO: MACSJ03-2020","aprox":true}},{"type":"Feature","geometry":{"type":"Point","coordinates":[-61.9864,-9.46357]},"properties":{"id":"SEDAM (RO):3321900116","orgao":"SEDAM (RO)","uf":"RO","ano":null,"categoria":"embargo","tipo":"Embargo Ambiental — ART. 50 DA LEI FEDERAL 9605/98","empresa":"","municipio":"Machadinho D'Oeste","porte":null,"valor":null,"processo":"3321900116","link_oficial":"https://sigam.sedam.ro.gov.br/consulta/processo?termo=3321900116","resumo":"Embargo Ambiental (BPA) · Machadinho D'Oeste · Motivo: ART. 50 DA LEI FEDERAL 9605/98 · Área embargada: 2.2 ha · BO: 3321900116","aprox":true}},{"type":"Feature","geometry":{"type":"Point","coordinates":[-65.33743,-10.41107]},"properties":{"id":"SEDAM (RO):3320700130","orgao":"SEDAM (RO)","uf":"RO","ano":null,"categoria":"embargo","tipo":"Embargo Ambiental — Art. 50 da Lei Federal 9.605/1998","empresa":"","municipio":"Nova Mamoré","porte":null,"valor":null,"processo":"3320700130","link_oficial":"https://sigam.sedam.ro.gov.br/consulta/processo?termo=3320700130","resumo":"Embargo Ambiental (BPA) · Nova Mamoré · Motivo: Art. 50 da Lei Federal 9.605/1998 · Área embargada: 8.5 ha · BO: 3320700130","aprox":true}},{"type":"Feature","geometry":{"type":"Point","coordinates":[-63.69544,-8.79494]},"properties":{"id":"SEDAM (RO):3315900020","orgao":"SEDAM (RO)","uf":"RO","ano":null,"categoria":"embargo","tipo":"Embargo Ambiental — Art. 50 da Lei Federal 9.605/1998","empresa":"","municipio":"Candeias Do Jamari","porte":null,"valor":null,"processo":"3315900020","link_oficial":"https://sigam.sedam.ro.gov.br/consulta/processo?termo=3315900020","resumo":"Embargo Ambiental (BPA) · Candeias Do Jamari · Motivo: Art. 50 da Lei Federal 9.605/1998 · Área embargada: 10.4 ha · BO: 3315900020","aprox":true}},{"type":"Feature","geometry":{"type":"Point","coordinates":[-63.70048,-8.79026]},"properties":{"id":"SEDAM (RO):3315900019","orgao":"SEDAM (RO)","uf":"RO","ano":null,"categoria":"embargo","tipo":"Embargo Ambiental — Art. 50 da Lei Federal 9.605/1998","empresa":"","municipio":"Candeias Do Jamari","porte":null,"valor":null,"processo":"3315900019","link_oficial":"https://sigam.sedam.ro.gov.br/consulta/processo?termo=3315900019","resumo":"Embargo Ambiental (BPA) · Candeias Do Jamari · Motivo: Art. 50 da Lei Federal 9.605/1998 · Área embargada: 25.7 ha · BO: 3315900019","aprox":true}},{"type":"Feature","geometry":{"type":"Point","coordinates":[-65.33942,-10.41189]},"properties":{"id":"SEDAM (RO):3317000094","orgao":"SEDAM (RO)","uf":"RO","ano":null,"categoria":"embargo","tipo":"Embargo Ambiental — Art. 50 da Lei Federal 9.605/1998","empresa":"","municipio":"Nova Mamoré","porte":null,"valor":null,"processo":"3317000094","link_oficial":"https://sigam.sedam.ro.gov.br/consulta/processo?termo=3317000094","resumo":"Embargo Ambiental (BPA) · Nova Mamoré · Motivo: Art. 50 da Lei Federal 9.605/1998 · Área embargada: 6.6 ha · BO: 3317000094","aprox":true}},{"type":"Feature","geometry":{"type":"Point","coordinates":[-65.33585,-10.42195]},"properties":{"id":"SEDAM (RO):3317000093","orgao":"SEDAM (RO)","uf":"RO","ano":null,"categoria":"embargo","tipo":"Embargo Ambiental — Art. 50 da Lei Federal 9.605/1998","empresa":"","municipio":"Nova Mamoré","porte":null,"valor":null,"processo":"3317000093","link_oficial":"https://sigam.sedam.ro.gov.br/consulta/processo?termo=3317000093","resumo":"Embargo Ambiental (BPA) · Nova Mamoré · Motivo: Art. 50 da Lei Federal 9.605/1998 · Área embargada: 12.2 ha · BO: 3317000093","aprox":true}},{"type":"Feature","geometry":{"type":"Point","coordinates":[-61.03203,-11.52356]},"properties":{"id":"SEDAM (RO):3313300144","orgao":"SEDAM (RO)","uf":"RO","ano":null,"categoria":"embargo","tipo":"Embargo Ambiental — Art. 50 da Lei Federal 9.605/1998","empresa":"","municipio":"Espigão D'Oeste","porte":null,"valor":null,"processo":"3313300144","link_oficial":"https://sigam.sedam.ro.gov.br/consulta/processo?termo=3313300144","resumo":"Embargo Ambiental (BPA) · Espigão D'Oeste · Motivo: Art. 50 da Lei Federal 9.605/1998 · Área embargada: 58.7 ha · BO: 3313300144","aprox":true}},{"type":"Feature","geometry":{"type":"Point","coordinates":[-65.34423,-10.40871]},"properties":{"id":"SEDAM (RO):s/n","orgao":"SEDAM (RO)","uf":"RO","ano":2021,"categoria":"embargo","tipo":"Embargo Ambiental — Infração Ambiental","empresa":"","municipio":"Nova Mamore","porte":null,"valor":null,"processo":"s/n","link_oficial":null,"resumo":"Embargo Ambiental (BPA) · Nova Mamore · Motivo: Infração Ambiental · Área embargada: 27.6 ha · BO: s/n","aprox":true}},{"type":"Feature","geometry":{"type":"Point","coordinates":[-65.34399,-10.40536]},"properties":{"id":"SEDAM (RO):SEDA,-BPA15-10-2019","orgao":"SEDAM (RO)","uf":"RO","ano":2019,"categoria":"embargo","tipo":"Embargo Ambiental — ART. 51","empresa":"","municipio":"Nova Mamore","porte":null,"valor":null,"processo":"SEDA,-BPA15-10-2019","link_oficial":"https://sigam.sedam.ro.gov.br/consulta/processo?termo=SEDA%2C-BPA15-10-2019","resumo":"Embargo Ambiental (BPA) · Nova Mamore · Motivo: ART. 51 · Área embargada: 5.3 ha · BO: SEDA,-BPA15-10-2019","aprox":true}},{"type":"Feature","geometry":{"type":"Point","coordinates":[-61.97332,-9.45374]},"properties":{"id":"SEDAM (RO):SGT FONSECA","orgao":"SEDAM (RO)","uf":"RO","ano":2020,"categoria":"embargo","tipo":"Embargo Ambiental — ART. 51","empresa":"","municipio":"Machadinho","porte":null,"valor":null,"processo":"SGT FONSECA","link_oficial":"https://sigam.sedam.ro.gov.br/consulta/processo?termo=SGT%20FONSECA","resumo":"Embargo Ambiental (BPA) · Machadinho · Motivo: ART. 51 · Área embargada: 9.0 ha · BO: SGT FONSECA","aprox":true}},{"type":"Feature","geometry":{"type":"Point","coordinates":[-63.90293,-8.76426]},"properties":{"id":"SEDAM (RO):MACSJ01-2020","orgao":"SEDAM (RO)","uf":"RO","ano":2020,"categoria":"embargo","tipo":"Embargo Ambiental — Infração Ambiental","empresa":"","municipio":"Porto Velho","porte":null,"valor":null,"processo":"MACSJ01-2020","link_oficial":"https://sigam.sedam.ro.gov.br/consulta/processo?termo=MACSJ01-2020","resumo":"Embargo Ambiental (BPA) · Porto Velho · Motivo: Infração Ambiental · Área embargada: 0.2 ha · BO: MACSJ01-2020","aprox":true}},{"type":"Feature","geometry":{"type":"Point","coordinates":[-65.3373,-10.40959]},"properties":{"id":"SEDAM (RO):BPAASS2020OP.HILÉIA-X","orgao":"SEDAM (RO)","uf":"RO","ano":2020,"categoria":"embargo","tipo":"Embargo Ambiental — Infração Ambiental","empresa":"","municipio":"Nova Mamoré","porte":null,"valor":null,"processo":"BPAASS2020OP.HILÉIA-X","link_oficial":"https://sigam.sedam.ro.gov.br/consulta/processo?termo=BPAASS2020OP.HIL%C3%89IA-X","resumo":"Embargo Ambiental (BPA) · Nova Mamoré · Motivo: Infração Ambiental · Área embargada: 9.2 ha · BO: BPAASS2020OP.HILÉIA-X","aprox":true}},{"type":"Feature","geometry":{"type":"Point","coordinates":[-63.89892,-8.74672]},"properties":{"id":"SEDAM (RO):PM92699-210701-0734","orgao":"SEDAM (RO)","uf":"RO","ano":2021,"categoria":"embargo","tipo":"Embargo Ambiental — ART. 50 DA LEI 9605/98","empresa":"","municipio":"Porto Velho","porte":null,"valor":null,"processo":"PM92699-210701-0734","link_oficial":"https://sigam.sedam.ro.gov.br/consulta/processo?termo=PM92699-210701-0734","resumo":"Embargo Ambiental (BPA) · Porto Velho · Motivo: ART. 50 DA LEI 9605/98 · Área embargada: 39.2 ha · BO: PM92699-210701-0734","aprox":true}},{"type":"Feature","geometry":{"type":"Point","coordinates":[-63.91696,-8.76409]},"properties":{"id":"SEDAM (RO):COP 3146200032","orgao":"SEDAM (RO)","uf":"RO","ano":null,"categoria":"embargo","tipo":"Embargo Ambiental — ART. 50 DA LEI 9605/98","empresa":"","municipio":"Porto Velho","porte":null,"valor":null,"processo":"COP 3146200032","link_oficial":"https://sigam.sedam.ro.gov.br/consulta/processo?termo=COP%203146200032","resumo":"Embargo Ambiental (BPA) · Porto Velho · Motivo: ART. 50 DA LEI 9605/98 · Área embargada: 16.7 ha · BO: COP 3146200032","aprox":true}},{"type":"Feature","geometry":{"type":"Point","coordinates":[-63.0325,-9.90571]},"properties":{"id":"SEDAM (RO):PM92699-210715-1841","orgao":"SEDAM (RO)","uf":"RO","ano":2021,"categoria":"embargo","tipo":"Embargo Ambiental — Infração Ambiental","empresa":"","municipio":"Ariquemes/Ro","porte":null,"valor":null,"processo":"PM92699-210715-1841","link_oficial":"https://sigam.sedam.ro.gov.br/consulta/processo?termo=PM92699-210715-1841","resumo":"Embargo Ambiental (BPA) · Ariquemes/Ro · Motivo: Infração Ambiental · Área embargada: 211.7 ha · BO: PM92699-210715-1841","aprox":true}},{"type":"Feature","geometry":{"type":"Point","coordinates":[-62.89818,-9.69768]},"properties":{"id":"SEDAM (RO):PM92699-210716-0818","orgao":"SEDAM (RO)","uf":"RO","ano":2021,"categoria":"embargo","tipo":"Embargo Ambiental — Infração Ambiental","empresa":"","municipio":"Rio Crespo/Ro","porte":null,"valor":null,"processo":"PM92699-210716-0818","link_oficial":"https://sigam.sedam.ro.gov.br/consulta/processo?termo=PM92699-210716-0818","resumo":"Embargo Ambiental (BPA) · Rio Crespo/Ro · Motivo: Infração Ambiental · Área embargada: 2.1 ha · BO: PM92699-210716-0818","aprox":true}},{"type":"Feature","geometry":{"type":"Point","coordinates":[-63.83338,-10.20835]},"properties":{"id":"SEDAM (RO):PM92699-210717-1837","orgao":"SEDAM (RO)","uf":"RO","ano":null,"categoria":"embargo","tipo":"Embargo Ambiental — Infração Ambiental","empresa":"","municipio":"Buritis","porte":null,"valor":null,"processo":"PM92699-210717-1837","link_oficial":"https://sigam.sedam.ro.gov.br/consulta/processo?termo=PM92699-210717-1837","resumo":"Embargo Ambiental (BPA) · Buritis · Motivo: Infração Ambiental · Área embargada: 1.0 ha · BO: PM92699-210717-1837","aprox":true}},{"type":"Feature","geometry":{"type":"Point","coordinates":[-63.90223,-8.77977]},"properties":{"id":"SEDAM (RO):TCO 3146200041","orgao":"SEDAM (RO)","uf":"RO","ano":2021,"categoria":"embargo","tipo":"Embargo Ambiental — ART. 50 DA LEI 9605/98","empresa":"","municipio":"Porto Velho","porte":null,"valor":null,"processo":"TCO 3146200041","link_oficial":"https://sigam.sedam.ro.gov.br/consulta/processo?termo=TCO%203146200041","resumo":"Embargo Ambiental (BPA) · Porto Velho · Motivo: ART. 50 DA LEI 9605/98 · Área embargada: 41.4 ha · BO: TCO 3146200041","aprox":true}},{"type":"Feature","geometry":{"type":"Point","coordinates":[-65.3373,-10.40959]},"properties":{"id":"SEDAM (RO):BPAASS2020OP.HILÉIA-X","orgao":"SEDAM (RO)","uf":"RO","ano":2020,"categoria":"embargo","tipo":"Embargo Ambiental — Infração Ambiental","empresa":"","municipio":"Nova Mamoré","porte":null,"valor":null,"processo":"BPAASS2020OP.HILÉIA-X","link_oficial":"https://sigam.sedam.ro.gov.br/consulta/processo?termo=BPAASS2020OP.HIL%C3%89IA-X","resumo":"Embargo Ambiental (BPA) · Nova Mamoré · Motivo: Infração Ambiental · Área embargada: 14.0 ha · BO: BPAASS2020OP.HILÉIA-X","aprox":true}},{"type":"Feature","geometry":{"type":"Point","coordinates":[-63.89961,-8.76912]},"properties":{"id":"SEDAM (RO):TCO 3146200034","orgao":"SEDAM (RO)","uf":"RO","ano":2021,"categoria":"embargo","tipo":"Embargo Ambiental — ART. 50 DA LEI 9605/98","empresa":"","municipio":"Porto Velho","porte":null,"valor":null,"processo":"TCO 3146200034","link_oficial":"https://sigam.sedam.ro.gov.br/consulta/processo?termo=TCO%203146200034","resumo":"Embargo Ambiental (BPA) · Porto Velho · Motivo: ART. 50 DA LEI 9605/98 · Área embargada: 108.8 ha · BO: TCO 3146200034","aprox":true}},{"type":"Feature","geometry":{"type":"Point","coordinates":[-62.89988,-9.70591]},"properties":{"id":"SEDAM (RO):TCO 3026300179","orgao":"SEDAM (RO)","uf":"RO","ano":2021,"categoria":"embargo","tipo":"Embargo Ambiental — ART. 54 DA LEI 9605/98","empresa":"","municipio":"Rio Crespo","porte":null,"valor":null,"processo":"TCO 3026300179","link_oficial":"https://sigam.sedam.ro.gov.br/consulta/processo?termo=TCO%203026300179","resumo":"Embargo Ambiental (BPA) · Rio Crespo · Motivo: ART. 54 DA LEI 9605/98 · Área embargada: 166.0 ha · BO: TCO 3026300179","aprox":true}},{"type":"Feature","geometry":{"type":"Point","coordinates":[-63.90048,-8.76196]},"properties":{"id":"SEDAM (RO):COP 3146200044","orgao":"SEDAM (RO)","uf":"RO","ano":2021,"categoria":"embargo","tipo":"Embargo Ambiental — ART. 50 DA LEI 9605/98","empresa":"","municipio":"Porto Velho","porte":null,"valor":null,"processo":"COP 3146200044","link_oficial":"https://sigam.sedam.ro.gov.br/consulta/processo?termo=COP%203146200044","resumo":"Embargo Ambiental (BPA) · Porto Velho · Motivo: ART. 50 DA LEI 9605/98 · Área embargada: 19.4 ha · BO: COP 3146200044","aprox":true}},{"type":"Feature","geometry":{"type":"Point","coordinates":[-61.97102,-9.44344]},"properties":{"id":"SEDAM (RO):BPA/RA06/076061","orgao":"SEDAM (RO)","uf":"RO","ano":2020,"categoria":"embargo","tipo":"Embargo Ambiental — Infração Ambiental","empresa":"","municipio":"Machadinho D´Oeste","porte":null,"valor":null,"processo":"BPA/RA06/076061","link_oficial":"https://sigam.sedam.ro.gov.br/consulta/processo?termo=BPA/RA06/076061","resumo":"Embargo Ambiental (BPA) · Machadinho D´Oeste · Motivo: Infração Ambiental · Área embargada: 21.4 ha · BO: BPA/RA06/076061","aprox":true}},{"type":"Feature","geometry":{"type":"Point","coordinates":[-62.9014,-9.68227]},"properties":{"id":"SEDAM (RO):COP3026300182","orgao":"SEDAM (RO)","uf":"RO","ano":2021,"categoria":"embargo","tipo":"Embargo Ambiental — Infração Ambiental","empresa":"","municipio":"Rio Crespo","porte":null,"valor":null,"processo":"COP3026300182","link_oficial":"https://sigam.sedam.ro.gov.br/consulta/processo?termo=COP3026300182","resumo":"Embargo Ambiental (BPA) · Rio Crespo · Motivo: Infração Ambiental · Área embargada: 48.9 ha · BO: COP3026300182","aprox":true}},{"type":"Feature","geometry":{"type":"Point","coordinates":[-63.60881,-10.57531]},"properties":{"id":"SEDAM (RO):COP 3145300062","orgao":"SEDAM (RO)","uf":"RO","ano":null,"categoria":"embargo","tipo":"Embargo Ambiental — Infração Ambiental","empresa":"","municipio":"Campo Novo De Rondonia","porte":null,"valor":null,"processo":"COP 3145300062","link_oficial":"https://sigam.sedam.ro.gov.br/consulta/processo?termo=COP%203145300062","resumo":"Embargo Ambiental (BPA) · Campo Novo De Rondonia · Motivo: Infração Ambiental · Área embargada: 0.5 ha · BO: COP 3145300062","aprox":true}},{"type":"Feature","geometry":{"type":"Point","coordinates":[-63.02195,-9.90534]},"properties":{"id":"SEDAM (RO):PM92699-210914-1942","orgao":"SEDAM (RO)","uf":"RO","ano":2021,"categoria":"embargo","tipo":"Embargo Ambiental — Infração Ambiental","empresa":"","municipio":"Ariquemes","porte":null,"valor":null,"processo":"PM92699-210914-1942","link_oficial":"https://sigam.sedam.ro.gov.br/consulta/processo?termo=PM92699-210914-1942","resumo":"Embargo Ambiental (BPA) · Ariquemes · Motivo: Infração Ambiental · Área embargada: 54.6 ha · BO: PM92699-210914-1942","aprox":true}},{"type":"Feature","geometry":{"type":"Point","coordinates":[-63.02792,-9.92407]},"properties":{"id":"SEDAM (RO):COP3039200190","orgao":"SEDAM (RO)","uf":"RO","ano":2021,"categoria":"embargo","tipo":"Embargo Ambiental — Infração Ambiental","empresa":"","municipio":"Ariquemes","porte":null,"valor":null,"processo":"COP3039200190","link_oficial":"https://sigam.sedam.ro.gov.br/consulta/processo?termo=COP3039200190","resumo":"Embargo Ambiental (BPA) · Ariquemes · Motivo: Infração Ambiental · Área embargada: 0.2 ha · BO: COP3039200190","aprox":true}},{"type":"Feature","geometry":{"type":"Point","coordinates":[-63.03773,-9.90804]},"properties":{"id":"SEDAM (RO):COP3039200194","orgao":"SEDAM (RO)","uf":"RO","ano":2021,"categoria":"embargo","tipo":"Embargo Ambiental — ART. 50 DA LEI 9605/98","empresa":"","municipio":"Ariquemes","porte":null,"valor":null,"processo":"COP3039200194","link_oficial":"https://sigam.sedam.ro.gov.br/consulta/processo?termo=COP3039200194","resumo":"Embargo Ambiental (BPA) · Ariquemes · Motivo: ART. 50 DA LEI 9605/98 · Área embargada: 164.5 ha · BO: COP3039200194","aprox":true}},{"type":"Feature","geometry":{"type":"Point","coordinates":[-63.88823,-8.77244]},"properties":{"id":"SEDAM (RO):3146200103","orgao":"SEDAM (RO)","uf":"RO","ano":2021,"categoria":"embargo","tipo":"Embargo Ambiental — Infração Ambiental","empresa":"","municipio":"Porto Velho","porte":null,"valor":null,"processo":"3146200103","link_oficial":"https://sigam.sedam.ro.gov.br/consulta/processo?termo=3146200103","resumo":"Embargo Ambiental (BPA) · Porto Velho · Motivo: Infração Ambiental · Área embargada: 35.6 ha · BO: 3146200103","aprox":true}},{"type":"Feature","geometry":{"type":"Point","coordinates":[-63.03551,-9.91398]},"properties":{"id":"SEDAM (RO):COP3039200193","orgao":"SEDAM (RO)","uf":"RO","ano":2021,"categoria":"embargo","tipo":"Embargo Ambiental — ART. 50 DA LEI 9605/98","empresa":"","municipio":"Ariquemes","porte":null,"valor":null,"processo":"COP3039200193","link_oficial":"https://sigam.sedam.ro.gov.br/consulta/processo?termo=COP3039200193","resumo":"Embargo Ambiental (BPA) · Ariquemes · Motivo: ART. 50 DA LEI 9605/98 · Área embargada: 708.1 ha · BO: COP3039200193","aprox":true}},{"type":"Feature","geometry":{"type":"Point","coordinates":[-63.89775,-8.75595]},"properties":{"id":"SEDAM (RO):3146200050","orgao":"SEDAM (RO)","uf":"RO","ano":2021,"categoria":"embargo","tipo":"Embargo Ambiental — Infração Ambiental","empresa":"","municipio":"Porto Velho","porte":null,"valor":null,"processo":"3146200050","link_oficial":"https://sigam.sedam.ro.gov.br/consulta/processo?termo=3146200050","resumo":"Embargo Ambiental (BPA) · Porto Velho · Motivo: Infração Ambiental · Área embargada: 72.1 ha · BO: 3146200050","aprox":true}},{"type":"Feature","geometry":{"type":"Point","coordinates":[-63.89484,-8.76501]},"properties":{"id":"SEDAM (RO):COP 3146200052","orgao":"SEDAM (RO)","uf":"RO","ano":2021,"categoria":"embargo","tipo":"Embargo Ambiental — Infração Ambiental","empresa":"","municipio":"Porto Velho","porte":null,"valor":null,"processo":"COP 3146200052","link_oficial":"https://sigam.sedam.ro.gov.br/consulta/processo?termo=COP%203146200052","resumo":"Embargo Ambiental (BPA) · Porto Velho · Motivo: Infração Ambiental · Área embargada: 73.0 ha · BO: COP 3146200052","aprox":true}},{"type":"Feature","geometry":{"type":"Point","coordinates":[-63.90403,-8.76012]},"properties":{"id":"SEDAM (RO):COP 3146200053","orgao":"SEDAM (RO)","uf":"RO","ano":2021,"categoria":"embargo","tipo":"Embargo Ambiental — ART. 50 DA LEI 9605/98","empresa":"","municipio":"Porto Velho","porte":null,"valor":null,"processo":"COP 3146200053","link_oficial":"https://sigam.sedam.ro.gov.br/consulta/processo?termo=COP%203146200053","resumo":"Embargo Ambiental (BPA) · Porto Velho · Motivo: ART. 50 DA LEI 9605/98 · Área embargada: 17.2 ha · BO: COP 3146200053","aprox":true}},{"type":"Feature","geometry":{"type":"Point","coordinates":[-63.89557,-8.76153]},"properties":{"id":"SEDAM (RO):PM92699-210926-1702","orgao":"SEDAM (RO)","uf":"RO","ano":2021,"categoria":"embargo","tipo":"Embargo Ambiental — Infração Ambiental","empresa":"","municipio":"Porto Velho","porte":null,"valor":null,"processo":"PM92699-210926-1702","link_oficial":"https://sigam.sedam.ro.gov.br/consulta/processo?termo=PM92699-210926-1702","resumo":"Embargo Ambiental (BPA) · Porto Velho · Motivo: Infração Ambiental · Área embargada: 234.6 ha · BO: PM92699-210926-1702","aprox":true}},{"type":"Feature","geometry":{"type":"Point","coordinates":[-65.3373,-10.40959]},"properties":{"id":"SEDAM (RO):BPAASS2020OP.HILÉIA-X","orgao":"SEDAM (RO)","uf":"RO","ano":2020,"categoria":"embargo","tipo":"Embargo Ambiental — Infração Ambiental","empresa":"","municipio":"Nova Mamoré","porte":null,"valor":null,"processo":"BPAASS2020OP.HILÉIA-X","link_oficial":"https://sigam.sedam.ro.gov.br/consulta/processo?termo=BPAASS2020OP.HIL%C3%89IA-X","resumo":"Embargo Ambiental (BPA) · Nova Mamoré · Motivo: Infração Ambiental · Área embargada: 30.9 ha · BO: BPAASS2020OP.HILÉIA-X","aprox":true}},{"type":"Feature","geometry":{"type":"Point","coordinates":[-63.91707,-8.75805]},"properties":{"id":"SEDAM (RO):TCO 3143700102","orgao":"SEDAM (RO)","uf":"RO","ano":2022,"categoria":"embargo","tipo":"Embargo Ambiental — Infração Ambiental","empresa":"","municipio":"Porto Velho","porte":null,"valor":null,"processo":"TCO 3143700102","link_oficial":"https://sigam.sedam.ro.gov.br/consulta/processo?termo=TCO%203143700102","resumo":"Embargo Ambiental (BPA) · Porto Velho · Motivo: Infração Ambiental · Área embargada: 73.6 ha · BO: TCO 3143700102","aprox":true}},{"type":"Feature","geometry":{"type":"Point","coordinates":[-61.94063,-10.88477]},"properties":{"id":"SEDAM (RO):3145900060","orgao":"SEDAM (RO)","uf":"RO","ano":2021,"categoria":"embargo","tipo":"Embargo Ambiental — ARTIGO 38 DA LEI FEDERAL N° 9.605/1998","empresa":"","municipio":"Ji Parana","porte":null,"valor":null,"processo":"3145900060","link_oficial":"https://sigam.sedam.ro.gov.br/consulta/processo?termo=3145900060","resumo":"Embargo Ambiental (BPA) · Ji Parana · Motivo: ARTIGO 38 DA LEI FEDERAL N° 9.605/1998 · Área embargada: 2.6 ha · BO: 3145900060","aprox":true}},{"type":"Feature","geometry":{"type":"Point","coordinates":[-63.68183,-8.77948]},"properties":{"id":"SEDAM (RO):3148700132","orgao":"SEDAM (RO)","uf":"RO","ano":2022,"categoria":"embargo","tipo":"Embargo Ambiental — ARTIGO 51 DA LEI FEDERAL 9.605/1998","empresa":"","municipio":"Candeias Do Jamari","porte":null,"valor":null,"processo":"3148700132","link_oficial":"https://sigam.sedam.ro.gov.br/consulta/processo?termo=3148700132","resumo":"Embargo Ambiental (BPA) · Candeias Do Jamari · Motivo: ARTIGO 51 DA LEI FEDERAL 9.605/1998 · Área embargada: 137.6 ha · BO: 3148700132","aprox":true}},{"type":"Feature","geometry":{"type":"Point","coordinates":[-63.68894,-8.77356]},"properties":{"id":"SEDAM (RO):3146800154","orgao":"SEDAM (RO)","uf":"RO","ano":2021,"categoria":"embargo","tipo":"Embargo Ambiental — ART. 50 DA LEI 9605/98","empresa":"","municipio":"Candeias Do Jamari","porte":null,"valor":null,"processo":"3146800154","link_oficial":"https://sigam.sedam.ro.gov.br/consulta/processo?termo=3146800154","resumo":"Embargo Ambiental (BPA) · Candeias Do Jamari · Motivo: ART. 50 DA LEI 9605/98 · Área embargada: 12.5 ha · BO: 3146800154","aprox":true}},{"type":"Feature","geometry":{"type":"Point","coordinates":[-65.34421,-10.41468]},"properties":{"id":"SEDAM (RO):3146000090","orgao":"SEDAM (RO)","uf":"RO","ano":2021,"categoria":"embargo","tipo":"Embargo Ambiental — ART. 50","empresa":"","municipio":"Nova Mamoré","porte":null,"valor":null,"processo":"3146000090","link_oficial":"https://sigam.sedam.ro.gov.br/consulta/processo?termo=3146000090","resumo":"Embargo Ambiental (BPA) · Nova Mamoré · Motivo: ART. 50 · Área embargada: 10.2 ha · BO: 3146000090","aprox":true}},{"type":"Feature","geometry":{"type":"Point","coordinates":[-65.33331,-10.38927]},"properties":{"id":"SEDAM (RO):3362100038","orgao":"SEDAM (RO)","uf":"RO","ano":2025,"categoria":"embargo","tipo":"Embargo Ambiental — Artigo 50 da Lei Federal 9605/1998.","empresa":"","municipio":"Nova Mamoré","porte":null,"valor":null,"processo":"3362100038","link_oficial":"https://sigam.sedam.ro.gov.br/consulta/processo?termo=3362100038","resumo":"Embargo Ambiental (BPA) · Nova Mamoré · Motivo: Artigo 50 da Lei Federal 9605/1998. · Área embargada: 21.8 ha · BO: 3362100038","aprox":true}},{"type":"Feature","geometry":{"type":"Point","coordinates":[-63.70363,-8.78295]},"properties":{"id":"SEDAM (RO):TCO 3029000013","orgao":"SEDAM (RO)","uf":"RO","ano":null,"categoria":"embargo","tipo":"Embargo Ambiental — Infração Ambiental","empresa":"","municipio":"Candeias Do Jamari","porte":null,"valor":null,"processo":"TCO 3029000013","link_oficial":"https://sigam.sedam.ro.gov.br/consulta/processo?termo=TCO%203029000013","resumo":"Embargo Ambiental (BPA) · Candeias Do Jamari · Motivo: Infração Ambiental · Área embargada: 0.9 ha · BO: TCO 3029000013","aprox":true}},{"type":"Feature","geometry":{"type":"Point","coordinates":[-63.69195,-8.79987]},"properties":{"id":"SEDAM (RO):TCO 3020600035","orgao":"SEDAM (RO)","uf":"RO","ano":null,"categoria":"embargo","tipo":"Embargo Ambiental — Infração Ambiental","empresa":"","municipio":"Candeias Do Jamari","porte":null,"valor":null,"processo":"TCO 3020600035","link_oficial":"https://sigam.sedam.ro.gov.br/consulta/processo?termo=TCO%203020600035","resumo":"Embargo Ambiental (BPA) · Candeias Do Jamari · Motivo: Infração Ambiental · Área embargada: 126.4 ha · BO: TCO 3020600035","aprox":true}},{"type":"Feature","geometry":{"type":"Point","coordinates":[-63.6939,-8.7907]},"properties":{"id":"SEDAM (RO):TCO 3042600150","orgao":"SEDAM (RO)","uf":"RO","ano":null,"categoria":"embargo","tipo":"Embargo Ambiental — Infração Ambiental","empresa":"","municipio":"Candeias Do Jamari","porte":null,"valor":null,"processo":"TCO 3042600150","link_oficial":"https://sigam.sedam.ro.gov.br/consulta/processo?termo=TCO%203042600150","resumo":"Embargo Ambiental (BPA) · Candeias Do Jamari · Motivo: Infração Ambiental · Área embargada: 349.4 ha · BO: TCO 3042600150","aprox":true}},{"type":"Feature","geometry":{"type":"Point","coordinates":[-63.8912,-8.75653]},"properties":{"id":"SEDAM (RO):3146200051","orgao":"SEDAM (RO)","uf":"RO","ano":null,"categoria":"embargo","tipo":"Embargo Ambiental — Infração Ambiental","empresa":"","municipio":"Porto Velho","porte":null,"valor":null,"processo":"3146200051","link_oficial":"https://sigam.sedam.ro.gov.br/consulta/processo?termo=3146200051","resumo":"Embargo Ambiental (BPA) · Porto Velho · Motivo: Infração Ambiental · Área embargada: 65.6 ha · BO: 3146200051","aprox":true}},{"type":"Feature","geometry":{"type":"Point","coordinates":[-46.62709,-23.51581]},"properties":{"id":"CETESB (SP):CETESB-AC-1","orgao":"CETESB (SP)","uf":"SP","ano":2008,"categoria":"embargo","tipo":"Controle Ambiental de Área Contaminada — Área Contaminada em Processo de Remediação (ACRe)","empresa":"AUTO POSTO PIRITUBANO LTDA","municipio":"São Paulo","porte":null,"valor":null,"processo":"CETESB-AC-1","link_oficial":"https://e.ambiente.sp.gov.br/atendimento/consulta/processo?numero=CETESB-AC-1","resumo":"CETESB · Área Contaminada em Processo de Remediação (ACRe) · AUTO POSTO PIRITUBANO LTDA · São Paulo/SP · Combustíveis e lubrificantes para veículos; comérc · Im","aprox":true}},{"type":"Feature","geometry":{"type":"Point","coordinates":[-49.95917,-22.19851]},"properties":{"id":"CETESB (SP):CETESB-AC-4","orgao":"CETESB (SP)","uf":"SP","ano":2025,"categoria":"embargo","tipo":"Controle Ambiental de Área Contaminada — Área Contaminada sob Investigação (ACI)","empresa":"DALLAS AUTO POSTO DE MARÍLIA LTDA","municipio":"Marília","porte":null,"valor":null,"processo":"CETESB-AC-4","link_oficial":"https://e.ambiente.sp.gov.br/atendimento/consulta/processo?numero=CETESB-AC-4","resumo":"CETESB · Área Contaminada sob Investigação (ACI) · DALLAS AUTO POSTO DE MARÍLIA LTDA · Marília/SP · Combustíveis e lubrificantes para veículos; comérc · Impacto","aprox":true}},{"type":"Feature","geometry":{"type":"Point","coordinates":[-49.7107,-20.75466]},"properties":{"id":"CETESB (SP):CETESB-AC-5","orgao":"CETESB (SP)","uf":"SP","ano":2006,"categoria":"embargo","tipo":"Controle Ambiental de Área Contaminada — Área Contaminada com Risco Confirmado (ACRi)","empresa":"MOLINA & DANTAS COMBUSTÍVEIS LTDA","municipio":"Monte Aprazível","porte":null,"valor":null,"processo":"CETESB-AC-5","link_oficial":"https://e.ambiente.sp.gov.br/atendimento/consulta/processo?numero=CETESB-AC-5","resumo":"CETESB · Área Contaminada com Risco Confirmado (ACRi) · MOLINA & DANTAS COMBUSTÍVEIS LTDA · Monte Aprazível/SP · Combustíveis e lubrificantes para veículos; com","aprox":true}},{"type":"Feature","geometry":{"type":"Point","coordinates":[-46.8948,-22.7413]},"properties":{"id":"CETESB (SP):CETESB-AC-6","orgao":"CETESB (SP)","uf":"SP","ano":2025,"categoria":"embargo","tipo":"Controle Ambiental de Área Contaminada — Área Contaminada sob Investigação (ACI)","empresa":"AUTO POSTO SHOPPING DE PEDREIRA LTDA. - EPP","municipio":"Pedreira","porte":null,"valor":null,"processo":"CETESB-AC-6","link_oficial":"https://e.ambiente.sp.gov.br/atendimento/consulta/processo?numero=CETESB-AC-6","resumo":"CETESB · Área Contaminada sob Investigação (ACI) · AUTO POSTO SHOPPING DE PEDREIRA LTDA. - EPP · Pedreira/SP · Posto de combustível · Impacto: Águas Subterrânea","aprox":true}},{"type":"Feature","geometry":{"type":"Point","coordinates":[-46.40709,-23.72513]},"properties":{"id":"CETESB (SP):CETESB-AC-7","orgao":"CETESB (SP)","uf":"SP","ano":2005,"categoria":"embargo","tipo":"Controle Ambiental de Área Contaminada — Área Contaminada em Processo de Remediação (ACRe)","empresa":"VIAÇÃO RIBEIRÃO PIRES LTDA","municipio":"Ribeirão Pires","porte":null,"valor":null,"processo":"CETESB-AC-7","link_oficial":"https://e.ambiente.sp.gov.br/atendimento/consulta/processo?numero=CETESB-AC-7","resumo":"CETESB · Área Contaminada em Processo de Remediação (ACRe) · VIAÇÃO RIBEIRÃO PIRES LTDA · Ribeirão Pires/SP · TRANSPORTES RODOVIÁRIOS DE PASSAGEIROS. · Impacto:","aprox":true}},{"type":"Feature","geometry":{"type":"Point","coordinates":[-46.63146,-23.51951]},"properties":{"id":"CETESB (SP):CETESB-AC-25","orgao":"CETESB (SP)","uf":"SP","ano":2025,"categoria":"embargo","tipo":"Controle Ambiental de Área Contaminada — Área Contaminada sob Investigação (ACI)","empresa":"AUTO POSTO LOPAIM EIRELI","municipio":"São Paulo","porte":null,"valor":null,"processo":"CETESB-AC-25","link_oficial":"https://e.ambiente.sp.gov.br/atendimento/consulta/processo?numero=CETESB-AC-25","resumo":"CETESB · Área Contaminada sob Investigação (ACI) · AUTO POSTO LOPAIM EIRELI · São Paulo/SP · Combustíveis e lubrificantes para veículos; comérc · Impacto: Águas","aprox":true}},{"type":"Feature","geometry":{"type":"Point","coordinates":[-46.7889,-23.52711]},"properties":{"id":"CETESB (SP):CETESB-AC-27","orgao":"CETESB (SP)","uf":"SP","ano":2003,"categoria":"embargo","tipo":"Controle Ambiental de Área Contaminada — Área Contaminada em Processo de Remediação (ACRe)","empresa":"AUTO POSTO VERONESES LTDA.","municipio":"Osasco","porte":null,"valor":null,"processo":"CETESB-AC-27","link_oficial":"https://e.ambiente.sp.gov.br/atendimento/consulta/processo?numero=CETESB-AC-27","resumo":"CETESB · Área Contaminada em Processo de Remediação (ACRe) · AUTO POSTO VERONESES LTDA. · Osasco/SP · Posto de combustível · Impacto: Águas Subterrâneas","aprox":true}},{"type":"Feature","geometry":{"type":"Point","coordinates":[-45.5723,-23.01269]},"properties":{"id":"CETESB (SP):CETESB-AC-29","orgao":"CETESB (SP)","uf":"SP","ano":2012,"categoria":"embargo","tipo":"Controle Ambiental de Área Contaminada — Área Contaminada com Risco Confirmado (ACRi)","empresa":"AUTO POSTO PORTAL DO ITAIM LTDA.","municipio":"Taubaté","porte":null,"valor":null,"processo":"CETESB-AC-29","link_oficial":"https://e.ambiente.sp.gov.br/atendimento/consulta/processo?numero=CETESB-AC-29","resumo":"CETESB · Área Contaminada com Risco Confirmado (ACRi) · AUTO POSTO PORTAL DO ITAIM LTDA. · Taubaté/SP · Impacto: Águas Subterrâneas","aprox":true}},{"type":"Feature","geometry":{"type":"Point","coordinates":[-49.36724,-20.81986]},"properties":{"id":"CETESB (SP):CETESB-AC-51","orgao":"CETESB (SP)","uf":"SP","ano":2014,"categoria":"embargo","tipo":"Controle Ambiental de Área Contaminada — Área Contaminada em Processo de Remediação (ACRe)","empresa":"ALL - AMÉRICA LATINA LOGÍSTICA MALHA PAULISTA S/A","municipio":"São José Do Rio Preto","porte":null,"valor":null,"processo":"CETESB-AC-51","link_oficial":"https://e.ambiente.sp.gov.br/atendimento/consulta/processo?numero=CETESB-AC-51","resumo":"CETESB · Área Contaminada em Processo de Remediação (ACRe) · ALL - AMÉRICA LATINA LOGÍSTICA MALHA PAULISTA S/A · São José Do Rio Preto/SP · Impacto: Águas Subte","aprox":true}},{"type":"Feature","geometry":{"type":"Point","coordinates":[-47.07648,-22.88961]},"properties":{"id":"CETESB (SP):CETESB-AC-56","orgao":"CETESB (SP)","uf":"SP","ano":2025,"categoria":"embargo","tipo":"Controle Ambiental de Área Contaminada — Área Contaminada com Risco Confirmado (ACRi)","empresa":"SANASA - SOCIEDADE DE ABAST. DE ÁGUA E SAN. S/A - EEE DOS AMARAIS","municipio":"Campinas","porte":null,"valor":null,"processo":"CETESB-AC-56","link_oficial":"https://e.ambiente.sp.gov.br/atendimento/consulta/processo?numero=CETESB-AC-56","resumo":"CETESB · Área Contaminada com Risco Confirmado (ACRi) · SANASA - SOCIEDADE DE ABAST. DE ÁGUA E SAN. S/A - EEE DOS AMARAIS · Campinas/SP · Impacto: Águas Subterr","aprox":true}},{"type":"Feature","geometry":{"type":"Point","coordinates":[-50.44045,-21.20476]},"properties":{"id":"CETESB (SP):CETESB-AC-60","orgao":"CETESB (SP)","uf":"SP","ano":2009,"categoria":"embargo","tipo":"Controle Ambiental de Área Contaminada — Área Contaminada com Risco Confirmado (ACRi)","empresa":"MARACÁ AUTO POSTO LTDA","municipio":"Araçatuba","porte":null,"valor":null,"processo":"CETESB-AC-60","link_oficial":"https://e.ambiente.sp.gov.br/atendimento/consulta/processo?numero=CETESB-AC-60","resumo":"CETESB · Área Contaminada com Risco Confirmado (ACRi) · MARACÁ AUTO POSTO LTDA · Araçatuba/SP · Combustíveis e lubrificantes para veículos; comérc · Impacto: Ág","aprox":true}},{"type":"Feature","geometry":{"type":"Point","coordinates":[-46.99529,-22.71723]},"properties":{"id":"CETESB (SP):CETESB-AC-93","orgao":"CETESB (SP)","uf":"SP","ano":2010,"categoria":"embargo","tipo":"Controle Ambiental de Área Contaminada — Área Contaminada com Risco Confirmado (ACRi)","empresa":"KRMAI INDÚSTRIA E COMÉRCIO DE RODAS LTDA","municipio":"Jaguariúna","porte":null,"valor":null,"processo":"CETESB-AC-93","link_oficial":"https://e.ambiente.sp.gov.br/atendimento/consulta/processo?numero=CETESB-AC-93","resumo":"CETESB · Área Contaminada com Risco Confirmado (ACRi) · KRMAI INDÚSTRIA E COMÉRCIO DE RODAS LTDA · Jaguariúna/SP · Rodas para veículos rodoviários; fabricação d","aprox":true}},{"type":"Feature","geometry":{"type":"Point","coordinates":[-49.94926,-22.21839]},"properties":{"id":"CETESB (SP):CETESB-AC-94","orgao":"CETESB (SP)","uf":"SP","ano":2010,"categoria":"embargo","tipo":"Controle Ambiental de Área Contaminada — Área Contaminada em Processo de Remediação (ACRe)","empresa":"PREFEITURA MUNICIPAL DE MARÍLIA (VAZADOURO DE LIXO)","municipio":"Marília","porte":null,"valor":null,"processo":"CETESB-AC-94","link_oficial":"https://e.ambiente.sp.gov.br/atendimento/consulta/processo?numero=CETESB-AC-94","resumo":"CETESB · Área Contaminada em Processo de Remediação (ACRe) · PREFEITURA MUNICIPAL DE MARÍLIA (VAZADOURO DE LIXO) · Marília/SP · Impacto: Solo Superficial/Águas ","aprox":true}},{"type":"Feature","geometry":{"type":"Point","coordinates":[-47.13596,-22.73716]},"properties":{"id":"CETESB (SP):CETESB-AC-100","orgao":"CETESB (SP)","uf":"SP","ano":2009,"categoria":"embargo","tipo":"Controle Ambiental de Área Contaminada — Área Contaminada sob Investigação (ACI)","empresa":"TINTAS VAN BLASTER LTDA.","municipio":"Paulínia","porte":null,"valor":null,"processo":"CETESB-AC-100","link_oficial":"https://e.ambiente.sp.gov.br/atendimento/consulta/processo?numero=CETESB-AC-100","resumo":"CETESB · Área Contaminada sob Investigação (ACI) · TINTAS VAN BLASTER LTDA. · Paulínia/SP · Tintas a base de água; fabricação de · Impacto: Águas Subterrâneas","aprox":true}},{"type":"Feature","geometry":{"type":"Point","coordinates":[-46.63288,-23.54849]},"properties":{"id":"CETESB (SP):CETESB-AC-145","orgao":"CETESB (SP)","uf":"SP","ano":2025,"categoria":"embargo","tipo":"Controle Ambiental de Área Contaminada — Área Contaminada com Risco Confirmado (ACRi)","empresa":"DANA INDÚSTRIAS LTDA.","municipio":"São Paulo","porte":null,"valor":null,"processo":"CETESB-AC-145","link_oficial":"https://e.ambiente.sp.gov.br/atendimento/consulta/processo?numero=CETESB-AC-145","resumo":"CETESB · Área Contaminada com Risco Confirmado (ACRi) · DANA INDÚSTRIAS LTDA. · São Paulo/SP · FABRICAÇAO DE JUNTAS E RETENTORES PARA AUTOMÓVEIS. · Impacto: Águ","aprox":true}},{"type":"Feature","geometry":{"type":"Point","coordinates":[-46.64344,-23.5487]},"properties":{"id":"CETESB (SP):CETESB-AC-147","orgao":"CETESB (SP)","uf":"SP","ano":2015,"categoria":"embargo","tipo":"Controle Ambiental de Área Contaminada — Área Contaminada em Processo de Remediação (ACRe)","empresa":"AUTO POSTO MARMELL LTDA","municipio":"São Paulo","porte":null,"valor":null,"processo":"CETESB-AC-147","link_oficial":"https://e.ambiente.sp.gov.br/atendimento/consulta/processo?numero=CETESB-AC-147","resumo":"CETESB · Área Contaminada em Processo de Remediação (ACRe) · AUTO POSTO MARMELL LTDA · São Paulo/SP · Combustíveis e lubrificantes para veículos; comérc · Impac","aprox":true}},{"type":"Feature","geometry":{"type":"Point","coordinates":[-45.11706,-22.73349]},"properties":{"id":"CETESB (SP):CETESB-AC-149","orgao":"CETESB (SP)","uf":"SP","ano":2026,"categoria":"embargo","tipo":"Controle Ambiental de Área Contaminada — Área Contaminada em Processo de Remediação (ACRe)","empresa":"ORICA BRASIL LTDA","municipio":"Lorena","porte":null,"valor":null,"processo":"CETESB-AC-149","link_oficial":"https://e.ambiente.sp.gov.br/atendimento/consulta/processo?numero=CETESB-AC-149","resumo":"CETESB · Área Contaminada em Processo de Remediação (ACRe) · ORICA BRASIL LTDA · Lorena/SP · Explosivos; fabricação de · Impacto: Águas Subterrâneas/Solo Superf","aprox":true}},{"type":"Feature","geometry":{"type":"Point","coordinates":[-46.63987,-23.53267]},"properties":{"id":"CETESB (SP):CETESB-AC-151","orgao":"CETESB (SP)","uf":"SP","ano":2025,"categoria":"embargo","tipo":"Controle Ambiental de Área Contaminada — Área Contaminada sob Investigação (ACI)","empresa":"PAULO SEIXAS NEGÓCIOS IMOB. S/C LTDA","municipio":"São Paulo","porte":null,"valor":null,"processo":"CETESB-AC-151","link_oficial":"https://e.ambiente.sp.gov.br/atendimento/consulta/processo?numero=CETESB-AC-151","resumo":"CETESB · Área Contaminada sob Investigação (ACI) · PAULO SEIXAS NEGÓCIOS IMOB. S/C LTDA · São Paulo/SP · Impacto: Águas Subterrâneas","aprox":true}},{"type":"Feature","geometry":{"type":"Point","coordinates":[-48.32609,-21.23508]},"properties":{"id":"CETESB (SP):CETESB-AC-198","orgao":"CETESB (SP)","uf":"SP","ano":2022,"categoria":"embargo","tipo":"Controle Ambiental de Área Contaminada — Área Contaminada sob Investigação (ACI)","empresa":"SANCHEZ & SANCHEZ LTDA.","municipio":"Jaboticabal","porte":null,"valor":null,"processo":"CETESB-AC-198","link_oficial":"https://e.ambiente.sp.gov.br/atendimento/consulta/processo?numero=CETESB-AC-198","resumo":"CETESB · Área Contaminada sob Investigação (ACI) · SANCHEZ & SANCHEZ LTDA. · Jaboticabal/SP · Combustíveis e lubrificantes para veículos; comérc · Impacto: Água","aprox":true}},{"type":"Feature","geometry":{"type":"Point","coordinates":[-48.79459,-21.2509]},"properties":{"id":"CETESB (SP):CETESB-AC-200","orgao":"CETESB (SP)","uf":"SP","ano":2004,"categoria":"embargo","tipo":"Controle Ambiental de Área Contaminada — Área Contaminada em Processo de Remediação (ACRe)","empresa":"COMPANHIA AGRÍCOLA COLOMBO","municipio":"Santa Adélia","porte":null,"valor":null,"processo":"CETESB-AC-200","link_oficial":"https://e.ambiente.sp.gov.br/atendimento/consulta/processo?numero=CETESB-AC-200","resumo":"CETESB · Área Contaminada em Processo de Remediação (ACRe) · COMPANHIA AGRÍCOLA COLOMBO · Santa Adélia/SP · Cana-de-açúcar; cultivo de · Impacto: Águas Subterrâ","aprox":true}},{"type":"Feature","geometry":{"type":"Point","coordinates":[-45.5578,-23.0143]},"properties":{"id":"CETESB (SP):CETESB-AC-202","orgao":"CETESB (SP)","uf":"SP","ano":2007,"categoria":"embargo","tipo":"Controle Ambiental de Área Contaminada — Área Contaminada com Risco Confirmado (ACRi)","empresa":"AUTO POSTO AZALÉIA LTDA. - EPP","municipio":"Taubaté","porte":null,"valor":null,"processo":"CETESB-AC-202","link_oficial":"https://e.ambiente.sp.gov.br/atendimento/consulta/processo?numero=CETESB-AC-202","resumo":"CETESB · Área Contaminada com Risco Confirmado (ACRi) · AUTO POSTO AZALÉIA LTDA. - EPP · Taubaté/SP · Posto de combustível · Impacto: Águas Subterrâneas","aprox":true}},{"type":"Feature","geometry":{"type":"Point","coordinates":[-46.55191,-23.46057]},"properties":{"id":"CETESB (SP):CETESB-AC-261","orgao":"CETESB (SP)","uf":"SP","ano":2025,"categoria":"embargo","tipo":"Controle Ambiental de Área Contaminada — Área Contaminada em Processo de Remediação (ACRe)","empresa":"GARRET MOTION IND.AUTOMOTIVA BRASIL ( antiga HONEYWELL IND. AUTOMOTIVA LTDA.)","municipio":"Guarulhos","porte":null,"valor":null,"processo":"CETESB-AC-261","link_oficial":"https://e.ambiente.sp.gov.br/atendimento/consulta/processo?numero=CETESB-AC-261","resumo":"CETESB · Área Contaminada em Processo de Remediação (ACRe) · GARRET MOTION IND.AUTOMOTIVA BRASIL ( antiga HONEYWELL IND. AUTOMOTIVA LTDA.) · Guarulhos/SP · Peça","aprox":true}},{"type":"Feature","geometry":{"type":"Point","coordinates":[-47.4272,-21.99187]},"properties":{"id":"CETESB (SP):CETESB-AC-263","orgao":"CETESB (SP)","uf":"SP","ano":2025,"categoria":"embargo","tipo":"Controle Ambiental de Área Contaminada — Área Contaminada com Risco Confirmado (ACRi)","empresa":"AUTO POSTO B. A. LTDA","municipio":"Pirassununga","porte":null,"valor":null,"processo":"CETESB-AC-263","link_oficial":"https://e.ambiente.sp.gov.br/atendimento/consulta/processo?numero=CETESB-AC-263","resumo":"CETESB · Área Contaminada com Risco Confirmado (ACRi) · AUTO POSTO B. A. LTDA · Pirassununga/SP · Combustíveis e lubrificantes para veículos; comérc · Impacto: ","aprox":true}},{"type":"Feature","geometry":{"type":"Point","coordinates":[-45.22407,-22.84521]},"properties":{"id":"CETESB (SP):CETESB-AC-30","orgao":"CETESB (SP)","uf":"SP","ano":2025,"categoria":"embargo","tipo":"Controle Ambiental de Área Contaminada — Área Contaminada sob Investigação (ACI)","empresa":"AUTO POSTO SANTA RITA DE APARECIDA LTDA.","municipio":"Aparecida","porte":null,"valor":null,"processo":"CETESB-AC-30","link_oficial":"https://e.ambiente.sp.gov.br/atendimento/consulta/processo?numero=CETESB-AC-30","resumo":"CETESB · Área Contaminada sob Investigação (ACI) · AUTO POSTO SANTA RITA DE APARECIDA LTDA. · Aparecida/SP · Posto de combustível · Impacto: Águas Subterrâneas","aprox":true}},{"type":"Feature","geometry":{"type":"Point","coordinates":[-47.41867,-22.74261]},"properties":{"id":"CETESB (SP):CETESB-AC-102","orgao":"CETESB (SP)","uf":"SP","ano":2008,"categoria":"embargo","tipo":"Controle Ambiental de Área Contaminada — Área Contaminada em Processo de Remediação (ACRe)","empresa":"CROMODURO SANTA LUZIA LTDA.","municipio":"Santa Bárbara D´Oeste","porte":null,"valor":null,"processo":"CETESB-AC-102","link_oficial":"https://e.ambiente.sp.gov.br/atendimento/consulta/processo?numero=CETESB-AC-102","resumo":"CETESB · Área Contaminada em Processo de Remediação (ACRe) · CROMODURO SANTA LUZIA LTDA. · Santa Bárbara D´Oeste/SP · Cromagem; serviço de · Impacto: Subsolo","aprox":true}},{"type":"Feature","geometry":{"type":"Point","coordinates":[-46.63606,-23.5524]},"properties":{"id":"CETESB (SP):CETESB-AC-224","orgao":"CETESB (SP)","uf":"SP","ano":2024,"categoria":"embargo","tipo":"Controle Ambiental de Área Contaminada — Área Contaminada com Risco Confirmado (ACRi)","empresa":"PARQUE VILLA LOBOS/PARQUE CANDIDO PORTINARI","municipio":"São Paulo","porte":null,"valor":null,"processo":"CETESB-AC-224","link_oficial":"https://e.ambiente.sp.gov.br/atendimento/consulta/processo?numero=CETESB-AC-224","resumo":"CETESB · Área Contaminada com Risco Confirmado (ACRi) · PARQUE VILLA LOBOS/PARQUE CANDIDO PORTINARI · São Paulo/SP · Impacto: Ar do Solo/Subsolo (DENTRO)","aprox":true}},{"type":"Feature","geometry":{"type":"Point","coordinates":[-46.7867,-23.54394]},"properties":{"id":"CETESB (SP):CETESB-AC-345","orgao":"CETESB (SP)","uf":"SP","ano":2005,"categoria":"embargo","tipo":"Controle Ambiental de Área Contaminada — Área Contaminada em Processo de Remediação (ACRe)","empresa":"PINCÉIS TIGRE S/A (ATUALMENTE VILLAGE)","municipio":"Osasco","porte":null,"valor":null,"processo":"CETESB-AC-345","link_oficial":"https://e.ambiente.sp.gov.br/atendimento/consulta/processo?numero=CETESB-AC-345","resumo":"CETESB · Área Contaminada em Processo de Remediação (ACRe) · PINCÉIS TIGRE S/A (ATUALMENTE VILLAGE) · Osasco/SP · Impacto: Águas Subterrâneas/Subsolo (DENTRO)","aprox":true}},{"type":"Feature","geometry":{"type":"Point","coordinates":[-46.63928,-23.53287]},"properties":{"id":"CETESB (SP):CETESB-AC-457","orgao":"CETESB (SP)","uf":"SP","ano":2007,"categoria":"embargo","tipo":"Controle Ambiental de Área Contaminada — Área Contaminada com Risco Confirmado (ACRi)","empresa":"AUTO POSTO SAINT MARTYN LTDA","municipio":"São Paulo","porte":null,"valor":null,"processo":"CETESB-AC-457","link_oficial":"https://e.ambiente.sp.gov.br/atendimento/consulta/processo?numero=CETESB-AC-457","resumo":"CETESB · Área Contaminada com Risco Confirmado (ACRi) · AUTO POSTO SAINT MARTYN LTDA · São Paulo/SP · Auto posto · Impacto: Águas Subterrâneas/Subsolo (DENTRO)","aprox":true}},{"type":"Feature","geometry":{"type":"Point","coordinates":[-46.6513,-23.5428]},"properties":{"id":"CETESB (SP):CETESB-AC-643","orgao":"CETESB (SP)","uf":"SP","ano":2008,"categoria":"embargo","tipo":"Controle Ambiental de Área Contaminada — Área Contaminada em Processo de Remediação (ACRe)","empresa":"AUTO POSTO MAGNIFÍCO  LTDA","municipio":"São Paulo","porte":null,"valor":null,"processo":"CETESB-AC-643","link_oficial":"https://e.ambiente.sp.gov.br/atendimento/consulta/processo?numero=CETESB-AC-643","resumo":"CETESB · Área Contaminada em Processo de Remediação (ACRe) · AUTO POSTO MAGNIFÍCO  LTDA · São Paulo/SP · Posto de combustível · Impacto: Águas Subterrâneas/Subs","aprox":true}},{"type":"Feature","geometry":{"type":"Point","coordinates":[-46.63918,-23.53418]},"properties":{"id":"CETESB (SP):CETESB-AC-683","orgao":"CETESB (SP)","uf":"SP","ano":2025,"categoria":"embargo","tipo":"Controle Ambiental de Área Contaminada — Área Contaminada em Processo de Remediação (ACRe)","empresa":"POSTO DE SERVIÇOS FERNÃO DIAS LTDA","municipio":"São Paulo","porte":null,"valor":null,"processo":"CETESB-AC-683","link_oficial":"https://e.ambiente.sp.gov.br/atendimento/consulta/processo?numero=CETESB-AC-683","resumo":"CETESB · Área Contaminada em Processo de Remediação (ACRe) · POSTO DE SERVIÇOS FERNÃO DIAS LTDA · São Paulo/SP · Combustíveis e lubrificantes para veículos; com","aprox":true}},{"type":"Feature","geometry":{"type":"Point","coordinates":[-46.64817,-23.53443]},"properties":{"id":"CETESB (SP):CETESB-AC-888","orgao":"CETESB (SP)","uf":"SP","ano":2025,"categoria":"embargo","tipo":"Controle Ambiental de Área Contaminada — Área Contaminada em Processo de Remediação (ACRe)","empresa":"POSTO JURUPARI LTDA","municipio":"São Paulo","porte":null,"valor":null,"processo":"CETESB-AC-888","link_oficial":"https://e.ambiente.sp.gov.br/atendimento/consulta/processo?numero=CETESB-AC-888","resumo":"CETESB · Área Contaminada em Processo de Remediação (ACRe) · POSTO JURUPARI LTDA · São Paulo/SP · Combustíveis e lubrificantes para veículos; comérc · Impacto: ","aprox":true}},{"type":"Feature","geometry":{"type":"Point","coordinates":[-46.64097,-23.54336]},"properties":{"id":"CETESB (SP):CETESB-AC-926","orgao":"CETESB (SP)","uf":"SP","ano":2005,"categoria":"embargo","tipo":"Controle Ambiental de Área Contaminada — Área Contaminada em Processo de Remediação (ACRe)","empresa":"AUTO POSTO NOSSA SENHORA DO CARMO LTDA","municipio":"São Paulo","porte":null,"valor":null,"processo":"CETESB-AC-926","link_oficial":"https://e.ambiente.sp.gov.br/atendimento/consulta/processo?numero=CETESB-AC-926","resumo":"CETESB · Área Contaminada em Processo de Remediação (ACRe) · AUTO POSTO NOSSA SENHORA DO CARMO LTDA · São Paulo/SP · Combustíveis e lubrificantes para veículos;","aprox":true}},{"type":"Feature","geometry":{"type":"Point","coordinates":[-46.62819,-24.08231]},"properties":{"id":"CETESB (SP):CETESB-AC-995","orgao":"CETESB (SP)","uf":"SP","ano":2004,"categoria":"embargo","tipo":"Controle Ambiental de Área Contaminada — Área Contaminada em Processo de Remediação (ACRe)","empresa":"POSTO MONT MAR LTDA","municipio":"Mongaguá","porte":null,"valor":null,"processo":"CETESB-AC-995","link_oficial":"https://e.ambiente.sp.gov.br/atendimento/consulta/processo?numero=CETESB-AC-995","resumo":"CETESB · Área Contaminada em Processo de Remediação (ACRe) · POSTO MONT MAR LTDA · Mongaguá/SP · Combustíveis e lubrificantes para veículos; comérc · Impacto: Á","aprox":true}},{"type":"Feature","geometry":{"type":"Point","coordinates":[-48.4861,-24.76743]},"properties":{"id":"CETESB (SP):CETESB-AC-1390","orgao":"CETESB (SP)","uf":"SP","ano":2006,"categoria":"embargo","tipo":"Controle Ambiental de Área Contaminada — Área Contaminada em Processo de Remediação (ACRe)","empresa":"WC AUTO POSTO LTDA. (ANTIGO AUTO POSTO JÚNIOR 270) (NINI INC.)","municipio":"Barra Do Turvo","porte":null,"valor":null,"processo":"CETESB-AC-1390","link_oficial":"https://e.ambiente.sp.gov.br/atendimento/consulta/processo?numero=CETESB-AC-1390","resumo":"CETESB · Área Contaminada em Processo de Remediação (ACRe) · WC AUTO POSTO LTDA. (ANTIGO AUTO POSTO JÚNIOR 270) (NINI INC.) · Barra Do Turvo/SP · Impacto: Solo ","aprox":true}},{"type":"Feature","geometry":{"type":"Point","coordinates":[-45.54501,-23.02684]},"properties":{"id":"CETESB (SP):CETESB-AC-1432","orgao":"CETESB (SP)","uf":"SP","ano":2007,"categoria":"embargo","tipo":"Controle Ambiental de Área Contaminada — Área Contaminada com Risco Confirmado (ACRi)","empresa":"AUTO POSTO F. CRIS LTDA.","municipio":"Taubaté","porte":null,"valor":null,"processo":"CETESB-AC-1432","link_oficial":"https://e.ambiente.sp.gov.br/atendimento/consulta/processo?numero=CETESB-AC-1432","resumo":"CETESB · Área Contaminada com Risco Confirmado (ACRi) · AUTO POSTO F. CRIS LTDA. · Taubaté/SP · Posto de combustível · Impacto: Águas Subterrâneas","aprox":true}},{"type":"Feature","geometry":{"type":"Point","coordinates":[-46.56214,-23.66487]},"properties":{"id":"CETESB (SP):CETESB-AC-1654","orgao":"CETESB (SP)","uf":"SP","ano":2006,"categoria":"embargo","tipo":"Controle Ambiental de Área Contaminada — Área Contaminada em Processo de Remediação (ACRe)","empresa":"UNIPAR INDUPA DO BRASIL S/A","municipio":"Santo André","porte":null,"valor":null,"processo":"CETESB-AC-1654","link_oficial":"https://e.ambiente.sp.gov.br/atendimento/consulta/processo?numero=CETESB-AC-1654","resumo":"CETESB · Área Contaminada em Processo de Remediação (ACRe) · UNIPAR INDUPA DO BRASIL S/A · Santo André/SP · Pvc (policloreto de vinila); fabricação de · Impacto","aprox":true}},{"type":"Feature","geometry":{"type":"Point","coordinates":[-46.38602,-23.95568]},"properties":{"id":"CETESB (SP):CETESB-AC-1684","orgao":"CETESB (SP)","uf":"SP","ano":2024,"categoria":"embargo","tipo":"Controle Ambiental de Área Contaminada — Área Contaminada em Processo de Remediação (ACRe)","empresa":"SAINT-GOBAIN DO BRASIL PRODUTOS INDUSTRIAIS E PARA CONSTRUÇÃO LTDA.","municipio":"São Vicente","porte":null,"valor":null,"processo":"CETESB-AC-1684","link_oficial":"https://e.ambiente.sp.gov.br/atendimento/consulta/processo?numero=CETESB-AC-1684","resumo":"CETESB · Área Contaminada em Processo de Remediação (ACRe) · SAINT-GOBAIN DO BRASIL PRODUTOS INDUSTRIAIS E PARA CONSTRUÇÃO LTDA. · São Vicente/SP · Vidro plano;","aprox":true}},{"type":"Feature","geometry":{"type":"Point","coordinates":[-47.28814,-23.19028]},"properties":{"id":"CETESB (SP):CETESB-AC-1725","orgao":"CETESB (SP)","uf":"SP","ano":2025,"categoria":"embargo","tipo":"Controle Ambiental de Área Contaminada — Área Contaminada com Risco Confirmado (ACRi)","empresa":"VALDEMARIN 12 COM. COMB. DERIV. PET. LTDA (ANTIGO PORTAL DE SALTO AUTO POSTO)","municipio":"Salto","porte":null,"valor":null,"processo":"CETESB-AC-1725","link_oficial":"https://e.ambiente.sp.gov.br/atendimento/consulta/processo?numero=CETESB-AC-1725","resumo":"CETESB · Área Contaminada com Risco Confirmado (ACRi) · VALDEMARIN 12 COM. COMB. DERIV. PET. LTDA (ANTIGO PORTAL DE SALTO AUTO POSTO) · Salto/SP · Posto de comb","aprox":true}},{"type":"Feature","geometry":{"type":"Point","coordinates":[-46.42758,-23.89325]},"properties":{"id":"CETESB (SP):CETESB-AC-1759","orgao":"CETESB (SP)","uf":"SP","ano":2025,"categoria":"embargo","tipo":"Controle Ambiental de Área Contaminada — Área Contaminada em Processo de Remediação (ACRe)","empresa":"AUTO POSTO MIRALDO EIRELI","municipio":"Cubatão","porte":null,"valor":null,"processo":"CETESB-AC-1759","link_oficial":"https://e.ambiente.sp.gov.br/atendimento/consulta/processo?numero=CETESB-AC-1759","resumo":"CETESB · Área Contaminada em Processo de Remediação (ACRe) · AUTO POSTO MIRALDO EIRELI · Cubatão/SP · Auto posto · Impacto: Águas Subterrâneas/Subsolo (DENTRO)","aprox":true}},{"type":"Feature","geometry":{"type":"Point","coordinates":[-46.53367,-23.45357]},"properties":{"id":"CETESB (SP):CETESB-AC-1833","orgao":"CETESB (SP)","uf":"SP","ano":2025,"categoria":"embargo","tipo":"Controle Ambiental de Área Contaminada — Área Contaminada sob Investigação (ACI)","empresa":"AUTO POSTO MACEDO LTDA","municipio":"Guarulhos","porte":null,"valor":null,"processo":"CETESB-AC-1833","link_oficial":"https://e.ambiente.sp.gov.br/atendimento/consulta/processo?numero=CETESB-AC-1833","resumo":"CETESB · Área Contaminada sob Investigação (ACI) · AUTO POSTO MACEDO LTDA · Guarulhos/SP · Combustíveis e lubrificantes para veículos; comérc · Impacto: Subsolo","aprox":true}},{"type":"Feature","geometry":{"type":"Point","coordinates":[-49.875,-22.98399]},"properties":{"id":"CETESB (SP):CETESB-AC-1954","orgao":"CETESB (SP)","uf":"SP","ano":2024,"categoria":"embargo","tipo":"Controle Ambiental de Área Contaminada — Área Contaminada sob Investigação (ACI)","empresa":"MUNICÍPIO DE OURINHOS","municipio":"Ourinhos","porte":null,"valor":null,"processo":"CETESB-AC-1954","link_oficial":"https://e.ambiente.sp.gov.br/atendimento/consulta/processo?numero=CETESB-AC-1954","resumo":"CETESB · Área Contaminada sob Investigação (ACI) · MUNICÍPIO DE OURINHOS · Ourinhos/SP · Água, captação, tratamento e distribuição de · Impacto: Águas Subterrân","aprox":true}},{"type":"Feature","geometry":{"type":"Point","coordinates":[-45.86914,-23.20355]},"properties":{"id":"CETESB (SP):CETESB-AC-1984","orgao":"CETESB (SP)","uf":"SP","ano":2025,"categoria":"embargo","tipo":"Controle Ambiental de Área Contaminada — Área Contaminada sob Investigação (ACI)","empresa":"RESUME REVESTIMENTO SUPERFICIAL DE METAIS LTDA","municipio":"São José Dos Campos","porte":null,"valor":null,"processo":"CETESB-AC-1984","link_oficial":"https://e.ambiente.sp.gov.br/atendimento/consulta/processo?numero=CETESB-AC-1984","resumo":"CETESB · Área Contaminada sob Investigação (ACI) · RESUME REVESTIMENTO SUPERFICIAL DE METAIS LTDA · São José Dos Campos/SP · Tratamento e revestimento em metais","aprox":true}},{"type":"Feature","geometry":{"type":"Point","coordinates":[-46.56729,-23.71057]},"properties":{"id":"CETESB (SP):CETESB-AC-2102","orgao":"CETESB (SP)","uf":"SP","ano":2023,"categoria":"embargo","tipo":"Controle Ambiental de Área Contaminada — Área Contaminada sob Investigação (ACI)","empresa":"PLASTIC OMNIUM DO BRASIL LTDA","municipio":"São Bernardo Do Campo","porte":null,"valor":null,"processo":"CETESB-AC-2102","link_oficial":"https://e.ambiente.sp.gov.br/atendimento/consulta/processo?numero=CETESB-AC-2102","resumo":"CETESB · Área Contaminada sob Investigação (ACI) · PLASTIC OMNIUM DO BRASIL LTDA · São Bernardo Do Campo/SP · Pára-choques para veículos automotores; fabricação","aprox":true}},{"type":"Feature","geometry":{"type":"Point","coordinates":[-46.77009,-22.69797]},"properties":{"id":"CETESB (SP):CETESB-AC-2223","orgao":"CETESB (SP)","uf":"SP","ano":2025,"categoria":"embargo","tipo":"Controle Ambiental de Área Contaminada — Área Contaminada com Risco Confirmado (ACRi)","empresa":"AUTO POSTO TUCSON LTDA.","municipio":"Amparo","porte":null,"valor":null,"processo":"CETESB-AC-2223","link_oficial":"https://e.ambiente.sp.gov.br/atendimento/consulta/processo?numero=CETESB-AC-2223","resumo":"CETESB · Área Contaminada com Risco Confirmado (ACRi) · AUTO POSTO TUCSON LTDA. · Amparo/SP · Posto de combustível · Impacto: Águas Subterrâneas/Solo Superficia","aprox":true}},{"type":"Feature","geometry":{"type":"Point","coordinates":[-46.63097,-23.54085]},"properties":{"id":"CETESB (SP):CETESB-AC-2262","orgao":"CETESB (SP)","uf":"SP","ano":2024,"categoria":"embargo","tipo":"Controle Ambiental de Área Contaminada — Área Contaminada sob Investigação (ACI)","empresa":"CEMITÉRIO MUNICIPAL DE SANTO AMARO","municipio":"São Paulo","porte":null,"valor":null,"processo":"CETESB-AC-2262","link_oficial":"https://e.ambiente.sp.gov.br/atendimento/consulta/processo?numero=CETESB-AC-2262","resumo":"CETESB · Área Contaminada sob Investigação (ACI) · CEMITÉRIO MUNICIPAL DE SANTO AMARO · São Paulo/SP · Administração de necrópole; serviços de · Impacto: Águas ","aprox":true}},{"type":"Feature","geometry":{"type":"Point","coordinates":[-46.63725,-23.52991]},"properties":{"id":"CETESB (SP):CETESB-AC-2290","orgao":"CETESB (SP)","uf":"SP","ano":2014,"categoria":"embargo","tipo":"Controle Ambiental de Área Contaminada — Área Contaminada com Risco Confirmado (ACRi)","empresa":"HORIBA INSTRUMENTS BRASIL LTDA","municipio":"São Paulo","porte":null,"valor":null,"processo":"CETESB-AC-2290","link_oficial":"https://e.ambiente.sp.gov.br/atendimento/consulta/processo?numero=CETESB-AC-2290","resumo":"CETESB · Área Contaminada com Risco Confirmado (ACRi) · HORIBA INSTRUMENTS BRASIL LTDA · São Paulo/SP · Reagentes de diagnóstico ou de laboratório; fabric · Imp","aprox":true}},{"type":"Feature","geometry":{"type":"Point","coordinates":[-46.64188,-23.54068]},"properties":{"id":"CETESB (SP):CETESB-AC-2331","orgao":"CETESB (SP)","uf":"SP","ano":2011,"categoria":"embargo","tipo":"Controle Ambiental de Área Contaminada — Área Contaminada em Processo de Remediação (ACRe)","empresa":"AUTO POSTO ANACAPRI LTDA","municipio":"São Paulo","porte":null,"valor":null,"processo":"CETESB-AC-2331","link_oficial":"https://e.ambiente.sp.gov.br/atendimento/consulta/processo?numero=CETESB-AC-2331","resumo":"CETESB · Área Contaminada em Processo de Remediação (ACRe) · AUTO POSTO ANACAPRI LTDA · São Paulo/SP · Posto de abastecimento de veículos · Impacto: Águas Subte","aprox":true}},{"type":"Feature","geometry":{"type":"Point","coordinates":[-46.93271,-23.61913]},"properties":{"id":"CETESB (SP):CETESB-AC-2469","orgao":"CETESB (SP)","uf":"SP","ano":2003,"categoria":"embargo","tipo":"Controle Ambiental de Área Contaminada — Área Contaminada em Processo de Remediação (ACRe)","empresa":"CALAN EMPR. IMOB. LTDA. (HOCHTIEF DO BRASIL S/A)","municipio":"Cotia","porte":null,"valor":null,"processo":"CETESB-AC-2469","link_oficial":"https://e.ambiente.sp.gov.br/atendimento/consulta/processo?numero=CETESB-AC-2469","resumo":"CETESB · Área Contaminada em Processo de Remediação (ACRe) · CALAN EMPR. IMOB. LTDA. (HOCHTIEF DO BRASIL S/A) · Cotia/SP · Impacto: Águas Subterrâneas/Subsolo (","aprox":true}},{"type":"Feature","geometry":{"type":"Point","coordinates":[-45.56146,-22.98983]},"properties":{"id":"CETESB (SP):CETESB-AC-2512","orgao":"CETESB (SP)","uf":"SP","ano":2024,"categoria":"embargo","tipo":"Controle Ambiental de Área Contaminada — Área Contaminada sob Investigação (ACI)","empresa":"EDSON RIBEIRO & FILHA LTDA.","municipio":"Taubaté","porte":null,"valor":null,"processo":"CETESB-AC-2512","link_oficial":"https://e.ambiente.sp.gov.br/atendimento/consulta/processo?numero=CETESB-AC-2512","resumo":"CETESB · Área Contaminada sob Investigação (ACI) · EDSON RIBEIRO & FILHA LTDA. · Taubaté/SP · Combustíveis e lubrificantes para veículos; comérc · Impacto: Água","aprox":true}},{"type":"Feature","geometry":{"type":"Point","coordinates":[-46.96068,-22.05923]},"properties":{"id":"CETESB (SP):CETESB-AC-2696","orgao":"CETESB (SP)","uf":"SP","ano":2009,"categoria":"embargo","tipo":"Controle Ambiental de Área Contaminada — Área Contaminada em Processo de Remediação (ACRe)","empresa":"CTM - COMÉRCIO E TRANSPORTES MATIELO LTDA","municipio":"Aguaí","porte":null,"valor":null,"processo":"CETESB-AC-2696","link_oficial":"https://e.ambiente.sp.gov.br/atendimento/consulta/processo?numero=CETESB-AC-2696","resumo":"CETESB · Área Contaminada em Processo de Remediação (ACRe) · CTM - COMÉRCIO E TRANSPORTES MATIELO LTDA · Aguaí/SP · POSTOS DE ABASTECIMENTO DE COMBUSTÍVEL PARA ","aprox":true}},{"type":"Feature","geometry":{"type":"Point","coordinates":[-49.85897,-22.99502]},"properties":{"id":"CETESB (SP):CETESB-AC-3018","orgao":"CETESB (SP)","uf":"SP","ano":2003,"categoria":"embargo","tipo":"Controle Ambiental de Área Contaminada — Área Contaminada em Processo de Remediação (ACRe)","empresa":"IPIRANGA PRODUTOS DE PETRÓLEO S.A - BASE OURINHOS","municipio":"Ourinhos","porte":null,"valor":null,"processo":"CETESB-AC-3018","link_oficial":"https://e.ambiente.sp.gov.br/atendimento/consulta/processo?numero=CETESB-AC-3018","resumo":"CETESB · Área Contaminada em Processo de Remediação (ACRe) · IPIRANGA PRODUTOS DE PETRÓLEO S.A - BASE OURINHOS · Ourinhos/SP · Bases de armazenamento de combust","aprox":true}},{"type":"Feature","geometry":{"type":"Point","coordinates":[-46.57575,-23.69481]},"properties":{"id":"CETESB (SP):CETESB-AC-3091","orgao":"CETESB (SP)","uf":"SP","ano":2026,"categoria":"embargo","tipo":"Controle Ambiental de Área Contaminada — Área Contaminada com Risco Confirmado (ACRi)","empresa":"SELCO TECNOLOGIA E INDÚSTRIA LTDA","municipio":"São Bernardo Do Campo","porte":null,"valor":null,"processo":"CETESB-AC-3091","link_oficial":"https://e.ambiente.sp.gov.br/atendimento/consulta/processo?numero=CETESB-AC-3091","resumo":"CETESB · Área Contaminada com Risco Confirmado (ACRi) · SELCO TECNOLOGIA E INDÚSTRIA LTDA · São Bernardo Do Campo/SP · Peças e acessórios para máquinas e equipa","aprox":true}},{"type":"Feature","geometry":{"type":"Point","coordinates":[-47.64355,-22.74705]},"properties":{"id":"CETESB (SP):CETESB-AC-3283","orgao":"CETESB (SP)","uf":"SP","ano":2024,"categoria":"embargo","tipo":"Controle Ambiental de Área Contaminada — Área Contaminada sob Investigação (ACI)","empresa":"ARCELORMITTAL  BRASIL S.A","municipio":"Piracicaba","porte":null,"valor":null,"processo":"CETESB-AC-3283","link_oficial":"https://e.ambiente.sp.gov.br/atendimento/consulta/processo?numero=CETESB-AC-3283","resumo":"CETESB · Área Contaminada sob Investigação (ACI) · ARCELORMITTAL  BRASIL S.A · Piracicaba/SP · Laminados longos de aço ao carbono e ligados; prod · Impacto: Águ","aprox":true}},{"type":"Feature","geometry":{"type":"Point","coordinates":[-46.63862,-23.54011]},"properties":{"id":"CETESB (SP):CETESB-AC-3313","orgao":"CETESB (SP)","uf":"SP","ano":2025,"categoria":"embargo","tipo":"Controle Ambiental de Área Contaminada — Área Contaminada com Risco Confirmado (ACRi)","empresa":"SANDVIK DO BRASIL S.A. INDÚSTRIA E COMÉRCIO","municipio":"São Paulo","porte":null,"valor":null,"processo":"CETESB-AC-3313","link_oficial":"https://e.ambiente.sp.gov.br/atendimento/consulta/processo?numero=CETESB-AC-3313","resumo":"CETESB · Área Contaminada com Risco Confirmado (ACRi) · SANDVIK DO BRASIL S.A. INDÚSTRIA E COMÉRCIO · São Paulo/SP · Ferramentas industriais de precisão; fabric","aprox":true}},{"type":"Feature","geometry":{"type":"Point","coordinates":[-46.62959,-23.52596]},"properties":{"id":"CETESB (SP):CETESB-AC-3432","orgao":"CETESB (SP)","uf":"SP","ano":2026,"categoria":"embargo","tipo":"Controle Ambiental de Área Contaminada — Área Contaminada em Processo de Remediação (ACRe)","empresa":"AUTO VIAÇÃO TRANSCAP LTDA.","municipio":"São Paulo","porte":null,"valor":null,"processo":"CETESB-AC-3432","link_oficial":"https://e.ambiente.sp.gov.br/atendimento/consulta/processo?numero=CETESB-AC-3432","resumo":"CETESB · Área Contaminada em Processo de Remediação (ACRe) · AUTO VIAÇÃO TRANSCAP LTDA. · São Paulo/SP · Combustíveis e lubrificantes para veículos; comérc · Im","aprox":true}},{"type":"Feature","geometry":{"type":"Point","coordinates":[-46.42047,-23.69151]},"properties":{"id":"CETESB (SP):CETESB-AC-3550","orgao":"CETESB (SP)","uf":"SP","ano":2025,"categoria":"embargo","tipo":"Controle Ambiental de Área Contaminada — Área Contaminada em Processo de Remediação (ACRe)","empresa":"AUTO POSTO TRANSVAAL LTDA","municipio":"Ribeirão Pires","porte":null,"valor":null,"processo":"CETESB-AC-3550","link_oficial":"https://e.ambiente.sp.gov.br/atendimento/consulta/processo?numero=CETESB-AC-3550","resumo":"CETESB · Área Contaminada em Processo de Remediação (ACRe) · AUTO POSTO TRANSVAAL LTDA · Ribeirão Pires/SP · Posto de gasolina · Impacto: Águas Subterrâneas/Sub","aprox":true}},{"type":"Feature","geometry":{"type":"Point","coordinates":[-47.12578,-23.32135]},"properties":{"id":"CETESB (SP):CETESB-AC-3588","orgao":"CETESB (SP)","uf":"SP","ano":2024,"categoria":"embargo","tipo":"Controle Ambiental de Área Contaminada — Área Contaminada sob Investigação (ACI)","empresa":"TECHNES AGRICOLA LTDA","municipio":"Cabreúva","porte":null,"valor":null,"processo":"CETESB-AC-3588","link_oficial":"https://e.ambiente.sp.gov.br/atendimento/consulta/processo?numero=CETESB-AC-3588","resumo":"CETESB · Área Contaminada sob Investigação (ACI) · TECHNES AGRICOLA LTDA · Cabreúva/SP · Fertilizantes químicos de uso agrícola e doméstico · Impacto: Águas Sub","aprox":true}},{"type":"Feature","geometry":{"type":"Point","coordinates":[-46.46827,-23.65275]},"properties":{"id":"CETESB (SP):CETESB-AC-3656","orgao":"CETESB (SP)","uf":"SP","ano":2024,"categoria":"embargo","tipo":"Controle Ambiental de Área Contaminada — Área Contaminada com Risco Confirmado (ACRi)","empresa":"OXITENO S/A - DIVISÃO DE PETROQUÍMICOS  - ESTUDOS DE ANÁLISE DE RISCOS","municipio":"Mauá","porte":null,"valor":null,"processo":"CETESB-AC-3656","link_oficial":"https://e.ambiente.sp.gov.br/atendimento/consulta/processo?numero=CETESB-AC-3656","resumo":"CETESB · Área Contaminada com Risco Confirmado (ACRi) · OXITENO S/A - DIVISÃO DE PETROQUÍMICOS  - ESTUDOS DE ANÁLISE DE RISCOS · Mauá/SP · Oxido de eteno; fabri","aprox":true}},{"type":"Feature","geometry":{"type":"Point","coordinates":[-46.65106,-23.55004]},"properties":{"id":"CETESB (SP):CETESB-AC-3688","orgao":"CETESB (SP)","uf":"SP","ano":2025,"categoria":"embargo","tipo":"Controle Ambiental de Área Contaminada — Área Contaminada sob Investigação (ACI)","empresa":"POSTO DE SERVIÇOS KARINAT LTDA.","municipio":"São Paulo","porte":null,"valor":null,"processo":"CETESB-AC-3688","link_oficial":"https://e.ambiente.sp.gov.br/atendimento/consulta/processo?numero=CETESB-AC-3688","resumo":"CETESB · Área Contaminada sob Investigação (ACI) · POSTO DE SERVIÇOS KARINAT LTDA. · São Paulo/SP · Combustíveis e lubrificantes para veículos; comérc · Impacto","aprox":true}},{"type":"Feature","geometry":{"type":"Point","coordinates":[-46.63663,-23.52137]},"properties":{"id":"CETESB (SP):CETESB-AC-3726","orgao":"CETESB (SP)","uf":"SP","ano":2025,"categoria":"embargo","tipo":"Controle Ambiental de Área Contaminada — Área Contaminada sob Investigação (ACI)","empresa":"PERFIL PRODUTOS SIDERÚRGICOS LTDA.","municipio":"São Paulo","porte":null,"valor":null,"processo":"CETESB-AC-3726","link_oficial":"https://e.ambiente.sp.gov.br/atendimento/consulta/processo?numero=CETESB-AC-3726","resumo":"CETESB · Área Contaminada sob Investigação (ACI) · PERFIL PRODUTOS SIDERÚRGICOS LTDA. · São Paulo/SP · Impacto: Águas Subterrâneas/Subsolo (DENTRO)","aprox":true}},{"type":"Feature","geometry":{"type":"Point","coordinates":[-46.64875,-23.53702]},"properties":{"id":"CETESB (SP):CETESB-AC-3796","orgao":"CETESB (SP)","uf":"SP","ano":2005,"categoria":"embargo","tipo":"Controle Ambiental de Área Contaminada — Área Contaminada em Processo de Remediação (ACRe)","empresa":"AUTO POSTO 1010 LTDA.","municipio":"São Paulo","porte":null,"valor":null,"processo":"CETESB-AC-3796","link_oficial":"https://e.ambiente.sp.gov.br/atendimento/consulta/processo?numero=CETESB-AC-3796","resumo":"CETESB · Área Contaminada em Processo de Remediação (ACRe) · AUTO POSTO 1010 LTDA. · São Paulo/SP · Combustíveis e lubrificantes para veículos; comérc · Impacto","aprox":true}},{"type":"Feature","geometry":{"type":"Point","coordinates":[-46.62898,-23.52607]},"properties":{"id":"CETESB (SP):CETESB-AC-3838","orgao":"CETESB (SP)","uf":"SP","ano":2022,"categoria":"embargo","tipo":"Controle Ambiental de Área Contaminada — Área Contaminada sob Investigação (ACI)","empresa":"PETRÓLEO BRASILEIRO S.A. PETROBRAS","municipio":"São Paulo","porte":null,"valor":null,"processo":"CETESB-AC-3838","link_oficial":"https://e.ambiente.sp.gov.br/atendimento/consulta/processo?numero=CETESB-AC-3838","resumo":"CETESB · Área Contaminada sob Investigação (ACI) · PETRÓLEO BRASILEIRO S.A. PETROBRAS · São Paulo/SP · Energia elétrica de origem térmica (gás); geração, · Impa","aprox":true}},{"type":"Feature","geometry":{"type":"Point","coordinates":[-45.56511,-22.73482]},"properties":{"id":"CETESB (SP):CETESB-AC-3878","orgao":"CETESB (SP)","uf":"SP","ano":2003,"categoria":"embargo","tipo":"Controle Ambiental de Área Contaminada — Área Contaminada em Processo de Remediação (ACRe)","empresa":"POSTO LÍDER DE CAMPOS DO JORDÃO LTDA","municipio":"Campos Do Jordão","porte":null,"valor":null,"processo":"CETESB-AC-3878","link_oficial":"https://e.ambiente.sp.gov.br/atendimento/consulta/processo?numero=CETESB-AC-3878","resumo":"CETESB · Área Contaminada em Processo de Remediação (ACRe) · POSTO LÍDER DE CAMPOS DO JORDÃO LTDA · Campos Do Jordão/SP · Combustíveis e lubrificantes para veíc","aprox":true}},{"type":"Feature","geometry":{"type":"Point","coordinates":[-46.88967,-23.18985]},"properties":{"id":"CETESB (SP):CETESB-AC-3980","orgao":"CETESB (SP)","uf":"SP","ano":2007,"categoria":"embargo","tipo":"Controle Ambiental de Área Contaminada — Área Contaminada em Processo de Remediação (ACRe)","empresa":"ORGANIZAÇÃO COMERCIAL LAGO AZUL LTDA","municipio":"Jundiaí","porte":null,"valor":null,"processo":"CETESB-AC-3980","link_oficial":"https://e.ambiente.sp.gov.br/atendimento/consulta/processo?numero=CETESB-AC-3980","resumo":"CETESB · Área Contaminada em Processo de Remediação (ACRe) · ORGANIZAÇÃO COMERCIAL LAGO AZUL LTDA · Jundiaí/SP · Posto de combustível · Impacto: Águas Subterrân","aprox":true}},{"type":"Feature","geometry":{"type":"Point","coordinates":[-47.28139,-22.80111]},"properties":{"id":"CETESB (SP):CETESB-AC-4048","orgao":"CETESB (SP)","uf":"SP","ano":2025,"categoria":"embargo","tipo":"Controle Ambiental de Área Contaminada — Área Contaminada sob Investigação (ACI)","empresa":"SATA BRASIL LTDA","municipio":"Sumaré","porte":null,"valor":null,"processo":"CETESB-AC-4048","link_oficial":"https://e.ambiente.sp.gov.br/atendimento/consulta/processo?numero=CETESB-AC-4048","resumo":"CETESB · Área Contaminada sob Investigação (ACI) · SATA BRASIL LTDA · Sumaré/SP · Peças e acessórios para os sistemas de marcha e tr · Impacto: Águas Subterrâne","aprox":true}},{"type":"Feature","geometry":{"type":"Point","coordinates":[-46.64039,-23.51598]},"properties":{"id":"CETESB (SP):CETESB-AC-4121","orgao":"CETESB (SP)","uf":"SP","ano":2025,"categoria":"embargo","tipo":"Controle Ambiental de Área Contaminada — Área Contaminada com Risco Confirmado (ACRi)","empresa":"LILLE INVESTIMENTOS IMOBILIÁRIOS LTDA","municipio":"São Paulo","porte":null,"valor":null,"processo":"CETESB-AC-4121","link_oficial":"https://e.ambiente.sp.gov.br/atendimento/consulta/processo?numero=CETESB-AC-4121","resumo":"CETESB · Área Contaminada com Risco Confirmado (ACRi) · LILLE INVESTIMENTOS IMOBILIÁRIOS LTDA · São Paulo/SP · Impacto: Águas Subterrâneas/Subsolo (DENTRO)","aprox":true}},{"type":"Feature","geometry":{"type":"Point","coordinates":[-47.8859,-20.71827]},"properties":{"id":"CETESB (SP):CETESB-AC-4159","orgao":"CETESB (SP)","uf":"SP","ano":2023,"categoria":"embargo","tipo":"Controle Ambiental de Área Contaminada — Área Contaminada com Risco Confirmado (ACRi)","empresa":"AUTO POSTO SANTA RITA LTDA","municipio":"Orlândia","porte":null,"valor":null,"processo":"CETESB-AC-4159","link_oficial":"https://e.ambiente.sp.gov.br/atendimento/consulta/processo?numero=CETESB-AC-4159","resumo":"CETESB · Área Contaminada com Risco Confirmado (ACRi) · AUTO POSTO SANTA RITA LTDA · Orlândia/SP · Auto posto · Impacto: Solo Superficial/Águas Subterrâneas (DE","aprox":true}},{"type":"Feature","geometry":{"type":"Point","coordinates":[-47.3886,-22.57675]},"properties":{"id":"CETESB (SP):CETESB-AC-4232","orgao":"CETESB (SP)","uf":"SP","ano":2012,"categoria":"embargo","tipo":"Controle Ambiental de Área Contaminada — Área Contaminada com Risco Confirmado (ACRi)","empresa":"AÇUCAREIRA BOA VISTA LTDA","municipio":"Limeira","porte":null,"valor":null,"processo":"CETESB-AC-4232","link_oficial":"https://e.ambiente.sp.gov.br/atendimento/consulta/processo?numero=CETESB-AC-4232","resumo":"CETESB · Área Contaminada com Risco Confirmado (ACRi) · AÇUCAREIRA BOA VISTA LTDA · Limeira/SP · Açúcar refinado; fabricação de · Impacto: Águas Subterrâneas","aprox":true}},{"type":"Feature","geometry":{"type":"Point","coordinates":[-45.59535,-22.72855]},"properties":{"id":"CETESB (SP):CETESB-AC-4341","orgao":"CETESB (SP)","uf":"SP","ano":2004,"categoria":"embargo","tipo":"Controle Ambiental de Área Contaminada — Área Contaminada em Processo de Remediação (ACRe)","empresa":"CAMPOS DO JORDÃO AUTO POSTO LTDA.","municipio":"Campos Do Jordão","porte":null,"valor":null,"processo":"CETESB-AC-4341","link_oficial":"https://e.ambiente.sp.gov.br/atendimento/consulta/processo?numero=CETESB-AC-4341","resumo":"CETESB · Área Contaminada em Processo de Remediação (ACRe) · CAMPOS DO JORDÃO AUTO POSTO LTDA. · Campos Do Jordão/SP · Combustíveis e lubrificantes para veículo","aprox":true}},{"type":"Feature","geometry":{"type":"Point","coordinates":[-46.32527,-23.95629]},"properties":{"id":"CETESB (SP):CETESB-AC-4381","orgao":"CETESB (SP)","uf":"SP","ano":2007,"categoria":"embargo","tipo":"Controle Ambiental de Área Contaminada — Área Contaminada sob Investigação (ACI)","empresa":"POSTO AVENIDA EIRELI","municipio":"Santos","porte":null,"valor":null,"processo":"CETESB-AC-4381","link_oficial":"https://e.ambiente.sp.gov.br/atendimento/consulta/processo?numero=CETESB-AC-4381","resumo":"CETESB · Área Contaminada sob Investigação (ACI) · POSTO AVENIDA EIRELI · Santos/SP · Posto de gasolina · Impacto: Águas Subterrâneas/Subsolo (DENTRO)","aprox":true}},{"type":"Feature","geometry":{"type":"Point","coordinates":[-45.88362,-23.18412]},"properties":{"id":"CETESB (SP):CETESB-AC-4413","orgao":"CETESB (SP)","uf":"SP","ano":2022,"categoria":"embargo","tipo":"Controle Ambiental de Área Contaminada — Área Contaminada em Processo de Remediação (ACRe)","empresa":"EATON LTDA","municipio":"São José Dos Campos","porte":null,"valor":null,"processo":"CETESB-AC-4413","link_oficial":"https://e.ambiente.sp.gov.br/atendimento/consulta/processo?numero=CETESB-AC-4413","resumo":"CETESB · Área Contaminada em Processo de Remediação (ACRe) · EATON LTDA · São José Dos Campos/SP · Peças e acessórios para o sistema motor para veícu · Impacto:","aprox":true}},{"type":"Feature","geometry":{"type":"Point","coordinates":[-46.62002,-23.66767]},"properties":{"id":"CETESB (SP):CETESB-AC-4457","orgao":"CETESB (SP)","uf":"SP","ano":2005,"categoria":"embargo","tipo":"Controle Ambiental de Área Contaminada — Área Contaminada em Processo de Remediação (ACRe)","empresa":"AUTO POSTO PIRAPORINHA SOLIDÃO LTDA.","municipio":"Diadema","porte":null,"valor":null,"processo":"CETESB-AC-4457","link_oficial":"https://e.ambiente.sp.gov.br/atendimento/consulta/processo?numero=CETESB-AC-4457","resumo":"CETESB · Área Contaminada em Processo de Remediação (ACRe) · AUTO POSTO PIRAPORINHA SOLIDÃO LTDA. · Diadema/SP · Combustíveis e lubrificantes para veículos; com","aprox":true}},{"type":"Feature","geometry":{"type":"Point","coordinates":[-45.66864,-23.38363]},"properties":{"id":"CETESB (SP):CETESB-AC-4525","orgao":"CETESB (SP)","uf":"SP","ano":2023,"categoria":"embargo","tipo":"Controle Ambiental de Área Contaminada — Área Contaminada com Risco Confirmado (ACRi)","empresa":"AUTO POSTO PARAIBUNA LTDA","municipio":"Paraibuna","porte":null,"valor":null,"processo":"CETESB-AC-4525","link_oficial":"https://e.ambiente.sp.gov.br/atendimento/consulta/processo?numero=CETESB-AC-4525","resumo":"CETESB · Área Contaminada com Risco Confirmado (ACRi) · AUTO POSTO PARAIBUNA LTDA · Paraibuna/SP · COMÉRCIO VAREJISTA DE COMBUSTIVEIS E LUBRIFICANTES · Impacto:","aprox":true}},{"type":"Feature","geometry":{"type":"Point","coordinates":[-45.11708,-22.72204]},"properties":{"id":"CETESB (SP):CETESB-AC-4603","orgao":"CETESB (SP)","uf":"SP","ano":2025,"categoria":"embargo","tipo":"Controle Ambiental de Área Contaminada — Área Contaminada com Risco Confirmado (ACRi)","empresa":"POSTO DA FIGUEIRA LORENA LTDA.","municipio":"Lorena","porte":null,"valor":null,"processo":"CETESB-AC-4603","link_oficial":"https://e.ambiente.sp.gov.br/atendimento/consulta/processo?numero=CETESB-AC-4603","resumo":"CETESB · Área Contaminada com Risco Confirmado (ACRi) · POSTO DA FIGUEIRA LORENA LTDA. · Lorena/SP · Combustíveis e lubrificantes para veículos; comérc · Impact","aprox":true}},{"type":"Feature","geometry":{"type":"Point","coordinates":[-45.87727,-23.19264]},"properties":{"id":"CETESB (SP):CETESB-AC-4569","orgao":"CETESB (SP)","uf":"SP","ano":2014,"categoria":"embargo","tipo":"Controle Ambiental de Área Contaminada — Área Contaminada sob Investigação (ACI)","empresa":"LUCIANO TOLEDO MIRA","municipio":"São José Dos Campos","porte":null,"valor":null,"processo":"CETESB-AC-4569","link_oficial":"https://e.ambiente.sp.gov.br/atendimento/consulta/processo?numero=CETESB-AC-4569","resumo":"CETESB · Área Contaminada sob Investigação (ACI) · LUCIANO TOLEDO MIRA · São José Dos Campos/SP · Entulho; coleta e remoção de · Impacto: Águas Subterrâneas","aprox":true}},{"type":"Feature","geometry":{"type":"Point","coordinates":[-46.64201,-23.53804]},"properties":{"id":"CETESB (SP):CETESB-AC-4570","orgao":"CETESB (SP)","uf":"SP","ano":2026,"categoria":"embargo","tipo":"Controle Ambiental de Área Contaminada — Área Contaminada em Processo de Remediação (ACRe)","empresa":"CIA. NITRO QUíMICA BRASILEIRA","municipio":"São Paulo","porte":null,"valor":null,"processo":"CETESB-AC-4570","link_oficial":"https://e.ambiente.sp.gov.br/atendimento/consulta/processo?numero=CETESB-AC-4570","resumo":"CETESB · Área Contaminada em Processo de Remediação (ACRe) · CIA. NITRO QUíMICA BRASILEIRA · São Paulo/SP · Fabricação de outros produtos químicos inorgânicos ·","aprox":true}},{"type":"Feature","geometry":{"type":"Point","coordinates":[-46.64011,-23.53353]},"properties":{"id":"CETESB (SP):CETESB-AC-4571","orgao":"CETESB (SP)","uf":"SP","ano":2021,"categoria":"embargo","tipo":"Controle Ambiental de Área Contaminada — Área Contaminada com Risco Confirmado (ACRi)","empresa":"Auto Posto Barão do Tatuapé Ltda. (Abel Monteiro & Cia Ltda.)","municipio":"São Paulo","porte":null,"valor":null,"processo":"CETESB-AC-4571","link_oficial":"https://e.ambiente.sp.gov.br/atendimento/consulta/processo?numero=CETESB-AC-4571","resumo":"CETESB · Área Contaminada com Risco Confirmado (ACRi) · Auto Posto Barão do Tatuapé Ltda. (Abel Monteiro & Cia Ltda.) · São Paulo/SP · Combustíveis e lubrifican","aprox":true}},{"type":"Feature","geometry":{"type":"Point","coordinates":[-46.64273,-23.54132]},"properties":{"id":"CETESB (SP):CETESB-AC-4572","orgao":"CETESB (SP)","uf":"SP","ano":2003,"categoria":"embargo","tipo":"Controle Ambiental de Área Contaminada — Área Contaminada em Processo de Remediação (ACRe)","empresa":"POSTO DE SERVIÇOS URUTU LTDA","municipio":"São Paulo","porte":null,"valor":null,"processo":"CETESB-AC-4572","link_oficial":"https://e.ambiente.sp.gov.br/atendimento/consulta/processo?numero=CETESB-AC-4572","resumo":"CETESB · Área Contaminada em Processo de Remediação (ACRe) · POSTO DE SERVIÇOS URUTU LTDA · São Paulo/SP · Posto de gasolina · Impacto: Águas Subterrâneas/Subso","aprox":true}},{"type":"Feature","geometry":{"type":"Point","coordinates":[-46.64074,-23.52109]},"properties":{"id":"CETESB (SP):CETESB-AC-4573","orgao":"CETESB (SP)","uf":"SP","ano":2011,"categoria":"embargo","tipo":"Controle Ambiental de Área Contaminada — Área Contaminada em Processo de Remediação (ACRe)","empresa":"POSTO DE SERVIÇOS MOTORMAC SÃO BERNARDO LTDA","municipio":"São Paulo","porte":null,"valor":null,"processo":"CETESB-AC-4573","link_oficial":"https://e.ambiente.sp.gov.br/atendimento/consulta/processo?numero=CETESB-AC-4573","resumo":"CETESB · Área Contaminada em Processo de Remediação (ACRe) · POSTO DE SERVIÇOS MOTORMAC SÃO BERNARDO LTDA · São Paulo/SP · Combustíveis e lubrificantes para veí","aprox":true}},{"type":"Feature","geometry":{"type":"Point","coordinates":[-46.13143,-23.83851]},"properties":{"id":"CETESB (SP):CETESB-AC-4607","orgao":"CETESB (SP)","uf":"SP","ano":2025,"categoria":"embargo","tipo":"Controle Ambiental de Área Contaminada — Área Contaminada em Processo de Remediação (ACRe)","empresa":"POSTO DE SERVIÇOS BADEJO DE BERTIOGA LTDA","municipio":"Bertioga","porte":null,"valor":null,"processo":"CETESB-AC-4607","link_oficial":"https://e.ambiente.sp.gov.br/atendimento/consulta/processo?numero=CETESB-AC-4607","resumo":"CETESB · Área Contaminada em Processo de Remediação (ACRe) · POSTO DE SERVIÇOS BADEJO DE BERTIOGA LTDA · Bertioga/SP · Combustíveis e lubrificantes para veículo","aprox":true}},{"type":"Feature","geometry":{"type":"Point","coordinates":[-49.07546,-22.32521]},"properties":{"id":"CETESB (SP):CETESB-AC-4608","orgao":"CETESB (SP)","uf":"SP","ano":2026,"categoria":"embargo","tipo":"Controle Ambiental de Área Contaminada — Área Contaminada sob Investigação (ACI)","empresa":"PLAJAX INDÚSTRIA E COMÉRCIO DE PLÁSTICOS LTDA","municipio":"Bauru","porte":null,"valor":null,"processo":"CETESB-AC-4608","link_oficial":"https://e.ambiente.sp.gov.br/atendimento/consulta/processo?numero=CETESB-AC-4608","resumo":"CETESB · Área Contaminada sob Investigação (ACI) · PLAJAX INDÚSTRIA E COMÉRCIO DE PLÁSTICOS LTDA · Bauru/SP · Partes e peças para acumuladores elétricos (separa","aprox":true}},{"type":"Feature","geometry":{"type":"Point","coordinates":[-47.20316,-23.07948]},"properties":{"id":"CETESB (SP):CETESB-AC-4609","orgao":"CETESB (SP)","uf":"SP","ano":2025,"categoria":"embargo","tipo":"Controle Ambiental de Área Contaminada — Área Contaminada em Processo de Remediação (ACRe)","empresa":"GUAICA AUTO POSTO LTDA","municipio":"Indaiatuba","porte":null,"valor":null,"processo":"CETESB-AC-4609","link_oficial":"https://e.ambiente.sp.gov.br/atendimento/consulta/processo?numero=CETESB-AC-4609","resumo":"CETESB · Área Contaminada em Processo de Remediação (ACRe) · GUAICA AUTO POSTO LTDA · Indaiatuba/SP · Posto de combustível · Impacto: Águas Subterrâneas/Subsolo","aprox":true}},{"type":"Feature","geometry":{"type":"Point","coordinates":[-48.89459,-23.97358]},"properties":{"id":"CETESB (SP):CETESB-AC-4610","orgao":"CETESB (SP)","uf":"SP","ano":2013,"categoria":"embargo","tipo":"Controle Ambiental de Área Contaminada — Área Contaminada sob Investigação (ACI)","empresa":"ART PINUS RESINEIRA LTDA.","municipio":"Itapeva","porte":null,"valor":null,"processo":"CETESB-AC-4610","link_oficial":"https://e.ambiente.sp.gov.br/atendimento/consulta/processo?numero=CETESB-AC-4610","resumo":"CETESB · Área Contaminada sob Investigação (ACI) · ART PINUS RESINEIRA LTDA. · Itapeva/SP · Impacto: Águas Subterrâneas/Subsolo (DENTRO)","aprox":true}},{"type":"Feature","geometry":{"type":"Point","coordinates":[-48.48369,-23.59387]},"properties":{"id":"CETESB (SP):CETESB-AC-4612","orgao":"CETESB (SP)","uf":"SP","ano":2005,"categoria":"embargo","tipo":"Controle Ambiental de Área Contaminada — Área Contaminada em Processo de Remediação (ACRe)","empresa":"AUTO POSTO CAMPININHA LTDA","municipio":"Campina Do Monte Alegre","porte":null,"valor":null,"processo":"CETESB-AC-4612","link_oficial":"https://e.ambiente.sp.gov.br/atendimento/consulta/processo?numero=CETESB-AC-4612","resumo":"CETESB · Área Contaminada em Processo de Remediação (ACRe) · AUTO POSTO CAMPININHA LTDA · Campina Do Monte Alegre/SP · Combustíveis e lubrificantes para veículo","aprox":true}},{"type":"Feature","geometry":{"type":"Point","coordinates":[-47.9036,-22.02019]},"properties":{"id":"CETESB (SP):CETESB-AC-4633","orgao":"CETESB (SP)","uf":"SP","ano":2007,"categoria":"embargo","tipo":"Controle Ambiental de Área Contaminada — Área Contaminada em Processo de Remediação (ACRe)","empresa":"VOLKSWAGEN DO BRASIL INDUSTRIA DE VEICULOS AUTOMOTORES LTDA","municipio":"São Carlos","porte":null,"valor":null,"processo":"CETESB-AC-4633","link_oficial":"https://e.ambiente.sp.gov.br/atendimento/consulta/processo?numero=CETESB-AC-4633","resumo":"CETESB · Área Contaminada em Processo de Remediação (ACRe) · VOLKSWAGEN DO BRASIL INDUSTRIA DE VEICULOS AUTOMOTORES LTDA · São Carlos/SP · Blocos do motor, usin","aprox":true}},{"type":"Feature","geometry":{"type":"Point","coordinates":[-46.6402,-23.53427]},"properties":{"id":"CETESB (SP):CETESB-AC-4634","orgao":"CETESB (SP)","uf":"SP","ano":2023,"categoria":"embargo","tipo":"Controle Ambiental de Área Contaminada — Área Contaminada com Risco Confirmado (ACRi)","empresa":"COMPANHIA PAULISTA DE TRENS METROPOLITANOS - CPTM","municipio":"São Paulo","porte":null,"valor":null,"processo":"CETESB-AC-4634","link_oficial":"https://e.ambiente.sp.gov.br/atendimento/consulta/processo?numero=CETESB-AC-4634","resumo":"CETESB · Área Contaminada com Risco Confirmado (ACRi) · COMPANHIA PAULISTA DE TRENS METROPOLITANOS - CPTM · São Paulo/SP · Impacto: Águas Subterrâneas/Ar do Sol","aprox":true}},{"type":"Feature","geometry":{"type":"Point","coordinates":[-50.45096,-21.19265]},"properties":{"id":"CETESB (SP):CETESB-AC-4635","orgao":"CETESB (SP)","uf":"SP","ano":2025,"categoria":"embargo","tipo":"Controle Ambiental de Área Contaminada — Área Contaminada sob Investigação (ACI)","empresa":"AUTO POSTO COLINA ARAÇATUBA LTDA","municipio":"Araçatuba","porte":null,"valor":null,"processo":"CETESB-AC-4635","link_oficial":"https://e.ambiente.sp.gov.br/atendimento/consulta/processo?numero=CETESB-AC-4635","resumo":"CETESB · Área Contaminada sob Investigação (ACI) · AUTO POSTO COLINA ARAÇATUBA LTDA · Araçatuba/SP · Combustíveis e lubrificantes para veículos; comérc · Contam","aprox":true}},{"type":"Feature","geometry":{"type":"Point","coordinates":[-50.16352,-20.67802]},"properties":{"id":"CETESB (SP):CETESB-AC-4636","orgao":"CETESB (SP)","uf":"SP","ano":2007,"categoria":"embargo","tipo":"Controle Ambiental de Área Contaminada — Área Contaminada sob Investigação (ACI)","empresa":"AUTO POSTO CANARINHO FLOREAL SP LTDA - EPP","municipio":"Floreal","porte":null,"valor":null,"processo":"CETESB-AC-4636","link_oficial":"https://e.ambiente.sp.gov.br/atendimento/consulta/processo?numero=CETESB-AC-4636","resumo":"CETESB · Área Contaminada sob Investigação (ACI) · AUTO POSTO CANARINHO FLOREAL SP LTDA - EPP · Floreal/SP · Combustíveis e lubrificantes para veículos; comérc ","aprox":true}},{"type":"Feature","geometry":{"type":"Point","coordinates":[-47.37175,-22.17461]},"properties":{"id":"CETESB (SP):CETESB-AC-4637","orgao":"CETESB (SP)","uf":"SP","ano":2018,"categoria":"embargo","tipo":"Controle Ambiental de Área Contaminada — Área Contaminada sob Investigação (ACI)","empresa":"PREFEITURA DO MUNICÍPIO DE LEME","municipio":"Leme","porte":null,"valor":null,"processo":"CETESB-AC-4637","link_oficial":"https://e.ambiente.sp.gov.br/atendimento/consulta/processo?numero=CETESB-AC-4637","resumo":"CETESB · Área Contaminada sob Investigação (ACI) · PREFEITURA DO MUNICÍPIO DE LEME · Leme/SP · Depósitos de lixo e aterros sanitários para dispos · Impacto: Águ","aprox":true}},{"type":"Feature","geometry":{"type":"Point","coordinates":[-46.34204,-23.95325]},"properties":{"id":"CETESB (SP):CETESB-AC-4638","orgao":"CETESB (SP)","uf":"SP","ano":2007,"categoria":"embargo","tipo":"Controle Ambiental de Área Contaminada — Área Contaminada em Processo de Remediação (ACRe)","empresa":"STOLTHAVEN SANTOS LTDA. (ÁREA III)","municipio":"Santos","porte":null,"valor":null,"processo":"CETESB-AC-4638","link_oficial":"https://e.ambiente.sp.gov.br/atendimento/consulta/processo?numero=CETESB-AC-4638","resumo":"CETESB · Área Contaminada em Processo de Remediação (ACRe) · STOLTHAVEN SANTOS LTDA. (ÁREA III) · Santos/SP · Armazéns gerais (emissão de warrant) · Impacto: Ág","aprox":true}},{"type":"Feature","geometry":{"type":"Point","coordinates":[-46.63752,-23.53287]},"properties":{"id":"CETESB (SP):CETESB-AC-4640","orgao":"CETESB (SP)","uf":"SP","ano":2025,"categoria":"embargo","tipo":"Controle Ambiental de Área Contaminada — Área Contaminada em Processo de Remediação (ACRe)","empresa":"POSTO TAMBAÚ LTDA","municipio":"São Paulo","porte":null,"valor":null,"processo":"CETESB-AC-4640","link_oficial":"https://e.ambiente.sp.gov.br/atendimento/consulta/processo?numero=CETESB-AC-4640","resumo":"CETESB · Área Contaminada em Processo de Remediação (ACRe) · POSTO TAMBAÚ LTDA · São Paulo/SP · Posto de combustível · Impacto: Águas Subterrâneas/Subsolo (DENT","aprox":true}},{"type":"Feature","geometry":{"type":"Point","coordinates":[-46.41283,-23.89679]},"properties":{"id":"CETESB (SP):CETESB-AC-4677","orgao":"CETESB (SP)","uf":"SP","ano":2025,"categoria":"embargo","tipo":"Controle Ambiental de Área Contaminada — Área Contaminada em Processo de Remediação (ACRe)","empresa":"COPEBRAS INDÚSTRIA LTDA","municipio":"Cubatão","porte":null,"valor":null,"processo":"CETESB-AC-4677","link_oficial":"https://e.ambiente.sp.gov.br/atendimento/consulta/processo?numero=CETESB-AC-4677","resumo":"CETESB · Área Contaminada em Processo de Remediação (ACRe) · COPEBRAS INDÚSTRIA LTDA · Cubatão/SP · Intermediários para fertilizantes químicos; fabric · Impacto","aprox":true}},{"type":"Feature","geometry":{"type":"Point","coordinates":[-46.4191,-23.8846]},"properties":{"id":"CETESB (SP):CETESB-AC-4701","orgao":"CETESB (SP)","uf":"SP","ano":2025,"categoria":"embargo","tipo":"Controle Ambiental de Área Contaminada — Área Contaminada em Processo de Remediação (ACRe)","empresa":"AUTO POSTO OLIMAR LTDA.","municipio":"Cubatão","porte":null,"valor":null,"processo":"CETESB-AC-4701","link_oficial":"https://e.ambiente.sp.gov.br/atendimento/consulta/processo?numero=CETESB-AC-4701","resumo":"CETESB · Área Contaminada em Processo de Remediação (ACRe) · AUTO POSTO OLIMAR LTDA. · Cubatão/SP · Impacto: Águas Subterrâneas/Subsolo (DENTRO)","aprox":true}},{"type":"Feature","geometry":{"type":"Point","coordinates":[-51.34706,-21.56882]},"properties":{"id":"CETESB (SP):CETESB-AC-4702","orgao":"CETESB (SP)","uf":"SP","ano":2022,"categoria":"embargo","tipo":"Controle Ambiental de Área Contaminada — Área Contaminada com Risco Confirmado (ACRi)","empresa":"EPC AUTO POSTO LTDA","municipio":"Irapuru","porte":null,"valor":null,"processo":"CETESB-AC-4702","link_oficial":"https://e.ambiente.sp.gov.br/atendimento/consulta/processo?numero=CETESB-AC-4702","resumo":"CETESB · Área Contaminada com Risco Confirmado (ACRi) · EPC AUTO POSTO LTDA · Irapuru/SP · Combustíveis e lubrificantes para veículos; comérc · Impacto: Águas S","aprox":true}},{"type":"Feature","geometry":{"type":"Point","coordinates":[-47.43531,-23.49294]},"properties":{"id":"CETESB (SP):CETESB-AC-4717","orgao":"CETESB (SP)","uf":"SP","ano":2022,"categoria":"embargo","tipo":"Controle Ambiental de Área Contaminada — Área Contaminada com Risco Confirmado (ACRi)","empresa":"PREFEITURA MUNICIPAL DE SOROCABA - BOLSÃO DE ENTULHOS DO IPATINGA","municipio":"Sorocaba","porte":null,"valor":null,"processo":"CETESB-AC-4717","link_oficial":"https://e.ambiente.sp.gov.br/atendimento/consulta/processo?numero=CETESB-AC-4717","resumo":"CETESB · Área Contaminada com Risco Confirmado (ACRi) · PREFEITURA MUNICIPAL DE SOROCABA - BOLSÃO DE ENTULHOS DO IPATINGA · Sorocaba/SP · Depósitos de lixo e at","aprox":true}},{"type":"Feature","geometry":{"type":"Point","coordinates":[-47.26857,-22.80813]},"properties":{"id":"CETESB (SP):CETESB-AC-4718","orgao":"CETESB (SP)","uf":"SP","ano":2025,"categoria":"embargo","tipo":"Controle Ambiental de Área Contaminada — Área Contaminada sob Investigação (ACI)","empresa":"POSTO INTERVIAS DE SUMARÉ LTDA.","municipio":"Sumaré","porte":null,"valor":null,"processo":"CETESB-AC-4718","link_oficial":"https://e.ambiente.sp.gov.br/atendimento/consulta/processo?numero=CETESB-AC-4718","resumo":"CETESB · Área Contaminada sob Investigação (ACI) · POSTO INTERVIAS DE SUMARÉ LTDA. · Sumaré/SP · Posto de combustível · Impacto: Águas Subterrâneas","aprox":true}},{"type":"Feature","geometry":{"type":"Point","coordinates":[-46.62074,-23.68045]},"properties":{"id":"CETESB (SP):CETESB-AC-4721","orgao":"CETESB (SP)","uf":"SP","ano":2024,"categoria":"embargo","tipo":"Controle Ambiental de Área Contaminada — Área Contaminada em Processo de Remediação (ACRe)","empresa":"CARREFOUR COMÉRCIO E INDÚSTRIA LTDA (Antiga Kanthal - Sandvick)","municipio":"Diadema","porte":null,"valor":null,"processo":"CETESB-AC-4721","link_oficial":"https://e.ambiente.sp.gov.br/atendimento/consulta/processo?numero=CETESB-AC-4721","resumo":"CETESB · Área Contaminada em Processo de Remediação (ACRe) · CARREFOUR COMÉRCIO E INDÚSTRIA LTDA (Antiga Kanthal - Sandvick) · Diadema/SP · Posto de gasolina · ","aprox":true}},{"type":"Feature","geometry":{"type":"Point","coordinates":[-48.90903,-21.18521]},"properties":{"id":"CETESB (SP):CETESB-AC-4775","orgao":"CETESB (SP)","uf":"SP","ano":2025,"categoria":"embargo","tipo":"Controle Ambiental de Área Contaminada — Área Contaminada com Risco Confirmado (ACRi)","empresa":"G.S. COMÉRCIO DE COMBUSTÍVEIS LTDA.","municipio":"Pindorama","porte":null,"valor":null,"processo":"CETESB-AC-4775","link_oficial":"https://e.ambiente.sp.gov.br/atendimento/consulta/processo?numero=CETESB-AC-4775","resumo":"CETESB · Área Contaminada com Risco Confirmado (ACRi) · G.S. COMÉRCIO DE COMBUSTÍVEIS LTDA. · Pindorama/SP · Combustíveis e lubrificantes para veículos; comérc ","aprox":true}},{"type":"Feature","geometry":{"type":"Point","coordinates":[-47.54954,-22.39416]},"properties":{"id":"CETESB (SP):CETESB-AC-4776","orgao":"CETESB (SP)","uf":"SP","ano":2025,"categoria":"embargo","tipo":"Controle Ambiental de Área Contaminada — Área Contaminada sob Investigação (ACI)","empresa":"AUTO POSTO ESTAÇÃO DE RIO CLARO LTDA. (AUTO POSTO UNICAR V LTDA. )","municipio":"Rio Claro","porte":null,"valor":null,"processo":"CETESB-AC-4776","link_oficial":"https://e.ambiente.sp.gov.br/atendimento/consulta/processo?numero=CETESB-AC-4776","resumo":"CETESB · Área Contaminada sob Investigação (ACI) · AUTO POSTO ESTAÇÃO DE RIO CLARO LTDA. (AUTO POSTO UNICAR V LTDA. ) · Rio Claro/SP · Impacto: Águas Subterrâne","aprox":true}},{"type":"Feature","geometry":{"type":"Point","coordinates":[-45.86963,-23.19487]},"properties":{"id":"CETESB (SP):CETESB-AC-4777","orgao":"CETESB (SP)","uf":"SP","ano":2012,"categoria":"embargo","tipo":"Controle Ambiental de Área Contaminada — Área Contaminada sob Investigação (ACI)","empresa":"PREFEITURA MUNICIPAL DE SÃO JOSÉ DOS CAMPOS","municipio":"São José Dos Campos","porte":null,"valor":null,"processo":"CETESB-AC-4777","link_oficial":"https://e.ambiente.sp.gov.br/atendimento/consulta/processo?numero=CETESB-AC-4777","resumo":"CETESB · Área Contaminada sob Investigação (ACI) · PREFEITURA MUNICIPAL DE SÃO JOSÉ DOS CAMPOS · São José Dos Campos/SP · Impacto: Águas Subterrâneas","aprox":true}},{"type":"Feature","geometry":{"type":"Point","coordinates":[-46.6395,-23.5241]},"properties":{"id":"CETESB (SP):CETESB-AC-4779","orgao":"CETESB (SP)","uf":"SP","ano":2005,"categoria":"embargo","tipo":"Controle Ambiental de Área Contaminada — Área Contaminada com Risco Confirmado (ACRi)","empresa":"AUTO POSTO QUINTO EIRELI","municipio":"São Paulo","porte":null,"valor":null,"processo":"CETESB-AC-4779","link_oficial":"https://e.ambiente.sp.gov.br/atendimento/consulta/processo?numero=CETESB-AC-4779","resumo":"CETESB · Área Contaminada com Risco Confirmado (ACRi) · AUTO POSTO QUINTO EIRELI · São Paulo/SP · Combustíveis e lubrificantes para veículos; comérc · Impacto: ","aprox":true}},{"type":"Feature","geometry":{"type":"Point","coordinates":[-47.65046,-24.32016]},"properties":{"id":"CETESB (SP):CETESB-AC-4784","orgao":"CETESB (SP)","uf":"SP","ano":2003,"categoria":"embargo","tipo":"Controle Ambiental de Área Contaminada — Área Contaminada sob Investigação (ACI)","empresa":"ADERSON NEVES SANCHES","municipio":"Juquiá","porte":null,"valor":null,"processo":"CETESB-AC-4784","link_oficial":"https://e.ambiente.sp.gov.br/atendimento/consulta/processo?numero=CETESB-AC-4784","resumo":"CETESB · Área Contaminada sob Investigação (ACI) · ADERSON NEVES SANCHES · Juquiá/SP · Combustíveis e lubrificantes para veículos; comérc · Impacto: Subsolo","aprox":true}},{"type":"Feature","geometry":{"type":"Point","coordinates":[-47.29195,-23.27595]},"properties":{"id":"CETESB (SP):CETESB-AC-4727","orgao":"CETESB (SP)","uf":"SP","ano":2007,"categoria":"embargo","tipo":"Controle Ambiental de Área Contaminada — Área Contaminada com Risco Confirmado (ACRi)","empresa":"SENPAR LTDA.","municipio":"Itu","porte":null,"valor":null,"processo":"CETESB-AC-4727","link_oficial":"https://e.ambiente.sp.gov.br/atendimento/consulta/processo?numero=CETESB-AC-4727","resumo":"CETESB · Área Contaminada com Risco Confirmado (ACRi) · SENPAR LTDA. · Itu/SP · Produtos inflamáveis, depósito e/ou comércio ataca · Impacto: Águas Subterrâneas","aprox":true}},{"type":"Feature","geometry":{"type":"Point","coordinates":[-47.00529,-21.47014]},"properties":{"id":"CETESB (SP):CETESB-AC-4735","orgao":"CETESB (SP)","uf":"SP","ano":2025,"categoria":"embargo","tipo":"Controle Ambiental de Área Contaminada — Área Contaminada sob Investigação (ACI)","empresa":"AUTO POSTO M P W LTDA","municipio":"Mococa","porte":null,"valor":null,"processo":"CETESB-AC-4735","link_oficial":"https://e.ambiente.sp.gov.br/atendimento/consulta/processo?numero=CETESB-AC-4735","resumo":"CETESB · Área Contaminada sob Investigação (ACI) · AUTO POSTO M P W LTDA · Mococa/SP · Combustíveis e lubrificantes para veículos; comérc · Contaminante: COMBUS","aprox":true}},{"type":"Feature","geometry":{"type":"Point","coordinates":[-45.89553,-23.183]},"properties":{"id":"CETESB (SP):CETESB-AC-4737","orgao":"CETESB (SP)","uf":"SP","ano":2009,"categoria":"embargo","tipo":"Controle Ambiental de Área Contaminada — Área Contaminada em Processo de Remediação (ACRe)","empresa":"PETRÓLEO BRASILEIRO S A PETROBRAS (REVAP)","municipio":"São José Dos Campos","porte":null,"valor":null,"processo":"CETESB-AC-4737","link_oficial":"https://e.ambiente.sp.gov.br/atendimento/consulta/processo?numero=CETESB-AC-4737","resumo":"CETESB · Área Contaminada em Processo de Remediação (ACRe) · PETRÓLEO BRASILEIRO S A PETROBRAS (REVAP) · São José Dos Campos/SP · Fabricação de produtos do refi","aprox":true}},{"type":"Feature","geometry":{"type":"Point","coordinates":[-46.63907,-23.53299]},"properties":{"id":"CETESB (SP):CETESB-AC-4739","orgao":"CETESB (SP)","uf":"SP","ano":2020,"categoria":"embargo","tipo":"Controle Ambiental de Área Contaminada — Área Contaminada em Processo de Remediação (ACRe)","empresa":"M26 AUTO POSTO E CONVENIÊNCIA LTDA","municipio":"São Paulo","porte":null,"valor":null,"processo":"CETESB-AC-4739","link_oficial":"https://e.ambiente.sp.gov.br/atendimento/consulta/processo?numero=CETESB-AC-4739","resumo":"CETESB · Área Contaminada em Processo de Remediação (ACRe) · M26 AUTO POSTO E CONVENIÊNCIA LTDA · São Paulo/SP · Combustíveis e lubrificantes para veículos; com","aprox":true}},{"type":"Feature","geometry":{"type":"Point","coordinates":[-48.82113,-21.57797]},"properties":{"id":"CETESB (SP):CETESB-AC-4741","orgao":"CETESB (SP)","uf":"SP","ano":2002,"categoria":"embargo","tipo":"Controle Ambiental de Área Contaminada — Área Contaminada sob Investigação (ACI)","empresa":"SUCOCITRICO CUTRALE LTDA","municipio":"Itápolis","porte":null,"valor":null,"processo":"CETESB-AC-4741","link_oficial":"https://e.ambiente.sp.gov.br/atendimento/consulta/processo?numero=CETESB-AC-4741","resumo":"CETESB · Área Contaminada sob Investigação (ACI) · SUCOCITRICO CUTRALE LTDA · Itápolis/SP · Suco concentrado de laranja; produção de · Impacto: Solo Superficial","aprox":true}},{"type":"Feature","geometry":{"type":"Point","coordinates":[-46.63673,-23.54195]},"properties":{"id":"CETESB (SP):CETESB-AC-4743","orgao":"CETESB (SP)","uf":"SP","ano":2004,"categoria":"embargo","tipo":"Controle Ambiental de Área Contaminada — Área Contaminada em Processo de Remediação (ACRe)","empresa":"AUTO POSTO F 360 LTDA","municipio":"São Paulo","porte":null,"valor":null,"processo":"CETESB-AC-4743","link_oficial":"https://e.ambiente.sp.gov.br/atendimento/consulta/processo?numero=CETESB-AC-4743","resumo":"CETESB · Área Contaminada em Processo de Remediação (ACRe) · AUTO POSTO F 360 LTDA · São Paulo/SP · Combustíveis e lubrificantes para veículos; comérc · Impacto","aprox":true}},{"type":"Feature","geometry":{"type":"Point","coordinates":[-46.79803,-23.51649]},"properties":{"id":"CETESB (SP):CETESB-AC-4744","orgao":"CETESB (SP)","uf":"SP","ano":2025,"categoria":"embargo","tipo":"Controle Ambiental de Área Contaminada — Área Contaminada com Risco Confirmado (ACRi)","empresa":"OSRAM DO BRASIL LÂMPADAS ELÉTRICAS LTDA.","municipio":"Osasco","porte":null,"valor":null,"processo":"CETESB-AC-4744","link_oficial":"https://e.ambiente.sp.gov.br/atendimento/consulta/processo?numero=CETESB-AC-4744","resumo":"CETESB · Área Contaminada com Risco Confirmado (ACRi) · OSRAM DO BRASIL LÂMPADAS ELÉTRICAS LTDA. · Osasco/SP · Lâmpadas, n.e.; fabricação de · Impacto: Águas Su","aprox":true}},{"type":"Feature","geometry":{"type":"Point","coordinates":[-45.47414,-22.94164]},"properties":{"id":"CETESB (SP):CETESB-AC-4745","orgao":"CETESB (SP)","uf":"SP","ano":2011,"categoria":"embargo","tipo":"Controle Ambiental de Área Contaminada — Área Contaminada em Processo de Remediação (ACRe)","empresa":"CONFAB INDUSTRIAL S.A.","municipio":"Pindamonhangaba","porte":null,"valor":null,"processo":"CETESB-AC-4745","link_oficial":"https://e.ambiente.sp.gov.br/atendimento/consulta/processo?numero=CETESB-AC-4745","resumo":"CETESB · Área Contaminada em Processo de Remediação (ACRe) · CONFAB INDUSTRIAL S.A. · Pindamonhangaba/SP · Tubos de aço com costura utilizados an prospeção d · ","aprox":true}},{"type":"Feature","geometry":{"type":"Point","coordinates":[-46.31554,-23.54885]},"properties":{"id":"CETESB (SP):CETESB-AC-4746","orgao":"CETESB (SP)","uf":"SP","ano":2025,"categoria":"embargo","tipo":"Controle Ambiental de Área Contaminada — Área Contaminada em Processo de Remediação (ACRe)","empresa":"PRODUQUÍMICA INDÚSTRIA E COMÉRCIO S/A","municipio":"Suzano","porte":null,"valor":null,"processo":"CETESB-AC-4746","link_oficial":"https://e.ambiente.sp.gov.br/atendimento/consulta/processo?numero=CETESB-AC-4746","resumo":"CETESB · Área Contaminada em Processo de Remediação (ACRe) · PRODUQUÍMICA INDÚSTRIA E COMÉRCIO S/A · Suzano/SP · Impacto: Solo Superficial/Águas Subterrâneas (D","aprox":true}},{"type":"Feature","geometry":{"type":"Point","coordinates":[-47.44914,-23.54836]},"properties":{"id":"CETESB (SP):CETESB-AC-4747","orgao":"CETESB (SP)","uf":"SP","ano":2022,"categoria":"embargo","tipo":"Controle Ambiental de Área Contaminada — Área Contaminada com Risco Confirmado (ACRi)","empresa":"VOTORANTIM S.A.","municipio":"Votorantim","porte":null,"valor":null,"processo":"CETESB-AC-4747","link_oficial":"https://e.ambiente.sp.gov.br/atendimento/consulta/processo?numero=CETESB-AC-4747","resumo":"CETESB · Área Contaminada com Risco Confirmado (ACRi) · VOTORANTIM S.A. · Votorantim/SP · Loteamento de terreno próprio sem benfeitorias","aprox":true}},{"type":"Feature","geometry":{"type":"Point","coordinates":[-46.63212,-23.53682]},"properties":{"id":"CETESB (SP):CETESB-AC-4754","orgao":"CETESB (SP)","uf":"SP","ano":2007,"categoria":"embargo","tipo":"Controle Ambiental de Área Contaminada — Área Contaminada em Processo de Remediação (ACRe)","empresa":"POSTO SUL AMERICA LTDA","municipio":"São Paulo","porte":null,"valor":null,"processo":"CETESB-AC-4754","link_oficial":"https://e.ambiente.sp.gov.br/atendimento/consulta/processo?numero=CETESB-AC-4754","resumo":"CETESB · Área Contaminada em Processo de Remediação (ACRe) · POSTO SUL AMERICA LTDA · São Paulo/SP · Posto de abastecimento de veículos · Impacto: Águas Subterr","aprox":true}},{"type":"Feature","geometry":{"type":"Point","coordinates":[-46.65002,-23.53973]},"properties":{"id":"CETESB (SP):CETESB-AC-4755","orgao":"CETESB (SP)","uf":"SP","ano":2008,"categoria":"embargo","tipo":"Controle Ambiental de Área Contaminada — Área Contaminada em Processo de Remediação (ACRe)","empresa":"AUTO POSTO ALGAS LTDA","municipio":"São Paulo","porte":null,"valor":null,"processo":"CETESB-AC-4755","link_oficial":"https://e.ambiente.sp.gov.br/atendimento/consulta/processo?numero=CETESB-AC-4755","resumo":"CETESB · Área Contaminada em Processo de Remediação (ACRe) · AUTO POSTO ALGAS LTDA · São Paulo/SP · Combustíveis e lubrificantes para veículos; comérc · Impacto","aprox":true}},{"type":"Feature","geometry":{"type":"Point","coordinates":[-46.64654,-23.53265]},"properties":{"id":"CETESB (SP):CETESB-AC-4760","orgao":"CETESB (SP)","uf":"SP","ano":2025,"categoria":"embargo","tipo":"Controle Ambiental de Área Contaminada — Área Contaminada com Risco Confirmado (ACRi)","empresa":"VICK INOX AÇO INOXIDÁVEL LTDA. (INLAC COM. DE PROD. TREFILADOS LTDA.)","municipio":"São Paulo","porte":null,"valor":null,"processo":"CETESB-AC-4760","link_oficial":"https://e.ambiente.sp.gov.br/atendimento/consulta/processo?numero=CETESB-AC-4760","resumo":"CETESB · Área Contaminada com Risco Confirmado (ACRi) · VICK INOX AÇO INOXIDÁVEL LTDA. (INLAC COM. DE PROD. TREFILADOS LTDA.) · São Paulo/SP · TREFILAÇÃO DE ARA","aprox":true}},{"type":"Feature","geometry":{"type":"Point","coordinates":[-46.63877,-23.51906]},"properties":{"id":"CETESB (SP):CETESB-AC-4761","orgao":"CETESB (SP)","uf":"SP","ano":2006,"categoria":"embargo","tipo":"Controle Ambiental de Área Contaminada — Área Contaminada em Processo de Remediação (ACRe)","empresa":"ANGELIQUE ARLINDA JOÃO SALOMÃO HAGE CHARDOUNAY","municipio":"São Paulo","porte":null,"valor":null,"processo":"CETESB-AC-4761","link_oficial":"https://e.ambiente.sp.gov.br/atendimento/consulta/processo?numero=CETESB-AC-4761","resumo":"CETESB · Área Contaminada em Processo de Remediação (ACRe) · ANGELIQUE ARLINDA JOÃO SALOMÃO HAGE CHARDOUNAY · São Paulo/SP · Impacto: Águas Subterrâneas/Subsolo","aprox":true}},{"type":"Feature","geometry":{"type":"Point","coordinates":[-46.64135,-23.53361]},"properties":{"id":"CETESB (SP):CETESB-AC-4762","orgao":"CETESB (SP)","uf":"SP","ano":2012,"categoria":"embargo","tipo":"Controle Ambiental de Área Contaminada — Área Contaminada com Risco Confirmado (ACRi)","empresa":"AUTO POSTO BELEZURA LTDA","municipio":"São Paulo","porte":null,"valor":null,"processo":"CETESB-AC-4762","link_oficial":"https://e.ambiente.sp.gov.br/atendimento/consulta/processo?numero=CETESB-AC-4762","resumo":"CETESB · Área Contaminada com Risco Confirmado (ACRi) · AUTO POSTO BELEZURA LTDA · São Paulo/SP · Combustíveis e lubrificantes para veículos; comérc · Impacto: ","aprox":true}},{"type":"Feature","geometry":{"type":"Point","coordinates":[-45.11926,-22.73334]},"properties":{"id":"CETESB (SP):CETESB-AC-4764","orgao":"CETESB (SP)","uf":"SP","ano":2008,"categoria":"embargo","tipo":"Controle Ambiental de Área Contaminada — Área Contaminada em Processo de Remediação (ACRe)","empresa":"AUTO POSTO BRASIL GÁS SP-RJ LTDA.","municipio":"Lorena","porte":null,"valor":null,"processo":"CETESB-AC-4764","link_oficial":"https://e.ambiente.sp.gov.br/atendimento/consulta/processo?numero=CETESB-AC-4764","resumo":"CETESB · Área Contaminada em Processo de Remediação (ACRe) · AUTO POSTO BRASIL GÁS SP-RJ LTDA. · Lorena/SP · Combustíveis e lubrificantes para veículos; comérc ","aprox":true}},{"type":"Feature","geometry":{"type":"Point","coordinates":[-46.64,-23.54235]},"properties":{"id":"CETESB (SP):CETESB-AC-4765","orgao":"CETESB (SP)","uf":"SP","ano":2011,"categoria":"embargo","tipo":"Controle Ambiental de Área Contaminada — Área Contaminada sob Investigação (ACI)","empresa":"EUROFARMA LABORATÓRIOS S/A","municipio":"São Paulo","porte":null,"valor":null,"processo":"CETESB-AC-4765","link_oficial":"https://e.ambiente.sp.gov.br/atendimento/consulta/processo?numero=CETESB-AC-4765","resumo":"CETESB · Área Contaminada sob Investigação (ACI) · EUROFARMA LABORATÓRIOS S/A · São Paulo/SP · Impacto: Águas Subterrâneas/Subsolo (DENTRO)","aprox":true}},{"type":"Feature","geometry":{"type":"Point","coordinates":[-46.6087,-23.69085]},"properties":{"id":"CETESB (SP):CETESB-AC-4767","orgao":"CETESB (SP)","uf":"SP","ano":2025,"categoria":"embargo","tipo":"Controle Ambiental de Área Contaminada — Área Contaminada sob Investigação (ACI)","empresa":"MOVENT AUTOMOTIVE INDÚSTRIA E COMÉRCIO DE AUTOPEÇAS LTDA","municipio":"Diadema","porte":null,"valor":null,"processo":"CETESB-AC-4767","link_oficial":"https://e.ambiente.sp.gov.br/atendimento/consulta/processo?numero=CETESB-AC-4767","resumo":"CETESB · Área Contaminada sob Investigação (ACI) · MOVENT AUTOMOTIVE INDÚSTRIA E COMÉRCIO DE AUTOPEÇAS LTDA · Diadema/SP · Peças e acessórios não-eletricos, n.e","aprox":true}},{"type":"Feature","geometry":{"type":"Point","coordinates":[-46.90653,-23.44989]},"properties":{"id":"CETESB (SP):CETESB-AC-4769","orgao":"CETESB (SP)","uf":"SP","ano":2025,"categoria":"embargo","tipo":"Controle Ambiental de Área Contaminada — Área Contaminada sob Investigação (ACI)","empresa":"PREFEITURA MUNICIPAL DE SANTANA DE PARNAIBA","municipio":"Santana De Parnaíba","porte":null,"valor":null,"processo":"CETESB-AC-4769","link_oficial":"https://e.ambiente.sp.gov.br/atendimento/consulta/processo?numero=CETESB-AC-4769","resumo":"CETESB · Área Contaminada sob Investigação (ACI) · PREFEITURA MUNICIPAL DE SANTANA DE PARNAIBA · Santana De Parnaíba/SP · Impacto: Águas Subterrâneas","aprox":true}},{"type":"Feature","geometry":{"type":"Point","coordinates":[-46.55109,-23.67807]},"properties":{"id":"CETESB (SP):CETESB-AC-4770","orgao":"CETESB (SP)","uf":"SP","ano":2025,"categoria":"embargo","tipo":"Controle Ambiental de Área Contaminada — Área Contaminada em Processo de Remediação (ACRe)","empresa":"AUTO POSTO CAYENNE LTDA.","municipio":"Santo André","porte":null,"valor":null,"processo":"CETESB-AC-4770","link_oficial":"https://e.ambiente.sp.gov.br/atendimento/consulta/processo?numero=CETESB-AC-4770","resumo":"CETESB · Área Contaminada em Processo de Remediação (ACRe) · AUTO POSTO CAYENNE LTDA. · Santo André/SP · Posto de combustível · Contaminante: COMBUSTÍVEIS AUTOM","aprox":true}},{"type":"Feature","geometry":{"type":"Point","coordinates":[-46.54041,-23.60995]},"properties":{"id":"CETESB (SP):CETESB-AC-4771","orgao":"CETESB (SP)","uf":"SP","ano":2008,"categoria":"embargo","tipo":"Controle Ambiental de Área Contaminada — Área Contaminada em Processo de Remediação (ACRe)","empresa":"AUTO POSTO PRIMEIRO DIAMANTE LTDA","municipio":"São Caetano Do Sul","porte":null,"valor":null,"processo":"CETESB-AC-4771","link_oficial":"https://e.ambiente.sp.gov.br/atendimento/consulta/processo?numero=CETESB-AC-4771","resumo":"CETESB · Área Contaminada em Processo de Remediação (ACRe) · AUTO POSTO PRIMEIRO DIAMANTE LTDA · São Caetano Do Sul/SP · Posto de abastecimento de veículos · Im","aprox":true}},{"type":"Feature","geometry":{"type":"Point","coordinates":[-46.63998,-23.54653]},"properties":{"id":"CETESB (SP):CETESB-AC-4774","orgao":"CETESB (SP)","uf":"SP","ano":2025,"categoria":"embargo","tipo":"Controle Ambiental de Área Contaminada — Área Contaminada com Risco Confirmado (ACRi)","empresa":"SECRETARIA DE INFRAESTRUTURA URBANA E OBRAS (SIURB)","municipio":"São Paulo","porte":null,"valor":null,"processo":"CETESB-AC-4774","link_oficial":"https://e.ambiente.sp.gov.br/atendimento/consulta/processo?numero=CETESB-AC-4774","resumo":"CETESB · Área Contaminada com Risco Confirmado (ACRi) · SECRETARIA DE INFRAESTRUTURA URBANA E OBRAS (SIURB) · São Paulo/SP · Administração pública em geral · Im","aprox":true}},{"type":"Feature","geometry":{"type":"Point","coordinates":[-46.64214,-23.53281]},"properties":{"id":"CETESB (SP):CETESB-AC-4563","orgao":"CETESB (SP)","uf":"SP","ano":2025,"categoria":"embargo","tipo":"Controle Ambiental de Área Contaminada — Área Contaminada em Processo de Remediação (ACRe)","empresa":"AUTO POSTO PÉROLA DO BUTANTÃ LTDA","municipio":"São Paulo","porte":null,"valor":null,"processo":"CETESB-AC-4563","link_oficial":"https://e.ambiente.sp.gov.br/atendimento/consulta/processo?numero=CETESB-AC-4563","resumo":"CETESB · Área Contaminada em Processo de Remediação (ACRe) · AUTO POSTO PÉROLA DO BUTANTÃ LTDA · São Paulo/SP · Combustíveis e lubrificantes para veículos; comé","aprox":true}},{"type":"Feature","geometry":{"type":"Point","coordinates":[-51.43359,-21.50967]},"properties":{"id":"CETESB (SP):CETESB-AC-4575","orgao":"CETESB (SP)","uf":"SP","ano":2005,"categoria":"embargo","tipo":"Controle Ambiental de Área Contaminada — Área Contaminada em Processo de Remediação (ACRe)","empresa":"COMERCIAL DE COMBUSTÍVEIS GRANADO LTDA","municipio":"Junqueirópolis","porte":null,"valor":null,"processo":"CETESB-AC-4575","link_oficial":"https://e.ambiente.sp.gov.br/atendimento/consulta/processo?numero=CETESB-AC-4575","resumo":"CETESB · Área Contaminada em Processo de Remediação (ACRe) · COMERCIAL DE COMBUSTÍVEIS GRANADO LTDA · Junqueirópolis/SP · Combustíveis e lubrificantes para veíc","aprox":true}},{"type":"Feature","geometry":{"type":"Point","coordinates":[-46.65067,-23.52721]},"properties":{"id":"CETESB (SP):CETESB-AC-4613","orgao":"CETESB (SP)","uf":"SP","ano":2011,"categoria":"embargo","tipo":"Controle Ambiental de Área Contaminada — Área Contaminada em Processo de Remediação (ACRe)","empresa":"AUTO POSTO ALMEIDA LIMA LTDA.","municipio":"São Paulo","porte":null,"valor":null,"processo":"CETESB-AC-4613","link_oficial":"https://e.ambiente.sp.gov.br/atendimento/consulta/processo?numero=CETESB-AC-4613","resumo":"CETESB · Área Contaminada em Processo de Remediação (ACRe) · AUTO POSTO ALMEIDA LIMA LTDA. · São Paulo/SP · Impacto: Águas Subterrâneas","aprox":true}},{"type":"Feature","geometry":{"type":"Point","coordinates":[-46.30857,-23.3899]},"properties":{"id":"CETESB (SP):CETESB-AC-4683","orgao":"CETESB (SP)","uf":"SP","ano":2025,"categoria":"embargo","tipo":"Controle Ambiental de Área Contaminada — Área Contaminada em Processo de Remediação (ACRe)","empresa":"ARUJÁ PREFEITURA","municipio":"Arujá","porte":null,"valor":null,"processo":"CETESB-AC-4683","link_oficial":"https://e.ambiente.sp.gov.br/atendimento/consulta/processo?numero=CETESB-AC-4683","resumo":"CETESB · Área Contaminada em Processo de Remediação (ACRe) · ARUJÁ PREFEITURA · Arujá/SP · Posto de abastecimento de veículos · Impacto: Águas Subterrâneas/Subs","aprox":true}},{"type":"Feature","geometry":{"type":"Point","coordinates":[-45.19469,-22.79058]},"properties":{"id":"CETESB (SP):CETESB-AC-4418","orgao":"CETESB (SP)","uf":"SP","ano":2004,"categoria":"embargo","tipo":"Controle Ambiental de Área Contaminada — Área Contaminada em Processo de Remediação (ACRe)","empresa":"AUTO POSTO LIDER GUARA LTDA","municipio":"Guaratinguetá","porte":null,"valor":null,"processo":"CETESB-AC-4418","link_oficial":"https://e.ambiente.sp.gov.br/atendimento/consulta/processo?numero=CETESB-AC-4418","resumo":"CETESB · Área Contaminada em Processo de Remediação (ACRe) · AUTO POSTO LIDER GUARA LTDA · Guaratinguetá/SP · Combustíveis e lubrificantes para veículos; comérc","aprox":true}},{"type":"Feature","geometry":{"type":"Point","coordinates":[-47.72758,-23.8025]},"properties":{"id":"CETESB (SP):CETESB-AC-4458","orgao":"CETESB (SP)","uf":"SP","ano":2025,"categoria":"embargo","tipo":"Controle Ambiental de Área Contaminada — Área Contaminada em Processo de Remediação (ACRe)","empresa":"AUTO POSTO FARRAPO LTDA","municipio":"Pilar Do Sul","porte":null,"valor":null,"processo":"CETESB-AC-4458","link_oficial":"https://e.ambiente.sp.gov.br/atendimento/consulta/processo?numero=CETESB-AC-4458","resumo":"CETESB · Área Contaminada em Processo de Remediação (ACRe) · AUTO POSTO FARRAPO LTDA · Pilar Do Sul/SP · Combustíveis e lubrificantes para veículos; comérc · Im","aprox":true}},{"type":"Feature","geometry":{"type":"Point","coordinates":[-47.79092,-20.3414]},"properties":{"id":"CETESB (SP):CETESB-AC-4461","orgao":"CETESB (SP)","uf":"SP","ano":2025,"categoria":"embargo","tipo":"Controle Ambiental de Área Contaminada — Área Contaminada sob Investigação (ACI)","empresa":"RIBEIRO DEZEM & CIA LTDA.","municipio":"Ituverava","porte":null,"valor":null,"processo":"CETESB-AC-4461","link_oficial":"https://e.ambiente.sp.gov.br/atendimento/consulta/processo?numero=CETESB-AC-4461","resumo":"CETESB · Área Contaminada sob Investigação (ACI) · RIBEIRO DEZEM & CIA LTDA. · Ituverava/SP · Combustíveis e lubrificantes para veículos; comérc · Contaminante:","aprox":true}},{"type":"Feature","geometry":{"type":"Point","coordinates":[-46.85887,-23.64708]},"properties":{"id":"CETESB (SP):CETESB-AC-4462","orgao":"CETESB (SP)","uf":"SP","ano":2025,"categoria":"embargo","tipo":"Controle Ambiental de Área Contaminada — Área Contaminada sob Investigação (ACI)","empresa":"EMBU ECOLÓGICA E AMBIENTAL S.A.  - IPF","municipio":"Embu Das Artes","porte":null,"valor":null,"processo":"CETESB-AC-4462","link_oficial":"https://e.ambiente.sp.gov.br/atendimento/consulta/processo?numero=CETESB-AC-4462","resumo":"CETESB · Área Contaminada sob Investigação (ACI) · EMBU ECOLÓGICA E AMBIENTAL S.A.  - IPF · Embu Das Artes/SP · Tratamento e disposição de resíduos não-perigoso","aprox":true}},{"type":"Feature","geometry":{"type":"Point","coordinates":[-47.29107,-23.23577]},"properties":{"id":"CETESB (SP):CETESB-AC-4487","orgao":"CETESB (SP)","uf":"SP","ano":2020,"categoria":"embargo","tipo":"Controle Ambiental de Área Contaminada — Área Contaminada sob Investigação (ACI)","empresa":"AUTO POSTO QUATRO RODAS DE ITU LTDA","municipio":"Itu","porte":null,"valor":null,"processo":"CETESB-AC-4487","link_oficial":"https://e.ambiente.sp.gov.br/atendimento/consulta/processo?numero=CETESB-AC-4487","resumo":"CETESB · Área Contaminada sob Investigação (ACI) · AUTO POSTO QUATRO RODAS DE ITU LTDA · Itu/SP · Combustíveis natural de petróleo para veículos; co · Impacto: ","aprox":true}},{"type":"Feature","geometry":{"type":"Point","coordinates":[-46.64355,-23.51965]},"properties":{"id":"CETESB (SP):CETESB-AC-4491","orgao":"CETESB (SP)","uf":"SP","ano":2022,"categoria":"embargo","tipo":"Controle Ambiental de Área Contaminada — Área Contaminada sob Investigação (ACI)","empresa":"PREFEITURA MUNICIPAL DE SÃO PAULO (ATERRO SANITÁRIO VILA ALBERTINA)","municipio":"São Paulo","porte":null,"valor":null,"processo":"CETESB-AC-4491","link_oficial":"https://e.ambiente.sp.gov.br/atendimento/consulta/processo?numero=CETESB-AC-4491","resumo":"CETESB · Área Contaminada sob Investigação (ACI) · PREFEITURA MUNICIPAL DE SÃO PAULO (ATERRO SANITÁRIO VILA ALBERTINA) · São Paulo/SP · Impacto: Águas Subterrân","aprox":true}},{"type":"Feature","geometry":{"type":"Point","coordinates":[-46.63635,-23.53741]},"properties":{"id":"CETESB (SP):CETESB-AC-4492","orgao":"CETESB (SP)","uf":"SP","ano":2011,"categoria":"embargo","tipo":"Controle Ambiental de Área Contaminada — Área Contaminada em Processo de Remediação (ACRe)","empresa":"AUTO POSTO CARDON LTDA","municipio":"São Paulo","porte":null,"valor":null,"processo":"CETESB-AC-4492","link_oficial":"https://e.ambiente.sp.gov.br/atendimento/consulta/processo?numero=CETESB-AC-4492","resumo":"CETESB · Área Contaminada em Processo de Remediação (ACRe) · AUTO POSTO CARDON LTDA · São Paulo/SP · Posto de gasolina · Impacto: Águas Subterrâneas","aprox":true}},{"type":"Feature","geometry":{"type":"Point","coordinates":[-46.64465,-23.52843]},"properties":{"id":"CETESB (SP):CETESB-AC-4493","orgao":"CETESB (SP)","uf":"SP","ano":2022,"categoria":"embargo","tipo":"Controle Ambiental de Área Contaminada — Área Contaminada com Risco Confirmado (ACRi)","empresa":"ÁGUIA DA MARGINAL AUTO POSTO LTDA","municipio":"São Paulo","porte":null,"valor":null,"processo":"CETESB-AC-4493","link_oficial":"https://e.ambiente.sp.gov.br/atendimento/consulta/processo?numero=CETESB-AC-4493","resumo":"CETESB · Área Contaminada com Risco Confirmado (ACRi) · ÁGUIA DA MARGINAL AUTO POSTO LTDA · São Paulo/SP · Combustíveis e lubrificantes para veículos; comérc · ","aprox":true}},{"type":"Feature","geometry":{"type":"Point","coordinates":[-47.06678,-22.90539]},"properties":{"id":"CETESB (SP):CETESB-AC-4494","orgao":"CETESB (SP)","uf":"SP","ano":2011,"categoria":"embargo","tipo":"Controle Ambiental de Área Contaminada — Área Contaminada sob Investigação (ACI)","empresa":"BORGWARNER BRASIL LTDA","municipio":"Campinas","porte":null,"valor":null,"processo":"CETESB-AC-4494","link_oficial":"https://e.ambiente.sp.gov.br/atendimento/consulta/processo?numero=CETESB-AC-4494","resumo":"CETESB · Área Contaminada sob Investigação (ACI) · BORGWARNER BRASIL LTDA · Campinas/SP · Peças e acessórios para o sistema motor para veícu · Impacto: Solo Sup","aprox":true}},{"type":"Feature","geometry":{"type":"Point","coordinates":[-47.07138,-22.90578]},"properties":{"id":"CETESB (SP):CETESB-AC-4495","orgao":"CETESB (SP)","uf":"SP","ano":2011,"categoria":"embargo","tipo":"Controle Ambiental de Área Contaminada — Área Contaminada sob Investigação (ACI)","empresa":"EXPRESSO GARDENIA LTDA","municipio":"Campinas","porte":null,"valor":null,"processo":"CETESB-AC-4495","link_oficial":"https://e.ambiente.sp.gov.br/atendimento/consulta/processo?numero=CETESB-AC-4495","resumo":"CETESB · Área Contaminada sob Investigação (ACI) · EXPRESSO GARDENIA LTDA · Campinas/SP · Impacto: Águas Subterrâneas","aprox":true}},{"type":"Feature","geometry":{"type":"Point","coordinates":[-46.65154,-23.5393]},"properties":{"id":"CETESB (SP):CETESB-AC-4529","orgao":"CETESB (SP)","uf":"SP","ano":2025,"categoria":"embargo","tipo":"Controle Ambiental de Área Contaminada — Área Contaminada com Risco Confirmado (ACRi)","empresa":"AUTO POSTO EDUCANDÁRIO LTDA.","municipio":"São Paulo","porte":null,"valor":null,"processo":"CETESB-AC-4529","link_oficial":"https://e.ambiente.sp.gov.br/atendimento/consulta/processo?numero=CETESB-AC-4529","resumo":"CETESB · Área Contaminada com Risco Confirmado (ACRi) · AUTO POSTO EDUCANDÁRIO LTDA. · São Paulo/SP · Impacto: Águas Subterrâneas/Subsolo (DENTRO)","aprox":true}},{"type":"Feature","geometry":{"type":"Point","coordinates":[-47.19533,-23.07651]},"properties":{"id":"CETESB (SP):CETESB-AC-4532","orgao":"CETESB (SP)","uf":"SP","ano":2006,"categoria":"embargo","tipo":"Controle Ambiental de Área Contaminada — Área Contaminada com Risco Confirmado (ACRi)","empresa":"AUTO POSTO PORTAL DE INDAIATUBA LTDA. (ANT. AUTO POSTO F.C. LOPES COM. DE COMB.)","municipio":"Indaiatuba","porte":null,"valor":null,"processo":"CETESB-AC-4532","link_oficial":"https://e.ambiente.sp.gov.br/atendimento/consulta/processo?numero=CETESB-AC-4532","resumo":"CETESB · Área Contaminada com Risco Confirmado (ACRi) · AUTO POSTO PORTAL DE INDAIATUBA LTDA. (ANT. AUTO POSTO F.C. LOPES COM. DE COMB.) · Indaiatuba/SP · Posto","aprox":true}},{"type":"Feature","geometry":{"type":"Point","coordinates":[-46.52933,-23.6681]},"properties":{"id":"CETESB (SP):CETESB-AC-4533","orgao":"CETESB (SP)","uf":"SP","ano":2023,"categoria":"embargo","tipo":"Controle Ambiental de Área Contaminada — Área Contaminada em Processo de Remediação (ACRe)","empresa":"FEDERAL-MOGUL COMPONENTES DE MOTORES LTDA","municipio":"Santo André","porte":null,"valor":null,"processo":"CETESB-AC-4533","link_oficial":"https://e.ambiente.sp.gov.br/atendimento/consulta/processo?numero=CETESB-AC-4533","resumo":"CETESB · Área Contaminada em Processo de Remediação (ACRe) · FEDERAL-MOGUL COMPONENTES DE MOTORES LTDA · Santo André/SP · Válvulas de admissão e exaustão para v","aprox":true}},{"type":"Feature","geometry":{"type":"Point","coordinates":[-46.64199,-23.53471]},"properties":{"id":"CETESB (SP):CETESB-AC-4535","orgao":"CETESB (SP)","uf":"SP","ano":2011,"categoria":"embargo","tipo":"Controle Ambiental de Área Contaminada — Área Contaminada em Processo de Remediação (ACRe)","empresa":"NOVA CURUÇÁ AUTO POSTO LTDA","municipio":"São Paulo","porte":null,"valor":null,"processo":"CETESB-AC-4535","link_oficial":"https://e.ambiente.sp.gov.br/atendimento/consulta/processo?numero=CETESB-AC-4535","resumo":"CETESB · Área Contaminada em Processo de Remediação (ACRe) · NOVA CURUÇÁ AUTO POSTO LTDA · São Paulo/SP · Combustíveis e lubrificantes para veículos; comérc · I","aprox":true}},{"type":"Feature","geometry":{"type":"Point","coordinates":[-46.99398,-22.96895]},"properties":{"id":"CETESB (SP):CETESB-AC-4578","orgao":"CETESB (SP)","uf":"SP","ano":2010,"categoria":"embargo","tipo":"Controle Ambiental de Área Contaminada — Área Contaminada sob Investigação (ACI)","empresa":"BRP BRASIL INDUSTRIA COMERCIO, IMPORTAÇÃO E EXPORTAÇÃO DE AUTOPEÇAS LT","municipio":"Valinhos","porte":null,"valor":null,"processo":"CETESB-AC-4578","link_oficial":"https://e.ambiente.sp.gov.br/atendimento/consulta/processo?numero=CETESB-AC-4578","resumo":"CETESB · Área Contaminada sob Investigação (ACI) · BRP BRASIL INDUSTRIA COMERCIO, IMPORTAÇÃO E EXPORTAÇÃO DE AUTOPEÇAS LT · Valinhos/SP · Peças e acessórios par","aprox":true}},{"type":"Feature","geometry":{"type":"Point","coordinates":[-47.38691,-20.53759]},"properties":{"id":"CETESB (SP):CETESB-AC-4580","orgao":"CETESB (SP)","uf":"SP","ano":2025,"categoria":"embargo","tipo":"Controle Ambiental de Área Contaminada — Área Contaminada em Processo de Remediação (ACRe)","empresa":"AUTO POSTO SÃO JUDAS TADEU FRANCA LTDA.","municipio":"Franca","porte":null,"valor":null,"processo":"CETESB-AC-4580","link_oficial":"https://e.ambiente.sp.gov.br/atendimento/consulta/processo?numero=CETESB-AC-4580","resumo":"CETESB · Área Contaminada em Processo de Remediação (ACRe) · AUTO POSTO SÃO JUDAS TADEU FRANCA LTDA. · Franca/SP · Posto de combustível · Impacto: Solo Superfic","aprox":true}},{"type":"Feature","geometry":{"type":"Point","coordinates":[-48.04212,-23.58173]},"properties":{"id":"CETESB (SP):CETESB-AC-4581","orgao":"CETESB (SP)","uf":"SP","ano":2011,"categoria":"embargo","tipo":"Controle Ambiental de Área Contaminada — Área Contaminada sob Investigação (ACI)","empresa":"AUTO POSTO NOVA ITAPETININGA LTDA","municipio":"Itapetininga","porte":null,"valor":null,"processo":"CETESB-AC-4581","link_oficial":"https://e.ambiente.sp.gov.br/atendimento/consulta/processo?numero=CETESB-AC-4581","resumo":"CETESB · Área Contaminada sob Investigação (ACI) · AUTO POSTO NOVA ITAPETININGA LTDA · Itapetininga/SP · Combustíveis e lubrificantes para veículos; comérc · Im","aprox":true}},{"type":"Feature","geometry":{"type":"Point","coordinates":[-46.63499,-23.5453]},"properties":{"id":"CETESB (SP):CETESB-AC-4582","orgao":"CETESB (SP)","uf":"SP","ano":2011,"categoria":"embargo","tipo":"Controle Ambiental de Área Contaminada — Área Contaminada em Processo de Remediação (ACRe)","empresa":"AUTO SERVICOS JANGADEIRO LTDA","municipio":"São Paulo","porte":null,"valor":null,"processo":"CETESB-AC-4582","link_oficial":"https://e.ambiente.sp.gov.br/atendimento/consulta/processo?numero=CETESB-AC-4582","resumo":"CETESB · Área Contaminada em Processo de Remediação (ACRe) · AUTO SERVICOS JANGADEIRO LTDA · São Paulo/SP · Combustíveis e lubrificantes para veículos; comérc ·","aprox":true}},{"type":"Feature","geometry":{"type":"Point","coordinates":[-46.65481,-23.52178]},"properties":{"id":"CETESB (SP):CETESB-AC-4583","orgao":"CETESB (SP)","uf":"SP","ano":2010,"categoria":"embargo","tipo":"Controle Ambiental de Área Contaminada — Área Contaminada em Processo de Remediação (ACRe)","empresa":"PETRO BRASIL AUTO POSTO LTDA","municipio":"São Paulo","porte":null,"valor":null,"processo":"CETESB-AC-4583","link_oficial":"https://e.ambiente.sp.gov.br/atendimento/consulta/processo?numero=CETESB-AC-4583","resumo":"CETESB · Área Contaminada em Processo de Remediação (ACRe) · PETRO BRASIL AUTO POSTO LTDA · São Paulo/SP · Combustíveis e lubrificantes para veículos; comérc · ","aprox":true}},{"type":"Feature","geometry":{"type":"Point","coordinates":[-48.80479,-22.60628]},"properties":{"id":"CETESB (SP):CETESB-AC-4584","orgao":"CETESB (SP)","uf":"SP","ano":2022,"categoria":"embargo","tipo":"Controle Ambiental de Área Contaminada — Área Contaminada em Processo de Remediação (ACRe)","empresa":"SOLVAY INDUPA DO BRASIL S.A","municipio":"Lençóis Paulista","porte":null,"valor":null,"processo":"CETESB-AC-4584","link_oficial":"https://e.ambiente.sp.gov.br/atendimento/consulta/processo?numero=CETESB-AC-4584","resumo":"CETESB · Área Contaminada em Processo de Remediação (ACRe) · SOLVAY INDUPA DO BRASIL S.A · Lençóis Paulista/SP · Pvc (policloreto de vinila); fabricação de · Im","aprox":true}},{"type":"Feature","geometry":{"type":"Point","coordinates":[-46.64139,-23.5356]},"properties":{"id":"CETESB (SP):CETESB-AC-4705","orgao":"CETESB (SP)","uf":"SP","ano":2025,"categoria":"embargo","tipo":"Controle Ambiental de Área Contaminada — Área Contaminada sob Investigação (ACI)","empresa":"VR ALUGUÉIS E SERVIÇOS S/A","municipio":"São Paulo","porte":null,"valor":null,"processo":"CETESB-AC-4705","link_oficial":"https://e.ambiente.sp.gov.br/atendimento/consulta/processo?numero=CETESB-AC-4705","resumo":"CETESB · Área Contaminada sob Investigação (ACI) · VR ALUGUÉIS E SERVIÇOS S/A · São Paulo/SP · Impacto: Águas Subterrâneas","aprox":true}},{"type":"Feature","geometry":{"type":"Point","coordinates":[-45.08309,-23.43124]},"properties":{"id":"CETESB (SP):CETESB-AC-4710","orgao":"CETESB (SP)","uf":"SP","ano":2006,"categoria":"embargo","tipo":"Controle Ambiental de Área Contaminada — Área Contaminada em Processo de Remediação (ACRe)","empresa":"AUTO POSTO KAMOMÊ LTDA","municipio":"Ubatuba","porte":null,"valor":null,"processo":"CETESB-AC-4710","link_oficial":"https://e.ambiente.sp.gov.br/atendimento/consulta/processo?numero=CETESB-AC-4710","resumo":"CETESB · Área Contaminada em Processo de Remediação (ACRe) · AUTO POSTO KAMOMÊ LTDA · Ubatuba/SP · Combustíveis e lubrificantes para veículos; comérc · Impacto:","aprox":true}},{"type":"Feature","geometry":{"type":"Point","coordinates":[-46.63848,-23.5346]},"properties":{"id":"CETESB (SP):CETESB-AC-4614","orgao":"CETESB (SP)","uf":"SP","ano":2010,"categoria":"embargo","tipo":"Controle Ambiental de Área Contaminada — Área Contaminada em Processo de Remediação (ACRe)","empresa":"AUTO POSTO CITY ARICANDUVA LTDA - EPP","municipio":"São Paulo","porte":null,"valor":null,"processo":"CETESB-AC-4614","link_oficial":"https://e.ambiente.sp.gov.br/atendimento/consulta/processo?numero=CETESB-AC-4614","resumo":"CETESB · Área Contaminada em Processo de Remediação (ACRe) · AUTO POSTO CITY ARICANDUVA LTDA - EPP · São Paulo/SP · Combustíveis e lubrificantes para veículos; ","aprox":true}},{"type":"Feature","geometry":{"type":"Point","coordinates":[-46.30749,-23.54526]},"properties":{"id":"CETESB (SP):CETESB-AC-4617","orgao":"CETESB (SP)","uf":"SP","ano":2025,"categoria":"embargo","tipo":"Controle Ambiental de Área Contaminada — Área Contaminada com Risco Confirmado (ACRi)","empresa":"SANOFI MEDLEY FARMACÊUTICA LTDA.","municipio":"Suzano","porte":null,"valor":null,"processo":"CETESB-AC-4617","link_oficial":"https://e.ambiente.sp.gov.br/atendimento/consulta/processo?numero=CETESB-AC-4617","resumo":"CETESB · Área Contaminada com Risco Confirmado (ACRi) · SANOFI MEDLEY FARMACÊUTICA LTDA. · Suzano/SP · Preparações farmacêuticas alopáticas para uso huma · Impa","aprox":true}},{"type":"Feature","geometry":{"type":"Point","coordinates":[-46.62788,-23.54045]},"properties":{"id":"CETESB (SP):CETESB-AC-4618","orgao":"CETESB (SP)","uf":"SP","ano":2023,"categoria":"embargo","tipo":"Controle Ambiental de Área Contaminada — Área Contaminada com Risco Confirmado (ACRi)","empresa":"AUTO POSTO NOVA ZILDA LTDA.","municipio":"São Paulo","porte":null,"valor":null,"processo":"CETESB-AC-4618","link_oficial":"https://e.ambiente.sp.gov.br/atendimento/consulta/processo?numero=CETESB-AC-4618","resumo":"CETESB · Área Contaminada com Risco Confirmado (ACRi) · AUTO POSTO NOVA ZILDA LTDA. · São Paulo/SP · Combustíveis e lubrificantes para veículos; comérc · Impact","aprox":true}},{"type":"Feature","geometry":{"type":"Point","coordinates":[-46.80585,-23.53365]},"properties":{"id":"CETESB (SP):CETESB-AC-4622","orgao":"CETESB (SP)","uf":"SP","ano":2008,"categoria":"embargo","tipo":"Controle Ambiental de Área Contaminada — Área Contaminada em Processo de Remediação (ACRe)","empresa":"AUTO POSTO CHAVANTES LTDA.","municipio":"Osasco","porte":null,"valor":null,"processo":"CETESB-AC-4622","link_oficial":"https://e.ambiente.sp.gov.br/atendimento/consulta/processo?numero=CETESB-AC-4622","resumo":"CETESB · Área Contaminada em Processo de Remediação (ACRe) · AUTO POSTO CHAVANTES LTDA. · Osasco/SP · Posto de abastecimento de veículos · Impacto: Águas Subter","aprox":true}},{"type":"Feature","geometry":{"type":"Point","coordinates":[-49.97907,-20.42708]},"properties":{"id":"CETESB (SP):CETESB-AC-4644","orgao":"CETESB (SP)","uf":"SP","ano":2005,"categoria":"embargo","tipo":"Controle Ambiental de Área Contaminada — Área Contaminada em Processo de Remediação (ACRe)","empresa":"ALICIO VILAR PONTES","municipio":"Votuporanga","porte":null,"valor":null,"processo":"CETESB-AC-4644","link_oficial":"https://e.ambiente.sp.gov.br/atendimento/consulta/processo?numero=CETESB-AC-4644","resumo":"CETESB · Área Contaminada em Processo de Remediação (ACRe) · ALICIO VILAR PONTES · Votuporanga/SP · Combustíveis e lubrificantes para veículos; comérc · Impacto","aprox":true}},{"type":"Feature","geometry":{"type":"Point","coordinates":[-49.0757,-22.33772]},"properties":{"id":"CETESB (SP):CETESB-AC-4648","orgao":"CETESB (SP)","uf":"SP","ano":2025,"categoria":"embargo","tipo":"Controle Ambiental de Área Contaminada — Área Contaminada sob Investigação (ACI)","empresa":"CPOS - CIA PAULISTA DE OBRAS E SERVIÇOS - USINA TRATAMENTO DORMENTES","municipio":"Bauru","porte":null,"valor":null,"processo":"CETESB-AC-4648","link_oficial":"https://e.ambiente.sp.gov.br/atendimento/consulta/processo?numero=CETESB-AC-4648","resumo":"CETESB · Área Contaminada sob Investigação (ACI) · CPOS - CIA PAULISTA DE OBRAS E SERVIÇOS - USINA TRATAMENTO DORMENTES · Bauru/SP · Impacto: Águas Subterrâneas","aprox":true}},{"type":"Feature","geometry":{"type":"Point","coordinates":[-46.26233,-23.98956]},"properties":{"id":"CETESB (SP):CETESB-AC-4650","orgao":"CETESB (SP)","uf":"SP","ano":2024,"categoria":"embargo","tipo":"Controle Ambiental de Área Contaminada — Área Contaminada em Processo de Remediação (ACRe)","empresa":"DOW BRASIL SUDESTE INDUSTRIAL LTDA","municipio":"Guarujá","porte":null,"valor":null,"processo":"CETESB-AC-4650","link_oficial":"https://e.ambiente.sp.gov.br/atendimento/consulta/processo?numero=CETESB-AC-4650","resumo":"CETESB · Área Contaminada em Processo de Remediação (ACRe) · DOW BRASIL SUDESTE INDUSTRIAL LTDA · Guarujá/SP · Fabricação de outros produtos químicos não especi","aprox":true}},{"type":"Feature","geometry":{"type":"Point","coordinates":[-46.7911,-24.16933]},"properties":{"id":"CETESB (SP):CETESB-AC-4651","orgao":"CETESB (SP)","uf":"SP","ano":2008,"categoria":"embargo","tipo":"Controle Ambiental de Área Contaminada — Área Contaminada em Processo de Remediação (ACRe)","empresa":"LITORAL SUL TRANSPORTES URBANOS LTDA","municipio":"Itanhaém","porte":null,"valor":null,"processo":"CETESB-AC-4651","link_oficial":"https://e.ambiente.sp.gov.br/atendimento/consulta/processo?numero=CETESB-AC-4651","resumo":"CETESB · Área Contaminada em Processo de Remediação (ACRe) · LITORAL SUL TRANSPORTES URBANOS LTDA · Itanhaém/SP · Ônibus; transporte rodoviário de passageiros, ","aprox":true}},{"type":"Feature","geometry":{"type":"Point","coordinates":[-47.47292,-24.26055]},"properties":{"id":"CETESB (SP):CETESB-AC-4631","orgao":"CETESB (SP)","uf":"SP","ano":2026,"categoria":"embargo","tipo":"Controle Ambiental de Área Contaminada — Área Contaminada sob Investigação (ACI)","empresa":"Postos Pelanda Combustíveis LTDA (antigo Posto Dom Pedro de Miracatu Rota Sul)","municipio":"Miracatu","porte":null,"valor":null,"processo":"CETESB-AC-4631","link_oficial":"https://e.ambiente.sp.gov.br/atendimento/consulta/processo?numero=CETESB-AC-4631","resumo":"CETESB · Área Contaminada sob Investigação (ACI) · Postos Pelanda Combustíveis LTDA (antigo Posto Dom Pedro de Miracatu Rota Sul) · Miracatu/SP · Combustíveis e","aprox":true}},{"type":"Feature","geometry":{"type":"Point","coordinates":[-46.57004,-23.68159]},"properties":{"id":"CETESB (SP):CETESB-AC-4632","orgao":"CETESB (SP)","uf":"SP","ano":2024,"categoria":"embargo","tipo":"Controle Ambiental de Área Contaminada — Área Contaminada com Risco Confirmado (ACRi)","empresa":"AUTO POSTO MMDC LTDA","municipio":"São Bernardo Do Campo","porte":null,"valor":null,"processo":"CETESB-AC-4632","link_oficial":"https://e.ambiente.sp.gov.br/atendimento/consulta/processo?numero=CETESB-AC-4632","resumo":"CETESB · Área Contaminada com Risco Confirmado (ACRi) · AUTO POSTO MMDC LTDA · São Bernardo Do Campo/SP · Combustíveis e lubrificantes para veículos; comérc · I","aprox":true}},{"type":"Feature","geometry":{"type":"Point","coordinates":[-46.64736,-23.54296]},"properties":{"id":"CETESB (SP):CETESB-AC-4652","orgao":"CETESB (SP)","uf":"SP","ano":2024,"categoria":"embargo","tipo":"Controle Ambiental de Área Contaminada — Área Contaminada sob Investigação (ACI)","empresa":"Secretaria Municipal de Infraestrutura Urbana e Obras","municipio":"São Paulo","porte":null,"valor":null,"processo":"CETESB-AC-4652","link_oficial":"https://e.ambiente.sp.gov.br/atendimento/consulta/processo?numero=CETESB-AC-4652","resumo":"CETESB · Área Contaminada sob Investigação (ACI) · Secretaria Municipal de Infraestrutura Urbana e Obras · São Paulo/SP · Administração pública em geral · Impac","aprox":true}},{"type":"Feature","geometry":{"type":"Point","coordinates":[-46.64056,-23.54296]},"properties":{"id":"CETESB (SP):CETESB-AC-4725","orgao":"CETESB (SP)","uf":"SP","ano":2005,"categoria":"embargo","tipo":"Controle Ambiental de Área Contaminada — Área Contaminada em Processo de Remediação (ACRe)","empresa":"AUTO POSTO MC DO ITAIM LTDA.","municipio":"São Paulo","porte":null,"valor":null,"processo":"CETESB-AC-4725","link_oficial":"https://e.ambiente.sp.gov.br/atendimento/consulta/processo?numero=CETESB-AC-4725","resumo":"CETESB · Área Contaminada em Processo de Remediação (ACRe) · AUTO POSTO MC DO ITAIM LTDA. · São Paulo/SP · Combustíveis e lubrificantes para veículos; comérc · ","aprox":true}},{"type":"Feature","geometry":{"type":"Point","coordinates":[-47.38221,-22.34976]},"properties":{"id":"CETESB (SP):CETESB-AC-4655","orgao":"CETESB (SP)","uf":"SP","ano":2025,"categoria":"embargo","tipo":"Controle Ambiental de Área Contaminada — Área Contaminada sob Investigação (ACI)","empresa":"POSTO DO LAGO LTDA","municipio":"Araras","porte":null,"valor":null,"processo":"CETESB-AC-4655","link_oficial":"https://e.ambiente.sp.gov.br/atendimento/consulta/processo?numero=CETESB-AC-4655","resumo":"CETESB · Área Contaminada sob Investigação (ACI) · POSTO DO LAGO LTDA · Araras/SP · Posto de combustível · Impacto: Subsolo","aprox":true}},{"type":"Feature","geometry":{"type":"Point","coordinates":[-46.63721,-23.53211]},"properties":{"id":"CETESB (SP):CETESB-AC-4661","orgao":"CETESB (SP)","uf":"SP","ano":2025,"categoria":"embargo","tipo":"Controle Ambiental de Área Contaminada — Área Contaminada em Processo de Remediação (ACRe)","empresa":"CENTRO AUTOMOTIVO PONTO QUENTE LTDA.","municipio":"São Paulo","porte":null,"valor":null,"processo":"CETESB-AC-4661","link_oficial":"https://e.ambiente.sp.gov.br/atendimento/consulta/processo?numero=CETESB-AC-4661","resumo":"CETESB · Área Contaminada em Processo de Remediação (ACRe) · CENTRO AUTOMOTIVO PONTO QUENTE LTDA. · São Paulo/SP · Impacto: Águas Subterrâneas/Subsolo (DENTRO)","aprox":true}},{"type":"Feature","geometry":{"type":"Point","coordinates":[-46.63906,-23.53284]},"properties":{"id":"CETESB (SP):CETESB-AC-4662","orgao":"CETESB (SP)","uf":"SP","ano":2025,"categoria":"embargo","tipo":"Controle Ambiental de Área Contaminada — Área Contaminada em Processo de Remediação (ACRe)","empresa":"SO-REMI SERVIÇOS AUTOMOTIVOS LTDA ( ANT. POSTO GUAICURUS LTDA)","municipio":"São Paulo","porte":null,"valor":null,"processo":"CETESB-AC-4662","link_oficial":"https://e.ambiente.sp.gov.br/atendimento/consulta/processo?numero=CETESB-AC-4662","resumo":"CETESB · Área Contaminada em Processo de Remediação (ACRe) · SO-REMI SERVIÇOS AUTOMOTIVOS LTDA ( ANT. POSTO GUAICURUS LTDA) · São Paulo/SP · Impacto: Águas Subt","aprox":true}},{"type":"Feature","geometry":{"type":"Point","coordinates":[-45.20236,-22.79894]},"properties":{"id":"CETESB (SP):CETESB-AC-4685","orgao":"CETESB (SP)","uf":"SP","ano":2010,"categoria":"embargo","tipo":"Controle Ambiental de Área Contaminada — Área Contaminada com Risco Confirmado (ACRi)","empresa":"SERVENG TRANSPORTES LTDA","municipio":"Guaratinguetá","porte":null,"valor":null,"processo":"CETESB-AC-4685","link_oficial":"https://e.ambiente.sp.gov.br/atendimento/consulta/processo?numero=CETESB-AC-4685","resumo":"CETESB · Área Contaminada com Risco Confirmado (ACRi) · SERVENG TRANSPORTES LTDA · Guaratinguetá/SP · Pneumáticos recapados, recauchutados ou remoldados · Impac","aprox":true}},{"type":"Feature","geometry":{"type":"Point","coordinates":[-46.65216,-23.53907]},"properties":{"id":"CETESB (SP):CETESB-AC-4691","orgao":"CETESB (SP)","uf":"SP","ano":2011,"categoria":"embargo","tipo":"Controle Ambiental de Área Contaminada — Área Contaminada em Processo de Remediação (ACRe)","empresa":"AUTO POSTO BOA ESPERANÇA DE SÃO MATEUS LTDA","municipio":"São Paulo","porte":null,"valor":null,"processo":"CETESB-AC-4691","link_oficial":"https://e.ambiente.sp.gov.br/atendimento/consulta/processo?numero=CETESB-AC-4691","resumo":"CETESB · Área Contaminada em Processo de Remediação (ACRe) · AUTO POSTO BOA ESPERANÇA DE SÃO MATEUS LTDA · São Paulo/SP · Combustíveis e lubrificantes para veíc","aprox":true}},{"type":"Feature","geometry":{"type":"Point","coordinates":[-46.89954,-23.19621]},"properties":{"id":"CETESB (SP):CETESB-AC-4698","orgao":"CETESB (SP)","uf":"SP","ano":2025,"categoria":"embargo","tipo":"Controle Ambiental de Área Contaminada — Área Contaminada em Processo de Remediação (ACRe)","empresa":"VIAÇÃO LEME LTDA","municipio":"Jundiaí","porte":null,"valor":null,"processo":"CETESB-AC-4698","link_oficial":"https://e.ambiente.sp.gov.br/atendimento/consulta/processo?numero=CETESB-AC-4698","resumo":"CETESB · Área Contaminada em Processo de Remediação (ACRe) · VIAÇÃO LEME LTDA · Jundiaí/SP · Ônibus; transporte rodoviário de passageiros, regu · Impacto: Águas","aprox":true}},{"type":"Feature","geometry":{"type":"Point","coordinates":[-46.62877,-23.51574]},"properties":{"id":"CETESB (SP):CETESB-AC-4274","orgao":"CETESB (SP)","uf":"SP","ano":2025,"categoria":"embargo","tipo":"Controle Ambiental de Área Contaminada — Área Contaminada sob Investigação (ACI)","empresa":"DISTRIBUIDORA AUTOMOTIVA S/A","municipio":"São Paulo","porte":null,"valor":null,"processo":"CETESB-AC-4274","link_oficial":"https://e.ambiente.sp.gov.br/atendimento/consulta/processo?numero=CETESB-AC-4274","resumo":"CETESB · Área Contaminada sob Investigação (ACI) · DISTRIBUIDORA AUTOMOTIVA S/A · São Paulo/SP · Impacto: Águas Subterrâneas","aprox":true}},{"type":"Feature","geometry":{"type":"Point","coordinates":[-47.44823,-23.50859]},"properties":{"id":"CETESB (SP):CETESB-AC-4277","orgao":"CETESB (SP)","uf":"SP","ano":2025,"categoria":"embargo","tipo":"Controle Ambiental de Área Contaminada — Área Contaminada sob Investigação (ACI)","empresa":"POSTO DE SERVIÇO FREE SHOP LTDA.","municipio":"Sorocaba","porte":null,"valor":null,"processo":"CETESB-AC-4277","link_oficial":"https://e.ambiente.sp.gov.br/atendimento/consulta/processo?numero=CETESB-AC-4277","resumo":"CETESB · Área Contaminada sob Investigação (ACI) · POSTO DE SERVIÇO FREE SHOP LTDA. · Sorocaba/SP · Combustíveis e lubrificantes para veículos; comérc · Impacto","aprox":true}},{"type":"Feature","geometry":{"type":"Point","coordinates":[-46.33087,-23.95415]},"properties":{"id":"CETESB (SP):CETESB-AC-4281","orgao":"CETESB (SP)","uf":"SP","ano":2005,"categoria":"embargo","tipo":"Controle Ambiental de Área Contaminada — Área Contaminada em Processo de Remediação (ACRe)","empresa":"AUTO POSTO ARRASTAO LTDA","municipio":"Santos","porte":null,"valor":null,"processo":"CETESB-AC-4281","link_oficial":"https://e.ambiente.sp.gov.br/atendimento/consulta/processo?numero=CETESB-AC-4281","resumo":"CETESB · Área Contaminada em Processo de Remediação (ACRe) · AUTO POSTO ARRASTAO LTDA · Santos/SP · Combustíveis e lubrificantes para veículos; comérc · Impacto","aprox":true}},{"type":"Feature","geometry":{"type":"Point","coordinates":[-46.64224,-23.52975]},"properties":{"id":"CETESB (SP):CETESB-AC-4321","orgao":"CETESB (SP)","uf":"SP","ano":2009,"categoria":"embargo","tipo":"Controle Ambiental de Área Contaminada — Área Contaminada sob Investigação (ACI)","empresa":"PREFEITURA DA CIDADE DE SÃO PAULO - SUB-PREFEITURA DE VILA PRUDENTE","municipio":"São Paulo","porte":null,"valor":null,"processo":"CETESB-AC-4321","link_oficial":"https://e.ambiente.sp.gov.br/atendimento/consulta/processo?numero=CETESB-AC-4321","resumo":"CETESB · Área Contaminada sob Investigação (ACI) · PREFEITURA DA CIDADE DE SÃO PAULO - SUB-PREFEITURA DE VILA PRUDENTE · São Paulo/SP · COMBUSTÍVEIS PARA VEÍCUL","aprox":true}},{"type":"Feature","geometry":{"type":"Point","coordinates":[-46.60907,-23.6879]},"properties":{"id":"CETESB (SP):CETESB-AC-4342","orgao":"CETESB (SP)","uf":"SP","ano":2000,"categoria":"embargo","tipo":"Controle Ambiental de Área Contaminada — Área Contaminada em Processo de Remediação (ACRe)","empresa":"AUTO POSTO ATOKA LTDA","municipio":"Diadema","porte":null,"valor":null,"processo":"CETESB-AC-4342","link_oficial":"https://e.ambiente.sp.gov.br/atendimento/consulta/processo?numero=CETESB-AC-4342","resumo":"CETESB · Área Contaminada em Processo de Remediação (ACRe) · AUTO POSTO ATOKA LTDA · Diadema/SP · Posto de combustível · Impacto: Águas Subterrâneas/Subsolo (DE","aprox":true}},{"type":"Feature","geometry":{"type":"Point","coordinates":[-46.79128,-23.53368]},"properties":{"id":"CETESB (SP):CETESB-AC-4344","orgao":"CETESB (SP)","uf":"SP","ano":2004,"categoria":"embargo","tipo":"Controle Ambiental de Área Contaminada — Área Contaminada em Processo de Remediação (ACRe)","empresa":"AUTO POSTO TAMA GÁS LTDA.","municipio":"Osasco","porte":null,"valor":null,"processo":"CETESB-AC-4344","link_oficial":"https://e.ambiente.sp.gov.br/atendimento/consulta/processo?numero=CETESB-AC-4344","resumo":"CETESB · Área Contaminada em Processo de Remediação (ACRe) · AUTO POSTO TAMA GÁS LTDA. · Osasco/SP · Impacto: Águas Subterrâneas/Subsolo (DENTRO)","aprox":true}},{"type":"Feature","geometry":{"type":"Point","coordinates":[-46.8965,-23.18583]},"properties":{"id":"CETESB (SP):CETESB-AC-4347","orgao":"CETESB (SP)","uf":"SP","ano":2024,"categoria":"embargo","tipo":"Controle Ambiental de Área Contaminada — Área Contaminada com Risco Confirmado (ACRi)","empresa":"DUE TORRI GESTÃO DE PATRIMÔNIO PRÓPRIO LTDA.","municipio":"Jundiaí","porte":null,"valor":null,"processo":"CETESB-AC-4347","link_oficial":"https://e.ambiente.sp.gov.br/atendimento/consulta/processo?numero=CETESB-AC-4347","resumo":"CETESB · Área Contaminada com Risco Confirmado (ACRi) · DUE TORRI GESTÃO DE PATRIMÔNIO PRÓPRIO LTDA. · Jundiaí/SP · ALUGUEL DE IMÓVEL PRÓPRIO · Impacto: Subsolo","aprox":true}},{"type":"Feature","geometry":{"type":"Point","coordinates":[-46.64612,-23.51731]},"properties":{"id":"CETESB (SP):CETESB-AC-4349","orgao":"CETESB (SP)","uf":"SP","ano":2025,"categoria":"embargo","tipo":"Controle Ambiental de Área Contaminada — Área Contaminada sob Investigação (ACI)","empresa":"CENTRO AUTOMOTIVO UNIAO II LTDA.","municipio":"São Paulo","porte":null,"valor":null,"processo":"CETESB-AC-4349","link_oficial":"https://e.ambiente.sp.gov.br/atendimento/consulta/processo?numero=CETESB-AC-4349","resumo":"CETESB · Área Contaminada sob Investigação (ACI) · CENTRO AUTOMOTIVO UNIAO II LTDA. · São Paulo/SP · Impacto: Águas Subterrâneas","aprox":true}},{"type":"Feature","geometry":{"type":"Point","coordinates":[-46.34293,-23.94835]},"properties":{"id":"CETESB (SP):CETESB-AC-4412","orgao":"CETESB (SP)","uf":"SP","ano":2004,"categoria":"embargo","tipo":"Controle Ambiental de Área Contaminada — Área Contaminada com Risco Confirmado (ACRi)","empresa":"TRANSPORTES SANCAP S/A","municipio":"Santos","porte":null,"valor":null,"processo":"CETESB-AC-4412","link_oficial":"https://e.ambiente.sp.gov.br/atendimento/consulta/processo?numero=CETESB-AC-4412","resumo":"CETESB · Área Contaminada com Risco Confirmado (ACRi) · TRANSPORTES SANCAP S/A · Santos/SP · Transporte rodoviário de cargas perigosas · Impacto: Águas Subterrâ","aprox":true}},{"type":"Feature","geometry":{"type":"Point","coordinates":[-49.1146,-21.159]},"properties":{"id":"CETESB (SP):CETESB-AC-4389","orgao":"CETESB (SP)","uf":"SP","ano":2006,"categoria":"embargo","tipo":"Controle Ambiental de Área Contaminada — Área Contaminada em Processo de Remediação (ACRe)","empresa":"AUTO POSTO ELISIÁRIO LTDA","municipio":"Elisiário","porte":null,"valor":null,"processo":"CETESB-AC-4389","link_oficial":"https://e.ambiente.sp.gov.br/atendimento/consulta/processo?numero=CETESB-AC-4389","resumo":"CETESB · Área Contaminada em Processo de Remediação (ACRe) · AUTO POSTO ELISIÁRIO LTDA · Elisiário/SP · Posto de combustível · Impacto: Águas Subterrâneas","aprox":true}},{"type":"Feature","geometry":{"type":"Point","coordinates":[-48.20834,-23.26324]},"properties":{"id":"CETESB (SP):CETESB-AC-4424","orgao":"CETESB (SP)","uf":"SP","ano":2026,"categoria":"embargo","tipo":"Controle Ambiental de Área Contaminada — Área Contaminada sob Investigação (ACI)","empresa":"BRASJAPAN AUTO POSTO LTDA - ME","municipio":"Torre De Pedra","porte":null,"valor":null,"processo":"CETESB-AC-4424","link_oficial":"https://e.ambiente.sp.gov.br/atendimento/consulta/processo?numero=CETESB-AC-4424","resumo":"CETESB · Área Contaminada sob Investigação (ACI) · BRASJAPAN AUTO POSTO LTDA - ME · Torre De Pedra/SP · COMBUSTÍVEIS PARA VEÍCULOS AUTOMOTORES (POSTOS REV · Imp","aprox":true}},{"type":"Feature","geometry":{"type":"Point","coordinates":[-46.40321,-23.8863]},"properties":{"id":"CETESB (SP):CETESB-AC-4428","orgao":"CETESB (SP)","uf":"SP","ano":2025,"categoria":"embargo","tipo":"Controle Ambiental de Área Contaminada — Área Contaminada com Risco Confirmado (ACRi)","empresa":"WHITE MARTINS GASES INDUSTRIAIS LTDA","municipio":"Cubatão","porte":null,"valor":null,"processo":"CETESB-AC-4428","link_oficial":"https://e.ambiente.sp.gov.br/atendimento/consulta/processo?numero=CETESB-AC-4428","resumo":"CETESB · Área Contaminada com Risco Confirmado (ACRi) · WHITE MARTINS GASES INDUSTRIAIS LTDA · Cubatão/SP · Gás carbônico; fabricação de · Impacto: Águas Subter","aprox":true}},{"type":"Feature","geometry":{"type":"Point","coordinates":[-46.64135,-23.53361]},"properties":{"id":"CETESB (SP):CETESB-AC-4432","orgao":"CETESB (SP)","uf":"SP","ano":2025,"categoria":"embargo","tipo":"Controle Ambiental de Área Contaminada — Área Contaminada em Processo de Remediação (ACRe)","empresa":"AUTO POSTO SETE ESTRELAS LTDA","municipio":"São Paulo","porte":null,"valor":null,"processo":"CETESB-AC-4432","link_oficial":"https://e.ambiente.sp.gov.br/atendimento/consulta/processo?numero=CETESB-AC-4432","resumo":"CETESB · Área Contaminada em Processo de Remediação (ACRe) · AUTO POSTO SETE ESTRELAS LTDA · São Paulo/SP · Posto de abastecimento de veículos · Impacto: Subsol","aprox":true}},{"type":"Feature","geometry":{"type":"Point","coordinates":[-46.64694,-23.51891]},"properties":{"id":"CETESB (SP):CETESB-AC-4433","orgao":"CETESB (SP)","uf":"SP","ano":2011,"categoria":"embargo","tipo":"Controle Ambiental de Área Contaminada — Área Contaminada em Processo de Remediação (ACRe)","empresa":"AUTO POSTO ITAMARACÁ LTDA.","municipio":"São Paulo","porte":null,"valor":null,"processo":"CETESB-AC-4433","link_oficial":"https://e.ambiente.sp.gov.br/atendimento/consulta/processo?numero=CETESB-AC-4433","resumo":"CETESB · Área Contaminada em Processo de Remediação (ACRe) · AUTO POSTO ITAMARACÁ LTDA. · São Paulo/SP · Combustíveis e lubrificantes para veículos; comérc · Im","aprox":true}},{"type":"Feature","geometry":{"type":"Point","coordinates":[-46.63097,-23.54085]},"properties":{"id":"CETESB (SP):CETESB-AC-4664","orgao":"CETESB (SP)","uf":"SP","ano":2016,"categoria":"embargo","tipo":"Controle Ambiental de Área Contaminada — Área Contaminada com Risco Confirmado (ACRi)","empresa":"MF SS MOOCA LOCAÇÃO DE ESPAÇOS S/A","municipio":"São Paulo","porte":null,"valor":null,"processo":"CETESB-AC-4664","link_oficial":"https://e.ambiente.sp.gov.br/atendimento/consulta/processo?numero=CETESB-AC-4664","resumo":"CETESB · Área Contaminada com Risco Confirmado (ACRi) · MF SS MOOCA LOCAÇÃO DE ESPAÇOS S/A · São Paulo/SP · Impacto: Águas Subterrâneas","aprox":true}},{"type":"Feature","geometry":{"type":"Point","coordinates":[-46.52008,-23.44058]},"properties":{"id":"CETESB (SP):CETESB-AC-4665","orgao":"CETESB (SP)","uf":"SP","ano":2025,"categoria":"embargo","tipo":"Controle Ambiental de Área Contaminada — Área Contaminada em Processo de Remediação (ACRe)","empresa":"CUMMINS BRASIL LTDA","municipio":"Guarulhos","porte":null,"valor":null,"processo":"CETESB-AC-4665","link_oficial":"https://e.ambiente.sp.gov.br/atendimento/consulta/processo?numero=CETESB-AC-4665","resumo":"CETESB · Área Contaminada em Processo de Remediação (ACRe) · CUMMINS BRASIL LTDA · Guarulhos/SP · Motores para caminhões e ônibus; fabricação de · Impacto: Água","aprox":true}},{"type":"Feature","geometry":{"type":"Point","coordinates":[-46.62736,-23.52307]},"properties":{"id":"CETESB (SP):CETESB-AC-4668","orgao":"CETESB (SP)","uf":"SP","ano":2025,"categoria":"embargo","tipo":"Controle Ambiental de Área Contaminada — Área Contaminada sob Investigação (ACI)","empresa":"POSTO DE GASOLINA REGUENGO LTDA.","municipio":"São Paulo","porte":null,"valor":null,"processo":"CETESB-AC-4668","link_oficial":"https://e.ambiente.sp.gov.br/atendimento/consulta/processo?numero=CETESB-AC-4668","resumo":"CETESB · Área Contaminada sob Investigação (ACI) · POSTO DE GASOLINA REGUENGO LTDA. · São Paulo/SP · Auto posto · Impacto: Águas Subterrâneas","aprox":true}},{"type":"Feature","geometry":{"type":"Point","coordinates":[-46.33067,-23.49083]},"properties":{"id":"CETESB (SP):CETESB-AC-4671","orgao":"CETESB (SP)","uf":"SP","ano":2025,"categoria":"embargo","tipo":"Controle Ambiental de Área Contaminada — Área Contaminada em Processo de Remediação (ACRe)","empresa":"AUTO POSTO BAGUÁ LTDA.","municipio":"Itaquaquecetuba","porte":null,"valor":null,"processo":"CETESB-AC-4671","link_oficial":"https://e.ambiente.sp.gov.br/atendimento/consulta/processo?numero=CETESB-AC-4671","resumo":"CETESB · Área Contaminada em Processo de Remediação (ACRe) · AUTO POSTO BAGUÁ LTDA. · Itaquaquecetuba/SP · Combustíveis e lubrificantes para veículos; comérc · ","aprox":true}},{"type":"Feature","geometry":{"type":"Point","coordinates":[-48.80762,-21.58717]},"properties":{"id":"CETESB (SP):CETESB-AC-4472","orgao":"CETESB (SP)","uf":"SP","ano":2025,"categoria":"embargo","tipo":"Controle Ambiental de Área Contaminada — Área Contaminada em Processo de Remediação (ACRe)","empresa":"POSTO DE SERVIÇOS SÃO JUDAS TADEU LTDA.","municipio":"Itápolis","porte":null,"valor":null,"processo":"CETESB-AC-4472","link_oficial":"https://e.ambiente.sp.gov.br/atendimento/consulta/processo?numero=CETESB-AC-4472","resumo":"CETESB · Área Contaminada em Processo de Remediação (ACRe) · POSTO DE SERVIÇOS SÃO JUDAS TADEU LTDA. · Itápolis/SP · Combustíveis e lubrificantes para veículos;","aprox":true}},{"type":"Feature","geometry":{"type":"Point","coordinates":[-47.28546,-22.82657]},"properties":{"id":"CETESB (SP):CETESB-AC-4475","orgao":"CETESB (SP)","uf":"SP","ano":2025,"categoria":"embargo","tipo":"Controle Ambiental de Área Contaminada — Área Contaminada com Risco Confirmado (ACRi)","empresa":"GWI EMPR. IMOB. S/A","municipio":"Sumaré","porte":null,"valor":null,"processo":"CETESB-AC-4475","link_oficial":"https://e.ambiente.sp.gov.br/atendimento/consulta/processo?numero=CETESB-AC-4475","resumo":"CETESB · Área Contaminada com Risco Confirmado (ACRi) · GWI EMPR. IMOB. S/A · Sumaré/SP · Impacto: Águas Subterrâneas/Subsolo (DENTRO)","aprox":true}},{"type":"Feature","geometry":{"type":"Point","coordinates":[-46.62426,-23.5241]},"properties":{"id":"CETESB (SP):CETESB-AC-4500","orgao":"CETESB (SP)","uf":"SP","ano":2009,"categoria":"embargo","tipo":"Controle Ambiental de Área Contaminada — Área Contaminada em Processo de Remediação (ACRe)","empresa":"POSTO DE SERVIÇOS NATÁLIA LTDA","municipio":"São Paulo","porte":null,"valor":null,"processo":"CETESB-AC-4500","link_oficial":"https://e.ambiente.sp.gov.br/atendimento/consulta/processo?numero=CETESB-AC-4500","resumo":"CETESB · Área Contaminada em Processo de Remediação (ACRe) · POSTO DE SERVIÇOS NATÁLIA LTDA · São Paulo/SP · Combustíveis e lubrificantes para veículos; comérc ","aprox":true}},{"type":"Feature","geometry":{"type":"Point","coordinates":[-46.6333,-23.53516]},"properties":{"id":"CETESB (SP):CETESB-AC-4502","orgao":"CETESB (SP)","uf":"SP","ano":2025,"categoria":"embargo","tipo":"Controle Ambiental de Área Contaminada — Área Contaminada sob Investigação (ACI)","empresa":"IRMÃOS GOMES PART. LTDA.","municipio":"São Paulo","porte":null,"valor":null,"processo":"CETESB-AC-4502","link_oficial":"https://e.ambiente.sp.gov.br/atendimento/consulta/processo?numero=CETESB-AC-4502","resumo":"CETESB · Área Contaminada sob Investigação (ACI) · IRMÃOS GOMES PART. LTDA. · São Paulo/SP · Impacto: Águas Subterrâneas","aprox":true}},{"type":"Feature","geometry":{"type":"Point","coordinates":[-46.8699,-23.4922]},"properties":{"id":"CETESB (SP):CETESB-AC-4503","orgao":"CETESB (SP)","uf":"SP","ano":2009,"categoria":"embargo","tipo":"Controle Ambiental de Área Contaminada — Área Contaminada com Risco Confirmado (ACRi)","empresa":"AUTO POSTO TRAPEZYUN LTDA","municipio":"Barueri","porte":null,"valor":null,"processo":"CETESB-AC-4503","link_oficial":"https://e.ambiente.sp.gov.br/atendimento/consulta/processo?numero=CETESB-AC-4503","resumo":"CETESB · Área Contaminada com Risco Confirmado (ACRi) · AUTO POSTO TRAPEZYUN LTDA · Barueri/SP · Posto de combustível · Impacto: Águas Subterrâneas","aprox":true}},{"type":"Feature","geometry":{"type":"Point","coordinates":[-46.29959,-23.55683]},"properties":{"id":"CETESB (SP):CETESB-AC-4484","orgao":"CETESB (SP)","uf":"SP","ano":2022,"categoria":"embargo","tipo":"Controle Ambiental de Área Contaminada — Área Contaminada com Risco Confirmado (ACRi)","empresa":"AUTO POSTO TAIAÇUPEBA LTDA","municipio":"Suzano","porte":null,"valor":null,"processo":"CETESB-AC-4484","link_oficial":"https://e.ambiente.sp.gov.br/atendimento/consulta/processo?numero=CETESB-AC-4484","resumo":"CETESB · Área Contaminada com Risco Confirmado (ACRi) · AUTO POSTO TAIAÇUPEBA LTDA · Suzano/SP · Combustíveis e lubrificantes para veículos; comérc · Impacto: Á","aprox":true}},{"type":"Feature","geometry":{"type":"Point","coordinates":[-49.31609,-24.1075]},"properties":{"id":"CETESB (SP):CETESB-AC-4628","orgao":"CETESB (SP)","uf":"SP","ano":2014,"categoria":"embargo","tipo":"Controle Ambiental de Área Contaminada — Área Contaminada sob Investigação (ACI)","empresa":"PREFEITURA MUNICIPAL DE ITARARÉ","municipio":"Itararé","porte":null,"valor":null,"processo":"CETESB-AC-4628","link_oficial":"https://e.ambiente.sp.gov.br/atendimento/consulta/processo?numero=CETESB-AC-4628","resumo":"CETESB · Área Contaminada sob Investigação (ACI) · PREFEITURA MUNICIPAL DE ITARARÉ · Itararé/SP · Depósitos de lixo e aterros sanitários para dispos · Impacto: ","aprox":true}},{"type":"Feature","geometry":{"type":"Point","coordinates":[-46.65065,-23.53631]},"properties":{"id":"CETESB (SP):CETESB-AC-4630","orgao":"CETESB (SP)","uf":"SP","ano":2025,"categoria":"embargo","tipo":"Controle Ambiental de Área Contaminada — Área Contaminada com Risco Confirmado (ACRi)","empresa":"PORTAL DA GUARAPIRANGA AUTO POSTO LTDA","municipio":"São Paulo","porte":null,"valor":null,"processo":"CETESB-AC-4630","link_oficial":"https://e.ambiente.sp.gov.br/atendimento/consulta/processo?numero=CETESB-AC-4630","resumo":"CETESB · Área Contaminada com Risco Confirmado (ACRi) · PORTAL DA GUARAPIRANGA AUTO POSTO LTDA · São Paulo/SP · Combustíveis e lubrificantes para veículos; comé","aprox":true}},{"type":"Feature","geometry":{"type":"Point","coordinates":[-46.63979,-23.52455]},"properties":{"id":"CETESB (SP):CETESB-AC-4507","orgao":"CETESB (SP)","uf":"SP","ano":2005,"categoria":"embargo","tipo":"Controle Ambiental de Área Contaminada — Área Contaminada em Processo de Remediação (ACRe)","empresa":"NOVA LAREDO AUTO POSTO LTDA","municipio":"São Paulo","porte":null,"valor":null,"processo":"CETESB-AC-4507","link_oficial":"https://e.ambiente.sp.gov.br/atendimento/consulta/processo?numero=CETESB-AC-4507","resumo":"CETESB · Área Contaminada em Processo de Remediação (ACRe) · NOVA LAREDO AUTO POSTO LTDA · São Paulo/SP · Combustíveis e lubrificantes para veículos; comérc · I","aprox":true}},{"type":"Feature","geometry":{"type":"Point","coordinates":[-46.6381,-23.53066]},"properties":{"id":"CETESB (SP):CETESB-AC-4512","orgao":"CETESB (SP)","uf":"SP","ano":2025,"categoria":"embargo","tipo":"Controle Ambiental de Área Contaminada — Área Contaminada com Risco Confirmado (ACRi)","empresa":"EMCCAMP INCORPORAÇÃO SC 30 SPE LTDA","municipio":"São Paulo","porte":null,"valor":null,"processo":"CETESB-AC-4512","link_oficial":"https://e.ambiente.sp.gov.br/atendimento/consulta/processo?numero=CETESB-AC-4512","resumo":"CETESB · Área Contaminada com Risco Confirmado (ACRi) · EMCCAMP INCORPORAÇÃO SC 30 SPE LTDA · São Paulo/SP · APARTAMENTOS, CASAS, CONJUNTOS HABITACIONAIS, PRÉD ","aprox":true}},{"type":"Feature","geometry":{"type":"Point","coordinates":[-45.88833,-23.20187]},"properties":{"id":"CETESB (SP):CETESB-AC-4539","orgao":"CETESB (SP)","uf":"SP","ano":2024,"categoria":"embargo","tipo":"Controle Ambiental de Área Contaminada — Área Contaminada com Risco Confirmado (ACRi)","empresa":"SÃO DIMAS EMPREENDEDORA SC LTDA - ME","municipio":"São José Dos Campos","porte":null,"valor":null,"processo":"CETESB-AC-4539","link_oficial":"https://e.ambiente.sp.gov.br/atendimento/consulta/processo?numero=CETESB-AC-4539","resumo":"CETESB · Área Contaminada com Risco Confirmado (ACRi) · SÃO DIMAS EMPREENDEDORA SC LTDA - ME · São José Dos Campos/SP · Gestão de cemitérios · Impacto: Águas Su","aprox":true}},{"type":"Feature","geometry":{"type":"Point","coordinates":[-46.18967,-23.53674]},"properties":{"id":"CETESB (SP):CETESB-AC-4586","orgao":"CETESB (SP)","uf":"SP","ano":2025,"categoria":"embargo","tipo":"Controle Ambiental de Área Contaminada — Área Contaminada sob Investigação (ACI)","empresa":"DELISON MONT`ALVÃO MEDEIROS","municipio":"Mogi Das Cruzes","porte":null,"valor":null,"processo":"CETESB-AC-4586","link_oficial":"https://e.ambiente.sp.gov.br/atendimento/consulta/processo?numero=CETESB-AC-4586","resumo":"CETESB · Área Contaminada sob Investigação (ACI) · DELISON MONT`ALVÃO MEDEIROS · Mogi Das Cruzes/SP · Impacto: Subsolo","aprox":true}},{"type":"Feature","geometry":{"type":"Point","coordinates":[-46.65367,-23.53834]},"properties":{"id":"CETESB (SP):CETESB-AC-4589","orgao":"CETESB (SP)","uf":"SP","ano":2025,"categoria":"embargo","tipo":"Controle Ambiental de Área Contaminada — Área Contaminada em Processo de Remediação (ACRe)","empresa":"OURO VELHO AUTOMÓVEIS E SERVIÇOS LTDA.","municipio":"São Paulo","porte":null,"valor":null,"processo":"CETESB-AC-4589","link_oficial":"https://e.ambiente.sp.gov.br/atendimento/consulta/processo?numero=CETESB-AC-4589","resumo":"CETESB · Área Contaminada em Processo de Remediação (ACRe) · OURO VELHO AUTOMÓVEIS E SERVIÇOS LTDA. · São Paulo/SP · Combustíveis e lubrificantes para veículos;","aprox":true}},{"type":"Feature","geometry":{"type":"Point","coordinates":[-48.42901,-22.88963]},"properties":{"id":"CETESB (SP):CETESB-AC-4594","orgao":"CETESB (SP)","uf":"SP","ano":2025,"categoria":"embargo","tipo":"Controle Ambiental de Área Contaminada — Área Contaminada sob Investigação (ACI)","empresa":"DURATEX S/A","municipio":"Botucatu","porte":null,"valor":null,"processo":"CETESB-AC-4594","link_oficial":"https://e.ambiente.sp.gov.br/atendimento/consulta/processo?numero=CETESB-AC-4594","resumo":"CETESB · Área Contaminada sob Investigação (ACI) · DURATEX S/A · Botucatu/SP · Chapas e placas de madeira prensada ou aglomerada; · Impacto: Águas Subterrâneas","aprox":true}},{"type":"Feature","geometry":{"type":"Point","coordinates":[-46.87719,-23.49844]},"properties":{"id":"CETESB (SP):CETESB-AC-4524","orgao":"CETESB (SP)","uf":"SP","ano":2003,"categoria":"embargo","tipo":"Controle Ambiental de Área Contaminada — Área Contaminada em Processo de Remediação (ACRe)","empresa":"AUTO POSTO TANK CHEIO LTDA.","municipio":"Barueri","porte":null,"valor":null,"processo":"CETESB-AC-4524","link_oficial":"https://e.ambiente.sp.gov.br/atendimento/consulta/processo?numero=CETESB-AC-4524","resumo":"CETESB · Área Contaminada em Processo de Remediação (ACRe) · AUTO POSTO TANK CHEIO LTDA. · Barueri/SP · Posto de combustível · Impacto: Águas Subterrâneas/Subso","aprox":true}},{"type":"Feature","geometry":{"type":"Point","coordinates":[-46.52433,-23.44962]},"properties":{"id":"CETESB (SP):CETESB-AC-4546","orgao":"CETESB (SP)","uf":"SP","ano":2025,"categoria":"embargo","tipo":"Controle Ambiental de Área Contaminada — Área Contaminada com Risco Confirmado (ACRi)","empresa":"AUTO SERVIÇOS VILA FÁTIMA LTDA.","municipio":"Guarulhos","porte":null,"valor":null,"processo":"CETESB-AC-4546","link_oficial":"https://e.ambiente.sp.gov.br/atendimento/consulta/processo?numero=CETESB-AC-4546","resumo":"CETESB · Área Contaminada com Risco Confirmado (ACRi) · AUTO SERVIÇOS VILA FÁTIMA LTDA. · Guarulhos/SP · Auto posto · Impacto: Águas Subterrâneas","aprox":true}},{"type":"Feature","geometry":{"type":"Point","coordinates":[-46.61024,-23.69772]},"properties":{"id":"CETESB (SP):CETESB-AC-4595","orgao":"CETESB (SP)","uf":"SP","ano":2024,"categoria":"embargo","tipo":"Controle Ambiental de Área Contaminada — Área Contaminada com Risco Confirmado (ACRi)","empresa":"TENAZ QUÍMICA LTDA.","municipio":"Diadema","porte":null,"valor":null,"processo":"CETESB-AC-4595","link_oficial":"https://e.ambiente.sp.gov.br/atendimento/consulta/processo?numero=CETESB-AC-4595","resumo":"CETESB · Área Contaminada com Risco Confirmado (ACRi) · TENAZ QUÍMICA LTDA. · Diadema/SP · Impacto: Águas Subterrâneas/Solo Superficial (DENTRO)/Subsolo (DENTRO","aprox":true}},{"type":"Feature","geometry":{"type":"Point","coordinates":[-47.39822,-20.54331]},"properties":{"id":"CETESB (SP):CETESB-AC-4596","orgao":"CETESB (SP)","uf":"SP","ano":2003,"categoria":"embargo","tipo":"Controle Ambiental de Área Contaminada — Área Contaminada em Processo de Remediação (ACRe)","empresa":"POSTO SANTOS DUMONT DE FRANCA LTDA.","municipio":"Franca","porte":null,"valor":null,"processo":"CETESB-AC-4596","link_oficial":"https://e.ambiente.sp.gov.br/atendimento/consulta/processo?numero=CETESB-AC-4596","resumo":"CETESB · Área Contaminada em Processo de Remediação (ACRe) · POSTO SANTOS DUMONT DE FRANCA LTDA. · Franca/SP · Posto de combustível · Impacto: Águas Subterrânea","aprox":true}},{"type":"Feature","geometry":{"type":"Point","coordinates":[-47.27254,-22.81535]},"properties":{"id":"CETESB (SP):CETESB-AC-4549","orgao":"CETESB (SP)","uf":"SP","ano":2022,"categoria":"embargo","tipo":"Controle Ambiental de Área Contaminada — Área Contaminada sob Investigação (ACI)","empresa":"AUTO POSTO SESMARIAS DE SUMARÉ LTDA","municipio":"Sumaré","porte":null,"valor":null,"processo":"CETESB-AC-4549","link_oficial":"https://e.ambiente.sp.gov.br/atendimento/consulta/processo?numero=CETESB-AC-4549","resumo":"CETESB · Área Contaminada sob Investigação (ACI) · AUTO POSTO SESMARIAS DE SUMARÉ LTDA · Sumaré/SP · Combustíveis e lubrificantes para veículos; comérc · Contam","aprox":true}},{"type":"Feature","geometry":{"type":"Point","coordinates":[-46.63667,-23.53627]},"properties":{"id":"CETESB (SP):CETESB-AC-4550","orgao":"CETESB (SP)","uf":"SP","ano":2006,"categoria":"embargo","tipo":"Controle Ambiental de Área Contaminada — Área Contaminada em Processo de Remediação (ACRe)","empresa":"SIQLUB AUTO POSTO LTDA.","municipio":"São Paulo","porte":null,"valor":null,"processo":"CETESB-AC-4550","link_oficial":"https://e.ambiente.sp.gov.br/atendimento/consulta/processo?numero=CETESB-AC-4550","resumo":"CETESB · Área Contaminada em Processo de Remediação (ACRe) · SIQLUB AUTO POSTO LTDA. · São Paulo/SP · Combustíveis e lubrificantes para veículos; comérc · Impac","aprox":true}},{"type":"Feature","geometry":{"type":"Point","coordinates":[-46.65121,-23.52159]},"properties":{"id":"CETESB (SP):CETESB-AC-4555","orgao":"CETESB (SP)","uf":"SP","ano":2010,"categoria":"embargo","tipo":"Controle Ambiental de Área Contaminada — Área Contaminada em Processo de Remediação (ACRe)","empresa":"AUTO POSTO LEÃO DA VILA MARIA LTDA","municipio":"São Paulo","porte":null,"valor":null,"processo":"CETESB-AC-4555","link_oficial":"https://e.ambiente.sp.gov.br/atendimento/consulta/processo?numero=CETESB-AC-4555","resumo":"CETESB · Área Contaminada em Processo de Remediação (ACRe) · AUTO POSTO LEÃO DA VILA MARIA LTDA · São Paulo/SP · Combustíveis e lubrificantes para veículos; com","aprox":true}},{"type":"Feature","geometry":{"type":"Point","coordinates":[-46.57074,-23.62717]},"properties":{"id":"CETESB (SP):CETESB-AC-4233","orgao":"CETESB (SP)","uf":"SP","ano":2023,"categoria":"embargo","tipo":"Controle Ambiental de Área Contaminada — Área Contaminada com Risco Confirmado (ACRi)","empresa":"GENERAL MOTORS DO BRASIL LTDA - AREAS ACONTAMINADAS","municipio":"São Caetano Do Sul","porte":null,"valor":null,"processo":"CETESB-AC-4233","link_oficial":"https://e.ambiente.sp.gov.br/atendimento/consulta/processo?numero=CETESB-AC-4233","resumo":"CETESB · Área Contaminada com Risco Confirmado (ACRi) · GENERAL MOTORS DO BRASIL LTDA - AREAS ACONTAMINADAS · São Caetano Do Sul/SP · Automóveis, montagem de · ","aprox":true}},{"type":"Feature","geometry":{"type":"Point","coordinates":[-47.0669,-22.9116]},"properties":{"id":"CETESB (SP):CETESB-AC-4123","orgao":"CETESB (SP)","uf":"SP","ano":1995,"categoria":"embargo","tipo":"Controle Ambiental de Área Contaminada — Área Contaminada em Processo de Remediação (ACRe)","empresa":"PETROBRÁS DISTRIBUIDORA S/A","municipio":"Campinas","porte":null,"valor":null,"processo":"CETESB-AC-4123","link_oficial":"https://e.ambiente.sp.gov.br/atendimento/consulta/processo?numero=CETESB-AC-4123","resumo":"CETESB · Área Contaminada em Processo de Remediação (ACRe) · PETROBRÁS DISTRIBUIDORA S/A · Campinas/SP · Combustíveis para aeronaves, aviões; comércio atac · Im","aprox":true}},{"type":"Feature","geometry":{"type":"Point","coordinates":[-47.46244,-24.27572]},"properties":{"id":"CETESB (SP):CETESB-AC-4124","orgao":"CETESB (SP)","uf":"SP","ano":2023,"categoria":"embargo","tipo":"Controle Ambiental de Área Contaminada — Área Contaminada em Processo de Remediação (ACRe)","empresa":"AUTO POSTO LAMBARI LTDA","municipio":"Miracatu","porte":null,"valor":null,"processo":"CETESB-AC-4124","link_oficial":"https://e.ambiente.sp.gov.br/atendimento/consulta/processo?numero=CETESB-AC-4124","resumo":"CETESB · Área Contaminada em Processo de Remediação (ACRe) · AUTO POSTO LAMBARI LTDA · Miracatu/SP · Posto de combustível · Impacto: Águas Subterrâneas/Subsolo ","aprox":true}},{"type":"Feature","geometry":{"type":"Point","coordinates":[-46.54607,-23.68523]},"properties":{"id":"CETESB (SP):CETESB-AC-4126","orgao":"CETESB (SP)","uf":"SP","ano":2026,"categoria":"embargo","tipo":"Controle Ambiental de Área Contaminada — Área Contaminada em Processo de Remediação (ACRe)","empresa":"NOVELIS DO BRASIL LTDA - INVESTIGAÇÃO DE PASSIVO","municipio":"Santo André","porte":null,"valor":null,"processo":"CETESB-AC-4126","link_oficial":"https://e.ambiente.sp.gov.br/atendimento/consulta/processo?numero=CETESB-AC-4126","resumo":"CETESB · Área Contaminada em Processo de Remediação (ACRe) · NOVELIS DO BRASIL LTDA - INVESTIGAÇÃO DE PASSIVO · Santo André/SP · Folha de alumínio relaminada (p","aprox":true}},{"type":"Feature","geometry":{"type":"Point","coordinates":[-47.28992,-23.20709]},"properties":{"id":"CETESB (SP):CETESB-AC-4128","orgao":"CETESB (SP)","uf":"SP","ano":2023,"categoria":"embargo","tipo":"Controle Ambiental de Área Contaminada — Área Contaminada sob Investigação (ACI)","empresa":"FEDRIGONI BRASIL PAPEIS LTDA","municipio":"Salto","porte":null,"valor":null,"processo":"CETESB-AC-4128","link_oficial":"https://e.ambiente.sp.gov.br/atendimento/consulta/processo?numero=CETESB-AC-4128","resumo":"CETESB · Área Contaminada sob Investigação (ACI) · FEDRIGONI BRASIL PAPEIS LTDA · Salto/SP · Papeis para impressão; fabricação de","aprox":true}},{"type":"Feature","geometry":{"type":"Point","coordinates":[-46.34204,-23.95325]},"properties":{"id":"CETESB (SP):CETESB-AC-4161","orgao":"CETESB (SP)","uf":"SP","ano":2012,"categoria":"embargo","tipo":"Controle Ambiental de Área Contaminada — Área Contaminada em Processo de Remediação (ACRe)","empresa":"MRS LOGÍSTICA S/A","municipio":"Santos","porte":null,"valor":null,"processo":"CETESB-AC-4161","link_oficial":"https://e.ambiente.sp.gov.br/atendimento/consulta/processo?numero=CETESB-AC-4161","resumo":"CETESB · Área Contaminada em Processo de Remediação (ACRe) · MRS LOGÍSTICA S/A · Santos/SP · Transporte ferroviário de cargas, intermunicipal e · Impacto: Águas","aprox":true}},{"type":"Feature","geometry":{"type":"Point","coordinates":[-46.57589,-23.62738]},"properties":{"id":"CETESB (SP):CETESB-AC-4162","orgao":"CETESB (SP)","uf":"SP","ano":2026,"categoria":"embargo","tipo":"Controle Ambiental de Área Contaminada — Área Contaminada com Risco Confirmado (ACRi)","empresa":"ESPAÇO CERAMICA AUTO POSTO LTDA","municipio":"São Caetano Do Sul","porte":null,"valor":null,"processo":"CETESB-AC-4162","link_oficial":"https://e.ambiente.sp.gov.br/atendimento/consulta/processo?numero=CETESB-AC-4162","resumo":"CETESB · Área Contaminada com Risco Confirmado (ACRi) · ESPAÇO CERAMICA AUTO POSTO LTDA · São Caetano Do Sul/SP · Combustíveis e lubrificantes para veículos; co","aprox":true}},{"type":"Feature","geometry":{"type":"Point","coordinates":[-49.19611,-20.79142]},"properties":{"id":"CETESB (SP):CETESB-AC-4164","orgao":"CETESB (SP)","uf":"SP","ano":2011,"categoria":"embargo","tipo":"Controle Ambiental de Área Contaminada — Área Contaminada com Risco Confirmado (ACRi)","empresa":"NOROESTE AGROINDUSTRIAL S/A","municipio":"Guapiaçu","porte":null,"valor":null,"processo":"CETESB-AC-4164","link_oficial":"https://e.ambiente.sp.gov.br/atendimento/consulta/processo?numero=CETESB-AC-4164","resumo":"CETESB · Área Contaminada com Risco Confirmado (ACRi) · NOROESTE AGROINDUSTRIAL S/A · Guapiaçu/SP · Agricultura, pecuária e serviços relacionados · Impacto: Águ","aprox":true}},{"type":"Feature","geometry":{"type":"Point","coordinates":[-46.56705,-23.69041]},"properties":{"id":"CETESB (SP):CETESB-AC-4165","orgao":"CETESB (SP)","uf":"SP","ano":2026,"categoria":"embargo","tipo":"Controle Ambiental de Área Contaminada — Área Contaminada com Risco Confirmado (ACRi)","empresa":"TRANSPORTES BORGO S/A","municipio":"São Bernardo Do Campo","porte":null,"valor":null,"processo":"CETESB-AC-4165","link_oficial":"https://e.ambiente.sp.gov.br/atendimento/consulta/processo?numero=CETESB-AC-4165","resumo":"CETESB · Área Contaminada com Risco Confirmado (ACRi) · TRANSPORTES BORGO S/A · São Bernardo Do Campo/SP · TRANSPORTE DE PRODUTOS QUÍMICOS · Impacto: Águas Subt","aprox":true}},{"type":"Feature","geometry":{"type":"Point","coordinates":[-47.43785,-23.49728]},"properties":{"id":"CETESB (SP):CETESB-AC-4166","orgao":"CETESB (SP)","uf":"SP","ano":2025,"categoria":"embargo","tipo":"Controle Ambiental de Área Contaminada — Área Contaminada com Risco Confirmado (ACRi)","empresa":"CLARIOS ENERGY SOLUTIONS BRASIL LTDA - TRATAMENTO DE EFLUENTES","municipio":"Sorocaba","porte":null,"valor":null,"processo":"CETESB-AC-4166","link_oficial":"https://e.ambiente.sp.gov.br/atendimento/consulta/processo?numero=CETESB-AC-4166","resumo":"CETESB · Área Contaminada com Risco Confirmado (ACRi) · CLARIOS ENERGY SOLUTIONS BRASIL LTDA - TRATAMENTO DE EFLUENTES · Sorocaba/SP · Baterias e acumuladores p","aprox":true}},{"type":"Feature","geometry":{"type":"Point","coordinates":[-47.13753,-22.76019]},"properties":{"id":"CETESB (SP):CETESB-AC-4197","orgao":"CETESB (SP)","uf":"SP","ano":2007,"categoria":"embargo","tipo":"Controle Ambiental de Área Contaminada — Área Contaminada sob Investigação (ACI)","empresa":"INDÚSTRIA DE ISOLANTES TÉRMICOS CALORISOL LTDA","municipio":"Paulínia","porte":null,"valor":null,"processo":"CETESB-AC-4197","link_oficial":"https://e.ambiente.sp.gov.br/atendimento/consulta/processo?numero=CETESB-AC-4197","resumo":"CETESB · Área Contaminada sob Investigação (ACI) · INDÚSTRIA DE ISOLANTES TÉRMICOS CALORISOL LTDA · Paulínia/SP · Outros produtos de minerais não-metálicos não ","aprox":true}},{"type":"Feature","geometry":{"type":"Point","coordinates":[-47.42948,-22.75556]},"properties":{"id":"CETESB (SP):CETESB-AC-4199","orgao":"CETESB (SP)","uf":"SP","ano":2025,"categoria":"embargo","tipo":"Controle Ambiental de Área Contaminada — Área Contaminada em Processo de Remediação (ACRe)","empresa":"AUTO POSTO AVENIDA DA INDÚSTRIA LTDA","municipio":"Santa Bárbara D´Oeste","porte":null,"valor":null,"processo":"CETESB-AC-4199","link_oficial":"https://e.ambiente.sp.gov.br/atendimento/consulta/processo?numero=CETESB-AC-4199","resumo":"CETESB · Área Contaminada em Processo de Remediação (ACRe) · AUTO POSTO AVENIDA DA INDÚSTRIA LTDA · Santa Bárbara D´Oeste/SP · Posto de abastecimento de veículo","aprox":true}},{"type":"Feature","geometry":{"type":"Point","coordinates":[-48.36429,-21.59415]},"properties":{"id":"CETESB (SP):CETESB-AC-4270","orgao":"CETESB (SP)","uf":"SP","ano":2023,"categoria":"embargo","tipo":"Controle Ambiental de Área Contaminada — Área Contaminada em Processo de Remediação (ACRe)","empresa":"POSTO DE SERVIÇOS UNIÃO MATÃO LTDA","municipio":"Matão","porte":null,"valor":null,"processo":"CETESB-AC-4270","link_oficial":"https://e.ambiente.sp.gov.br/atendimento/consulta/processo?numero=CETESB-AC-4270","resumo":"CETESB · Área Contaminada em Processo de Remediação (ACRe) · POSTO DE SERVIÇOS UNIÃO MATÃO LTDA · Matão/SP · Combustíveis e lubrificantes para veículos; comérc","aprox":true}},{"type":"Feature","geometry":{"type":"Point","coordinates":[-48.97702,-21.13184]},"properties":{"id":"CETESB (SP):CETESB-AC-4478","orgao":"CETESB (SP)","uf":"SP","ano":2004,"categoria":"embargo","tipo":"Controle Ambiental de Área Contaminada — Área Contaminada com Risco Confirmado (ACRi)","empresa":"AUTO POSTO MARINA DE CATANDUVA LTDA.","municipio":"Catanduva","porte":null,"valor":null,"processo":"CETESB-AC-4478","link_oficial":"https://e.ambiente.sp.gov.br/atendimento/consulta/processo?numero=CETESB-AC-4478","resumo":"CETESB · Área Contaminada com Risco Confirmado (ACRi) · AUTO POSTO MARINA DE CATANDUVA LTDA. · Catanduva/SP · Impacto: Águas Subterrâneas","aprox":true}},{"type":"Feature","geometry":{"type":"Point","coordinates":[-47.1488,-22.7542]},"properties":{"id":"CETESB (SP):CETESB-AC-4516","orgao":"CETESB (SP)","uf":"SP","ano":2025,"categoria":"embargo","tipo":"Controle Ambiental de Área Contaminada — Área Contaminada em Processo de Remediação (ACRe)","empresa":"RHODIA POLIAMIDA E ESPECIALIDADES S.A.","municipio":"Paulínia","porte":null,"valor":null,"processo":"CETESB-AC-4516","link_oficial":"https://e.ambiente.sp.gov.br/atendimento/consulta/processo?numero=CETESB-AC-4516","resumo":"CETESB · Área Contaminada em Processo de Remediação (ACRe) · RHODIA POLIAMIDA E ESPECIALIDADES S.A. · Paulínia/SP · Fenóis; fenóis-álcoois e seus derivados; fab","aprox":true}},{"type":"Feature","geometry":{"type":"Point","coordinates":[-49.07426,-22.31131]},"properties":{"id":"CETESB (SP):CETESB-AC-4284","orgao":"CETESB (SP)","uf":"SP","ano":2002,"categoria":"embargo","tipo":"Controle Ambiental de Área Contaminada — Área Contaminada em Processo de Remediação (ACRe)","empresa":"ACUMULADORES AJAX LTDA","municipio":"Bauru","porte":null,"valor":null,"processo":"CETESB-AC-4284","link_oficial":"https://e.ambiente.sp.gov.br/atendimento/consulta/processo?numero=CETESB-AC-4284","resumo":"CETESB · Área Contaminada em Processo de Remediação (ACRe) · ACUMULADORES AJAX LTDA · Bauru/SP · Serralheria (exceto esquadrias) · Impacto: Subsolo","aprox":true}},{"type":"Feature","geometry":{"type":"Point","coordinates":[-47.75761,-23.1583]},"properties":{"id":"CETESB (SP):CETESB-AC-4286","orgao":"CETESB (SP)","uf":"SP","ano":2002,"categoria":"embargo","tipo":"Controle Ambiental de Área Contaminada — Área Contaminada em Processo de Remediação (ACRe)","empresa":"FERROVIAS BANDEIRANTES S/A (FERROBAN)","municipio":"Cerquilho","porte":null,"valor":null,"processo":"CETESB-AC-4286","link_oficial":"https://e.ambiente.sp.gov.br/atendimento/consulta/processo?numero=CETESB-AC-4286","resumo":"CETESB · Área Contaminada em Processo de Remediação (ACRe) · FERROVIAS BANDEIRANTES S/A (FERROBAN) · Cerquilho/SP · Impacto: Águas Subterrâneas/Subsolo (DENTRO)","aprox":true}},{"type":"Feature","geometry":{"type":"Point","coordinates":[-46.6296,-23.55005]},"properties":{"id":"CETESB (SP):CETESB-AC-4291","orgao":"CETESB (SP)","uf":"SP","ano":2006,"categoria":"embargo","tipo":"Controle Ambiental de Área Contaminada — Área Contaminada sob Investigação (ACI)","empresa":"POSTO DE SERVIÇOS H3O LTDA.","municipio":"São Paulo","porte":null,"valor":null,"processo":"CETESB-AC-4291","link_oficial":"https://e.ambiente.sp.gov.br/atendimento/consulta/processo?numero=CETESB-AC-4291","resumo":"CETESB · Área Contaminada sob Investigação (ACI) · POSTO DE SERVIÇOS H3O LTDA. · São Paulo/SP · Impacto: Águas Subterrâneas","aprox":true}},{"type":"Feature","geometry":{"type":"Point","coordinates":[-46.66088,-23.53706]},"properties":{"id":"CETESB (SP):CETESB-AC-4310","orgao":"CETESB (SP)","uf":"SP","ano":2005,"categoria":"embargo","tipo":"Controle Ambiental de Área Contaminada — Área Contaminada com Risco Confirmado (ACRi)","empresa":"SOFIMA S/A","municipio":"São Paulo","porte":null,"valor":null,"processo":"CETESB-AC-4310","link_oficial":"https://e.ambiente.sp.gov.br/atendimento/consulta/processo?numero=CETESB-AC-4310","resumo":"CETESB · Área Contaminada com Risco Confirmado (ACRi) · SOFIMA S/A · São Paulo/SP · INDÚSTRIA METALÚRGICA · Impacto: Solo Superficial/Águas Subterrâneas (DENTRO","aprox":true}},{"type":"Feature","geometry":{"type":"Point","coordinates":[-46.65476,-23.52098]},"properties":{"id":"CETESB (SP):CETESB-AC-4556","orgao":"CETESB (SP)","uf":"SP","ano":2011,"categoria":"embargo","tipo":"Controle Ambiental de Área Contaminada — Área Contaminada em Processo de Remediação (ACRe)","empresa":"AUTO POSTO MUPIRA LTDA","municipio":"São Paulo","porte":null,"valor":null,"processo":"CETESB-AC-4556","link_oficial":"https://e.ambiente.sp.gov.br/atendimento/consulta/processo?numero=CETESB-AC-4556","resumo":"CETESB · Área Contaminada em Processo de Remediação (ACRe) · AUTO POSTO MUPIRA LTDA · São Paulo/SP · Combustíveis e lubrificantes para veículos; comérc · Impact","aprox":true}},{"type":"Feature","geometry":{"type":"Point","coordinates":[-54.72329,-1.95936]},"properties":{"id":"SEMAS (PA):2011/0000010904","orgao":"SEMAS (PA)","uf":"PA","ano":2007,"categoria":"auto_infracao","tipo":"infracao","empresa":"A. A DE SOUSA COMÉRCIO –ME","municipio":"Alenquer","processo":"2011/0000010904","link_oficial":"http://monitoramento.semas.pa.gov.br/simlam/VisualizarProcesso.aspx?UrlRetorno=ListarProcessos.aspx&id=5638","resumo":"infracao","aprox":true}},{"type":"Feature","geometry":{"type":"Point","coordinates":[-55.38097,-7.15846]},"properties":{"id":"SEMAS (PA):2012/0000032858","orgao":"SEMAS (PA)","uf":"PA","ano":2001,"categoria":"auto_infracao","tipo":"infracao","empresa":"A A TEIXEIRA - ME","municipio":"Novo Progresso","processo":"2012/0000032858","link_oficial":"http://monitoramento.semas.pa.gov.br/simlam/VisualizarProcesso.aspx?UrlRetorno=ListarProcessos.aspx&id=67320","resumo":"infracao","aprox":true}},{"type":"Feature","geometry":{"type":"Point","coordinates":[-55.38505,-7.14569]},"properties":{"id":"SEMAS (PA):2012/0000033092","orgao":"SEMAS (PA)","uf":"PA","ano":2001,"categoria":"auto_infracao","tipo":"infracao","empresa":"A A TEIXEIRA - ME","municipio":"Novo Progresso","processo":"2012/0000033092","link_oficial":"http://monitoramento.semas.pa.gov.br/simlam/VisualizarProcesso.aspx?UrlRetorno=ListarProcessos.aspx&id=72952","resumo":"infracao","aprox":true}},{"type":"Feature","geometry":{"type":"Point","coordinates":[-55.37184,-7.12674]},"properties":{"id":"SEMAS (PA):2012/0000033101","orgao":"SEMAS (PA)","uf":"PA","ano":2001,"categoria":"auto_infracao","tipo":"infracao","empresa":"A A TEIXEIRA - ME","municipio":"Novo Progresso","processo":"2012/0000033101","link_oficial":"http://monitoramento.semas.pa.gov.br/simlam/VisualizarProcesso.aspx?UrlRetorno=ListarProcessos.aspx&id=72984","resumo":"infracao","aprox":true}},{"type":"Feature","geometry":{"type":"Point","coordinates":[-49.09353,-3.84256]},"properties":{"id":"SEMAS (PA):2017/0000024538","orgao":"SEMAS (PA)","uf":"PA","ano":null,"categoria":"auto_infracao","tipo":"infracao","empresa":"A ANTUNES PEREIRA EIRELI","municipio":"Goianésia do Pará","processo":"2017/0000024538","link_oficial":"http://monitoramento.semas.pa.gov.br/simlam/VisualizarProcesso.aspx?UrlRetorno=ListarProcessos.aspx&id=111724","resumo":"infracao","aprox":true}},{"type":"Feature","geometry":{"type":"Point","coordinates":[-49.10007,-3.83407]},"properties":{"id":"SEMAS (PA):2019/0000020765","orgao":"SEMAS (PA)","uf":"PA","ano":null,"categoria":"auto_infracao","tipo":"infracao","empresa":"A ANTUNES PEREIRA EIRELI","municipio":"Goianésia do Pará","processo":"2019/0000020765","link_oficial":"http://monitoramento.semas.pa.gov.br/simlam/VisualizarProcesso.aspx?UrlRetorno=ListarProcessos.aspx&id=117023","resumo":"infracao","aprox":true}},{"type":"Feature","geometry":{"type":"Point","coordinates":[-49.09855,-3.83688]},"properties":{"id":"SEMAS (PA):2019/0000020767","orgao":"SEMAS (PA)","uf":"PA","ano":null,"categoria":"auto_infracao","tipo":"infracao","empresa":"A ANTUNES PEREIRA EIRELI","municipio":"Goianésia do Pará","processo":"2019/0000020767","link_oficial":"http://monitoramento.semas.pa.gov.br/simlam/VisualizarProcesso.aspx?UrlRetorno=ListarProcessos.aspx&id=132499","resumo":"infracao","aprox":true}},{"type":"Feature","geometry":{"type":"Point","coordinates":[-46.7881,-1.05968]},"properties":{"id":"SEMAS (PA):2017/0000020295","orgao":"SEMAS (PA)","uf":"PA","ano":null,"categoria":"auto_infracao","tipo":"infracao","empresa":"A. B. CACERES - EPP - Posto Bacuriteua","municipio":"Bragança","processo":"2017/0000020295","link_oficial":"http://monitoramento.semas.pa.gov.br/simlam/VisualizarProcesso.aspx?UrlRetorno=ListarProcessos.aspx&id=75482","resumo":"infracao","aprox":true}},{"type":"Feature","geometry":{"type":"Point","coordinates":[-49.13203,-4.45833]},"properties":{"id":"SEMAS (PA):2011/0000023217","orgao":"SEMAS (PA)","uf":"PA","ano":2001,"categoria":"auto_infracao","tipo":"infracao","empresa":"A B RAMOS-EPP","municipio":"Jacundá","processo":"2011/0000023217","link_oficial":"http://monitoramento.semas.pa.gov.br/simlam/VisualizarProcesso.aspx?UrlRetorno=ListarProcessos.aspx&id=9800","resumo":"infracao","aprox":true}},{"type":"Feature","geometry":{"type":"Point","coordinates":[-49.0999,-4.44617]},"properties":{"id":"SEMAS (PA):2011/0000023251","orgao":"SEMAS (PA)","uf":"PA","ano":2001,"categoria":"auto_infracao","tipo":"infracao","empresa":"A B RAMOS-EPP","municipio":"Jacundá","processo":"2011/0000023251","link_oficial":"http://monitoramento.semas.pa.gov.br/simlam/VisualizarProcesso.aspx?UrlRetorno=ListarProcessos.aspx&id=60163","resumo":"infracao","aprox":true}},{"type":"Feature","geometry":{"type":"Point","coordinates":[-49.11229,-4.45444]},"properties":{"id":"SEMAS (PA):2011/0000023250","orgao":"SEMAS (PA)","uf":"PA","ano":2001,"categoria":"auto_infracao","tipo":"infracao","empresa":"A B RAMOS-EPP","municipio":"Jacundá","processo":"2011/0000023250","link_oficial":"http://monitoramento.semas.pa.gov.br/simlam/VisualizarProcesso.aspx?UrlRetorno=ListarProcessos.aspx&id=60171","resumo":"infracao","aprox":true}},{"type":"Feature","geometry":{"type":"Point","coordinates":[-49.11696,-4.45048]},"properties":{"id":"SEMAS (PA):2011/0000023214","orgao":"SEMAS (PA)","uf":"PA","ano":2001,"categoria":"auto_infracao","tipo":"infracao","empresa":"A B RAMOS-EPP","municipio":"Jacundá","processo":"2011/0000023214","link_oficial":"http://monitoramento.semas.pa.gov.br/simlam/VisualizarProcesso.aspx?UrlRetorno=ListarProcessos.aspx&id=60170","resumo":"infracao","aprox":true}},{"type":"Feature","geometry":{"type":"Point","coordinates":[-49.1121,-4.45091]},"properties":{"id":"SEMAS (PA):2012/0000022264","orgao":"SEMAS (PA)","uf":"PA","ano":2001,"categoria":"auto_infracao","tipo":"infracao","empresa":"A B RAMOS-EPP","municipio":"Jacundá","processo":"2012/0000022264","link_oficial":"http://monitoramento.semas.pa.gov.br/simlam/VisualizarProcesso.aspx?UrlRetorno=ListarProcessos.aspx&id=60161","resumo":"infracao","aprox":true}},{"type":"Feature","geometry":{"type":"Point","coordinates":[-55.38008,-7.13863]},"properties":{"id":"SEMAS (PA):2015/0000006850","orgao":"SEMAS (PA)","uf":"PA","ano":null,"categoria":"auto_infracao","tipo":"infracao","empresa":"A. C. AMIN - ME","municipio":"Novo Progresso","processo":"2015/0000006850","link_oficial":"http://monitoramento.semas.pa.gov.br/simlam/VisualizarProcesso.aspx?UrlRetorno=ListarProcessos.aspx&id=80743","resumo":"infracao","aprox":true}},{"type":"Feature","geometry":{"type":"Point","coordinates":[-55.36655,-7.14452]},"properties":{"id":"SEMAS (PA):2015/0000008550","orgao":"SEMAS (PA)","uf":"PA","ano":null,"categoria":"auto_infracao","tipo":"infracao","empresa":"A. C. AMIN - ME","municipio":"Novo Progresso","processo":"2015/0000008550","link_oficial":"http://monitoramento.semas.pa.gov.br/simlam/VisualizarProcesso.aspx?UrlRetorno=ListarProcessos.aspx&id=97838","resumo":"infracao","aprox":true}},{"type":"Feature","geometry":{"type":"Point","coordinates":[-55.37955,-7.14439]},"properties":{"id":"SEMAS (PA):2015/0000008554","orgao":"SEMAS (PA)","uf":"PA","ano":null,"categoria":"auto_infracao","tipo":"infracao","empresa":"A. C. AMIN - ME","municipio":"Novo Progresso","processo":"2015/0000008554","link_oficial":"http://monitoramento.semas.pa.gov.br/simlam/VisualizarProcesso.aspx?UrlRetorno=ListarProcessos.aspx&id=98180","resumo":"infracao","aprox":true}},{"type":"Feature","geometry":{"type":"Point","coordinates":[-55.3786,-7.16107]},"properties":{"id":"SEMAS (PA):2017/0000008369","orgao":"SEMAS (PA)","uf":"PA","ano":null,"categoria":"auto_infracao","tipo":"infracao","empresa":"A. C. AMIN - ME","municipio":"Novo Progresso","processo":"2017/0000008369","link_oficial":"http://monitoramento.semas.pa.gov.br/simlam/VisualizarProcesso.aspx?UrlRetorno=ListarProcessos.aspx&id=98182","resumo":"infracao","aprox":true}},{"type":"Feature","geometry":{"type":"Point","coordinates":[-48.89395,-1.71377]},"properties":{"id":"SEMAS (PA):2015/0000005916","orgao":"SEMAS (PA)","uf":"PA","ano":null,"categoria":"auto_infracao","tipo":"infracao","empresa":"A. C. Amorim e CIA LTDA - ME","municipio":"Abaetetuba","processo":"2015/0000005916","link_oficial":"http://monitoramento.semas.pa.gov.br/simlam/VisualizarProcesso.aspx?UrlRetorno=ListarProcessos.aspx&id=40217","resumo":"infracao","aprox":true}},{"type":"Feature","geometry":{"type":"Point","coordinates":[-48.88331,-1.70943]},"properties":{"id":"SEMAS (PA):2015/0000005918","orgao":"SEMAS (PA)","uf":"PA","ano":null,"categoria":"auto_infracao","tipo":"infracao","empresa":"A. C. Amorim e CIA LTDA - ME","municipio":"Abaetetuba","processo":"2015/0000005918","link_oficial":"http://monitoramento.semas.pa.gov.br/simlam/VisualizarProcesso.aspx?UrlRetorno=ListarProcessos.aspx&id=97677","resumo":"infracao","aprox":true}},{"type":"Feature","geometry":{"type":"Point","coordinates":[-47.11942,-1.54156]},"properties":{"id":"SEMAS (PA):2013/0000031086","orgao":"SEMAS (PA)","uf":"PA","ano":null,"categoria":"auto_infracao","tipo":"infracao","empresa":"A. C. ARNOUR DE JESUS - ME","municipio":"Ourém","processo":"2013/0000031086","link_oficial":"http://monitoramento.semas.pa.gov.br/simlam/VisualizarProcesso.aspx?UrlRetorno=ListarProcessos.aspx&id=83759","resumo":"infracao","aprox":true}},{"type":"Feature","geometry":{"type":"Point","coordinates":[-47.10091,-1.53855]},"properties":{"id":"SEMAS (PA):2014/0000027465","orgao":"SEMAS (PA)","uf":"PA","ano":null,"categoria":"auto_infracao","tipo":"infracao","empresa":"A. C. ARNOUR DE JESUS - ME","municipio":"Ourém","processo":"2014/0000027465","link_oficial":"http://monitoramento.semas.pa.gov.br/simlam/VisualizarProcesso.aspx?UrlRetorno=ListarProcessos.aspx&id=82997","resumo":"infracao","aprox":true}},{"type":"Feature","geometry":{"type":"Point","coordinates":[-47.10053,-1.52827]},"properties":{"id":"SEMAS (PA):2014/0000027470","orgao":"SEMAS (PA)","uf":"PA","ano":null,"categoria":"auto_infracao","tipo":"infracao","empresa":"A. C. ARNOUR DE JESUS - ME","municipio":"Ourém","processo":"2014/0000027470","link_oficial":"http://monitoramento.semas.pa.gov.br/simlam/VisualizarProcesso.aspx?UrlRetorno=ListarProcessos.aspx&id=93273","resumo":"infracao","aprox":true}},{"type":"Feature","geometry":{"type":"Point","coordinates":[-56.08871,-2.16194]},"properties":{"id":"SEMAS (PA):2007/0000264089","orgao":"SEMAS (PA)","uf":"PA","ano":2007,"categoria":"auto_infracao","tipo":"infracao","empresa":"A C BENTES ANDRADE","municipio":"Juruti","processo":"2007/0000264089","link_oficial":"http://monitoramento.semas.pa.gov.br/simlam/VisualizarProcesso.aspx?UrlRetorno=ListarProcessos.aspx&id=7729","resumo":"infracao","aprox":true}},{"type":"Feature","geometry":{"type":"Point","coordinates":[-56.08921,-2.18129]},"properties":{"id":"SEMAS (PA):2011/0000024402","orgao":"SEMAS (PA)","uf":"PA","ano":2007,"categoria":"auto_infracao","tipo":"infracao","empresa":"A C BENTES ANDRADE","municipio":"Juruti","processo":"2011/0000024402","link_oficial":"http://monitoramento.semas.pa.gov.br/simlam/VisualizarProcesso.aspx?UrlRetorno=ListarProcessos.aspx&id=4344","resumo":"infracao","aprox":true}},{"type":"Feature","geometry":{"type":"Point","coordinates":[-49.10478,-3.83946]},"properties":{"id":"SEMAS (PA):2007/0000252307","orgao":"SEMAS (PA)","uf":"PA","ano":2007,"categoria":"auto_infracao","tipo":"infracao","empresa":"A C DE ARAÚJO NETO CARVOARIA","municipio":"Goianésia do Pará","processo":"2007/0000252307","link_oficial":"http://monitoramento.semas.pa.gov.br/simlam/VisualizarProcesso.aspx?UrlRetorno=ListarProcessos.aspx&id=5225","resumo":"infracao","aprox":true}},{"type":"Feature","geometry":{"type":"Point","coordinates":[-47.47339,-1.62432]},"properties":{"id":"SEMAS (PA):2009/0000023312","orgao":"SEMAS (PA)","uf":"PA","ano":2007,"categoria":"auto_infracao","tipo":"infracao","empresa":"A C GUERREIRO DE SOUSA - ME","municipio":"São Miguel do Guamá","processo":"2009/0000023312","link_oficial":"http://monitoramento.semas.pa.gov.br/simlam/VisualizarProcesso.aspx?UrlRetorno=ListarProcessos.aspx&id=33689","resumo":"Fabricação de artefatos de cerâmica ou barro cozido para uso na construção civil - exceto azulejos e pisos","aprox":true}},{"type":"Feature","geometry":{"type":"Point","coordinates":[-48.38541,-1.34969]},"properties":{"id":"SEMAS (PA):2018/0000023681","orgao":"SEMAS (PA)","uf":"PA","ano":null,"categoria":"auto_infracao","tipo":"infracao","empresa":"A C M SILVA TRANSPORTES LTDA.","municipio":"Ananindeua","processo":"2018/0000023681","link_oficial":"http://monitoramento.semas.pa.gov.br/simlam/VisualizarProcesso.aspx?UrlRetorno=ListarProcessos.aspx&id=119987","resumo":"infracao","aprox":true}},{"type":"Feature","geometry":{"type":"Point","coordinates":[-48.49218,-1.46659]},"properties":{"id":"SEMAS (PA):2012/0000018444","orgao":"SEMAS (PA)","uf":"PA","ano":null,"categoria":"auto_infracao","tipo":"infracao","empresa":"A C SOLUÇÃO AMBIENTAL LTDA","municipio":"Belém","processo":"2012/0000018444","link_oficial":"http://monitoramento.semas.pa.gov.br/simlam/VisualizarProcesso.aspx?UrlRetorno=ListarProcessos.aspx&id=55291","resumo":"infracao","aprox":true}},{"type":"Feature","geometry":{"type":"Point","coordinates":[-48.14001,-2.41172]},"properties":{"id":"SEMAS (PA):2013/0000037019","orgao":"SEMAS (PA)","uf":"PA","ano":2006,"categoria":"auto_infracao","tipo":"infracao","empresa":"A C VAZ CARVÃO VEGETAL ME","municipio":"Tomé-Açu","processo":"2013/0000037019","link_oficial":"http://monitoramento.semas.pa.gov.br/simlam/VisualizarProcesso.aspx?UrlRetorno=ListarProcessos.aspx&id=74198","resumo":"Produção de carvão vegetal","aprox":true}},{"type":"Feature","geometry":{"type":"Point","coordinates":[-48.13649,-2.42427]},"properties":{"id":"SEMAS (PA):2014/0000021542","orgao":"SEMAS (PA)","uf":"PA","ano":2006,"categoria":"auto_infracao","tipo":"infracao","empresa":"A C VAZ CARVÃO VEGETAL ME","municipio":"Tomé-Açu","processo":"2014/0000021542","link_oficial":"http://monitoramento.semas.pa.gov.br/simlam/VisualizarProcesso.aspx?UrlRetorno=ListarProcessos.aspx&id=84559","resumo":"Produção de carvão vegetal","aprox":true}},{"type":"Feature","geometry":{"type":"Point","coordinates":[-48.13732,-2.40405]},"properties":{"id":"SEMAS (PA):2014/0000021548","orgao":"SEMAS (PA)","uf":"PA","ano":2006,"categoria":"auto_infracao","tipo":"infracao","empresa":"A C VAZ CARVÃO VEGETAL ME","municipio":"Tomé-Açu","processo":"2014/0000021548","link_oficial":"http://monitoramento.semas.pa.gov.br/simlam/VisualizarProcesso.aspx?UrlRetorno=ListarProcessos.aspx&id=91533","resumo":"Produção de carvão vegetal","aprox":true}},{"type":"Feature","geometry":{"type":"Point","coordinates":[-49.09702,-3.86516]},"properties":{"id":"SEMAS (PA):2007/0000270282","orgao":"SEMAS (PA)","uf":"PA","ano":2007,"categoria":"auto_infracao","tipo":"infracao","empresa":"A D A DE LIMA CARVOARIA","municipio":"Goianésia do Pará","processo":"2007/0000270282","link_oficial":"http://monitoramento.semas.pa.gov.br/simlam/VisualizarProcesso.aspx?UrlRetorno=ListarProcessos.aspx&id=1620","resumo":"infracao","aprox":true}},{"type":"Feature","geometry":{"type":"Point","coordinates":[-54.695,-2.41855]},"properties":{"id":"SEMAS (PA):2007/0000114560","orgao":"SEMAS (PA)","uf":"PA","ano":1994,"categoria":"auto_infracao","tipo":"infracao","empresa":"A DE FREITAS COMERCIO - ME","municipio":"Santarém","processo":"2007/0000114560","link_oficial":"http://monitoramento.semas.pa.gov.br/simlam/VisualizarProcesso.aspx?UrlRetorno=ListarProcessos.aspx&id=9280","resumo":"Serrarias com desdobramento de madeira","aprox":true}},{"type":"Feature","geometry":{"type":"Point","coordinates":[-54.70526,-2.45492]},"properties":{"id":"SEMAS (PA):2010/0000007580","orgao":"SEMAS (PA)","uf":"PA","ano":1994,"categoria":"auto_infracao","tipo":"infracao","empresa":"A DE FREITAS COMERCIO - ME","municipio":"Santarém","processo":"2010/0000007580","link_oficial":"http://monitoramento.semas.pa.gov.br/simlam/VisualizarProcesso.aspx?UrlRetorno=ListarProcessos.aspx&id=17482","resumo":"Serrarias com desdobramento de madeira","aprox":true}},{"type":"Feature","geometry":{"type":"Point","coordinates":[-54.71677,-2.43577]},"properties":{"id":"SEMAS (PA):2014/0000017024","orgao":"SEMAS (PA)","uf":"PA","ano":1994,"categoria":"auto_infracao","tipo":"infracao","empresa":"A DE FREITAS COMERCIO - ME","municipio":"Santarém","processo":"2014/0000017024","link_oficial":"http://monitoramento.semas.pa.gov.br/simlam/VisualizarProcesso.aspx?UrlRetorno=ListarProcessos.aspx&id=81019","resumo":"Serrarias com desdobramento de madeira","aprox":true}},{"type":"Feature","geometry":{"type":"Point","coordinates":[-48.14723,-2.42588]},"properties":{"id":"SEMAS (PA):2014/0000041944","orgao":"SEMAS (PA)","uf":"PA","ano":null,"categoria":"auto_infracao","tipo":"infracao","empresa":"A DE J DOS ANJOS REIS","municipio":"Tomé-Açu","processo":"2014/0000041944","link_oficial":"http://monitoramento.semas.pa.gov.br/simlam/VisualizarProcesso.aspx?UrlRetorno=ListarProcessos.aspx&id=61527","resumo":"infracao","aprox":true}},{"type":"Feature","geometry":{"type":"Point","coordinates":[-48.14255,-2.40097]},"properties":{"id":"SEMAS (PA):2014/0000041945","orgao":"SEMAS (PA)","uf":"PA","ano":null,"categoria":"auto_infracao","tipo":"infracao","empresa":"A DE J DOS ANJOS REIS","municipio":"Tomé-Açu","processo":"2014/0000041945","link_oficial":"http://monitoramento.semas.pa.gov.br/simlam/VisualizarProcesso.aspx?UrlRetorno=ListarProcessos.aspx&id=96433","resumo":"infracao","aprox":true}},{"type":"Feature","geometry":{"type":"Point","coordinates":[-48.14055,-2.4121]},"properties":{"id":"SEMAS (PA):2015/0000003082","orgao":"SEMAS (PA)","uf":"PA","ano":null,"categoria":"auto_infracao","tipo":"infracao","empresa":"A DE J DOS ANJOS REIS","municipio":"Tomé-Açu","processo":"2015/0000003082","link_oficial":"http://monitoramento.semas.pa.gov.br/simlam/VisualizarProcesso.aspx?UrlRetorno=ListarProcessos.aspx&id=96434","resumo":"infracao","aprox":true}},{"type":"Feature","geometry":{"type":"Point","coordinates":[-55.83708,-1.76171]},"properties":{"id":"SEMAS (PA):2009/0000033666","orgao":"SEMAS (PA)","uf":"PA","ano":2007,"categoria":"auto_infracao","tipo":"infracao","empresa":"A DE OLIVEIRA GEMAQUE","municipio":"Oriximiná","processo":"2009/0000033666","link_oficial":"http://monitoramento.semas.pa.gov.br/simlam/VisualizarProcesso.aspx?UrlRetorno=ListarProcessos.aspx&id=7576","resumo":"infracao","aprox":true}}]}