{"type":"FeatureCollection","features":[{"type":"Feature","geometry":{"type":"Point","coordinates":[-45.24629,-19.33604]},"properties":{"id":"ANA:02501.000251/2017","orgao":"ANA","uf":"MG","ano":2017,"categoria":"outorga","tipo":"Atos Ambientais","empresa":"Fazenda San Francesco Della Vigna","municipio":"MARTINHO CAMPOS","processo":"02501.000251/2017","link_oficial":"https://www.snirh.gov.br/cnarh/consulta/processo?numero=02501.000251/2017","resumo":"Atos Ambientais","aprox":true}},{"type":"Feature","geometry":{"type":"Point","coordinates":[-40.77761,-17.69588]},"properties":{"id":"ANA:s/n","orgao":"ANA","uf":"MG","ano":2011,"categoria":"outorga","tipo":"Atos Ambientais","empresa":"COPASA Carlos Chagas","municipio":"CARLOS CHAGAS","processo":"s/n","link_oficial":null,"resumo":"Atos Ambientais","aprox":true}},{"type":"Feature","geometry":{"type":"Point","coordinates":[-55.71697,-12.54315]},"properties":{"id":"ANA:s/n","orgao":"ANA","uf":"MT","ano":2015,"categoria":"outorga","tipo":"Atos Ambientais","empresa":"Fazenda Barreiro","municipio":"SORRISO","processo":"s/n","link_oficial":null,"resumo":"Atos Ambientais","aprox":true}},{"type":"Feature","geometry":{"type":"Point","coordinates":[-40.974,-9.16408]},"properties":{"id":"ANA:s/n","orgao":"ANA","uf":"BA","ano":2017,"categoria":"outorga","tipo":"Atos Ambientais","empresa":"SITIO BAIXA DA SERRA","municipio":"CASA NOVA","processo":"s/n","link_oficial":null,"resumo":"Atos Ambientais","aprox":true}},{"type":"Feature","geometry":{"type":"Point","coordinates":[-36.85254,-10.20273]},"properties":{"id":"ANA:s/n","orgao":"ANA","uf":"SE","ano":2017,"categoria":"outorga","tipo":"Atos Ambientais","empresa":"Projeto Propriá","municipio":"PROPRIÁ","processo":"s/n","link_oficial":null,"resumo":"Atos Ambientais","aprox":true}},{"type":"Feature","geometry":{"type":"Point","coordinates":[-40.19226,-16.54672]},"properties":{"id":"ANA:s/n","orgao":"ANA","uf":"MG","ano":2013,"categoria":"outorga","tipo":"Atos Ambientais","empresa":"Não Informado","municipio":"SANTO ANTÔNIO DO JACINTO","processo":"s/n","link_oficial":null,"resumo":"Atos Ambientais","aprox":true}},{"type":"Feature","geometry":{"type":"Point","coordinates":[-48.22027,-21.01369]},"properties":{"id":"ANA:s/n","orgao":"ANA","uf":"SP","ano":2013,"categoria":"outorga","tipo":"Atos Ambientais","empresa":"SITIO NOSSA SENHORA APARECIDA I","municipio":"PITANGUEIRAS","processo":"s/n","link_oficial":null,"resumo":"Atos Ambientais","aprox":true}},{"type":"Feature","geometry":{"type":"Point","coordinates":[-41.13364,-14.61687]},"properties":{"id":"ANA:02501.000618/2017","orgao":"ANA","uf":"BA","ano":2017,"categoria":"outorga","tipo":"Atos Ambientais","empresa":"Não Informado","municipio":"ANAGÉ","processo":"02501.000618/2017","link_oficial":"https://www.snirh.gov.br/cnarh/consulta/processo?numero=02501.000618/2017","resumo":"Atos Ambientais","aprox":true}},{"type":"Feature","geometry":{"type":"Point","coordinates":[-35.99081,-9.51601]},"properties":{"id":"ANA:s/n","orgao":"ANA","uf":"AL","ano":2014,"categoria":"outorga","tipo":"Atos Ambientais","empresa":"FAZ. ESTRADA BRANCA","municipio":"ATALAIA","processo":"s/n","link_oficial":null,"resumo":"Atos Ambientais","aprox":true}},{"type":"Feature","geometry":{"type":"Point","coordinates":[-40.48943,-9.37167]},"properties":{"id":"ANA:s/n","orgao":"ANA","uf":"PE","ano":2012,"categoria":"outorga","tipo":"Atos Ambientais","empresa":"SITIO BARAUNA","municipio":"PETROLINA","processo":"s/n","link_oficial":null,"resumo":"Atos Ambientais","aprox":true}},{"type":"Feature","geometry":{"type":"Point","coordinates":[-45.52559,-21.36347]},"properties":{"id":"ANA:s/n","orgao":"ANA","uf":"MG","ano":2016,"categoria":"outorga","tipo":"Atos Ambientais","empresa":"Francisco Américo dos Santos Gonçalves","municipio":"TRÊS PONTAS","processo":"s/n","link_oficial":null,"resumo":"Atos Ambientais","aprox":true}},{"type":"Feature","geometry":{"type":"Point","coordinates":[-50.55807,-18.9906]},"properties":{"id":"ANA:s/n","orgao":"ANA","uf":"GO","ano":2012,"categoria":"outorga","tipo":"Atos Ambientais","empresa":"Fazenda São Simão (Matrículas 2.282 e 2.283)","municipio":"SÃO SIMÃO","processo":"s/n","link_oficial":null,"resumo":"Atos Ambientais","aprox":true}},{"type":"Feature","geometry":{"type":"Point","coordinates":[-46.4159,-15.61954]},"properties":{"id":"ANA:02501.002274/2016","orgao":"ANA","uf":"MG","ano":2017,"categoria":"outorga","tipo":"Atos Ambientais","empresa":"FAZENDA SERRA ACIMA OU POÇÕES","municipio":"BURITIS","processo":"02501.002274/2016","link_oficial":"https://www.snirh.gov.br/cnarh/consulta/processo?numero=02501.002274/2016","resumo":"Atos Ambientais","aprox":true}},{"type":"Feature","geometry":{"type":"Point","coordinates":[-40.49108,-9.4134]},"properties":{"id":"ANA:s/n","orgao":"ANA","uf":"BA","ano":2016,"categoria":"outorga","tipo":"Atos Ambientais","empresa":"FAZENDA KADOSHI","municipio":"JUAZEIRO","processo":"s/n","link_oficial":null,"resumo":"Atos Ambientais","aprox":true}},{"type":"Feature","geometry":{"type":"Point","coordinates":[-40.974,-9.16408]},"properties":{"id":"ANA:s/n","orgao":"ANA","uf":"BA","ano":2014,"categoria":"outorga","tipo":"Atos Ambientais","empresa":"Sítio Godinho","municipio":"CASA NOVA","processo":"s/n","link_oficial":null,"resumo":"Atos Ambientais","aprox":true}},{"type":"Feature","geometry":{"type":"Point","coordinates":[-38.26859,-9.17913]},"properties":{"id":"ANA:s/n","orgao":"ANA","uf":"PE","ano":2015,"categoria":"outorga","tipo":"Atos Ambientais","empresa":"Agropecuária Asa Branca","municipio":"JATOBÁ","processo":"s/n","link_oficial":null,"resumo":"Atos Ambientais","aprox":true}},{"type":"Feature","geometry":{"type":"Point","coordinates":[-48.41423,-5.09134]},"properties":{"id":"ANA:s/n","orgao":"ANA","uf":"MA","ano":2013,"categoria":"outorga","tipo":"Atos Ambientais","empresa":"VALE - M.A - CN - OUTORGAS 1398 E 1399 - RIO TOCANTINS","municipio":"SÃO PEDRO DA ÁGUA BRANCA","processo":"s/n","link_oficial":null,"resumo":"Atos Ambientais","aprox":true}},{"type":"Feature","geometry":{"type":"Point","coordinates":[-40.974,-9.16408]},"properties":{"id":"ANA:s/n","orgao":"ANA","uf":"BA","ano":2015,"categoria":"outorga","tipo":"Atos Ambientais","empresa":"SITIO MAR GRANDE","municipio":"CASA NOVA","processo":"s/n","link_oficial":null,"resumo":"Atos Ambientais","aprox":true}},{"type":"Feature","geometry":{"type":"Point","coordinates":[-56.56849,-29.12871]},"properties":{"id":"ANA:s/n","orgao":"ANA","uf":"RS","ano":2015,"categoria":"outorga","tipo":"Atos Ambientais","empresa":"FAZENDA SINUELO","municipio":"ITAQUI","processo":"s/n","link_oficial":null,"resumo":"Atos Ambientais","aprox":true}},{"type":"Feature","geometry":{"type":"Point","coordinates":[-57.66271,-18.9995]},"properties":{"id":"ANA:s/n","orgao":"ANA","uf":"MS","ano":2013,"categoria":"outorga","tipo":"Atos Ambientais","empresa":"Sistema de Esgotamento Sanitário","municipio":"CORUMBÁ","processo":"s/n","link_oficial":null,"resumo":"Atos Ambientais","aprox":true}},{"type":"Feature","geometry":{"type":"Point","coordinates":[-45.70547,-20.18408]},"properties":{"id":"ANA:s/n","orgao":"ANA","uf":"MG","ano":2012,"categoria":"outorga","tipo":"Atos Ambientais","empresa":"White Martins Gases Ind. Ltda","municipio":"IGUATAMA","processo":"s/n","link_oficial":null,"resumo":"Atos Ambientais","aprox":true}},{"type":"Feature","geometry":{"type":"Point","coordinates":[-47.14497,-21.08962]},"properties":{"id":"ANA:02501.001525/2017","orgao":"ANA","uf":"SP","ano":2017,"categoria":"outorga","tipo":"Atos Ambientais","empresa":"Fazenda Barra","municipio":"SANTO ANTÔNIO DA ALEGRIA","processo":"02501.001525/2017","link_oficial":"https://www.snirh.gov.br/cnarh/consulta/processo?numero=02501.001525/2017","resumo":"Atos Ambientais","aprox":true}},{"type":"Feature","geometry":{"type":"Point","coordinates":[-40.40604,-18.71391]},"properties":{"id":"ANA:s/n","orgao":"ANA","uf":"ES","ano":2014,"categoria":"outorga","tipo":"Atos Ambientais","empresa":"Sitio Nossa Senhora Aparecida","municipio":"NOVA VENÉCIA","processo":"s/n","link_oficial":null,"resumo":"Atos Ambientais","aprox":true}},{"type":"Feature","geometry":{"type":"Point","coordinates":[-51.74757,-19.12619]},"properties":{"id":"ANA:s/n","orgao":"ANA","uf":"MS","ano":2016,"categoria":"outorga","tipo":"Atos Ambientais","empresa":"VILLAGGIO NOBRE LIMA","municipio":"CASSILÂNDIA","processo":"s/n","link_oficial":null,"resumo":"Atos Ambientais","aprox":true}},{"type":"Feature","geometry":{"type":"Point","coordinates":[-45.5258,-22.3243]},"properties":{"id":"ANA:s/n","orgao":"ANA","uf":"MG","ano":2013,"categoria":"outorga","tipo":"Atos Ambientais","empresa":"MINERAÇÃO ARCO ÍRIS LTDA - JAIR VELOSO","municipio":"SÃO JOSÉ DO ALEGRE","processo":"s/n","link_oficial":null,"resumo":"Atos Ambientais","aprox":true}},{"type":"Feature","geometry":{"type":"Point","coordinates":[-38.25689,-9.32351]},"properties":{"id":"ANA:s/n","orgao":"ANA","uf":"BA","ano":2015,"categoria":"outorga","tipo":"Atos Ambientais","empresa":"ROÇA PEDRA MIUDA","municipio":"GLÓRIA","processo":"s/n","link_oficial":null,"resumo":"Atos Ambientais","aprox":true}},{"type":"Feature","geometry":{"type":"Point","coordinates":[-40.506,-9.41811]},"properties":{"id":"ANA:02501.000465/2004","orgao":"ANA","uf":"BA","ano":2016,"categoria":"outorga","tipo":"Atos Ambientais","empresa":"MINERAÇAO CARAÍBA S/A","municipio":"JUAZEIRO","processo":"02501.000465/2004","link_oficial":"https://www.snirh.gov.br/cnarh/consulta/processo?numero=02501.000465/2004","resumo":"Atos Ambientais","aprox":true}},{"type":"Feature","geometry":{"type":"Point","coordinates":[-40.49108,-9.4134]},"properties":{"id":"ANA:s/n","orgao":"ANA","uf":"BA","ano":2015,"categoria":"outorga","tipo":"Atos Ambientais","empresa":"SÍTIO DONA JUDITE","municipio":"JUAZEIRO","processo":"s/n","link_oficial":null,"resumo":"Atos Ambientais","aprox":true}},{"type":"Feature","geometry":{"type":"Point","coordinates":[-46.3789,-21.46761]},"properties":{"id":"ANA:s/n","orgao":"ANA","uf":"MG","ano":2014,"categoria":"outorga","tipo":"Atos Ambientais","empresa":"FAZENDA SÃO MIGUEL","municipio":"CABO VERDE","processo":"s/n","link_oficial":null,"resumo":"Atos Ambientais","aprox":true}},{"type":"Feature","geometry":{"type":"Point","coordinates":[-41.27354,-15.02233]},"properties":{"id":"ANA:02501.001466/2004","orgao":"ANA","uf":"BA","ano":2016,"categoria":"outorga","tipo":"Atos Ambientais","empresa":"FAZENDA BANDARÁ","municipio":"BELO CAMPO","processo":"02501.001466/2004","link_oficial":"https://www.snirh.gov.br/cnarh/consulta/processo?numero=02501.001466/2004","resumo":"Atos Ambientais","aprox":true}},{"type":"Feature","geometry":{"type":"Point","coordinates":[-45.70791,-22.2484]},"properties":{"id":"ANA:s/n","orgao":"ANA","uf":"MG","ano":2010,"categoria":"outorga","tipo":"Atos Ambientais","empresa":"GOIANINHOS LTDA. - ME","municipio":"SANTA RITA DO SAPUCAÍ","processo":"s/n","link_oficial":null,"resumo":"Atos Ambientais","aprox":true}},{"type":"Feature","geometry":{"type":"Point","coordinates":[-44.95656,-17.36336]},"properties":{"id":"ANA:s/n","orgao":"ANA","uf":"MG","ano":2013,"categoria":"outorga","tipo":"Atos Ambientais","empresa":"FAZENDA BREJO GRANDE OU CERCADO","municipio":"BURITIZEIRO","processo":"s/n","link_oficial":null,"resumo":"Atos Ambientais","aprox":true}},{"type":"Feature","geometry":{"type":"Point","coordinates":[-43.19679,-12.68461]},"properties":{"id":"ANA:s/n","orgao":"ANA","uf":"BA","ano":2012,"categoria":"outorga","tipo":"Atos Ambientais","empresa":"Não Informado","municipio":"PARATINGA","processo":"s/n","link_oficial":null,"resumo":"Atos Ambientais","aprox":true}},{"type":"Feature","geometry":{"type":"Point","coordinates":[-38.25689,-9.32351]},"properties":{"id":"ANA:s/n","orgao":"ANA","uf":"BA","ano":2013,"categoria":"outorga","tipo":"Atos Ambientais","empresa":"Roça Baixa do Cavalo","municipio":"GLÓRIA","processo":"s/n","link_oficial":null,"resumo":"Atos Ambientais","aprox":true}},{"type":"Feature","geometry":{"type":"Point","coordinates":[-41.72206,-19.81563]},"properties":{"id":"ANA:s/n","orgao":"ANA","uf":"MG","ano":2013,"categoria":"outorga","tipo":"Atos Ambientais","empresa":"MENTROZ MAGALHÃES LACERDA NETO -ME","municipio":"IPANEMA","processo":"s/n","link_oficial":null,"resumo":"Atos Ambientais","aprox":true}},{"type":"Feature","geometry":{"type":"Point","coordinates":[-45.5351,-22.40029]},"properties":{"id":"ANA:s/n","orgao":"ANA","uf":"MG","ano":2017,"categoria":"outorga","tipo":"Atos Ambientais","empresa":"MINERACAO SAPUCAI LTDA","municipio":"PIRANGUINHO","processo":"s/n","link_oficial":null,"resumo":"Atos Ambientais","aprox":true}},{"type":"Feature","geometry":{"type":"Point","coordinates":[-40.81265,-9.44953]},"properties":{"id":"ANA:s/n","orgao":"ANA","uf":"BA","ano":2013,"categoria":"outorga","tipo":"Atos Ambientais","empresa":"FAZENDA PROSPERIDADE","municipio":"SOBRADINHO","processo":"s/n","link_oficial":null,"resumo":"Atos Ambientais","aprox":true}},{"type":"Feature","geometry":{"type":"Point","coordinates":[-48.03119,-20.17897]},"properties":{"id":"ANA:s/n","orgao":"ANA","uf":"SP","ano":2017,"categoria":"outorga","tipo":"Atos Ambientais","empresa":"FAZENDA BEIRA RIO - GLEBA B","municipio":"MIGUELÓPOLIS","processo":"s/n","link_oficial":null,"resumo":"Atos Ambientais","aprox":true}},{"type":"Feature","geometry":{"type":"Point","coordinates":[-40.974,-9.16408]},"properties":{"id":"ANA:s/n","orgao":"ANA","uf":"BA","ano":2014,"categoria":"outorga","tipo":"Atos Ambientais","empresa":"SÍTIO QUATIA - FAZ. PAU A PIQUE","municipio":"CASA NOVA","processo":"s/n","link_oficial":null,"resumo":"Atos Ambientais","aprox":true}},{"type":"Feature","geometry":{"type":"Point","coordinates":[-39.91116,-8.99454]},"properties":{"id":"ANA:02501.002008/2015","orgao":"ANA","uf":"BA","ano":2016,"categoria":"outorga","tipo":"Atos Ambientais","empresa":"FAZENDA ÁRVORE - PEDRA BRANCA","municipio":"CURAÇÁ","processo":"02501.002008/2015","link_oficial":"https://www.snirh.gov.br/cnarh/consulta/processo?numero=02501.002008/2015","resumo":"Atos Ambientais","aprox":true}},{"type":"Feature","geometry":{"type":"Point","coordinates":[-38.77876,-8.85254]},"properties":{"id":"ANA:02501.001755/2017","orgao":"ANA","uf":"BA","ano":2017,"categoria":"outorga","tipo":"Atos Ambientais","empresa":"JOSIMAR ALVES BARBOSA","municipio":"RODELAS","processo":"02501.001755/2017","link_oficial":"https://www.snirh.gov.br/cnarh/consulta/processo?numero=02501.001755/2017","resumo":"Atos Ambientais","aprox":true}},{"type":"Feature","geometry":{"type":"Point","coordinates":[-39.11324,-8.71988]},"properties":{"id":"ANA:s/n","orgao":"ANA","uf":"BA","ano":2012,"categoria":"outorga","tipo":"Atos Ambientais","empresa":"Fazenda Riacho da Fazenda","municipio":"ABARÉ","processo":"s/n","link_oficial":null,"resumo":"Atos Ambientais","aprox":true}},{"type":"Feature","geometry":{"type":"Point","coordinates":[-40.49108,-9.4134]},"properties":{"id":"ANA:s/n","orgao":"ANA","uf":"BA","ano":2015,"categoria":"outorga","tipo":"Atos Ambientais","empresa":"FAZENDA SITIO POÇO DO MANGUA","municipio":"JUAZEIRO","processo":"s/n","link_oficial":null,"resumo":"Atos Ambientais","aprox":true}},{"type":"Feature","geometry":{"type":"Point","coordinates":[-46.36949,-21.64461]},"properties":{"id":"ANA:s/n","orgao":"ANA","uf":"MG","ano":2015,"categoria":"outorga","tipo":"Atos Ambientais","empresa":"AROLDO DE CARVALHO BASTOS","municipio":"BOTELHOS","processo":"s/n","link_oficial":null,"resumo":"Atos Ambientais","aprox":true}},{"type":"Feature","geometry":{"type":"Point","coordinates":[-38.77974,-8.8496]},"properties":{"id":"ANA:s/n","orgao":"ANA","uf":"BA","ano":2015,"categoria":"outorga","tipo":"Atos Ambientais","empresa":"Não Informado","municipio":"RODELAS","processo":"s/n","link_oficial":null,"resumo":"Atos Ambientais","aprox":true}},{"type":"Feature","geometry":{"type":"Point","coordinates":[-38.21113,-9.40232]},"properties":{"id":"ANA:s/n","orgao":"ANA","uf":"BA","ano":2014,"categoria":"outorga","tipo":"Atos Ambientais","empresa":"CHÁCARA SANTA CLARA","municipio":"PAULO AFONSO","processo":"s/n","link_oficial":null,"resumo":"Atos Ambientais","aprox":true}},{"type":"Feature","geometry":{"type":"Point","coordinates":[-44.78961,-16.27502]},"properties":{"id":"ANA:s/n","orgao":"ANA","uf":"MG","ano":2016,"categoria":"outorga","tipo":"Atos Ambientais","empresa":"Não Informado","municipio":"UBAÍ","processo":"s/n","link_oficial":null,"resumo":"Atos Ambientais","aprox":true}},{"type":"Feature","geometry":{"type":"Point","coordinates":[-45.70791,-22.2484]},"properties":{"id":"ANA:s/n","orgao":"ANA","uf":"MG","ano":2017,"categoria":"outorga","tipo":"Atos Ambientais","empresa":"A. GRANUSO LTDA.","municipio":"SANTA RITA DO SAPUCAÍ","processo":"s/n","link_oficial":null,"resumo":"Atos Ambientais","aprox":true}},{"type":"Feature","geometry":{"type":"Point","coordinates":[-38.25689,-9.32351]},"properties":{"id":"ANA:s/n","orgao":"ANA","uf":"BA","ano":2016,"categoria":"outorga","tipo":"Atos Ambientais","empresa":"ROÇA DO BARRO","municipio":"GLÓRIA","processo":"s/n","link_oficial":null,"resumo":"Atos Ambientais","aprox":true}},{"type":"Feature","geometry":{"type":"Point","coordinates":[-39.81465,-8.78752]},"properties":{"id":"ANA:s/n","orgao":"ANA","uf":"PE","ano":2014,"categoria":"outorga","tipo":"Atos Ambientais","empresa":"Não Informado","municipio":"SANTA MARIA DA BOA VISTA","processo":"s/n","link_oficial":null,"resumo":"Atos Ambientais","aprox":true}},{"type":"Feature","geometry":{"type":"Point","coordinates":[-38.95724,-8.74622]},"properties":{"id":"ANA:s/n","orgao":"ANA","uf":"PE","ano":2015,"categoria":"outorga","tipo":"Atos Ambientais","empresa":"Ilha Grande","municipio":"BELÉM DO SÃO FRANCISCO","processo":"s/n","link_oficial":null,"resumo":"Atos Ambientais","aprox":true}},{"type":"Feature","geometry":{"type":"Point","coordinates":[-36.85201,-10.11421]},"properties":{"id":"ANA:s/n","orgao":"ANA","uf":"AL","ano":2012,"categoria":"outorga","tipo":"Atos Ambientais","empresa":"ADUTORA DO AGRESTE","municipio":"SÃO BRÁS","processo":"s/n","link_oficial":null,"resumo":"Atos Ambientais","aprox":true}},{"type":"Feature","geometry":{"type":"Point","coordinates":[-38.21113,-9.40232]},"properties":{"id":"ANA:s/n","orgao":"ANA","uf":"BA","ano":2016,"categoria":"outorga","tipo":"Atos Ambientais","empresa":"RIACHINHO","municipio":"PAULO AFONSO","processo":"s/n","link_oficial":null,"resumo":"Atos Ambientais","aprox":true}},{"type":"Feature","geometry":{"type":"Point","coordinates":[-42.79167,-14.92796]},"properties":{"id":"ANA:02501.001067/2016","orgao":"ANA","uf":"MG","ano":2016,"categoria":"outorga","tipo":"Atos Ambientais","empresa":"FAZENDA LAGOA DO MARRUAZ","municipio":"ESPINOSA","processo":"02501.001067/2016","link_oficial":"https://www.snirh.gov.br/cnarh/consulta/processo?numero=02501.001067/2016","resumo":"Atos Ambientais","aprox":true}},{"type":"Feature","geometry":{"type":"Point","coordinates":[-41.75265,-16.60091]},"properties":{"id":"ANA:s/n","orgao":"ANA","uf":"MG","ano":2015,"categoria":"outorga","tipo":"Atos Ambientais","empresa":"Fazenda Laranjeiras Rio Jequitinhonha","municipio":"ITINGA","processo":"s/n","link_oficial":null,"resumo":"Atos Ambientais","aprox":true}},{"type":"Feature","geometry":{"type":"Point","coordinates":[-49.77503,-19.85877]},"properties":{"id":"ANA:s/n","orgao":"ANA","uf":"MG","ano":2012,"categoria":"outorga","tipo":"Atos Ambientais","empresa":"FAZENDA ALDEIA / CÓRREGO CABAÇA","municipio":"SÃO FRANCISCO DE SALES","processo":"s/n","link_oficial":null,"resumo":"Atos Ambientais","aprox":true}},{"type":"Feature","geometry":{"type":"Point","coordinates":[-40.49108,-9.4134]},"properties":{"id":"ANA:s/n","orgao":"ANA","uf":"BA","ano":2017,"categoria":"outorga","tipo":"Atos Ambientais","empresa":"Porto de Pedra","municipio":"JUAZEIRO","processo":"s/n","link_oficial":null,"resumo":"Atos Ambientais","aprox":true}},{"type":"Feature","geometry":{"type":"Point","coordinates":[-48.52495,-12.01631]},"properties":{"id":"ANA:s/n","orgao":"ANA","uf":"TO","ano":2009,"categoria":"outorga","tipo":"Atos Ambientais","empresa":"Depósito Serra Dourada","municipio":"PEIXE","processo":"s/n","link_oficial":null,"resumo":"Atos Ambientais","aprox":true}},{"type":"Feature","geometry":{"type":"Point","coordinates":[-48.03119,-20.17897]},"properties":{"id":"ANA:s/n","orgao":"ANA","uf":"SP","ano":2015,"categoria":"outorga","tipo":"Atos Ambientais","empresa":"FAZENDA SANTA IZABEL","municipio":"MIGUELÓPOLIS","processo":"s/n","link_oficial":null,"resumo":"Atos Ambientais","aprox":true}},{"type":"Feature","geometry":{"type":"Point","coordinates":[-40.72615,-15.44355]},"properties":{"id":"ANA:s/n","orgao":"ANA","uf":"BA","ano":2017,"categoria":"outorga","tipo":"Atos Ambientais","empresa":"Alceu de Melo Barreto","municipio":"RIBEIRÃO DO LARGO","processo":"s/n","link_oficial":null,"resumo":"Atos Ambientais","aprox":true}},{"type":"Feature","geometry":{"type":"Point","coordinates":[-48.3957,-19.9073]},"properties":{"id":"ANA:s/n","orgao":"ANA","uf":"MG","ano":2013,"categoria":"outorga","tipo":"Atos Ambientais","empresa":"FAZENDA ENTRE RIOS","municipio":"CONCEIÇÃO DAS ALAGOAS","processo":"s/n","link_oficial":null,"resumo":"Atos Ambientais","aprox":true}},{"type":"Feature","geometry":{"type":"Point","coordinates":[-40.22862,-17.37489]},"properties":{"id":"ANA:s/n","orgao":"ANA","uf":"BA","ano":2014,"categoria":"outorga","tipo":"Atos Ambientais","empresa":"FAZENDA FORTUNA","municipio":"MEDEIROS NETO","processo":"s/n","link_oficial":null,"resumo":"Atos Ambientais","aprox":true}},{"type":"Feature","geometry":{"type":"Point","coordinates":[-48.03119,-20.17897]},"properties":{"id":"ANA:s/n","orgao":"ANA","uf":"SP","ano":2013,"categoria":"outorga","tipo":"Atos Ambientais","empresa":"CONDOMÍNIO AGROPECUÁRIO OSWALDO RIBEIRO DE MENDONÇA","municipio":"MIGUELÓPOLIS","processo":"s/n","link_oficial":null,"resumo":"Atos Ambientais","aprox":true}},{"type":"Feature","geometry":{"type":"Point","coordinates":[-47.34867,-15.53213]},"properties":{"id":"ANA:02501.000074/2009","orgao":"ANA","uf":"GO","ano":2017,"categoria":"outorga","tipo":"Atos Ambientais","empresa":"Fazenda Retiro da Ponta do Morro","municipio":"FORMOSA","processo":"02501.000074/2009","link_oficial":"https://www.snirh.gov.br/cnarh/consulta/processo?numero=02501.000074/2009","resumo":"Atos Ambientais","aprox":true}},{"type":"Feature","geometry":{"type":"Point","coordinates":[-40.27419,-8.98938]},"properties":{"id":"ANA:s/n","orgao":"ANA","uf":"PE","ano":2014,"categoria":"outorga","tipo":"Atos Ambientais","empresa":"ASSENTAMENTO ILHA GRANDE DO PONTAL","municipio":"LAGOA GRANDE","processo":"s/n","link_oficial":null,"resumo":"Atos Ambientais","aprox":true}},{"type":"Feature","geometry":{"type":"Point","coordinates":[-47.38878,-22.36132]},"properties":{"id":"ANA:s/n","orgao":"ANA","uf":"SP","ano":2013,"categoria":"outorga","tipo":"Atos Ambientais","empresa":"FAZENDA SETE LAGOAS","municipio":"ARARAS","processo":"s/n","link_oficial":null,"resumo":"Atos Ambientais","aprox":true}},{"type":"Feature","geometry":{"type":"Point","coordinates":[-49.21436,-18.42574]},"properties":{"id":"ANA:s/n","orgao":"ANA","uf":"GO","ano":2014,"categoria":"outorga","tipo":"Atos Ambientais","empresa":"GERALDO COTRIM FILHO","municipio":"ITUMBIARA","processo":"s/n","link_oficial":null,"resumo":"Atos Ambientais","aprox":true}},{"type":"Feature","geometry":{"type":"Point","coordinates":[-38.95724,-8.74622]},"properties":{"id":"ANA:s/n","orgao":"ANA","uf":"PE","ano":2014,"categoria":"outorga","tipo":"Atos Ambientais","empresa":"FAZENDA ILHA GRANDE","municipio":"BELÉM DO SÃO FRANCISCO","processo":"s/n","link_oficial":null,"resumo":"Atos Ambientais","aprox":true}},{"type":"Feature","geometry":{"type":"Point","coordinates":[-46.6151,-22.28187]},"properties":{"id":"ANA:s/n","orgao":"ANA","uf":"MG","ano":2009,"categoria":"outorga","tipo":"Atos Ambientais","empresa":"OURAMA MATERIAL PARA CONSTRUÇÃO LTDA. -ME","municipio":"JACUTINGA","processo":"s/n","link_oficial":null,"resumo":"Atos Ambientais","aprox":true}},{"type":"Feature","geometry":{"type":"Point","coordinates":[-52.55281,-18.4095]},"properties":{"id":"ANA:02501.001189/2006","orgao":"ANA","uf":"GO","ano":2017,"categoria":"outorga","tipo":"Atos Ambientais","empresa":"FAZENDA CAMPO BOM","municipio":"CHAPADÃO DO CÉU","processo":"02501.001189/2006","link_oficial":"https://www.snirh.gov.br/cnarh/consulta/processo?numero=02501.001189/2006","resumo":"Atos Ambientais","aprox":true}},{"type":"Feature","geometry":{"type":"Point","coordinates":[-45.94813,-21.42551]},"properties":{"id":"ANA:s/n","orgao":"ANA","uf":"MG","ano":2015,"categoria":"outorga","tipo":"Atos Ambientais","empresa":"Grupo Itapuã","municipio":"ALFENAS","processo":"s/n","link_oficial":null,"resumo":"Atos Ambientais","aprox":true}},{"type":"Feature","geometry":{"type":"Point","coordinates":[-47.28073,-20.65643]},"properties":{"id":"ANA:s/n","orgao":"ANA","uf":"SP","ano":2017,"categoria":"outorga","tipo":"Atos Ambientais","empresa":"Não Informado","municipio":"PATROCÍNIO PAULISTA","processo":"s/n","link_oficial":null,"resumo":"Atos Ambientais","aprox":true}},{"type":"Feature","geometry":{"type":"Point","coordinates":[-49.21436,-18.42574]},"properties":{"id":"ANA:s/n","orgao":"ANA","uf":"GO","ano":2013,"categoria":"outorga","tipo":"Atos Ambientais","empresa":"Fazendas Bom Jardim, Canadá e São Fernando","municipio":"ITUMBIARA","processo":"s/n","link_oficial":null,"resumo":"Atos Ambientais","aprox":true}},{"type":"Feature","geometry":{"type":"Point","coordinates":[-38.77974,-8.8496]},"properties":{"id":"ANA:s/n","orgao":"ANA","uf":"BA","ano":2015,"categoria":"outorga","tipo":"Atos Ambientais","empresa":"Não Informado","municipio":"RODELAS","processo":"s/n","link_oficial":null,"resumo":"Atos Ambientais","aprox":true}},{"type":"Feature","geometry":{"type":"Point","coordinates":[-40.78717,-17.69068]},"properties":{"id":"ANA:02501.001653/2005","orgao":"ANA","uf":"MG","ano":2017,"categoria":"outorga","tipo":"Atos Ambientais","empresa":"COOPERATIVA DE LATICÍNIOS VALE DO MUCURI LTDA","municipio":"CARLOS CHAGAS","processo":"02501.001653/2005","link_oficial":"https://www.snirh.gov.br/cnarh/consulta/processo?numero=02501.001653/2005","resumo":"Atos Ambientais","aprox":true}},{"type":"Feature","geometry":{"type":"Point","coordinates":[-42.79861,-5.09127]},"properties":{"id":"ANA:s/n","orgao":"ANA","uf":"PI","ano":2015,"categoria":"outorga","tipo":"Atos Ambientais","empresa":"ESTAÇÃO DE TRATAMENTO DE ÁGUA - TIMON/MA","municipio":"TERESINA","processo":"s/n","link_oficial":null,"resumo":"Atos Ambientais","aprox":true}},{"type":"Feature","geometry":{"type":"Point","coordinates":[-46.36949,-21.64461]},"properties":{"id":"ANA:s/n","orgao":"ANA","uf":"MG","ano":2015,"categoria":"outorga","tipo":"Atos Ambientais","empresa":"Mineração Varginha","municipio":"BOTELHOS","processo":"s/n","link_oficial":null,"resumo":"Atos Ambientais","aprox":true}},{"type":"Feature","geometry":{"type":"Point","coordinates":[-41.75265,-16.60091]},"properties":{"id":"ANA:s/n","orgao":"ANA","uf":"MG","ano":2015,"categoria":"outorga","tipo":"Atos Ambientais","empresa":"Fazenda Limoeiro","municipio":"ITINGA","processo":"s/n","link_oficial":null,"resumo":"Atos Ambientais","aprox":true}},{"type":"Feature","geometry":{"type":"Point","coordinates":[-43.0137,-17.5255]},"properties":{"id":"ANA:s/n","orgao":"ANA","uf":"MG","ano":2012,"categoria":"outorga","tipo":"Atos Ambientais","empresa":"Minerações Reunidas Jequitinhonha - MRJ","municipio":"CARBONITA","processo":"s/n","link_oficial":null,"resumo":"Atos Ambientais","aprox":true}},{"type":"Feature","geometry":{"type":"Point","coordinates":[-45.91398,-20.76936]},"properties":{"id":"ANA:s/n","orgao":"ANA","uf":"MG","ano":2013,"categoria":"outorga","tipo":"Atos Ambientais","empresa":"Skalla Construções e Incorporações LTDA - Bristol Terramare","municipio":"GUAPÉ","processo":"s/n","link_oficial":null,"resumo":"Atos Ambientais","aprox":true}},{"type":"Feature","geometry":{"type":"Point","coordinates":[-40.60776,-18.62091]},"properties":{"id":"ANA:s/n","orgao":"ANA","uf":"ES","ano":2015,"categoria":"outorga","tipo":"Atos Ambientais","empresa":"Não Informado","municipio":"VILA PAVÃO","processo":"s/n","link_oficial":null,"resumo":"Atos Ambientais","aprox":true}},{"type":"Feature","geometry":{"type":"Point","coordinates":[-45.46149,-22.42109]},"properties":{"id":"ANA:s/n","orgao":"ANA","uf":"MG","ano":2014,"categoria":"outorga","tipo":"Atos Ambientais","empresa":"MINERAÇÃO 2R LTDA.","municipio":"ITAJUBÁ","processo":"s/n","link_oficial":null,"resumo":"Atos Ambientais","aprox":true}},{"type":"Feature","geometry":{"type":"Point","coordinates":[-47.19081,-18.47159]},"properties":{"id":"ANA:s/n","orgao":"ANA","uf":"MG","ano":2015,"categoria":"outorga","tipo":"Atos Ambientais","empresa":"Fazenda Conceição e Santa Cruz","municipio":"COROMANDEL","processo":"s/n","link_oficial":null,"resumo":"Atos Ambientais","aprox":true}},{"type":"Feature","geometry":{"type":"Point","coordinates":[-44.13387,-22.73236]},"properties":{"id":"ANA:s/n","orgao":"ANA","uf":"RJ","ano":2012,"categoria":"outorga","tipo":"Atos Ambientais","empresa":"PCH Fazenda Santana","municipio":"RIO CLARO","processo":"s/n","link_oficial":null,"resumo":"Atos Ambientais","aprox":true}},{"type":"Feature","geometry":{"type":"Point","coordinates":[-51.06411,-26.25431]},"properties":{"id":"ANA:02501.001925/2013","orgao":"ANA","uf":"SC","ano":2017,"categoria":"outorga","tipo":"Atos Ambientais","empresa":"Não Informado","municipio":"PORTO UNIÃO","processo":"02501.001925/2013","link_oficial":"https://www.snirh.gov.br/cnarh/consulta/processo?numero=02501.001925/2013","resumo":"Atos Ambientais","aprox":true}},{"type":"Feature","geometry":{"type":"Point","coordinates":[-45.70791,-22.2484]},"properties":{"id":"ANA:s/n","orgao":"ANA","uf":"MG","ano":2016,"categoria":"outorga","tipo":"Atos Ambientais","empresa":"Não Informado","municipio":"SANTA RITA DO SAPUCAÍ","processo":"s/n","link_oficial":null,"resumo":"Atos Ambientais","aprox":true}},{"type":"Feature","geometry":{"type":"Point","coordinates":[-40.81265,-9.44953]},"properties":{"id":"ANA:s/n","orgao":"ANA","uf":"BA","ano":2010,"categoria":"outorga","tipo":"Atos Ambientais","empresa":"SÍTIO FAZENDÃO","municipio":"SOBRADINHO","processo":"s/n","link_oficial":null,"resumo":"Atos Ambientais","aprox":true}},{"type":"Feature","geometry":{"type":"Point","coordinates":[-40.49108,-9.4134]},"properties":{"id":"ANA:s/n","orgao":"ANA","uf":"BA","ano":2017,"categoria":"outorga","tipo":"Atos Ambientais","empresa":"SITIO RANCHO NOVO","municipio":"JUAZEIRO","processo":"s/n","link_oficial":null,"resumo":"Atos Ambientais","aprox":true}},{"type":"Feature","geometry":{"type":"Point","coordinates":[-47.34066,-15.53797]},"properties":{"id":"ANA:02501.000408/2002","orgao":"ANA","uf":"GO","ano":2014,"categoria":"outorga","tipo":"Atos Ambientais","empresa":"FAZENDAS POÇÕES E RETIRO","municipio":"FORMOSA","processo":"02501.000408/2002","link_oficial":"https://www.snirh.gov.br/cnarh/consulta/processo?numero=02501.000408/2002","resumo":"Atos Ambientais","aprox":true}},{"type":"Feature","geometry":{"type":"Point","coordinates":[-48.45422,-14.47431]},"properties":{"id":"ANA:s/n","orgao":"ANA","uf":"GO","ano":2017,"categoria":"outorga","tipo":"Atos Ambientais","empresa":"Razem Elias Abrão","municipio":"NIQUELÂNDIA","processo":"s/n","link_oficial":null,"resumo":"Atos Ambientais","aprox":true}},{"type":"Feature","geometry":{"type":"Point","coordinates":[-46.41959,-15.61666]},"properties":{"id":"ANA:02501.002866/2017","orgao":"ANA","uf":"MG","ano":2017,"categoria":"outorga","tipo":"Atos Ambientais","empresa":"PA Mãe das Conquistas lote 46","municipio":"BURITIS","processo":"02501.002866/2017","link_oficial":"https://www.snirh.gov.br/cnarh/consulta/processo?numero=02501.002866/2017","resumo":"Atos Ambientais","aprox":true}},{"type":"Feature","geometry":{"type":"Point","coordinates":[-45.98449,-23.29113]},"properties":{"id":"ANA:025010007342018","orgao":"ANA","uf":"SP","ano":2018,"categoria":"outorga","tipo":"Atos Ambientais","empresa":"PONCIA COMERCIAL AGRÍCOLA E PECUÁRIA LTDA.","municipio":"JACAREÍ","processo":"025010007342018","link_oficial":"https://www.snirh.gov.br/cnarh/consulta/processo?numero=025010007342018","resumo":"Atos Ambientais","aprox":true}},{"type":"Feature","geometry":{"type":"Point","coordinates":[-38.21736,-10.34236]},"properties":{"id":"ANA:025010007912018","orgao":"ANA","uf":"BA","ano":2018,"categoria":"outorga","tipo":"Atos Ambientais","empresa":"Fazenda São José","municipio":"SÍTIO DO QUINTO","processo":"025010007912018","link_oficial":"https://www.snirh.gov.br/cnarh/consulta/processo?numero=025010007912018","resumo":"Atos Ambientais","aprox":true}},{"type":"Feature","geometry":{"type":"Point","coordinates":[-49.37507,-23.18867]},"properties":{"id":"ANA:s/n","orgao":"ANA","uf":"SP","ano":2017,"categoria":"outorga","tipo":"Atos Ambientais","empresa":"UHE Piraju","municipio":"PIRAJU","processo":"s/n","link_oficial":null,"resumo":"Atos Ambientais","aprox":true}},{"type":"Feature","geometry":{"type":"Point","coordinates":[-47.45464,-24.26654]},"properties":{"id":"ANA:s/n","orgao":"ANA","uf":"SP","ano":2010,"categoria":"outorga","tipo":"Atos Ambientais","empresa":"Sistema Simplificado de Abastecimento de Agua na Aldeia Indigena Uru-ity","municipio":"MIRACATU","processo":"s/n","link_oficial":null,"resumo":"Atos Ambientais","aprox":true}},{"type":"Feature","geometry":{"type":"Point","coordinates":[-42.79861,-5.09127]},"properties":{"id":"ANA:s/n","orgao":"ANA","uf":"PI","ano":2015,"categoria":"outorga","tipo":"Atos Ambientais","empresa":"Mineradora Real","municipio":"TERESINA","processo":"s/n","link_oficial":null,"resumo":"Atos Ambientais","aprox":true}},{"type":"Feature","geometry":{"type":"Point","coordinates":[-55.9741,-16.1968]},"properties":{"id":"ANA:s/n","orgao":"ANA","uf":"MT","ano":2015,"categoria":"outorga","tipo":"Atos Ambientais","empresa":"POUSADA GARÇA REAL","municipio":"BARÃO DE MELGAÇO","processo":"s/n","link_oficial":null,"resumo":"Atos Ambientais","aprox":true}},{"type":"Feature","geometry":{"type":"Point","coordinates":[-52.31294,-27.29692]},"properties":{"id":"ANA:s/n","orgao":"ANA","uf":"SC","ano":2015,"categoria":"outorga","tipo":"Atos Ambientais","empresa":"PARTE DOS LOTES RURAIS 212,213 E 214, DA COLON. UVÁ, LINH. SÃO FRANCIS. ITÁ, SC.","municipio":"ITÁ","processo":"s/n","link_oficial":null,"resumo":"Atos Ambientais","aprox":true}},{"type":"Feature","geometry":{"type":"Point","coordinates":[-39.90716,-8.98406]},"properties":{"id":"ANA:025010001212018","orgao":"ANA","uf":"BA","ano":2018,"categoria":"outorga","tipo":"Atos Ambientais","empresa":"Lote 1 - Rodovia BA 210","municipio":"CURAÇÁ","processo":"025010001212018","link_oficial":"https://www.snirh.gov.br/cnarh/consulta/processo?numero=025010001212018","resumo":"Atos Ambientais","aprox":true}},{"type":"Feature","geometry":{"type":"Point","coordinates":[-38.28161,-9.06415]},"properties":{"id":"ANA:025010002642018","orgao":"ANA","uf":"PE","ano":2018,"categoria":"outorga","tipo":"Atos Ambientais","empresa":"Fazenda Varzea Alegre","municipio":"PETROLÂNDIA","processo":"025010002642018","link_oficial":"https://www.snirh.gov.br/cnarh/consulta/processo?numero=025010002642018","resumo":"Atos Ambientais","aprox":true}},{"type":"Feature","geometry":{"type":"Point","coordinates":[-53.06096,-22.57828]},"properties":{"id":"ANA:s/n","orgao":"ANA","uf":"SP","ano":2017,"categoria":"outorga","tipo":"Atos Ambientais","empresa":"Não Informado","municipio":"ROSANA","processo":"s/n","link_oficial":null,"resumo":"Atos Ambientais","aprox":true}},{"type":"Feature","geometry":{"type":"Point","coordinates":[-45.08083,-16.36441]},"properties":{"id":"ANA:s/n","orgao":"ANA","uf":"MG","ano":2016,"categoria":"outorga","tipo":"Atos Ambientais","empresa":"Tora Gunnel Hylten Cavallius","municipio":"SÃO ROMÃO","processo":"s/n","link_oficial":null,"resumo":"Atos Ambientais","aprox":true}},{"type":"Feature","geometry":{"type":"Point","coordinates":[-42.0281,-20.73904]},"properties":{"id":"ANA:s/n","orgao":"ANA","uf":"MG","ano":2012,"categoria":"outorga","tipo":"Atos Ambientais","empresa":"SISTEMA DE ABASTECIMENTO DE ÁGUA DO DISTRITO DE SÃO MANOEL DO BOI - MG - RETIFIC","municipio":"CARANGOLA","processo":"s/n","link_oficial":null,"resumo":"Atos Ambientais","aprox":true}},{"type":"Feature","geometry":{"type":"Point","coordinates":[-37.11238,-6.4463]},"properties":{"id":"ANA:00000.030727/2012","orgao":"ANA","uf":"RN","ano":2012,"categoria":"outorga","tipo":"Atos Ambientais","empresa":"Fazenda da Silvia","municipio":"CAICÓ","processo":"00000.030727/2012","link_oficial":"https://www.snirh.gov.br/cnarh/consulta/processo?numero=00000.030727/2012","resumo":"Atos Ambientais","aprox":true}},{"type":"Feature","geometry":{"type":"Point","coordinates":[-44.52989,-14.18282]},"properties":{"id":"ANA:025010002682018","orgao":"ANA","uf":"BA","ano":2018,"categoria":"outorga","tipo":"Atos Ambientais","empresa":"Váu do Itaguarí","municipio":"COCOS","processo":"025010002682018","link_oficial":"https://www.snirh.gov.br/cnarh/consulta/processo?numero=025010002682018","resumo":"Atos Ambientais","aprox":true}},{"type":"Feature","geometry":{"type":"Point","coordinates":[-45.54972,-21.10545]},"properties":{"id":"ANA:025010014182018","orgao":"ANA","uf":"MG","ano":2018,"categoria":"outorga","tipo":"Atos Ambientais","empresa":"Fazenda Felícias","municipio":"BOA ESPERANÇA","processo":"025010014182018","link_oficial":"https://www.snirh.gov.br/cnarh/consulta/processo?numero=025010014182018","resumo":"Atos Ambientais","aprox":true}},{"type":"Feature","geometry":{"type":"Point","coordinates":[-47.00329,-21.44778]},"properties":{"id":"ANA:025010010852018","orgao":"ANA","uf":"SP","ano":2018,"categoria":"outorga","tipo":"Atos Ambientais","empresa":"SITIO MARILAURA","municipio":"MOCOCA","processo":"025010010852018","link_oficial":"https://www.snirh.gov.br/cnarh/consulta/processo?numero=025010010852018","resumo":"Atos Ambientais","aprox":true}},{"type":"Feature","geometry":{"type":"Point","coordinates":[-42.05425,-16.84216]},"properties":{"id":"ANA:s/n","orgao":"ANA","uf":"MG","ano":2009,"categoria":"outorga","tipo":"Atos Ambientais","empresa":"Fazenda Maravilha","municipio":"ARAÇUAÍ","processo":"s/n","link_oficial":null,"resumo":"Atos Ambientais","aprox":true}},{"type":"Feature","geometry":{"type":"Point","coordinates":[-40.49108,-9.4134]},"properties":{"id":"ANA:s/n","orgao":"ANA","uf":"BA","ano":2011,"categoria":"outorga","tipo":"Atos Ambientais","empresa":"SÍTIO ARIZONA","municipio":"JUAZEIRO","processo":"s/n","link_oficial":null,"resumo":"Atos Ambientais","aprox":true}},{"type":"Feature","geometry":{"type":"Point","coordinates":[-41.11742,-21.4637]},"properties":{"id":"ANA:s/n","orgao":"ANA","uf":"RJ","ano":2011,"categoria":"outorga","tipo":"Atos Ambientais","empresa":"TERMINAL PORTUÁRIO PRIVATIVO PARA EMBARQUE DE MINÉRIO DE FERRO NO MUNICÍPIO DE P","municipio":"SÃO FRANCISCO DE ITABAPOANA","processo":"s/n","link_oficial":null,"resumo":"Atos Ambientais","aprox":true}},{"type":"Feature","geometry":{"type":"Point","coordinates":[-38.25689,-9.32351]},"properties":{"id":"ANA:s/n","orgao":"ANA","uf":"BA","ano":2007,"categoria":"outorga","tipo":"Atos Ambientais","empresa":"CHÁCARA SÃO FRANCISCO","municipio":"GLÓRIA","processo":"s/n","link_oficial":null,"resumo":"Atos Ambientais","aprox":true}},{"type":"Feature","geometry":{"type":"Point","coordinates":[-52.538,-18.4073]},"properties":{"id":"ANA:s/n","orgao":"ANA","uf":"GO","ano":2006,"categoria":"outorga","tipo":"Atos Ambientais","empresa":"Fazenda Campo Bom","municipio":"CHAPADÃO DO CÉU","processo":"s/n","link_oficial":null,"resumo":"Atos Ambientais","aprox":true}},{"type":"Feature","geometry":{"type":"Point","coordinates":[-39.29429,-8.51861]},"properties":{"id":"ANA:s/n","orgao":"ANA","uf":"PE","ano":2011,"categoria":"outorga","tipo":"Atos Ambientais","empresa":"PROJETO DE INTEGRAÇÃO DO RIO SÃO FRANCISCO","municipio":"CABROBÓ","processo":"s/n","link_oficial":null,"resumo":"Atos Ambientais","aprox":true}},{"type":"Feature","geometry":{"type":"Point","coordinates":[-39.28296,-7.93058]},"properties":{"id":"ANA:s/n","orgao":"ANA","uf":"PE","ano":2010,"categoria":"outorga","tipo":"Atos Ambientais","empresa":"Projeto de Integração do Rio São Francisco com Bacias Hidrográficas do Nordeste ","municipio":"SERRITA","processo":"s/n","link_oficial":null,"resumo":"Atos Ambientais","aprox":true}},{"type":"Feature","geometry":{"type":"Point","coordinates":[-48.35595,-9.75032]},"properties":{"id":"ANA:s/n","orgao":"ANA","uf":"TO","ano":2010,"categoria":"outorga","tipo":"Atos Ambientais","empresa":"PONTE SOBRE O RIO TOCANTIS","municipio":"LAJEADO","processo":"s/n","link_oficial":null,"resumo":"Atos Ambientais","aprox":true}},{"type":"Feature","geometry":{"type":"Point","coordinates":[-60.01376,-3.13265]},"properties":{"id":"ANA:s/n","orgao":"ANA","uf":"AM","ano":2009,"categoria":"outorga","tipo":"Atos Ambientais","empresa":"Consórcio Rio Negro","municipio":"MANAUS","processo":"s/n","link_oficial":null,"resumo":"Atos Ambientais","aprox":true}},{"type":"Feature","geometry":{"type":"Point","coordinates":[-47.52707,-14.70707]},"properties":{"id":"ANA:s/n","orgao":"ANA","uf":"GO","ano":2008,"categoria":"outorga","tipo":"Atos Ambientais","empresa":"FAZENDA CAMPO NOVO","municipio":"SÃO JOÃO D'ALIANÇA","processo":"s/n","link_oficial":null,"resumo":"Atos Ambientais","aprox":true}},{"type":"Feature","geometry":{"type":"Point","coordinates":[-46.01911,-23.41531]},"properties":{"id":"ANA:s/n","orgao":"ANA","uf":"SP","ano":2011,"categoria":"outorga","tipo":"Atos Ambientais","empresa":"Haras Mocivuna","municipio":"GUARAREMA","processo":"s/n","link_oficial":null,"resumo":"Atos Ambientais","aprox":true}},{"type":"Feature","geometry":{"type":"Point","coordinates":[-37.22303,-11.01003]},"properties":{"id":"ANA:s/n","orgao":"ANA","uf":"SE","ano":2004,"categoria":"outorga","tipo":"Atos Ambientais","empresa":"Não Informado","municipio":"SÃO CRISTÓVÃO","processo":"s/n","link_oficial":null,"resumo":"Atos Ambientais","aprox":true}},{"type":"Feature","geometry":{"type":"Point","coordinates":[-48.31515,-20.31509]},"properties":{"id":"ANA:s/n","orgao":"ANA","uf":"SP","ano":2002,"categoria":"outorga","tipo":"Atos Ambientais","empresa":"SÍTIO PRIMAVERA","municipio":"GUAÍRA","processo":"s/n","link_oficial":null,"resumo":"Atos Ambientais","aprox":true}},{"type":"Feature","geometry":{"type":"Point","coordinates":[-34.90403,-7.51396]},"properties":{"id":"ANA:s/n","orgao":"ANA","uf":"PB","ano":2011,"categoria":"outorga","tipo":"Atos Ambientais","empresa":"CAPOMAR","municipio":"CAAPORÃ","processo":"s/n","link_oficial":null,"resumo":"Atos Ambientais","aprox":true}},{"type":"Feature","geometry":{"type":"Point","coordinates":[-52.58096,-1.50847]},"properties":{"id":"ANA:s/n","orgao":"ANA","uf":"PA","ano":2011,"categoria":"outorga","tipo":"Atos Ambientais","empresa":"UHE Santo Antônio do Jari","municipio":"ALMEIRIM","processo":"s/n","link_oficial":null,"resumo":"Atos Ambientais","aprox":true}},{"type":"Feature","geometry":{"type":"Point","coordinates":[-38.25689,-9.32351]},"properties":{"id":"ANA:s/n","orgao":"ANA","uf":"BA","ano":2009,"categoria":"outorga","tipo":"Atos Ambientais","empresa":"Lote Agrícola Irrigável n° 48","municipio":"GLÓRIA","processo":"s/n","link_oficial":null,"resumo":"Atos Ambientais","aprox":true}},{"type":"Feature","geometry":{"type":"Point","coordinates":[-45.51325,-20.8696]},"properties":{"id":"ANA:s/n","orgao":"ANA","uf":"MG","ano":2010,"categoria":"outorga","tipo":"Atos Ambientais","empresa":"Fazenda Paraíso","municipio":"CRISTAIS","processo":"s/n","link_oficial":null,"resumo":"Atos Ambientais","aprox":true}},{"type":"Feature","geometry":{"type":"Point","coordinates":[-40.974,-9.16408]},"properties":{"id":"ANA:s/n","orgao":"ANA","uf":"BA","ano":2010,"categoria":"outorga","tipo":"Atos Ambientais","empresa":"SANTA JOANA II","municipio":"CASA NOVA","processo":"s/n","link_oficial":null,"resumo":"Atos Ambientais","aprox":true}},{"type":"Feature","geometry":{"type":"Point","coordinates":[-53.06743,-32.24028]},"properties":{"id":"ANA:s/n","orgao":"ANA","uf":"RS","ano":2010,"categoria":"outorga","tipo":"Atos Ambientais","empresa":"GRANJA SÃO JOAQUIM","municipio":"ARROIO GRANDE","processo":"s/n","link_oficial":null,"resumo":"Atos Ambientais","aprox":true}},{"type":"Feature","geometry":{"type":"Point","coordinates":[-45.45945,-22.92389]},"properties":{"id":"ANA:s/n","orgao":"ANA","uf":"SP","ano":2012,"categoria":"outorga","tipo":"Atos Ambientais","empresa":"SAA e SES - Pindamonhangaba","municipio":"PINDAMONHANGABA","processo":"s/n","link_oficial":null,"resumo":"Atos Ambientais","aprox":true}},{"type":"Feature","geometry":{"type":"Point","coordinates":[-41.88189,-9.73591]},"properties":{"id":"ANA:s/n","orgao":"ANA","uf":"BA","ano":2011,"categoria":"outorga","tipo":"Atos Ambientais","empresa":"Abastecimento Publico de Água","municipio":"SENTO SÉ","processo":"s/n","link_oficial":null,"resumo":"Atos Ambientais","aprox":true}},{"type":"Feature","geometry":{"type":"Point","coordinates":[-45.70791,-22.2484]},"properties":{"id":"ANA:s/n","orgao":"ANA","uf":"MG","ano":2007,"categoria":"outorga","tipo":"Atos Ambientais","empresa":"MINERACAO SAPUCAI LTDA","municipio":"SANTA RITA DO SAPUCAÍ","processo":"s/n","link_oficial":null,"resumo":"Atos Ambientais","aprox":true}},{"type":"Feature","geometry":{"type":"Point","coordinates":[-44.71347,-17.58426]},"properties":{"id":"ANA:s/n","orgao":"ANA","uf":"MG","ano":2004,"categoria":"outorga","tipo":"Atos Ambientais","empresa":"FAZENDA DA BARRA","municipio":"VÁRZEA DA PALMA","processo":"s/n","link_oficial":null,"resumo":"Atos Ambientais","aprox":true}},{"type":"Feature","geometry":{"type":"Point","coordinates":[-44.18368,-22.55821]},"properties":{"id":"ANA:s/n","orgao":"ANA","uf":"RJ","ano":2003,"categoria":"outorga","tipo":"Atos Ambientais","empresa":"SAINT-GOBAIN CANALIZAÇÃO LTDA","municipio":"BARRA MANSA","processo":"s/n","link_oficial":null,"resumo":"Atos Ambientais","aprox":true}},{"type":"Feature","geometry":{"type":"Point","coordinates":[-47.0991,-17.76593]},"properties":{"id":"ANA:s/n","orgao":"ANA","uf":"MG","ano":2009,"categoria":"outorga","tipo":"Atos Ambientais","empresa":"FAZENDA BATALHA BARTOLOMEU - PCMOR LOTE 32","municipio":"GUARDA-MOR","processo":"s/n","link_oficial":null,"resumo":"Atos Ambientais","aprox":true}},{"type":"Feature","geometry":{"type":"Point","coordinates":[-42.69472,-13.01856]},"properties":{"id":"ANA:s/n","orgao":"ANA","uf":"BA","ano":2003,"categoria":"outorga","tipo":"Atos Ambientais","empresa":"Serviços de Abastecimento de Água dos Município de Ibipitanga, Macaúbas e Almoço","municipio":"MACAÚBAS","processo":"s/n","link_oficial":null,"resumo":"Atos Ambientais","aprox":true}},{"type":"Feature","geometry":{"type":"Point","coordinates":[-43.05891,-21.99149]},"properties":{"id":"ANA:s/n","orgao":"ANA","uf":"MG","ano":2011,"categoria":"outorga","tipo":"Atos Ambientais","empresa":"Sistema de Abastecimento do Município de Sapucaia","municipio":"CHIADOR","processo":"s/n","link_oficial":null,"resumo":"Atos Ambientais","aprox":true}},{"type":"Feature","geometry":{"type":"Point","coordinates":[-46.88688,-16.36953]},"properties":{"id":"ANA:s/n","orgao":"ANA","uf":"MG","ano":2002,"categoria":"outorga","tipo":"Atos Ambientais","empresa":"Fazenda Jardim","municipio":"UNAÍ","processo":"s/n","link_oficial":null,"resumo":"Atos Ambientais","aprox":true}},{"type":"Feature","geometry":{"type":"Point","coordinates":[-40.43376,-13.43042]},"properties":{"id":"ANA:s/n","orgao":"ANA","uf":"BA","ano":2010,"categoria":"outorga","tipo":"Atos Ambientais","empresa":"Fazenda California - Povoado Porto Alegre","municipio":"MARACÁS","processo":"s/n","link_oficial":null,"resumo":"Atos Ambientais","aprox":true}},{"type":"Feature","geometry":{"type":"Point","coordinates":[-38.21113,-9.40232]},"properties":{"id":"ANA:s/n","orgao":"ANA","uf":"BA","ano":2006,"categoria":"outorga","tipo":"Atos Ambientais","empresa":"CHÁCARA ORIENTE","municipio":"PAULO AFONSO","processo":"s/n","link_oficial":null,"resumo":"Atos Ambientais","aprox":true}},{"type":"Feature","geometry":{"type":"Point","coordinates":[-46.52141,-22.94759]},"properties":{"id":"ANA:s/n","orgao":"ANA","uf":"SP","ano":2003,"categoria":"outorga","tipo":"Atos Ambientais","empresa":"PHIBRO SAUDE E NUTRIÇÃO ANIMAL LTDA","municipio":"BRAGANÇA PAULISTA","processo":"s/n","link_oficial":null,"resumo":"Atos Ambientais","aprox":true}},{"type":"Feature","geometry":{"type":"Point","coordinates":[-44.09015,-15.09279]},"properties":{"id":"ANA:s/n","orgao":"ANA","uf":"MG","ano":2006,"categoria":"outorga","tipo":"Atos Ambientais","empresa":"FAZENDA ILHA (VEREDINHA)","municipio":"ITACARAMBI","processo":"s/n","link_oficial":null,"resumo":"Atos Ambientais","aprox":true}},{"type":"Feature","geometry":{"type":"Point","coordinates":[-40.48943,-9.37167]},"properties":{"id":"ANA:s/n","orgao":"ANA","uf":"PE","ano":2010,"categoria":"outorga","tipo":"Atos Ambientais","empresa":"SITIO RENASCER","municipio":"PETROLINA","processo":"s/n","link_oficial":null,"resumo":"Atos Ambientais","aprox":true}},{"type":"Feature","geometry":{"type":"Point","coordinates":[-39.88448,-8.9969]},"properties":{"id":"ANA:s/n","orgao":"ANA","uf":"BA","ano":2009,"categoria":"outorga","tipo":"Atos Ambientais","empresa":"fazenda capivara","municipio":"CURAÇÁ","processo":"s/n","link_oficial":null,"resumo":"Atos Ambientais","aprox":true}},{"type":"Feature","geometry":{"type":"Point","coordinates":[-41.75904,-15.31471]},"properties":{"id":"ANA:s/n","orgao":"ANA","uf":"MG","ano":2009,"categoria":"outorga","tipo":"Atos Ambientais","empresa":"FAZENDA CACHOEIRA","municipio":"NINHEIRA","processo":"s/n","link_oficial":null,"resumo":"Atos Ambientais","aprox":true}},{"type":"Feature","geometry":{"type":"Point","coordinates":[-43.42546,-21.94732]},"properties":{"id":"ANA:s/n","orgao":"ANA","uf":"MG","ano":2012,"categoria":"outorga","tipo":"Atos Ambientais","empresa":"ÁLVARO MIGUEL DE SOUZA","municipio":"BELMIRO BRAGA","processo":"s/n","link_oficial":null,"resumo":"Atos Ambientais","aprox":true}},{"type":"Feature","geometry":{"type":"Point","coordinates":[-40.81265,-9.44953]},"properties":{"id":"ANA:s/n","orgao":"ANA","uf":"BA","ano":2011,"categoria":"outorga","tipo":"Atos Ambientais","empresa":"ASSOCIAÇÃO DA CHAPADINHA","municipio":"SOBRADINHO","processo":"s/n","link_oficial":null,"resumo":"Atos Ambientais","aprox":true}},{"type":"Feature","geometry":{"type":"Point","coordinates":[-42.80263,-14.92734]},"properties":{"id":"ANA:s/n","orgao":"ANA","uf":"MG","ano":2011,"categoria":"outorga","tipo":"Atos Ambientais","empresa":"Fazenda Lagoa do Marruaz","municipio":"ESPINOSA","processo":"s/n","link_oficial":null,"resumo":"Atos Ambientais","aprox":true}},{"type":"Feature","geometry":{"type":"Point","coordinates":[-47.39224,-22.18797]},"properties":{"id":"ANA:s/n","orgao":"ANA","uf":"SP","ano":2002,"categoria":"outorga","tipo":"Atos Ambientais","empresa":"Fazenda Java","municipio":"LEME","processo":"s/n","link_oficial":null,"resumo":"Atos Ambientais","aprox":true}},{"type":"Feature","geometry":{"type":"Point","coordinates":[-35.00184,-6.37669]},"properties":{"id":"ANA:s/n","orgao":"ANA","uf":"RN","ano":2014,"categoria":"outorga","tipo":"Atos Ambientais","empresa":"Não Informado","municipio":"BAÍA FORMOSA","processo":"s/n","link_oficial":null,"resumo":"Atos Ambientais","aprox":true}},{"type":"Feature","geometry":{"type":"Point","coordinates":[-41.46607,-15.74728]},"properties":{"id":"ANA:s/n","orgao":"ANA","uf":"MG","ano":2006,"categoria":"outorga","tipo":"Atos Ambientais","empresa":"FAZENDA PROMISSAO","municipio":"ÁGUAS VERMELHAS","processo":"s/n","link_oficial":null,"resumo":"Atos Ambientais","aprox":true}},{"type":"Feature","geometry":{"type":"Point","coordinates":[-42.72525,-10.80145]},"properties":{"id":"ANA:s/n","orgao":"ANA","uf":"BA","ano":2003,"categoria":"outorga","tipo":"Atos Ambientais","empresa":"FAZENDA BOM SUCESSO","municipio":"XIQUE-XIQUE","processo":"s/n","link_oficial":null,"resumo":"Atos Ambientais","aprox":true}},{"type":"Feature","geometry":{"type":"Point","coordinates":[-54.26431,-25.1]},"properties":{"id":"ANA:s/n","orgao":"ANA","uf":"PR","ano":2009,"categoria":"outorga","tipo":"Atos Ambientais","empresa":"Propriedade Wilbert","municipio":"MISSAL","processo":"s/n","link_oficial":null,"resumo":"Atos Ambientais","aprox":true}},{"type":"Feature","geometry":{"type":"Point","coordinates":[-41.95147,-18.87344]},"properties":{"id":"ANA:s/n","orgao":"ANA","uf":"MG","ano":2010,"categoria":"outorga","tipo":"Atos Ambientais","empresa":"Colodetti & Lopes Ltda","municipio":"GOVERNADOR VALADARES","processo":"s/n","link_oficial":null,"resumo":"Atos Ambientais","aprox":true}},{"type":"Feature","geometry":{"type":"Point","coordinates":[-40.48943,-9.37167]},"properties":{"id":"ANA:s/n","orgao":"ANA","uf":"PE","ano":2006,"categoria":"outorga","tipo":"Atos Ambientais","empresa":"Fazneda Boa Sorte","municipio":"PETROLINA","processo":"s/n","link_oficial":null,"resumo":"Atos Ambientais","aprox":true}},{"type":"Feature","geometry":{"type":"Point","coordinates":[-41.25606,-14.72046]},"properties":{"id":"ANA:s/n","orgao":"ANA","uf":"BA","ano":2003,"categoria":"outorga","tipo":"Atos Ambientais","empresa":"Fazenda Coruja e Barra da Mamona","municipio":"CARAÍBAS","processo":"s/n","link_oficial":null,"resumo":"Atos Ambientais","aprox":true}},{"type":"Feature","geometry":{"type":"Point","coordinates":[-38.25689,-9.32351]},"properties":{"id":"ANA:s/n","orgao":"ANA","uf":"BA","ano":2010,"categoria":"outorga","tipo":"Atos Ambientais","empresa":"Sítio Atalho","municipio":"GLÓRIA","processo":"s/n","link_oficial":null,"resumo":"Atos Ambientais","aprox":true}},{"type":"Feature","geometry":{"type":"Point","coordinates":[-41.84569,-13.63871]},"properties":{"id":"ANA:s/n","orgao":"ANA","uf":"BA","ano":2008,"categoria":"outorga","tipo":"Atos Ambientais","empresa":"PERÍMETRO IRRIGADO BRUMADO-PIB","municipio":"LIVRAMENTO DE NOSSA SENHORA","processo":"s/n","link_oficial":null,"resumo":"Atos Ambientais","aprox":true}},{"type":"Feature","geometry":{"type":"Point","coordinates":[-52.45614,-0.80695]},"properties":{"id":"ANA:s/n","orgao":"ANA","uf":"AP","ano":2013,"categoria":"outorga","tipo":"Atos Ambientais","empresa":"UHE Santo Antônio do Jarí","municipio":"LARANJAL DO JARI","processo":"s/n","link_oficial":null,"resumo":"Atos Ambientais","aprox":true}},{"type":"Feature","geometry":{"type":"Point","coordinates":[-40.27419,-8.98938]},"properties":{"id":"ANA:s/n","orgao":"ANA","uf":"PE","ano":2011,"categoria":"outorga","tipo":"Atos Ambientais","empresa":"FAZENDA TANINO III e FAZENDA TANINO (Sitio Gado Bravo)","municipio":"LAGOA GRANDE","processo":"s/n","link_oficial":null,"resumo":"Atos Ambientais","aprox":true}},{"type":"Feature","geometry":{"type":"Point","coordinates":[-41.32376,-21.77863]},"properties":{"id":"ANA:s/n","orgao":"ANA","uf":"RJ","ano":2014,"categoria":"outorga","tipo":"Atos Ambientais","empresa":"COOPERATIVA AGROINDUSTRIAL DO ESTADO DO RIO DE JANEIRO LTDA","municipio":"CAMPOS DOS GOYTACAZES","processo":"s/n","link_oficial":null,"resumo":"Atos Ambientais","aprox":true}},{"type":"Feature","geometry":{"type":"Point","coordinates":[-42.35685,-21.11665]},"properties":{"id":"ANA:s/n","orgao":"ANA","uf":"MG","ano":2002,"categoria":"outorga","tipo":"Atos Ambientais","empresa":"COLETIVOS MURIAEENSE LTDA","municipio":"MURIAÉ","processo":"s/n","link_oficial":null,"resumo":"Atos Ambientais","aprox":true}},{"type":"Feature","geometry":{"type":"Point","coordinates":[-57.74893,-6.21237]},"properties":{"id":"ANA:s/n","orgao":"ANA","uf":"PA","ano":2013,"categoria":"outorga","tipo":"Atos Ambientais","empresa":"Canteiro de Obras UHE Teles Pires","municipio":"JACAREACANGA","processo":"s/n","link_oficial":null,"resumo":"Atos Ambientais","aprox":true}},{"type":"Feature","geometry":{"type":"Point","coordinates":[-46.86412,-17.22845]},"properties":{"id":"ANA:s/n","orgao":"ANA","uf":"MG","ano":2005,"categoria":"outorga","tipo":"Atos Ambientais","empresa":"Fazenda Bela Vista ou Chapada dos Rodrigues","municipio":"PARACATU","processo":"s/n","link_oficial":null,"resumo":"Atos Ambientais","aprox":true}},{"type":"Feature","geometry":{"type":"Point","coordinates":[-46.09517,-15.90856]},"properties":{"id":"ANA:02501.000196/2014","orgao":"ANA","uf":"MG","ano":2017,"categoria":"outorga","tipo":"Atos Ambientais","empresa":"Fazenda Nevada I","municipio":"ARINOS","processo":"02501.000196/2014","link_oficial":"https://www.snirh.gov.br/cnarh/consulta/processo?numero=02501.000196/2014","resumo":"Atos Ambientais","aprox":true}},{"type":"Feature","geometry":{"type":"Point","coordinates":[-40.27846,-8.99458]},"properties":{"id":"ANA:025010000852018","orgao":"ANA","uf":"PE","ano":2018,"categoria":"outorga","tipo":"Atos Ambientais","empresa":"Associação dos Produtores Rurais do Assentamento Madre Paulina","municipio":"LAGOA GRANDE","processo":"025010000852018","link_oficial":"https://www.snirh.gov.br/cnarh/consulta/processo?numero=025010000852018","resumo":"Atos Ambientais","aprox":true}},{"type":"Feature","geometry":{"type":"Point","coordinates":[-37.9908,-9.36839]},"properties":{"id":"ANA:025010036332017","orgao":"ANA","uf":"AL","ano":2018,"categoria":"outorga","tipo":"Atos Ambientais","empresa":"Fazenda Monte Escuro","municipio":"DELMIRO GOUVEIA","processo":"025010036332017","link_oficial":"https://www.snirh.gov.br/cnarh/consulta/processo?numero=025010036332017","resumo":"Atos Ambientais","aprox":true}},{"type":"Feature","geometry":{"type":"Point","coordinates":[-43.83832,-22.47477]},"properties":{"id":"ANA:025010012802018","orgao":"ANA","uf":"RJ","ano":2018,"categoria":"outorga","tipo":"Atos Ambientais","empresa":"QUIMVALE-QUIMICA INDUSTRIAL VALE DO PARAIBA LTDA","municipio":"BARRA DO PIRAÍ","processo":"025010012802018","link_oficial":"https://www.snirh.gov.br/cnarh/consulta/processo?numero=025010012802018","resumo":"Atos Ambientais","aprox":true}},{"type":"Feature","geometry":{"type":"Point","coordinates":[-46.88698,-16.37152]},"properties":{"id":"ANA:025010029752018","orgao":"ANA","uf":"MG","ano":2018,"categoria":"outorga","tipo":"Atos Ambientais","empresa":"GERALDO LUIZ DE MELO","municipio":"UNAÍ","processo":"025010029752018","link_oficial":"https://www.snirh.gov.br/cnarh/consulta/processo?numero=025010029752018","resumo":"Atos Ambientais","aprox":true}},{"type":"Feature","geometry":{"type":"Point","coordinates":[-36.12865,-7.48401]},"properties":{"id":"ANA:025010032422018","orgao":"ANA","uf":"PB","ano":2019,"categoria":"outorga","tipo":"Atos Ambientais","empresa":"Sítio Moita","municipio":"BOQUEIRÃO","processo":"025010032422018","link_oficial":"https://www.snirh.gov.br/cnarh/consulta/processo?numero=025010032422018","resumo":"Atos Ambientais","aprox":true}},{"type":"Feature","geometry":{"type":"Point","coordinates":[-49.12056,-5.37092]},"properties":{"id":"ANA:025010032922018","orgao":"ANA","uf":"PA","ano":2018,"categoria":"outorga","tipo":"Atos Ambientais","empresa":"PA SABINO SÃO PEDRO 56","municipio":"MARABÁ","processo":"025010032922018","link_oficial":"https://www.snirh.gov.br/cnarh/consulta/processo?numero=025010032922018","resumo":"Atos Ambientais","aprox":true}},{"type":"Feature","geometry":{"type":"Point","coordinates":[-36.12609,-7.47447]},"properties":{"id":"ANA:025010033522018","orgao":"ANA","uf":"PB","ano":2019,"categoria":"outorga","tipo":"Atos Ambientais","empresa":"SITIO MARIA DAS GRASA","municipio":"BOQUEIRÃO","processo":"025010033522018","link_oficial":"https://www.snirh.gov.br/cnarh/consulta/processo?numero=025010033522018","resumo":"Atos Ambientais","aprox":true}},{"type":"Feature","geometry":{"type":"Point","coordinates":[-44.52447,-14.16424]},"properties":{"id":"ANA:025010029362017","orgao":"ANA","uf":"BA","ano":2018,"categoria":"outorga","tipo":"Atos Ambientais","empresa":"Fazenda Barriguda","municipio":"COCOS","processo":"025010029362017","link_oficial":"https://www.snirh.gov.br/cnarh/consulta/processo?numero=025010029362017","resumo":"Atos Ambientais","aprox":true}},{"type":"Feature","geometry":{"type":"Point","coordinates":[-44.43468,-22.46646]},"properties":{"id":"ANA:s/n","orgao":"ANA","uf":"RJ","ano":2009,"categoria":"outorga","tipo":"Atos Ambientais","empresa":"ABASTECIMENTO DE ÁGUA E ESGOTAMENTO SANITÁRIO DO MUNICÍPIO DE RESENDE","municipio":"RESENDE","processo":"s/n","link_oficial":null,"resumo":"Atos Ambientais","aprox":true}},{"type":"Feature","geometry":{"type":"Point","coordinates":[-44.0996,-22.5334]},"properties":{"id":"ANA:s/n","orgao":"ANA","uf":"RJ","ano":2009,"categoria":"outorga","tipo":"Atos Ambientais","empresa":"SERVIÇO AUTÔNOMO DE ÁGUA E ESGOTO DE VOLTA REDONDA - SAAE -VR","municipio":"VOLTA REDONDA","processo":"s/n","link_oficial":null,"resumo":"Atos Ambientais","aprox":true}},{"type":"Feature","geometry":{"type":"Point","coordinates":[-41.0085,-16.44224]},"properties":{"id":"ANA:s/n","orgao":"ANA","uf":"MG","ano":2014,"categoria":"outorga","tipo":"Atos Ambientais","empresa":"SÍTIO NAANMI","municipio":"JEQUITINHONHA","processo":"s/n","link_oficial":null,"resumo":"Atos Ambientais","aprox":true}},{"type":"Feature","geometry":{"type":"Point","coordinates":[-42.6896,-21.39262]},"properties":{"id":"ANA:s/n","orgao":"ANA","uf":"MG","ano":2008,"categoria":"outorga","tipo":"Atos Ambientais","empresa":"RECICLEBEM","municipio":"CATAGUASES","processo":"s/n","link_oficial":null,"resumo":"Atos Ambientais","aprox":true}},{"type":"Feature","geometry":{"type":"Point","coordinates":[-49.66609,-3.77955]},"properties":{"id":"ANA:025010011592018","orgao":"ANA","uf":"PA","ano":2018,"categoria":"outorga","tipo":"Atos Ambientais","empresa":"Palmyra do Brasil Indústria e Comércio de Silício Metálico e Recursos Naturais L","municipio":"TUCURUÍ","processo":"025010011592018","link_oficial":"https://www.snirh.gov.br/cnarh/consulta/processo?numero=025010011592018","resumo":"Atos Ambientais","aprox":true}},{"type":"Feature","geometry":{"type":"Point","coordinates":[-36.0749,-9.4017]},"properties":{"id":"ANA:025010035972017","orgao":"ANA","uf":"AL","ano":2018,"categoria":"outorga","tipo":"Atos Ambientais","empresa":"Fazenda Bandeira","municipio":"CAPELA","processo":"025010035972017","link_oficial":"https://www.snirh.gov.br/cnarh/consulta/processo?numero=025010035972017","resumo":"Atos Ambientais","aprox":true}},{"type":"Feature","geometry":{"type":"Point","coordinates":[-36.29879,-7.47978]},"properties":{"id":"ANA:025010037472018","orgao":"ANA","uf":"PB","ano":2019,"categoria":"outorga","tipo":"Atos Ambientais","empresa":"FAZENDA MAL ASSOMBRADA","municipio":"CABACEIRAS","processo":"025010037472018","link_oficial":"https://www.snirh.gov.br/cnarh/consulta/processo?numero=025010037472018","resumo":"Atos Ambientais","aprox":true}},{"type":"Feature","geometry":{"type":"Point","coordinates":[-46.86453,-20.35332]},"properties":{"id":"ANA:s/n","orgao":"ANA","uf":"MG","ano":2017,"categoria":"outorga","tipo":"Atos Ambientais","empresa":"Não Informado","municipio":"DELFINÓPOLIS","processo":"s/n","link_oficial":null,"resumo":"Atos Ambientais","aprox":true}},{"type":"Feature","geometry":{"type":"Point","coordinates":[-38.25705,-9.34088]},"properties":{"id":"ANA:025010029012018","orgao":"ANA","uf":"BA","ano":2018,"categoria":"outorga","tipo":"Atos Ambientais","empresa":"MALHADA DO SOL","municipio":"GLÓRIA","processo":"025010029012018","link_oficial":"https://www.snirh.gov.br/cnarh/consulta/processo?numero=025010029012018","resumo":"Atos Ambientais","aprox":true}},{"type":"Feature","geometry":{"type":"Point","coordinates":[-38.25166,-9.34298]},"properties":{"id":"ANA:02501.001678/2017","orgao":"ANA","uf":"BA","ano":2017,"categoria":"outorga","tipo":"Atos Ambientais","empresa":"Roça Serrota","municipio":"GLÓRIA","processo":"02501.001678/2017","link_oficial":"https://www.snirh.gov.br/cnarh/consulta/processo?numero=02501.001678/2017","resumo":"Atos Ambientais","aprox":true}},{"type":"Feature","geometry":{"type":"Point","coordinates":[-39.82342,-8.788]},"properties":{"id":"ANA:025010044052018","orgao":"ANA","uf":"PE","ano":2018,"categoria":"outorga","tipo":"Atos Ambientais","empresa":"Jardineira 2","municipio":"SANTA MARIA DA BOA VISTA","processo":"025010044052018","link_oficial":"https://www.snirh.gov.br/cnarh/consulta/processo?numero=025010044052018","resumo":"Atos Ambientais","aprox":true}},{"type":"Feature","geometry":{"type":"Point","coordinates":[-46.11548,-20.97479]},"properties":{"id":"ANA:025010038942018","orgao":"ANA","uf":"MG","ano":2018,"categoria":"outorga","tipo":"Atos Ambientais","empresa":"Fazenda Bom Jesus","municipio":"CARMO DO RIO CLARO","processo":"025010038942018","link_oficial":"https://www.snirh.gov.br/cnarh/consulta/processo?numero=025010038942018","resumo":"Atos Ambientais","aprox":true}},{"type":"Feature","geometry":{"type":"Point","coordinates":[-47.6197,-16.7676]},"properties":{"id":"ANA:s/n","orgao":"ANA","uf":"GO","ano":2018,"categoria":"outorga","tipo":"Atos Ambientais","empresa":"Fazenda Capim Pubo lugar denominado fazenda Aurora","municipio":"CRISTALINA","processo":"s/n","link_oficial":null,"resumo":"Atos Ambientais","aprox":true}},{"type":"Feature","geometry":{"type":"Point","coordinates":[-39.89918,-8.98529]},"properties":{"id":"ANA:025010051242018","orgao":"ANA","uf":"BA","ano":2018,"categoria":"outorga","tipo":"Atos Ambientais","empresa":"Fazenda Lagoa","municipio":"CURAÇÁ","processo":"025010051242018","link_oficial":"https://www.snirh.gov.br/cnarh/consulta/processo?numero=025010051242018","resumo":"Atos Ambientais","aprox":true}},{"type":"Feature","geometry":{"type":"Point","coordinates":[-51.10057,-26.24429]},"properties":{"id":"ANA:s/n","orgao":"ANA","uf":"PR","ano":2009,"categoria":"outorga","tipo":"Atos Ambientais","empresa":"Não Informado","municipio":"UNIÃO DA VITÓRIA","processo":"s/n","link_oficial":null,"resumo":"Atos Ambientais","aprox":true}},{"type":"Feature","geometry":{"type":"Point","coordinates":[-36.15001,-7.488]},"properties":{"id":"ANA:025010053172018","orgao":"ANA","uf":"PB","ano":2019,"categoria":"outorga","tipo":"Atos Ambientais","empresa":"FAZENDA POÇO DOCE","municipio":"BOQUEIRÃO","processo":"025010053172018","link_oficial":"https://www.snirh.gov.br/cnarh/consulta/processo?numero=025010053172018","resumo":"Atos Ambientais","aprox":true}},{"type":"Feature","geometry":{"type":"Point","coordinates":[-40.96958,-9.15777]},"properties":{"id":"ANA:025010051342018","orgao":"ANA","uf":"BA","ano":2018,"categoria":"outorga","tipo":"Atos Ambientais","empresa":"Sítio Nossa Senhora Aparecida","municipio":"CASA NOVA","processo":"025010051342018","link_oficial":"https://www.snirh.gov.br/cnarh/consulta/processo?numero=025010051342018","resumo":"Atos Ambientais","aprox":true}},{"type":"Feature","geometry":{"type":"Point","coordinates":[-37.99168,-9.37213]},"properties":{"id":"ANA:025010052782018","orgao":"ANA","uf":"AL","ano":2018,"categoria":"outorga","tipo":"Atos Ambientais","empresa":"Chacara Morgana","municipio":"DELMIRO GOUVEIA","processo":"025010052782018","link_oficial":"https://www.snirh.gov.br/cnarh/consulta/processo?numero=025010052782018","resumo":"Atos Ambientais","aprox":true}},{"type":"Feature","geometry":{"type":"Point","coordinates":[-44.45145,-22.4626]},"properties":{"id":"ANA:025010040622018","orgao":"ANA","uf":"RJ","ano":2018,"categoria":"outorga","tipo":"Atos Ambientais","empresa":"Extração de Areia Transporte e Comércio Progresso Ltda - Epp","municipio":"RESENDE","processo":"025010040622018","link_oficial":"https://www.snirh.gov.br/cnarh/consulta/processo?numero=025010040622018","resumo":"Atos Ambientais","aprox":true}},{"type":"Feature","geometry":{"type":"Point","coordinates":[-41.12528,-18.85337]},"properties":{"id":"ANA:025010000912019","orgao":"ANA","uf":"ES","ano":2020,"categoria":"outorga","tipo":"Atos Ambientais","empresa":"Sitio Oliveira","municipio":"MANTENÓPOLIS","processo":"025010000912019","link_oficial":"https://www.snirh.gov.br/cnarh/consulta/processo?numero=025010000912019","resumo":"Atos Ambientais","aprox":true}},{"type":"Feature","geometry":{"type":"Point","coordinates":[-37.42899,-9.7538]},"properties":{"id":"ANA:025010003002019","orgao":"ANA","uf":"AL","ano":2019,"categoria":"outorga","tipo":"Atos Ambientais","empresa":"Sítio Povoado Jacarezinho","municipio":"PÃO DE AÇÚCAR","processo":"025010003002019","link_oficial":"https://www.snirh.gov.br/cnarh/consulta/processo?numero=025010003002019","resumo":"Atos Ambientais","aprox":true}},{"type":"Feature","geometry":{"type":"Point","coordinates":[-36.13308,-7.49461]},"properties":{"id":"ANA:025010001402019","orgao":"ANA","uf":"PB","ano":2019,"categoria":"outorga","tipo":"Atos Ambientais","empresa":"GRANJA PARAÍSO","municipio":"BOQUEIRÃO","processo":"025010001402019","link_oficial":"https://www.snirh.gov.br/cnarh/consulta/processo?numero=025010001402019","resumo":"Atos Ambientais","aprox":true}},{"type":"Feature","geometry":{"type":"Point","coordinates":[-42.00955,-20.81823]},"properties":{"id":"ANA:025010055442018","orgao":"ANA","uf":"MG","ano":2019,"categoria":"outorga","tipo":"Atos Ambientais","empresa":"SÍTIO BOA VENTURA","municipio":"FARIA LEMOS","processo":"025010055442018","link_oficial":"https://www.snirh.gov.br/cnarh/consulta/processo?numero=025010055442018","resumo":"Atos Ambientais","aprox":true}},{"type":"Feature","geometry":{"type":"Point","coordinates":[-37.80115,-6.76585]},"properties":{"id":"ANA:025010008142019","orgao":"ANA","uf":"PB","ano":2019,"categoria":"outorga","tipo":"Atos Ambientais","empresa":"Sítio São Braz III","municipio":"POMBAL","processo":"025010008142019","link_oficial":"https://www.snirh.gov.br/cnarh/consulta/processo?numero=025010008142019","resumo":"Atos Ambientais","aprox":true}},{"type":"Feature","geometry":{"type":"Point","coordinates":[-42.80323,-5.0871]},"properties":{"id":"ANA:025010000292019","orgao":"ANA","uf":"PI","ano":2019,"categoria":"outorga","tipo":"Atos Ambientais","empresa":"DRAGA MINERADORA RIO PARNAIBA LTDA - ME","municipio":"TERESINA","processo":"025010000292019","link_oficial":"https://www.snirh.gov.br/cnarh/consulta/processo?numero=025010000292019","resumo":"Atos Ambientais","aprox":true}},{"type":"Feature","geometry":{"type":"Point","coordinates":[-36.13083,-7.48721]},"properties":{"id":"ANA:025010013232019","orgao":"ANA","uf":"PB","ano":2019,"categoria":"outorga","tipo":"Atos Ambientais","empresa":"SITIO MARAVILHA 1","municipio":"BOQUEIRÃO","processo":"025010013232019","link_oficial":"https://www.snirh.gov.br/cnarh/consulta/processo?numero=025010013232019","resumo":"Atos Ambientais","aprox":true}},{"type":"Feature","geometry":{"type":"Point","coordinates":[-49.55991,-8.81582]},"properties":{"id":"ANA:025010053862018","orgao":"ANA","uf":"TO","ano":2019,"categoria":"outorga","tipo":"Atos Ambientais","empresa":"EXTRAÇÃO DE AREIA","municipio":"ARAGUACEMA","processo":"025010053862018","link_oficial":"https://www.snirh.gov.br/cnarh/consulta/processo?numero=025010053862018","resumo":"Atos Ambientais","aprox":true}},{"type":"Feature","geometry":{"type":"Point","coordinates":[-52.01293,-2.87857]},"properties":{"id":"ANA:025010007252019","orgao":"ANA","uf":"PA","ano":2019,"categoria":"outorga","tipo":"Atos Ambientais","empresa":"Produção Agroecológica Integrada Sustentável","municipio":"VITÓRIA DO XINGU","processo":"025010007252019","link_oficial":"https://www.snirh.gov.br/cnarh/consulta/processo?numero=025010007252019","resumo":"Atos Ambientais","aprox":true}},{"type":"Feature","geometry":{"type":"Point","coordinates":[-37.43318,-6.48556]},"properties":{"id":"ANA:025010017272019","orgao":"ANA","uf":"PB","ano":2019,"categoria":"outorga","tipo":"Atos Ambientais","empresa":"Sítio Riachão","municipio":"SÃO BENTO","processo":"025010017272019","link_oficial":"https://www.snirh.gov.br/cnarh/consulta/processo?numero=025010017272019","resumo":"Atos Ambientais","aprox":true}},{"type":"Feature","geometry":{"type":"Point","coordinates":[-39.14816,-9.89986]},"properties":{"id":"ANA:025010045812018","orgao":"ANA","uf":"BA","ano":2019,"categoria":"outorga","tipo":"Atos Ambientais","empresa":"LAGOA DA BESTA 01","municipio":"CANUDOS","processo":"025010045812018","link_oficial":"https://www.snirh.gov.br/cnarh/consulta/processo?numero=025010045812018","resumo":"Atos Ambientais","aprox":true}},{"type":"Feature","geometry":{"type":"Point","coordinates":[-49.21129,-18.41245]},"properties":{"id":"ANA:025010037072017","orgao":"ANA","uf":"GO","ano":2018,"categoria":"outorga","tipo":"Atos Ambientais","empresa":"ITUMBIARA BIOENERGIA S.A.","municipio":"ITUMBIARA","processo":"025010037072017","link_oficial":"https://www.snirh.gov.br/cnarh/consulta/processo?numero=025010037072017","resumo":"Atos Ambientais","aprox":true}},{"type":"Feature","geometry":{"type":"Point","coordinates":[-42.06057,-16.84061]},"properties":{"id":"ANA:025010003322018","orgao":"ANA","uf":"MG","ano":2018,"categoria":"outorga","tipo":"Atos Ambientais","empresa":"Barriguda","municipio":"ARAÇUAÍ","processo":"025010003322018","link_oficial":"https://www.snirh.gov.br/cnarh/consulta/processo?numero=025010003322018","resumo":"Atos Ambientais","aprox":true}},{"type":"Feature","geometry":{"type":"Point","coordinates":[-37.62032,-6.57056]},"properties":{"id":"ANA:025010013162019","orgao":"ANA","uf":"PB","ano":2019,"categoria":"outorga","tipo":"Atos Ambientais","empresa":"Sítio Queimado","municipio":"PAULISTA","processo":"025010013162019","link_oficial":"https://www.snirh.gov.br/cnarh/consulta/processo?numero=025010013162019","resumo":"Atos Ambientais","aprox":true}},{"type":"Feature","geometry":{"type":"Point","coordinates":[-37.79515,-6.75947]},"properties":{"id":"ANA:025010014472019","orgao":"ANA","uf":"PB","ano":2019,"categoria":"outorga","tipo":"Atos Ambientais","empresa":"SÍTIO SÃO JOÃO I C0159","municipio":"POMBAL","processo":"025010014472019","link_oficial":"https://www.snirh.gov.br/cnarh/consulta/processo?numero=025010014472019","resumo":"Atos Ambientais","aprox":true}},{"type":"Feature","geometry":{"type":"Point","coordinates":[-37.44808,-6.47939]},"properties":{"id":"ANA:025010017532019","orgao":"ANA","uf":"PB","ano":2019,"categoria":"outorga","tipo":"Atos Ambientais","empresa":"SÍTIO JENIPAPO - C0090","municipio":"SÃO BENTO","processo":"025010017532019","link_oficial":"https://www.snirh.gov.br/cnarh/consulta/processo?numero=025010017532019","resumo":"Atos Ambientais","aprox":true}},{"type":"Feature","geometry":{"type":"Point","coordinates":[-45.07796,-16.38344]},"properties":{"id":"ANA:025010017712019","orgao":"ANA","uf":"MG","ano":2019,"categoria":"outorga","tipo":"Atos Ambientais","empresa":"FAZENDA BURITIZINHO","municipio":"SÃO ROMÃO","processo":"025010017712019","link_oficial":"https://www.snirh.gov.br/cnarh/consulta/processo?numero=025010017712019","resumo":"Atos Ambientais","aprox":true}},{"type":"Feature","geometry":{"type":"Point","coordinates":[-49.22954,-23.52074]},"properties":{"id":"ANA:025010006802019","orgao":"ANA","uf":"SP","ano":2019,"categoria":"outorga","tipo":"Atos Ambientais","empresa":"Fazenda Santa Cecilia","municipio":"TAQUARITUBA","processo":"025010006802019","link_oficial":"https://www.snirh.gov.br/cnarh/consulta/processo?numero=025010006802019","resumo":"Atos Ambientais","aprox":true}},{"type":"Feature","geometry":{"type":"Point","coordinates":[-46.09275,-15.93109]},"properties":{"id":"ANA:025010022092019","orgao":"ANA","uf":"MG","ano":2019,"categoria":"outorga","tipo":"Atos Ambientais","empresa":"Fazenda Mangues","municipio":"ARINOS","processo":"025010022092019","link_oficial":"https://www.snirh.gov.br/cnarh/consulta/processo?numero=025010022092019","resumo":"Atos Ambientais","aprox":true}},{"type":"Feature","geometry":{"type":"Point","coordinates":[-45.73654,-21.53664]},"properties":{"id":"ANA:025010025472019","orgao":"ANA","uf":"MG","ano":2019,"categoria":"outorga","tipo":"Atos Ambientais","empresa":"Antonio Carlos Ferreira","municipio":"PARAGUAÇU","processo":"025010025472019","link_oficial":"https://www.snirh.gov.br/cnarh/consulta/processo?numero=025010025472019","resumo":"Atos Ambientais","aprox":true}},{"type":"Feature","geometry":{"type":"Point","coordinates":[-43.29607,-22.16365]},"properties":{"id":"ANA:025010025352019","orgao":"ANA","uf":"RJ","ano":2019,"categoria":"outorga","tipo":"Atos Ambientais","empresa":"Targa Medical SA - Rio","municipio":"PARAÍBA DO SUL","processo":"025010025352019","link_oficial":"https://www.snirh.gov.br/cnarh/consulta/processo?numero=025010025352019","resumo":"Atos Ambientais","aprox":true}},{"type":"Feature","geometry":{"type":"Point","coordinates":[-48.03467,-20.19159]},"properties":{"id":"ANA:025010023182019","orgao":"ANA","uf":"SP","ano":2019,"categoria":"outorga","tipo":"Atos Ambientais","empresa":"FAZENDA SANTA JULIANA","municipio":"MIGUELÓPOLIS","processo":"025010023182019","link_oficial":"https://www.snirh.gov.br/cnarh/consulta/processo?numero=025010023182019","resumo":"Atos Ambientais","aprox":true}},{"type":"Feature","geometry":{"type":"Point","coordinates":[-40.27064,-8.98482]},"properties":{"id":"ANA:025010028722019","orgao":"ANA","uf":"PE","ano":2019,"categoria":"outorga","tipo":"Atos Ambientais","empresa":"ILHA RENASCER LOTE 1","municipio":"LAGOA GRANDE","processo":"025010028722019","link_oficial":"https://www.snirh.gov.br/cnarh/consulta/processo?numero=025010028722019","resumo":"Atos Ambientais","aprox":true}},{"type":"Feature","geometry":{"type":"Point","coordinates":[-38.22296,-6.74441]},"properties":{"id":"ANA:025010027342019","orgao":"ANA","uf":"PB","ano":2019,"categoria":"outorga","tipo":"Atos Ambientais","empresa":"Renda José Soares","municipio":"SOUSA","processo":"025010027342019","link_oficial":"https://www.snirh.gov.br/cnarh/consulta/processo?numero=025010027342019","resumo":"Atos Ambientais","aprox":true}},{"type":"Feature","geometry":{"type":"Point","coordinates":[-49.8176,-12.9346]},"properties":{"id":"ANA:025010033302019","orgao":"ANA","uf":"TO","ano":2019,"categoria":"outorga","tipo":"Atos Ambientais","empresa":"FAZENDA EBENEZER","municipio":"ARAGUAÇU","processo":"025010033302019","link_oficial":"https://www.snirh.gov.br/cnarh/consulta/processo?numero=025010033302019","resumo":"Atos Ambientais","aprox":true}},{"type":"Feature","geometry":{"type":"Point","coordinates":[-41.75037,-15.31688]},"properties":{"id":"ANA:025010007032021","orgao":"ANA","uf":"MG","ano":2021,"categoria":"outorga","tipo":"Atos Ambientais","empresa":"PCH Machado Mineiro Piscicultura","municipio":"NINHEIRA","processo":"025010007032021","link_oficial":"https://www.snirh.gov.br/cnarh/consulta/processo?numero=025010007032021","resumo":"Atos Ambientais","aprox":true}},{"type":"Feature","geometry":{"type":"Point","coordinates":[-44.38518,-15.5829]},"properties":{"id":"ANA:025010020992022","orgao":"ANA","uf":"MG","ano":2022,"categoria":"outorga","tipo":"Atos Ambientais","empresa":"FAZENDA CANTAGALO","municipio":"PEDRAS DE MARIA DA CRUZ","processo":"025010020992022","link_oficial":"https://www.snirh.gov.br/cnarh/consulta/processo?numero=025010020992022","resumo":"Atos Ambientais","aprox":true}},{"type":"Feature","geometry":{"type":"Point","coordinates":[-51.72757,-19.11193]},"properties":{"id":"ANA:025020041582025","orgao":"ANA","uf":"MS","ano":2025,"categoria":"outorga","tipo":"Atos Ambientais","empresa":"FAZENDA APORÉ","municipio":"CASSILÂNDIA","processo":"025020041582025","link_oficial":"https://www.snirh.gov.br/cnarh/consulta/processo?numero=025020041582025","resumo":"Atos Ambientais","aprox":true}},{"type":"Feature","geometry":{"type":"Point","coordinates":[-36.75176,-5.28192]},"properties":{"id":"ANA:025010066012019","orgao":"ANA","uf":"RN","ano":2026,"categoria":"outorga","tipo":"Atos Ambientais","empresa":"Sítio São Sebastião, C2202","municipio":"ALTO DO RODRIGUES","processo":"025010066012019","link_oficial":"https://www.snirh.gov.br/cnarh/consulta/processo?numero=025010066012019","resumo":"Atos Ambientais","aprox":true}},{"type":"Feature","geometry":{"type":"Point","coordinates":[-53.37124,-33.524]},"properties":{"id":"ANA:02501.001761/2011","orgao":"ANA","uf":"RS","ano":2016,"categoria":"outorga","tipo":"Atos Ambientais","empresa":"Sem nome","municipio":"SANTA VITÓRIA DO PALMAR","processo":"02501.001761/2011","link_oficial":"https://www.snirh.gov.br/cnarh/consulta/processo?numero=02501.001761/2011","resumo":"Atos Ambientais","aprox":true}},{"type":"Feature","geometry":{"type":"Point","coordinates":[-53.35843,-33.50801]},"properties":{"id":"ANA:02501.000128/2007","orgao":"ANA","uf":"RS","ano":2017,"categoria":"outorga","tipo":"Atos Ambientais","empresa":"Estância da Figueira","municipio":"SANTA VITÓRIA DO PALMAR","processo":"02501.000128/2007","link_oficial":"https://www.snirh.gov.br/cnarh/consulta/processo?numero=02501.000128/2007","resumo":"Atos Ambientais","aprox":true}},{"type":"Feature","geometry":{"type":"Point","coordinates":[-48.05747,-20.71077]},"properties":{"id":"ANA:s/n","orgao":"ANA","uf":"SP","ano":2004,"categoria":"outorga","tipo":"Atos Ambientais","empresa":"Usina Bela Vista S/A","municipio":"MORRO AGUDO","processo":"s/n","link_oficial":null,"resumo":"Atos Ambientais","aprox":true}},{"type":"Feature","geometry":{"type":"Point","coordinates":[-42.21028,-15.50123]},"properties":{"id":"ANA:s/n","orgao":"ANA","uf":"MG","ano":2014,"categoria":"outorga","tipo":"Atos Ambientais","empresa":"FAZENDA CAVADA","municipio":"INDAIABIRA","processo":"s/n","link_oficial":null,"resumo":"Atos Ambientais","aprox":true}},{"type":"Feature","geometry":{"type":"Point","coordinates":[-46.92512,-12.91865]},"properties":{"id":"ANA:02501.000949/2010","orgao":"ANA","uf":"TO","ano":2011,"categoria":"outorga","tipo":"Atos Ambientais","empresa":"ITAFOS","municipio":"ARRAIAS","processo":"02501.000949/2010","link_oficial":"https://www.snirh.gov.br/cnarh/consulta/processo?numero=02501.000949/2010","resumo":"Atos Ambientais","aprox":true}},{"type":"Feature","geometry":{"type":"Point","coordinates":[-38.33749,-10.06152]},"properties":{"id":"ANA:s/n","orgao":"ANA","uf":"BA","ano":2014,"categoria":"outorga","tipo":"Atos Ambientais","empresa":"FAZENDA APARECIDA","municipio":"JEREMOABO","processo":"s/n","link_oficial":null,"resumo":"Atos Ambientais","aprox":true}},{"type":"Feature","geometry":{"type":"Point","coordinates":[-39.26609,-3.80737]},"properties":{"id":"ANA:s/n","orgao":"ANA","uf":"CE","ano":2013,"categoria":"outorga","tipo":"Atos Ambientais","empresa":"Não Informado","municipio":"PENTECOSTE","processo":"s/n","link_oficial":null,"resumo":"Atos Ambientais","aprox":true}},{"type":"Feature","geometry":{"type":"Point","coordinates":[-49.54099,-11.79875]},"properties":{"id":"ANA:s/n","orgao":"ANA","uf":"TO","ano":2013,"categoria":"outorga","tipo":"Atos Ambientais","empresa":"Fazenda Cobrape","municipio":"FORMOSO DO ARAGUAIA","processo":"s/n","link_oficial":null,"resumo":"Atos Ambientais","aprox":true}},{"type":"Feature","geometry":{"type":"Point","coordinates":[-45.81521,-20.49986]},"properties":{"id":"ANA:s/n","orgao":"ANA","uf":"MG","ano":2015,"categoria":"outorga","tipo":"Atos Ambientais","empresa":"FAZENDA CABAÇAL","municipio":"PIMENTA","processo":"s/n","link_oficial":null,"resumo":"Atos Ambientais","aprox":true}},{"type":"Feature","geometry":{"type":"Point","coordinates":[-47.6197,-16.7676]},"properties":{"id":"ANA:s/n","orgao":"ANA","uf":"GO","ano":2014,"categoria":"outorga","tipo":"Atos Ambientais","empresa":"FAZENDA ALVORADA","municipio":"CRISTALINA","processo":"s/n","link_oficial":null,"resumo":"Atos Ambientais","aprox":true}},{"type":"Feature","geometry":{"type":"Point","coordinates":[-48.42218,-23.48031]},"properties":{"id":"ANA:s/n","orgao":"ANA","uf":"SP","ano":2013,"categoria":"outorga","tipo":"Atos Ambientais","empresa":"FAZENDA FUNIL","municipio":"ANGATUBA","processo":"s/n","link_oficial":null,"resumo":"Atos Ambientais","aprox":true}},{"type":"Feature","geometry":{"type":"Point","coordinates":[-39.82037,-8.79169]},"properties":{"id":"ANA:02501.001650/2016","orgao":"ANA","uf":"PE","ano":2016,"categoria":"outorga","tipo":"Atos Ambientais","empresa":"SÍTIO MANGA - FAZENDA INHANHUM","municipio":"SANTA MARIA DA BOA VISTA","processo":"02501.001650/2016","link_oficial":"https://www.snirh.gov.br/cnarh/consulta/processo?numero=02501.001650/2016","resumo":"Atos Ambientais","aprox":true}},{"type":"Feature","geometry":{"type":"Point","coordinates":[-41.57219,-21.15774]},"properties":{"id":"ANA:s/n","orgao":"ANA","uf":"ES","ano":2015,"categoria":"outorga","tipo":"Atos Ambientais","empresa":"Fazenda São Domingos","municipio":"APIACÁ","processo":"s/n","link_oficial":null,"resumo":"Atos Ambientais","aprox":true}},{"type":"Feature","geometry":{"type":"Point","coordinates":[-46.43317,-15.6164]},"properties":{"id":"ANA:s/n","orgao":"ANA","uf":"MG","ano":2014,"categoria":"outorga","tipo":"Atos Ambientais","empresa":"Não Informado","municipio":"BURITIS","processo":"s/n","link_oficial":null,"resumo":"Atos Ambientais","aprox":true}},{"type":"Feature","geometry":{"type":"Point","coordinates":[-46.43317,-15.6164]},"properties":{"id":"ANA:s/n","orgao":"ANA","uf":"MG","ano":2017,"categoria":"outorga","tipo":"Atos Ambientais","empresa":"Não Informado","municipio":"BURITIS","processo":"s/n","link_oficial":null,"resumo":"Atos Ambientais","aprox":true}},{"type":"Feature","geometry":{"type":"Point","coordinates":[-41.13391,-14.60445]},"properties":{"id":"ANA:02501.000800/2017","orgao":"ANA","uf":"BA","ano":2017,"categoria":"outorga","tipo":"Atos Ambientais","empresa":"Não Informado","municipio":"ANAGÉ","processo":"02501.000800/2017","link_oficial":"https://www.snirh.gov.br/cnarh/consulta/processo?numero=02501.000800/2017","resumo":"Atos Ambientais","aprox":true}},{"type":"Feature","geometry":{"type":"Point","coordinates":[-40.40604,-18.71391]},"properties":{"id":"ANA:s/n","orgao":"ANA","uf":"ES","ano":2012,"categoria":"outorga","tipo":"Atos Ambientais","empresa":"Sítio 2 Irmãos","municipio":"NOVA VENÉCIA","processo":"s/n","link_oficial":null,"resumo":"Atos Ambientais","aprox":true}},{"type":"Feature","geometry":{"type":"Point","coordinates":[-54.10264,-31.33054]},"properties":{"id":"ANA:02501.000034/2007","orgao":"ANA","uf":"RS","ano":2016,"categoria":"outorga","tipo":"Atos Ambientais","empresa":"GRANJA DO ESPANTOSO","municipio":"BAGÉ","processo":"02501.000034/2007","link_oficial":"https://www.snirh.gov.br/cnarh/consulta/processo?numero=02501.000034/2007","resumo":"Atos Ambientais","aprox":true}},{"type":"Feature","geometry":{"type":"Point","coordinates":[-54.10264,-31.33054]},"properties":{"id":"ANA:02501.000034/2007","orgao":"ANA","uf":"RS","ano":2016,"categoria":"outorga","tipo":"Atos Ambientais","empresa":"GRANJA DO ESPANTOSO","municipio":"BAGÉ","processo":"02501.000034/2007","link_oficial":"https://www.snirh.gov.br/cnarh/consulta/processo?numero=02501.000034/2007","resumo":"Atos Ambientais","aprox":true}},{"type":"Feature","geometry":{"type":"Point","coordinates":[-54.08594,-31.3337]},"properties":{"id":"ANA:02501.002651/2012","orgao":"ANA","uf":"RS","ano":2017,"categoria":"outorga","tipo":"Atos Ambientais","empresa":"Fazenda Estiva","municipio":"BAGÉ","processo":"02501.002651/2012","link_oficial":"https://www.snirh.gov.br/cnarh/consulta/processo?numero=02501.002651/2012","resumo":"Atos Ambientais","aprox":true}},{"type":"Feature","geometry":{"type":"Point","coordinates":[-38.24451,-9.34684]},"properties":{"id":"ANA:02501.001277/2017","orgao":"ANA","uf":"BA","ano":2017,"categoria":"outorga","tipo":"Atos Ambientais","empresa":"ROÇA RIACHO","municipio":"GLÓRIA","processo":"02501.001277/2017","link_oficial":"https://www.snirh.gov.br/cnarh/consulta/processo?numero=02501.001277/2017","resumo":"Atos Ambientais","aprox":true}},{"type":"Feature","geometry":{"type":"Point","coordinates":[-42.66729,-14.7644]},"properties":{"id":"ANA:s/n","orgao":"ANA","uf":"BA","ano":2016,"categoria":"outorga","tipo":"Atos Ambientais","empresa":"SITIO DA MATA ( Pedra Redonda)","municipio":"URANDI","processo":"s/n","link_oficial":null,"resumo":"Atos Ambientais","aprox":true}},{"type":"Feature","geometry":{"type":"Point","coordinates":[-46.1049,-15.92439]},"properties":{"id":"ANA:s/n","orgao":"ANA","uf":"MG","ano":2017,"categoria":"outorga","tipo":"Atos Ambientais","empresa":"FAZENDA MANGUES","municipio":"ARINOS","processo":"s/n","link_oficial":null,"resumo":"Atos Ambientais","aprox":true}},{"type":"Feature","geometry":{"type":"Point","coordinates":[-44.53489,-14.16358]},"properties":{"id":"ANA:02501.000403/2016","orgao":"ANA","uf":"BA","ano":2016,"categoria":"outorga","tipo":"Atos Ambientais","empresa":"Fazenda Nova Olinda","municipio":"COCOS","processo":"02501.000403/2016","link_oficial":"https://www.snirh.gov.br/cnarh/consulta/processo?numero=02501.000403/2016","resumo":"Atos Ambientais","aprox":true}},{"type":"Feature","geometry":{"type":"Point","coordinates":[-44.53489,-14.16358]},"properties":{"id":"ANA:02501.000403/2016","orgao":"ANA","uf":"BA","ano":2016,"categoria":"outorga","tipo":"Atos Ambientais","empresa":"Fazenda Nova Olinda","municipio":"COCOS","processo":"02501.000403/2016","link_oficial":"https://www.snirh.gov.br/cnarh/consulta/processo?numero=02501.000403/2016","resumo":"Atos Ambientais","aprox":true}},{"type":"Feature","geometry":{"type":"Point","coordinates":[-40.54883,-18.12879]},"properties":{"id":"ANA:s/n","orgao":"ANA","uf":"ES","ano":2017,"categoria":"outorga","tipo":"Atos Ambientais","empresa":"Não Informado","municipio":"PONTO BELO","processo":"s/n","link_oficial":null,"resumo":"Atos Ambientais","aprox":true}},{"type":"Feature","geometry":{"type":"Point","coordinates":[-39.88448,-8.9969]},"properties":{"id":"ANA:s/n","orgao":"ANA","uf":"BA","ano":2013,"categoria":"outorga","tipo":"Atos Ambientais","empresa":"ROÇA DO CEMITÉRIO","municipio":"CURAÇÁ","processo":"s/n","link_oficial":null,"resumo":"Atos Ambientais","aprox":true}},{"type":"Feature","geometry":{"type":"Point","coordinates":[-39.81465,-8.78752]},"properties":{"id":"ANA:s/n","orgao":"ANA","uf":"PE","ano":2014,"categoria":"outorga","tipo":"Atos Ambientais","empresa":"Maria das Graças Martins Bezerra","municipio":"SANTA MARIA DA BOA VISTA","processo":"s/n","link_oficial":null,"resumo":"Atos Ambientais","aprox":true}},{"type":"Feature","geometry":{"type":"Point","coordinates":[-40.974,-9.16408]},"properties":{"id":"ANA:s/n","orgao":"ANA","uf":"BA","ano":2017,"categoria":"outorga","tipo":"Atos Ambientais","empresa":"SÍTIO GIL 2","municipio":"CASA NOVA","processo":"s/n","link_oficial":null,"resumo":"Atos Ambientais","aprox":true}},{"type":"Feature","geometry":{"type":"Point","coordinates":[-40.974,-9.16408]},"properties":{"id":"ANA:s/n","orgao":"ANA","uf":"BA","ano":2017,"categoria":"outorga","tipo":"Atos Ambientais","empresa":"SÍTIO LEITE","municipio":"CASA NOVA","processo":"s/n","link_oficial":null,"resumo":"Atos Ambientais","aprox":true}},{"type":"Feature","geometry":{"type":"Point","coordinates":[-39.9714,-18.31345]},"properties":{"id":"ANA:s/n","orgao":"ANA","uf":"ES","ano":2014,"categoria":"outorga","tipo":"Atos Ambientais","empresa":"Fazenda Primavera","municipio":"PEDRO CANÁRIO","processo":"s/n","link_oficial":null,"resumo":"Atos Ambientais","aprox":true}},{"type":"Feature","geometry":{"type":"Point","coordinates":[-48.45422,-14.47431]},"properties":{"id":"ANA:s/n","orgao":"ANA","uf":"GO","ano":2015,"categoria":"outorga","tipo":"Atos Ambientais","empresa":"PISCICULTURA FAZENDA SERRA NEGRA","municipio":"NIQUELÂNDIA","processo":"s/n","link_oficial":null,"resumo":"Atos Ambientais","aprox":true}},{"type":"Feature","geometry":{"type":"Point","coordinates":[-48.42218,-23.48031]},"properties":{"id":"ANA:s/n","orgao":"ANA","uf":"SP","ano":2014,"categoria":"outorga","tipo":"Atos Ambientais","empresa":"Fazenda São Luiz do Pinhal","municipio":"ANGATUBA","processo":"s/n","link_oficial":null,"resumo":"Atos Ambientais","aprox":true}},{"type":"Feature","geometry":{"type":"Point","coordinates":[-48.42218,-23.48031]},"properties":{"id":"ANA:s/n","orgao":"ANA","uf":"SP","ano":2013,"categoria":"outorga","tipo":"Atos Ambientais","empresa":"FAZENDA FUNIL","municipio":"ANGATUBA","processo":"s/n","link_oficial":null,"resumo":"Atos Ambientais","aprox":true}},{"type":"Feature","geometry":{"type":"Point","coordinates":[-46.68132,-19.12308]},"properties":{"id":"ANA:s/n","orgao":"ANA","uf":"MG","ano":2013,"categoria":"outorga","tipo":"Atos Ambientais","empresa":"Faz. Vô Zeca e Faz. Braqvinhos","municipio":"SERRA DO SALITRE","processo":"s/n","link_oficial":null,"resumo":"Atos Ambientais","aprox":true}},{"type":"Feature","geometry":{"type":"Point","coordinates":[-46.1049,-15.92439]},"properties":{"id":"ANA:s/n","orgao":"ANA","uf":"MG","ano":2017,"categoria":"outorga","tipo":"Atos Ambientais","empresa":"FAZENDA SACO DOS POTROS","municipio":"ARINOS","processo":"s/n","link_oficial":null,"resumo":"Atos Ambientais","aprox":true}},{"type":"Feature","geometry":{"type":"Point","coordinates":[-46.2586,-16.6519]},"properties":{"id":"ANA:02501.000639/2003","orgao":"ANA","uf":"MG","ano":2016,"categoria":"outorga","tipo":"Atos Ambientais","empresa":"FAZENDA TAPERA OU MEU SERTÃO","municipio":"DOM BOSCO","processo":"02501.000639/2003","link_oficial":"https://www.snirh.gov.br/cnarh/consulta/processo?numero=02501.000639/2003","resumo":"Atos Ambientais","aprox":true}},{"type":"Feature","geometry":{"type":"Point","coordinates":[-47.21224,-18.46457]},"properties":{"id":"ANA:02501.000067/2010","orgao":"ANA","uf":"MG","ano":2015,"categoria":"outorga","tipo":"Atos Ambientais","empresa":"FAZENDA SÃO MIGUEL","municipio":"COROMANDEL","processo":"02501.000067/2010","link_oficial":"https://www.snirh.gov.br/cnarh/consulta/processo?numero=02501.000067/2010","resumo":"Atos Ambientais","aprox":true}},{"type":"Feature","geometry":{"type":"Point","coordinates":[-42.21028,-15.50123]},"properties":{"id":"ANA:s/n","orgao":"ANA","uf":"MG","ano":2014,"categoria":"outorga","tipo":"Atos Ambientais","empresa":"FAZENDA CAVADA","municipio":"INDAIABIRA","processo":"s/n","link_oficial":null,"resumo":"Atos Ambientais","aprox":true}},{"type":"Feature","geometry":{"type":"Point","coordinates":[-42.19878,-15.48855]},"properties":{"id":"ANA:00000.023680/2013","orgao":"ANA","uf":"MG","ano":2014,"categoria":"outorga","tipo":"Atos Ambientais","empresa":"FAZENDA CAVADA","municipio":"INDAIABIRA","processo":"00000.023680/2013","link_oficial":"https://www.snirh.gov.br/cnarh/consulta/processo?numero=00000.023680/2013","resumo":"Atos Ambientais","aprox":true}},{"type":"Feature","geometry":{"type":"Point","coordinates":[-39.11051,-8.72856]},"properties":{"id":"ANA:02501.000660/2017","orgao":"ANA","uf":"BA","ano":2017,"categoria":"outorga","tipo":"Atos Ambientais","empresa":"FAZENDA POÇO DE PEDRA","municipio":"ABARÉ","processo":"02501.000660/2017","link_oficial":"https://www.snirh.gov.br/cnarh/consulta/processo?numero=02501.000660/2017","resumo":"Atos Ambientais","aprox":true}},{"type":"Feature","geometry":{"type":"Point","coordinates":[-40.49108,-9.4134]},"properties":{"id":"ANA:s/n","orgao":"ANA","uf":"BA","ano":2013,"categoria":"outorga","tipo":"Atos Ambientais","empresa":"SÍTIO BEIRA RIO","municipio":"JUAZEIRO","processo":"s/n","link_oficial":null,"resumo":"Atos Ambientais","aprox":true}},{"type":"Feature","geometry":{"type":"Point","coordinates":[-38.00579,-9.38977]},"properties":{"id":"ANA:s/n","orgao":"ANA","uf":"AL","ano":2015,"categoria":"outorga","tipo":"Atos Ambientais","empresa":"FAZENDA XINGÓ","municipio":"DELMIRO GOUVEIA","processo":"s/n","link_oficial":null,"resumo":"Atos Ambientais","aprox":true}},{"type":"Feature","geometry":{"type":"Point","coordinates":[-38.77974,-8.8496]},"properties":{"id":"ANA:s/n","orgao":"ANA","uf":"BA","ano":2015,"categoria":"outorga","tipo":"Atos Ambientais","empresa":"FAZENDA TAPERA","municipio":"RODELAS","processo":"s/n","link_oficial":null,"resumo":"Atos Ambientais","aprox":true}},{"type":"Feature","geometry":{"type":"Point","coordinates":[-39.54134,-17.03864]},"properties":{"id":"ANA:s/n","orgao":"ANA","uf":"BA","ano":2016,"categoria":"outorga","tipo":"Atos Ambientais","empresa":"Fazenda Maria Jandira 2","municipio":"ITAMARAJU","processo":"s/n","link_oficial":null,"resumo":"Atos Ambientais","aprox":true}},{"type":"Feature","geometry":{"type":"Point","coordinates":[-46.88658,-16.35947]},"properties":{"id":"ANA:00000.028494/2014","orgao":"ANA","uf":"MG","ano":2014,"categoria":"outorga","tipo":"Atos Ambientais","empresa":"Fazenda Vargem Bonita","municipio":"UNAÍ","processo":"00000.028494/2014","link_oficial":"https://www.snirh.gov.br/cnarh/consulta/processo?numero=00000.028494/2014","resumo":"Atos Ambientais","aprox":true}},{"type":"Feature","geometry":{"type":"Point","coordinates":[-46.50169,-18.57011]},"properties":{"id":"ANA:s/n","orgao":"ANA","uf":"MG","ano":2015,"categoria":"outorga","tipo":"Atos Ambientais","empresa":"FAZENDA CAMPO ALEGRE","municipio":"PATOS DE MINAS","processo":"s/n","link_oficial":null,"resumo":"Atos Ambientais","aprox":true}},{"type":"Feature","geometry":{"type":"Point","coordinates":[-42.82378,-14.91862]},"properties":{"id":"ANA:02501.000890/2016","orgao":"ANA","uf":"MG","ano":2016,"categoria":"outorga","tipo":"Atos Ambientais","empresa":"FAZ PORTEIRAS","municipio":"ESPINOSA","processo":"02501.000890/2016","link_oficial":"https://www.snirh.gov.br/cnarh/consulta/processo?numero=02501.000890/2016","resumo":"Atos Ambientais","aprox":true}},{"type":"Feature","geometry":{"type":"Point","coordinates":[-40.50946,-9.40539]},"properties":{"id":"ANA:02501.000412/2004","orgao":"ANA","uf":"PE","ano":2017,"categoria":"outorga","tipo":"Atos Ambientais","empresa":"FAZENDA SAN RAFAEL","municipio":"PETROLINA","processo":"02501.000412/2004","link_oficial":"https://www.snirh.gov.br/cnarh/consulta/processo?numero=02501.000412/2004","resumo":"Atos Ambientais","aprox":true}},{"type":"Feature","geometry":{"type":"Point","coordinates":[-46.88688,-16.36953]},"properties":{"id":"ANA:s/n","orgao":"ANA","uf":"MG","ano":2014,"categoria":"outorga","tipo":"Atos Ambientais","empresa":"Lote 57 do Projeto de Assentamento Paraíso","municipio":"UNAÍ","processo":"s/n","link_oficial":null,"resumo":"Atos Ambientais","aprox":true}},{"type":"Feature","geometry":{"type":"Point","coordinates":[-39.9714,-18.31345]},"properties":{"id":"ANA:s/n","orgao":"ANA","uf":"ES","ano":2014,"categoria":"outorga","tipo":"Atos Ambientais","empresa":"FAZENDA SÃO JOÃO","municipio":"PEDRO CANÁRIO","processo":"s/n","link_oficial":null,"resumo":"Atos Ambientais","aprox":true}},{"type":"Feature","geometry":{"type":"Point","coordinates":[-39.9714,-18.31345]},"properties":{"id":"ANA:s/n","orgao":"ANA","uf":"ES","ano":2014,"categoria":"outorga","tipo":"Atos Ambientais","empresa":"FAZENDA SÃO JOÃO","municipio":"PEDRO CANÁRIO","processo":"s/n","link_oficial":null,"resumo":"Atos Ambientais","aprox":true}},{"type":"Feature","geometry":{"type":"Point","coordinates":[-38.24637,-9.35618]},"properties":{"id":"ANA:02501.001256/2017","orgao":"ANA","uf":"BA","ano":2017,"categoria":"outorga","tipo":"Atos Ambientais","empresa":"CHÁCARA SÃO FRANCISCO","municipio":"GLÓRIA","processo":"02501.001256/2017","link_oficial":"https://www.snirh.gov.br/cnarh/consulta/processo?numero=02501.001256/2017","resumo":"Atos Ambientais","aprox":true}},{"type":"Feature","geometry":{"type":"Point","coordinates":[-38.25689,-9.32351]},"properties":{"id":"ANA:s/n","orgao":"ANA","uf":"BA","ano":2014,"categoria":"outorga","tipo":"Atos Ambientais","empresa":"FAZENDA NOVA TERRA","municipio":"GLÓRIA","processo":"s/n","link_oficial":null,"resumo":"Atos Ambientais","aprox":true}},{"type":"Feature","geometry":{"type":"Point","coordinates":[-49.22013,-18.71945]},"properties":{"id":"ANA:s/n","orgao":"ANA","uf":"MG","ano":2013,"categoria":"outorga","tipo":"Atos Ambientais","empresa":"FAZENDA NOSSA SENHORA APARECIDA I","municipio":"CANÁPOLIS","processo":"s/n","link_oficial":null,"resumo":"Atos Ambientais","aprox":true}},{"type":"Feature","geometry":{"type":"Point","coordinates":[-46.79137,-21.96721]},"properties":{"id":"ANA:s/n","orgao":"ANA","uf":"SP","ano":2015,"categoria":"outorga","tipo":"Atos Ambientais","empresa":"SITIO RETIRO","municipio":"SÃO JOÃO DA BOA VISTA","processo":"s/n","link_oficial":null,"resumo":"Atos Ambientais","aprox":true}},{"type":"Feature","geometry":{"type":"Point","coordinates":[-40.27419,-8.98938]},"properties":{"id":"ANA:s/n","orgao":"ANA","uf":"PE","ano":2014,"categoria":"outorga","tipo":"Atos Ambientais","empresa":"ASSENTAMENTO ILHA GRANDE DO PONTAL","municipio":"LAGOA GRANDE","processo":"s/n","link_oficial":null,"resumo":"Atos Ambientais","aprox":true}},{"type":"Feature","geometry":{"type":"Point","coordinates":[-47.31742,-15.53966]},"properties":{"id":"ANA:s/n","orgao":"ANA","uf":"GO","ano":2016,"categoria":"outorga","tipo":"Atos Ambientais","empresa":"FAZENDA CAMPO NOVO","municipio":"FORMOSA","processo":"s/n","link_oficial":null,"resumo":"Atos Ambientais","aprox":true}},{"type":"Feature","geometry":{"type":"Point","coordinates":[-38.77974,-8.8496]},"properties":{"id":"ANA:s/n","orgao":"ANA","uf":"BA","ano":2015,"categoria":"outorga","tipo":"Atos Ambientais","empresa":"ALDEIA TUXA/TERRA INDIGENA","municipio":"RODELAS","processo":"s/n","link_oficial":null,"resumo":"Atos Ambientais","aprox":true}},{"type":"Feature","geometry":{"type":"Point","coordinates":[-37.43377,-9.74296]},"properties":{"id":"ANA:02501.001401/2016","orgao":"ANA","uf":"AL","ano":2016,"categoria":"outorga","tipo":"Atos Ambientais","empresa":"FAZ SANTA MARIA","municipio":"PÃO DE AÇÚCAR","processo":"02501.001401/2016","link_oficial":"https://www.snirh.gov.br/cnarh/consulta/processo?numero=02501.001401/2016","resumo":"Atos Ambientais","aprox":true}},{"type":"Feature","geometry":{"type":"Point","coordinates":[-40.81265,-9.44953]},"properties":{"id":"ANA:s/n","orgao":"ANA","uf":"BA","ano":2015,"categoria":"outorga","tipo":"Atos Ambientais","empresa":"Sítio Boa Sorte","municipio":"SOBRADINHO","processo":"s/n","link_oficial":null,"resumo":"Atos Ambientais","aprox":true}},{"type":"Feature","geometry":{"type":"Point","coordinates":[-38.95724,-8.74622]},"properties":{"id":"ANA:s/n","orgao":"ANA","uf":"PE","ano":2016,"categoria":"outorga","tipo":"Atos Ambientais","empresa":"Fazenda Caraíbas","municipio":"BELÉM DO SÃO FRANCISCO","processo":"s/n","link_oficial":null,"resumo":"Atos Ambientais","aprox":true}},{"type":"Feature","geometry":{"type":"Point","coordinates":[-53.37588,-33.53397]},"properties":{"id":"ANA:s/n","orgao":"ANA","uf":"RS","ano":2015,"categoria":"outorga","tipo":"Atos Ambientais","empresa":"Fazenda Santa Rita","municipio":"SANTA VITÓRIA DO PALMAR","processo":"s/n","link_oficial":null,"resumo":"Atos Ambientais","aprox":true}},{"type":"Feature","geometry":{"type":"Point","coordinates":[-46.86204,-20.34536]},"properties":{"id":"ANA:02501.001566/2016","orgao":"ANA","uf":"MG","ano":2016,"categoria":"outorga","tipo":"Atos Ambientais","empresa":"FAZENDA DA MATA","municipio":"DELFINÓPOLIS","processo":"02501.001566/2016","link_oficial":"https://www.snirh.gov.br/cnarh/consulta/processo?numero=02501.001566/2016","resumo":"Atos Ambientais","aprox":true}},{"type":"Feature","geometry":{"type":"Point","coordinates":[-41.46607,-15.74728]},"properties":{"id":"ANA:s/n","orgao":"ANA","uf":"MG","ano":2012,"categoria":"outorga","tipo":"Atos Ambientais","empresa":"Não Informado","municipio":"ÁGUAS VERMELHAS","processo":"s/n","link_oficial":null,"resumo":"Atos Ambientais","aprox":true}},{"type":"Feature","geometry":{"type":"Point","coordinates":[-41.2371,-19.3059]},"properties":{"id":"ANA:02501.001574/2016","orgao":"ANA","uf":"MG","ano":2016,"categoria":"outorga","tipo":"Atos Ambientais","empresa":"Fazenda Turmalina","municipio":"RESPLENDOR","processo":"02501.001574/2016","link_oficial":"https://www.snirh.gov.br/cnarh/consulta/processo?numero=02501.001574/2016","resumo":"Atos Ambientais","aprox":true}},{"type":"Feature","geometry":{"type":"Point","coordinates":[-39.83997,-18.72587]},"properties":{"id":"ANA:s/n","orgao":"ANA","uf":"ES","ano":2016,"categoria":"outorga","tipo":"Atos Ambientais","empresa":"Não Informado","municipio":"SÃO MATEUS","processo":"s/n","link_oficial":null,"resumo":"Atos Ambientais","aprox":true}},{"type":"Feature","geometry":{"type":"Point","coordinates":[-39.46564,-4.0429]},"properties":{"id":"ANA:s/n","orgao":"ANA","uf":"CE","ano":2013,"categoria":"outorga","tipo":"Atos Ambientais","empresa":"Não Informado","municipio":"GENERAL SAMPAIO","processo":"s/n","link_oficial":null,"resumo":"Atos Ambientais","aprox":true}},{"type":"Feature","geometry":{"type":"Point","coordinates":[-46.50169,-18.57011]},"properties":{"id":"ANA:s/n","orgao":"ANA","uf":"MG","ano":2014,"categoria":"outorga","tipo":"Atos Ambientais","empresa":"FAZENDA CAMPO ALEGRE","municipio":"PATOS DE MINAS","processo":"s/n","link_oficial":null,"resumo":"Atos Ambientais","aprox":true}},{"type":"Feature","geometry":{"type":"Point","coordinates":[-40.49586,-9.43021]},"properties":{"id":"ANA:02501.001094/2017","orgao":"ANA","uf":"BA","ano":2017,"categoria":"outorga","tipo":"Atos Ambientais","empresa":"Sítio Pedra Branca","municipio":"JUAZEIRO","processo":"02501.001094/2017","link_oficial":"https://www.snirh.gov.br/cnarh/consulta/processo?numero=02501.001094/2017","resumo":"Atos Ambientais","aprox":true}},{"type":"Feature","geometry":{"type":"Point","coordinates":[-40.974,-9.16408]},"properties":{"id":"ANA:s/n","orgao":"ANA","uf":"BA","ano":2014,"categoria":"outorga","tipo":"Atos Ambientais","empresa":"SÍTIO IPÊ - FAZ. SÃO GONÇALO","municipio":"CASA NOVA","processo":"s/n","link_oficial":null,"resumo":"Atos Ambientais","aprox":true}},{"type":"Feature","geometry":{"type":"Point","coordinates":[-39.6026,-8.61026]},"properties":{"id":"ANA:02501.001345/2007","orgao":"ANA","uf":"PE","ano":2017,"categoria":"outorga","tipo":"Atos Ambientais","empresa":"Fazenda Aracapá - ST Agropecuária","municipio":"OROCÓ","processo":"02501.001345/2007","link_oficial":"https://www.snirh.gov.br/cnarh/consulta/processo?numero=02501.001345/2007","resumo":"Atos Ambientais","aprox":true}},{"type":"Feature","geometry":{"type":"Point","coordinates":[-46.49596,-18.58736]},"properties":{"id":"ANA:02000.001644/1997","orgao":"ANA","uf":"MG","ano":2014,"categoria":"outorga","tipo":"Atos Ambientais","empresa":"FAZENDA PARAÍSO","municipio":"PATOS DE MINAS","processo":"02000.001644/1997","link_oficial":"https://www.snirh.gov.br/cnarh/consulta/processo?numero=02000.001644/1997","resumo":"Atos Ambientais","aprox":true}},{"type":"Feature","geometry":{"type":"Point","coordinates":[-46.49596,-18.58736]},"properties":{"id":"ANA:02000.001644/1997","orgao":"ANA","uf":"MG","ano":2014,"categoria":"outorga","tipo":"Atos Ambientais","empresa":"FAZENDA PARAÍSO","municipio":"PATOS DE MINAS","processo":"02000.001644/1997","link_oficial":"https://www.snirh.gov.br/cnarh/consulta/processo?numero=02000.001644/1997","resumo":"Atos Ambientais","aprox":true}},{"type":"Feature","geometry":{"type":"Point","coordinates":[-46.49596,-18.58736]},"properties":{"id":"ANA:02000.001644/1997","orgao":"ANA","uf":"MG","ano":2014,"categoria":"outorga","tipo":"Atos Ambientais","empresa":"FAZENDA PARAÍSO","municipio":"PATOS DE MINAS","processo":"02000.001644/1997","link_oficial":"https://www.snirh.gov.br/cnarh/consulta/processo?numero=02000.001644/1997","resumo":"Atos Ambientais","aprox":true}},{"type":"Feature","geometry":{"type":"Point","coordinates":[-56.6258,-16.28338]},"properties":{"id":"ANA:s/n","orgao":"ANA","uf":"MT","ano":2012,"categoria":"outorga","tipo":"Atos Ambientais","empresa":"POUSADA ECOLOGICA BAHIA ENCANTADA LTDA","municipio":"POCONÉ","processo":"s/n","link_oficial":null,"resumo":"Atos Ambientais","aprox":true}},{"type":"Feature","geometry":{"type":"Point","coordinates":[-46.90867,-20.5835]},"properties":{"id":"ANA:s/n","orgao":"ANA","uf":"MG","ano":2014,"categoria":"outorga","tipo":"Atos Ambientais","empresa":"Não Informado","municipio":"CÁSSIA","processo":"s/n","link_oficial":null,"resumo":"Atos Ambientais","aprox":true}},{"type":"Feature","geometry":{"type":"Point","coordinates":[-42.05425,-16.84216]},"properties":{"id":"ANA:s/n","orgao":"ANA","uf":"MG","ano":2014,"categoria":"outorga","tipo":"Atos Ambientais","empresa":"FAZENDA BOM JESUS","municipio":"ARAÇUAÍ","processo":"s/n","link_oficial":null,"resumo":"Atos Ambientais","aprox":true}},{"type":"Feature","geometry":{"type":"Point","coordinates":[-42.05425,-16.84216]},"properties":{"id":"ANA:s/n","orgao":"ANA","uf":"MG","ano":2013,"categoria":"outorga","tipo":"Atos Ambientais","empresa":"FAZENDA SÃO JORGE","municipio":"ARAÇUAÍ","processo":"s/n","link_oficial":null,"resumo":"Atos Ambientais","aprox":true}},{"type":"Feature","geometry":{"type":"Point","coordinates":[-38.26611,-9.33562]},"properties":{"id":"ANA:02501.001000/2017","orgao":"ANA","uf":"BA","ano":2017,"categoria":"outorga","tipo":"Atos Ambientais","empresa":"Roça Mandacaru","municipio":"GLÓRIA","processo":"02501.001000/2017","link_oficial":"https://www.snirh.gov.br/cnarh/consulta/processo?numero=02501.001000/2017","resumo":"Atos Ambientais","aprox":true}},{"type":"Feature","geometry":{"type":"Point","coordinates":[-38.26611,-9.33562]},"properties":{"id":"ANA:02501.001000/2017","orgao":"ANA","uf":"BA","ano":2017,"categoria":"outorga","tipo":"Atos Ambientais","empresa":"Roça Mandacaru","municipio":"GLÓRIA","processo":"02501.001000/2017","link_oficial":"https://www.snirh.gov.br/cnarh/consulta/processo?numero=02501.001000/2017","resumo":"Atos Ambientais","aprox":true}},{"type":"Feature","geometry":{"type":"Point","coordinates":[-39.81465,-8.78752]},"properties":{"id":"ANA:s/n","orgao":"ANA","uf":"PE","ano":2014,"categoria":"outorga","tipo":"Atos Ambientais","empresa":"Fazenda Caraíbas - Sítio Bebedouro","municipio":"SANTA MARIA DA BOA VISTA","processo":"s/n","link_oficial":null,"resumo":"Atos Ambientais","aprox":true}},{"type":"Feature","geometry":{"type":"Point","coordinates":[-41.0085,-16.44224]},"properties":{"id":"ANA:s/n","orgao":"ANA","uf":"MG","ano":2013,"categoria":"outorga","tipo":"Atos Ambientais","empresa":"FAZENDA GUARANY","municipio":"JEQUITINHONHA","processo":"s/n","link_oficial":null,"resumo":"Atos Ambientais","aprox":true}},{"type":"Feature","geometry":{"type":"Point","coordinates":[-38.25731,-9.34023]},"properties":{"id":"ANA:02501.001328/2017","orgao":"ANA","uf":"BA","ano":2017,"categoria":"outorga","tipo":"Atos Ambientais","empresa":"Chacara HJR","municipio":"GLÓRIA","processo":"02501.001328/2017","link_oficial":"https://www.snirh.gov.br/cnarh/consulta/processo?numero=02501.001328/2017","resumo":"Atos Ambientais","aprox":true}},{"type":"Feature","geometry":{"type":"Point","coordinates":[-38.25731,-9.34023]},"properties":{"id":"ANA:02501.001328/2017","orgao":"ANA","uf":"BA","ano":2017,"categoria":"outorga","tipo":"Atos Ambientais","empresa":"Chacara HJR","municipio":"GLÓRIA","processo":"02501.001328/2017","link_oficial":"https://www.snirh.gov.br/cnarh/consulta/processo?numero=02501.001328/2017","resumo":"Atos Ambientais","aprox":true}},{"type":"Feature","geometry":{"type":"Point","coordinates":[-46.94376,-12.93876]},"properties":{"id":"ANA:s/n","orgao":"ANA","uf":"TO","ano":2014,"categoria":"outorga","tipo":"Atos Ambientais","empresa":"ORLANDO GONÇALVES JUNIOR","municipio":"ARRAIAS","processo":"s/n","link_oficial":null,"resumo":"Atos Ambientais","aprox":true}},{"type":"Feature","geometry":{"type":"Point","coordinates":[-42.86851,-21.33188]},"properties":{"id":"ANA:02501.001442/2017","orgao":"ANA","uf":"MG","ano":2017,"categoria":"outorga","tipo":"Atos Ambientais","empresa":"Não Informado","municipio":"ASTOLFO DUTRA","processo":"02501.001442/2017","link_oficial":"https://www.snirh.gov.br/cnarh/consulta/processo?numero=02501.001442/2017","resumo":"Atos Ambientais","aprox":true}},{"type":"Feature","geometry":{"type":"Point","coordinates":[-38.77974,-8.8496]},"properties":{"id":"ANA:s/n","orgao":"ANA","uf":"BA","ano":2014,"categoria":"outorga","tipo":"Atos Ambientais","empresa":"FAZENDA NOVA ESPERENÇA","municipio":"RODELAS","processo":"s/n","link_oficial":null,"resumo":"Atos Ambientais","aprox":true}},{"type":"Feature","geometry":{"type":"Point","coordinates":[-41.50255,-16.56029]},"properties":{"id":"ANA:02501.001472/2016","orgao":"ANA","uf":"MG","ano":2016,"categoria":"outorga","tipo":"Atos Ambientais","empresa":"FAZENDA LAGOA GRANDE/HARMONIA","municipio":"ITAOBIM","processo":"02501.001472/2016","link_oficial":"https://www.snirh.gov.br/cnarh/consulta/processo?numero=02501.001472/2016","resumo":"Atos Ambientais","aprox":true}},{"type":"Feature","geometry":{"type":"Point","coordinates":[-53.62471,-26.97049]},"properties":{"id":"ANA:s/n","orgao":"ANA","uf":"SC","ano":2014,"categoria":"outorga","tipo":"Atos Ambientais","empresa":"IRRIGACAO","municipio":"TUNÁPOLIS","processo":"s/n","link_oficial":null,"resumo":"Atos Ambientais","aprox":true}},{"type":"Feature","geometry":{"type":"Point","coordinates":[-38.95724,-8.74622]},"properties":{"id":"ANA:s/n","orgao":"ANA","uf":"PE","ano":2017,"categoria":"outorga","tipo":"Atos Ambientais","empresa":"Fazenda Ilha Grande","municipio":"BELÉM DO SÃO FRANCISCO","processo":"s/n","link_oficial":null,"resumo":"Atos Ambientais","aprox":true}},{"type":"Feature","geometry":{"type":"Point","coordinates":[-43.91583,-14.85537]},"properties":{"id":"ANA:s/n","orgao":"ANA","uf":"MG","ano":2017,"categoria":"outorga","tipo":"Atos Ambientais","empresa":"Fazenda Várzea da Manga","municipio":"MATIAS CARDOSO","processo":"s/n","link_oficial":null,"resumo":"Atos Ambientais","aprox":true}},{"type":"Feature","geometry":{"type":"Point","coordinates":[-43.91583,-14.85537]},"properties":{"id":"ANA:s/n","orgao":"ANA","uf":"MG","ano":2017,"categoria":"outorga","tipo":"Atos Ambientais","empresa":"Fazenda Várzea da Manga","municipio":"MATIAS CARDOSO","processo":"s/n","link_oficial":null,"resumo":"Atos Ambientais","aprox":true}},{"type":"Feature","geometry":{"type":"Point","coordinates":[-46.99924,-21.46624]},"properties":{"id":"ANA:s/n","orgao":"ANA","uf":"SP","ano":2013,"categoria":"outorga","tipo":"Atos Ambientais","empresa":"FAZENDA BARRA DAS AREIAS","municipio":"MOCOCA","processo":"s/n","link_oficial":null,"resumo":"Atos Ambientais","aprox":true}},{"type":"Feature","geometry":{"type":"Point","coordinates":[-39.81855,-8.80361]},"properties":{"id":"ANA:02501.000972/2016","orgao":"ANA","uf":"PE","ano":2016,"categoria":"outorga","tipo":"Atos Ambientais","empresa":"Ilha do Saco¿","municipio":"SANTA MARIA DA BOA VISTA","processo":"02501.000972/2016","link_oficial":"https://www.snirh.gov.br/cnarh/consulta/processo?numero=02501.000972/2016","resumo":"Atos Ambientais","aprox":true}},{"type":"Feature","geometry":{"type":"Point","coordinates":[-40.49108,-9.4134]},"properties":{"id":"ANA:s/n","orgao":"ANA","uf":"BA","ano":2015,"categoria":"outorga","tipo":"Atos Ambientais","empresa":"FAZENDA BELA VISTA","municipio":"JUAZEIRO","processo":"s/n","link_oficial":null,"resumo":"Atos Ambientais","aprox":true}},{"type":"Feature","geometry":{"type":"Point","coordinates":[-38.33749,-10.06152]},"properties":{"id":"ANA:s/n","orgao":"ANA","uf":"BA","ano":2014,"categoria":"outorga","tipo":"Atos Ambientais","empresa":"FAZENDA SANTA ANA","municipio":"JEREMOABO","processo":"s/n","link_oficial":null,"resumo":"Atos Ambientais","aprox":true}},{"type":"Feature","geometry":{"type":"Point","coordinates":[-40.974,-9.16408]},"properties":{"id":"ANA:s/n","orgao":"ANA","uf":"BA","ano":2015,"categoria":"outorga","tipo":"Atos Ambientais","empresa":"SÍTIO EDUARDO","municipio":"CASA NOVA","processo":"s/n","link_oficial":null,"resumo":"Atos Ambientais","aprox":true}},{"type":"Feature","geometry":{"type":"Point","coordinates":[-46.99924,-21.46624]},"properties":{"id":"ANA:s/n","orgao":"ANA","uf":"SP","ano":2017,"categoria":"outorga","tipo":"Atos Ambientais","empresa":"Sitio Água Viva","municipio":"MOCOCA","processo":"s/n","link_oficial":null,"resumo":"Atos Ambientais","aprox":true}},{"type":"Feature","geometry":{"type":"Point","coordinates":[-41.28543,-15.03269]},"properties":{"id":"ANA:s/n","orgao":"ANA","uf":"BA","ano":2015,"categoria":"outorga","tipo":"Atos Ambientais","empresa":"Fazenda Nova","municipio":"BELO CAMPO","processo":"s/n","link_oficial":null,"resumo":"Atos Ambientais","aprox":true}},{"type":"Feature","geometry":{"type":"Point","coordinates":[-38.24527,-9.33368]},"properties":{"id":"ANA:02501.001725/2017","orgao":"ANA","uf":"BA","ano":2017,"categoria":"outorga","tipo":"Atos Ambientais","empresa":"Roça Nossa Senhora","municipio":"GLÓRIA","processo":"02501.001725/2017","link_oficial":"https://www.snirh.gov.br/cnarh/consulta/processo?numero=02501.001725/2017","resumo":"Atos Ambientais","aprox":true}},{"type":"Feature","geometry":{"type":"Point","coordinates":[-40.63399,-19.56989]},"properties":{"id":"ANA:s/n","orgao":"ANA","uf":"ES","ano":2014,"categoria":"outorga","tipo":"Atos Ambientais","empresa":"Fazenda Pedra Rachada","municipio":"COLATINA","processo":"s/n","link_oficial":null,"resumo":"Atos Ambientais","aprox":true}},{"type":"Feature","geometry":{"type":"Point","coordinates":[-47.38645,-18.47651]},"properties":{"id":"ANA:02501.001742/2017","orgao":"ANA","uf":"MG","ano":2017,"categoria":"outorga","tipo":"Atos Ambientais","empresa":"Fazenda Rio Preto, lugar denominado Carranca","municipio":"ABADIA DOS DOURADOS","processo":"02501.001742/2017","link_oficial":"https://www.snirh.gov.br/cnarh/consulta/processo?numero=02501.001742/2017","resumo":"Atos Ambientais","aprox":true}},{"type":"Feature","geometry":{"type":"Point","coordinates":[-47.38645,-18.47651]},"properties":{"id":"ANA:02501.001742/2017","orgao":"ANA","uf":"MG","ano":2017,"categoria":"outorga","tipo":"Atos Ambientais","empresa":"Fazenda Rio Preto, lugar denominado Carranca","municipio":"ABADIA DOS DOURADOS","processo":"02501.001742/2017","link_oficial":"https://www.snirh.gov.br/cnarh/consulta/processo?numero=02501.001742/2017","resumo":"Atos Ambientais","aprox":true}},{"type":"Feature","geometry":{"type":"Point","coordinates":[-46.26615,-16.65892]},"properties":{"id":"ANA:s/n","orgao":"ANA","uf":"MG","ano":2016,"categoria":"outorga","tipo":"Atos Ambientais","empresa":"Fazenda São Tiago","municipio":"DOM BOSCO","processo":"s/n","link_oficial":null,"resumo":"Atos Ambientais","aprox":true}},{"type":"Feature","geometry":{"type":"Point","coordinates":[-46.26615,-16.65892]},"properties":{"id":"ANA:s/n","orgao":"ANA","uf":"MG","ano":2016,"categoria":"outorga","tipo":"Atos Ambientais","empresa":"Fazenda São Tiago","municipio":"DOM BOSCO","processo":"s/n","link_oficial":null,"resumo":"Atos Ambientais","aprox":true}},{"type":"Feature","geometry":{"type":"Point","coordinates":[-42.05425,-16.84216]},"properties":{"id":"ANA:s/n","orgao":"ANA","uf":"MG","ano":2015,"categoria":"outorga","tipo":"Atos Ambientais","empresa":"Fazenda Maravilha","municipio":"ARAÇUAÍ","processo":"s/n","link_oficial":null,"resumo":"Atos Ambientais","aprox":true}},{"type":"Feature","geometry":{"type":"Point","coordinates":[-38.25689,-9.32351]},"properties":{"id":"ANA:s/n","orgao":"ANA","uf":"BA","ano":2012,"categoria":"outorga","tipo":"Atos Ambientais","empresa":"FAZENDA MONTE ALTO - II","municipio":"GLÓRIA","processo":"s/n","link_oficial":null,"resumo":"Atos Ambientais","aprox":true}},{"type":"Feature","geometry":{"type":"Point","coordinates":[-49.10677,-23.42639]},"properties":{"id":"ANA:s/n","orgao":"ANA","uf":"SP","ano":2015,"categoria":"outorga","tipo":"Atos Ambientais","empresa":"Estância Triunfo","municipio":"ITAÍ","processo":"s/n","link_oficial":null,"resumo":"Atos Ambientais","aprox":true}},{"type":"Feature","geometry":{"type":"Point","coordinates":[-49.10677,-23.42639]},"properties":{"id":"ANA:s/n","orgao":"ANA","uf":"SP","ano":2015,"categoria":"outorga","tipo":"Atos Ambientais","empresa":"Estância Triunfo","municipio":"ITAÍ","processo":"s/n","link_oficial":null,"resumo":"Atos Ambientais","aprox":true}},{"type":"Feature","geometry":{"type":"Point","coordinates":[-40.974,-9.16408]},"properties":{"id":"ANA:s/n","orgao":"ANA","uf":"BA","ano":2015,"categoria":"outorga","tipo":"Atos Ambientais","empresa":"Sitio Cabocla","municipio":"CASA NOVA","processo":"s/n","link_oficial":null,"resumo":"Atos Ambientais","aprox":true}},{"type":"Feature","geometry":{"type":"Point","coordinates":[-40.49272,-9.43191]},"properties":{"id":"ANA:02000.003269/1998","orgao":"ANA","uf":"BA","ano":2017,"categoria":"outorga","tipo":"Atos Ambientais","empresa":"Sitio Estreito 1","municipio":"JUAZEIRO","processo":"02000.003269/1998","link_oficial":"https://www.snirh.gov.br/cnarh/consulta/processo?numero=02000.003269/1998","resumo":"Atos Ambientais","aprox":true}},{"type":"Feature","geometry":{"type":"Point","coordinates":[-36.15567,-9.41238]},"properties":{"id":"ANA:s/n","orgao":"ANA","uf":"AL","ano":2012,"categoria":"outorga","tipo":"Atos Ambientais","empresa":"Newdson Costa de Moura","municipio":"CAJUEIRO","processo":"s/n","link_oficial":null,"resumo":"Atos Ambientais","aprox":true}},{"type":"Feature","geometry":{"type":"Point","coordinates":[-38.29035,-9.06234]},"properties":{"id":"ANA:s/n","orgao":"ANA","uf":"PE","ano":2014,"categoria":"outorga","tipo":"Atos Ambientais","empresa":"SITIO CRAIBA SECA","municipio":"PETROLÂNDIA","processo":"s/n","link_oficial":null,"resumo":"Atos Ambientais","aprox":true}},{"type":"Feature","geometry":{"type":"Point","coordinates":[-40.48943,-9.37167]},"properties":{"id":"ANA:s/n","orgao":"ANA","uf":"PE","ano":2014,"categoria":"outorga","tipo":"Atos Ambientais","empresa":"SITIO UMBUZEIRO","municipio":"PETROLINA","processo":"s/n","link_oficial":null,"resumo":"Atos Ambientais","aprox":true}},{"type":"Feature","geometry":{"type":"Point","coordinates":[-40.59929,-18.62661]},"properties":{"id":"ANA:02501.000250/2016","orgao":"ANA","uf":"ES","ano":2016,"categoria":"outorga","tipo":"Atos Ambientais","empresa":"SITIO SÃO JORGE","municipio":"VILA PAVÃO","processo":"02501.000250/2016","link_oficial":"https://www.snirh.gov.br/cnarh/consulta/processo?numero=02501.000250/2016","resumo":"Atos Ambientais","aprox":true}},{"type":"Feature","geometry":{"type":"Point","coordinates":[-38.25689,-9.32351]},"properties":{"id":"ANA:s/n","orgao":"ANA","uf":"BA","ano":2015,"categoria":"outorga","tipo":"Atos Ambientais","empresa":"Baixa da Pedra do Urubu","municipio":"GLÓRIA","processo":"s/n","link_oficial":null,"resumo":"Atos Ambientais","aprox":true}},{"type":"Feature","geometry":{"type":"Point","coordinates":[-37.39696,-6.6604]},"properties":{"id":"ANA:s/n","orgao":"ANA","uf":"RN","ano":2012,"categoria":"outorga","tipo":"Atos Ambientais","empresa":"BARRAGEM DINAMARCA","municipio":"SERRA NEGRA DO NORTE","processo":"s/n","link_oficial":null,"resumo":"Atos Ambientais","aprox":true}},{"type":"Feature","geometry":{"type":"Point","coordinates":[-41.36143,-21.06698]},"properties":{"id":"ANA:s/n","orgao":"ANA","uf":"ES","ano":2009,"categoria":"outorga","tipo":"Atos Ambientais","empresa":"PCH PEDRA DO GARRAFÃO","municipio":"MIMOSO DO SUL","processo":"s/n","link_oficial":null,"resumo":"Atos Ambientais","aprox":true}},{"type":"Feature","geometry":{"type":"Point","coordinates":[-39.26609,-3.80737]},"properties":{"id":"ANA:s/n","orgao":"ANA","uf":"CE","ano":2013,"categoria":"outorga","tipo":"Atos Ambientais","empresa":"Não Informado","municipio":"PENTECOSTE","processo":"s/n","link_oficial":null,"resumo":"Atos Ambientais","aprox":true}},{"type":"Feature","geometry":{"type":"Point","coordinates":[-39.44628,-6.08656]},"properties":{"id":"ANA:s/n","orgao":"ANA","uf":"CE","ano":2013,"categoria":"outorga","tipo":"Atos Ambientais","empresa":"Não Informado","municipio":"ACOPIARA","processo":"s/n","link_oficial":null,"resumo":"Atos Ambientais","aprox":true}},{"type":"Feature","geometry":{"type":"Point","coordinates":[-39.54415,-18.06911]},"properties":{"id":"ANA:s/n","orgao":"ANA","uf":"BA","ano":2009,"categoria":"outorga","tipo":"Atos Ambientais","empresa":"SUZANO S.A","municipio":"MUCURI","processo":"s/n","link_oficial":null,"resumo":"Atos Ambientais","aprox":true}},{"type":"Feature","geometry":{"type":"Point","coordinates":[-39.54415,-18.06911]},"properties":{"id":"ANA:s/n","orgao":"ANA","uf":"BA","ano":2009,"categoria":"outorga","tipo":"Atos Ambientais","empresa":"SUZANO S.A","municipio":"MUCURI","processo":"s/n","link_oficial":null,"resumo":"Atos Ambientais","aprox":true}},{"type":"Feature","geometry":{"type":"Point","coordinates":[-38.77974,-8.8496]},"properties":{"id":"ANA:s/n","orgao":"ANA","uf":"BA","ano":2015,"categoria":"outorga","tipo":"Atos Ambientais","empresa":"FAZENDA ALAGOINHAS","municipio":"RODELAS","processo":"s/n","link_oficial":null,"resumo":"Atos Ambientais","aprox":true}},{"type":"Feature","geometry":{"type":"Point","coordinates":[-38.95724,-8.74622]},"properties":{"id":"ANA:s/n","orgao":"ANA","uf":"PE","ano":2016,"categoria":"outorga","tipo":"Atos Ambientais","empresa":"Fazenda Vale do Opará 01","municipio":"BELÉM DO SÃO FRANCISCO","processo":"s/n","link_oficial":null,"resumo":"Atos Ambientais","aprox":true}},{"type":"Feature","geometry":{"type":"Point","coordinates":[-47.6131,-16.76738]},"properties":{"id":"ANA:02501.001226/2008","orgao":"ANA","uf":"GO","ano":2016,"categoria":"outorga","tipo":"Atos Ambientais","empresa":"Faz. N. S. Fátima e Vista Linda","municipio":"CRISTALINA","processo":"02501.001226/2008","link_oficial":"https://www.snirh.gov.br/cnarh/consulta/processo?numero=02501.001226/2008","resumo":"Atos Ambientais","aprox":true}},{"type":"Feature","geometry":{"type":"Point","coordinates":[-47.6131,-16.76738]},"properties":{"id":"ANA:02501.001226/2008","orgao":"ANA","uf":"GO","ano":2016,"categoria":"outorga","tipo":"Atos Ambientais","empresa":"Faz. N. S. Fátima e Vista Linda","municipio":"CRISTALINA","processo":"02501.001226/2008","link_oficial":"https://www.snirh.gov.br/cnarh/consulta/processo?numero=02501.001226/2008","resumo":"Atos Ambientais","aprox":true}},{"type":"Feature","geometry":{"type":"Point","coordinates":[-47.6197,-16.7676]},"properties":{"id":"ANA:s/n","orgao":"ANA","uf":"GO","ano":2016,"categoria":"outorga","tipo":"Atos Ambientais","empresa":"Faz. N. S. Fátima e Vista Linda","municipio":"CRISTALINA","processo":"s/n","link_oficial":null,"resumo":"Atos Ambientais","aprox":true}},{"type":"Feature","geometry":{"type":"Point","coordinates":[-46.10242,-20.97095]},"properties":{"id":"ANA:s/n","orgao":"ANA","uf":"MG","ano":2014,"categoria":"outorga","tipo":"Atos Ambientais","empresa":"Não Informado","municipio":"CARMO DO RIO CLARO","processo":"s/n","link_oficial":null,"resumo":"Atos Ambientais","aprox":true}},{"type":"Feature","geometry":{"type":"Point","coordinates":[-43.91583,-14.85537]},"properties":{"id":"ANA:s/n","orgao":"ANA","uf":"MG","ano":2015,"categoria":"outorga","tipo":"Atos Ambientais","empresa":"Fazenda Laranjeiras","municipio":"MATIAS CARDOSO","processo":"s/n","link_oficial":null,"resumo":"Atos Ambientais","aprox":true}},{"type":"Feature","geometry":{"type":"Point","coordinates":[-39.81465,-8.78752]},"properties":{"id":"ANA:s/n","orgao":"ANA","uf":"PE","ano":2014,"categoria":"outorga","tipo":"Atos Ambientais","empresa":"Não Informado","municipio":"SANTA MARIA DA BOA VISTA","processo":"s/n","link_oficial":null,"resumo":"Atos Ambientais","aprox":true}},{"type":"Feature","geometry":{"type":"Point","coordinates":[-39.83877,-8.78247]},"properties":{"id":"ANA:02501.000833/2016","orgao":"ANA","uf":"PE","ano":2016,"categoria":"outorga","tipo":"Atos Ambientais","empresa":"Sítio Inhanhum - Faz. Inhanhum","municipio":"SANTA MARIA DA BOA VISTA","processo":"02501.000833/2016","link_oficial":"https://www.snirh.gov.br/cnarh/consulta/processo?numero=02501.000833/2016","resumo":"Atos Ambientais","aprox":true}},{"type":"Feature","geometry":{"type":"Point","coordinates":[-38.77974,-8.8496]},"properties":{"id":"ANA:s/n","orgao":"ANA","uf":"BA","ano":2015,"categoria":"outorga","tipo":"Atos Ambientais","empresa":"FAZENDA BOA ESPERANÇA","municipio":"RODELAS","processo":"s/n","link_oficial":null,"resumo":"Atos Ambientais","aprox":true}},{"type":"Feature","geometry":{"type":"Point","coordinates":[-41.25606,-14.72046]},"properties":{"id":"ANA:s/n","orgao":"ANA","uf":"BA","ano":2013,"categoria":"outorga","tipo":"Atos Ambientais","empresa":"SITIO LA SERENA","municipio":"CARAÍBAS","processo":"s/n","link_oficial":null,"resumo":"Atos Ambientais","aprox":true}},{"type":"Feature","geometry":{"type":"Point","coordinates":[-38.95526,-8.75071]},"properties":{"id":"ANA:02501.000908/2016","orgao":"ANA","uf":"PE","ano":2016,"categoria":"outorga","tipo":"Atos Ambientais","empresa":"Fazenda Arueira Ilha da Várzea","municipio":"BELÉM DO SÃO FRANCISCO","processo":"02501.000908/2016","link_oficial":"https://www.snirh.gov.br/cnarh/consulta/processo?numero=02501.000908/2016","resumo":"Atos Ambientais","aprox":true}},{"type":"Feature","geometry":{"type":"Point","coordinates":[-40.48943,-9.37167]},"properties":{"id":"ANA:s/n","orgao":"ANA","uf":"PE","ano":2013,"categoria":"outorga","tipo":"Atos Ambientais","empresa":"SÍTIO J. B. TORRES","municipio":"PETROLINA","processo":"s/n","link_oficial":null,"resumo":"Atos Ambientais","aprox":true}},{"type":"Feature","geometry":{"type":"Point","coordinates":[-46.88688,-16.36953]},"properties":{"id":"ANA:s/n","orgao":"ANA","uf":"MG","ano":2014,"categoria":"outorga","tipo":"Atos Ambientais","empresa":"FAZENDA BOQUEIRÃO","municipio":"UNAÍ","processo":"s/n","link_oficial":null,"resumo":"Atos Ambientais","aprox":true}},{"type":"Feature","geometry":{"type":"Point","coordinates":[-46.43317,-15.6164]},"properties":{"id":"ANA:s/n","orgao":"ANA","uf":"MG","ano":2014,"categoria":"outorga","tipo":"Atos Ambientais","empresa":"NÃO INFORMADO","municipio":"BURITIS","processo":"s/n","link_oficial":null,"resumo":"Atos Ambientais","aprox":true}},{"type":"Feature","geometry":{"type":"Point","coordinates":[-49.21991,-18.57883]},"properties":{"id":"ANA:s/n","orgao":"ANA","uf":"MG","ano":2013,"categoria":"outorga","tipo":"Atos Ambientais","empresa":"FAZENDA BOA SORTE","municipio":"CENTRALINA","processo":"s/n","link_oficial":null,"resumo":"Atos Ambientais","aprox":true}},{"type":"Feature","geometry":{"type":"Point","coordinates":[-40.60776,-18.62091]},"properties":{"id":"ANA:s/n","orgao":"ANA","uf":"ES","ano":2015,"categoria":"outorga","tipo":"Atos Ambientais","empresa":"Não Informado","municipio":"VILA PAVÃO","processo":"s/n","link_oficial":null,"resumo":"Atos Ambientais","aprox":true}},{"type":"Feature","geometry":{"type":"Point","coordinates":[-39.88448,-8.9969]},"properties":{"id":"ANA:s/n","orgao":"ANA","uf":"BA","ano":2017,"categoria":"outorga","tipo":"Atos Ambientais","empresa":"Sítio Porteiras","municipio":"CURAÇÁ","processo":"s/n","link_oficial":null,"resumo":"Atos Ambientais","aprox":true}},{"type":"Feature","geometry":{"type":"Point","coordinates":[-46.1049,-15.92439]},"properties":{"id":"ANA:s/n","orgao":"ANA","uf":"MG","ano":2015,"categoria":"outorga","tipo":"Atos Ambientais","empresa":"Fazenda Mangues","municipio":"ARINOS","processo":"s/n","link_oficial":null,"resumo":"Atos Ambientais","aprox":true}},{"type":"Feature","geometry":{"type":"Point","coordinates":[-46.94132,-22.37117]},"properties":{"id":"ANA:s/n","orgao":"ANA","uf":"SP","ano":2013,"categoria":"outorga","tipo":"Atos Ambientais","empresa":"FAZENDA MOMBAÇA","municipio":"MOGI GUAÇU","processo":"s/n","link_oficial":null,"resumo":"Atos Ambientais","aprox":true}},{"type":"Feature","geometry":{"type":"Point","coordinates":[-45.43461,-19.15114]},"properties":{"id":"ANA:s/n","orgao":"ANA","uf":"MG","ano":2014,"categoria":"outorga","tipo":"Atos Ambientais","empresa":"Fazenda Aldeia","municipio":"ABAETÉ","processo":"s/n","link_oficial":null,"resumo":"Atos Ambientais","aprox":true}},{"type":"Feature","geometry":{"type":"Point","coordinates":[-53.37956,-32.55084]},"properties":{"id":"ANA:02501.000681/2010","orgao":"ANA","uf":"RS","ano":2016,"categoria":"outorga","tipo":"Atos Ambientais","empresa":"GRANJA FRONTEIRA","municipio":"JAGUARÃO","processo":"02501.000681/2010","link_oficial":"https://www.snirh.gov.br/cnarh/consulta/processo?numero=02501.000681/2010","resumo":"Atos Ambientais","aprox":true}},{"type":"Feature","geometry":{"type":"Point","coordinates":[-47.47223,-21.84471]},"properties":{"id":"ANA:s/n","orgao":"ANA","uf":"SP","ano":2014,"categoria":"outorga","tipo":"Atos Ambientais","empresa":"BRK Ambiental - Porto Ferreira S/A","municipio":"PORTO FERREIRA","processo":"s/n","link_oficial":null,"resumo":"Atos Ambientais","aprox":true}},{"type":"Feature","geometry":{"type":"Point","coordinates":[-39.85221,-18.72923]},"properties":{"id":"ANA:02501.002289/2016","orgao":"ANA","uf":"ES","ano":2017,"categoria":"outorga","tipo":"Atos Ambientais","empresa":"FAZENDA VISTA ALEGRE","municipio":"SÃO MATEUS","processo":"02501.002289/2016","link_oficial":"https://www.snirh.gov.br/cnarh/consulta/processo?numero=02501.002289/2016","resumo":"Atos Ambientais","aprox":true}},{"type":"Feature","geometry":{"type":"Point","coordinates":[-40.49594,-9.37193]},"properties":{"id":"ANA:02501.000951/2017","orgao":"ANA","uf":"PE","ano":2017,"categoria":"outorga","tipo":"Atos Ambientais","empresa":"SITIO GADO BRAVO ÁREAS A-4 E B-4","municipio":"PETROLINA","processo":"02501.000951/2017","link_oficial":"https://www.snirh.gov.br/cnarh/consulta/processo?numero=02501.000951/2017","resumo":"Atos Ambientais","aprox":true}},{"type":"Feature","geometry":{"type":"Point","coordinates":[-40.48943,-9.37167]},"properties":{"id":"ANA:s/n","orgao":"ANA","uf":"PE","ano":2014,"categoria":"outorga","tipo":"Atos Ambientais","empresa":"SÍTIO TRÊS IRMÃS","municipio":"PETROLINA","processo":"s/n","link_oficial":null,"resumo":"Atos Ambientais","aprox":true}},{"type":"Feature","geometry":{"type":"Point","coordinates":[-39.097,-8.97013]},"properties":{"id":"ANA:s/n","orgao":"ANA","uf":"BA","ano":2015,"categoria":"outorga","tipo":"Atos Ambientais","empresa":"Não Informado","municipio":"CHORROCHÓ","processo":"s/n","link_oficial":null,"resumo":"Atos Ambientais","aprox":true}},{"type":"Feature","geometry":{"type":"Point","coordinates":[-48.70719,-23.37697]},"properties":{"id":"ANA:s/n","orgao":"ANA","uf":"SP","ano":2014,"categoria":"outorga","tipo":"Atos Ambientais","empresa":"FAZENDA DAS ANTAS","municipio":"PARANAPANEMA","processo":"s/n","link_oficial":null,"resumo":"Atos Ambientais","aprox":true}},{"type":"Feature","geometry":{"type":"Point","coordinates":[-48.68848,-20.18146]},"properties":{"id":"ANA:s/n","orgao":"ANA","uf":"SP","ano":2013,"categoria":"outorga","tipo":"Atos Ambientais","empresa":"FAZENDA SÃO JERÔNYMO","municipio":"COLÔMBIA","processo":"s/n","link_oficial":null,"resumo":"Atos Ambientais","aprox":true}},{"type":"Feature","geometry":{"type":"Point","coordinates":[-36.93654,-8.48784]},"properties":{"id":"ANA:s/n","orgao":"ANA","uf":"PE","ano":2015,"categoria":"outorga","tipo":"Atos Ambientais","empresa":"Barragem Venturosa","municipio":"PEDRA","processo":"s/n","link_oficial":null,"resumo":"Atos Ambientais","aprox":true}},{"type":"Feature","geometry":{"type":"Point","coordinates":[-37.52542,-6.88283]},"properties":{"id":"ANA:02501.000972/2004","orgao":"ANA","uf":"PB","ano":2004,"categoria":"outorga","tipo":"Atos Ambientais","empresa":"Abastecimento público dos municípios de Malta e Condado","municipio":"MALTA","processo":"02501.000972/2004","link_oficial":"https://www.snirh.gov.br/cnarh/consulta/processo?numero=02501.000972/2004","resumo":"Atos Ambientais","aprox":true}},{"type":"Feature","geometry":{"type":"Point","coordinates":[-51.09908,-20.62358]},"properties":{"id":"ANA:s/n","orgao":"ANA","uf":"SP","ano":2014,"categoria":"outorga","tipo":"Atos Ambientais","empresa":"USINA SANTA ADÉLIA SA","municipio":"PEREIRA BARRETO","processo":"s/n","link_oficial":null,"resumo":"Atos Ambientais","aprox":true}},{"type":"Feature","geometry":{"type":"Point","coordinates":[-44.18368,-22.55821]},"properties":{"id":"ANA:s/n","orgao":"ANA","uf":"RJ","ano":2015,"categoria":"outorga","tipo":"Atos Ambientais","empresa":"LACTALIS DO BRASIL - COMERCIO, IMPORTAÇÃO E EXPORTAÇÃO LTDA","municipio":"BARRA MANSA","processo":"s/n","link_oficial":null,"resumo":"Atos Ambientais","aprox":true}},{"type":"Feature","geometry":{"type":"Point","coordinates":[-46.6151,-22.28187]},"properties":{"id":"ANA:s/n","orgao":"ANA","uf":"MG","ano":2017,"categoria":"outorga","tipo":"Atos Ambientais","empresa":"UTE JACUTINGA","municipio":"JACUTINGA","processo":"s/n","link_oficial":null,"resumo":"Atos Ambientais","aprox":true}},{"type":"Feature","geometry":{"type":"Point","coordinates":[-46.6151,-22.28187]},"properties":{"id":"ANA:s/n","orgao":"ANA","uf":"MG","ano":2017,"categoria":"outorga","tipo":"Atos Ambientais","empresa":"UTE JACUTINGA","municipio":"JACUTINGA","processo":"s/n","link_oficial":null,"resumo":"Atos Ambientais","aprox":true}},{"type":"Feature","geometry":{"type":"Point","coordinates":[-44.26398,-14.22045]},"properties":{"id":"ANA:s/n","orgao":"ANA","uf":"BA","ano":2016,"categoria":"outorga","tipo":"Atos Ambientais","empresa":"RONE FERREIRA DOS SANTOS","municipio":"FEIRA DA MATA","processo":"s/n","link_oficial":null,"resumo":"Atos Ambientais","aprox":true}},{"type":"Feature","geometry":{"type":"Point","coordinates":[-44.26398,-14.22045]},"properties":{"id":"ANA:s/n","orgao":"ANA","uf":"BA","ano":2016,"categoria":"outorga","tipo":"Atos Ambientais","empresa":"RONE FERREIRA DOS SANTOS","municipio":"FEIRA DA MATA","processo":"s/n","link_oficial":null,"resumo":"Atos Ambientais","aprox":true}},{"type":"Feature","geometry":{"type":"Point","coordinates":[-39.81465,-8.78752]},"properties":{"id":"ANA:s/n","orgao":"ANA","uf":"PE","ano":2016,"categoria":"outorga","tipo":"Atos Ambientais","empresa":"Sítio Surubim","municipio":"SANTA MARIA DA BOA VISTA","processo":"s/n","link_oficial":null,"resumo":"Atos Ambientais","aprox":true}},{"type":"Feature","geometry":{"type":"Point","coordinates":[-42.06061,-16.84672]},"properties":{"id":"ANA:02501.002047/2015","orgao":"ANA","uf":"MG","ano":2016,"categoria":"outorga","tipo":"Atos Ambientais","empresa":"FAZENDA RECANTO DO LUAR","municipio":"ARAÇUAÍ","processo":"02501.002047/2015","link_oficial":"https://www.snirh.gov.br/cnarh/consulta/processo?numero=02501.002047/2015","resumo":"Atos Ambientais","aprox":true}},{"type":"Feature","geometry":{"type":"Point","coordinates":[-39.88448,-8.9969]},"properties":{"id":"ANA:s/n","orgao":"ANA","uf":"BA","ano":2015,"categoria":"outorga","tipo":"Atos Ambientais","empresa":"FAZENDA DO MEIO","municipio":"CURAÇÁ","processo":"s/n","link_oficial":null,"resumo":"Atos Ambientais","aprox":true}},{"type":"Feature","geometry":{"type":"Point","coordinates":[-51.98056,-21.81989]},"properties":{"id":"ANA:s/n","orgao":"ANA","uf":"SP","ano":2014,"categoria":"outorga","tipo":"Atos Ambientais","empresa":"Fazenda Represa","municipio":"CAIUÁ","processo":"s/n","link_oficial":null,"resumo":"Atos Ambientais","aprox":true}},{"type":"Feature","geometry":{"type":"Point","coordinates":[-40.62423,-19.56447]},"properties":{"id":"ANA:02501.000351/2017","orgao":"ANA","uf":"ES","ano":2017,"categoria":"outorga","tipo":"Atos Ambientais","empresa":"JK EXTRAÇÃO BENEFICIAMENTO E COMÉRCIO DE AREIA LTDA - ME","municipio":"COLATINA","processo":"02501.000351/2017","link_oficial":"https://www.snirh.gov.br/cnarh/consulta/processo?numero=02501.000351/2017","resumo":"Atos Ambientais","aprox":true}},{"type":"Feature","geometry":{"type":"Point","coordinates":[-36.88328,-7.65616]},"properties":{"id":"ANA:s/n","orgao":"ANA","uf":"PB","ano":2004,"categoria":"outorga","tipo":"Atos Ambientais","empresa":"ABASTECIMENTO DE ÁGUA DE SUMÉ","municipio":"SUMÉ","processo":"s/n","link_oficial":null,"resumo":"Atos Ambientais","aprox":true}},{"type":"Feature","geometry":{"type":"Point","coordinates":[-55.71697,-12.54315]},"properties":{"id":"ANA:s/n","orgao":"ANA","uf":"MT","ano":2016,"categoria":"outorga","tipo":"Atos Ambientais","empresa":"GELNEX - Unidade Sorriso/MT","municipio":"SORRISO","processo":"s/n","link_oficial":null,"resumo":"Atos Ambientais","aprox":true}},{"type":"Feature","geometry":{"type":"Point","coordinates":[-55.71697,-12.54315]},"properties":{"id":"ANA:s/n","orgao":"ANA","uf":"MT","ano":2016,"categoria":"outorga","tipo":"Atos Ambientais","empresa":"GELNEX - Unidade Sorriso/MT","municipio":"SORRISO","processo":"s/n","link_oficial":null,"resumo":"Atos Ambientais","aprox":true}},{"type":"Feature","geometry":{"type":"Point","coordinates":[-57.55237,-30.21807]},"properties":{"id":"ANA:s/n","orgao":"ANA","uf":"RS","ano":2014,"categoria":"outorga","tipo":"Atos Ambientais","empresa":"AGROPASTORIL FUNDO GRANDE","municipio":"BARRA DO QUARAÍ","processo":"s/n","link_oficial":null,"resumo":"Atos Ambientais","aprox":true}},{"type":"Feature","geometry":{"type":"Point","coordinates":[-48.07738,-21.57104]},"properties":{"id":"ANA:s/n","orgao":"ANA","uf":"SP","ano":2013,"categoria":"outorga","tipo":"Atos Ambientais","empresa":"Não Informado","municipio":"RINCÃO","processo":"s/n","link_oficial":null,"resumo":"Atos Ambientais","aprox":true}},{"type":"Feature","geometry":{"type":"Point","coordinates":[-47.7693,-21.02184]},"properties":{"id":"ANA:s/n","orgao":"ANA","uf":"SP","ano":2013,"categoria":"outorga","tipo":"Atos Ambientais","empresa":"CLUBE DE REGATAS RIBEIRÃO PRETO","municipio":"JARDINÓPOLIS","processo":"s/n","link_oficial":null,"resumo":"Atos Ambientais","aprox":true}},{"type":"Feature","geometry":{"type":"Point","coordinates":[-42.78846,-14.21424]},"properties":{"id":"ANA:s/n","orgao":"ANA","uf":"BA","ano":2017,"categoria":"outorga","tipo":"Atos Ambientais","empresa":"COOPERATIVA AGRÍCOLA DE IRRIGAÇÃO DO PROJETO DE CERAÍMA LTDA","municipio":"GUANAMBI","processo":"s/n","link_oficial":null,"resumo":"Atos Ambientais","aprox":true}},{"type":"Feature","geometry":{"type":"Point","coordinates":[-42.01657,-15.31781]},"properties":{"id":"ANA:02501.000471/2016","orgao":"ANA","uf":"MG","ano":2016,"categoria":"outorga","tipo":"Atos Ambientais","empresa":"SUZANO PAPEL CELULOSE S/A","municipio":"SÃO JOÃO DO PARAÍSO","processo":"02501.000471/2016","link_oficial":"https://www.snirh.gov.br/cnarh/consulta/processo?numero=02501.000471/2016","resumo":"Atos Ambientais","aprox":true}},{"type":"Feature","geometry":{"type":"Point","coordinates":[-40.48943,-9.37167]},"properties":{"id":"ANA:s/n","orgao":"ANA","uf":"PE","ano":2014,"categoria":"outorga","tipo":"Atos Ambientais","empresa":"ROÇA RETROZ-FAZENDA SITUAÇÃO","municipio":"PETROLINA","processo":"s/n","link_oficial":null,"resumo":"Atos Ambientais","aprox":true}},{"type":"Feature","geometry":{"type":"Point","coordinates":[-40.49108,-9.4134]},"properties":{"id":"ANA:s/n","orgao":"ANA","uf":"BA","ano":2015,"categoria":"outorga","tipo":"Atos Ambientais","empresa":"FAZENDA JATOBÁ-MANIÇOBA","municipio":"JUAZEIRO","processo":"s/n","link_oficial":null,"resumo":"Atos Ambientais","aprox":true}},{"type":"Feature","geometry":{"type":"Point","coordinates":[-52.10644,-32.03482]},"properties":{"id":"ANA:s/n","orgao":"ANA","uf":"RS","ano":2016,"categoria":"outorga","tipo":"Atos Ambientais","empresa":"Canudos","municipio":"RIO GRANDE","processo":"s/n","link_oficial":null,"resumo":"Atos Ambientais","aprox":true}},{"type":"Feature","geometry":{"type":"Point","coordinates":[-37.79427,-6.76814]},"properties":{"id":"ANA:02501.001020/2015","orgao":"ANA","uf":"PB","ano":2015,"categoria":"outorga","tipo":"Atos Ambientais","empresa":"SISTEMA DE ABASTECIMENTO DE ÁGUA DE POMBAL","municipio":"POMBAL","processo":"02501.001020/2015","link_oficial":"https://www.snirh.gov.br/cnarh/consulta/processo?numero=02501.001020/2015","resumo":"Atos Ambientais","aprox":true}},{"type":"Feature","geometry":{"type":"Point","coordinates":[-49.92074,-20.08312]},"properties":{"id":"ANA:s/n","orgao":"ANA","uf":"SP","ano":2015,"categoria":"outorga","tipo":"Atos Ambientais","empresa":"RESIDENCIAL ISLA CANCUN","municipio":"CARDOSO","processo":"s/n","link_oficial":null,"resumo":"Atos Ambientais","aprox":true}},{"type":"Feature","geometry":{"type":"Point","coordinates":[-47.84528,-24.47612]},"properties":{"id":"ANA:s/n","orgao":"ANA","uf":"SP","ano":2015,"categoria":"outorga","tipo":"Atos Ambientais","empresa":"BERTELLI","municipio":"REGISTRO","processo":"s/n","link_oficial":null,"resumo":"Atos Ambientais","aprox":true}},{"type":"Feature","geometry":{"type":"Point","coordinates":[-43.77528,-14.33426]},"properties":{"id":"ANA:s/n","orgao":"ANA","uf":"BA","ano":2002,"categoria":"outorga","tipo":"Atos Ambientais","empresa":"Sistema Integrado de Abastecimento de Água de Canabrava e Riachão","municipio":"MALHADA","processo":"s/n","link_oficial":null,"resumo":"Atos Ambientais","aprox":true}},{"type":"Feature","geometry":{"type":"Point","coordinates":[-42.6896,-21.39262]},"properties":{"id":"ANA:s/n","orgao":"ANA","uf":"MG","ano":2015,"categoria":"outorga","tipo":"Atos Ambientais","empresa":"COMPANHIA INDUSTRIAL CATAGUASES","municipio":"CATAGUASES","processo":"s/n","link_oficial":null,"resumo":"Atos Ambientais","aprox":true}},{"type":"Feature","geometry":{"type":"Point","coordinates":[-42.6896,-21.39262]},"properties":{"id":"ANA:s/n","orgao":"ANA","uf":"MG","ano":2015,"categoria":"outorga","tipo":"Atos Ambientais","empresa":"COMPANHIA INDUSTRIAL CATAGUASES","municipio":"CATAGUASES","processo":"s/n","link_oficial":null,"resumo":"Atos Ambientais","aprox":true}},{"type":"Feature","geometry":{"type":"Point","coordinates":[-46.01001,-17.01073]},"properties":{"id":"ANA:s/n","orgao":"ANA","uf":"MG","ano":2016,"categoria":"outorga","tipo":"Atos Ambientais","empresa":"FAZENDA FUTURA I","municipio":"BRASILÂNDIA DE MINAS","processo":"s/n","link_oficial":null,"resumo":"Atos Ambientais","aprox":true}},{"type":"Feature","geometry":{"type":"Point","coordinates":[-38.25689,-9.32351]},"properties":{"id":"ANA:s/n","orgao":"ANA","uf":"BA","ano":2017,"categoria":"outorga","tipo":"Atos Ambientais","empresa":"Alto Ponta da Serra","municipio":"GLÓRIA","processo":"s/n","link_oficial":null,"resumo":"Atos Ambientais","aprox":true}},{"type":"Feature","geometry":{"type":"Point","coordinates":[-42.18968,-16.60779]},"properties":{"id":"ANA:02501.001197/2017","orgao":"ANA","uf":"MG","ano":2017,"categoria":"outorga","tipo":"Atos Ambientais","empresa":"FAZENDA ITACAMBIRA E CACIMBA","municipio":"CORONEL MURTA","processo":"02501.001197/2017","link_oficial":"https://www.snirh.gov.br/cnarh/consulta/processo?numero=02501.001197/2017","resumo":"Atos Ambientais","aprox":true}},{"type":"Feature","geometry":{"type":"Point","coordinates":[-54.26431,-25.1]},"properties":{"id":"ANA:s/n","orgao":"ANA","uf":"PR","ano":2012,"categoria":"outorga","tipo":"Atos Ambientais","empresa":"ORLANDO ANTONIO BREMM","municipio":"MISSAL","processo":"s/n","link_oficial":null,"resumo":"Atos Ambientais","aprox":true}},{"type":"Feature","geometry":{"type":"Point","coordinates":[-40.68976,-16.1694]},"properties":{"id":"ANA:s/n","orgao":"ANA","uf":"MG","ano":2017,"categoria":"outorga","tipo":"Atos Ambientais","empresa":"Não Informado","municipio":"ALMENARA","processo":"s/n","link_oficial":null,"resumo":"Atos Ambientais","aprox":true}},{"type":"Feature","geometry":{"type":"Point","coordinates":[-53.67746,-31.56062]},"properties":{"id":"ANA:s/n","orgao":"ANA","uf":"RS","ano":2016,"categoria":"outorga","tipo":"Atos Ambientais","empresa":"COMPLEXO TERMELÉTRICO DE CANDIOTA","municipio":"CANDIOTA","processo":"s/n","link_oficial":null,"resumo":"Atos Ambientais","aprox":true}},{"type":"Feature","geometry":{"type":"Point","coordinates":[-43.41617,-13.2405]},"properties":{"id":"ANA:02501.000938/2016","orgao":"ANA","uf":"BA","ano":2016,"categoria":"outorga","tipo":"Atos Ambientais","empresa":"PJ COMERCIAL DE AREIA E TRANPORTE LTDA - ME","municipio":"BOM JESUS DA LAPA","processo":"02501.000938/2016","link_oficial":"https://www.snirh.gov.br/cnarh/consulta/processo?numero=02501.000938/2016","resumo":"Atos Ambientais","aprox":true}},{"type":"Feature","geometry":{"type":"Point","coordinates":[-43.41617,-13.2405]},"properties":{"id":"ANA:02501.000938/2016","orgao":"ANA","uf":"BA","ano":2016,"categoria":"outorga","tipo":"Atos Ambientais","empresa":"PJ COMERCIAL DE AREIA E TRANPORTE LTDA - ME","municipio":"BOM JESUS DA LAPA","processo":"02501.000938/2016","link_oficial":"https://www.snirh.gov.br/cnarh/consulta/processo?numero=02501.000938/2016","resumo":"Atos Ambientais","aprox":true}},{"type":"Feature","geometry":{"type":"Point","coordinates":[-47.5244,-4.4523]},"properties":{"id":"ANA:s/n","orgao":"ANA","uf":"MA","ano":2015,"categoria":"outorga","tipo":"Atos Ambientais","empresa":"Fazenda Redenção","municipio":"ITINGA DO MARANHÃO","processo":"s/n","link_oficial":null,"resumo":"Atos Ambientais","aprox":true}},{"type":"Feature","geometry":{"type":"Point","coordinates":[-40.40604,-18.71391]},"properties":{"id":"ANA:s/n","orgao":"ANA","uf":"ES","ano":2013,"categoria":"outorga","tipo":"Atos Ambientais","empresa":"Fazenda Cachoeira da Lapa","municipio":"NOVA VENÉCIA","processo":"s/n","link_oficial":null,"resumo":"Atos Ambientais","aprox":true}},{"type":"Feature","geometry":{"type":"Point","coordinates":[-42.66729,-14.7644]},"properties":{"id":"ANA:s/n","orgao":"ANA","uf":"BA","ano":2016,"categoria":"outorga","tipo":"Atos Ambientais","empresa":"SITIO SANTA TEREZINHA","municipio":"URANDI","processo":"s/n","link_oficial":null,"resumo":"Atos Ambientais","aprox":true}},{"type":"Feature","geometry":{"type":"Point","coordinates":[-38.77974,-8.8496]},"properties":{"id":"ANA:s/n","orgao":"ANA","uf":"BA","ano":2014,"categoria":"outorga","tipo":"Atos Ambientais","empresa":"FAZENDA TAPERA DA BOA ESPERANÇA","municipio":"RODELAS","processo":"s/n","link_oficial":null,"resumo":"Atos Ambientais","aprox":true}},{"type":"Feature","geometry":{"type":"Point","coordinates":[-41.75265,-16.60091]},"properties":{"id":"ANA:s/n","orgao":"ANA","uf":"MG","ano":2015,"categoria":"outorga","tipo":"Atos Ambientais","empresa":"Fazenda Campestre","municipio":"ITINGA","processo":"s/n","link_oficial":null,"resumo":"Atos Ambientais","aprox":true}},{"type":"Feature","geometry":{"type":"Point","coordinates":[-46.88447,-21.83524]},"properties":{"id":"ANA:s/n","orgao":"ANA","uf":"SP","ano":2013,"categoria":"outorga","tipo":"Atos Ambientais","empresa":"SÍTIO CACHOEIRINHA","municipio":"VARGEM GRANDE DO SUL","processo":"s/n","link_oficial":null,"resumo":"Atos Ambientais","aprox":true}},{"type":"Feature","geometry":{"type":"Point","coordinates":[-48.68848,-20.18146]},"properties":{"id":"ANA:s/n","orgao":"ANA","uf":"SP","ano":2015,"categoria":"outorga","tipo":"Atos Ambientais","empresa":"Fazenda Sapecado","municipio":"COLÔMBIA","processo":"s/n","link_oficial":null,"resumo":"Atos Ambientais","aprox":true}},{"type":"Feature","geometry":{"type":"Point","coordinates":[-39.81465,-8.78752]},"properties":{"id":"ANA:s/n","orgao":"ANA","uf":"PE","ano":2014,"categoria":"outorga","tipo":"Atos Ambientais","empresa":"Não Informado","municipio":"SANTA MARIA DA BOA VISTA","processo":"s/n","link_oficial":null,"resumo":"Atos Ambientais","aprox":true}},{"type":"Feature","geometry":{"type":"Point","coordinates":[-40.49108,-9.4134]},"properties":{"id":"ANA:s/n","orgao":"ANA","uf":"BA","ano":2016,"categoria":"outorga","tipo":"Atos Ambientais","empresa":"FAZENDA BOM JARDIM","municipio":"JUAZEIRO","processo":"s/n","link_oficial":null,"resumo":"Atos Ambientais","aprox":true}},{"type":"Feature","geometry":{"type":"Point","coordinates":[-49.68801,-15.48847]},"properties":{"id":"ANA:s/n","orgao":"ANA","uf":"GO","ano":2013,"categoria":"outorga","tipo":"Atos Ambientais","empresa":"pedreira de santo antonio","municipio":"URUANA","processo":"s/n","link_oficial":null,"resumo":"Atos Ambientais","aprox":true}},{"type":"Feature","geometry":{"type":"Point","coordinates":[-41.68142,-20.04646]},"properties":{"id":"ANA:s/n","orgao":"ANA","uf":"MG","ano":2015,"categoria":"outorga","tipo":"Atos Ambientais","empresa":"MARCELO RODRIGUES ALVIM ME","municipio":"CHALÉ","processo":"s/n","link_oficial":null,"resumo":"Atos Ambientais","aprox":true}},{"type":"Feature","geometry":{"type":"Point","coordinates":[-35.43295,-7.35084]},"properties":{"id":"ANA:s/n","orgao":"ANA","uf":"PB","ano":2004,"categoria":"outorga","tipo":"Atos Ambientais","empresa":"Abastecimento público do município de Caraúbas","municipio":"SALGADO DE SÃO FÉLIX","processo":"s/n","link_oficial":null,"resumo":"Atos Ambientais","aprox":true}},{"type":"Feature","geometry":{"type":"Point","coordinates":[-38.21113,-9.40232]},"properties":{"id":"ANA:s/n","orgao":"ANA","uf":"BA","ano":2015,"categoria":"outorga","tipo":"Atos Ambientais","empresa":"Cond Del Rio Moradas Club","municipio":"PAULO AFONSO","processo":"s/n","link_oficial":null,"resumo":"Atos Ambientais","aprox":true}},{"type":"Feature","geometry":{"type":"Point","coordinates":[-48.03788,-21.49612]},"properties":{"id":"ANA:s/n","orgao":"ANA","uf":"SP","ano":2013,"categoria":"outorga","tipo":"Atos Ambientais","empresa":"Não Informado","municipio":"GUATAPARÁ","processo":"s/n","link_oficial":null,"resumo":"Atos Ambientais","aprox":true}},{"type":"Feature","geometry":{"type":"Point","coordinates":[-48.4003,-10.68936]},"properties":{"id":"ANA:s/n","orgao":"ANA","uf":"TO","ano":2014,"categoria":"outorga","tipo":"Atos Ambientais","empresa":"Não Informado","municipio":"PORTO NACIONAL","processo":"s/n","link_oficial":null,"resumo":"Atos Ambientais","aprox":true}},{"type":"Feature","geometry":{"type":"Point","coordinates":[-46.04082,-20.60629]},"properties":{"id":"ANA:s/n","orgao":"ANA","uf":"MG","ano":2013,"categoria":"outorga","tipo":"Atos Ambientais","empresa":"Castro Maia Empreendimentos Imobiliários Ltda - EPP","municipio":"CAPITÓLIO","processo":"s/n","link_oficial":null,"resumo":"Atos Ambientais","aprox":true}},{"type":"Feature","geometry":{"type":"Point","coordinates":[-40.974,-9.16408]},"properties":{"id":"ANA:s/n","orgao":"ANA","uf":"BA","ano":2015,"categoria":"outorga","tipo":"Atos Ambientais","empresa":"FAZENDA JAITOPAS","municipio":"CASA NOVA","processo":"s/n","link_oficial":null,"resumo":"Atos Ambientais","aprox":true}},{"type":"Feature","geometry":{"type":"Point","coordinates":[-44.88508,-18.76103]},"properties":{"id":"ANA:s/n","orgao":"ANA","uf":"MG","ano":2017,"categoria":"outorga","tipo":"Atos Ambientais","empresa":"Não Informado","municipio":"FELIXLÂNDIA","processo":"s/n","link_oficial":null,"resumo":"Atos Ambientais","aprox":true}},{"type":"Feature","geometry":{"type":"Point","coordinates":[-42.02997,-15.31833]},"properties":{"id":"ANA:s/n","orgao":"ANA","uf":"MG","ano":2014,"categoria":"outorga","tipo":"Atos Ambientais","empresa":"FAZENDA SANTA MARINA","municipio":"SÃO JOÃO DO PARAÍSO","processo":"s/n","link_oficial":null,"resumo":"Atos Ambientais","aprox":true}},{"type":"Feature","geometry":{"type":"Point","coordinates":[-42.54375,-15.60902]},"properties":{"id":"ANA:s/n","orgao":"ANA","uf":"MG","ano":2016,"categoria":"outorga","tipo":"Atos Ambientais","empresa":"FAZENDA GALHEIROS","municipio":"RIO PARDO DE MINAS","processo":"s/n","link_oficial":null,"resumo":"Atos Ambientais","aprox":true}},{"type":"Feature","geometry":{"type":"Point","coordinates":[-38.77974,-8.8496]},"properties":{"id":"ANA:s/n","orgao":"ANA","uf":"BA","ano":2014,"categoria":"outorga","tipo":"Atos Ambientais","empresa":"FAZENDA PEDRA DE AMOLAR","municipio":"RODELAS","processo":"s/n","link_oficial":null,"resumo":"Atos Ambientais","aprox":true}},{"type":"Feature","geometry":{"type":"Point","coordinates":[-39.59658,-8.59372]},"properties":{"id":"ANA:s/n","orgao":"ANA","uf":"PE","ano":2015,"categoria":"outorga","tipo":"Atos Ambientais","empresa":"Fazenda Umburana","municipio":"OROCÓ","processo":"s/n","link_oficial":null,"resumo":"Atos Ambientais","aprox":true}},{"type":"Feature","geometry":{"type":"Point","coordinates":[-36.46466,-9.32089]},"properties":{"id":"ANA:s/n","orgao":"ANA","uf":"AL","ano":2013,"categoria":"outorga","tipo":"Atos Ambientais","empresa":"FAZENDA MANIVA","municipio":"QUEBRANGULO","processo":"s/n","link_oficial":null,"resumo":"Atos Ambientais","aprox":true}},{"type":"Feature","geometry":{"type":"Point","coordinates":[-53.08119,-32.24395]},"properties":{"id":"ANA:02501.001269/2010","orgao":"ANA","uf":"RS","ano":2015,"categoria":"outorga","tipo":"Atos Ambientais","empresa":"AGROPECUÁRIA LAGOA FORMOSA","municipio":"ARROIO GRANDE","processo":"02501.001269/2010","link_oficial":"https://www.snirh.gov.br/cnarh/consulta/processo?numero=02501.001269/2010","resumo":"Atos Ambientais","aprox":true}},{"type":"Feature","geometry":{"type":"Point","coordinates":[-47.19115,-18.46858]},"properties":{"id":"ANA:02501.000666/2016","orgao":"ANA","uf":"MG","ano":2016,"categoria":"outorga","tipo":"Atos Ambientais","empresa":"Fazenda Conceição, Caxambu, Jacaré e Carrapato","municipio":"COROMANDEL","processo":"02501.000666/2016","link_oficial":"https://www.snirh.gov.br/cnarh/consulta/processo?numero=02501.000666/2016","resumo":"Atos Ambientais","aprox":true}},{"type":"Feature","geometry":{"type":"Point","coordinates":[-41.95147,-18.87344]},"properties":{"id":"ANA:s/n","orgao":"ANA","uf":"MG","ano":2015,"categoria":"outorga","tipo":"Atos Ambientais","empresa":"Sítio Vale Verde","municipio":"GOVERNADOR VALADARES","processo":"s/n","link_oficial":null,"resumo":"Atos Ambientais","aprox":true}},{"type":"Feature","geometry":{"type":"Point","coordinates":[-38.26859,-9.17913]},"properties":{"id":"ANA:s/n","orgao":"ANA","uf":"PE","ano":2014,"categoria":"outorga","tipo":"Atos Ambientais","empresa":"Fazenda Martelo","municipio":"JATOBÁ","processo":"s/n","link_oficial":null,"resumo":"Atos Ambientais","aprox":true}},{"type":"Feature","geometry":{"type":"Point","coordinates":[-35.82245,-9.46993]},"properties":{"id":"ANA:s/n","orgao":"ANA","uf":"AL","ano":2013,"categoria":"outorga","tipo":"Atos Ambientais","empresa":"Não Informado","municipio":"RIO LARGO","processo":"s/n","link_oficial":null,"resumo":"Atos Ambientais","aprox":true}},{"type":"Feature","geometry":{"type":"Point","coordinates":[-38.26859,-9.17913]},"properties":{"id":"ANA:s/n","orgao":"ANA","uf":"PE","ano":2014,"categoria":"outorga","tipo":"Atos Ambientais","empresa":"Fazenda Martelo","municipio":"JATOBÁ","processo":"s/n","link_oficial":null,"resumo":"Atos Ambientais","aprox":true}},{"type":"Feature","geometry":{"type":"Point","coordinates":[-43.93825,-14.74971]},"properties":{"id":"ANA:s/n","orgao":"ANA","uf":"MG","ano":2016,"categoria":"outorga","tipo":"Atos Ambientais","empresa":"SITIO GENIPAPO","municipio":"MANGA","processo":"s/n","link_oficial":null,"resumo":"Atos Ambientais","aprox":true}},{"type":"Feature","geometry":{"type":"Point","coordinates":[-38.78233,-8.84014]},"properties":{"id":"ANA:02501.000145/2017","orgao":"ANA","uf":"BA","ano":2017,"categoria":"outorga","tipo":"Atos Ambientais","empresa":"Fazenda Poço do Mel","municipio":"RODELAS","processo":"02501.000145/2017","link_oficial":"https://www.snirh.gov.br/cnarh/consulta/processo?numero=02501.000145/2017","resumo":"Atos Ambientais","aprox":true}},{"type":"Feature","geometry":{"type":"Point","coordinates":[-36.92346,-5.59714]},"properties":{"id":"ANA:00000.024282/2012","orgao":"ANA","uf":"RN","ano":2013,"categoria":"outorga","tipo":"Atos Ambientais","empresa":"Fazenda Baviera - C2024","municipio":"AÇU","processo":"00000.024282/2012","link_oficial":"https://www.snirh.gov.br/cnarh/consulta/processo?numero=00000.024282/2012","resumo":"Atos Ambientais","aprox":true}},{"type":"Feature","geometry":{"type":"Point","coordinates":[-37.09465,-6.94541]},"properties":{"id":"ANA:02501.000984/2004","orgao":"ANA","uf":"PB","ano":2004,"categoria":"outorga","tipo":"Atos Ambientais","empresa":"Sistema de abastecimento de água de São Mamede","municipio":"SÃO MAMEDE","processo":"02501.000984/2004","link_oficial":"https://www.snirh.gov.br/cnarh/consulta/processo?numero=02501.000984/2004","resumo":"Atos Ambientais","aprox":true}},{"type":"Feature","geometry":{"type":"Point","coordinates":[-46.9072,-16.37927]},"properties":{"id":"ANA:02501.001187/2006","orgao":"ANA","uf":"MG","ano":2017,"categoria":"outorga","tipo":"Atos Ambientais","empresa":"FAZENDA DOS TRÊS RIOS","municipio":"UNAÍ","processo":"02501.001187/2006","link_oficial":"https://www.snirh.gov.br/cnarh/consulta/processo?numero=02501.001187/2006","resumo":"Atos Ambientais","aprox":true}},{"type":"Feature","geometry":{"type":"Point","coordinates":[-47.87065,-5.34422]},"properties":{"id":"ANA:s/n","orgao":"ANA","uf":"TO","ano":2008,"categoria":"outorga","tipo":"Atos Ambientais","empresa":"Ilha do Coco Bom","municipio":"SAMPAIO","processo":"s/n","link_oficial":null,"resumo":"Atos Ambientais","aprox":true}},{"type":"Feature","geometry":{"type":"Point","coordinates":[-50.14267,-19.99089]},"properties":{"id":"ANA:s/n","orgao":"ANA","uf":"SP","ano":2007,"categoria":"outorga","tipo":"Atos Ambientais","empresa":"PORTO DE AREIA SAARA LTDA","municipio":"MIRA ESTRELA","processo":"s/n","link_oficial":null,"resumo":"Atos Ambientais","aprox":true}},{"type":"Feature","geometry":{"type":"Point","coordinates":[-50.19705,-19.71485]},"properties":{"id":"ANA:s/n","orgao":"ANA","uf":"MG","ano":2010,"categoria":"outorga","tipo":"Atos Ambientais","empresa":"PORTO DE AREIA SAARA LTDA","municipio":"ITURAMA","processo":"s/n","link_oficial":null,"resumo":"Atos Ambientais","aprox":true}},{"type":"Feature","geometry":{"type":"Point","coordinates":[-45.13254,-22.74669]},"properties":{"id":"ANA:s/n","orgao":"ANA","uf":"SP","ano":2013,"categoria":"outorga","tipo":"Atos Ambientais","empresa":"Wagner Wanderlei Caetano de Abreu FI","municipio":"LORENA","processo":"s/n","link_oficial":null,"resumo":"Atos Ambientais","aprox":true}},{"type":"Feature","geometry":{"type":"Point","coordinates":[-45.13254,-22.74669]},"properties":{"id":"ANA:s/n","orgao":"ANA","uf":"SP","ano":2013,"categoria":"outorga","tipo":"Atos Ambientais","empresa":"Wagner Wanderlei Caetano de Abreu FI","municipio":"LORENA","processo":"s/n","link_oficial":null,"resumo":"Atos Ambientais","aprox":true}},{"type":"Feature","geometry":{"type":"Point","coordinates":[-38.25689,-9.32351]},"properties":{"id":"ANA:s/n","orgao":"ANA","uf":"BA","ano":2015,"categoria":"outorga","tipo":"Atos Ambientais","empresa":"ROÇA BAIXA DO CAVALO","municipio":"GLÓRIA","processo":"s/n","link_oficial":null,"resumo":"Atos Ambientais","aprox":true}},{"type":"Feature","geometry":{"type":"Point","coordinates":[-42.1935,-16.59693]},"properties":{"id":"ANA:s/n","orgao":"ANA","uf":"MG","ano":2017,"categoria":"outorga","tipo":"Atos Ambientais","empresa":"JOSE DIAS DA SILVA","municipio":"CORONEL MURTA","processo":"s/n","link_oficial":null,"resumo":"Atos Ambientais","aprox":true}},{"type":"Feature","geometry":{"type":"Point","coordinates":[-38.25689,-9.32351]},"properties":{"id":"ANA:s/n","orgao":"ANA","uf":"BA","ano":2014,"categoria":"outorga","tipo":"Atos Ambientais","empresa":"ROÇA LAGOA DO VITORINO","municipio":"GLÓRIA","processo":"s/n","link_oficial":null,"resumo":"Atos Ambientais","aprox":true}},{"type":"Feature","geometry":{"type":"Point","coordinates":[-46.43317,-15.6164]},"properties":{"id":"ANA:s/n","orgao":"ANA","uf":"MG","ano":2017,"categoria":"outorga","tipo":"Atos Ambientais","empresa":"Fazenda Pé da Serra denominada lamamrão","municipio":"BURITIS","processo":"s/n","link_oficial":null,"resumo":"Atos Ambientais","aprox":true}},{"type":"Feature","geometry":{"type":"Point","coordinates":[-38.29035,-9.06234]},"properties":{"id":"ANA:s/n","orgao":"ANA","uf":"PE","ano":2016,"categoria":"outorga","tipo":"Atos Ambientais","empresa":"Não Informado","municipio":"PETROLÂNDIA","processo":"s/n","link_oficial":null,"resumo":"Atos Ambientais","aprox":true}},{"type":"Feature","geometry":{"type":"Point","coordinates":[-39.81465,-8.78752]},"properties":{"id":"ANA:s/n","orgao":"ANA","uf":"PE","ano":2014,"categoria":"outorga","tipo":"Atos Ambientais","empresa":"Não Informado","municipio":"SANTA MARIA DA BOA VISTA","processo":"s/n","link_oficial":null,"resumo":"Atos Ambientais","aprox":true}},{"type":"Feature","geometry":{"type":"Point","coordinates":[-42.1935,-16.59693]},"properties":{"id":"ANA:s/n","orgao":"ANA","uf":"MG","ano":2016,"categoria":"outorga","tipo":"Atos Ambientais","empresa":"Fazenda Taquaral","municipio":"CORONEL MURTA","processo":"s/n","link_oficial":null,"resumo":"Atos Ambientais","aprox":true}},{"type":"Feature","geometry":{"type":"Point","coordinates":[-37.61681,-6.59279]},"properties":{"id":"ANA:02501.001219/2011","orgao":"ANA","uf":"PB","ano":2011,"categoria":"outorga","tipo":"Atos Ambientais","empresa":"Sistema de Abastecimento de Água de Paulista","municipio":"PAULISTA","processo":"02501.001219/2011","link_oficial":"https://www.snirh.gov.br/cnarh/consulta/processo?numero=02501.001219/2011","resumo":"Atos Ambientais","aprox":true}},{"type":"Feature","geometry":{"type":"Point","coordinates":[-50.75865,-23.09181]},"properties":{"id":"ANA:s/n","orgao":"ANA","uf":"PR","ano":2014,"categoria":"outorga","tipo":"Atos Ambientais","empresa":"FAZENDA SANTA CRUZ","municipio":"LEÓPOLIS","processo":"s/n","link_oficial":null,"resumo":"Atos Ambientais","aprox":true}},{"type":"Feature","geometry":{"type":"Point","coordinates":[-43.4559,-13.08239]},"properties":{"id":"ANA:s/n","orgao":"ANA","uf":"BA","ano":2007,"categoria":"outorga","tipo":"Atos Ambientais","empresa":"Abastecimento Público dos Distritos","municipio":"SÍTIO DO MATO","processo":"s/n","link_oficial":null,"resumo":"Atos Ambientais","aprox":true}},{"type":"Feature","geometry":{"type":"Point","coordinates":[-40.31607,-18.54526]},"properties":{"id":"ANA:02501.000341/2017","orgao":"ANA","uf":"ES","ano":2017,"categoria":"outorga","tipo":"Atos Ambientais","empresa":"Sitio Celina","municipio":"BOA ESPERANÇA","processo":"02501.000341/2017","link_oficial":"https://www.snirh.gov.br/cnarh/consulta/processo?numero=02501.000341/2017","resumo":"Atos Ambientais","aprox":true}},{"type":"Feature","geometry":{"type":"Point","coordinates":[-41.53892,-19.00053]},"properties":{"id":"ANA:02501.001045/2016","orgao":"ANA","uf":"MG","ano":2016,"categoria":"outorga","tipo":"Atos Ambientais","empresa":"FAZENDA RIO DOCE","municipio":"GALILÉIA","processo":"02501.001045/2016","link_oficial":"https://www.snirh.gov.br/cnarh/consulta/processo?numero=02501.001045/2016","resumo":"Atos Ambientais","aprox":true}},{"type":"Feature","geometry":{"type":"Point","coordinates":[-41.53892,-19.00053]},"properties":{"id":"ANA:02501.001045/2016","orgao":"ANA","uf":"MG","ano":2016,"categoria":"outorga","tipo":"Atos Ambientais","empresa":"FAZENDA RIO DOCE","municipio":"GALILÉIA","processo":"02501.001045/2016","link_oficial":"https://www.snirh.gov.br/cnarh/consulta/processo?numero=02501.001045/2016","resumo":"Atos Ambientais","aprox":true}},{"type":"Feature","geometry":{"type":"Point","coordinates":[-41.95147,-18.87344]},"properties":{"id":"ANA:s/n","orgao":"ANA","uf":"MG","ano":2015,"categoria":"outorga","tipo":"Atos Ambientais","empresa":"Não Informado","municipio":"GOVERNADOR VALADARES","processo":"s/n","link_oficial":null,"resumo":"Atos Ambientais","aprox":true}},{"type":"Feature","geometry":{"type":"Point","coordinates":[-38.25689,-9.32351]},"properties":{"id":"ANA:s/n","orgao":"ANA","uf":"BA","ano":2012,"categoria":"outorga","tipo":"Atos Ambientais","empresa":"ROÇA CAMPO GRANDE","municipio":"GLÓRIA","processo":"s/n","link_oficial":null,"resumo":"Atos Ambientais","aprox":true}},{"type":"Feature","geometry":{"type":"Point","coordinates":[-39.11324,-8.71988]},"properties":{"id":"ANA:s/n","orgao":"ANA","uf":"BA","ano":2017,"categoria":"outorga","tipo":"Atos Ambientais","empresa":"Sitio das Bahias","municipio":"ABARÉ","processo":"s/n","link_oficial":null,"resumo":"Atos Ambientais","aprox":true}},{"type":"Feature","geometry":{"type":"Point","coordinates":[-40.81956,-9.446]},"properties":{"id":"ANA:02501.000840/2017","orgao":"ANA","uf":"BA","ano":2017,"categoria":"outorga","tipo":"Atos Ambientais","empresa":"SÍTIO TRÊS IRMÃOS","municipio":"SOBRADINHO","processo":"02501.000840/2017","link_oficial":"https://www.snirh.gov.br/cnarh/consulta/processo?numero=02501.000840/2017","resumo":"Atos Ambientais","aprox":true}},{"type":"Feature","geometry":{"type":"Point","coordinates":[-43.77826,-14.2966]},"properties":{"id":"ANA:02501.000338/2016","orgao":"ANA","uf":"BA","ano":2016,"categoria":"outorga","tipo":"Atos Ambientais","empresa":"FAZENDA ANGICO DE CIMA","municipio":"CARINHANHA","processo":"02501.000338/2016","link_oficial":"https://www.snirh.gov.br/cnarh/consulta/processo?numero=02501.000338/2016","resumo":"Atos Ambientais","aprox":true}},{"type":"Feature","geometry":{"type":"Point","coordinates":[-38.29674,-9.06634]},"properties":{"id":"ANA:02501.001032/2016","orgao":"ANA","uf":"PE","ano":2016,"categoria":"outorga","tipo":"Atos Ambientais","empresa":"Fazenda Papagai Sítio Amendoim","municipio":"PETROLÂNDIA","processo":"02501.001032/2016","link_oficial":"https://www.snirh.gov.br/cnarh/consulta/processo?numero=02501.001032/2016","resumo":"Atos Ambientais","aprox":true}},{"type":"Feature","geometry":{"type":"Point","coordinates":[-40.61845,-18.61924]},"properties":{"id":"ANA:02501.000308/2016","orgao":"ANA","uf":"ES","ano":2016,"categoria":"outorga","tipo":"Atos Ambientais","empresa":"SITIO SANTA MARIA","municipio":"VILA PAVÃO","processo":"02501.000308/2016","link_oficial":"https://www.snirh.gov.br/cnarh/consulta/processo?numero=02501.000308/2016","resumo":"Atos Ambientais","aprox":true}},{"type":"Feature","geometry":{"type":"Point","coordinates":[-40.49108,-9.4134]},"properties":{"id":"ANA:s/n","orgao":"ANA","uf":"BA","ano":2015,"categoria":"outorga","tipo":"Atos Ambientais","empresa":"FAZENDA SÃO JOÃO","municipio":"JUAZEIRO","processo":"s/n","link_oficial":null,"resumo":"Atos Ambientais","aprox":true}},{"type":"Feature","geometry":{"type":"Point","coordinates":[-45.91398,-20.76936]},"properties":{"id":"ANA:s/n","orgao":"ANA","uf":"MG","ano":2015,"categoria":"outorga","tipo":"Atos Ambientais","empresa":"Fazenda Alvorada","municipio":"GUAPÉ","processo":"s/n","link_oficial":null,"resumo":"Atos Ambientais","aprox":true}},{"type":"Feature","geometry":{"type":"Point","coordinates":[-39.83997,-18.72587]},"properties":{"id":"ANA:s/n","orgao":"ANA","uf":"ES","ano":2014,"categoria":"outorga","tipo":"Atos Ambientais","empresa":"Fazenda Boa Vista do Cravo","municipio":"SÃO MATEUS","processo":"s/n","link_oficial":null,"resumo":"Atos Ambientais","aprox":true}},{"type":"Feature","geometry":{"type":"Point","coordinates":[-46.9072,-16.37927]},"properties":{"id":"ANA:02501.001187/2006","orgao":"ANA","uf":"MG","ano":2017,"categoria":"outorga","tipo":"Atos Ambientais","empresa":"FAZENDA DOS TRÊS RIOS","municipio":"UNAÍ","processo":"02501.001187/2006","link_oficial":"https://www.snirh.gov.br/cnarh/consulta/processo?numero=02501.001187/2006","resumo":"Atos Ambientais","aprox":true}},{"type":"Feature","geometry":{"type":"Point","coordinates":[-46.9072,-16.37927]},"properties":{"id":"ANA:02501.001187/2006","orgao":"ANA","uf":"MG","ano":2017,"categoria":"outorga","tipo":"Atos Ambientais","empresa":"FAZENDA DOS TRÊS RIOS","municipio":"UNAÍ","processo":"02501.001187/2006","link_oficial":"https://www.snirh.gov.br/cnarh/consulta/processo?numero=02501.001187/2006","resumo":"Atos Ambientais","aprox":true}},{"type":"Feature","geometry":{"type":"Point","coordinates":[-46.9072,-16.37927]},"properties":{"id":"ANA:02501.001187/2006","orgao":"ANA","uf":"MG","ano":2017,"categoria":"outorga","tipo":"Atos Ambientais","empresa":"FAZENDA DOS TRÊS RIOS","municipio":"UNAÍ","processo":"02501.001187/2006","link_oficial":"https://www.snirh.gov.br/cnarh/consulta/processo?numero=02501.001187/2006","resumo":"Atos Ambientais","aprox":true}},{"type":"Feature","geometry":{"type":"Point","coordinates":[-38.25689,-9.32351]},"properties":{"id":"ANA:s/n","orgao":"ANA","uf":"BA","ano":2013,"categoria":"outorga","tipo":"Atos Ambientais","empresa":"Sistema de Esgotamento Sanitário do Município de Glória-BA","municipio":"GLÓRIA","processo":"s/n","link_oficial":null,"resumo":"Atos Ambientais","aprox":true}},{"type":"Feature","geometry":{"type":"Point","coordinates":[-40.48943,-9.37167]},"properties":{"id":"ANA:s/n","orgao":"ANA","uf":"PE","ano":2013,"categoria":"outorga","tipo":"Atos Ambientais","empresa":"Condomínio Portal das Águas","municipio":"PETROLINA","processo":"s/n","link_oficial":null,"resumo":"Atos Ambientais","aprox":true}},{"type":"Feature","geometry":{"type":"Point","coordinates":[-39.54415,-18.06911]},"properties":{"id":"ANA:s/n","orgao":"ANA","uf":"BA","ano":2016,"categoria":"outorga","tipo":"Atos Ambientais","empresa":"FAZENDAS: NOVA ESTRELA, GIUBERTI E GIUBERTI II","municipio":"MUCURI","processo":"s/n","link_oficial":null,"resumo":"Atos Ambientais","aprox":true}},{"type":"Feature","geometry":{"type":"Point","coordinates":[-38.77974,-8.8496]},"properties":{"id":"ANA:s/n","orgao":"ANA","uf":"BA","ano":2017,"categoria":"outorga","tipo":"Atos Ambientais","empresa":"NOVO PENEDO","municipio":"RODELAS","processo":"s/n","link_oficial":null,"resumo":"Atos Ambientais","aprox":true}},{"type":"Feature","geometry":{"type":"Point","coordinates":[-38.34774,-6.82324]},"properties":{"id":"ANA:02501.001553/2013","orgao":"ANA","uf":"PB","ano":2013,"categoria":"outorga","tipo":"Atos Ambientais","empresa":"SITIO SERROTE DO GATO EM TORNO DO AÇUDE PUBLICO DE SÃO GONÇALO","municipio":"MARIZÓPOLIS","processo":"02501.001553/2013","link_oficial":"https://www.snirh.gov.br/cnarh/consulta/processo?numero=02501.001553/2013","resumo":"Atos Ambientais","aprox":true}},{"type":"Feature","geometry":{"type":"Point","coordinates":[-46.43317,-15.6164]},"properties":{"id":"ANA:s/n","orgao":"ANA","uf":"MG","ano":2016,"categoria":"outorga","tipo":"Atos Ambientais","empresa":"Não Informado","municipio":"BURITIS","processo":"s/n","link_oficial":null,"resumo":"Atos Ambientais","aprox":true}},{"type":"Feature","geometry":{"type":"Point","coordinates":[-40.27419,-8.98938]},"properties":{"id":"ANA:s/n","orgao":"ANA","uf":"PE","ano":2014,"categoria":"outorga","tipo":"Atos Ambientais","empresa":"ASSENTAMENTO ILHA GRANDE DO PONTAL","municipio":"LAGOA GRANDE","processo":"s/n","link_oficial":null,"resumo":"Atos Ambientais","aprox":true}},{"type":"Feature","geometry":{"type":"Point","coordinates":[-47.61005,-16.77164]},"properties":{"id":"ANA:02501.001554/2007","orgao":"ANA","uf":"GO","ano":2017,"categoria":"outorga","tipo":"Atos Ambientais","empresa":"Fazenda Village","municipio":"CRISTALINA","processo":"02501.001554/2007","link_oficial":"https://www.snirh.gov.br/cnarh/consulta/processo?numero=02501.001554/2007","resumo":"Atos Ambientais","aprox":true}},{"type":"Feature","geometry":{"type":"Point","coordinates":[-47.61005,-16.77164]},"properties":{"id":"ANA:02501.001554/2007","orgao":"ANA","uf":"GO","ano":2017,"categoria":"outorga","tipo":"Atos Ambientais","empresa":"Fazenda Village","municipio":"CRISTALINA","processo":"02501.001554/2007","link_oficial":"https://www.snirh.gov.br/cnarh/consulta/processo?numero=02501.001554/2007","resumo":"Atos Ambientais","aprox":true}},{"type":"Feature","geometry":{"type":"Point","coordinates":[-47.61005,-16.77164]},"properties":{"id":"ANA:02501.001554/2007","orgao":"ANA","uf":"GO","ano":2017,"categoria":"outorga","tipo":"Atos Ambientais","empresa":"Fazenda Village","municipio":"CRISTALINA","processo":"02501.001554/2007","link_oficial":"https://www.snirh.gov.br/cnarh/consulta/processo?numero=02501.001554/2007","resumo":"Atos Ambientais","aprox":true}},{"type":"Feature","geometry":{"type":"Point","coordinates":[-47.6197,-16.7676]},"properties":{"id":"ANA:s/n","orgao":"ANA","uf":"GO","ano":2017,"categoria":"outorga","tipo":"Atos Ambientais","empresa":"Fazenda Village","municipio":"CRISTALINA","processo":"s/n","link_oficial":null,"resumo":"Atos Ambientais","aprox":true}},{"type":"Feature","geometry":{"type":"Point","coordinates":[-41.25606,-14.72046]},"properties":{"id":"ANA:s/n","orgao":"ANA","uf":"BA","ano":2014,"categoria":"outorga","tipo":"Atos Ambientais","empresa":"FAZENDA L7","municipio":"CARAÍBAS","processo":"s/n","link_oficial":null,"resumo":"Atos Ambientais","aprox":true}},{"type":"Feature","geometry":{"type":"Point","coordinates":[-41.50277,-17.85919]},"properties":{"id":"ANA:s/n","orgao":"ANA","uf":"MG","ano":2013,"categoria":"outorga","tipo":"Atos Ambientais","empresa":"Fazenda Bela Vista","municipio":"TEÓFILO OTONI","processo":"s/n","link_oficial":null,"resumo":"Atos Ambientais","aprox":true}},{"type":"Feature","geometry":{"type":"Point","coordinates":[-42.21028,-15.50123]},"properties":{"id":"ANA:s/n","orgao":"ANA","uf":"MG","ano":2014,"categoria":"outorga","tipo":"Atos Ambientais","empresa":"FAZENDA RECANTÃO","municipio":"INDAIABIRA","processo":"s/n","link_oficial":null,"resumo":"Atos Ambientais","aprox":true}},{"type":"Feature","geometry":{"type":"Point","coordinates":[-42.21028,-15.50123]},"properties":{"id":"ANA:s/n","orgao":"ANA","uf":"MG","ano":2014,"categoria":"outorga","tipo":"Atos Ambientais","empresa":"FAZENDA RECANTÃO","municipio":"INDAIABIRA","processo":"s/n","link_oficial":null,"resumo":"Atos Ambientais","aprox":true}},{"type":"Feature","geometry":{"type":"Point","coordinates":[-42.21028,-15.50123]},"properties":{"id":"ANA:s/n","orgao":"ANA","uf":"MG","ano":2014,"categoria":"outorga","tipo":"Atos Ambientais","empresa":"FAZENDA RECANTÃO","municipio":"INDAIABIRA","processo":"s/n","link_oficial":null,"resumo":"Atos Ambientais","aprox":true}},{"type":"Feature","geometry":{"type":"Point","coordinates":[-45.23413,-18.20736]},"properties":{"id":"ANA:02501.002429/2016","orgao":"ANA","uf":"MG","ano":2017,"categoria":"outorga","tipo":"Atos Ambientais","empresa":"PSICULTURA PORTO VELHO","municipio":"TRÊS MARIAS","processo":"02501.002429/2016","link_oficial":"https://www.snirh.gov.br/cnarh/consulta/processo?numero=02501.002429/2016","resumo":"Atos Ambientais","aprox":true}},{"type":"Feature","geometry":{"type":"Point","coordinates":[-39.81465,-8.78752]},"properties":{"id":"ANA:s/n","orgao":"ANA","uf":"PE","ano":2015,"categoria":"outorga","tipo":"Atos Ambientais","empresa":"FAZENDA MATA","municipio":"SANTA MARIA DA BOA VISTA","processo":"s/n","link_oficial":null,"resumo":"Atos Ambientais","aprox":true}},{"type":"Feature","geometry":{"type":"Point","coordinates":[-44.38397,-14.43311]},"properties":{"id":"ANA:s/n","orgao":"ANA","uf":"MG","ano":2017,"categoria":"outorga","tipo":"Atos Ambientais","empresa":"FAZENDA BELA VISTA","municipio":"MONTALVÂNIA","processo":"s/n","link_oficial":null,"resumo":"Atos Ambientais","aprox":true}},{"type":"Feature","geometry":{"type":"Point","coordinates":[-44.36059,-14.40622]},"properties":{"id":"ANA:02501.001751/2017","orgao":"ANA","uf":"MG","ano":2017,"categoria":"outorga","tipo":"Atos Ambientais","empresa":"FAZENDA BELA VISTA","municipio":"MONTALVÂNIA","processo":"02501.001751/2017","link_oficial":"https://www.snirh.gov.br/cnarh/consulta/processo?numero=02501.001751/2017","resumo":"Atos Ambientais","aprox":true}},{"type":"Feature","geometry":{"type":"Point","coordinates":[-45.55411,-21.07211]},"properties":{"id":"ANA:s/n","orgao":"ANA","uf":"MG","ano":2014,"categoria":"outorga","tipo":"Atos Ambientais","empresa":"Não Informado","municipio":"BOA ESPERANÇA","processo":"s/n","link_oficial":null,"resumo":"Atos Ambientais","aprox":true}},{"type":"Feature","geometry":{"type":"Point","coordinates":[-45.55411,-21.07211]},"properties":{"id":"ANA:s/n","orgao":"ANA","uf":"MG","ano":2014,"categoria":"outorga","tipo":"Atos Ambientais","empresa":"Não Informado","municipio":"BOA ESPERANÇA","processo":"s/n","link_oficial":null,"resumo":"Atos Ambientais","aprox":true}},{"type":"Feature","geometry":{"type":"Point","coordinates":[-45.55411,-21.07211]},"properties":{"id":"ANA:s/n","orgao":"ANA","uf":"MG","ano":2014,"categoria":"outorga","tipo":"Atos Ambientais","empresa":"Não Informado","municipio":"BOA ESPERANÇA","processo":"s/n","link_oficial":null,"resumo":"Atos Ambientais","aprox":true}},{"type":"Feature","geometry":{"type":"Point","coordinates":[-45.55411,-21.07211]},"properties":{"id":"ANA:s/n","orgao":"ANA","uf":"MG","ano":2014,"categoria":"outorga","tipo":"Atos Ambientais","empresa":"Não Informado","municipio":"BOA ESPERANÇA","processo":"s/n","link_oficial":null,"resumo":"Atos Ambientais","aprox":true}},{"type":"Feature","geometry":{"type":"Point","coordinates":[-38.25689,-9.32351]},"properties":{"id":"ANA:s/n","orgao":"ANA","uf":"BA","ano":2014,"categoria":"outorga","tipo":"Atos Ambientais","empresa":"Não Informado","municipio":"GLÓRIA","processo":"s/n","link_oficial":null,"resumo":"Atos Ambientais","aprox":true}},{"type":"Feature","geometry":{"type":"Point","coordinates":[-48.31515,-20.31509]},"properties":{"id":"ANA:s/n","orgao":"ANA","uf":"SP","ano":2017,"categoria":"outorga","tipo":"Atos Ambientais","empresa":"Não Informado","municipio":"GUAÍRA","processo":"s/n","link_oficial":null,"resumo":"Atos Ambientais","aprox":true}},{"type":"Feature","geometry":{"type":"Point","coordinates":[-45.58769,-19.47405]},"properties":{"id":"ANA:s/n","orgao":"ANA","uf":"MG","ano":2014,"categoria":"outorga","tipo":"Atos Ambientais","empresa":"FAZENDA MONJOLO VELHO/RONALDO VALADARES GONTIJO","municipio":"DORES DO INDAIÁ","processo":"s/n","link_oficial":null,"resumo":"Atos Ambientais","aprox":true}},{"type":"Feature","geometry":{"type":"Point","coordinates":[-41.13543,-14.61026]},"properties":{"id":"ANA:s/n","orgao":"ANA","uf":"BA","ano":2017,"categoria":"outorga","tipo":"Atos Ambientais","empresa":"Fazenda Beira Rio","municipio":"ANAGÉ","processo":"s/n","link_oficial":null,"resumo":"Atos Ambientais","aprox":true}},{"type":"Feature","geometry":{"type":"Point","coordinates":[-46.34826,-22.43959]},"properties":{"id":"ANA:s/n","orgao":"ANA","uf":"MG","ano":2014,"categoria":"outorga","tipo":"Atos Ambientais","empresa":"Sítio Boa Esperança","municipio":"BUENO BRANDÃO","processo":"s/n","link_oficial":null,"resumo":"Atos Ambientais","aprox":true}},{"type":"Feature","geometry":{"type":"Point","coordinates":[-48.31515,-20.31509]},"properties":{"id":"ANA:s/n","orgao":"ANA","uf":"SP","ano":2012,"categoria":"outorga","tipo":"Atos Ambientais","empresa":"Fazenda Santa Helena","municipio":"GUAÍRA","processo":"s/n","link_oficial":null,"resumo":"Atos Ambientais","aprox":true}},{"type":"Feature","geometry":{"type":"Point","coordinates":[-48.31515,-20.31509]},"properties":{"id":"ANA:s/n","orgao":"ANA","uf":"SP","ano":2012,"categoria":"outorga","tipo":"Atos Ambientais","empresa":"Fazenda Santa Helena","municipio":"GUAÍRA","processo":"s/n","link_oficial":null,"resumo":"Atos Ambientais","aprox":true}},{"type":"Feature","geometry":{"type":"Point","coordinates":[-43.59581,-18.25561]},"properties":{"id":"ANA:s/n","orgao":"ANA","uf":"MG","ano":2014,"categoria":"outorga","tipo":"Atos Ambientais","empresa":"FAZENDA CÓRREGO DO CAIXÃO","municipio":"DIAMANTINA","processo":"s/n","link_oficial":null,"resumo":"Atos Ambientais","aprox":true}},{"type":"Feature","geometry":{"type":"Point","coordinates":[-40.48943,-9.37167]},"properties":{"id":"ANA:s/n","orgao":"ANA","uf":"PE","ano":2017,"categoria":"outorga","tipo":"Atos Ambientais","empresa":"Sítio Tapera","municipio":"PETROLINA","processo":"s/n","link_oficial":null,"resumo":"Atos Ambientais","aprox":true}},{"type":"Feature","geometry":{"type":"Point","coordinates":[-38.25689,-9.32351]},"properties":{"id":"ANA:s/n","orgao":"ANA","uf":"BA","ano":2012,"categoria":"outorga","tipo":"Atos Ambientais","empresa":"FAZENDA MONTE ALTO","municipio":"GLÓRIA","processo":"s/n","link_oficial":null,"resumo":"Atos Ambientais","aprox":true}},{"type":"Feature","geometry":{"type":"Point","coordinates":[-40.15954,-4.33605]},"properties":{"id":"ANA:s/n","orgao":"ANA","uf":"CE","ano":2013,"categoria":"outorga","tipo":"Atos Ambientais","empresa":"Não Informado","municipio":"SANTA QUITÉRIA","processo":"s/n","link_oficial":null,"resumo":"Atos Ambientais","aprox":true}},{"type":"Feature","geometry":{"type":"Point","coordinates":[-40.27419,-8.98938]},"properties":{"id":"ANA:s/n","orgao":"ANA","uf":"PE","ano":2014,"categoria":"outorga","tipo":"Atos Ambientais","empresa":"ASSENTAMENTO ILHA GRANDE DO PONTAL","municipio":"LAGOA GRANDE","processo":"s/n","link_oficial":null,"resumo":"Atos Ambientais","aprox":true}},{"type":"Feature","geometry":{"type":"Point","coordinates":[-40.15954,-4.33605]},"properties":{"id":"ANA:s/n","orgao":"ANA","uf":"CE","ano":2013,"categoria":"outorga","tipo":"Atos Ambientais","empresa":"Não Informado","municipio":"SANTA QUITÉRIA","processo":"s/n","link_oficial":null,"resumo":"Atos Ambientais","aprox":true}},{"type":"Feature","geometry":{"type":"Point","coordinates":[-46.5373,-12.79607]},"properties":{"id":"ANA:02501.001495/2017","orgao":"ANA","uf":"TO","ano":2017,"categoria":"outorga","tipo":"Atos Ambientais","empresa":"Fazenda Boa Sorte","municipio":"COMBINADO","processo":"02501.001495/2017","link_oficial":"https://www.snirh.gov.br/cnarh/consulta/processo?numero=02501.001495/2017","resumo":"Atos Ambientais","aprox":true}},{"type":"Feature","geometry":{"type":"Point","coordinates":[-48.26959,-15.14357]},"properties":{"id":"ANA:02501.000443/2013","orgao":"ANA","uf":"GO","ano":2016,"categoria":"outorga","tipo":"Atos Ambientais","empresa":"Fazenda Colônia","municipio":"PADRE BERNARDO","processo":"02501.000443/2013","link_oficial":"https://www.snirh.gov.br/cnarh/consulta/processo?numero=02501.000443/2013","resumo":"Atos Ambientais","aprox":true}},{"type":"Feature","geometry":{"type":"Point","coordinates":[-38.77974,-8.8496]},"properties":{"id":"ANA:s/n","orgao":"ANA","uf":"BA","ano":2015,"categoria":"outorga","tipo":"Atos Ambientais","empresa":"FAZENDA RIACHO","municipio":"RODELAS","processo":"s/n","link_oficial":null,"resumo":"Atos Ambientais","aprox":true}},{"type":"Feature","geometry":{"type":"Point","coordinates":[-40.15954,-4.33605]},"properties":{"id":"ANA:s/n","orgao":"ANA","uf":"CE","ano":2013,"categoria":"outorga","tipo":"Atos Ambientais","empresa":"Não Informado","municipio":"SANTA QUITÉRIA","processo":"s/n","link_oficial":null,"resumo":"Atos Ambientais","aprox":true}},{"type":"Feature","geometry":{"type":"Point","coordinates":[-46.01001,-17.01073]},"properties":{"id":"ANA:s/n","orgao":"ANA","uf":"MG","ano":2016,"categoria":"outorga","tipo":"Atos Ambientais","empresa":"FAZENDA FUTURA II","municipio":"BRASILÂNDIA DE MINAS","processo":"s/n","link_oficial":null,"resumo":"Atos Ambientais","aprox":true}},{"type":"Feature","geometry":{"type":"Point","coordinates":[-52.10644,-32.03482]},"properties":{"id":"ANA:s/n","orgao":"ANA","uf":"RS","ano":2015,"categoria":"outorga","tipo":"Atos Ambientais","empresa":"SEM DENOMINAÇÃO","municipio":"RIO GRANDE","processo":"s/n","link_oficial":null,"resumo":"Atos Ambientais","aprox":true}},{"type":"Feature","geometry":{"type":"Point","coordinates":[-45.71202,-23.10551]},"properties":{"id":"ANA:s/n","orgao":"ANA","uf":"SP","ano":2013,"categoria":"outorga","tipo":"Atos Ambientais","empresa":"Não Informado","municipio":"CAÇAPAVA","processo":"s/n","link_oficial":null,"resumo":"Atos Ambientais","aprox":true}},{"type":"Feature","geometry":{"type":"Point","coordinates":[-40.27419,-8.98938]},"properties":{"id":"ANA:s/n","orgao":"ANA","uf":"PE","ano":2014,"categoria":"outorga","tipo":"Atos Ambientais","empresa":"ASSENTAMENTO JATOBÁ","municipio":"LAGOA GRANDE","processo":"s/n","link_oficial":null,"resumo":"Atos Ambientais","aprox":true}},{"type":"Feature","geometry":{"type":"Point","coordinates":[-40.48943,-9.37167]},"properties":{"id":"ANA:s/n","orgao":"ANA","uf":"PE","ano":2016,"categoria":"outorga","tipo":"Atos Ambientais","empresa":"Gypsum Drywall","municipio":"PETROLINA","processo":"s/n","link_oficial":null,"resumo":"Atos Ambientais","aprox":true}},{"type":"Feature","geometry":{"type":"Point","coordinates":[-39.88448,-8.9969]},"properties":{"id":"ANA:s/n","orgao":"ANA","uf":"BA","ano":2015,"categoria":"outorga","tipo":"Atos Ambientais","empresa":"FAZENDA GANGORRA","municipio":"CURAÇÁ","processo":"s/n","link_oficial":null,"resumo":"Atos Ambientais","aprox":true}},{"type":"Feature","geometry":{"type":"Point","coordinates":[-40.59256,-18.61054]},"properties":{"id":"ANA:02501.000821/2017","orgao":"ANA","uf":"ES","ano":2017,"categoria":"outorga","tipo":"Atos Ambientais","empresa":"FAZENDA CRUZADA","municipio":"VILA PAVÃO","processo":"02501.000821/2017","link_oficial":"https://www.snirh.gov.br/cnarh/consulta/processo?numero=02501.000821/2017","resumo":"Atos Ambientais","aprox":true}},{"type":"Feature","geometry":{"type":"Point","coordinates":[-42.54375,-15.60902]},"properties":{"id":"ANA:s/n","orgao":"ANA","uf":"MG","ano":2015,"categoria":"outorga","tipo":"Atos Ambientais","empresa":"FAZENDA CURRAL NOVO","municipio":"RIO PARDO DE MINAS","processo":"s/n","link_oficial":null,"resumo":"Atos Ambientais","aprox":true}},{"type":"Feature","geometry":{"type":"Point","coordinates":[-40.49108,-9.4134]},"properties":{"id":"ANA:s/n","orgao":"ANA","uf":"BA","ano":2014,"categoria":"outorga","tipo":"Atos Ambientais","empresa":"FAZENDA LAGOA DO BARRO","municipio":"JUAZEIRO","processo":"s/n","link_oficial":null,"resumo":"Atos Ambientais","aprox":true}},{"type":"Feature","geometry":{"type":"Point","coordinates":[-44.26398,-14.22045]},"properties":{"id":"ANA:s/n","orgao":"ANA","uf":"BA","ano":2016,"categoria":"outorga","tipo":"Atos Ambientais","empresa":"FAZENDA LAGOA GRANDE","municipio":"FEIRA DA MATA","processo":"s/n","link_oficial":null,"resumo":"Atos Ambientais","aprox":true}},{"type":"Feature","geometry":{"type":"Point","coordinates":[-45.93935,-22.21385]},"properties":{"id":"ANA:s/n","orgao":"ANA","uf":"MG","ano":2010,"categoria":"outorga","tipo":"Atos Ambientais","empresa":"MINERAÇÃO OURENSE LTDA.","municipio":"POUSO ALEGRE","processo":"s/n","link_oficial":null,"resumo":"Atos Ambientais","aprox":true}},{"type":"Feature","geometry":{"type":"Point","coordinates":[-51.33986,-20.43176]},"properties":{"id":"ANA:s/n","orgao":"ANA","uf":"SP","ano":2013,"categoria":"outorga","tipo":"Atos Ambientais","empresa":"Escama de Ouro","municipio":"ILHA SOLTEIRA","processo":"s/n","link_oficial":null,"resumo":"Atos Ambientais","aprox":true}},{"type":"Feature","geometry":{"type":"Point","coordinates":[-47.93065,-16.25232]},"properties":{"id":"ANA:s/n","orgao":"ANA","uf":"GO","ano":2014,"categoria":"outorga","tipo":"Atos Ambientais","empresa":"CONSTRUTORA OAS","municipio":"LUZIÂNIA","processo":"s/n","link_oficial":null,"resumo":"Atos Ambientais","aprox":true}},{"type":"Feature","geometry":{"type":"Point","coordinates":[-46.66211,-21.52202]},"properties":{"id":"ANA:s/n","orgao":"ANA","uf":"SP","ano":2011,"categoria":"outorga","tipo":"Atos Ambientais","empresa":"Não Informado","municipio":"CACONDE","processo":"s/n","link_oficial":null,"resumo":"Atos Ambientais","aprox":true}},{"type":"Feature","geometry":{"type":"Point","coordinates":[-60.01376,-3.13265]},"properties":{"id":"ANA:s/n","orgao":"ANA","uf":"AM","ano":2016,"categoria":"outorga","tipo":"Atos Ambientais","empresa":"RIO NEGRO AMBIENTAL","municipio":"MANAUS","processo":"s/n","link_oficial":null,"resumo":"Atos Ambientais","aprox":true}},{"type":"Feature","geometry":{"type":"Point","coordinates":[-40.49108,-9.4134]},"properties":{"id":"ANA:s/n","orgao":"ANA","uf":"BA","ano":2017,"categoria":"outorga","tipo":"Atos Ambientais","empresa":"FAZENDA CROA","municipio":"JUAZEIRO","processo":"s/n","link_oficial":null,"resumo":"Atos Ambientais","aprox":true}},{"type":"Feature","geometry":{"type":"Point","coordinates":[-41.02546,-16.43919]},"properties":{"id":"ANA:02501.000187/2016","orgao":"ANA","uf":"MG","ano":2016,"categoria":"outorga","tipo":"Atos Ambientais","empresa":"Fazenda Manga do Paraíso","municipio":"JEQUITINHONHA","processo":"02501.000187/2016","link_oficial":"https://www.snirh.gov.br/cnarh/consulta/processo?numero=02501.000187/2016","resumo":"Atos Ambientais","aprox":true}},{"type":"Feature","geometry":{"type":"Point","coordinates":[-38.25689,-9.32351]},"properties":{"id":"ANA:s/n","orgao":"ANA","uf":"BA","ano":2017,"categoria":"outorga","tipo":"Atos Ambientais","empresa":"Não Informado","municipio":"GLÓRIA","processo":"s/n","link_oficial":null,"resumo":"Atos Ambientais","aprox":true}},{"type":"Feature","geometry":{"type":"Point","coordinates":[-48.35316,-10.24009]},"properties":{"id":"ANA:s/n","orgao":"ANA","uf":"TO","ano":2013,"categoria":"outorga","tipo":"Atos Ambientais","empresa":"ALBERTO BELEM DE ALCANTARA","municipio":"PALMAS","processo":"s/n","link_oficial":null,"resumo":"Atos Ambientais","aprox":true}},{"type":"Feature","geometry":{"type":"Point","coordinates":[-48.03119,-20.17897]},"properties":{"id":"ANA:s/n","orgao":"ANA","uf":"SP","ano":2012,"categoria":"outorga","tipo":"Atos Ambientais","empresa":"Não Informado","municipio":"MIGUELÓPOLIS","processo":"s/n","link_oficial":null,"resumo":"Atos Ambientais","aprox":true}},{"type":"Feature","geometry":{"type":"Point","coordinates":[-39.81465,-8.78752]},"properties":{"id":"ANA:s/n","orgao":"ANA","uf":"PE","ano":2014,"categoria":"outorga","tipo":"Atos Ambientais","empresa":"Edjane Genovez da Silva","municipio":"SANTA MARIA DA BOA VISTA","processo":"s/n","link_oficial":null,"resumo":"Atos Ambientais","aprox":true}},{"type":"Feature","geometry":{"type":"Point","coordinates":[-40.60092,-18.62909]},"properties":{"id":"ANA:02501.000305/2016","orgao":"ANA","uf":"ES","ano":2016,"categoria":"outorga","tipo":"Atos Ambientais","empresa":"SITIO BONITO","municipio":"VILA PAVÃO","processo":"02501.000305/2016","link_oficial":"https://www.snirh.gov.br/cnarh/consulta/processo?numero=02501.000305/2016","resumo":"Atos Ambientais","aprox":true}},{"type":"Feature","geometry":{"type":"Point","coordinates":[-43.77528,-14.33426]},"properties":{"id":"ANA:s/n","orgao":"ANA","uf":"BA","ano":2016,"categoria":"outorga","tipo":"Atos Ambientais","empresa":"FAZENDA CÁTIA","municipio":"MALHADA","processo":"s/n","link_oficial":null,"resumo":"Atos Ambientais","aprox":true}},{"type":"Feature","geometry":{"type":"Point","coordinates":[-45.43311,-20.46622]},"properties":{"id":"ANA:s/n","orgao":"ANA","uf":"MG","ano":2015,"categoria":"outorga","tipo":"Atos Ambientais","empresa":"Fazenda Cauáia","municipio":"FORMIGA","processo":"s/n","link_oficial":null,"resumo":"Atos Ambientais","aprox":true}},{"type":"Feature","geometry":{"type":"Point","coordinates":[-41.87783,-21.19895]},"properties":{"id":"ANA:s/n","orgao":"ANA","uf":"RJ","ano":2015,"categoria":"outorga","tipo":"Atos Ambientais","empresa":"NOVA MIX INDUSTRIAL E COMERCIAL DE ALIMENTOS LTDA","municipio":"ITAPERUNA","processo":"s/n","link_oficial":null,"resumo":"Atos Ambientais","aprox":true}},{"type":"Feature","geometry":{"type":"Point","coordinates":[-41.88069,-21.20009]},"properties":{"id":"ANA:02501.000228/2013","orgao":"ANA","uf":"RJ","ano":2015,"categoria":"outorga","tipo":"Atos Ambientais","empresa":"NOVA MIX INDUSTRIAL E COMERCIAL DE ALIMENTOS LTDA","municipio":"ITAPERUNA","processo":"02501.000228/2013","link_oficial":"https://www.snirh.gov.br/cnarh/consulta/processo?numero=02501.000228/2013","resumo":"Atos Ambientais","aprox":true}},{"type":"Feature","geometry":{"type":"Point","coordinates":[-44.54389,-7.24314]},"properties":{"id":"ANA:s/n","orgao":"ANA","uf":"PI","ano":2017,"categoria":"outorga","tipo":"Atos Ambientais","empresa":"Sistema de Esgotamento Sanitário de Uruçuí/PI","municipio":"URUÇUÍ","processo":"s/n","link_oficial":null,"resumo":"Atos Ambientais","aprox":true}},{"type":"Feature","geometry":{"type":"Point","coordinates":[-40.63399,-19.56989]},"properties":{"id":"ANA:s/n","orgao":"ANA","uf":"ES","ano":2012,"categoria":"outorga","tipo":"Atos Ambientais","empresa":"AREAL DO MAURICINHO","municipio":"COLATINA","processo":"s/n","link_oficial":null,"resumo":"Atos Ambientais","aprox":true}},{"type":"Feature","geometry":{"type":"Point","coordinates":[-37.98898,-7.72936]},"properties":{"id":"ANA:02501.000987/2004","orgao":"ANA","uf":"PB","ano":2009,"categoria":"outorga","tipo":"Atos Ambientais","empresa":"ABASTECIEMNTO DE ÁGUA DE PRINCESA ISABEL","municipio":"PRINCESA ISABEL","processo":"02501.000987/2004","link_oficial":"https://www.snirh.gov.br/cnarh/consulta/processo?numero=02501.000987/2004","resumo":"Atos Ambientais","aprox":true}},{"type":"Feature","geometry":{"type":"Point","coordinates":[-45.71202,-23.10551]},"properties":{"id":"ANA:s/n","orgao":"ANA","uf":"SP","ano":2013,"categoria":"outorga","tipo":"Atos Ambientais","empresa":"Não Informado","municipio":"CAÇAPAVA","processo":"s/n","link_oficial":null,"resumo":"Atos Ambientais","aprox":true}},{"type":"Feature","geometry":{"type":"Point","coordinates":[-38.21675,-9.40209]},"properties":{"id":"ANA:02501.000624/2011","orgao":"ANA","uf":"BA","ano":2017,"categoria":"outorga","tipo":"Atos Ambientais","empresa":"FAZENDA ALTO DO ARATICUM","municipio":"PAULO AFONSO","processo":"02501.000624/2011","link_oficial":"https://www.snirh.gov.br/cnarh/consulta/processo?numero=02501.000624/2011","resumo":"Atos Ambientais","aprox":true}},{"type":"Feature","geometry":{"type":"Point","coordinates":[-43.59581,-18.25561]},"properties":{"id":"ANA:s/n","orgao":"ANA","uf":"MG","ano":2014,"categoria":"outorga","tipo":"Atos Ambientais","empresa":"Fazenda Córrego do Caixão","municipio":"DIAMANTINA","processo":"s/n","link_oficial":null,"resumo":"Atos Ambientais","aprox":true}},{"type":"Feature","geometry":{"type":"Point","coordinates":[-43.59581,-18.25561]},"properties":{"id":"ANA:s/n","orgao":"ANA","uf":"MG","ano":2014,"categoria":"outorga","tipo":"Atos Ambientais","empresa":"Fazenda Córrego do Caixão","municipio":"DIAMANTINA","processo":"s/n","link_oficial":null,"resumo":"Atos Ambientais","aprox":true}},{"type":"Feature","geometry":{"type":"Point","coordinates":[-46.5251,-22.5815]},"properties":{"id":"ANA:02501.001307/2010","orgao":"ANA","uf":"SP","ano":2017,"categoria":"outorga","tipo":"Atos Ambientais","empresa":"Não Informado","municipio":"SOCORRO","processo":"02501.001307/2010","link_oficial":"https://www.snirh.gov.br/cnarh/consulta/processo?numero=02501.001307/2010","resumo":"Atos Ambientais","aprox":true}},{"type":"Feature","geometry":{"type":"Point","coordinates":[-36.72811,-5.26317]},"properties":{"id":"ANA:02501.000450/2003","orgao":"ANA","uf":"RN","ano":2016,"categoria":"outorga","tipo":"Atos Ambientais","empresa":"Potiporã, C2142","municipio":"PENDÊNCIAS","processo":"02501.000450/2003","link_oficial":"https://www.snirh.gov.br/cnarh/consulta/processo?numero=02501.000450/2003","resumo":"Atos Ambientais","aprox":true}},{"type":"Feature","geometry":{"type":"Point","coordinates":[-43.7706,-14.28387]},"properties":{"id":"ANA:s/n","orgao":"ANA","uf":"BA","ano":2012,"categoria":"outorga","tipo":"Atos Ambientais","empresa":"FAZENDA VARZEA ALEGRE","municipio":"CARINHANHA","processo":"s/n","link_oficial":null,"resumo":"Atos Ambientais","aprox":true}},{"type":"Feature","geometry":{"type":"Point","coordinates":[-47.93719,-16.09362]},"properties":{"id":"ANA:s/n","orgao":"ANA","uf":"GO","ano":2016,"categoria":"outorga","tipo":"Atos Ambientais","empresa":"FAZENDA SAIA VELHA","municipio":"CIDADE OCIDENTAL","processo":"s/n","link_oficial":null,"resumo":"Atos Ambientais","aprox":true}},{"type":"Feature","geometry":{"type":"Point","coordinates":[-39.81465,-8.78752]},"properties":{"id":"ANA:s/n","orgao":"ANA","uf":"PE","ano":2014,"categoria":"outorga","tipo":"Atos Ambientais","empresa":"Areal - Fazenda Areal","municipio":"SANTA MARIA DA BOA VISTA","processo":"s/n","link_oficial":null,"resumo":"Atos Ambientais","aprox":true}},{"type":"Feature","geometry":{"type":"Point","coordinates":[-39.81465,-8.78752]},"properties":{"id":"ANA:s/n","orgao":"ANA","uf":"PE","ano":2014,"categoria":"outorga","tipo":"Atos Ambientais","empresa":"Valdelice Alves Cardoso","municipio":"SANTA MARIA DA BOA VISTA","processo":"s/n","link_oficial":null,"resumo":"Atos Ambientais","aprox":true}},{"type":"Feature","geometry":{"type":"Point","coordinates":[-38.29035,-9.06234]},"properties":{"id":"ANA:s/n","orgao":"ANA","uf":"PE","ano":2017,"categoria":"outorga","tipo":"Atos Ambientais","empresa":"Fazenda Vagem Alegre","municipio":"PETROLÂNDIA","processo":"s/n","link_oficial":null,"resumo":"Atos Ambientais","aprox":true}},{"type":"Feature","geometry":{"type":"Point","coordinates":[-38.29035,-9.06234]},"properties":{"id":"ANA:s/n","orgao":"ANA","uf":"PE","ano":2017,"categoria":"outorga","tipo":"Atos Ambientais","empresa":"Fazenda Vagem Alegre","municipio":"PETROLÂNDIA","processo":"s/n","link_oficial":null,"resumo":"Atos Ambientais","aprox":true}},{"type":"Feature","geometry":{"type":"Point","coordinates":[-42.84304,-4.59763]},"properties":{"id":"ANA:s/n","orgao":"ANA","uf":"PI","ano":2017,"categoria":"outorga","tipo":"Atos Ambientais","empresa":"Sistema de Esgotamento Sanitário de União/PI","municipio":"UNIÃO","processo":"s/n","link_oficial":null,"resumo":"Atos Ambientais","aprox":true}},{"type":"Feature","geometry":{"type":"Point","coordinates":[-41.88189,-9.73591]},"properties":{"id":"ANA:s/n","orgao":"ANA","uf":"BA","ano":2016,"categoria":"outorga","tipo":"Atos Ambientais","empresa":"FRUTIMAG REMPLUS - FAZENDA CASTELA","municipio":"SENTO SÉ","processo":"s/n","link_oficial":null,"resumo":"Atos Ambientais","aprox":true}},{"type":"Feature","geometry":{"type":"Point","coordinates":[-37.45941,-6.481]},"properties":{"id":"ANA:02501.000976/2004","orgao":"ANA","uf":"PB","ano":2015,"categoria":"outorga","tipo":"Atos Ambientais","empresa":"Sistema Integrado São Bento","municipio":"SÃO BENTO","processo":"02501.000976/2004","link_oficial":"https://www.snirh.gov.br/cnarh/consulta/processo?numero=02501.000976/2004","resumo":"Atos Ambientais","aprox":true}},{"type":"Feature","geometry":{"type":"Point","coordinates":[-40.51155,-9.38694]},"properties":{"id":"ANA:02000.001246/2000","orgao":"ANA","uf":"PE","ano":2017,"categoria":"outorga","tipo":"Atos Ambientais","empresa":"FRUTAVI S/A","municipio":"PETROLINA","processo":"02000.001246/2000","link_oficial":"https://www.snirh.gov.br/cnarh/consulta/processo?numero=02000.001246/2000","resumo":"Atos Ambientais","aprox":true}},{"type":"Feature","geometry":{"type":"Point","coordinates":[-47.36802,-21.4979]},"properties":{"id":"ANA:s/n","orgao":"ANA","uf":"SP","ano":2011,"categoria":"outorga","tipo":"Atos Ambientais","empresa":"CANAMOR","municipio":"SANTA ROSA DE VITERBO","processo":"s/n","link_oficial":null,"resumo":"Atos Ambientais","aprox":true}},{"type":"Feature","geometry":{"type":"Point","coordinates":[-47.93065,-16.25232]},"properties":{"id":"ANA:s/n","orgao":"ANA","uf":"GO","ano":2015,"categoria":"outorga","tipo":"Atos Ambientais","empresa":"CONSTRUTORA OAS S.A","municipio":"LUZIÂNIA","processo":"s/n","link_oficial":null,"resumo":"Atos Ambientais","aprox":true}},{"type":"Feature","geometry":{"type":"Point","coordinates":[-43.91583,-14.85537]},"properties":{"id":"ANA:s/n","orgao":"ANA","uf":"MG","ano":2014,"categoria":"outorga","tipo":"Atos Ambientais","empresa":"FAZENDA LUANAS","municipio":"MATIAS CARDOSO","processo":"s/n","link_oficial":null,"resumo":"Atos Ambientais","aprox":true}},{"type":"Feature","geometry":{"type":"Point","coordinates":[-43.81416,-22.46902]},"properties":{"id":"ANA:s/n","orgao":"ANA","uf":"RJ","ano":2011,"categoria":"outorga","tipo":"Atos Ambientais","empresa":"Não Informado","municipio":"BARRA DO PIRAÍ","processo":"s/n","link_oficial":null,"resumo":"Atos Ambientais","aprox":true}},{"type":"Feature","geometry":{"type":"Point","coordinates":[-43.14094,-11.08992]},"properties":{"id":"ANA:s/n","orgao":"ANA","uf":"BA","ano":2014,"categoria":"outorga","tipo":"Atos Ambientais","empresa":"FAZENDA CORAÇÃO VALENTE","municipio":"BARRA","processo":"s/n","link_oficial":null,"resumo":"Atos Ambientais","aprox":true}},{"type":"Feature","geometry":{"type":"Point","coordinates":[-41.0085,-16.44224]},"properties":{"id":"ANA:s/n","orgao":"ANA","uf":"MG","ano":2015,"categoria":"outorga","tipo":"Atos Ambientais","empresa":"Não Informado","municipio":"JEQUITINHONHA","processo":"s/n","link_oficial":null,"resumo":"Atos Ambientais","aprox":true}},{"type":"Feature","geometry":{"type":"Point","coordinates":[-40.49108,-9.4134]},"properties":{"id":"ANA:s/n","orgao":"ANA","uf":"BA","ano":2014,"categoria":"outorga","tipo":"Atos Ambientais","empresa":"SWEET VALLEY- FAZENDA MARIA HELENA I","municipio":"JUAZEIRO","processo":"s/n","link_oficial":null,"resumo":"Atos Ambientais","aprox":true}},{"type":"Feature","geometry":{"type":"Point","coordinates":[-55.99334,-28.67422]},"properties":{"id":"ANA:02501.000471/2010","orgao":"ANA","uf":"RS","ano":2016,"categoria":"outorga","tipo":"Atos Ambientais","empresa":"AGROPECUÁRIA AMILÍBIA","municipio":"SÃO BORJA","processo":"02501.000471/2010","link_oficial":"https://www.snirh.gov.br/cnarh/consulta/processo?numero=02501.000471/2010","resumo":"Atos Ambientais","aprox":true}},{"type":"Feature","geometry":{"type":"Point","coordinates":[-40.49108,-9.4134]},"properties":{"id":"ANA:s/n","orgao":"ANA","uf":"BA","ano":2014,"categoria":"outorga","tipo":"Atos Ambientais","empresa":"SITIO CALABAÇO","municipio":"JUAZEIRO","processo":"s/n","link_oficial":null,"resumo":"Atos Ambientais","aprox":true}},{"type":"Feature","geometry":{"type":"Point","coordinates":[-48.31515,-20.31509]},"properties":{"id":"ANA:s/n","orgao":"ANA","uf":"SP","ano":2016,"categoria":"outorga","tipo":"Atos Ambientais","empresa":"ESTÂNCIA NOSSA SENHORA APARECIDA","municipio":"GUAÍRA","processo":"s/n","link_oficial":null,"resumo":"Atos Ambientais","aprox":true}},{"type":"Feature","geometry":{"type":"Point","coordinates":[-39.89415,-8.99382]},"properties":{"id":"ANA:02501.001741/2017","orgao":"ANA","uf":"BA","ano":2017,"categoria":"outorga","tipo":"Atos Ambientais","empresa":"FAZ. MENESES","municipio":"CURAÇÁ","processo":"02501.001741/2017","link_oficial":"https://www.snirh.gov.br/cnarh/consulta/processo?numero=02501.001741/2017","resumo":"Atos Ambientais","aprox":true}},{"type":"Feature","geometry":{"type":"Point","coordinates":[-39.46564,-4.0429]},"properties":{"id":"ANA:s/n","orgao":"ANA","uf":"CE","ano":2013,"categoria":"outorga","tipo":"Atos Ambientais","empresa":"Não Informado","municipio":"GENERAL SAMPAIO","processo":"s/n","link_oficial":null,"resumo":"Atos Ambientais","aprox":true}},{"type":"Feature","geometry":{"type":"Point","coordinates":[-38.77974,-8.8496]},"properties":{"id":"ANA:s/n","orgao":"ANA","uf":"BA","ano":2013,"categoria":"outorga","tipo":"Atos Ambientais","empresa":"FAZENDA CLARISBELA","municipio":"RODELAS","processo":"s/n","link_oficial":null,"resumo":"Atos Ambientais","aprox":true}},{"type":"Feature","geometry":{"type":"Point","coordinates":[-41.88189,-9.73591]},"properties":{"id":"ANA:s/n","orgao":"ANA","uf":"BA","ano":2014,"categoria":"outorga","tipo":"Atos Ambientais","empresa":"FAZENDA BOA SORTE","municipio":"SENTO SÉ","processo":"s/n","link_oficial":null,"resumo":"Atos Ambientais","aprox":true}},{"type":"Feature","geometry":{"type":"Point","coordinates":[-47.93043,-16.07179]},"properties":{"id":"ANA:02501.002298/2016","orgao":"ANA","uf":"GO","ano":2017,"categoria":"outorga","tipo":"Atos Ambientais","empresa":"FAZENDA SAIA VELHA","municipio":"CIDADE OCIDENTAL","processo":"02501.002298/2016","link_oficial":"https://www.snirh.gov.br/cnarh/consulta/processo?numero=02501.002298/2016","resumo":"Atos Ambientais","aprox":true}},{"type":"Feature","geometry":{"type":"Point","coordinates":[-40.48943,-9.37167]},"properties":{"id":"ANA:s/n","orgao":"ANA","uf":"PE","ano":2015,"categoria":"outorga","tipo":"Atos Ambientais","empresa":"ILHA ROCHAS CONCHAS","municipio":"PETROLINA","processo":"s/n","link_oficial":null,"resumo":"Atos Ambientais","aprox":true}},{"type":"Feature","geometry":{"type":"Point","coordinates":[-40.48943,-9.37167]},"properties":{"id":"ANA:s/n","orgao":"ANA","uf":"PE","ano":2015,"categoria":"outorga","tipo":"Atos Ambientais","empresa":"ILHA DO BADECO","municipio":"PETROLINA","processo":"s/n","link_oficial":null,"resumo":"Atos Ambientais","aprox":true}},{"type":"Feature","geometry":{"type":"Point","coordinates":[-41.73226,-15.59649]},"properties":{"id":"ANA:s/n","orgao":"ANA","uf":"MG","ano":2014,"categoria":"outorga","tipo":"Atos Ambientais","empresa":"FAZENDA BOA VISTA","municipio":"BERIZAL","processo":"s/n","link_oficial":null,"resumo":"Atos Ambientais","aprox":true}},{"type":"Feature","geometry":{"type":"Point","coordinates":[-40.49113,-9.39589]},"properties":{"id":"ANA:02501.000464/2006","orgao":"ANA","uf":"PE","ano":2016,"categoria":"outorga","tipo":"Atos Ambientais","empresa":"Fazenda São Cristóvão","municipio":"PETROLINA","processo":"02501.000464/2006","link_oficial":"https://www.snirh.gov.br/cnarh/consulta/processo?numero=02501.000464/2006","resumo":"Atos Ambientais","aprox":true}},{"type":"Feature","geometry":{"type":"Point","coordinates":[-38.20299,-9.40507]},"properties":{"id":"ANA:02501.000265/2017","orgao":"ANA","uf":"BA","ano":2017,"categoria":"outorga","tipo":"Atos Ambientais","empresa":"AFA EMPREENDIMENTOS IMOBILIÁRIOS E INCORPORAÇÕES LTDA","municipio":"PAULO AFONSO","processo":"02501.000265/2017","link_oficial":"https://www.snirh.gov.br/cnarh/consulta/processo?numero=02501.000265/2017","resumo":"Atos Ambientais","aprox":true}},{"type":"Feature","geometry":{"type":"Point","coordinates":[-38.56077,-6.87203]},"properties":{"id":"ANA:02501.000993/2004","orgao":"ANA","uf":"PB","ano":2014,"categoria":"outorga","tipo":"Atos Ambientais","empresa":"SISTEMA INTEGRADO DE ABASTECIMENTO DE ÁGUA DO AÇUDE LAGOA DO ARROZ","municipio":"CAJAZEIRAS","processo":"02501.000993/2004","link_oficial":"https://www.snirh.gov.br/cnarh/consulta/processo?numero=02501.000993/2004","resumo":"Atos Ambientais","aprox":true}},{"type":"Feature","geometry":{"type":"Point","coordinates":[-52.22838,-3.206]},"properties":{"id":"ANA:s/n","orgao":"ANA","uf":"PA","ano":2012,"categoria":"outorga","tipo":"Atos Ambientais","empresa":"M Rocha de Sousa Exportação - ME","municipio":"ALTAMIRA","processo":"s/n","link_oficial":null,"resumo":"Atos Ambientais","aprox":true}},{"type":"Feature","geometry":{"type":"Point","coordinates":[-41.57769,-7.87257]},"properties":{"id":"ANA:s/n","orgao":"ANA","uf":"PI","ano":2015,"categoria":"outorga","tipo":"Atos Ambientais","empresa":"Transnordestina Logística S.A.","municipio":"CONCEIÇÃO DO CANINDÉ","processo":"s/n","link_oficial":null,"resumo":"Atos Ambientais","aprox":true}},{"type":"Feature","geometry":{"type":"Point","coordinates":[-50.20014,-22.78329]},"properties":{"id":"ANA:s/n","orgao":"ANA","uf":"SP","ano":2010,"categoria":"outorga","tipo":"Atos Ambientais","empresa":"Não Informado","municipio":"PALMITAL","processo":"s/n","link_oficial":null,"resumo":"Atos Ambientais","aprox":true}},{"type":"Feature","geometry":{"type":"Point","coordinates":[-38.23484,-6.73226]},"properties":{"id":"ANA:02501.000978/2004","orgao":"ANA","uf":"PB","ano":2004,"categoria":"outorga","tipo":"Atos Ambientais","empresa":"ABASTECIMENTO PÚBLICO DOS MUNICÍPIOS DE SOUSA E MARIZÓPOLIS.","municipio":"SOUSA","processo":"02501.000978/2004","link_oficial":"https://www.snirh.gov.br/cnarh/consulta/processo?numero=02501.000978/2004","resumo":"Atos Ambientais","aprox":true}},{"type":"Feature","geometry":{"type":"Point","coordinates":[-45.91398,-20.76936]},"properties":{"id":"ANA:s/n","orgao":"ANA","uf":"MG","ano":2012,"categoria":"outorga","tipo":"Atos Ambientais","empresa":"frigorifico Gupé Ltda","municipio":"GUAPÉ","processo":"s/n","link_oficial":null,"resumo":"Atos Ambientais","aprox":true}},{"type":"Feature","geometry":{"type":"Point","coordinates":[-38.21113,-9.40232]},"properties":{"id":"ANA:s/n","orgao":"ANA","uf":"BA","ano":2015,"categoria":"outorga","tipo":"Atos Ambientais","empresa":"AAT INTERNATIONAL LTDA","municipio":"PAULO AFONSO","processo":"s/n","link_oficial":null,"resumo":"Atos Ambientais","aprox":true}},{"type":"Feature","geometry":{"type":"Point","coordinates":[-38.21113,-9.40232]},"properties":{"id":"ANA:s/n","orgao":"ANA","uf":"BA","ano":2015,"categoria":"outorga","tipo":"Atos Ambientais","empresa":"AAT INTERNATIONAL LTDA","municipio":"PAULO AFONSO","processo":"s/n","link_oficial":null,"resumo":"Atos Ambientais","aprox":true}},{"type":"Feature","geometry":{"type":"Point","coordinates":[-43.35611,-4.87126]},"properties":{"id":"ANA:s/n","orgao":"ANA","uf":"MA","ano":2017,"categoria":"outorga","tipo":"Atos Ambientais","empresa":"FAZENDA IGUAÇU","municipio":"CAXIAS","processo":"s/n","link_oficial":null,"resumo":"Atos Ambientais","aprox":true}},{"type":"Feature","geometry":{"type":"Point","coordinates":[-49.18904,-18.43975]},"properties":{"id":"ANA:s/n","orgao":"ANA","uf":"MG","ano":2013,"categoria":"outorga","tipo":"Atos Ambientais","empresa":"ARAPORÃ BIOENERGIA S/A ( ANTIGA USINA ALVORADA)","municipio":"ARAPORÃ","processo":"s/n","link_oficial":null,"resumo":"Atos Ambientais","aprox":true}},{"type":"Feature","geometry":{"type":"Point","coordinates":[-49.18904,-18.43975]},"properties":{"id":"ANA:s/n","orgao":"ANA","uf":"MG","ano":2013,"categoria":"outorga","tipo":"Atos Ambientais","empresa":"ARAPORÃ BIOENERGIA S/A ( ANTIGA USINA ALVORADA)","municipio":"ARAPORÃ","processo":"s/n","link_oficial":null,"resumo":"Atos Ambientais","aprox":true}},{"type":"Feature","geometry":{"type":"Point","coordinates":[-49.18904,-18.43975]},"properties":{"id":"ANA:s/n","orgao":"ANA","uf":"MG","ano":2013,"categoria":"outorga","tipo":"Atos Ambientais","empresa":"ARAPORÃ BIOENERGIA S/A ( ANTIGA USINA ALVORADA)","municipio":"ARAPORÃ","processo":"s/n","link_oficial":null,"resumo":"Atos Ambientais","aprox":true}},{"type":"Feature","geometry":{"type":"Point","coordinates":[-49.18904,-18.43975]},"properties":{"id":"ANA:s/n","orgao":"ANA","uf":"MG","ano":2013,"categoria":"outorga","tipo":"Atos Ambientais","empresa":"ARAPORÃ BIOENERGIA S/A ( ANTIGA USINA ALVORADA)","municipio":"ARAPORÃ","processo":"s/n","link_oficial":null,"resumo":"Atos Ambientais","aprox":true}},{"type":"Feature","geometry":{"type":"Point","coordinates":[-37.08756,-9.95968]},"properties":{"id":"ANA:02501.000198/2017","orgao":"ANA","uf":"SE","ano":2017,"categoria":"outorga","tipo":"Atos Ambientais","empresa":"FAZENDA JUAZEIRO II","municipio":"GARARU","processo":"02501.000198/2017","link_oficial":"https://www.snirh.gov.br/cnarh/consulta/processo?numero=02501.000198/2017","resumo":"Atos Ambientais","aprox":true}},{"type":"Feature","geometry":{"type":"Point","coordinates":[-41.75265,-16.60091]},"properties":{"id":"ANA:s/n","orgao":"ANA","uf":"MG","ano":2017,"categoria":"outorga","tipo":"Atos Ambientais","empresa":"SÍTIO GEMELAR AVES ORNAMENTAIS","municipio":"ITINGA","processo":"s/n","link_oficial":null,"resumo":"Atos Ambientais","aprox":true}},{"type":"Feature","geometry":{"type":"Point","coordinates":[-53.09458,-32.22592]},"properties":{"id":"ANA:02501.001649/2015","orgao":"ANA","uf":"RS","ano":2015,"categoria":"outorga","tipo":"Atos Ambientais","empresa":"FAZENDA SÃO LUIZ","municipio":"ARROIO GRANDE","processo":"02501.001649/2015","link_oficial":"https://www.snirh.gov.br/cnarh/consulta/processo?numero=02501.001649/2015","resumo":"Atos Ambientais","aprox":true}},{"type":"Feature","geometry":{"type":"Point","coordinates":[-43.93825,-14.74971]},"properties":{"id":"ANA:s/n","orgao":"ANA","uf":"MG","ano":2014,"categoria":"outorga","tipo":"Atos Ambientais","empresa":"FAZENDA SOUTO VERDE","municipio":"MANGA","processo":"s/n","link_oficial":null,"resumo":"Atos Ambientais","aprox":true}},{"type":"Feature","geometry":{"type":"Point","coordinates":[-39.81465,-8.78752]},"properties":{"id":"ANA:s/n","orgao":"ANA","uf":"PE","ano":2014,"categoria":"outorga","tipo":"Atos Ambientais","empresa":"Fazenda Caraíbas - Sítio Bebedouro","municipio":"SANTA MARIA DA BOA VISTA","processo":"s/n","link_oficial":null,"resumo":"Atos Ambientais","aprox":true}},{"type":"Feature","geometry":{"type":"Point","coordinates":[-38.2581,-9.33001]},"properties":{"id":"ANA:02501.000311/2016","orgao":"ANA","uf":"BA","ano":2016,"categoria":"outorga","tipo":"Atos Ambientais","empresa":"Agrovila 05 - Projeto Glória-BA Lote 25","municipio":"GLÓRIA","processo":"02501.000311/2016","link_oficial":"https://www.snirh.gov.br/cnarh/consulta/processo?numero=02501.000311/2016","resumo":"Atos Ambientais","aprox":true}},{"type":"Feature","geometry":{"type":"Point","coordinates":[-38.25689,-9.32351]},"properties":{"id":"ANA:s/n","orgao":"ANA","uf":"BA","ano":2014,"categoria":"outorga","tipo":"Atos Ambientais","empresa":"ROÇA RAPOSA GRANDE","municipio":"GLÓRIA","processo":"s/n","link_oficial":null,"resumo":"Atos Ambientais","aprox":true}},{"type":"Feature","geometry":{"type":"Point","coordinates":[-47.49444,-5.78606]},"properties":{"id":"ANA:s/n","orgao":"ANA","uf":"TO","ano":2015,"categoria":"outorga","tipo":"Atos Ambientais","empresa":"FAZENDA PONTAL","municipio":"ITAGUATINS","processo":"s/n","link_oficial":null,"resumo":"Atos Ambientais","aprox":true}},{"type":"Feature","geometry":{"type":"Point","coordinates":[-43.94,-19.92]},"properties":{"id":"IGAM (MG):1800001/2018","orgao":"IGAM (MG)","uf":"MG","ano":2018,"categoria":"outorga","tipo":"03 - CAPTAÇÃO EM BARRAMENTO EM CURSO DE ÁGUA, C/ REGULARIZAÇÃO DE VAZÃO (ÁREA MÁ","empresa":"José******","municipio":null,"processo":"1800001/2018","link_oficial":"http://www.siam.mg.gov.br/siam/legislacao/consulta_portarias.jsp?num=1800001/2018","resumo":"03 - CAPTAÇÃO EM BARRAMENTO EM CURSO DE ÁGUA, C/ REGULARIZAÇÃO DE VAZÃO (ÁREA MÁX MENOR OU IGUAL 5,00 HA)","aprox":true}},{"type":"Feature","geometry":{"type":"Point","coordinates":[-43.94,-19.92]},"properties":{"id":"IGAM (MG):1600002/2018","orgao":"IGAM (MG)","uf":"MG","ano":2018,"categoria":"outorga","tipo":"08 - CAPTAÇÃO DE ÁGUA SUBTERRÂNEA POR MEIO DE POÇO TUBULAR JÁ EXISTENTE","empresa":"Nutrephos******","municipio":null,"processo":"1600002/2018","link_oficial":"http://www.siam.mg.gov.br/siam/legislacao/consulta_portarias.jsp?num=1600002/2018","resumo":"08 - CAPTAÇÃO DE ÁGUA SUBTERRÂNEA POR MEIO DE POÇO TUBULAR JÁ EXISTENTE","aprox":true}},{"type":"Feature","geometry":{"type":"Point","coordinates":[-43.94,-19.92]},"properties":{"id":"IGAM (MG):0500003/2018","orgao":"IGAM (MG)","uf":"MG","ano":2018,"categoria":"outorga","tipo":"08 - CAPTAÇÃO DE ÁGUA SUBTERRÂNEA POR MEIO DE POÇO TUBULAR JÁ EXISTENTE","empresa":"LATICÍNIOS******","municipio":null,"processo":"0500003/2018","link_oficial":"http://www.siam.mg.gov.br/siam/legislacao/consulta_portarias.jsp?num=0500003/2018","resumo":"08 - CAPTAÇÃO DE ÁGUA SUBTERRÂNEA POR MEIO DE POÇO TUBULAR JÁ EXISTENTE","aprox":true}},{"type":"Feature","geometry":{"type":"Point","coordinates":[-43.94,-19.92]},"properties":{"id":"IGAM (MG):1400005/2018","orgao":"IGAM (MG)","uf":"MG","ano":2018,"categoria":"outorga","tipo":"08 - CAPTAÇÃO DE ÁGUA SUBTERRÂNEA POR MEIO DE POÇO TUBULAR JÁ EXISTENTE","empresa":"José******","municipio":null,"processo":"1400005/2018","link_oficial":"http://www.siam.mg.gov.br/siam/legislacao/consulta_portarias.jsp?num=1400005/2018","resumo":"08 - CAPTAÇÃO DE ÁGUA SUBTERRÂNEA POR MEIO DE POÇO TUBULAR JÁ EXISTENTE","aprox":true}},{"type":"Feature","geometry":{"type":"Point","coordinates":[-43.94,-19.92]},"properties":{"id":"IGAM (MG):0500006/2018","orgao":"IGAM (MG)","uf":"MG","ano":2018,"categoria":"outorga","tipo":"08 - CAPTAÇÃO DE ÁGUA SUBTERRÂNEA POR MEIO DE POÇO TUBULAR JÁ EXISTENTE","empresa":"Laticínios******","municipio":null,"processo":"0500006/2018","link_oficial":"http://www.siam.mg.gov.br/siam/legislacao/consulta_portarias.jsp?num=0500006/2018","resumo":"08 - CAPTAÇÃO DE ÁGUA SUBTERRÂNEA POR MEIO DE POÇO TUBULAR JÁ EXISTENTE","aprox":true}},{"type":"Feature","geometry":{"type":"Point","coordinates":[-43.94,-19.92]},"properties":{"id":"IGAM (MG):0500007/2018","orgao":"IGAM (MG)","uf":"MG","ano":2018,"categoria":"outorga","tipo":"08 - CAPTAÇÃO DE ÁGUA SUBTERRÂNEA POR MEIO DE POÇO TUBULAR JÁ EXISTENTE","empresa":"Laticínios******","municipio":null,"processo":"0500007/2018","link_oficial":"http://www.siam.mg.gov.br/siam/legislacao/consulta_portarias.jsp?num=0500007/2018","resumo":"08 - CAPTAÇÃO DE ÁGUA SUBTERRÂNEA POR MEIO DE POÇO TUBULAR JÁ EXISTENTE","aprox":true}},{"type":"Feature","geometry":{"type":"Point","coordinates":[-43.94,-19.92]},"properties":{"id":"IGAM (MG):1800008/2018","orgao":"IGAM (MG)","uf":"MG","ano":2018,"categoria":"outorga","tipo":"08 - CAPTAÇÃO DE ÁGUA SUBTERRÂNEA POR MEIO DE POÇO TUBULAR JÁ EXISTENTE","empresa":"Cerâmica******","municipio":null,"processo":"1800008/2018","link_oficial":"http://www.siam.mg.gov.br/siam/legislacao/consulta_portarias.jsp?num=1800008/2018","resumo":"08 - CAPTAÇÃO DE ÁGUA SUBTERRÂNEA POR MEIO DE POÇO TUBULAR JÁ EXISTENTE","aprox":true}},{"type":"Feature","geometry":{"type":"Point","coordinates":[-43.94,-19.92]},"properties":{"id":"IGAM (MG):1800009/2018","orgao":"IGAM (MG)","uf":"MG","ano":2018,"categoria":"outorga","tipo":"08 - CAPTAÇÃO DE ÁGUA SUBTERRÂNEA POR MEIO DE POÇO TUBULAR JÁ EXISTENTE","empresa":"Laticínios******","municipio":null,"processo":"1800009/2018","link_oficial":"http://www.siam.mg.gov.br/siam/legislacao/consulta_portarias.jsp?num=1800009/2018","resumo":"08 - CAPTAÇÃO DE ÁGUA SUBTERRÂNEA POR MEIO DE POÇO TUBULAR JÁ EXISTENTE","aprox":true}},{"type":"Feature","geometry":{"type":"Point","coordinates":[-43.94,-19.92]},"properties":{"id":"IGAM (MG):1800010/2018","orgao":"IGAM (MG)","uf":"MG","ano":2018,"categoria":"outorga","tipo":"08 - CAPTAÇÃO DE ÁGUA SUBTERRÂNEA POR MEIO DE POÇO TUBULAR JÁ EXISTENTE","empresa":"Laticínio******","municipio":null,"processo":"1800010/2018","link_oficial":"http://www.siam.mg.gov.br/siam/legislacao/consulta_portarias.jsp?num=1800010/2018","resumo":"08 - CAPTAÇÃO DE ÁGUA SUBTERRÂNEA POR MEIO DE POÇO TUBULAR JÁ EXISTENTE","aprox":true}},{"type":"Feature","geometry":{"type":"Point","coordinates":[-43.94,-19.92]},"properties":{"id":"IGAM (MG):1800011/2018","orgao":"IGAM (MG)","uf":"MG","ano":2018,"categoria":"outorga","tipo":"14 - DRAGAGEM DE CURSO DE ÁGUA PARA FINS DE EXTRAÇÃO MINERAL","empresa":"Extração******","municipio":null,"processo":"1800011/2018","link_oficial":"http://www.siam.mg.gov.br/siam/legislacao/consulta_portarias.jsp?num=1800011/2018","resumo":"14 - DRAGAGEM DE CURSO DE ÁGUA PARA FINS DE EXTRAÇÃO MINERAL","aprox":true}},{"type":"Feature","geometry":{"type":"Point","coordinates":[-43.94,-19.92]},"properties":{"id":"IGAM (MG):1800012/2018","orgao":"IGAM (MG)","uf":"MG","ano":2018,"categoria":"outorga","tipo":"15 - CANALIZAÇÃO E/OU RETIFICAÇÃO DE CURSO DE ÁGUA","empresa":"BRZ******","municipio":null,"processo":"1800012/2018","link_oficial":"http://www.siam.mg.gov.br/siam/legislacao/consulta_portarias.jsp?num=1800012/2018","resumo":"15 - CANALIZAÇÃO E/OU RETIFICAÇÃO DE CURSO DE ÁGUA","aprox":true}},{"type":"Feature","geometry":{"type":"Point","coordinates":[-43.94,-19.92]},"properties":{"id":"IGAM (MG):1800013/2018","orgao":"IGAM (MG)","uf":"MG","ano":2018,"categoria":"outorga","tipo":"01 - CAPTAÇÃO EM CORPO DE ÁGUA (RIOS, LAGOAS NATURAIS ETC)","empresa":"José******","municipio":null,"processo":"1800013/2018","link_oficial":"http://www.siam.mg.gov.br/siam/legislacao/consulta_portarias.jsp?num=1800013/2018","resumo":"01 - CAPTAÇÃO EM CORPO DE ÁGUA (RIOS, LAGOAS NATURAIS ETC)","aprox":true}},{"type":"Feature","geometry":{"type":"Point","coordinates":[-43.94,-19.92]},"properties":{"id":"IGAM (MG):0500014/2018","orgao":"IGAM (MG)","uf":"MG","ano":2018,"categoria":"outorga","tipo":"11 - CAPTAÇÃO DE ÁGUA EM SURGÊNCIA (NASCENTE)","empresa":"PKS******","municipio":null,"processo":"0500014/2018","link_oficial":"http://www.siam.mg.gov.br/siam/legislacao/consulta_portarias.jsp?num=0500014/2018","resumo":"11 - CAPTAÇÃO DE ÁGUA EM SURGÊNCIA (NASCENTE)","aprox":true}},{"type":"Feature","geometry":{"type":"Point","coordinates":[-43.94,-19.92]},"properties":{"id":"IGAM (MG):1600015/2018","orgao":"IGAM (MG)","uf":"MG","ano":2018,"categoria":"outorga","tipo":"01 - CAPTAÇÃO EM CORPO DE ÁGUA (RIOS, LAGOAS NATURAIS ETC)","empresa":"Hilda******","municipio":null,"processo":"1600015/2018","link_oficial":"http://www.siam.mg.gov.br/siam/legislacao/consulta_portarias.jsp?num=1600015/2018","resumo":"01 - CAPTAÇÃO EM CORPO DE ÁGUA (RIOS, LAGOAS NATURAIS ETC)","aprox":true}},{"type":"Feature","geometry":{"type":"Point","coordinates":[-43.94,-19.92]},"properties":{"id":"IGAM (MG):1800016/2018","orgao":"IGAM (MG)","uf":"MG","ano":2018,"categoria":"outorga","tipo":"01 - CAPTAÇÃO EM CORPO DE ÁGUA (RIOS, LAGOAS NATURAIS ETC)","empresa":"Companhia******","municipio":null,"processo":"1800016/2018","link_oficial":"http://www.siam.mg.gov.br/siam/legislacao/consulta_portarias.jsp?num=1800016/2018","resumo":"01 - CAPTAÇÃO EM CORPO DE ÁGUA (RIOS, LAGOAS NATURAIS ETC)","aprox":true}},{"type":"Feature","geometry":{"type":"Point","coordinates":[-43.94,-19.92]},"properties":{"id":"IGAM (MG):1800017/2018","orgao":"IGAM (MG)","uf":"MG","ano":2018,"categoria":"outorga","tipo":"08 - CAPTAÇÃO DE ÁGUA SUBTERRÂNEA POR MEIO DE POÇO TUBULAR JÁ EXISTENTE","empresa":"Indústria******","municipio":null,"processo":"1800017/2018","link_oficial":"http://www.siam.mg.gov.br/siam/legislacao/consulta_portarias.jsp?num=1800017/2018","resumo":"08 - CAPTAÇÃO DE ÁGUA SUBTERRÂNEA POR MEIO DE POÇO TUBULAR JÁ EXISTENTE","aprox":true}},{"type":"Feature","geometry":{"type":"Point","coordinates":[-43.94,-19.92]},"properties":{"id":"IGAM (MG):0500018/2018","orgao":"IGAM (MG)","uf":"MG","ano":2018,"categoria":"outorga","tipo":"11 - CAPTAÇÃO DE ÁGUA EM SURGÊNCIA (NASCENTE)","empresa":"PKS******","municipio":null,"processo":"0500018/2018","link_oficial":"http://www.siam.mg.gov.br/siam/legislacao/consulta_portarias.jsp?num=0500018/2018","resumo":"11 - CAPTAÇÃO DE ÁGUA EM SURGÊNCIA (NASCENTE)","aprox":true}},{"type":"Feature","geometry":{"type":"Point","coordinates":[-43.94,-19.92]},"properties":{"id":"IGAM (MG):1800019/2018","orgao":"IGAM (MG)","uf":"MG","ano":2018,"categoria":"outorga","tipo":"08 - CAPTAÇÃO DE ÁGUA SUBTERRÂNEA POR MEIO DE POÇO TUBULAR JÁ EXISTENTE","empresa":"Nutracom******","municipio":null,"processo":"1800019/2018","link_oficial":"http://www.siam.mg.gov.br/siam/legislacao/consulta_portarias.jsp?num=1800019/2018","resumo":"08 - CAPTAÇÃO DE ÁGUA SUBTERRÂNEA POR MEIO DE POÇO TUBULAR JÁ EXISTENTE","aprox":true}},{"type":"Feature","geometry":{"type":"Point","coordinates":[-43.94,-19.92]},"properties":{"id":"IGAM (MG):0500020/2018","orgao":"IGAM (MG)","uf":"MG","ano":2018,"categoria":"outorga","tipo":"11 - CAPTAÇÃO DE ÁGUA EM SURGÊNCIA (NASCENTE)","empresa":"PKS******","municipio":null,"processo":"0500020/2018","link_oficial":"http://www.siam.mg.gov.br/siam/legislacao/consulta_portarias.jsp?num=0500020/2018","resumo":"11 - CAPTAÇÃO DE ÁGUA EM SURGÊNCIA (NASCENTE)","aprox":true}},{"type":"Feature","geometry":{"type":"Point","coordinates":[-43.94,-19.92]},"properties":{"id":"IGAM (MG):0500021/2018","orgao":"IGAM (MG)","uf":"MG","ano":2018,"categoria":"outorga","tipo":"11 - CAPTAÇÃO DE ÁGUA EM SURGÊNCIA (NASCENTE)","empresa":"PKS******","municipio":null,"processo":"0500021/2018","link_oficial":"http://www.siam.mg.gov.br/siam/legislacao/consulta_portarias.jsp?num=0500021/2018","resumo":"11 - CAPTAÇÃO DE ÁGUA EM SURGÊNCIA (NASCENTE)","aprox":true}},{"type":"Feature","geometry":{"type":"Point","coordinates":[-43.94,-19.92]},"properties":{"id":"IGAM (MG):1800022/2018","orgao":"IGAM (MG)","uf":"MG","ano":2018,"categoria":"outorga","tipo":"08 - CAPTAÇÃO DE ÁGUA SUBTERRÂNEA POR MEIO DE POÇO TUBULAR JÁ EXISTENTE","empresa":"Indústria******","municipio":null,"processo":"1800022/2018","link_oficial":"http://www.siam.mg.gov.br/siam/legislacao/consulta_portarias.jsp?num=1800022/2018","resumo":"08 - CAPTAÇÃO DE ÁGUA SUBTERRÂNEA POR MEIO DE POÇO TUBULAR JÁ EXISTENTE","aprox":true}},{"type":"Feature","geometry":{"type":"Point","coordinates":[-43.94,-19.92]},"properties":{"id":"IGAM (MG):1800023/2018","orgao":"IGAM (MG)","uf":"MG","ano":2018,"categoria":"outorga","tipo":"08 - CAPTAÇÃO DE ÁGUA SUBTERRÂNEA POR MEIO DE POÇO TUBULAR JÁ EXISTENTE","empresa":"Indústria******","municipio":null,"processo":"1800023/2018","link_oficial":"http://www.siam.mg.gov.br/siam/legislacao/consulta_portarias.jsp?num=1800023/2018","resumo":"08 - CAPTAÇÃO DE ÁGUA SUBTERRÂNEA POR MEIO DE POÇO TUBULAR JÁ EXISTENTE","aprox":true}},{"type":"Feature","geometry":{"type":"Point","coordinates":[-43.94,-19.92]},"properties":{"id":"IGAM (MG):0500024/2018","orgao":"IGAM (MG)","uf":"MG","ano":2018,"categoria":"outorga","tipo":"08 - CAPTAÇÃO DE ÁGUA SUBTERRÂNEA POR MEIO DE POÇO TUBULAR JÁ EXISTENTE","empresa":"Posto******","municipio":null,"processo":"0500024/2018","link_oficial":"http://www.siam.mg.gov.br/siam/legislacao/consulta_portarias.jsp?num=0500024/2018","resumo":"08 - CAPTAÇÃO DE ÁGUA SUBTERRÂNEA POR MEIO DE POÇO TUBULAR JÁ EXISTENTE","aprox":true}},{"type":"Feature","geometry":{"type":"Point","coordinates":[-43.94,-19.92]},"properties":{"id":"IGAM (MG):0500025/2018","orgao":"IGAM (MG)","uf":"MG","ano":2018,"categoria":"outorga","tipo":"08 - CAPTAÇÃO DE ÁGUA SUBTERRÂNEA POR MEIO DE POÇO TUBULAR JÁ EXISTENTE","empresa":"Rodo******","municipio":null,"processo":"0500025/2018","link_oficial":"http://www.siam.mg.gov.br/siam/legislacao/consulta_portarias.jsp?num=0500025/2018","resumo":"08 - CAPTAÇÃO DE ÁGUA SUBTERRÂNEA POR MEIO DE POÇO TUBULAR JÁ EXISTENTE","aprox":true}},{"type":"Feature","geometry":{"type":"Point","coordinates":[-43.94,-19.92]},"properties":{"id":"IGAM (MG):0500026/2018","orgao":"IGAM (MG)","uf":"MG","ano":2018,"categoria":"outorga","tipo":"08 - CAPTAÇÃO DE ÁGUA SUBTERRÂNEA POR MEIO DE POÇO TUBULAR JÁ EXISTENTE","empresa":"Rede******","municipio":null,"processo":"0500026/2018","link_oficial":"http://www.siam.mg.gov.br/siam/legislacao/consulta_portarias.jsp?num=0500026/2018","resumo":"08 - CAPTAÇÃO DE ÁGUA SUBTERRÂNEA POR MEIO DE POÇO TUBULAR JÁ EXISTENTE","aprox":true}},{"type":"Feature","geometry":{"type":"Point","coordinates":[-43.94,-19.92]},"properties":{"id":"IGAM (MG):1800027/2018","orgao":"IGAM (MG)","uf":"MG","ano":2018,"categoria":"outorga","tipo":"08 - CAPTAÇÃO DE ÁGUA SUBTERRÂNEA POR MEIO DE POÇO TUBULAR JÁ EXISTENTE","empresa":"Agropecuária******","municipio":null,"processo":"1800027/2018","link_oficial":"http://www.siam.mg.gov.br/siam/legislacao/consulta_portarias.jsp?num=1800027/2018","resumo":"08 - CAPTAÇÃO DE ÁGUA SUBTERRÂNEA POR MEIO DE POÇO TUBULAR JÁ EXISTENTE","aprox":true}},{"type":"Feature","geometry":{"type":"Point","coordinates":[-43.94,-19.92]},"properties":{"id":"IGAM (MG):1800028/2018","orgao":"IGAM (MG)","uf":"MG","ano":2018,"categoria":"outorga","tipo":"08 - CAPTAÇÃO DE ÁGUA SUBTERRÂNEA POR MEIO DE POÇO TUBULAR JÁ EXISTENTE","empresa":"Ana******","municipio":null,"processo":"1800028/2018","link_oficial":"http://www.siam.mg.gov.br/siam/legislacao/consulta_portarias.jsp?num=1800028/2018","resumo":"08 - CAPTAÇÃO DE ÁGUA SUBTERRÂNEA POR MEIO DE POÇO TUBULAR JÁ EXISTENTE","aprox":true}},{"type":"Feature","geometry":{"type":"Point","coordinates":[-43.94,-19.92]},"properties":{"id":"IGAM (MG):1800029/2018","orgao":"IGAM (MG)","uf":"MG","ano":2018,"categoria":"outorga","tipo":"08 - CAPTAÇÃO DE ÁGUA SUBTERRÂNEA POR MEIO DE POÇO TUBULAR JÁ EXISTENTE","empresa":"Maria******","municipio":null,"processo":"1800029/2018","link_oficial":"http://www.siam.mg.gov.br/siam/legislacao/consulta_portarias.jsp?num=1800029/2018","resumo":"08 - CAPTAÇÃO DE ÁGUA SUBTERRÂNEA POR MEIO DE POÇO TUBULAR JÁ EXISTENTE","aprox":true}},{"type":"Feature","geometry":{"type":"Point","coordinates":[-43.94,-19.92]},"properties":{"id":"IGAM (MG):1800030/2018","orgao":"IGAM (MG)","uf":"MG","ano":2018,"categoria":"outorga","tipo":"08 - CAPTAÇÃO DE ÁGUA SUBTERRÂNEA POR MEIO DE POÇO TUBULAR JÁ EXISTENTE","empresa":"Geraes******","municipio":null,"processo":"1800030/2018","link_oficial":"http://www.siam.mg.gov.br/siam/legislacao/consulta_portarias.jsp?num=1800030/2018","resumo":"08 - CAPTAÇÃO DE ÁGUA SUBTERRÂNEA POR MEIO DE POÇO TUBULAR JÁ EXISTENTE","aprox":true}},{"type":"Feature","geometry":{"type":"Point","coordinates":[-43.94,-19.92]},"properties":{"id":"IGAM (MG):1800031/2018","orgao":"IGAM (MG)","uf":"MG","ano":2018,"categoria":"outorga","tipo":"08 - CAPTAÇÃO DE ÁGUA SUBTERRÂNEA POR MEIO DE POÇO TUBULAR JÁ EXISTENTE","empresa":"LH******","municipio":null,"processo":"1800031/2018","link_oficial":"http://www.siam.mg.gov.br/siam/legislacao/consulta_portarias.jsp?num=1800031/2018","resumo":"08 - CAPTAÇÃO DE ÁGUA SUBTERRÂNEA POR MEIO DE POÇO TUBULAR JÁ EXISTENTE","aprox":true}},{"type":"Feature","geometry":{"type":"Point","coordinates":[-43.94,-19.92]},"properties":{"id":"IGAM (MG):1800032/2018","orgao":"IGAM (MG)","uf":"MG","ano":2018,"categoria":"outorga","tipo":"02 - CAPTAÇÃO EM BARRAMENTO EM CURSO DE ÁGUA, SEM REGULARIZAÇÃO DE VAZÃO","empresa":"Laticínios******","municipio":null,"processo":"1800032/2018","link_oficial":"http://www.siam.mg.gov.br/siam/legislacao/consulta_portarias.jsp?num=1800032/2018","resumo":"02 - CAPTAÇÃO EM BARRAMENTO EM CURSO DE ÁGUA, SEM REGULARIZAÇÃO DE VAZÃO","aprox":true}},{"type":"Feature","geometry":{"type":"Point","coordinates":[-43.94,-19.92]},"properties":{"id":"IGAM (MG):1200033/2018","orgao":"IGAM (MG)","uf":"MG","ano":2018,"categoria":"outorga","tipo":"08 - CAPTAÇÃO DE ÁGUA SUBTERRÂNEA POR MEIO DE POÇO TUBULAR JÁ EXISTENTE","empresa":"Ótima******","municipio":null,"processo":"1200033/2018","link_oficial":"http://www.siam.mg.gov.br/siam/legislacao/consulta_portarias.jsp?num=1200033/2018","resumo":"08 - CAPTAÇÃO DE ÁGUA SUBTERRÂNEA POR MEIO DE POÇO TUBULAR JÁ EXISTENTE","aprox":true}},{"type":"Feature","geometry":{"type":"Point","coordinates":[-43.94,-19.92]},"properties":{"id":"IGAM (MG):1200034/2018","orgao":"IGAM (MG)","uf":"MG","ano":2018,"categoria":"outorga","tipo":"08 - CAPTAÇÃO DE ÁGUA SUBTERRÂNEA POR MEIO DE POÇO TUBULAR JÁ EXISTENTE","empresa":"Levy******","municipio":null,"processo":"1200034/2018","link_oficial":"http://www.siam.mg.gov.br/siam/legislacao/consulta_portarias.jsp?num=1200034/2018","resumo":"08 - CAPTAÇÃO DE ÁGUA SUBTERRÂNEA POR MEIO DE POÇO TUBULAR JÁ EXISTENTE","aprox":true}},{"type":"Feature","geometry":{"type":"Point","coordinates":[-43.94,-19.92]},"properties":{"id":"IGAM (MG):1800035/2018","orgao":"IGAM (MG)","uf":"MG","ano":2018,"categoria":"outorga","tipo":"08 - CAPTAÇÃO DE ÁGUA SUBTERRÂNEA POR MEIO DE POÇO TUBULAR JÁ EXISTENTE","empresa":"José******","municipio":null,"processo":"1800035/2018","link_oficial":"http://www.siam.mg.gov.br/siam/legislacao/consulta_portarias.jsp?num=1800035/2018","resumo":"08 - CAPTAÇÃO DE ÁGUA SUBTERRÂNEA POR MEIO DE POÇO TUBULAR JÁ EXISTENTE","aprox":true}},{"type":"Feature","geometry":{"type":"Point","coordinates":[-43.94,-19.92]},"properties":{"id":"IGAM (MG):1200036/2018","orgao":"IGAM (MG)","uf":"MG","ano":2018,"categoria":"outorga","tipo":"08 - CAPTAÇÃO DE ÁGUA SUBTERRÂNEA POR MEIO DE POÇO TUBULAR JÁ EXISTENTE","empresa":"Metalúrgica******","municipio":null,"processo":"1200036/2018","link_oficial":"http://www.siam.mg.gov.br/siam/legislacao/consulta_portarias.jsp?num=1200036/2018","resumo":"08 - CAPTAÇÃO DE ÁGUA SUBTERRÂNEA POR MEIO DE POÇO TUBULAR JÁ EXISTENTE","aprox":true}},{"type":"Feature","geometry":{"type":"Point","coordinates":[-43.94,-19.92]},"properties":{"id":"IGAM (MG):1200037/2018","orgao":"IGAM (MG)","uf":"MG","ano":2018,"categoria":"outorga","tipo":"08 - CAPTAÇÃO DE ÁGUA SUBTERRÂNEA POR MEIO DE POÇO TUBULAR JÁ EXISTENTE","empresa":"Imobiliária******","municipio":null,"processo":"1200037/2018","link_oficial":"http://www.siam.mg.gov.br/siam/legislacao/consulta_portarias.jsp?num=1200037/2018","resumo":"08 - CAPTAÇÃO DE ÁGUA SUBTERRÂNEA POR MEIO DE POÇO TUBULAR JÁ EXISTENTE","aprox":true}},{"type":"Feature","geometry":{"type":"Point","coordinates":[-43.94,-19.92]},"properties":{"id":"IGAM (MG):1200038/2018","orgao":"IGAM (MG)","uf":"MG","ano":2018,"categoria":"outorga","tipo":"26 - DRAGAGEM EM CAVA ALUVIONAR PARA FINS DE EXTRAÇÃO MINERAL","empresa":"Túlio******","municipio":null,"processo":"1200038/2018","link_oficial":"http://www.siam.mg.gov.br/siam/legislacao/consulta_portarias.jsp?num=1200038/2018","resumo":"26 - DRAGAGEM EM CAVA ALUVIONAR PARA FINS DE EXTRAÇÃO MINERAL","aprox":true}},{"type":"Feature","geometry":{"type":"Point","coordinates":[-43.94,-19.92]},"properties":{"id":"IGAM (MG):1200039/2018","orgao":"IGAM (MG)","uf":"MG","ano":2018,"categoria":"outorga","tipo":"01 - CAPTAÇÃO EM CORPO DE ÁGUA (RIOS, LAGOAS NATURAIS ETC)","empresa":"Levy******","municipio":null,"processo":"1200039/2018","link_oficial":"http://www.siam.mg.gov.br/siam/legislacao/consulta_portarias.jsp?num=1200039/2018","resumo":"01 - CAPTAÇÃO EM CORPO DE ÁGUA (RIOS, LAGOAS NATURAIS ETC)","aprox":true}},{"type":"Feature","geometry":{"type":"Point","coordinates":[-43.94,-19.92]},"properties":{"id":"IGAM (MG):1800040/2018","orgao":"IGAM (MG)","uf":"MG","ano":2018,"categoria":"outorga","tipo":"20 - APROVEITAMENTO DE POTENCIAL HIDRELÉTRICO","empresa":"Cerâmica******","municipio":null,"processo":"1800040/2018","link_oficial":"http://www.siam.mg.gov.br/siam/legislacao/consulta_portarias.jsp?num=1800040/2018","resumo":"20 - APROVEITAMENTO DE POTENCIAL HIDRELÉTRICO","aprox":true}},{"type":"Feature","geometry":{"type":"Point","coordinates":[-43.94,-19.92]},"properties":{"id":"IGAM (MG):1600041/2018","orgao":"IGAM (MG)","uf":"MG","ano":2018,"categoria":"outorga","tipo":"01 - CAPTAÇÃO EM CORPO DE ÁGUA (RIOS, LAGOAS NATURAIS ETC)","empresa":"Nutrephos******","municipio":null,"processo":"1600041/2018","link_oficial":"http://www.siam.mg.gov.br/siam/legislacao/consulta_portarias.jsp?num=1600041/2018","resumo":"01 - CAPTAÇÃO EM CORPO DE ÁGUA (RIOS, LAGOAS NATURAIS ETC)","aprox":true}},{"type":"Feature","geometry":{"type":"Point","coordinates":[-43.94,-19.92]},"properties":{"id":"IGAM (MG):1900042/2018","orgao":"IGAM (MG)","uf":"MG","ano":2018,"categoria":"outorga","tipo":"14 - DRAGAGEM DE CURSO DE ÁGUA PARA FINS DE EXTRAÇÃO MINERAL","empresa":"Minas******","municipio":null,"processo":"1900042/2018","link_oficial":"http://www.siam.mg.gov.br/siam/legislacao/consulta_portarias.jsp?num=1900042/2018","resumo":"14 - DRAGAGEM DE CURSO DE ÁGUA PARA FINS DE EXTRAÇÃO MINERAL","aprox":true}},{"type":"Feature","geometry":{"type":"Point","coordinates":[-43.94,-19.92]},"properties":{"id":"IGAM (MG):1600043/2018","orgao":"IGAM (MG)","uf":"MG","ano":2018,"categoria":"outorga","tipo":"08 - CAPTAÇÃO DE ÁGUA SUBTERRÂNEA POR MEIO DE POÇO TUBULAR JÁ EXISTENTE","empresa":"Ridarp******","municipio":null,"processo":"1600043/2018","link_oficial":"http://www.siam.mg.gov.br/siam/legislacao/consulta_portarias.jsp?num=1600043/2018","resumo":"08 - CAPTAÇÃO DE ÁGUA SUBTERRÂNEA POR MEIO DE POÇO TUBULAR JÁ EXISTENTE","aprox":true}},{"type":"Feature","geometry":{"type":"Point","coordinates":[-43.94,-19.92]},"properties":{"id":"IGAM (MG):1600044/2018","orgao":"IGAM (MG)","uf":"MG","ano":2018,"categoria":"outorga","tipo":"01 - CAPTAÇÃO EM CORPO DE ÁGUA (RIOS, LAGOAS NATURAIS ETC)","empresa":"Severino******","municipio":null,"processo":"1600044/2018","link_oficial":"http://www.siam.mg.gov.br/siam/legislacao/consulta_portarias.jsp?num=1600044/2018","resumo":"01 - CAPTAÇÃO EM CORPO DE ÁGUA (RIOS, LAGOAS NATURAIS ETC)","aprox":true}},{"type":"Feature","geometry":{"type":"Point","coordinates":[-43.94,-19.92]},"properties":{"id":"IGAM (MG):1900045/2018","orgao":"IGAM (MG)","uf":"MG","ano":2018,"categoria":"outorga","tipo":"01 - CAPTAÇÃO EM CORPO DE ÁGUA (RIOS, LAGOAS NATURAIS ETC)","empresa":"FAZENDA******","municipio":null,"processo":"1900045/2018","link_oficial":"http://www.siam.mg.gov.br/siam/legislacao/consulta_portarias.jsp?num=1900045/2018","resumo":"01 - CAPTAÇÃO EM CORPO DE ÁGUA (RIOS, LAGOAS NATURAIS ETC)","aprox":true}},{"type":"Feature","geometry":{"type":"Point","coordinates":[-43.94,-19.92]},"properties":{"id":"IGAM (MG):1200046/2018","orgao":"IGAM (MG)","uf":"MG","ano":2018,"categoria":"outorga","tipo":"01 - CAPTAÇÃO EM CORPO DE ÁGUA (RIOS, LAGOAS NATURAIS ETC)","empresa":"Walter******","municipio":null,"processo":"1200046/2018","link_oficial":"http://www.siam.mg.gov.br/siam/legislacao/consulta_portarias.jsp?num=1200046/2018","resumo":"01 - CAPTAÇÃO EM CORPO DE ÁGUA (RIOS, LAGOAS NATURAIS ETC)","aprox":true}},{"type":"Feature","geometry":{"type":"Point","coordinates":[-43.94,-19.92]},"properties":{"id":"IGAM (MG):1200047/2018","orgao":"IGAM (MG)","uf":"MG","ano":2018,"categoria":"outorga","tipo":"01 - CAPTAÇÃO EM CORPO DE ÁGUA (RIOS, LAGOAS NATURAIS ETC)","empresa":"Márcio******","municipio":null,"processo":"1200047/2018","link_oficial":"http://www.siam.mg.gov.br/siam/legislacao/consulta_portarias.jsp?num=1200047/2018","resumo":"01 - CAPTAÇÃO EM CORPO DE ÁGUA (RIOS, LAGOAS NATURAIS ETC)","aprox":true}},{"type":"Feature","geometry":{"type":"Point","coordinates":[-43.94,-19.92]},"properties":{"id":"IGAM (MG):1900048/2018","orgao":"IGAM (MG)","uf":"MG","ano":2018,"categoria":"outorga","tipo":"08 - CAPTAÇÃO DE ÁGUA SUBTERRÂNEA POR MEIO DE POÇO TUBULAR JÁ EXISTENTE","empresa":"FAZENDA******","municipio":null,"processo":"1900048/2018","link_oficial":"http://www.siam.mg.gov.br/siam/legislacao/consulta_portarias.jsp?num=1900048/2018","resumo":"08 - CAPTAÇÃO DE ÁGUA SUBTERRÂNEA POR MEIO DE POÇO TUBULAR JÁ EXISTENTE","aprox":true}},{"type":"Feature","geometry":{"type":"Point","coordinates":[-43.94,-19.92]},"properties":{"id":"IGAM (MG):1900049/2018","orgao":"IGAM (MG)","uf":"MG","ano":2018,"categoria":"outorga","tipo":"08 - CAPTAÇÃO DE ÁGUA SUBTERRÂNEA POR MEIO DE POÇO TUBULAR JÁ EXISTENTE","empresa":"FAZENDA******","municipio":null,"processo":"1900049/2018","link_oficial":"http://www.siam.mg.gov.br/siam/legislacao/consulta_portarias.jsp?num=1900049/2018","resumo":"08 - CAPTAÇÃO DE ÁGUA SUBTERRÂNEA POR MEIO DE POÇO TUBULAR JÁ EXISTENTE","aprox":true}},{"type":"Feature","geometry":{"type":"Point","coordinates":[-43.94,-19.92]},"properties":{"id":"IGAM (MG):1900050/2018","orgao":"IGAM (MG)","uf":"MG","ano":2018,"categoria":"outorga","tipo":"08 - CAPTAÇÃO DE ÁGUA SUBTERRÂNEA POR MEIO DE POÇO TUBULAR JÁ EXISTENTE","empresa":"FAZENDA******","municipio":null,"processo":"1900050/2018","link_oficial":"http://www.siam.mg.gov.br/siam/legislacao/consulta_portarias.jsp?num=1900050/2018","resumo":"08 - CAPTAÇÃO DE ÁGUA SUBTERRÂNEA POR MEIO DE POÇO TUBULAR JÁ EXISTENTE","aprox":true}},{"type":"Feature","geometry":{"type":"Point","coordinates":[-43.94,-19.92]},"properties":{"id":"IGAM (MG):1500051/2018","orgao":"IGAM (MG)","uf":"MG","ano":2018,"categoria":"outorga","tipo":"08 - CAPTAÇÃO DE ÁGUA SUBTERRÂNEA POR MEIO DE POÇO TUBULAR JÁ EXISTENTE","empresa":"ABC******","municipio":null,"processo":"1500051/2018","link_oficial":"http://www.siam.mg.gov.br/siam/legislacao/consulta_portarias.jsp?num=1500051/2018","resumo":"08 - CAPTAÇÃO DE ÁGUA SUBTERRÂNEA POR MEIO DE POÇO TUBULAR JÁ EXISTENTE","aprox":true}},{"type":"Feature","geometry":{"type":"Point","coordinates":[-43.94,-19.92]},"properties":{"id":"IGAM (MG):1900052/2018","orgao":"IGAM (MG)","uf":"MG","ano":2018,"categoria":"outorga","tipo":"08 - CAPTAÇÃO DE ÁGUA SUBTERRÂNEA POR MEIO DE POÇO TUBULAR JÁ EXISTENTE","empresa":"FAZENDA******","municipio":null,"processo":"1900052/2018","link_oficial":"http://www.siam.mg.gov.br/siam/legislacao/consulta_portarias.jsp?num=1900052/2018","resumo":"08 - CAPTAÇÃO DE ÁGUA SUBTERRÂNEA POR MEIO DE POÇO TUBULAR JÁ EXISTENTE","aprox":true}},{"type":"Feature","geometry":{"type":"Point","coordinates":[-43.94,-19.92]},"properties":{"id":"IGAM (MG):1500053/2018","orgao":"IGAM (MG)","uf":"MG","ano":2018,"categoria":"outorga","tipo":"20 - APROVEITAMENTO DE POTENCIAL HIDRELÉTRICO","empresa":"Pitangas******","municipio":null,"processo":"1500053/2018","link_oficial":"http://www.siam.mg.gov.br/siam/legislacao/consulta_portarias.jsp?num=1500053/2018","resumo":"20 - APROVEITAMENTO DE POTENCIAL HIDRELÉTRICO","aprox":true}},{"type":"Feature","geometry":{"type":"Point","coordinates":[-43.94,-19.92]},"properties":{"id":"IGAM (MG):1200054/2018","orgao":"IGAM (MG)","uf":"MG","ano":2018,"categoria":"outorga","tipo":"01 - CAPTAÇÃO EM CORPO DE ÁGUA (RIOS, LAGOAS NATURAIS ETC)","empresa":"Marinho******","municipio":null,"processo":"1200054/2018","link_oficial":"http://www.siam.mg.gov.br/siam/legislacao/consulta_portarias.jsp?num=1200054/2018","resumo":"01 - CAPTAÇÃO EM CORPO DE ÁGUA (RIOS, LAGOAS NATURAIS ETC)","aprox":true}},{"type":"Feature","geometry":{"type":"Point","coordinates":[-43.94,-19.92]},"properties":{"id":"IGAM (MG):1500055/2018","orgao":"IGAM (MG)","uf":"MG","ano":2018,"categoria":"outorga","tipo":"20 - APROVEITAMENTO DE POTENCIAL HIDRELÉTRICO","empresa":"Antônio******","municipio":null,"processo":"1500055/2018","link_oficial":"http://www.siam.mg.gov.br/siam/legislacao/consulta_portarias.jsp?num=1500055/2018","resumo":"20 - APROVEITAMENTO DE POTENCIAL HIDRELÉTRICO","aprox":true}},{"type":"Feature","geometry":{"type":"Point","coordinates":[-43.94,-19.92]},"properties":{"id":"IGAM (MG):1500056/2018","orgao":"IGAM (MG)","uf":"MG","ano":2018,"categoria":"outorga","tipo":"20 - APROVEITAMENTO DE POTENCIAL HIDRELÉTRICO","empresa":"Farias******","municipio":null,"processo":"1500056/2018","link_oficial":"http://www.siam.mg.gov.br/siam/legislacao/consulta_portarias.jsp?num=1500056/2018","resumo":"20 - APROVEITAMENTO DE POTENCIAL HIDRELÉTRICO","aprox":true}},{"type":"Feature","geometry":{"type":"Point","coordinates":[-43.94,-19.92]},"properties":{"id":"IGAM (MG):1700057/2018","orgao":"IGAM (MG)","uf":"MG","ano":2018,"categoria":"outorga","tipo":"01 - CAPTAÇÃO EM CORPO DE ÁGUA (RIOS, LAGOAS NATURAIS ETC)","empresa":"Fazenda******","municipio":null,"processo":"1700057/2018","link_oficial":"http://www.siam.mg.gov.br/siam/legislacao/consulta_portarias.jsp?num=1700057/2018","resumo":"01 - CAPTAÇÃO EM CORPO DE ÁGUA (RIOS, LAGOAS NATURAIS ETC)","aprox":true}},{"type":"Feature","geometry":{"type":"Point","coordinates":[-43.94,-19.92]},"properties":{"id":"IGAM (MG):1200058/2018","orgao":"IGAM (MG)","uf":"MG","ano":2018,"categoria":"outorga","tipo":"03 - CAPTAÇÃO EM BARRAMENTO EM CURSO DE ÁGUA, C/ REGULARIZAÇÃO DE VAZÃO (ÁREA MÁ","empresa":"Levy******","municipio":null,"processo":"1200058/2018","link_oficial":"http://www.siam.mg.gov.br/siam/legislacao/consulta_portarias.jsp?num=1200058/2018","resumo":"03 - CAPTAÇÃO EM BARRAMENTO EM CURSO DE ÁGUA, C/ REGULARIZAÇÃO DE VAZÃO (ÁREA MÁX MENOR OU IGUAL 5,00 HA)","aprox":true}},{"type":"Feature","geometry":{"type":"Point","coordinates":[-43.94,-19.92]},"properties":{"id":"IGAM (MG):1700059/2018","orgao":"IGAM (MG)","uf":"MG","ano":2018,"categoria":"outorga","tipo":"11 - CAPTAÇÃO DE ÁGUA EM SURGÊNCIA (NASCENTE)","empresa":"Fazenda******","municipio":null,"processo":"1700059/2018","link_oficial":"http://www.siam.mg.gov.br/siam/legislacao/consulta_portarias.jsp?num=1700059/2018","resumo":"11 - CAPTAÇÃO DE ÁGUA EM SURGÊNCIA (NASCENTE)","aprox":true}},{"type":"Feature","geometry":{"type":"Point","coordinates":[-43.94,-19.92]},"properties":{"id":"IGAM (MG):1700060/2018","orgao":"IGAM (MG)","uf":"MG","ano":2018,"categoria":"outorga","tipo":"01 - CAPTAÇÃO EM CORPO DE ÁGUA (RIOS, LAGOAS NATURAIS ETC)","empresa":"Fazenda******","municipio":null,"processo":"1700060/2018","link_oficial":"http://www.siam.mg.gov.br/siam/legislacao/consulta_portarias.jsp?num=1700060/2018","resumo":"01 - CAPTAÇÃO EM CORPO DE ÁGUA (RIOS, LAGOAS NATURAIS ETC)","aprox":true}},{"type":"Feature","geometry":{"type":"Point","coordinates":[-43.94,-19.92]},"properties":{"id":"IGAM (MG):1900061/2018","orgao":"IGAM (MG)","uf":"MG","ano":2018,"categoria":"outorga","tipo":"08 - CAPTAÇÃO DE ÁGUA SUBTERRÂNEA POR MEIO DE POÇO TUBULAR JÁ EXISTENTE","empresa":"FAZENDA******","municipio":null,"processo":"1900061/2018","link_oficial":"http://www.siam.mg.gov.br/siam/legislacao/consulta_portarias.jsp?num=1900061/2018","resumo":"08 - CAPTAÇÃO DE ÁGUA SUBTERRÂNEA POR MEIO DE POÇO TUBULAR JÁ EXISTENTE","aprox":true}},{"type":"Feature","geometry":{"type":"Point","coordinates":[-43.94,-19.92]},"properties":{"id":"IGAM (MG):1900062/2018","orgao":"IGAM (MG)","uf":"MG","ano":2018,"categoria":"outorga","tipo":"08 - CAPTAÇÃO DE ÁGUA SUBTERRÂNEA POR MEIO DE POÇO TUBULAR JÁ EXISTENTE","empresa":"FAZENDA******","municipio":null,"processo":"1900062/2018","link_oficial":"http://www.siam.mg.gov.br/siam/legislacao/consulta_portarias.jsp?num=1900062/2018","resumo":"08 - CAPTAÇÃO DE ÁGUA SUBTERRÂNEA POR MEIO DE POÇO TUBULAR JÁ EXISTENTE","aprox":true}},{"type":"Feature","geometry":{"type":"Point","coordinates":[-43.94,-19.92]},"properties":{"id":"IGAM (MG):1700063/2018","orgao":"IGAM (MG)","uf":"MG","ano":2018,"categoria":"outorga","tipo":"08 - CAPTAÇÃO DE ÁGUA SUBTERRÂNEA POR MEIO DE POÇO TUBULAR JÁ EXISTENTE","empresa":"Fazenda******","municipio":null,"processo":"1700063/2018","link_oficial":"http://www.siam.mg.gov.br/siam/legislacao/consulta_portarias.jsp?num=1700063/2018","resumo":"08 - CAPTAÇÃO DE ÁGUA SUBTERRÂNEA POR MEIO DE POÇO TUBULAR JÁ EXISTENTE","aprox":true}},{"type":"Feature","geometry":{"type":"Point","coordinates":[-43.94,-19.92]},"properties":{"id":"IGAM (MG):1700064/2018","orgao":"IGAM (MG)","uf":"MG","ano":2018,"categoria":"outorga","tipo":"01 - CAPTAÇÃO EM CORPO DE ÁGUA (RIOS, LAGOAS NATURAIS ETC)","empresa":"Arcelormittal******","municipio":null,"processo":"1700064/2018","link_oficial":"http://www.siam.mg.gov.br/siam/legislacao/consulta_portarias.jsp?num=1700064/2018","resumo":"01 - CAPTAÇÃO EM CORPO DE ÁGUA (RIOS, LAGOAS NATURAIS ETC)","aprox":true}},{"type":"Feature","geometry":{"type":"Point","coordinates":[-43.94,-19.92]},"properties":{"id":"IGAM (MG):1900065/2018","orgao":"IGAM (MG)","uf":"MG","ano":2018,"categoria":"outorga","tipo":"08 - CAPTAÇÃO DE ÁGUA SUBTERRÂNEA POR MEIO DE POÇO TUBULAR JÁ EXISTENTE","empresa":"FAZENDA******","municipio":null,"processo":"1900065/2018","link_oficial":"http://www.siam.mg.gov.br/siam/legislacao/consulta_portarias.jsp?num=1900065/2018","resumo":"08 - CAPTAÇÃO DE ÁGUA SUBTERRÂNEA POR MEIO DE POÇO TUBULAR JÁ EXISTENTE","aprox":true}},{"type":"Feature","geometry":{"type":"Point","coordinates":[-43.94,-19.92]},"properties":{"id":"IGAM (MG):1500066/2018","orgao":"IGAM (MG)","uf":"MG","ano":2018,"categoria":"outorga","tipo":"13 - DRAGAGEM, LIMPEZA OU DESASSOREAMENTO DE CURSO DE ÁGUA","empresa":"Serviço******","municipio":null,"processo":"1500066/2018","link_oficial":"http://www.siam.mg.gov.br/siam/legislacao/consulta_portarias.jsp?num=1500066/2018","resumo":"13 - DRAGAGEM, LIMPEZA OU DESASSOREAMENTO DE CURSO DE ÁGUA","aprox":true}},{"type":"Feature","geometry":{"type":"Point","coordinates":[-43.94,-19.92]},"properties":{"id":"IGAM (MG):1900067/2018","orgao":"IGAM (MG)","uf":"MG","ano":2018,"categoria":"outorga","tipo":"08 - CAPTAÇÃO DE ÁGUA SUBTERRÂNEA POR MEIO DE POÇO TUBULAR JÁ EXISTENTE","empresa":"FAZENDA******","municipio":null,"processo":"1900067/2018","link_oficial":"http://www.siam.mg.gov.br/siam/legislacao/consulta_portarias.jsp?num=1900067/2018","resumo":"08 - CAPTAÇÃO DE ÁGUA SUBTERRÂNEA POR MEIO DE POÇO TUBULAR JÁ EXISTENTE","aprox":true}},{"type":"Feature","geometry":{"type":"Point","coordinates":[-43.94,-19.92]},"properties":{"id":"IGAM (MG):1900068/2018","orgao":"IGAM (MG)","uf":"MG","ano":2018,"categoria":"outorga","tipo":"08 - CAPTAÇÃO DE ÁGUA SUBTERRÂNEA POR MEIO DE POÇO TUBULAR JÁ EXISTENTE","empresa":"LATICÍNIOS******","municipio":null,"processo":"1900068/2018","link_oficial":"http://www.siam.mg.gov.br/siam/legislacao/consulta_portarias.jsp?num=1900068/2018","resumo":"08 - CAPTAÇÃO DE ÁGUA SUBTERRÂNEA POR MEIO DE POÇO TUBULAR JÁ EXISTENTE","aprox":true}},{"type":"Feature","geometry":{"type":"Point","coordinates":[-43.94,-19.92]},"properties":{"id":"IGAM (MG):1500069/2018","orgao":"IGAM (MG)","uf":"MG","ano":2018,"categoria":"outorga","tipo":"15 - CANALIZAÇÃO E/OU RETIFICAÇÃO DE CURSO DE ÁGUA","empresa":"Mineração******","municipio":null,"processo":"1500069/2018","link_oficial":"http://www.siam.mg.gov.br/siam/legislacao/consulta_portarias.jsp?num=1500069/2018","resumo":"15 - CANALIZAÇÃO E/OU RETIFICAÇÃO DE CURSO DE ÁGUA","aprox":true}},{"type":"Feature","geometry":{"type":"Point","coordinates":[-43.94,-19.92]},"properties":{"id":"IGAM (MG):1700070/2018","orgao":"IGAM (MG)","uf":"MG","ano":2018,"categoria":"outorga","tipo":"08 - CAPTAÇÃO DE ÁGUA SUBTERRÂNEA POR MEIO DE POÇO TUBULAR JÁ EXISTENTE","empresa":"José******","municipio":null,"processo":"1700070/2018","link_oficial":"http://www.siam.mg.gov.br/siam/legislacao/consulta_portarias.jsp?num=1700070/2018","resumo":"08 - CAPTAÇÃO DE ÁGUA SUBTERRÂNEA POR MEIO DE POÇO TUBULAR JÁ EXISTENTE","aprox":true}},{"type":"Feature","geometry":{"type":"Point","coordinates":[-43.94,-19.92]},"properties":{"id":"IGAM (MG):1500071/2018","orgao":"IGAM (MG)","uf":"MG","ano":2018,"categoria":"outorga","tipo":"08 - CAPTAÇÃO DE ÁGUA SUBTERRÂNEA POR MEIO DE POÇO TUBULAR JÁ EXISTENTE","empresa":"Laticínios******","municipio":null,"processo":"1500071/2018","link_oficial":"http://www.siam.mg.gov.br/siam/legislacao/consulta_portarias.jsp?num=1500071/2018","resumo":"08 - CAPTAÇÃO DE ÁGUA SUBTERRÂNEA POR MEIO DE POÇO TUBULAR JÁ EXISTENTE","aprox":true}},{"type":"Feature","geometry":{"type":"Point","coordinates":[-43.94,-19.92]},"properties":{"id":"IGAM (MG):1700072/2018","orgao":"IGAM (MG)","uf":"MG","ano":2018,"categoria":"outorga","tipo":"08 - CAPTAÇÃO DE ÁGUA SUBTERRÂNEA POR MEIO DE POÇO TUBULAR JÁ EXISTENTE","empresa":"Lacticínios******","municipio":null,"processo":"1700072/2018","link_oficial":"http://www.siam.mg.gov.br/siam/legislacao/consulta_portarias.jsp?num=1700072/2018","resumo":"08 - CAPTAÇÃO DE ÁGUA SUBTERRÂNEA POR MEIO DE POÇO TUBULAR JÁ EXISTENTE","aprox":true}},{"type":"Feature","geometry":{"type":"Point","coordinates":[-43.94,-19.92]},"properties":{"id":"IGAM (MG):1700073/2018","orgao":"IGAM (MG)","uf":"MG","ano":2018,"categoria":"outorga","tipo":"08 - CAPTAÇÃO DE ÁGUA SUBTERRÂNEA POR MEIO DE POÇO TUBULAR JÁ EXISTENTE","empresa":"Fazenda******","municipio":null,"processo":"1700073/2018","link_oficial":"http://www.siam.mg.gov.br/siam/legislacao/consulta_portarias.jsp?num=1700073/2018","resumo":"08 - CAPTAÇÃO DE ÁGUA SUBTERRÂNEA POR MEIO DE POÇO TUBULAR JÁ EXISTENTE","aprox":true}},{"type":"Feature","geometry":{"type":"Point","coordinates":[-43.94,-19.92]},"properties":{"id":"IGAM (MG):1500074/2018","orgao":"IGAM (MG)","uf":"MG","ano":2018,"categoria":"outorga","tipo":"08 - CAPTAÇÃO DE ÁGUA SUBTERRÂNEA POR MEIO DE POÇO TUBULAR JÁ EXISTENTE","empresa":"Laticínios******","municipio":null,"processo":"1500074/2018","link_oficial":"http://www.siam.mg.gov.br/siam/legislacao/consulta_portarias.jsp?num=1500074/2018","resumo":"08 - CAPTAÇÃO DE ÁGUA SUBTERRÂNEA POR MEIO DE POÇO TUBULAR JÁ EXISTENTE","aprox":true}},{"type":"Feature","geometry":{"type":"Point","coordinates":[-43.94,-19.92]},"properties":{"id":"IGAM (MG):1700075/2018","orgao":"IGAM (MG)","uf":"MG","ano":2018,"categoria":"outorga","tipo":"08 - CAPTAÇÃO DE ÁGUA SUBTERRÂNEA POR MEIO DE POÇO TUBULAR JÁ EXISTENTE","empresa":"Fazenda******","municipio":null,"processo":"1700075/2018","link_oficial":"http://www.siam.mg.gov.br/siam/legislacao/consulta_portarias.jsp?num=1700075/2018","resumo":"08 - CAPTAÇÃO DE ÁGUA SUBTERRÂNEA POR MEIO DE POÇO TUBULAR JÁ EXISTENTE","aprox":true}},{"type":"Feature","geometry":{"type":"Point","coordinates":[-43.94,-19.92]},"properties":{"id":"IGAM (MG):1900076/2018","orgao":"IGAM (MG)","uf":"MG","ano":2018,"categoria":"outorga","tipo":"08 - CAPTAÇÃO DE ÁGUA SUBTERRÂNEA POR MEIO DE POÇO TUBULAR JÁ EXISTENTE","empresa":"WALTER******","municipio":null,"processo":"1900076/2018","link_oficial":"http://www.siam.mg.gov.br/siam/legislacao/consulta_portarias.jsp?num=1900076/2018","resumo":"08 - CAPTAÇÃO DE ÁGUA SUBTERRÂNEA POR MEIO DE POÇO TUBULAR JÁ EXISTENTE","aprox":true}},{"type":"Feature","geometry":{"type":"Point","coordinates":[-43.94,-19.92]},"properties":{"id":"IGAM (MG):1500077/2018","orgao":"IGAM (MG)","uf":"MG","ano":2018,"categoria":"outorga","tipo":"01 - CAPTAÇÃO EM CORPO DE ÁGUA (RIOS, LAGOAS NATURAIS ETC)","empresa":"Laticínios******","municipio":null,"processo":"1500077/2018","link_oficial":"http://www.siam.mg.gov.br/siam/legislacao/consulta_portarias.jsp?num=1500077/2018","resumo":"01 - CAPTAÇÃO EM CORPO DE ÁGUA (RIOS, LAGOAS NATURAIS ETC)","aprox":true}},{"type":"Feature","geometry":{"type":"Point","coordinates":[-43.94,-19.92]},"properties":{"id":"IGAM (MG):1500078/2018","orgao":"IGAM (MG)","uf":"MG","ano":2018,"categoria":"outorga","tipo":"01 - CAPTAÇÃO EM CORPO DE ÁGUA (RIOS, LAGOAS NATURAIS ETC)","empresa":"Laticínios******","municipio":null,"processo":"1500078/2018","link_oficial":"http://www.siam.mg.gov.br/siam/legislacao/consulta_portarias.jsp?num=1500078/2018","resumo":"01 - CAPTAÇÃO EM CORPO DE ÁGUA (RIOS, LAGOAS NATURAIS ETC)","aprox":true}},{"type":"Feature","geometry":{"type":"Point","coordinates":[-43.94,-19.92]},"properties":{"id":"IGAM (MG):0700079/2018","orgao":"IGAM (MG)","uf":"MG","ano":2018,"categoria":"outorga","tipo":"04 - CAPTAÇÃO EM BARRAMENTO EM CURSO DE ÁGUA, COM REGULARIZAÇÃO DE VAZÃO (ÁREA M","empresa":"Fazenda******","municipio":null,"processo":"0700079/2018","link_oficial":"http://www.siam.mg.gov.br/siam/legislacao/consulta_portarias.jsp?num=0700079/2018","resumo":"04 - CAPTAÇÃO EM BARRAMENTO EM CURSO DE ÁGUA, COM REGULARIZAÇÃO DE VAZÃO (ÁREA MÁX MAIOR 5,00 HA)","aprox":true}},{"type":"Feature","geometry":{"type":"Point","coordinates":[-43.94,-19.92]},"properties":{"id":"IGAM (MG):1600080/2018","orgao":"IGAM (MG)","uf":"MG","ano":2018,"categoria":"outorga","tipo":"08 - CAPTAÇÃO DE ÁGUA SUBTERRÂNEA POR MEIO DE POÇO TUBULAR JÁ EXISTENTE","empresa":"André******","municipio":null,"processo":"1600080/2018","link_oficial":"http://www.siam.mg.gov.br/siam/legislacao/consulta_portarias.jsp?num=1600080/2018","resumo":"08 - CAPTAÇÃO DE ÁGUA SUBTERRÂNEA POR MEIO DE POÇO TUBULAR JÁ EXISTENTE","aprox":true}},{"type":"Feature","geometry":{"type":"Point","coordinates":[-43.94,-19.92]},"properties":{"id":"IGAM (MG):1800081/2018","orgao":"IGAM (MG)","uf":"MG","ano":2018,"categoria":"outorga","tipo":"08 - CAPTAÇÃO DE ÁGUA SUBTERRÂNEA POR MEIO DE POÇO TUBULAR JÁ EXISTENTE","empresa":"Companhia******","municipio":null,"processo":"1800081/2018","link_oficial":"http://www.siam.mg.gov.br/siam/legislacao/consulta_portarias.jsp?num=1800081/2018","resumo":"08 - CAPTAÇÃO DE ÁGUA SUBTERRÂNEA POR MEIO DE POÇO TUBULAR JÁ EXISTENTE","aprox":true}},{"type":"Feature","geometry":{"type":"Point","coordinates":[-43.94,-19.92]},"properties":{"id":"IGAM (MG):1800082/2018","orgao":"IGAM (MG)","uf":"MG","ano":2018,"categoria":"outorga","tipo":"08 - CAPTAÇÃO DE ÁGUA SUBTERRÂNEA POR MEIO DE POÇO TUBULAR JÁ EXISTENTE","empresa":"Laticínios******","municipio":null,"processo":"1800082/2018","link_oficial":"http://www.siam.mg.gov.br/siam/legislacao/consulta_portarias.jsp?num=1800082/2018","resumo":"08 - CAPTAÇÃO DE ÁGUA SUBTERRÂNEA POR MEIO DE POÇO TUBULAR JÁ EXISTENTE","aprox":true}},{"type":"Feature","geometry":{"type":"Point","coordinates":[-43.94,-19.92]},"properties":{"id":"IGAM (MG):1600083/2018","orgao":"IGAM (MG)","uf":"MG","ano":2018,"categoria":"outorga","tipo":"01 - CAPTAÇÃO EM CORPO DE ÁGUA (RIOS, LAGOAS NATURAIS ETC)","empresa":"Cláudio******","municipio":null,"processo":"1600083/2018","link_oficial":"http://www.siam.mg.gov.br/siam/legislacao/consulta_portarias.jsp?num=1600083/2018","resumo":"01 - CAPTAÇÃO EM CORPO DE ÁGUA (RIOS, LAGOAS NATURAIS ETC)","aprox":true}},{"type":"Feature","geometry":{"type":"Point","coordinates":[-43.94,-19.92]},"properties":{"id":"IGAM (MG):1400084/2018","orgao":"IGAM (MG)","uf":"MG","ano":2018,"categoria":"outorga","tipo":"01 - CAPTAÇÃO EM CORPO DE ÁGUA (RIOS, LAGOAS NATURAIS ETC)","empresa":"Sabrina******","municipio":null,"processo":"1400084/2018","link_oficial":"http://www.siam.mg.gov.br/siam/legislacao/consulta_portarias.jsp?num=1400084/2018","resumo":"01 - CAPTAÇÃO EM CORPO DE ÁGUA (RIOS, LAGOAS NATURAIS ETC)","aprox":true}},{"type":"Feature","geometry":{"type":"Point","coordinates":[-43.94,-19.92]},"properties":{"id":"IGAM (MG):0800085/2018","orgao":"IGAM (MG)","uf":"MG","ano":2018,"categoria":"outorga","tipo":"11 - CAPTAÇÃO DE ÁGUA EM SURGÊNCIA (NASCENTE)","empresa":"Minas******","municipio":null,"processo":"0800085/2018","link_oficial":"http://www.siam.mg.gov.br/siam/legislacao/consulta_portarias.jsp?num=0800085/2018","resumo":"11 - CAPTAÇÃO DE ÁGUA EM SURGÊNCIA (NASCENTE)","aprox":true}},{"type":"Feature","geometry":{"type":"Point","coordinates":[-43.94,-19.92]},"properties":{"id":"IGAM (MG):1400086/2018","orgao":"IGAM (MG)","uf":"MG","ano":2018,"categoria":"outorga","tipo":"08 - CAPTAÇÃO DE ÁGUA SUBTERRÂNEA POR MEIO DE POÇO TUBULAR JÁ EXISTENTE","empresa":"Otávio******","municipio":null,"processo":"1400086/2018","link_oficial":"http://www.siam.mg.gov.br/siam/legislacao/consulta_portarias.jsp?num=1400086/2018","resumo":"08 - CAPTAÇÃO DE ÁGUA SUBTERRÂNEA POR MEIO DE POÇO TUBULAR JÁ EXISTENTE","aprox":true}},{"type":"Feature","geometry":{"type":"Point","coordinates":[-43.94,-19.92]},"properties":{"id":"IGAM (MG):0700087/2018","orgao":"IGAM (MG)","uf":"MG","ano":2018,"categoria":"outorga","tipo":"01 - CAPTAÇÃO EM CORPO DE ÁGUA (RIOS, LAGOAS NATURAIS ETC)","empresa":"Fazenda******","municipio":null,"processo":"0700087/2018","link_oficial":"http://www.siam.mg.gov.br/siam/legislacao/consulta_portarias.jsp?num=0700087/2018","resumo":"01 - CAPTAÇÃO EM CORPO DE ÁGUA (RIOS, LAGOAS NATURAIS ETC)","aprox":true}},{"type":"Feature","geometry":{"type":"Point","coordinates":[-43.94,-19.92]},"properties":{"id":"IGAM (MG):0600088/2018","orgao":"IGAM (MG)","uf":"MG","ano":2018,"categoria":"outorga","tipo":"01 - CAPTAÇÃO EM CORPO DE ÁGUA (RIOS, LAGOAS NATURAIS ETC)","empresa":"Norflor******","municipio":null,"processo":"0600088/2018","link_oficial":"http://www.siam.mg.gov.br/siam/legislacao/consulta_portarias.jsp?num=0600088/2018","resumo":"01 - CAPTAÇÃO EM CORPO DE ÁGUA (RIOS, LAGOAS NATURAIS ETC)","aprox":true}},{"type":"Feature","geometry":{"type":"Point","coordinates":[-43.94,-19.92]},"properties":{"id":"IGAM (MG):0700089/2018","orgao":"IGAM (MG)","uf":"MG","ano":2018,"categoria":"outorga","tipo":"08 - CAPTAÇÃO DE ÁGUA SUBTERRÂNEA POR MEIO DE POÇO TUBULAR JÁ EXISTENTE","empresa":"Fazenda******","municipio":null,"processo":"0700089/2018","link_oficial":"http://www.siam.mg.gov.br/siam/legislacao/consulta_portarias.jsp?num=0700089/2018","resumo":"08 - CAPTAÇÃO DE ÁGUA SUBTERRÂNEA POR MEIO DE POÇO TUBULAR JÁ EXISTENTE","aprox":true}},{"type":"Feature","geometry":{"type":"Point","coordinates":[-43.94,-19.92]},"properties":{"id":"IGAM (MG):0700090/2018","orgao":"IGAM (MG)","uf":"MG","ano":2018,"categoria":"outorga","tipo":"01 - CAPTAÇÃO EM CORPO DE ÁGUA (RIOS, LAGOAS NATURAIS ETC)","empresa":"Fazenda******","municipio":null,"processo":"0700090/2018","link_oficial":"http://www.siam.mg.gov.br/siam/legislacao/consulta_portarias.jsp?num=0700090/2018","resumo":"01 - CAPTAÇÃO EM CORPO DE ÁGUA (RIOS, LAGOAS NATURAIS ETC)","aprox":true}},{"type":"Feature","geometry":{"type":"Point","coordinates":[-43.94,-19.92]},"properties":{"id":"IGAM (MG):0700091/2018","orgao":"IGAM (MG)","uf":"MG","ano":2018,"categoria":"outorga","tipo":"08 - CAPTAÇÃO DE ÁGUA SUBTERRÂNEA POR MEIO DE POÇO TUBULAR JÁ EXISTENTE","empresa":"Cooperativa******","municipio":null,"processo":"0700091/2018","link_oficial":"http://www.siam.mg.gov.br/siam/legislacao/consulta_portarias.jsp?num=0700091/2018","resumo":"08 - CAPTAÇÃO DE ÁGUA SUBTERRÂNEA POR MEIO DE POÇO TUBULAR JÁ EXISTENTE","aprox":true}},{"type":"Feature","geometry":{"type":"Point","coordinates":[-43.94,-19.92]},"properties":{"id":"IGAM (MG):1400092/2018","orgao":"IGAM (MG)","uf":"MG","ano":2018,"categoria":"outorga","tipo":"01 - CAPTAÇÃO EM CORPO DE ÁGUA (RIOS, LAGOAS NATURAIS ETC)","empresa":"Sandio******","municipio":null,"processo":"1400092/2018","link_oficial":"http://www.siam.mg.gov.br/siam/legislacao/consulta_portarias.jsp?num=1400092/2018","resumo":"01 - CAPTAÇÃO EM CORPO DE ÁGUA (RIOS, LAGOAS NATURAIS ETC)","aprox":true}},{"type":"Feature","geometry":{"type":"Point","coordinates":[-43.94,-19.92]},"properties":{"id":"IGAM (MG):0600093/2018","orgao":"IGAM (MG)","uf":"MG","ano":2018,"categoria":"outorga","tipo":"08 - CAPTAÇÃO DE ÁGUA SUBTERRÂNEA POR MEIO DE POÇO TUBULAR JÁ EXISTENTE","empresa":"Alpargatas******","municipio":null,"processo":"0600093/2018","link_oficial":"http://www.siam.mg.gov.br/siam/legislacao/consulta_portarias.jsp?num=0600093/2018","resumo":"08 - CAPTAÇÃO DE ÁGUA SUBTERRÂNEA POR MEIO DE POÇO TUBULAR JÁ EXISTENTE","aprox":true}},{"type":"Feature","geometry":{"type":"Point","coordinates":[-43.94,-19.92]},"properties":{"id":"IGAM (MG):1400094/2018","orgao":"IGAM (MG)","uf":"MG","ano":2018,"categoria":"outorga","tipo":"02 - CAPTAÇÃO EM BARRAMENTO EM CURSO DE ÁGUA, SEM REGULARIZAÇÃO DE VAZÃO","empresa":"Sidnelson******","municipio":null,"processo":"1400094/2018","link_oficial":"http://www.siam.mg.gov.br/siam/legislacao/consulta_portarias.jsp?num=1400094/2018","resumo":"02 - CAPTAÇÃO EM BARRAMENTO EM CURSO DE ÁGUA, SEM REGULARIZAÇÃO DE VAZÃO","aprox":true}},{"type":"Feature","geometry":{"type":"Point","coordinates":[-43.94,-19.92]},"properties":{"id":"IGAM (MG):0700095/2018","orgao":"IGAM (MG)","uf":"MG","ano":2018,"categoria":"outorga","tipo":"08 - CAPTAÇÃO DE ÁGUA SUBTERRÂNEA POR MEIO DE POÇO TUBULAR JÁ EXISTENTE","empresa":"Draga******","municipio":null,"processo":"0700095/2018","link_oficial":"http://www.siam.mg.gov.br/siam/legislacao/consulta_portarias.jsp?num=0700095/2018","resumo":"08 - CAPTAÇÃO DE ÁGUA SUBTERRÂNEA POR MEIO DE POÇO TUBULAR JÁ EXISTENTE","aprox":true}},{"type":"Feature","geometry":{"type":"Point","coordinates":[-43.94,-19.92]},"properties":{"id":"IGAM (MG):0700096/2018","orgao":"IGAM (MG)","uf":"MG","ano":2018,"categoria":"outorga","tipo":"01 - CAPTAÇÃO EM CORPO DE ÁGUA (RIOS, LAGOAS NATURAIS ETC)","empresa":"Fazenda******","municipio":null,"processo":"0700096/2018","link_oficial":"http://www.siam.mg.gov.br/siam/legislacao/consulta_portarias.jsp?num=0700096/2018","resumo":"01 - CAPTAÇÃO EM CORPO DE ÁGUA (RIOS, LAGOAS NATURAIS ETC)","aprox":true}},{"type":"Feature","geometry":{"type":"Point","coordinates":[-43.94,-19.92]},"properties":{"id":"IGAM (MG):0700097/2018","orgao":"IGAM (MG)","uf":"MG","ano":2018,"categoria":"outorga","tipo":"08 - CAPTAÇÃO DE ÁGUA SUBTERRÂNEA POR MEIO DE POÇO TUBULAR JÁ EXISTENTE","empresa":"Fazenda******","municipio":null,"processo":"0700097/2018","link_oficial":"http://www.siam.mg.gov.br/siam/legislacao/consulta_portarias.jsp?num=0700097/2018","resumo":"08 - CAPTAÇÃO DE ÁGUA SUBTERRÂNEA POR MEIO DE POÇO TUBULAR JÁ EXISTENTE","aprox":true}},{"type":"Feature","geometry":{"type":"Point","coordinates":[-43.94,-19.92]},"properties":{"id":"IGAM (MG):1800098/2018","orgao":"IGAM (MG)","uf":"MG","ano":2018,"categoria":"outorga","tipo":"08 - CAPTAÇÃO DE ÁGUA SUBTERRÂNEA POR MEIO DE POÇO TUBULAR JÁ EXISTENTE","empresa":"CSM******","municipio":null,"processo":"1800098/2018","link_oficial":"http://www.siam.mg.gov.br/siam/legislacao/consulta_portarias.jsp?num=1800098/2018","resumo":"08 - CAPTAÇÃO DE ÁGUA SUBTERRÂNEA POR MEIO DE POÇO TUBULAR JÁ EXISTENTE","aprox":true}},{"type":"Feature","geometry":{"type":"Point","coordinates":[-43.94,-19.92]},"properties":{"id":"IGAM (MG):1800099/2018","orgao":"IGAM (MG)","uf":"MG","ano":2018,"categoria":"outorga","tipo":"08 - CAPTAÇÃO DE ÁGUA SUBTERRÂNEA POR MEIO DE POÇO TUBULAR JÁ EXISTENTE","empresa":"Geraldo******","municipio":null,"processo":"1800099/2018","link_oficial":"http://www.siam.mg.gov.br/siam/legislacao/consulta_portarias.jsp?num=1800099/2018","resumo":"08 - CAPTAÇÃO DE ÁGUA SUBTERRÂNEA POR MEIO DE POÇO TUBULAR JÁ EXISTENTE","aprox":true}},{"type":"Feature","geometry":{"type":"Point","coordinates":[-43.94,-19.92]},"properties":{"id":"IGAM (MG):0600100/2018","orgao":"IGAM (MG)","uf":"MG","ano":2018,"categoria":"outorga","tipo":"08 - CAPTAÇÃO DE ÁGUA SUBTERRÂNEA POR MEIO DE POÇO TUBULAR JÁ EXISTENTE","empresa":"Comercial******","municipio":null,"processo":"0600100/2018","link_oficial":"http://www.siam.mg.gov.br/siam/legislacao/consulta_portarias.jsp?num=0600100/2018","resumo":"08 - CAPTAÇÃO DE ÁGUA SUBTERRÂNEA POR MEIO DE POÇO TUBULAR JÁ EXISTENTE","aprox":true}},{"type":"Feature","geometry":{"type":"Point","coordinates":[-43.94,-19.92]},"properties":{"id":"IGAM (MG):1800101/2018","orgao":"IGAM (MG)","uf":"MG","ano":2018,"categoria":"outorga","tipo":"01 - CAPTAÇÃO EM CORPO DE ÁGUA (RIOS, LAGOAS NATURAIS ETC)","empresa":"Dagalberto******","municipio":null,"processo":"1800101/2018","link_oficial":"http://www.siam.mg.gov.br/siam/legislacao/consulta_portarias.jsp?num=1800101/2018","resumo":"01 - CAPTAÇÃO EM CORPO DE ÁGUA (RIOS, LAGOAS NATURAIS ETC)","aprox":true}},{"type":"Feature","geometry":{"type":"Point","coordinates":[-43.94,-19.92]},"properties":{"id":"IGAM (MG):1800102/2018","orgao":"IGAM (MG)","uf":"MG","ano":2018,"categoria":"outorga","tipo":"13 - DRAGAGEM, LIMPEZA OU DESASSOREAMENTO DE CURSO DE ÁGUA","empresa":"Companhia******","municipio":null,"processo":"1800102/2018","link_oficial":"http://www.siam.mg.gov.br/siam/legislacao/consulta_portarias.jsp?num=1800102/2018","resumo":"13 - DRAGAGEM, LIMPEZA OU DESASSOREAMENTO DE CURSO DE ÁGUA","aprox":true}},{"type":"Feature","geometry":{"type":"Point","coordinates":[-43.94,-19.92]},"properties":{"id":"IGAM (MG):1800103/2018","orgao":"IGAM (MG)","uf":"MG","ano":2018,"categoria":"outorga","tipo":"13 - DRAGAGEM, LIMPEZA OU DESASSOREAMENTO DE CURSO DE ÁGUA","empresa":"Prefeitura******","municipio":null,"processo":"1800103/2018","link_oficial":"http://www.siam.mg.gov.br/siam/legislacao/consulta_portarias.jsp?num=1800103/2018","resumo":"13 - DRAGAGEM, LIMPEZA OU DESASSOREAMENTO DE CURSO DE ÁGUA","aprox":true}},{"type":"Feature","geometry":{"type":"Point","coordinates":[-43.94,-19.92]},"properties":{"id":"IGAM (MG):0700104/2018","orgao":"IGAM (MG)","uf":"MG","ano":2018,"categoria":"outorga","tipo":"01 - CAPTAÇÃO EM CORPO DE ÁGUA (RIOS, LAGOAS NATURAIS ETC)","empresa":"Fazenda******","municipio":null,"processo":"0700104/2018","link_oficial":"http://www.siam.mg.gov.br/siam/legislacao/consulta_portarias.jsp?num=0700104/2018","resumo":"01 - CAPTAÇÃO EM CORPO DE ÁGUA (RIOS, LAGOAS NATURAIS ETC)","aprox":true}},{"type":"Feature","geometry":{"type":"Point","coordinates":[-43.94,-19.92]},"properties":{"id":"IGAM (MG):1900105/2018","orgao":"IGAM (MG)","uf":"MG","ano":2018,"categoria":"outorga","tipo":"08 - CAPTAÇÃO DE ÁGUA SUBTERRÂNEA POR MEIO DE POÇO TUBULAR JÁ EXISTENTE","empresa":"Laercio******","municipio":null,"processo":"1900105/2018","link_oficial":"http://www.siam.mg.gov.br/siam/legislacao/consulta_portarias.jsp?num=1900105/2018","resumo":"08 - CAPTAÇÃO DE ÁGUA SUBTERRÂNEA POR MEIO DE POÇO TUBULAR JÁ EXISTENTE","aprox":true}},{"type":"Feature","geometry":{"type":"Point","coordinates":[-43.94,-19.92]},"properties":{"id":"IGAM (MG):1900106/2018","orgao":"IGAM (MG)","uf":"MG","ano":2018,"categoria":"outorga","tipo":"08 - CAPTAÇÃO DE ÁGUA SUBTERRÂNEA POR MEIO DE POÇO TUBULAR JÁ EXISTENTE","empresa":"Laercio******","municipio":null,"processo":"1900106/2018","link_oficial":"http://www.siam.mg.gov.br/siam/legislacao/consulta_portarias.jsp?num=1900106/2018","resumo":"08 - CAPTAÇÃO DE ÁGUA SUBTERRÂNEA POR MEIO DE POÇO TUBULAR JÁ EXISTENTE","aprox":true}},{"type":"Feature","geometry":{"type":"Point","coordinates":[-43.94,-19.92]},"properties":{"id":"IGAM (MG):1400107/2018","orgao":"IGAM (MG)","uf":"MG","ano":2018,"categoria":"outorga","tipo":"01 - CAPTAÇÃO EM CORPO DE ÁGUA (RIOS, LAGOAS NATURAIS ETC)","empresa":"Oliveira******","municipio":null,"processo":"1400107/2018","link_oficial":"http://www.siam.mg.gov.br/siam/legislacao/consulta_portarias.jsp?num=1400107/2018","resumo":"01 - CAPTAÇÃO EM CORPO DE ÁGUA (RIOS, LAGOAS NATURAIS ETC)","aprox":true}},{"type":"Feature","geometry":{"type":"Point","coordinates":[-43.94,-19.92]},"properties":{"id":"IGAM (MG):1800108/2018","orgao":"IGAM (MG)","uf":"MG","ano":2018,"categoria":"outorga","tipo":"08 - CAPTAÇÃO DE ÁGUA SUBTERRÂNEA POR MEIO DE POÇO TUBULAR JÁ EXISTENTE","empresa":"Associação******","municipio":null,"processo":"1800108/2018","link_oficial":"http://www.siam.mg.gov.br/siam/legislacao/consulta_portarias.jsp?num=1800108/2018","resumo":"08 - CAPTAÇÃO DE ÁGUA SUBTERRÂNEA POR MEIO DE POÇO TUBULAR JÁ EXISTENTE","aprox":true}},{"type":"Feature","geometry":{"type":"Point","coordinates":[-43.94,-19.92]},"properties":{"id":"IGAM (MG):1900109/2018","orgao":"IGAM (MG)","uf":"MG","ano":2018,"categoria":"outorga","tipo":"01 - CAPTAÇÃO EM CORPO DE ÁGUA (RIOS, LAGOAS NATURAIS ETC)","empresa":"FAZENDA******","municipio":null,"processo":"1900109/2018","link_oficial":"http://www.siam.mg.gov.br/siam/legislacao/consulta_portarias.jsp?num=1900109/2018","resumo":"01 - CAPTAÇÃO EM CORPO DE ÁGUA (RIOS, LAGOAS NATURAIS ETC)","aprox":true}},{"type":"Feature","geometry":{"type":"Point","coordinates":[-43.94,-19.92]},"properties":{"id":"IGAM (MG):1800110/2018","orgao":"IGAM (MG)","uf":"MG","ano":2018,"categoria":"outorga","tipo":"08 - CAPTAÇÃO DE ÁGUA SUBTERRÂNEA POR MEIO DE POÇO TUBULAR JÁ EXISTENTE","empresa":"Associação******","municipio":null,"processo":"1800110/2018","link_oficial":"http://www.siam.mg.gov.br/siam/legislacao/consulta_portarias.jsp?num=1800110/2018","resumo":"08 - CAPTAÇÃO DE ÁGUA SUBTERRÂNEA POR MEIO DE POÇO TUBULAR JÁ EXISTENTE","aprox":true}},{"type":"Feature","geometry":{"type":"Point","coordinates":[-43.94,-19.92]},"properties":{"id":"IGAM (MG):1400111/2018","orgao":"IGAM (MG)","uf":"MG","ano":2018,"categoria":"outorga","tipo":"01 - CAPTAÇÃO EM CORPO DE ÁGUA (RIOS, LAGOAS NATURAIS ETC)","empresa":"Frederico******","municipio":null,"processo":"1400111/2018","link_oficial":"http://www.siam.mg.gov.br/siam/legislacao/consulta_portarias.jsp?num=1400111/2018","resumo":"01 - CAPTAÇÃO EM CORPO DE ÁGUA (RIOS, LAGOAS NATURAIS ETC)","aprox":true}},{"type":"Feature","geometry":{"type":"Point","coordinates":[-43.94,-19.92]},"properties":{"id":"IGAM (MG):0700112/2018","orgao":"IGAM (MG)","uf":"MG","ano":2018,"categoria":"outorga","tipo":"14 - DRAGAGEM DE CURSO DE ÁGUA PARA FINS DE EXTRAÇÃO MINERAL","empresa":"Draga******","municipio":null,"processo":"0700112/2018","link_oficial":"http://www.siam.mg.gov.br/siam/legislacao/consulta_portarias.jsp?num=0700112/2018","resumo":"14 - DRAGAGEM DE CURSO DE ÁGUA PARA FINS DE EXTRAÇÃO MINERAL","aprox":true}},{"type":"Feature","geometry":{"type":"Point","coordinates":[-43.94,-19.92]},"properties":{"id":"IGAM (MG):1900113/2018","orgao":"IGAM (MG)","uf":"MG","ano":2018,"categoria":"outorga","tipo":"08 - CAPTAÇÃO DE ÁGUA SUBTERRÂNEA POR MEIO DE POÇO TUBULAR JÁ EXISTENTE","empresa":"FAZENDA******","municipio":null,"processo":"1900113/2018","link_oficial":"http://www.siam.mg.gov.br/siam/legislacao/consulta_portarias.jsp?num=1900113/2018","resumo":"08 - CAPTAÇÃO DE ÁGUA SUBTERRÂNEA POR MEIO DE POÇO TUBULAR JÁ EXISTENTE","aprox":true}},{"type":"Feature","geometry":{"type":"Point","coordinates":[-43.94,-19.92]},"properties":{"id":"IGAM (MG):1600114/2018","orgao":"IGAM (MG)","uf":"MG","ano":2018,"categoria":"outorga","tipo":"08 - CAPTAÇÃO DE ÁGUA SUBTERRÂNEA POR MEIO DE POÇO TUBULAR JÁ EXISTENTE","empresa":"André******","municipio":null,"processo":"1600114/2018","link_oficial":"http://www.siam.mg.gov.br/siam/legislacao/consulta_portarias.jsp?num=1600114/2018","resumo":"08 - CAPTAÇÃO DE ÁGUA SUBTERRÂNEA POR MEIO DE POÇO TUBULAR JÁ EXISTENTE","aprox":true}},{"type":"Feature","geometry":{"type":"Point","coordinates":[-43.94,-19.92]},"properties":{"id":"IGAM (MG):1900115/2018","orgao":"IGAM (MG)","uf":"MG","ano":2018,"categoria":"outorga","tipo":"08 - CAPTAÇÃO DE ÁGUA SUBTERRÂNEA POR MEIO DE POÇO TUBULAR JÁ EXISTENTE","empresa":"FAZENDA******","municipio":null,"processo":"1900115/2018","link_oficial":"http://www.siam.mg.gov.br/siam/legislacao/consulta_portarias.jsp?num=1900115/2018","resumo":"08 - CAPTAÇÃO DE ÁGUA SUBTERRÂNEA POR MEIO DE POÇO TUBULAR JÁ EXISTENTE","aprox":true}},{"type":"Feature","geometry":{"type":"Point","coordinates":[-43.94,-19.92]},"properties":{"id":"IGAM (MG):1900116/2018","orgao":"IGAM (MG)","uf":"MG","ano":2018,"categoria":"outorga","tipo":"08 - CAPTAÇÃO DE ÁGUA SUBTERRÂNEA POR MEIO DE POÇO TUBULAR JÁ EXISTENTE","empresa":"ARENA******","municipio":null,"processo":"1900116/2018","link_oficial":"http://www.siam.mg.gov.br/siam/legislacao/consulta_portarias.jsp?num=1900116/2018","resumo":"08 - CAPTAÇÃO DE ÁGUA SUBTERRÂNEA POR MEIO DE POÇO TUBULAR JÁ EXISTENTE","aprox":true}},{"type":"Feature","geometry":{"type":"Point","coordinates":[-43.94,-19.92]},"properties":{"id":"IGAM (MG):1900117/2018","orgao":"IGAM (MG)","uf":"MG","ano":2018,"categoria":"outorga","tipo":"08 - CAPTAÇÃO DE ÁGUA SUBTERRÂNEA POR MEIO DE POÇO TUBULAR JÁ EXISTENTE","empresa":"ÁREA******","municipio":null,"processo":"1900117/2018","link_oficial":"http://www.siam.mg.gov.br/siam/legislacao/consulta_portarias.jsp?num=1900117/2018","resumo":"08 - CAPTAÇÃO DE ÁGUA SUBTERRÂNEA POR MEIO DE POÇO TUBULAR JÁ EXISTENTE","aprox":true}},{"type":"Feature","geometry":{"type":"Point","coordinates":[-43.94,-19.92]},"properties":{"id":"IGAM (MG):1900118/2018","orgao":"IGAM (MG)","uf":"MG","ano":2018,"categoria":"outorga","tipo":"08 - CAPTAÇÃO DE ÁGUA SUBTERRÂNEA POR MEIO DE POÇO TUBULAR JÁ EXISTENTE","empresa":"ÁREA******","municipio":null,"processo":"1900118/2018","link_oficial":"http://www.siam.mg.gov.br/siam/legislacao/consulta_portarias.jsp?num=1900118/2018","resumo":"08 - CAPTAÇÃO DE ÁGUA SUBTERRÂNEA POR MEIO DE POÇO TUBULAR JÁ EXISTENTE","aprox":true}},{"type":"Feature","geometry":{"type":"Point","coordinates":[-43.94,-19.92]},"properties":{"id":"IGAM (MG):0700119/2018","orgao":"IGAM (MG)","uf":"MG","ano":2018,"categoria":"outorga","tipo":"01 - CAPTAÇÃO EM CORPO DE ÁGUA (RIOS, LAGOAS NATURAIS ETC)","empresa":"Fazenda******","municipio":null,"processo":"0700119/2018","link_oficial":"http://www.siam.mg.gov.br/siam/legislacao/consulta_portarias.jsp?num=0700119/2018","resumo":"01 - CAPTAÇÃO EM CORPO DE ÁGUA (RIOS, LAGOAS NATURAIS ETC)","aprox":true}},{"type":"Feature","geometry":{"type":"Point","coordinates":[-43.94,-19.92]},"properties":{"id":"IGAM (MG):0700120/2018","orgao":"IGAM (MG)","uf":"MG","ano":2018,"categoria":"outorga","tipo":"14 - DRAGAGEM DE CURSO DE ÁGUA PARA FINS DE EXTRAÇÃO MINERAL","empresa":"Draga******","municipio":null,"processo":"0700120/2018","link_oficial":"http://www.siam.mg.gov.br/siam/legislacao/consulta_portarias.jsp?num=0700120/2018","resumo":"14 - DRAGAGEM DE CURSO DE ÁGUA PARA FINS DE EXTRAÇÃO MINERAL","aprox":true}},{"type":"Feature","geometry":{"type":"Point","coordinates":[-43.94,-19.92]},"properties":{"id":"IGAM (MG):1900121/2018","orgao":"IGAM (MG)","uf":"MG","ano":2018,"categoria":"outorga","tipo":"08 - CAPTAÇÃO DE ÁGUA SUBTERRÂNEA POR MEIO DE POÇO TUBULAR JÁ EXISTENTE","empresa":"ÁREA******","municipio":null,"processo":"1900121/2018","link_oficial":"http://www.siam.mg.gov.br/siam/legislacao/consulta_portarias.jsp?num=1900121/2018","resumo":"08 - CAPTAÇÃO DE ÁGUA SUBTERRÂNEA POR MEIO DE POÇO TUBULAR JÁ EXISTENTE","aprox":true}},{"type":"Feature","geometry":{"type":"Point","coordinates":[-43.94,-19.92]},"properties":{"id":"IGAM (MG):1400122/2018","orgao":"IGAM (MG)","uf":"MG","ano":2018,"categoria":"outorga","tipo":"01 - CAPTAÇÃO EM CORPO DE ÁGUA (RIOS, LAGOAS NATURAIS ETC)","empresa":"Frederico******","municipio":null,"processo":"1400122/2018","link_oficial":"http://www.siam.mg.gov.br/siam/legislacao/consulta_portarias.jsp?num=1400122/2018","resumo":"01 - CAPTAÇÃO EM CORPO DE ÁGUA (RIOS, LAGOAS NATURAIS ETC)","aprox":true}},{"type":"Feature","geometry":{"type":"Point","coordinates":[-43.94,-19.92]},"properties":{"id":"IGAM (MG):0700123/2018","orgao":"IGAM (MG)","uf":"MG","ano":2018,"categoria":"outorga","tipo":"14 - DRAGAGEM DE CURSO DE ÁGUA PARA FINS DE EXTRAÇÃO MINERAL","empresa":"Draga******","municipio":null,"processo":"0700123/2018","link_oficial":"http://www.siam.mg.gov.br/siam/legislacao/consulta_portarias.jsp?num=0700123/2018","resumo":"14 - DRAGAGEM DE CURSO DE ÁGUA PARA FINS DE EXTRAÇÃO MINERAL","aprox":true}},{"type":"Feature","geometry":{"type":"Point","coordinates":[-43.94,-19.92]},"properties":{"id":"IGAM (MG):0700124/2018","orgao":"IGAM (MG)","uf":"MG","ano":2018,"categoria":"outorga","tipo":"08 - CAPTAÇÃO DE ÁGUA SUBTERRÂNEA POR MEIO DE POÇO TUBULAR JÁ EXISTENTE","empresa":"Fazenda******","municipio":null,"processo":"0700124/2018","link_oficial":"http://www.siam.mg.gov.br/siam/legislacao/consulta_portarias.jsp?num=0700124/2018","resumo":"08 - CAPTAÇÃO DE ÁGUA SUBTERRÂNEA POR MEIO DE POÇO TUBULAR JÁ EXISTENTE","aprox":true}},{"type":"Feature","geometry":{"type":"Point","coordinates":[-43.94,-19.92]},"properties":{"id":"IGAM (MG):1600125/2018","orgao":"IGAM (MG)","uf":"MG","ano":2018,"categoria":"outorga","tipo":"08 - CAPTAÇÃO DE ÁGUA SUBTERRÂNEA POR MEIO DE POÇO TUBULAR JÁ EXISTENTE","empresa":"Hilda******","municipio":null,"processo":"1600125/2018","link_oficial":"http://www.siam.mg.gov.br/siam/legislacao/consulta_portarias.jsp?num=1600125/2018","resumo":"08 - CAPTAÇÃO DE ÁGUA SUBTERRÂNEA POR MEIO DE POÇO TUBULAR JÁ EXISTENTE","aprox":true}},{"type":"Feature","geometry":{"type":"Point","coordinates":[-43.94,-19.92]},"properties":{"id":"IGAM (MG):0700126/2018","orgao":"IGAM (MG)","uf":"MG","ano":2018,"categoria":"outorga","tipo":"08 - CAPTAÇÃO DE ÁGUA SUBTERRÂNEA POR MEIO DE POÇO TUBULAR JÁ EXISTENTE","empresa":"Fazenda******","municipio":null,"processo":"0700126/2018","link_oficial":"http://www.siam.mg.gov.br/siam/legislacao/consulta_portarias.jsp?num=0700126/2018","resumo":"08 - CAPTAÇÃO DE ÁGUA SUBTERRÂNEA POR MEIO DE POÇO TUBULAR JÁ EXISTENTE","aprox":true}},{"type":"Feature","geometry":{"type":"Point","coordinates":[-43.94,-19.92]},"properties":{"id":"IGAM (MG):1500127/2018","orgao":"IGAM (MG)","uf":"MG","ano":2018,"categoria":"outorga","tipo":"08 - CAPTAÇÃO DE ÁGUA SUBTERRÂNEA POR MEIO DE POÇO TUBULAR JÁ EXISTENTE","empresa":"GB******","municipio":null,"processo":"1500127/2018","link_oficial":"http://www.siam.mg.gov.br/siam/legislacao/consulta_portarias.jsp?num=1500127/2018","resumo":"08 - CAPTAÇÃO DE ÁGUA SUBTERRÂNEA POR MEIO DE POÇO TUBULAR JÁ EXISTENTE","aprox":true}},{"type":"Feature","geometry":{"type":"Point","coordinates":[-43.94,-19.92]},"properties":{"id":"IGAM (MG):1400128/2018","orgao":"IGAM (MG)","uf":"MG","ano":2018,"categoria":"outorga","tipo":"01 - CAPTAÇÃO EM CORPO DE ÁGUA (RIOS, LAGOAS NATURAIS ETC)","empresa":"Antônio******","municipio":null,"processo":"1400128/2018","link_oficial":"http://www.siam.mg.gov.br/siam/legislacao/consulta_portarias.jsp?num=1400128/2018","resumo":"01 - CAPTAÇÃO EM CORPO DE ÁGUA (RIOS, LAGOAS NATURAIS ETC)","aprox":true}},{"type":"Feature","geometry":{"type":"Point","coordinates":[-43.94,-19.92]},"properties":{"id":"IGAM (MG):1800129/2018","orgao":"IGAM (MG)","uf":"MG","ano":2018,"categoria":"outorga","tipo":"08 - CAPTAÇÃO DE ÁGUA SUBTERRÂNEA POR MEIO DE POÇO TUBULAR JÁ EXISTENTE","empresa":"Sinterama******","municipio":null,"processo":"1800129/2018","link_oficial":"http://www.siam.mg.gov.br/siam/legislacao/consulta_portarias.jsp?num=1800129/2018","resumo":"08 - CAPTAÇÃO DE ÁGUA SUBTERRÂNEA POR MEIO DE POÇO TUBULAR JÁ EXISTENTE","aprox":true}},{"type":"Feature","geometry":{"type":"Point","coordinates":[-43.94,-19.92]},"properties":{"id":"IGAM (MG):0700130/2018","orgao":"IGAM (MG)","uf":"MG","ano":2018,"categoria":"outorga","tipo":"01 - CAPTAÇÃO EM CORPO DE ÁGUA (RIOS, LAGOAS NATURAIS ETC)","empresa":"Fazenda******","municipio":null,"processo":"0700130/2018","link_oficial":"http://www.siam.mg.gov.br/siam/legislacao/consulta_portarias.jsp?num=0700130/2018","resumo":"01 - CAPTAÇÃO EM CORPO DE ÁGUA (RIOS, LAGOAS NATURAIS ETC)","aprox":true}},{"type":"Feature","geometry":{"type":"Point","coordinates":[-43.94,-19.92]},"properties":{"id":"IGAM (MG):0700131/2018","orgao":"IGAM (MG)","uf":"MG","ano":2018,"categoria":"outorga","tipo":"12 - DESVIO PARCIAL OU TOTAL DE CURSO DE ÁGUA","empresa":"Kinross******","municipio":null,"processo":"0700131/2018","link_oficial":"http://www.siam.mg.gov.br/siam/legislacao/consulta_portarias.jsp?num=0700131/2018","resumo":"12 - DESVIO PARCIAL OU TOTAL DE CURSO DE ÁGUA","aprox":true}},{"type":"Feature","geometry":{"type":"Point","coordinates":[-43.94,-19.92]},"properties":{"id":"IGAM (MG):0700132/2018","orgao":"IGAM (MG)","uf":"MG","ano":2018,"categoria":"outorga","tipo":"08 - CAPTAÇÃO DE ÁGUA SUBTERRÂNEA POR MEIO DE POÇO TUBULAR JÁ EXISTENTE","empresa":"Fazenda******","municipio":null,"processo":"0700132/2018","link_oficial":"http://www.siam.mg.gov.br/siam/legislacao/consulta_portarias.jsp?num=0700132/2018","resumo":"08 - CAPTAÇÃO DE ÁGUA SUBTERRÂNEA POR MEIO DE POÇO TUBULAR JÁ EXISTENTE","aprox":true}},{"type":"Feature","geometry":{"type":"Point","coordinates":[-43.94,-19.92]},"properties":{"id":"IGAM (MG):0700133/2018","orgao":"IGAM (MG)","uf":"MG","ano":2018,"categoria":"outorga","tipo":"08 - CAPTAÇÃO DE ÁGUA SUBTERRÂNEA POR MEIO DE POÇO TUBULAR JÁ EXISTENTE","empresa":"Fazenda******","municipio":null,"processo":"0700133/2018","link_oficial":"http://www.siam.mg.gov.br/siam/legislacao/consulta_portarias.jsp?num=0700133/2018","resumo":"08 - CAPTAÇÃO DE ÁGUA SUBTERRÂNEA POR MEIO DE POÇO TUBULAR JÁ EXISTENTE","aprox":true}},{"type":"Feature","geometry":{"type":"Point","coordinates":[-43.94,-19.92]},"properties":{"id":"IGAM (MG):0700134/2018","orgao":"IGAM (MG)","uf":"MG","ano":2018,"categoria":"outorga","tipo":"01 - CAPTAÇÃO EM CORPO DE ÁGUA (RIOS, LAGOAS NATURAIS ETC)","empresa":"Fazenda******","municipio":null,"processo":"0700134/2018","link_oficial":"http://www.siam.mg.gov.br/siam/legislacao/consulta_portarias.jsp?num=0700134/2018","resumo":"01 - CAPTAÇÃO EM CORPO DE ÁGUA (RIOS, LAGOAS NATURAIS ETC)","aprox":true}},{"type":"Feature","geometry":{"type":"Point","coordinates":[-43.94,-19.92]},"properties":{"id":"IGAM (MG):0700135/2018","orgao":"IGAM (MG)","uf":"MG","ano":2018,"categoria":"outorga","tipo":"01 - CAPTAÇÃO EM CORPO DE ÁGUA (RIOS, LAGOAS NATURAIS ETC)","empresa":"Fazenda******","municipio":null,"processo":"0700135/2018","link_oficial":"http://www.siam.mg.gov.br/siam/legislacao/consulta_portarias.jsp?num=0700135/2018","resumo":"01 - CAPTAÇÃO EM CORPO DE ÁGUA (RIOS, LAGOAS NATURAIS ETC)","aprox":true}},{"type":"Feature","geometry":{"type":"Point","coordinates":[-43.94,-19.92]},"properties":{"id":"IGAM (MG):0700136/2018","orgao":"IGAM (MG)","uf":"MG","ano":2018,"categoria":"outorga","tipo":"08 - CAPTAÇÃO DE ÁGUA SUBTERRÂNEA POR MEIO DE POÇO TUBULAR JÁ EXISTENTE","empresa":"Fazenda******","municipio":null,"processo":"0700136/2018","link_oficial":"http://www.siam.mg.gov.br/siam/legislacao/consulta_portarias.jsp?num=0700136/2018","resumo":"08 - CAPTAÇÃO DE ÁGUA SUBTERRÂNEA POR MEIO DE POÇO TUBULAR JÁ EXISTENTE","aprox":true}},{"type":"Feature","geometry":{"type":"Point","coordinates":[-43.94,-19.92]},"properties":{"id":"IGAM (MG):0700137/2018","orgao":"IGAM (MG)","uf":"MG","ano":2018,"categoria":"outorga","tipo":"08 - CAPTAÇÃO DE ÁGUA SUBTERRÂNEA POR MEIO DE POÇO TUBULAR JÁ EXISTENTE","empresa":"Fazenda******","municipio":null,"processo":"0700137/2018","link_oficial":"http://www.siam.mg.gov.br/siam/legislacao/consulta_portarias.jsp?num=0700137/2018","resumo":"08 - CAPTAÇÃO DE ÁGUA SUBTERRÂNEA POR MEIO DE POÇO TUBULAR JÁ EXISTENTE","aprox":true}},{"type":"Feature","geometry":{"type":"Point","coordinates":[-43.94,-19.92]},"properties":{"id":"IGAM (MG):0700138/2018","orgao":"IGAM (MG)","uf":"MG","ano":2018,"categoria":"outorga","tipo":"01 - CAPTAÇÃO EM CORPO DE ÁGUA (RIOS, LAGOAS NATURAIS ETC)","empresa":"Fazenda******","municipio":null,"processo":"0700138/2018","link_oficial":"http://www.siam.mg.gov.br/siam/legislacao/consulta_portarias.jsp?num=0700138/2018","resumo":"01 - CAPTAÇÃO EM CORPO DE ÁGUA (RIOS, LAGOAS NATURAIS ETC)","aprox":true}},{"type":"Feature","geometry":{"type":"Point","coordinates":[-43.94,-19.92]},"properties":{"id":"IGAM (MG):1900139/2018","orgao":"IGAM (MG)","uf":"MG","ano":2018,"categoria":"outorga","tipo":"08 - CAPTAÇÃO DE ÁGUA SUBTERRÂNEA POR MEIO DE POÇO TUBULAR JÁ EXISTENTE","empresa":"FAZENDA******","municipio":null,"processo":"1900139/2018","link_oficial":"http://www.siam.mg.gov.br/siam/legislacao/consulta_portarias.jsp?num=1900139/2018","resumo":"08 - CAPTAÇÃO DE ÁGUA SUBTERRÂNEA POR MEIO DE POÇO TUBULAR JÁ EXISTENTE","aprox":true}},{"type":"Feature","geometry":{"type":"Point","coordinates":[-43.94,-19.92]},"properties":{"id":"IGAM (MG):0700140/2018","orgao":"IGAM (MG)","uf":"MG","ano":2018,"categoria":"outorga","tipo":"01 - CAPTAÇÃO EM CORPO DE ÁGUA (RIOS, LAGOAS NATURAIS ETC)","empresa":"Fazenda******","municipio":null,"processo":"0700140/2018","link_oficial":"http://www.siam.mg.gov.br/siam/legislacao/consulta_portarias.jsp?num=0700140/2018","resumo":"01 - CAPTAÇÃO EM CORPO DE ÁGUA (RIOS, LAGOAS NATURAIS ETC)","aprox":true}},{"type":"Feature","geometry":{"type":"Point","coordinates":[-43.94,-19.92]},"properties":{"id":"IGAM (MG):1900141/2018","orgao":"IGAM (MG)","uf":"MG","ano":2018,"categoria":"outorga","tipo":"08 - CAPTAÇÃO DE ÁGUA SUBTERRÂNEA POR MEIO DE POÇO TUBULAR JÁ EXISTENTE","empresa":"FAZENDA******","municipio":null,"processo":"1900141/2018","link_oficial":"http://www.siam.mg.gov.br/siam/legislacao/consulta_portarias.jsp?num=1900141/2018","resumo":"08 - CAPTAÇÃO DE ÁGUA SUBTERRÂNEA POR MEIO DE POÇO TUBULAR JÁ EXISTENTE","aprox":true}},{"type":"Feature","geometry":{"type":"Point","coordinates":[-43.94,-19.92]},"properties":{"id":"IGAM (MG):1900142/2018","orgao":"IGAM (MG)","uf":"MG","ano":2018,"categoria":"outorga","tipo":"01 - CAPTAÇÃO EM CORPO DE ÁGUA (RIOS, LAGOAS NATURAIS ETC)","empresa":"FAZENDA******","municipio":null,"processo":"1900142/2018","link_oficial":"http://www.siam.mg.gov.br/siam/legislacao/consulta_portarias.jsp?num=1900142/2018","resumo":"01 - CAPTAÇÃO EM CORPO DE ÁGUA (RIOS, LAGOAS NATURAIS ETC)","aprox":true}},{"type":"Feature","geometry":{"type":"Point","coordinates":[-43.94,-19.92]},"properties":{"id":"IGAM (MG):1900143/2018","orgao":"IGAM (MG)","uf":"MG","ano":2018,"categoria":"outorga","tipo":"08 - CAPTAÇÃO DE ÁGUA SUBTERRÂNEA POR MEIO DE POÇO TUBULAR JÁ EXISTENTE","empresa":"Renato******","municipio":null,"processo":"1900143/2018","link_oficial":"http://www.siam.mg.gov.br/siam/legislacao/consulta_portarias.jsp?num=1900143/2018","resumo":"08 - CAPTAÇÃO DE ÁGUA SUBTERRÂNEA POR MEIO DE POÇO TUBULAR JÁ EXISTENTE","aprox":true}},{"type":"Feature","geometry":{"type":"Point","coordinates":[-43.94,-19.92]},"properties":{"id":"IGAM (MG):0200144/2018","orgao":"IGAM (MG)","uf":"MG","ano":2018,"categoria":"outorga","tipo":"08 - CAPTAÇÃO DE ÁGUA SUBTERRÂNEA POR MEIO DE POÇO TUBULAR JÁ EXISTENTE","empresa":"CSN******","municipio":null,"processo":"0200144/2018","link_oficial":"http://www.siam.mg.gov.br/siam/legislacao/consulta_portarias.jsp?num=0200144/2018","resumo":"08 - CAPTAÇÃO DE ÁGUA SUBTERRÂNEA POR MEIO DE POÇO TUBULAR JÁ EXISTENTE","aprox":true}},{"type":"Feature","geometry":{"type":"Point","coordinates":[-43.94,-19.92]},"properties":{"id":"IGAM (MG):0700145/2018","orgao":"IGAM (MG)","uf":"MG","ano":2018,"categoria":"outorga","tipo":"08 - CAPTAÇÃO DE ÁGUA SUBTERRÂNEA POR MEIO DE POÇO TUBULAR JÁ EXISTENTE","empresa":"Fazenda******","municipio":null,"processo":"0700145/2018","link_oficial":"http://www.siam.mg.gov.br/siam/legislacao/consulta_portarias.jsp?num=0700145/2018","resumo":"08 - CAPTAÇÃO DE ÁGUA SUBTERRÂNEA POR MEIO DE POÇO TUBULAR JÁ EXISTENTE","aprox":true}},{"type":"Feature","geometry":{"type":"Point","coordinates":[-43.94,-19.92]},"properties":{"id":"IGAM (MG):0700146/2018","orgao":"IGAM (MG)","uf":"MG","ano":2018,"categoria":"outorga","tipo":"08 - CAPTAÇÃO DE ÁGUA SUBTERRÂNEA POR MEIO DE POÇO TUBULAR JÁ EXISTENTE","empresa":"Condomínio******","municipio":null,"processo":"0700146/2018","link_oficial":"http://www.siam.mg.gov.br/siam/legislacao/consulta_portarias.jsp?num=0700146/2018","resumo":"08 - CAPTAÇÃO DE ÁGUA SUBTERRÂNEA POR MEIO DE POÇO TUBULAR JÁ EXISTENTE","aprox":true}},{"type":"Feature","geometry":{"type":"Point","coordinates":[-43.94,-19.92]},"properties":{"id":"IGAM (MG):1900147/2018","orgao":"IGAM (MG)","uf":"MG","ano":2018,"categoria":"outorga","tipo":"08 - CAPTAÇÃO DE ÁGUA SUBTERRÂNEA POR MEIO DE POÇO TUBULAR JÁ EXISTENTE","empresa":"AUTO******","municipio":null,"processo":"1900147/2018","link_oficial":"http://www.siam.mg.gov.br/siam/legislacao/consulta_portarias.jsp?num=1900147/2018","resumo":"08 - CAPTAÇÃO DE ÁGUA SUBTERRÂNEA POR MEIO DE POÇO TUBULAR JÁ EXISTENTE","aprox":true}},{"type":"Feature","geometry":{"type":"Point","coordinates":[-43.94,-19.92]},"properties":{"id":"IGAM (MG):0200148/2018","orgao":"IGAM (MG)","uf":"MG","ano":2018,"categoria":"outorga","tipo":"01 - CAPTAÇÃO EM CORPO DE ÁGUA (RIOS, LAGOAS NATURAIS ETC)","empresa":"Siderúrgica******","municipio":null,"processo":"0200148/2018","link_oficial":"http://www.siam.mg.gov.br/siam/legislacao/consulta_portarias.jsp?num=0200148/2018","resumo":"01 - CAPTAÇÃO EM CORPO DE ÁGUA (RIOS, LAGOAS NATURAIS ETC)","aprox":true}},{"type":"Feature","geometry":{"type":"Point","coordinates":[-43.94,-19.92]},"properties":{"id":"IGAM (MG):0700149/2018","orgao":"IGAM (MG)","uf":"MG","ano":2018,"categoria":"outorga","tipo":"08 - CAPTAÇÃO DE ÁGUA SUBTERRÂNEA POR MEIO DE POÇO TUBULAR JÁ EXISTENTE","empresa":"Condomínio******","municipio":null,"processo":"0700149/2018","link_oficial":"http://www.siam.mg.gov.br/siam/legislacao/consulta_portarias.jsp?num=0700149/2018","resumo":"08 - CAPTAÇÃO DE ÁGUA SUBTERRÂNEA POR MEIO DE POÇO TUBULAR JÁ EXISTENTE","aprox":true}},{"type":"Feature","geometry":{"type":"Point","coordinates":[-43.94,-19.92]},"properties":{"id":"IGAM (MG):1900150/2018","orgao":"IGAM (MG)","uf":"MG","ano":2018,"categoria":"outorga","tipo":"08 - CAPTAÇÃO DE ÁGUA SUBTERRÂNEA POR MEIO DE POÇO TUBULAR JÁ EXISTENTE","empresa":"GERALDO******","municipio":null,"processo":"1900150/2018","link_oficial":"http://www.siam.mg.gov.br/siam/legislacao/consulta_portarias.jsp?num=1900150/2018","resumo":"08 - CAPTAÇÃO DE ÁGUA SUBTERRÂNEA POR MEIO DE POÇO TUBULAR JÁ EXISTENTE","aprox":true}},{"type":"Feature","geometry":{"type":"Point","coordinates":[-43.94,-19.92]},"properties":{"id":"IGAM (MG):0200152/2018","orgao":"IGAM (MG)","uf":"MG","ano":2018,"categoria":"outorga","tipo":"01 - CAPTAÇÃO EM CORPO DE ÁGUA (RIOS, LAGOAS NATURAIS ETC)","empresa":"Siderúrgica******","municipio":null,"processo":"0200152/2018","link_oficial":"http://www.siam.mg.gov.br/siam/legislacao/consulta_portarias.jsp?num=0200152/2018","resumo":"01 - CAPTAÇÃO EM CORPO DE ÁGUA (RIOS, LAGOAS NATURAIS ETC)","aprox":true}},{"type":"Feature","geometry":{"type":"Point","coordinates":[-43.94,-19.92]},"properties":{"id":"IGAM (MG):0200153/2018","orgao":"IGAM (MG)","uf":"MG","ano":2018,"categoria":"outorga","tipo":"08 - CAPTAÇÃO DE ÁGUA SUBTERRÂNEA POR MEIO DE POÇO TUBULAR JÁ EXISTENTE","empresa":"BBS******","municipio":null,"processo":"0200153/2018","link_oficial":"http://www.siam.mg.gov.br/siam/legislacao/consulta_portarias.jsp?num=0200153/2018","resumo":"08 - CAPTAÇÃO DE ÁGUA SUBTERRÂNEA POR MEIO DE POÇO TUBULAR JÁ EXISTENTE","aprox":true}},{"type":"Feature","geometry":{"type":"Point","coordinates":[-43.94,-19.92]},"properties":{"id":"IGAM (MG):1600154/2018","orgao":"IGAM (MG)","uf":"MG","ano":2018,"categoria":"outorga","tipo":"08 - CAPTAÇÃO DE ÁGUA SUBTERRÂNEA POR MEIO DE POÇO TUBULAR JÁ EXISTENTE","empresa":"Rogério******","municipio":null,"processo":"1600154/2018","link_oficial":"http://www.siam.mg.gov.br/siam/legislacao/consulta_portarias.jsp?num=1600154/2018","resumo":"08 - CAPTAÇÃO DE ÁGUA SUBTERRÂNEA POR MEIO DE POÇO TUBULAR JÁ EXISTENTE","aprox":true}},{"type":"Feature","geometry":{"type":"Point","coordinates":[-43.94,-19.92]},"properties":{"id":"IGAM (MG):1300155/2018","orgao":"IGAM (MG)","uf":"MG","ano":2018,"categoria":"outorga","tipo":"23 - CAPTAÇÃO DE ÁGUA SUBTERRÂNEA PARA FINS DE PESQUISA HIDROGEOLÓGICA","empresa":"Vale******","municipio":null,"processo":"1300155/2018","link_oficial":"http://www.siam.mg.gov.br/siam/legislacao/consulta_portarias.jsp?num=1300155/2018","resumo":"23 - CAPTAÇÃO DE ÁGUA SUBTERRÂNEA PARA FINS DE PESQUISA HIDROGEOLÓGICA","aprox":true}},{"type":"Feature","geometry":{"type":"Point","coordinates":[-43.94,-19.92]},"properties":{"id":"IGAM (MG):1300156/2018","orgao":"IGAM (MG)","uf":"MG","ano":2018,"categoria":"outorga","tipo":"08 - CAPTAÇÃO DE ÁGUA SUBTERRÂNEA POR MEIO DE POÇO TUBULAR JÁ EXISTENTE","empresa":"Paula******","municipio":null,"processo":"1300156/2018","link_oficial":"http://www.siam.mg.gov.br/siam/legislacao/consulta_portarias.jsp?num=1300156/2018","resumo":"08 - CAPTAÇÃO DE ÁGUA SUBTERRÂNEA POR MEIO DE POÇO TUBULAR JÁ EXISTENTE","aprox":true}},{"type":"Feature","geometry":{"type":"Point","coordinates":[-43.94,-19.92]},"properties":{"id":"IGAM (MG):1300157/2018","orgao":"IGAM (MG)","uf":"MG","ano":2018,"categoria":"outorga","tipo":"08 - CAPTAÇÃO DE ÁGUA SUBTERRÂNEA POR MEIO DE POÇO TUBULAR JÁ EXISTENTE","empresa":"Paula******","municipio":null,"processo":"1300157/2018","link_oficial":"http://www.siam.mg.gov.br/siam/legislacao/consulta_portarias.jsp?num=1300157/2018","resumo":"08 - CAPTAÇÃO DE ÁGUA SUBTERRÂNEA POR MEIO DE POÇO TUBULAR JÁ EXISTENTE","aprox":true}},{"type":"Feature","geometry":{"type":"Point","coordinates":[-43.94,-19.92]},"properties":{"id":"IGAM (MG):1300158/2018","orgao":"IGAM (MG)","uf":"MG","ano":2018,"categoria":"outorga","tipo":"08 - CAPTAÇÃO DE ÁGUA SUBTERRÂNEA POR MEIO DE POÇO TUBULAR JÁ EXISTENTE","empresa":"Paula******","municipio":null,"processo":"1300158/2018","link_oficial":"http://www.siam.mg.gov.br/siam/legislacao/consulta_portarias.jsp?num=1300158/2018","resumo":"08 - CAPTAÇÃO DE ÁGUA SUBTERRÂNEA POR MEIO DE POÇO TUBULAR JÁ EXISTENTE","aprox":true}},{"type":"Feature","geometry":{"type":"Point","coordinates":[-43.94,-19.92]},"properties":{"id":"IGAM (MG):1900159/2018","orgao":"IGAM (MG)","uf":"MG","ano":2018,"categoria":"outorga","tipo":"01 - CAPTAÇÃO EM CORPO DE ÁGUA (RIOS, LAGOAS NATURAIS ETC)","empresa":"FAZENDA******","municipio":null,"processo":"1900159/2018","link_oficial":"http://www.siam.mg.gov.br/siam/legislacao/consulta_portarias.jsp?num=1900159/2018","resumo":"01 - CAPTAÇÃO EM CORPO DE ÁGUA (RIOS, LAGOAS NATURAIS ETC)","aprox":true}},{"type":"Feature","geometry":{"type":"Point","coordinates":[-43.94,-19.92]},"properties":{"id":"IGAM (MG):1900160/2018","orgao":"IGAM (MG)","uf":"MG","ano":2018,"categoria":"outorga","tipo":"08 - CAPTAÇÃO DE ÁGUA SUBTERRÂNEA POR MEIO DE POÇO TUBULAR JÁ EXISTENTE","empresa":"CONCEBRA******","municipio":null,"processo":"1900160/2018","link_oficial":"http://www.siam.mg.gov.br/siam/legislacao/consulta_portarias.jsp?num=1900160/2018","resumo":"08 - CAPTAÇÃO DE ÁGUA SUBTERRÂNEA POR MEIO DE POÇO TUBULAR JÁ EXISTENTE","aprox":true}},{"type":"Feature","geometry":{"type":"Point","coordinates":[-43.94,-19.92]},"properties":{"id":"IGAM (MG):0700161/2018","orgao":"IGAM (MG)","uf":"MG","ano":2018,"categoria":"outorga","tipo":"01 - CAPTAÇÃO EM CORPO DE ÁGUA (RIOS, LAGOAS NATURAIS ETC)","empresa":"Fazenda******","municipio":null,"processo":"0700161/2018","link_oficial":"http://www.siam.mg.gov.br/siam/legislacao/consulta_portarias.jsp?num=0700161/2018","resumo":"01 - CAPTAÇÃO EM CORPO DE ÁGUA (RIOS, LAGOAS NATURAIS ETC)","aprox":true}},{"type":"Feature","geometry":{"type":"Point","coordinates":[-43.94,-19.92]},"properties":{"id":"IGAM (MG):0700162/2018","orgao":"IGAM (MG)","uf":"MG","ano":2018,"categoria":"outorga","tipo":"01 - CAPTAÇÃO EM CORPO DE ÁGUA (RIOS, LAGOAS NATURAIS ETC)","empresa":"Fazenda******","municipio":null,"processo":"0700162/2018","link_oficial":"http://www.siam.mg.gov.br/siam/legislacao/consulta_portarias.jsp?num=0700162/2018","resumo":"01 - CAPTAÇÃO EM CORPO DE ÁGUA (RIOS, LAGOAS NATURAIS ETC)","aprox":true}},{"type":"Feature","geometry":{"type":"Point","coordinates":[-43.94,-19.92]},"properties":{"id":"IGAM (MG):1900163/2018","orgao":"IGAM (MG)","uf":"MG","ano":2018,"categoria":"outorga","tipo":"08 - CAPTAÇÃO DE ÁGUA SUBTERRÂNEA POR MEIO DE POÇO TUBULAR JÁ EXISTENTE","empresa":"FAZENDA******","municipio":null,"processo":"1900163/2018","link_oficial":"http://www.siam.mg.gov.br/siam/legislacao/consulta_portarias.jsp?num=1900163/2018","resumo":"08 - CAPTAÇÃO DE ÁGUA SUBTERRÂNEA POR MEIO DE POÇO TUBULAR JÁ EXISTENTE","aprox":true}},{"type":"Feature","geometry":{"type":"Point","coordinates":[-43.94,-19.92]},"properties":{"id":"IGAM (MG):1300164/2018","orgao":"IGAM (MG)","uf":"MG","ano":2018,"categoria":"outorga","tipo":"08 - CAPTAÇÃO DE ÁGUA SUBTERRÂNEA POR MEIO DE POÇO TUBULAR JÁ EXISTENTE","empresa":"Sol******","municipio":null,"processo":"1300164/2018","link_oficial":"http://www.siam.mg.gov.br/siam/legislacao/consulta_portarias.jsp?num=1300164/2018","resumo":"08 - CAPTAÇÃO DE ÁGUA SUBTERRÂNEA POR MEIO DE POÇO TUBULAR JÁ EXISTENTE","aprox":true}},{"type":"Feature","geometry":{"type":"Point","coordinates":[-43.94,-19.92]},"properties":{"id":"IGAM (MG):1300165/2018","orgao":"IGAM (MG)","uf":"MG","ano":2018,"categoria":"outorga","tipo":"08 - CAPTAÇÃO DE ÁGUA SUBTERRÂNEA POR MEIO DE POÇO TUBULAR JÁ EXISTENTE","empresa":"Sol******","municipio":null,"processo":"1300165/2018","link_oficial":"http://www.siam.mg.gov.br/siam/legislacao/consulta_portarias.jsp?num=1300165/2018","resumo":"08 - CAPTAÇÃO DE ÁGUA SUBTERRÂNEA POR MEIO DE POÇO TUBULAR JÁ EXISTENTE","aprox":true}},{"type":"Feature","geometry":{"type":"Point","coordinates":[-43.94,-19.92]},"properties":{"id":"IGAM (MG):0700166/2018","orgao":"IGAM (MG)","uf":"MG","ano":2018,"categoria":"outorga","tipo":"03 - CAPTAÇÃO EM BARRAMENTO EM CURSO DE ÁGUA, C/ REGULARIZAÇÃO DE VAZÃO (ÁREA MÁ","empresa":"Fazenda******","municipio":null,"processo":"0700166/2018","link_oficial":"http://www.siam.mg.gov.br/siam/legislacao/consulta_portarias.jsp?num=0700166/2018","resumo":"03 - CAPTAÇÃO EM BARRAMENTO EM CURSO DE ÁGUA, C/ REGULARIZAÇÃO DE VAZÃO (ÁREA MÁX MENOR OU IGUAL 5,00 HA)","aprox":true}},{"type":"Feature","geometry":{"type":"Point","coordinates":[-43.94,-19.92]},"properties":{"id":"IGAM (MG):0700167/2018","orgao":"IGAM (MG)","uf":"MG","ano":2018,"categoria":"outorga","tipo":"03 - CAPTAÇÃO EM BARRAMENTO EM CURSO DE ÁGUA, C/ REGULARIZAÇÃO DE VAZÃO (ÁREA MÁ","empresa":"Fazenda******","municipio":null,"processo":"0700167/2018","link_oficial":"http://www.siam.mg.gov.br/siam/legislacao/consulta_portarias.jsp?num=0700167/2018","resumo":"03 - CAPTAÇÃO EM BARRAMENTO EM CURSO DE ÁGUA, C/ REGULARIZAÇÃO DE VAZÃO (ÁREA MÁX MENOR OU IGUAL 5,00 HA)","aprox":true}},{"type":"Feature","geometry":{"type":"Point","coordinates":[-43.94,-19.92]},"properties":{"id":"IGAM (MG):1900168/2018","orgao":"IGAM (MG)","uf":"MG","ano":2018,"categoria":"outorga","tipo":"08 - CAPTAÇÃO DE ÁGUA SUBTERRÂNEA POR MEIO DE POÇO TUBULAR JÁ EXISTENTE","empresa":"FAZ.******","municipio":null,"processo":"1900168/2018","link_oficial":"http://www.siam.mg.gov.br/siam/legislacao/consulta_portarias.jsp?num=1900168/2018","resumo":"08 - CAPTAÇÃO DE ÁGUA SUBTERRÂNEA POR MEIO DE POÇO TUBULAR JÁ EXISTENTE","aprox":true}},{"type":"Feature","geometry":{"type":"Point","coordinates":[-43.94,-19.92]},"properties":{"id":"IGAM (MG):0700169/2018","orgao":"IGAM (MG)","uf":"MG","ano":2018,"categoria":"outorga","tipo":"03 - CAPTAÇÃO EM BARRAMENTO EM CURSO DE ÁGUA, C/ REGULARIZAÇÃO DE VAZÃO (ÁREA MÁ","empresa":"Fazenda******","municipio":null,"processo":"0700169/2018","link_oficial":"http://www.siam.mg.gov.br/siam/legislacao/consulta_portarias.jsp?num=0700169/2018","resumo":"03 - CAPTAÇÃO EM BARRAMENTO EM CURSO DE ÁGUA, C/ REGULARIZAÇÃO DE VAZÃO (ÁREA MÁX MENOR OU IGUAL 5,00 HA)","aprox":true}},{"type":"Feature","geometry":{"type":"Point","coordinates":[-43.94,-19.92]},"properties":{"id":"IGAM (MG):1900170/2018","orgao":"IGAM (MG)","uf":"MG","ano":2018,"categoria":"outorga","tipo":"08 - CAPTAÇÃO DE ÁGUA SUBTERRÂNEA POR MEIO DE POÇO TUBULAR JÁ EXISTENTE","empresa":"FAZ******","municipio":null,"processo":"1900170/2018","link_oficial":"http://www.siam.mg.gov.br/siam/legislacao/consulta_portarias.jsp?num=1900170/2018","resumo":"08 - CAPTAÇÃO DE ÁGUA SUBTERRÂNEA POR MEIO DE POÇO TUBULAR JÁ EXISTENTE","aprox":true}},{"type":"Feature","geometry":{"type":"Point","coordinates":[-43.94,-19.92]},"properties":{"id":"IGAM (MG):1900171/2018","orgao":"IGAM (MG)","uf":"MG","ano":2018,"categoria":"outorga","tipo":"08 - CAPTAÇÃO DE ÁGUA SUBTERRÂNEA POR MEIO DE POÇO TUBULAR JÁ EXISTENTE","empresa":"FAZENDA******","municipio":null,"processo":"1900171/2018","link_oficial":"http://www.siam.mg.gov.br/siam/legislacao/consulta_portarias.jsp?num=1900171/2018","resumo":"08 - CAPTAÇÃO DE ÁGUA SUBTERRÂNEA POR MEIO DE POÇO TUBULAR JÁ EXISTENTE","aprox":true}},{"type":"Feature","geometry":{"type":"Point","coordinates":[-43.94,-19.92]},"properties":{"id":"IGAM (MG):1400172/2018","orgao":"IGAM (MG)","uf":"MG","ano":2018,"categoria":"outorga","tipo":"08 - CAPTAÇÃO DE ÁGUA SUBTERRÂNEA POR MEIO DE POÇO TUBULAR JÁ EXISTENTE","empresa":"Ana******","municipio":null,"processo":"1400172/2018","link_oficial":"http://www.siam.mg.gov.br/siam/legislacao/consulta_portarias.jsp?num=1400172/2018","resumo":"08 - CAPTAÇÃO DE ÁGUA SUBTERRÂNEA POR MEIO DE POÇO TUBULAR JÁ EXISTENTE","aprox":true}},{"type":"Feature","geometry":{"type":"Point","coordinates":[-43.94,-19.92]},"properties":{"id":"IGAM (MG):0700173/2018","orgao":"IGAM (MG)","uf":"MG","ano":2018,"categoria":"outorga","tipo":"03 - CAPTAÇÃO EM BARRAMENTO EM CURSO DE ÁGUA, C/ REGULARIZAÇÃO DE VAZÃO (ÁREA MÁ","empresa":"Fazenda******","municipio":null,"processo":"0700173/2018","link_oficial":"http://www.siam.mg.gov.br/siam/legislacao/consulta_portarias.jsp?num=0700173/2018","resumo":"03 - CAPTAÇÃO EM BARRAMENTO EM CURSO DE ÁGUA, C/ REGULARIZAÇÃO DE VAZÃO (ÁREA MÁX MENOR OU IGUAL 5,00 HA)","aprox":true}},{"type":"Feature","geometry":{"type":"Point","coordinates":[-43.94,-19.92]},"properties":{"id":"IGAM (MG):0700174/2018","orgao":"IGAM (MG)","uf":"MG","ano":2018,"categoria":"outorga","tipo":"03 - CAPTAÇÃO EM BARRAMENTO EM CURSO DE ÁGUA, C/ REGULARIZAÇÃO DE VAZÃO (ÁREA MÁ","empresa":"Fazenda******","municipio":null,"processo":"0700174/2018","link_oficial":"http://www.siam.mg.gov.br/siam/legislacao/consulta_portarias.jsp?num=0700174/2018","resumo":"03 - CAPTAÇÃO EM BARRAMENTO EM CURSO DE ÁGUA, C/ REGULARIZAÇÃO DE VAZÃO (ÁREA MÁX MENOR OU IGUAL 5,00 HA)","aprox":true}},{"type":"Feature","geometry":{"type":"Point","coordinates":[-43.94,-19.92]},"properties":{"id":"IGAM (MG):0700175/2018","orgao":"IGAM (MG)","uf":"MG","ano":2018,"categoria":"outorga","tipo":"04 - CAPTAÇÃO EM BARRAMENTO EM CURSO DE ÁGUA, COM REGULARIZAÇÃO DE VAZÃO (ÁREA M","empresa":"Fazenda******","municipio":null,"processo":"0700175/2018","link_oficial":"http://www.siam.mg.gov.br/siam/legislacao/consulta_portarias.jsp?num=0700175/2018","resumo":"04 - CAPTAÇÃO EM BARRAMENTO EM CURSO DE ÁGUA, COM REGULARIZAÇÃO DE VAZÃO (ÁREA MÁX MAIOR 5,00 HA)","aprox":true}},{"type":"Feature","geometry":{"type":"Point","coordinates":[-43.94,-19.92]},"properties":{"id":"IGAM (MG):1400176/2018","orgao":"IGAM (MG)","uf":"MG","ano":2018,"categoria":"outorga","tipo":"01 - CAPTAÇÃO EM CORPO DE ÁGUA (RIOS, LAGOAS NATURAIS ETC)","empresa":"Florisvaldo******","municipio":null,"processo":"1400176/2018","link_oficial":"http://www.siam.mg.gov.br/siam/legislacao/consulta_portarias.jsp?num=1400176/2018","resumo":"01 - CAPTAÇÃO EM CORPO DE ÁGUA (RIOS, LAGOAS NATURAIS ETC)","aprox":true}},{"type":"Feature","geometry":{"type":"Point","coordinates":[-43.94,-19.92]},"properties":{"id":"IGAM (MG):0700177/2018","orgao":"IGAM (MG)","uf":"MG","ano":2018,"categoria":"outorga","tipo":"04 - CAPTAÇÃO EM BARRAMENTO EM CURSO DE ÁGUA, COM REGULARIZAÇÃO DE VAZÃO (ÁREA M","empresa":"Fazenda******","municipio":null,"processo":"0700177/2018","link_oficial":"http://www.siam.mg.gov.br/siam/legislacao/consulta_portarias.jsp?num=0700177/2018","resumo":"04 - CAPTAÇÃO EM BARRAMENTO EM CURSO DE ÁGUA, COM REGULARIZAÇÃO DE VAZÃO (ÁREA MÁX MAIOR 5,00 HA)","aprox":true}},{"type":"Feature","geometry":{"type":"Point","coordinates":[-43.94,-19.92]},"properties":{"id":"IGAM (MG):0700178/2018","orgao":"IGAM (MG)","uf":"MG","ano":2018,"categoria":"outorga","tipo":"05 - BARRAMENTO EM CURSO DE ÁGUA, SEM CAPTAÇÃO","empresa":"Fazenda******","municipio":null,"processo":"0700178/2018","link_oficial":"http://www.siam.mg.gov.br/siam/legislacao/consulta_portarias.jsp?num=0700178/2018","resumo":"05 - BARRAMENTO EM CURSO DE ÁGUA, SEM CAPTAÇÃO","aprox":true}},{"type":"Feature","geometry":{"type":"Point","coordinates":[-43.94,-19.92]},"properties":{"id":"IGAM (MG):1800179/2018","orgao":"IGAM (MG)","uf":"MG","ano":2018,"categoria":"outorga","tipo":"02 - CAPTAÇÃO EM BARRAMENTO EM CURSO DE ÁGUA, SEM REGULARIZAÇÃO DE VAZÃO","empresa":"Francisco******","municipio":null,"processo":"1800179/2018","link_oficial":"http://www.siam.mg.gov.br/siam/legislacao/consulta_portarias.jsp?num=1800179/2018","resumo":"02 - CAPTAÇÃO EM BARRAMENTO EM CURSO DE ÁGUA, SEM REGULARIZAÇÃO DE VAZÃO","aprox":true}},{"type":"Feature","geometry":{"type":"Point","coordinates":[-43.94,-19.92]},"properties":{"id":"IGAM (MG):1800180/2018","orgao":"IGAM (MG)","uf":"MG","ano":2018,"categoria":"outorga","tipo":"02 - CAPTAÇÃO EM BARRAMENTO EM CURSO DE ÁGUA, SEM REGULARIZAÇÃO DE VAZÃO","empresa":"Marita******","municipio":null,"processo":"1800180/2018","link_oficial":"http://www.siam.mg.gov.br/siam/legislacao/consulta_portarias.jsp?num=1800180/2018","resumo":"02 - CAPTAÇÃO EM BARRAMENTO EM CURSO DE ÁGUA, SEM REGULARIZAÇÃO DE VAZÃO","aprox":true}},{"type":"Feature","geometry":{"type":"Point","coordinates":[-43.94,-19.92]},"properties":{"id":"IGAM (MG):1900181/2018","orgao":"IGAM (MG)","uf":"MG","ano":2018,"categoria":"outorga","tipo":"08 - CAPTAÇÃO DE ÁGUA SUBTERRÂNEA POR MEIO DE POÇO TUBULAR JÁ EXISTENTE","empresa":"FAZENDA******","municipio":null,"processo":"1900181/2018","link_oficial":"http://www.siam.mg.gov.br/siam/legislacao/consulta_portarias.jsp?num=1900181/2018","resumo":"08 - CAPTAÇÃO DE ÁGUA SUBTERRÂNEA POR MEIO DE POÇO TUBULAR JÁ EXISTENTE","aprox":true}},{"type":"Feature","geometry":{"type":"Point","coordinates":[-43.94,-19.92]},"properties":{"id":"IGAM (MG):0700182/2018","orgao":"IGAM (MG)","uf":"MG","ano":2018,"categoria":"outorga","tipo":"04 - CAPTAÇÃO EM BARRAMENTO EM CURSO DE ÁGUA, COM REGULARIZAÇÃO DE VAZÃO (ÁREA M","empresa":"Fazenda******","municipio":null,"processo":"0700182/2018","link_oficial":"http://www.siam.mg.gov.br/siam/legislacao/consulta_portarias.jsp?num=0700182/2018","resumo":"04 - CAPTAÇÃO EM BARRAMENTO EM CURSO DE ÁGUA, COM REGULARIZAÇÃO DE VAZÃO (ÁREA MÁX MAIOR 5,00 HA)","aprox":true}},{"type":"Feature","geometry":{"type":"Point","coordinates":[-43.94,-19.92]},"properties":{"id":"IGAM (MG):1800183/2018","orgao":"IGAM (MG)","uf":"MG","ano":2018,"categoria":"outorga","tipo":"02 - CAPTAÇÃO EM BARRAMENTO EM CURSO DE ÁGUA, SEM REGULARIZAÇÃO DE VAZÃO","empresa":"Wander******","municipio":null,"processo":"1800183/2018","link_oficial":"http://www.siam.mg.gov.br/siam/legislacao/consulta_portarias.jsp?num=1800183/2018","resumo":"02 - CAPTAÇÃO EM BARRAMENTO EM CURSO DE ÁGUA, SEM REGULARIZAÇÃO DE VAZÃO","aprox":true}},{"type":"Feature","geometry":{"type":"Point","coordinates":[-43.94,-19.92]},"properties":{"id":"IGAM (MG):1900184/2018","orgao":"IGAM (MG)","uf":"MG","ano":2018,"categoria":"outorga","tipo":"08 - CAPTAÇÃO DE ÁGUA SUBTERRÂNEA POR MEIO DE POÇO TUBULAR JÁ EXISTENTE","empresa":"FAZENDA******","municipio":null,"processo":"1900184/2018","link_oficial":"http://www.siam.mg.gov.br/siam/legislacao/consulta_portarias.jsp?num=1900184/2018","resumo":"08 - CAPTAÇÃO DE ÁGUA SUBTERRÂNEA POR MEIO DE POÇO TUBULAR JÁ EXISTENTE","aprox":true}},{"type":"Feature","geometry":{"type":"Point","coordinates":[-43.94,-19.92]},"properties":{"id":"IGAM (MG):1800185/2018","orgao":"IGAM (MG)","uf":"MG","ano":2018,"categoria":"outorga","tipo":"03 - CAPTAÇÃO EM BARRAMENTO EM CURSO DE ÁGUA, C/ REGULARIZAÇÃO DE VAZÃO (ÁREA MÁ","empresa":"João******","municipio":null,"processo":"1800185/2018","link_oficial":"http://www.siam.mg.gov.br/siam/legislacao/consulta_portarias.jsp?num=1800185/2018","resumo":"03 - CAPTAÇÃO EM BARRAMENTO EM CURSO DE ÁGUA, C/ REGULARIZAÇÃO DE VAZÃO (ÁREA MÁX MENOR OU IGUAL 5,00 HA)","aprox":true}},{"type":"Feature","geometry":{"type":"Point","coordinates":[-43.94,-19.92]},"properties":{"id":"IGAM (MG):0700186/2018","orgao":"IGAM (MG)","uf":"MG","ano":2018,"categoria":"outorga","tipo":"02 - CAPTAÇÃO EM BARRAMENTO EM CURSO DE ÁGUA, SEM REGULARIZAÇÃO DE VAZÃO","empresa":"Fazenda******","municipio":null,"processo":"0700186/2018","link_oficial":"http://www.siam.mg.gov.br/siam/legislacao/consulta_portarias.jsp?num=0700186/2018","resumo":"02 - CAPTAÇÃO EM BARRAMENTO EM CURSO DE ÁGUA, SEM REGULARIZAÇÃO DE VAZÃO","aprox":true}},{"type":"Feature","geometry":{"type":"Point","coordinates":[-43.94,-19.92]},"properties":{"id":"IGAM (MG):1400187/2018","orgao":"IGAM (MG)","uf":"MG","ano":2018,"categoria":"outorga","tipo":"01 - CAPTAÇÃO EM CORPO DE ÁGUA (RIOS, LAGOAS NATURAIS ETC)","empresa":"Adair******","municipio":null,"processo":"1400187/2018","link_oficial":"http://www.siam.mg.gov.br/siam/legislacao/consulta_portarias.jsp?num=1400187/2018","resumo":"01 - CAPTAÇÃO EM CORPO DE ÁGUA (RIOS, LAGOAS NATURAIS ETC)","aprox":true}},{"type":"Feature","geometry":{"type":"Point","coordinates":[-43.94,-19.92]},"properties":{"id":"IGAM (MG):1800188/2018","orgao":"IGAM (MG)","uf":"MG","ano":2018,"categoria":"outorga","tipo":"03 - CAPTAÇÃO EM BARRAMENTO EM CURSO DE ÁGUA, C/ REGULARIZAÇÃO DE VAZÃO (ÁREA MÁ","empresa":"Pedro******","municipio":null,"processo":"1800188/2018","link_oficial":"http://www.siam.mg.gov.br/siam/legislacao/consulta_portarias.jsp?num=1800188/2018","resumo":"03 - CAPTAÇÃO EM BARRAMENTO EM CURSO DE ÁGUA, C/ REGULARIZAÇÃO DE VAZÃO (ÁREA MÁX MENOR OU IGUAL 5,00 HA)","aprox":true}},{"type":"Feature","geometry":{"type":"Point","coordinates":[-43.94,-19.92]},"properties":{"id":"IGAM (MG):1900189/2018","orgao":"IGAM (MG)","uf":"MG","ano":2018,"categoria":"outorga","tipo":"08 - CAPTAÇÃO DE ÁGUA SUBTERRÂNEA POR MEIO DE POÇO TUBULAR JÁ EXISTENTE","empresa":"MARCELO******","municipio":null,"processo":"1900189/2018","link_oficial":"http://www.siam.mg.gov.br/siam/legislacao/consulta_portarias.jsp?num=1900189/2018","resumo":"08 - CAPTAÇÃO DE ÁGUA SUBTERRÂNEA POR MEIO DE POÇO TUBULAR JÁ EXISTENTE","aprox":true}},{"type":"Feature","geometry":{"type":"Point","coordinates":[-43.94,-19.92]},"properties":{"id":"IGAM (MG):1800190/2018","orgao":"IGAM (MG)","uf":"MG","ano":2018,"categoria":"outorga","tipo":"03 - CAPTAÇÃO EM BARRAMENTO EM CURSO DE ÁGUA, C/ REGULARIZAÇÃO DE VAZÃO (ÁREA MÁ","empresa":"Januário******","municipio":null,"processo":"1800190/2018","link_oficial":"http://www.siam.mg.gov.br/siam/legislacao/consulta_portarias.jsp?num=1800190/2018","resumo":"03 - CAPTAÇÃO EM BARRAMENTO EM CURSO DE ÁGUA, C/ REGULARIZAÇÃO DE VAZÃO (ÁREA MÁX MENOR OU IGUAL 5,00 HA)","aprox":true}},{"type":"Feature","geometry":{"type":"Point","coordinates":[-43.94,-19.92]},"properties":{"id":"IGAM (MG):1800191/2018","orgao":"IGAM (MG)","uf":"MG","ano":2018,"categoria":"outorga","tipo":"05 - BARRAMENTO EM CURSO DE ÁGUA, SEM CAPTAÇÃO","empresa":"Luiz******","municipio":null,"processo":"1800191/2018","link_oficial":"http://www.siam.mg.gov.br/siam/legislacao/consulta_portarias.jsp?num=1800191/2018","resumo":"05 - BARRAMENTO EM CURSO DE ÁGUA, SEM CAPTAÇÃO","aprox":true}},{"type":"Feature","geometry":{"type":"Point","coordinates":[-43.94,-19.92]},"properties":{"id":"IGAM (MG):0700192/2018","orgao":"IGAM (MG)","uf":"MG","ano":2018,"categoria":"outorga","tipo":"05 - BARRAMENTO EM CURSO DE ÁGUA, SEM CAPTAÇÃO","empresa":"Fazenda******","municipio":null,"processo":"0700192/2018","link_oficial":"http://www.siam.mg.gov.br/siam/legislacao/consulta_portarias.jsp?num=0700192/2018","resumo":"05 - BARRAMENTO EM CURSO DE ÁGUA, SEM CAPTAÇÃO","aprox":true}},{"type":"Feature","geometry":{"type":"Point","coordinates":[-43.94,-19.92]},"properties":{"id":"IGAM (MG):1400193/2018","orgao":"IGAM (MG)","uf":"MG","ano":2018,"categoria":"outorga","tipo":"01 - CAPTAÇÃO EM CORPO DE ÁGUA (RIOS, LAGOAS NATURAIS ETC)","empresa":"Deniz******","municipio":null,"processo":"1400193/2018","link_oficial":"http://www.siam.mg.gov.br/siam/legislacao/consulta_portarias.jsp?num=1400193/2018","resumo":"01 - CAPTAÇÃO EM CORPO DE ÁGUA (RIOS, LAGOAS NATURAIS ETC)","aprox":true}},{"type":"Feature","geometry":{"type":"Point","coordinates":[-43.94,-19.92]},"properties":{"id":"IGAM (MG):0700194/2018","orgao":"IGAM (MG)","uf":"MG","ano":2018,"categoria":"outorga","tipo":"05 - BARRAMENTO EM CURSO DE ÁGUA, SEM CAPTAÇÃO","empresa":"Fazenda******","municipio":null,"processo":"0700194/2018","link_oficial":"http://www.siam.mg.gov.br/siam/legislacao/consulta_portarias.jsp?num=0700194/2018","resumo":"05 - BARRAMENTO EM CURSO DE ÁGUA, SEM CAPTAÇÃO","aprox":true}},{"type":"Feature","geometry":{"type":"Point","coordinates":[-43.94,-19.92]},"properties":{"id":"IGAM (MG):1900195/2018","orgao":"IGAM (MG)","uf":"MG","ano":2018,"categoria":"outorga","tipo":"08 - CAPTAÇÃO DE ÁGUA SUBTERRÂNEA POR MEIO DE POÇO TUBULAR JÁ EXISTENTE","empresa":"Marilucia******","municipio":null,"processo":"1900195/2018","link_oficial":"http://www.siam.mg.gov.br/siam/legislacao/consulta_portarias.jsp?num=1900195/2018","resumo":"08 - CAPTAÇÃO DE ÁGUA SUBTERRÂNEA POR MEIO DE POÇO TUBULAR JÁ EXISTENTE","aprox":true}},{"type":"Feature","geometry":{"type":"Point","coordinates":[-43.94,-19.92]},"properties":{"id":"IGAM (MG):1900196/2018","orgao":"IGAM (MG)","uf":"MG","ano":2018,"categoria":"outorga","tipo":"08 - CAPTAÇÃO DE ÁGUA SUBTERRÂNEA POR MEIO DE POÇO TUBULAR JÁ EXISTENTE","empresa":"FAZENDA******","municipio":null,"processo":"1900196/2018","link_oficial":"http://www.siam.mg.gov.br/siam/legislacao/consulta_portarias.jsp?num=1900196/2018","resumo":"08 - CAPTAÇÃO DE ÁGUA SUBTERRÂNEA POR MEIO DE POÇO TUBULAR JÁ EXISTENTE","aprox":true}},{"type":"Feature","geometry":{"type":"Point","coordinates":[-43.94,-19.92]},"properties":{"id":"IGAM (MG):1900197/2018","orgao":"IGAM (MG)","uf":"MG","ano":2018,"categoria":"outorga","tipo":"08 - CAPTAÇÃO DE ÁGUA SUBTERRÂNEA POR MEIO DE POÇO TUBULAR JÁ EXISTENTE","empresa":"FAZENDA******","municipio":null,"processo":"1900197/2018","link_oficial":"http://www.siam.mg.gov.br/siam/legislacao/consulta_portarias.jsp?num=1900197/2018","resumo":"08 - CAPTAÇÃO DE ÁGUA SUBTERRÂNEA POR MEIO DE POÇO TUBULAR JÁ EXISTENTE","aprox":true}},{"type":"Feature","geometry":{"type":"Point","coordinates":[-43.94,-19.92]},"properties":{"id":"IGAM (MG):1800198/2018","orgao":"IGAM (MG)","uf":"MG","ano":2018,"categoria":"outorga","tipo":"01 - CAPTAÇÃO EM CORPO DE ÁGUA (RIOS, LAGOAS NATURAIS ETC)","empresa":"Companhia******","municipio":null,"processo":"1800198/2018","link_oficial":"http://www.siam.mg.gov.br/siam/legislacao/consulta_portarias.jsp?num=1800198/2018","resumo":"01 - CAPTAÇÃO EM CORPO DE ÁGUA (RIOS, LAGOAS NATURAIS ETC)","aprox":true}},{"type":"Feature","geometry":{"type":"Point","coordinates":[-43.94,-19.92]},"properties":{"id":"IGAM (MG):0700199/2018","orgao":"IGAM (MG)","uf":"MG","ano":2018,"categoria":"outorga","tipo":"05 - BARRAMENTO EM CURSO DE ÁGUA, SEM CAPTAÇÃO","empresa":"Fazendas******","municipio":null,"processo":"0700199/2018","link_oficial":"http://www.siam.mg.gov.br/siam/legislacao/consulta_portarias.jsp?num=0700199/2018","resumo":"05 - BARRAMENTO EM CURSO DE ÁGUA, SEM CAPTAÇÃO","aprox":true}},{"type":"Feature","geometry":{"type":"Point","coordinates":[-43.94,-19.92]},"properties":{"id":"IGAM (MG):1800200/2018","orgao":"IGAM (MG)","uf":"MG","ano":2018,"categoria":"outorga","tipo":"01 - CAPTAÇÃO EM CORPO DE ÁGUA (RIOS, LAGOAS NATURAIS ETC)","empresa":"Kleber******","municipio":null,"processo":"1800200/2018","link_oficial":"http://www.siam.mg.gov.br/siam/legislacao/consulta_portarias.jsp?num=1800200/2018","resumo":"01 - CAPTAÇÃO EM CORPO DE ÁGUA (RIOS, LAGOAS NATURAIS ETC)","aprox":true}},{"type":"Feature","geometry":{"type":"Point","coordinates":[-43.94,-19.92]},"properties":{"id":"IGAM (MG):0700201/2018","orgao":"IGAM (MG)","uf":"MG","ano":2018,"categoria":"outorga","tipo":"05 - BARRAMENTO EM CURSO DE ÁGUA, SEM CAPTAÇÃO","empresa":"Fazendas******","municipio":null,"processo":"0700201/2018","link_oficial":"http://www.siam.mg.gov.br/siam/legislacao/consulta_portarias.jsp?num=0700201/2018","resumo":"05 - BARRAMENTO EM CURSO DE ÁGUA, SEM CAPTAÇÃO","aprox":true}},{"type":"Feature","geometry":{"type":"Point","coordinates":[-43.94,-19.92]},"properties":{"id":"IGAM (MG):1800202/2018","orgao":"IGAM (MG)","uf":"MG","ano":2018,"categoria":"outorga","tipo":"01 - CAPTAÇÃO EM CORPO DE ÁGUA (RIOS, LAGOAS NATURAIS ETC)","empresa":"Deny******","municipio":null,"processo":"1800202/2018","link_oficial":"http://www.siam.mg.gov.br/siam/legislacao/consulta_portarias.jsp?num=1800202/2018","resumo":"01 - CAPTAÇÃO EM CORPO DE ÁGUA (RIOS, LAGOAS NATURAIS ETC)","aprox":true}},{"type":"Feature","geometry":{"type":"Point","coordinates":[-43.94,-19.92]},"properties":{"id":"IGAM (MG):1800203/2018","orgao":"IGAM (MG)","uf":"MG","ano":2018,"categoria":"outorga","tipo":"01 - CAPTAÇÃO EM CORPO DE ÁGUA (RIOS, LAGOAS NATURAIS ETC)","empresa":"Ciro******","municipio":null,"processo":"1800203/2018","link_oficial":"http://www.siam.mg.gov.br/siam/legislacao/consulta_portarias.jsp?num=1800203/2018","resumo":"01 - CAPTAÇÃO EM CORPO DE ÁGUA (RIOS, LAGOAS NATURAIS ETC)","aprox":true}},{"type":"Feature","geometry":{"type":"Point","coordinates":[-43.94,-19.92]},"properties":{"id":"IGAM (MG):0700204/2018","orgao":"IGAM (MG)","uf":"MG","ano":2018,"categoria":"outorga","tipo":"05 - BARRAMENTO EM CURSO DE ÁGUA, SEM CAPTAÇÃO","empresa":"Fazenda******","municipio":null,"processo":"0700204/2018","link_oficial":"http://www.siam.mg.gov.br/siam/legislacao/consulta_portarias.jsp?num=0700204/2018","resumo":"05 - BARRAMENTO EM CURSO DE ÁGUA, SEM CAPTAÇÃO","aprox":true}},{"type":"Feature","geometry":{"type":"Point","coordinates":[-43.94,-19.92]},"properties":{"id":"IGAM (MG):1800205/2018","orgao":"IGAM (MG)","uf":"MG","ano":2018,"categoria":"outorga","tipo":"01 - CAPTAÇÃO EM CORPO DE ÁGUA (RIOS, LAGOAS NATURAIS ETC)","empresa":"Carlos******","municipio":null,"processo":"1800205/2018","link_oficial":"http://www.siam.mg.gov.br/siam/legislacao/consulta_portarias.jsp?num=1800205/2018","resumo":"01 - CAPTAÇÃO EM CORPO DE ÁGUA (RIOS, LAGOAS NATURAIS ETC)","aprox":true}},{"type":"Feature","geometry":{"type":"Point","coordinates":[-43.94,-19.92]},"properties":{"id":"IGAM (MG):0700206/2018","orgao":"IGAM (MG)","uf":"MG","ano":2018,"categoria":"outorga","tipo":"05 - BARRAMENTO EM CURSO DE ÁGUA, SEM CAPTAÇÃO","empresa":"Fazenda******","municipio":null,"processo":"0700206/2018","link_oficial":"http://www.siam.mg.gov.br/siam/legislacao/consulta_portarias.jsp?num=0700206/2018","resumo":"05 - BARRAMENTO EM CURSO DE ÁGUA, SEM CAPTAÇÃO","aprox":true}},{"type":"Feature","geometry":{"type":"Point","coordinates":[-43.94,-19.92]},"properties":{"id":"IGAM (MG):1900207/2018","orgao":"IGAM (MG)","uf":"MG","ano":2018,"categoria":"outorga","tipo":"16 - TRAVESSIA RODO-FERROVIÁRIA (PONTES E BUEIROS)","empresa":"CONCEBRA******","municipio":null,"processo":"1900207/2018","link_oficial":"http://www.siam.mg.gov.br/siam/legislacao/consulta_portarias.jsp?num=1900207/2018","resumo":"16 - TRAVESSIA RODO-FERROVIÁRIA (PONTES E BUEIROS)","aprox":true}},{"type":"Feature","geometry":{"type":"Point","coordinates":[-43.94,-19.92]},"properties":{"id":"IGAM (MG):1800208/2018","orgao":"IGAM (MG)","uf":"MG","ano":2018,"categoria":"outorga","tipo":"01 - CAPTAÇÃO EM CORPO DE ÁGUA (RIOS, LAGOAS NATURAIS ETC)","empresa":"Antônio******","municipio":null,"processo":"1800208/2018","link_oficial":"http://www.siam.mg.gov.br/siam/legislacao/consulta_portarias.jsp?num=1800208/2018","resumo":"01 - CAPTAÇÃO EM CORPO DE ÁGUA (RIOS, LAGOAS NATURAIS ETC)","aprox":true}},{"type":"Feature","geometry":{"type":"Point","coordinates":[-43.94,-19.92]},"properties":{"id":"IGAM (MG):1800209/2018","orgao":"IGAM (MG)","uf":"MG","ano":2018,"categoria":"outorga","tipo":"01 - CAPTAÇÃO EM CORPO DE ÁGUA (RIOS, LAGOAS NATURAIS ETC)","empresa":"Felipe******","municipio":null,"processo":"1800209/2018","link_oficial":"http://www.siam.mg.gov.br/siam/legislacao/consulta_portarias.jsp?num=1800209/2018","resumo":"01 - CAPTAÇÃO EM CORPO DE ÁGUA (RIOS, LAGOAS NATURAIS ETC)","aprox":true}},{"type":"Feature","geometry":{"type":"Point","coordinates":[-43.94,-19.92]},"properties":{"id":"IGAM (MG):1800210/2018","orgao":"IGAM (MG)","uf":"MG","ano":2018,"categoria":"outorga","tipo":"01 - CAPTAÇÃO EM CORPO DE ÁGUA (RIOS, LAGOAS NATURAIS ETC)","empresa":"Antônio******","municipio":null,"processo":"1800210/2018","link_oficial":"http://www.siam.mg.gov.br/siam/legislacao/consulta_portarias.jsp?num=1800210/2018","resumo":"01 - CAPTAÇÃO EM CORPO DE ÁGUA (RIOS, LAGOAS NATURAIS ETC)","aprox":true}},{"type":"Feature","geometry":{"type":"Point","coordinates":[-43.94,-19.92]},"properties":{"id":"IGAM (MG):1800211/2018","orgao":"IGAM (MG)","uf":"MG","ano":2018,"categoria":"outorga","tipo":"01 - CAPTAÇÃO EM CORPO DE ÁGUA (RIOS, LAGOAS NATURAIS ETC)","empresa":"Marcelo******","municipio":null,"processo":"1800211/2018","link_oficial":"http://www.siam.mg.gov.br/siam/legislacao/consulta_portarias.jsp?num=1800211/2018","resumo":"01 - CAPTAÇÃO EM CORPO DE ÁGUA (RIOS, LAGOAS NATURAIS ETC)","aprox":true}},{"type":"Feature","geometry":{"type":"Point","coordinates":[-43.94,-19.92]},"properties":{"id":"IGAM (MG):0700212/2018","orgao":"IGAM (MG)","uf":"MG","ano":2018,"categoria":"outorga","tipo":"03 - CAPTAÇÃO EM BARRAMENTO EM CURSO DE ÁGUA, C/ REGULARIZAÇÃO DE VAZÃO (ÁREA MÁ","empresa":"Fazenda******","municipio":null,"processo":"0700212/2018","link_oficial":"http://www.siam.mg.gov.br/siam/legislacao/consulta_portarias.jsp?num=0700212/2018","resumo":"03 - CAPTAÇÃO EM BARRAMENTO EM CURSO DE ÁGUA, C/ REGULARIZAÇÃO DE VAZÃO (ÁREA MÁX MENOR OU IGUAL 5,00 HA)","aprox":true}},{"type":"Feature","geometry":{"type":"Point","coordinates":[-43.94,-19.92]},"properties":{"id":"IGAM (MG):1800213/2018","orgao":"IGAM (MG)","uf":"MG","ano":2018,"categoria":"outorga","tipo":"01 - CAPTAÇÃO EM CORPO DE ÁGUA (RIOS, LAGOAS NATURAIS ETC)","empresa":"Nilton******","municipio":null,"processo":"1800213/2018","link_oficial":"http://www.siam.mg.gov.br/siam/legislacao/consulta_portarias.jsp?num=1800213/2018","resumo":"01 - CAPTAÇÃO EM CORPO DE ÁGUA (RIOS, LAGOAS NATURAIS ETC)","aprox":true}},{"type":"Feature","geometry":{"type":"Point","coordinates":[-43.94,-19.92]},"properties":{"id":"IGAM (MG):1800214/2018","orgao":"IGAM (MG)","uf":"MG","ano":2018,"categoria":"outorga","tipo":"13 - DRAGAGEM, LIMPEZA OU DESASSOREAMENTO DE CURSO DE ÁGUA","empresa":"João******","municipio":null,"processo":"1800214/2018","link_oficial":"http://www.siam.mg.gov.br/siam/legislacao/consulta_portarias.jsp?num=1800214/2018","resumo":"13 - DRAGAGEM, LIMPEZA OU DESASSOREAMENTO DE CURSO DE ÁGUA","aprox":true}},{"type":"Feature","geometry":{"type":"Point","coordinates":[-43.94,-19.92]},"properties":{"id":"IGAM (MG):0700215/2018","orgao":"IGAM (MG)","uf":"MG","ano":2018,"categoria":"outorga","tipo":"04 - CAPTAÇÃO EM BARRAMENTO EM CURSO DE ÁGUA, COM REGULARIZAÇÃO DE VAZÃO (ÁREA M","empresa":"Fazenda******","municipio":null,"processo":"0700215/2018","link_oficial":"http://www.siam.mg.gov.br/siam/legislacao/consulta_portarias.jsp?num=0700215/2018","resumo":"04 - CAPTAÇÃO EM BARRAMENTO EM CURSO DE ÁGUA, COM REGULARIZAÇÃO DE VAZÃO (ÁREA MÁX MAIOR 5,00 HA)","aprox":true}},{"type":"Feature","geometry":{"type":"Point","coordinates":[-43.94,-19.92]},"properties":{"id":"IGAM (MG):1800216/2018","orgao":"IGAM (MG)","uf":"MG","ano":2018,"categoria":"outorga","tipo":"16 - TRAVESSIA RODO-FERROVIÁRIA (PONTES E BUEIROS)","empresa":"C******","municipio":null,"processo":"1800216/2018","link_oficial":"http://www.siam.mg.gov.br/siam/legislacao/consulta_portarias.jsp?num=1800216/2018","resumo":"16 - TRAVESSIA RODO-FERROVIÁRIA (PONTES E BUEIROS)","aprox":true}},{"type":"Feature","geometry":{"type":"Point","coordinates":[-43.94,-19.92]},"properties":{"id":"IGAM (MG):1400217/2018","orgao":"IGAM (MG)","uf":"MG","ano":2018,"categoria":"outorga","tipo":"01 - CAPTAÇÃO EM CORPO DE ÁGUA (RIOS, LAGOAS NATURAIS ETC)","empresa":"Pedro******","municipio":null,"processo":"1400217/2018","link_oficial":"http://www.siam.mg.gov.br/siam/legislacao/consulta_portarias.jsp?num=1400217/2018","resumo":"01 - CAPTAÇÃO EM CORPO DE ÁGUA (RIOS, LAGOAS NATURAIS ETC)","aprox":true}},{"type":"Feature","geometry":{"type":"Point","coordinates":[-43.94,-19.92]},"properties":{"id":"IGAM (MG):0700218/2018","orgao":"IGAM (MG)","uf":"MG","ano":2018,"categoria":"outorga","tipo":"04 - CAPTAÇÃO EM BARRAMENTO EM CURSO DE ÁGUA, COM REGULARIZAÇÃO DE VAZÃO (ÁREA M","empresa":"Fazenda******","municipio":null,"processo":"0700218/2018","link_oficial":"http://www.siam.mg.gov.br/siam/legislacao/consulta_portarias.jsp?num=0700218/2018","resumo":"04 - CAPTAÇÃO EM BARRAMENTO EM CURSO DE ÁGUA, COM REGULARIZAÇÃO DE VAZÃO (ÁREA MÁX MAIOR 5,00 HA)","aprox":true}},{"type":"Feature","geometry":{"type":"Point","coordinates":[-43.94,-19.92]},"properties":{"id":"IGAM (MG):0700219/2018","orgao":"IGAM (MG)","uf":"MG","ano":2018,"categoria":"outorga","tipo":"03 - CAPTAÇÃO EM BARRAMENTO EM CURSO DE ÁGUA, C/ REGULARIZAÇÃO DE VAZÃO (ÁREA MÁ","empresa":"Fazenda******","municipio":null,"processo":"0700219/2018","link_oficial":"http://www.siam.mg.gov.br/siam/legislacao/consulta_portarias.jsp?num=0700219/2018","resumo":"03 - CAPTAÇÃO EM BARRAMENTO EM CURSO DE ÁGUA, C/ REGULARIZAÇÃO DE VAZÃO (ÁREA MÁX MENOR OU IGUAL 5,00 HA)","aprox":true}},{"type":"Feature","geometry":{"type":"Point","coordinates":[-43.94,-19.92]},"properties":{"id":"IGAM (MG):0700220/2018","orgao":"IGAM (MG)","uf":"MG","ano":2018,"categoria":"outorga","tipo":"04 - CAPTAÇÃO EM BARRAMENTO EM CURSO DE ÁGUA, COM REGULARIZAÇÃO DE VAZÃO (ÁREA M","empresa":"Fazenda******","municipio":null,"processo":"0700220/2018","link_oficial":"http://www.siam.mg.gov.br/siam/legislacao/consulta_portarias.jsp?num=0700220/2018","resumo":"04 - CAPTAÇÃO EM BARRAMENTO EM CURSO DE ÁGUA, COM REGULARIZAÇÃO DE VAZÃO (ÁREA MÁX MAIOR 5,00 HA)","aprox":true}},{"type":"Feature","geometry":{"type":"Point","coordinates":[-43.94,-19.92]},"properties":{"id":"IGAM (MG):0700221/2018","orgao":"IGAM (MG)","uf":"MG","ano":2018,"categoria":"outorga","tipo":"03 - CAPTAÇÃO EM BARRAMENTO EM CURSO DE ÁGUA, C/ REGULARIZAÇÃO DE VAZÃO (ÁREA MÁ","empresa":"Fazenda******","municipio":null,"processo":"0700221/2018","link_oficial":"http://www.siam.mg.gov.br/siam/legislacao/consulta_portarias.jsp?num=0700221/2018","resumo":"03 - CAPTAÇÃO EM BARRAMENTO EM CURSO DE ÁGUA, C/ REGULARIZAÇÃO DE VAZÃO (ÁREA MÁX MENOR OU IGUAL 5,00 HA)","aprox":true}},{"type":"Feature","geometry":{"type":"Point","coordinates":[-43.94,-19.92]},"properties":{"id":"IGAM (MG):0700222/2018","orgao":"IGAM (MG)","uf":"MG","ano":2018,"categoria":"outorga","tipo":"05 - BARRAMENTO EM CURSO DE ÁGUA, SEM CAPTAÇÃO","empresa":"Condomínio******","municipio":null,"processo":"0700222/2018","link_oficial":"http://www.siam.mg.gov.br/siam/legislacao/consulta_portarias.jsp?num=0700222/2018","resumo":"05 - BARRAMENTO EM CURSO DE ÁGUA, SEM CAPTAÇÃO","aprox":true}},{"type":"Feature","geometry":{"type":"Point","coordinates":[-43.94,-19.92]},"properties":{"id":"IGAM (MG):1400223/2018","orgao":"IGAM (MG)","uf":"MG","ano":2018,"categoria":"outorga","tipo":"08 - CAPTAÇÃO DE ÁGUA SUBTERRÂNEA POR MEIO DE POÇO TUBULAR JÁ EXISTENTE","empresa":"Geraldo******","municipio":null,"processo":"1400223/2018","link_oficial":"http://www.siam.mg.gov.br/siam/legislacao/consulta_portarias.jsp?num=1400223/2018","resumo":"08 - CAPTAÇÃO DE ÁGUA SUBTERRÂNEA POR MEIO DE POÇO TUBULAR JÁ EXISTENTE","aprox":true}},{"type":"Feature","geometry":{"type":"Point","coordinates":[-43.94,-19.92]},"properties":{"id":"IGAM (MG):1800224/2018","orgao":"IGAM (MG)","uf":"MG","ano":2018,"categoria":"outorga","tipo":"08 - CAPTAÇÃO DE ÁGUA SUBTERRÂNEA POR MEIO DE POÇO TUBULAR JÁ EXISTENTE","empresa":"Cia******","municipio":null,"processo":"1800224/2018","link_oficial":"http://www.siam.mg.gov.br/siam/legislacao/consulta_portarias.jsp?num=1800224/2018","resumo":"08 - CAPTAÇÃO DE ÁGUA SUBTERRÂNEA POR MEIO DE POÇO TUBULAR JÁ EXISTENTE","aprox":true}},{"type":"Feature","geometry":{"type":"Point","coordinates":[-43.94,-19.92]},"properties":{"id":"IGAM (MG):0700225/2018","orgao":"IGAM (MG)","uf":"MG","ano":2018,"categoria":"outorga","tipo":"03 - CAPTAÇÃO EM BARRAMENTO EM CURSO DE ÁGUA, C/ REGULARIZAÇÃO DE VAZÃO (ÁREA MÁ","empresa":"Fazenda******","municipio":null,"processo":"0700225/2018","link_oficial":"http://www.siam.mg.gov.br/siam/legislacao/consulta_portarias.jsp?num=0700225/2018","resumo":"03 - CAPTAÇÃO EM BARRAMENTO EM CURSO DE ÁGUA, C/ REGULARIZAÇÃO DE VAZÃO (ÁREA MÁX MENOR OU IGUAL 5,00 HA)","aprox":true}},{"type":"Feature","geometry":{"type":"Point","coordinates":[-43.94,-19.92]},"properties":{"id":"IGAM (MG):1800226/2018","orgao":"IGAM (MG)","uf":"MG","ano":2018,"categoria":"outorga","tipo":"08 - CAPTAÇÃO DE ÁGUA SUBTERRÂNEA POR MEIO DE POÇO TUBULAR JÁ EXISTENTE","empresa":"Beltrame******","municipio":null,"processo":"1800226/2018","link_oficial":"http://www.siam.mg.gov.br/siam/legislacao/consulta_portarias.jsp?num=1800226/2018","resumo":"08 - CAPTAÇÃO DE ÁGUA SUBTERRÂNEA POR MEIO DE POÇO TUBULAR JÁ EXISTENTE","aprox":true}},{"type":"Feature","geometry":{"type":"Point","coordinates":[-43.94,-19.92]},"properties":{"id":"IGAM (MG):1800227/2018","orgao":"IGAM (MG)","uf":"MG","ano":2018,"categoria":"outorga","tipo":"08 - CAPTAÇÃO DE ÁGUA SUBTERRÂNEA POR MEIO DE POÇO TUBULAR JÁ EXISTENTE","empresa":"Oscar******","municipio":null,"processo":"1800227/2018","link_oficial":"http://www.siam.mg.gov.br/siam/legislacao/consulta_portarias.jsp?num=1800227/2018","resumo":"08 - CAPTAÇÃO DE ÁGUA SUBTERRÂNEA POR MEIO DE POÇO TUBULAR JÁ EXISTENTE","aprox":true}},{"type":"Feature","geometry":{"type":"Point","coordinates":[-43.94,-19.92]},"properties":{"id":"IGAM (MG):2000228/2018","orgao":"IGAM (MG)","uf":"MG","ano":2018,"categoria":"outorga","tipo":"08 - CAPTAÇÃO DE ÁGUA SUBTERRÂNEA POR MEIO DE POÇO TUBULAR JÁ EXISTENTE","empresa":"MVC******","municipio":null,"processo":"2000228/2018","link_oficial":"http://www.siam.mg.gov.br/siam/legislacao/consulta_portarias.jsp?num=2000228/2018","resumo":"08 - CAPTAÇÃO DE ÁGUA SUBTERRÂNEA POR MEIO DE POÇO TUBULAR JÁ EXISTENTE","aprox":true}},{"type":"Feature","geometry":{"type":"Point","coordinates":[-43.94,-19.92]},"properties":{"id":"IGAM (MG):1800229/2018","orgao":"IGAM (MG)","uf":"MG","ano":2018,"categoria":"outorga","tipo":"08 - CAPTAÇÃO DE ÁGUA SUBTERRÂNEA POR MEIO DE POÇO TUBULAR JÁ EXISTENTE","empresa":"Roberto******","municipio":null,"processo":"1800229/2018","link_oficial":"http://www.siam.mg.gov.br/siam/legislacao/consulta_portarias.jsp?num=1800229/2018","resumo":"08 - CAPTAÇÃO DE ÁGUA SUBTERRÂNEA POR MEIO DE POÇO TUBULAR JÁ EXISTENTE","aprox":true}},{"type":"Feature","geometry":{"type":"Point","coordinates":[-43.94,-19.92]},"properties":{"id":"IGAM (MG):1800230/2018","orgao":"IGAM (MG)","uf":"MG","ano":2018,"categoria":"outorga","tipo":"08 - CAPTAÇÃO DE ÁGUA SUBTERRÂNEA POR MEIO DE POÇO TUBULAR JÁ EXISTENTE","empresa":"Clube******","municipio":null,"processo":"1800230/2018","link_oficial":"http://www.siam.mg.gov.br/siam/legislacao/consulta_portarias.jsp?num=1800230/2018","resumo":"08 - CAPTAÇÃO DE ÁGUA SUBTERRÂNEA POR MEIO DE POÇO TUBULAR JÁ EXISTENTE","aprox":true}},{"type":"Feature","geometry":{"type":"Point","coordinates":[-43.94,-19.92]},"properties":{"id":"IGAM (MG):1800231/2018","orgao":"IGAM (MG)","uf":"MG","ano":2018,"categoria":"outorga","tipo":"08 - CAPTAÇÃO DE ÁGUA SUBTERRÂNEA POR MEIO DE POÇO TUBULAR JÁ EXISTENTE","empresa":"José******","municipio":null,"processo":"1800231/2018","link_oficial":"http://www.siam.mg.gov.br/siam/legislacao/consulta_portarias.jsp?num=1800231/2018","resumo":"08 - CAPTAÇÃO DE ÁGUA SUBTERRÂNEA POR MEIO DE POÇO TUBULAR JÁ EXISTENTE","aprox":true}},{"type":"Feature","geometry":{"type":"Point","coordinates":[-43.94,-19.92]},"properties":{"id":"IGAM (MG):2000232/2018","orgao":"IGAM (MG)","uf":"MG","ano":2018,"categoria":"outorga","tipo":"08 - CAPTAÇÃO DE ÁGUA SUBTERRÂNEA POR MEIO DE POÇO TUBULAR JÁ EXISTENTE","empresa":"Apa******","municipio":null,"processo":"2000232/2018","link_oficial":"http://www.siam.mg.gov.br/siam/legislacao/consulta_portarias.jsp?num=2000232/2018","resumo":"08 - CAPTAÇÃO DE ÁGUA SUBTERRÂNEA POR MEIO DE POÇO TUBULAR JÁ EXISTENTE","aprox":true}},{"type":"Feature","geometry":{"type":"Point","coordinates":[-43.94,-19.92]},"properties":{"id":"IGAM (MG):0700234/2018","orgao":"IGAM (MG)","uf":"MG","ano":2018,"categoria":"outorga","tipo":"03 - CAPTAÇÃO EM BARRAMENTO EM CURSO DE ÁGUA, C/ REGULARIZAÇÃO DE VAZÃO (ÁREA MÁ","empresa":"Fazenda******","municipio":null,"processo":"0700234/2018","link_oficial":"http://www.siam.mg.gov.br/siam/legislacao/consulta_portarias.jsp?num=0700234/2018","resumo":"03 - CAPTAÇÃO EM BARRAMENTO EM CURSO DE ÁGUA, C/ REGULARIZAÇÃO DE VAZÃO (ÁREA MÁX MENOR OU IGUAL 5,00 HA)","aprox":true}},{"type":"Feature","geometry":{"type":"Point","coordinates":[-43.94,-19.92]},"properties":{"id":"IGAM (MG):1800235/2018","orgao":"IGAM (MG)","uf":"MG","ano":2018,"categoria":"outorga","tipo":"08 - CAPTAÇÃO DE ÁGUA SUBTERRÂNEA POR MEIO DE POÇO TUBULAR JÁ EXISTENTE","empresa":"Élcio******","municipio":null,"processo":"1800235/2018","link_oficial":"http://www.siam.mg.gov.br/siam/legislacao/consulta_portarias.jsp?num=1800235/2018","resumo":"08 - CAPTAÇÃO DE ÁGUA SUBTERRÂNEA POR MEIO DE POÇO TUBULAR JÁ EXISTENTE","aprox":true}},{"type":"Feature","geometry":{"type":"Point","coordinates":[-43.94,-19.92]},"properties":{"id":"IGAM (MG):2000236/2018","orgao":"IGAM (MG)","uf":"MG","ano":2018,"categoria":"outorga","tipo":"08 - CAPTAÇÃO DE ÁGUA SUBTERRÂNEA POR MEIO DE POÇO TUBULAR JÁ EXISTENTE","empresa":"Espólio******","municipio":null,"processo":"2000236/2018","link_oficial":"http://www.siam.mg.gov.br/siam/legislacao/consulta_portarias.jsp?num=2000236/2018","resumo":"08 - CAPTAÇÃO DE ÁGUA SUBTERRÂNEA POR MEIO DE POÇO TUBULAR JÁ EXISTENTE","aprox":true}},{"type":"Feature","geometry":{"type":"Point","coordinates":[-43.94,-19.92]},"properties":{"id":"IGAM (MG):2000237/2018","orgao":"IGAM (MG)","uf":"MG","ano":2018,"categoria":"outorga","tipo":"01 - CAPTAÇÃO EM CORPO DE ÁGUA (RIOS, LAGOAS NATURAIS ETC)","empresa":"Mário******","municipio":null,"processo":"2000237/2018","link_oficial":"http://www.siam.mg.gov.br/siam/legislacao/consulta_portarias.jsp?num=2000237/2018","resumo":"01 - CAPTAÇÃO EM CORPO DE ÁGUA (RIOS, LAGOAS NATURAIS ETC)","aprox":true}},{"type":"Feature","geometry":{"type":"Point","coordinates":[-43.94,-19.92]},"properties":{"id":"IGAM (MG):1300238/2018","orgao":"IGAM (MG)","uf":"MG","ano":2018,"categoria":"outorga","tipo":"14 - DRAGAGEM DE CURSO DE ÁGUA PARA FINS DE EXTRAÇÃO MINERAL","empresa":"Thor******","municipio":null,"processo":"1300238/2018","link_oficial":"http://www.siam.mg.gov.br/siam/legislacao/consulta_portarias.jsp?num=1300238/2018","resumo":"14 - DRAGAGEM DE CURSO DE ÁGUA PARA FINS DE EXTRAÇÃO MINERAL","aprox":true}},{"type":"Feature","geometry":{"type":"Point","coordinates":[-43.94,-19.92]},"properties":{"id":"IGAM (MG):2000239/2018","orgao":"IGAM (MG)","uf":"MG","ano":2018,"categoria":"outorga","tipo":"13 - DRAGAGEM, LIMPEZA OU DESASSOREAMENTO DE CURSO DE ÁGUA","empresa":"Anderson******","municipio":null,"processo":"2000239/2018","link_oficial":"http://www.siam.mg.gov.br/siam/legislacao/consulta_portarias.jsp?num=2000239/2018","resumo":"13 - DRAGAGEM, LIMPEZA OU DESASSOREAMENTO DE CURSO DE ÁGUA","aprox":true}},{"type":"Feature","geometry":{"type":"Point","coordinates":[-43.94,-19.92]},"properties":{"id":"IGAM (MG):0800240/2018","orgao":"IGAM (MG)","uf":"MG","ano":2018,"categoria":"outorga","tipo":"08 - CAPTAÇÃO DE ÁGUA SUBTERRÂNEA POR MEIO DE POÇO TUBULAR JÁ EXISTENTE","empresa":"Biolab******","municipio":null,"processo":"0800240/2018","link_oficial":"http://www.siam.mg.gov.br/siam/legislacao/consulta_portarias.jsp?num=0800240/2018","resumo":"08 - CAPTAÇÃO DE ÁGUA SUBTERRÂNEA POR MEIO DE POÇO TUBULAR JÁ EXISTENTE","aprox":true}},{"type":"Feature","geometry":{"type":"Point","coordinates":[-43.94,-19.92]},"properties":{"id":"IGAM (MG):2000241/2018","orgao":"IGAM (MG)","uf":"MG","ano":2018,"categoria":"outorga","tipo":"01 - CAPTAÇÃO EM CORPO DE ÁGUA (RIOS, LAGOAS NATURAIS ETC)","empresa":"Marcello******","municipio":null,"processo":"2000241/2018","link_oficial":"http://www.siam.mg.gov.br/siam/legislacao/consulta_portarias.jsp?num=2000241/2018","resumo":"01 - CAPTAÇÃO EM CORPO DE ÁGUA (RIOS, LAGOAS NATURAIS ETC)","aprox":true}},{"type":"Feature","geometry":{"type":"Point","coordinates":[-43.94,-19.92]},"properties":{"id":"IGAM (MG):2000242/2018","orgao":"IGAM (MG)","uf":"MG","ano":2018,"categoria":"outorga","tipo":"02 - CAPTAÇÃO EM BARRAMENTO EM CURSO DE ÁGUA, SEM REGULARIZAÇÃO DE VAZÃO","empresa":"Sebastião******","municipio":null,"processo":"2000242/2018","link_oficial":"http://www.siam.mg.gov.br/siam/legislacao/consulta_portarias.jsp?num=2000242/2018","resumo":"02 - CAPTAÇÃO EM BARRAMENTO EM CURSO DE ÁGUA, SEM REGULARIZAÇÃO DE VAZÃO","aprox":true}},{"type":"Feature","geometry":{"type":"Point","coordinates":[-43.94,-19.92]},"properties":{"id":"IGAM (MG):1300243/2018","orgao":"IGAM (MG)","uf":"MG","ano":2018,"categoria":"outorga","tipo":"08 - CAPTAÇÃO DE ÁGUA SUBTERRÂNEA POR MEIO DE POÇO TUBULAR JÁ EXISTENTE","empresa":"Condomínio******","municipio":null,"processo":"1300243/2018","link_oficial":"http://www.siam.mg.gov.br/siam/legislacao/consulta_portarias.jsp?num=1300243/2018","resumo":"08 - CAPTAÇÃO DE ÁGUA SUBTERRÂNEA POR MEIO DE POÇO TUBULAR JÁ EXISTENTE","aprox":true}},{"type":"Feature","geometry":{"type":"Point","coordinates":[-43.94,-19.92]},"properties":{"id":"IGAM (MG):0800244/2018","orgao":"IGAM (MG)","uf":"MG","ano":2018,"categoria":"outorga","tipo":"11 - CAPTAÇÃO DE ÁGUA EM SURGÊNCIA (NASCENTE)","empresa":"Indústria******","municipio":null,"processo":"0800244/2018","link_oficial":"http://www.siam.mg.gov.br/siam/legislacao/consulta_portarias.jsp?num=0800244/2018","resumo":"11 - CAPTAÇÃO DE ÁGUA EM SURGÊNCIA (NASCENTE)","aprox":true}},{"type":"Feature","geometry":{"type":"Point","coordinates":[-43.94,-19.92]},"properties":{"id":"IGAM (MG):2000245/2018","orgao":"IGAM (MG)","uf":"MG","ano":2018,"categoria":"outorga","tipo":"12 - DESVIO PARCIAL OU TOTAL DE CURSO DE ÁGUA","empresa":"José******","municipio":null,"processo":"2000245/2018","link_oficial":"http://www.siam.mg.gov.br/siam/legislacao/consulta_portarias.jsp?num=2000245/2018","resumo":"12 - DESVIO PARCIAL OU TOTAL DE CURSO DE ÁGUA","aprox":true}},{"type":"Feature","geometry":{"type":"Point","coordinates":[-43.94,-19.92]},"properties":{"id":"IGAM (MG):1300246/2018","orgao":"IGAM (MG)","uf":"MG","ano":2018,"categoria":"outorga","tipo":"08 - CAPTAÇÃO DE ÁGUA SUBTERRÂNEA POR MEIO DE POÇO TUBULAR JÁ EXISTENTE","empresa":"Rede******","municipio":null,"processo":"1300246/2018","link_oficial":"http://www.siam.mg.gov.br/siam/legislacao/consulta_portarias.jsp?num=1300246/2018","resumo":"08 - CAPTAÇÃO DE ÁGUA SUBTERRÂNEA POR MEIO DE POÇO TUBULAR JÁ EXISTENTE","aprox":true}},{"type":"Feature","geometry":{"type":"Point","coordinates":[-43.94,-19.92]},"properties":{"id":"IGAM (MG):2000247/2018","orgao":"IGAM (MG)","uf":"MG","ano":2018,"categoria":"outorga","tipo":"01 - CAPTAÇÃO EM CORPO DE ÁGUA (RIOS, LAGOAS NATURAIS ETC)","empresa":"Haras******","municipio":null,"processo":"2000247/2018","link_oficial":"http://www.siam.mg.gov.br/siam/legislacao/consulta_portarias.jsp?num=2000247/2018","resumo":"01 - CAPTAÇÃO EM CORPO DE ÁGUA (RIOS, LAGOAS NATURAIS ETC)","aprox":true}},{"type":"Feature","geometry":{"type":"Point","coordinates":[-43.94,-19.92]},"properties":{"id":"IGAM (MG):2000248/2018","orgao":"IGAM (MG)","uf":"MG","ano":2018,"categoria":"outorga","tipo":"14 - DRAGAGEM DE CURSO DE ÁGUA PARA FINS DE EXTRAÇÃO MINERAL","empresa":"Virgílio******","municipio":null,"processo":"2000248/2018","link_oficial":"http://www.siam.mg.gov.br/siam/legislacao/consulta_portarias.jsp?num=2000248/2018","resumo":"14 - DRAGAGEM DE CURSO DE ÁGUA PARA FINS DE EXTRAÇÃO MINERAL","aprox":true}},{"type":"Feature","geometry":{"type":"Point","coordinates":[-43.94,-19.92]},"properties":{"id":"IGAM (MG):0800250/2018","orgao":"IGAM (MG)","uf":"MG","ano":2018,"categoria":"outorga","tipo":"02 - CAPTAÇÃO EM BARRAMENTO EM CURSO DE ÁGUA, SEM REGULARIZAÇÃO DE VAZÃO","empresa":"Cooperativa******","municipio":null,"processo":"0800250/2018","link_oficial":"http://www.siam.mg.gov.br/siam/legislacao/consulta_portarias.jsp?num=0800250/2018","resumo":"02 - CAPTAÇÃO EM BARRAMENTO EM CURSO DE ÁGUA, SEM REGULARIZAÇÃO DE VAZÃO","aprox":true}},{"type":"Feature","geometry":{"type":"Point","coordinates":[-43.94,-19.92]},"properties":{"id":"IGAM (MG):2000251/2018","orgao":"IGAM (MG)","uf":"MG","ano":2018,"categoria":"outorga","tipo":"14 - DRAGAGEM DE CURSO DE ÁGUA PARA FINS DE EXTRAÇÃO MINERAL","empresa":"Ana******","municipio":null,"processo":"2000251/2018","link_oficial":"http://www.siam.mg.gov.br/siam/legislacao/consulta_portarias.jsp?num=2000251/2018","resumo":"14 - DRAGAGEM DE CURSO DE ÁGUA PARA FINS DE EXTRAÇÃO MINERAL","aprox":true}},{"type":"Feature","geometry":{"type":"Point","coordinates":[-43.94,-19.92]},"properties":{"id":"IGAM (MG):2000252/2018","orgao":"IGAM (MG)","uf":"MG","ano":2018,"categoria":"outorga","tipo":"14 - DRAGAGEM DE CURSO DE ÁGUA PARA FINS DE EXTRAÇÃO MINERAL","empresa":"Tracajá******","municipio":null,"processo":"2000252/2018","link_oficial":"http://www.siam.mg.gov.br/siam/legislacao/consulta_portarias.jsp?num=2000252/2018","resumo":"14 - DRAGAGEM DE CURSO DE ÁGUA PARA FINS DE EXTRAÇÃO MINERAL","aprox":true}},{"type":"Feature","geometry":{"type":"Point","coordinates":[-43.94,-19.92]},"properties":{"id":"IGAM (MG):2000253/2018","orgao":"IGAM (MG)","uf":"MG","ano":2018,"categoria":"outorga","tipo":"01 - CAPTAÇÃO EM CORPO DE ÁGUA (RIOS, LAGOAS NATURAIS ETC)","empresa":"Jair******","municipio":null,"processo":"2000253/2018","link_oficial":"http://www.siam.mg.gov.br/siam/legislacao/consulta_portarias.jsp?num=2000253/2018","resumo":"01 - CAPTAÇÃO EM CORPO DE ÁGUA (RIOS, LAGOAS NATURAIS ETC)","aprox":true}},{"type":"Feature","geometry":{"type":"Point","coordinates":[-43.94,-19.92]},"properties":{"id":"IGAM (MG):1300254/2018","orgao":"IGAM (MG)","uf":"MG","ano":2018,"categoria":"outorga","tipo":"08 - CAPTAÇÃO DE ÁGUA SUBTERRÂNEA POR MEIO DE POÇO TUBULAR JÁ EXISTENTE","empresa":"Nemak******","municipio":null,"processo":"1300254/2018","link_oficial":"http://www.siam.mg.gov.br/siam/legislacao/consulta_portarias.jsp?num=1300254/2018","resumo":"08 - CAPTAÇÃO DE ÁGUA SUBTERRÂNEA POR MEIO DE POÇO TUBULAR JÁ EXISTENTE","aprox":true}},{"type":"Feature","geometry":{"type":"Point","coordinates":[-43.94,-19.92]},"properties":{"id":"IGAM (MG):1300255/2018","orgao":"IGAM (MG)","uf":"MG","ano":2018,"categoria":"outorga","tipo":"08 - CAPTAÇÃO DE ÁGUA SUBTERRÂNEA POR MEIO DE POÇO TUBULAR JÁ EXISTENTE","empresa":"Nemak******","municipio":null,"processo":"1300255/2018","link_oficial":"http://www.siam.mg.gov.br/siam/legislacao/consulta_portarias.jsp?num=1300255/2018","resumo":"08 - CAPTAÇÃO DE ÁGUA SUBTERRÂNEA POR MEIO DE POÇO TUBULAR JÁ EXISTENTE","aprox":true}},{"type":"Feature","geometry":{"type":"Point","coordinates":[-43.94,-19.92]},"properties":{"id":"IGAM (MG):1300256/2018","orgao":"IGAM (MG)","uf":"MG","ano":2018,"categoria":"outorga","tipo":"08 - CAPTAÇÃO DE ÁGUA SUBTERRÂNEA POR MEIO DE POÇO TUBULAR JÁ EXISTENTE","empresa":"Nemak******","municipio":null,"processo":"1300256/2018","link_oficial":"http://www.siam.mg.gov.br/siam/legislacao/consulta_portarias.jsp?num=1300256/2018","resumo":"08 - CAPTAÇÃO DE ÁGUA SUBTERRÂNEA POR MEIO DE POÇO TUBULAR JÁ EXISTENTE","aprox":true}},{"type":"Feature","geometry":{"type":"Point","coordinates":[-43.94,-19.92]},"properties":{"id":"IGAM (MG):1300257/2018","orgao":"IGAM (MG)","uf":"MG","ano":2018,"categoria":"outorga","tipo":"08 - CAPTAÇÃO DE ÁGUA SUBTERRÂNEA POR MEIO DE POÇO TUBULAR JÁ EXISTENTE","empresa":"Nemak******","municipio":null,"processo":"1300257/2018","link_oficial":"http://www.siam.mg.gov.br/siam/legislacao/consulta_portarias.jsp?num=1300257/2018","resumo":"08 - CAPTAÇÃO DE ÁGUA SUBTERRÂNEA POR MEIO DE POÇO TUBULAR JÁ EXISTENTE","aprox":true}},{"type":"Feature","geometry":{"type":"Point","coordinates":[-43.94,-19.92]},"properties":{"id":"IGAM (MG):0800258/2018","orgao":"IGAM (MG)","uf":"MG","ano":2018,"categoria":"outorga","tipo":"08 - CAPTAÇÃO DE ÁGUA SUBTERRÂNEA POR MEIO DE POÇO TUBULAR JÁ EXISTENTE","empresa":"Bozel******","municipio":null,"processo":"0800258/2018","link_oficial":"http://www.siam.mg.gov.br/siam/legislacao/consulta_portarias.jsp?num=0800258/2018","resumo":"08 - CAPTAÇÃO DE ÁGUA SUBTERRÂNEA POR MEIO DE POÇO TUBULAR JÁ EXISTENTE","aprox":true}},{"type":"Feature","geometry":{"type":"Point","coordinates":[-43.94,-19.92]},"properties":{"id":"IGAM (MG):0800259/2018","orgao":"IGAM (MG)","uf":"MG","ano":2018,"categoria":"outorga","tipo":"08 - CAPTAÇÃO DE ÁGUA SUBTERRÂNEA POR MEIO DE POÇO TUBULAR JÁ EXISTENTE","empresa":"Bozel******","municipio":null,"processo":"0800259/2018","link_oficial":"http://www.siam.mg.gov.br/siam/legislacao/consulta_portarias.jsp?num=0800259/2018","resumo":"08 - CAPTAÇÃO DE ÁGUA SUBTERRÂNEA POR MEIO DE POÇO TUBULAR JÁ EXISTENTE","aprox":true}},{"type":"Feature","geometry":{"type":"Point","coordinates":[-43.94,-19.92]},"properties":{"id":"IGAM (MG):1700260/2018","orgao":"IGAM (MG)","uf":"MG","ano":2018,"categoria":"outorga","tipo":"08 - CAPTAÇÃO DE ÁGUA SUBTERRÂNEA POR MEIO DE POÇO TUBULAR JÁ EXISTENTE","empresa":"Fazenda******","municipio":null,"processo":"1700260/2018","link_oficial":"http://www.siam.mg.gov.br/siam/legislacao/consulta_portarias.jsp?num=1700260/2018","resumo":"08 - CAPTAÇÃO DE ÁGUA SUBTERRÂNEA POR MEIO DE POÇO TUBULAR JÁ EXISTENTE","aprox":true}},{"type":"Feature","geometry":{"type":"Point","coordinates":[-43.94,-19.92]},"properties":{"id":"IGAM (MG):1600261/2018","orgao":"IGAM (MG)","uf":"MG","ano":2018,"categoria":"outorga","tipo":"08 - CAPTAÇÃO DE ÁGUA SUBTERRÂNEA POR MEIO DE POÇO TUBULAR JÁ EXISTENTE","empresa":"Vilmar******","municipio":null,"processo":"1600261/2018","link_oficial":"http://www.siam.mg.gov.br/siam/legislacao/consulta_portarias.jsp?num=1600261/2018","resumo":"08 - CAPTAÇÃO DE ÁGUA SUBTERRÂNEA POR MEIO DE POÇO TUBULAR JÁ EXISTENTE","aprox":true}},{"type":"Feature","geometry":{"type":"Point","coordinates":[-43.94,-19.92]},"properties":{"id":"IGAM (MG):1700262/2018","orgao":"IGAM (MG)","uf":"MG","ano":2018,"categoria":"outorga","tipo":"08 - CAPTAÇÃO DE ÁGUA SUBTERRÂNEA POR MEIO DE POÇO TUBULAR JÁ EXISTENTE","empresa":"Fazenda******","municipio":null,"processo":"1700262/2018","link_oficial":"http://www.siam.mg.gov.br/siam/legislacao/consulta_portarias.jsp?num=1700262/2018","resumo":"08 - CAPTAÇÃO DE ÁGUA SUBTERRÂNEA POR MEIO DE POÇO TUBULAR JÁ EXISTENTE","aprox":true}},{"type":"Feature","geometry":{"type":"Point","coordinates":[-43.94,-19.92]},"properties":{"id":"IGAM (MG):2000263/2018","orgao":"IGAM (MG)","uf":"MG","ano":2018,"categoria":"outorga","tipo":"01 - CAPTAÇÃO EM CORPO DE ÁGUA (RIOS, LAGOAS NATURAIS ETC)","empresa":"Sebastião******","municipio":null,"processo":"2000263/2018","link_oficial":"http://www.siam.mg.gov.br/siam/legislacao/consulta_portarias.jsp?num=2000263/2018","resumo":"01 - CAPTAÇÃO EM CORPO DE ÁGUA (RIOS, LAGOAS NATURAIS ETC)","aprox":true}},{"type":"Feature","geometry":{"type":"Point","coordinates":[-43.94,-19.92]},"properties":{"id":"IGAM (MG):1000264/2018","orgao":"IGAM (MG)","uf":"MG","ano":2018,"categoria":"outorga","tipo":"04 - CAPTAÇÃO EM BARRAMENTO EM CURSO DE ÁGUA, COM REGULARIZAÇÃO DE VAZÃO (ÁREA M","empresa":"Companhia******","municipio":null,"processo":"1000264/2018","link_oficial":"http://www.siam.mg.gov.br/siam/legislacao/consulta_portarias.jsp?num=1000264/2018","resumo":"04 - CAPTAÇÃO EM BARRAMENTO EM CURSO DE ÁGUA, COM REGULARIZAÇÃO DE VAZÃO (ÁREA MÁX MAIOR 5,00 HA)","aprox":true}},{"type":"Feature","geometry":{"type":"Point","coordinates":[-43.94,-19.92]},"properties":{"id":"IGAM (MG):1700265/2018","orgao":"IGAM (MG)","uf":"MG","ano":2018,"categoria":"outorga","tipo":"08 - CAPTAÇÃO DE ÁGUA SUBTERRÂNEA POR MEIO DE POÇO TUBULAR JÁ EXISTENTE","empresa":"Fazenda******","municipio":null,"processo":"1700265/2018","link_oficial":"http://www.siam.mg.gov.br/siam/legislacao/consulta_portarias.jsp?num=1700265/2018","resumo":"08 - CAPTAÇÃO DE ÁGUA SUBTERRÂNEA POR MEIO DE POÇO TUBULAR JÁ EXISTENTE","aprox":true}},{"type":"Feature","geometry":{"type":"Point","coordinates":[-43.94,-19.92]},"properties":{"id":"IGAM (MG):2000267/2018","orgao":"IGAM (MG)","uf":"MG","ano":2018,"categoria":"outorga","tipo":"01 - CAPTAÇÃO EM CORPO DE ÁGUA (RIOS, LAGOAS NATURAIS ETC)","empresa":"Gilson******","municipio":null,"processo":"2000267/2018","link_oficial":"http://www.siam.mg.gov.br/siam/legislacao/consulta_portarias.jsp?num=2000267/2018","resumo":"01 - CAPTAÇÃO EM CORPO DE ÁGUA (RIOS, LAGOAS NATURAIS ETC)","aprox":true}},{"type":"Feature","geometry":{"type":"Point","coordinates":[-43.94,-19.92]},"properties":{"id":"IGAM (MG):1900268/2018","orgao":"IGAM (MG)","uf":"MG","ano":2018,"categoria":"outorga","tipo":"01 - CAPTAÇÃO EM CORPO DE ÁGUA (RIOS, LAGOAS NATURAIS ETC)","empresa":"FAZENDA******","municipio":null,"processo":"1900268/2018","link_oficial":"http://www.siam.mg.gov.br/siam/legislacao/consulta_portarias.jsp?num=1900268/2018","resumo":"01 - CAPTAÇÃO EM CORPO DE ÁGUA (RIOS, LAGOAS NATURAIS ETC)","aprox":true}},{"type":"Feature","geometry":{"type":"Point","coordinates":[-43.94,-19.92]},"properties":{"id":"IGAM (MG):1700269/2018","orgao":"IGAM (MG)","uf":"MG","ano":2018,"categoria":"outorga","tipo":"04 - CAPTAÇÃO EM BARRAMENTO EM CURSO DE ÁGUA, COM REGULARIZAÇÃO DE VAZÃO (ÁREA M","empresa":"Fazendas******","municipio":null,"processo":"1700269/2018","link_oficial":"http://www.siam.mg.gov.br/siam/legislacao/consulta_portarias.jsp?num=1700269/2018","resumo":"04 - CAPTAÇÃO EM BARRAMENTO EM CURSO DE ÁGUA, COM REGULARIZAÇÃO DE VAZÃO (ÁREA MÁX MAIOR 5,00 HA)","aprox":true}},{"type":"Feature","geometry":{"type":"Point","coordinates":[-43.94,-19.92]},"properties":{"id":"IGAM (MG):1000270/2018","orgao":"IGAM (MG)","uf":"MG","ano":2018,"categoria":"outorga","tipo":"09 - CAPTAÇÃO DE ÁGUA SUBTERRÂNEA POR MEIO DE POÇO MANUAL (CISTERNA)","empresa":"Vista******","municipio":null,"processo":"1000270/2018","link_oficial":"http://www.siam.mg.gov.br/siam/legislacao/consulta_portarias.jsp?num=1000270/2018","resumo":"09 - CAPTAÇÃO DE ÁGUA SUBTERRÂNEA POR MEIO DE POÇO MANUAL (CISTERNA)","aprox":true}},{"type":"Feature","geometry":{"type":"Point","coordinates":[-43.94,-19.92]},"properties":{"id":"IGAM (MG):1700271/2018","orgao":"IGAM (MG)","uf":"MG","ano":2018,"categoria":"outorga","tipo":"08 - CAPTAÇÃO DE ÁGUA SUBTERRÂNEA POR MEIO DE POÇO TUBULAR JÁ EXISTENTE","empresa":"Fazenda******","municipio":null,"processo":"1700271/2018","link_oficial":"http://www.siam.mg.gov.br/siam/legislacao/consulta_portarias.jsp?num=1700271/2018","resumo":"08 - CAPTAÇÃO DE ÁGUA SUBTERRÂNEA POR MEIO DE POÇO TUBULAR JÁ EXISTENTE","aprox":true}},{"type":"Feature","geometry":{"type":"Point","coordinates":[-43.94,-19.92]},"properties":{"id":"IGAM (MG):1900272/2018","orgao":"IGAM (MG)","uf":"MG","ano":2018,"categoria":"outorga","tipo":"08 - CAPTAÇÃO DE ÁGUA SUBTERRÂNEA POR MEIO DE POÇO TUBULAR JÁ EXISTENTE","empresa":"PRESIDIO******","municipio":null,"processo":"1900272/2018","link_oficial":"http://www.siam.mg.gov.br/siam/legislacao/consulta_portarias.jsp?num=1900272/2018","resumo":"08 - CAPTAÇÃO DE ÁGUA SUBTERRÂNEA POR MEIO DE POÇO TUBULAR JÁ EXISTENTE","aprox":true}},{"type":"Feature","geometry":{"type":"Point","coordinates":[-43.94,-19.92]},"properties":{"id":"IGAM (MG):1000273/2018","orgao":"IGAM (MG)","uf":"MG","ano":2018,"categoria":"outorga","tipo":"05 - BARRAMENTO EM CURSO DE ÁGUA, SEM CAPTAÇÃO","empresa":"Companhia******","municipio":null,"processo":"1000273/2018","link_oficial":"http://www.siam.mg.gov.br/siam/legislacao/consulta_portarias.jsp?num=1000273/2018","resumo":"05 - BARRAMENTO EM CURSO DE ÁGUA, SEM CAPTAÇÃO","aprox":true}},{"type":"Feature","geometry":{"type":"Point","coordinates":[-43.94,-19.92]},"properties":{"id":"IGAM (MG):1700274/2018","orgao":"IGAM (MG)","uf":"MG","ano":2018,"categoria":"outorga","tipo":"08 - CAPTAÇÃO DE ÁGUA SUBTERRÂNEA POR MEIO DE POÇO TUBULAR JÁ EXISTENTE","empresa":"Adriano******","municipio":null,"processo":"1700274/2018","link_oficial":"http://www.siam.mg.gov.br/siam/legislacao/consulta_portarias.jsp?num=1700274/2018","resumo":"08 - CAPTAÇÃO DE ÁGUA SUBTERRÂNEA POR MEIO DE POÇO TUBULAR JÁ EXISTENTE","aprox":true}},{"type":"Feature","geometry":{"type":"Point","coordinates":[-43.94,-19.92]},"properties":{"id":"IGAM (MG):1700275/2018","orgao":"IGAM (MG)","uf":"MG","ano":2018,"categoria":"outorga","tipo":"01 - CAPTAÇÃO EM CORPO DE ÁGUA (RIOS, LAGOAS NATURAIS ETC)","empresa":"Fazenda******","municipio":null,"processo":"1700275/2018","link_oficial":"http://www.siam.mg.gov.br/siam/legislacao/consulta_portarias.jsp?num=1700275/2018","resumo":"01 - CAPTAÇÃO EM CORPO DE ÁGUA (RIOS, LAGOAS NATURAIS ETC)","aprox":true}},{"type":"Feature","geometry":{"type":"Point","coordinates":[-43.94,-19.92]},"properties":{"id":"IGAM (MG):1300276/2018","orgao":"IGAM (MG)","uf":"MG","ano":2018,"categoria":"outorga","tipo":"01 - CAPTAÇÃO EM CORPO DE ÁGUA (RIOS, LAGOAS NATURAIS ETC)","empresa":"Rafael******","municipio":null,"processo":"1300276/2018","link_oficial":"http://www.siam.mg.gov.br/siam/legislacao/consulta_portarias.jsp?num=1300276/2018","resumo":"01 - CAPTAÇÃO EM CORPO DE ÁGUA (RIOS, LAGOAS NATURAIS ETC)","aprox":true}},{"type":"Feature","geometry":{"type":"Point","coordinates":[-43.94,-19.92]},"properties":{"id":"IGAM (MG):2000277/2018","orgao":"IGAM (MG)","uf":"MG","ano":2018,"categoria":"outorga","tipo":"14 - DRAGAGEM DE CURSO DE ÁGUA PARA FINS DE EXTRAÇÃO MINERAL","empresa":"Paulo******","municipio":null,"processo":"2000277/2018","link_oficial":"http://www.siam.mg.gov.br/siam/legislacao/consulta_portarias.jsp?num=2000277/2018","resumo":"14 - DRAGAGEM DE CURSO DE ÁGUA PARA FINS DE EXTRAÇÃO MINERAL","aprox":true}},{"type":"Feature","geometry":{"type":"Point","coordinates":[-43.94,-19.92]},"properties":{"id":"IGAM (MG):2000278/2018","orgao":"IGAM (MG)","uf":"MG","ano":2018,"categoria":"outorga","tipo":"01 - CAPTAÇÃO EM CORPO DE ÁGUA (RIOS, LAGOAS NATURAIS ETC)","empresa":"Sonia******","municipio":null,"processo":"2000278/2018","link_oficial":"http://www.siam.mg.gov.br/siam/legislacao/consulta_portarias.jsp?num=2000278/2018","resumo":"01 - CAPTAÇÃO EM CORPO DE ÁGUA (RIOS, LAGOAS NATURAIS ETC)","aprox":true}},{"type":"Feature","geometry":{"type":"Point","coordinates":[-43.94,-19.92]},"properties":{"id":"IGAM (MG):1700279/2018","orgao":"IGAM (MG)","uf":"MG","ano":2018,"categoria":"outorga","tipo":"08 - CAPTAÇÃO DE ÁGUA SUBTERRÂNEA POR MEIO DE POÇO TUBULAR JÁ EXISTENTE","empresa":"Fazenda******","municipio":null,"processo":"1700279/2018","link_oficial":"http://www.siam.mg.gov.br/siam/legislacao/consulta_portarias.jsp?num=1700279/2018","resumo":"08 - CAPTAÇÃO DE ÁGUA SUBTERRÂNEA POR MEIO DE POÇO TUBULAR JÁ EXISTENTE","aprox":true}},{"type":"Feature","geometry":{"type":"Point","coordinates":[-43.94,-19.92]},"properties":{"id":"IGAM (MG):1700280/2018","orgao":"IGAM (MG)","uf":"MG","ano":2018,"categoria":"outorga","tipo":"08 - CAPTAÇÃO DE ÁGUA SUBTERRÂNEA POR MEIO DE POÇO TUBULAR JÁ EXISTENTE","empresa":"Fazenda******","municipio":null,"processo":"1700280/2018","link_oficial":"http://www.siam.mg.gov.br/siam/legislacao/consulta_portarias.jsp?num=1700280/2018","resumo":"08 - CAPTAÇÃO DE ÁGUA SUBTERRÂNEA POR MEIO DE POÇO TUBULAR JÁ EXISTENTE","aprox":true}},{"type":"Feature","geometry":{"type":"Point","coordinates":[-43.94,-19.92]},"properties":{"id":"IGAM (MG):2000281/2018","orgao":"IGAM (MG)","uf":"MG","ano":2018,"categoria":"outorga","tipo":"14 - DRAGAGEM DE CURSO DE ÁGUA PARA FINS DE EXTRAÇÃO MINERAL","empresa":"CB******","municipio":null,"processo":"2000281/2018","link_oficial":"http://www.siam.mg.gov.br/siam/legislacao/consulta_portarias.jsp?num=2000281/2018","resumo":"14 - DRAGAGEM DE CURSO DE ÁGUA PARA FINS DE EXTRAÇÃO MINERAL","aprox":true}},{"type":"Feature","geometry":{"type":"Point","coordinates":[-43.94,-19.92]},"properties":{"id":"IGAM (MG):1700282/2018","orgao":"IGAM (MG)","uf":"MG","ano":2018,"categoria":"outorga","tipo":"08 - CAPTAÇÃO DE ÁGUA SUBTERRÂNEA POR MEIO DE POÇO TUBULAR JÁ EXISTENTE","empresa":"Fazenda******","municipio":null,"processo":"1700282/2018","link_oficial":"http://www.siam.mg.gov.br/siam/legislacao/consulta_portarias.jsp?num=1700282/2018","resumo":"08 - CAPTAÇÃO DE ÁGUA SUBTERRÂNEA POR MEIO DE POÇO TUBULAR JÁ EXISTENTE","aprox":true}},{"type":"Feature","geometry":{"type":"Point","coordinates":[-43.94,-19.92]},"properties":{"id":"IGAM (MG):2000283/2018","orgao":"IGAM (MG)","uf":"MG","ano":2018,"categoria":"outorga","tipo":"13 - DRAGAGEM, LIMPEZA OU DESASSOREAMENTO DE CURSO DE ÁGUA","empresa":"Prefeitura******","municipio":null,"processo":"2000283/2018","link_oficial":"http://www.siam.mg.gov.br/siam/legislacao/consulta_portarias.jsp?num=2000283/2018","resumo":"13 - DRAGAGEM, LIMPEZA OU DESASSOREAMENTO DE CURSO DE ÁGUA","aprox":true}},{"type":"Feature","geometry":{"type":"Point","coordinates":[-43.94,-19.92]},"properties":{"id":"IGAM (MG):1600284/2018","orgao":"IGAM (MG)","uf":"MG","ano":2018,"categoria":"outorga","tipo":"08 - CAPTAÇÃO DE ÁGUA SUBTERRÂNEA POR MEIO DE POÇO TUBULAR JÁ EXISTENTE","empresa":"Ildeu******","municipio":null,"processo":"1600284/2018","link_oficial":"http://www.siam.mg.gov.br/siam/legislacao/consulta_portarias.jsp?num=1600284/2018","resumo":"08 - CAPTAÇÃO DE ÁGUA SUBTERRÂNEA POR MEIO DE POÇO TUBULAR JÁ EXISTENTE","aprox":true}},{"type":"Feature","geometry":{"type":"Point","coordinates":[-43.94,-19.92]},"properties":{"id":"IGAM (MG):1700285/2018","orgao":"IGAM (MG)","uf":"MG","ano":2018,"categoria":"outorga","tipo":"08 - CAPTAÇÃO DE ÁGUA SUBTERRÂNEA POR MEIO DE POÇO TUBULAR JÁ EXISTENTE","empresa":"Fazenda******","municipio":null,"processo":"1700285/2018","link_oficial":"http://www.siam.mg.gov.br/siam/legislacao/consulta_portarias.jsp?num=1700285/2018","resumo":"08 - CAPTAÇÃO DE ÁGUA SUBTERRÂNEA POR MEIO DE POÇO TUBULAR JÁ EXISTENTE","aprox":true}},{"type":"Feature","geometry":{"type":"Point","coordinates":[-43.94,-19.92]},"properties":{"id":"IGAM (MG):1700286/2018","orgao":"IGAM (MG)","uf":"MG","ano":2018,"categoria":"outorga","tipo":"08 - CAPTAÇÃO DE ÁGUA SUBTERRÂNEA POR MEIO DE POÇO TUBULAR JÁ EXISTENTE","empresa":"Fazenda******","municipio":null,"processo":"1700286/2018","link_oficial":"http://www.siam.mg.gov.br/siam/legislacao/consulta_portarias.jsp?num=1700286/2018","resumo":"08 - CAPTAÇÃO DE ÁGUA SUBTERRÂNEA POR MEIO DE POÇO TUBULAR JÁ EXISTENTE","aprox":true}},{"type":"Feature","geometry":{"type":"Point","coordinates":[-43.94,-19.92]},"properties":{"id":"IGAM (MG):2000287/2018","orgao":"IGAM (MG)","uf":"MG","ano":2018,"categoria":"outorga","tipo":"14 - DRAGAGEM DE CURSO DE ÁGUA PARA FINS DE EXTRAÇÃO MINERAL","empresa":"Extração******","municipio":null,"processo":"2000287/2018","link_oficial":"http://www.siam.mg.gov.br/siam/legislacao/consulta_portarias.jsp?num=2000287/2018","resumo":"14 - DRAGAGEM DE CURSO DE ÁGUA PARA FINS DE EXTRAÇÃO MINERAL","aprox":true}},{"type":"Feature","geometry":{"type":"Point","coordinates":[-43.94,-19.92]},"properties":{"id":"IGAM (MG):1300288/2018","orgao":"IGAM (MG)","uf":"MG","ano":2018,"categoria":"outorga","tipo":"14 - DRAGAGEM DE CURSO DE ÁGUA PARA FINS DE EXTRAÇÃO MINERAL","empresa":"Areal******","municipio":null,"processo":"1300288/2018","link_oficial":"http://www.siam.mg.gov.br/siam/legislacao/consulta_portarias.jsp?num=1300288/2018","resumo":"14 - DRAGAGEM DE CURSO DE ÁGUA PARA FINS DE EXTRAÇÃO MINERAL","aprox":true}},{"type":"Feature","geometry":{"type":"Point","coordinates":[-43.94,-19.92]},"properties":{"id":"IGAM (MG):1900289/2018","orgao":"IGAM (MG)","uf":"MG","ano":2018,"categoria":"outorga","tipo":"01 - CAPTAÇÃO EM CORPO DE ÁGUA (RIOS, LAGOAS NATURAIS ETC)","empresa":"FAZENDA******","municipio":null,"processo":"1900289/2018","link_oficial":"http://www.siam.mg.gov.br/siam/legislacao/consulta_portarias.jsp?num=1900289/2018","resumo":"01 - CAPTAÇÃO EM CORPO DE ÁGUA (RIOS, LAGOAS NATURAIS ETC)","aprox":true}},{"type":"Feature","geometry":{"type":"Point","coordinates":[-43.94,-19.92]},"properties":{"id":"IGAM (MG):1700290/2018","orgao":"IGAM (MG)","uf":"MG","ano":2018,"categoria":"outorga","tipo":"08 - CAPTAÇÃO DE ÁGUA SUBTERRÂNEA POR MEIO DE POÇO TUBULAR JÁ EXISTENTE","empresa":"Fazenda******","municipio":null,"processo":"1700290/2018","link_oficial":"http://www.siam.mg.gov.br/siam/legislacao/consulta_portarias.jsp?num=1700290/2018","resumo":"08 - CAPTAÇÃO DE ÁGUA SUBTERRÂNEA POR MEIO DE POÇO TUBULAR JÁ EXISTENTE","aprox":true}},{"type":"Feature","geometry":{"type":"Point","coordinates":[-43.94,-19.92]},"properties":{"id":"IGAM (MG):2000291/2018","orgao":"IGAM (MG)","uf":"MG","ano":2018,"categoria":"outorga","tipo":"13 - DRAGAGEM, LIMPEZA OU DESASSOREAMENTO DE CURSO DE ÁGUA","empresa":"Prefeitura******","municipio":null,"processo":"2000291/2018","link_oficial":"http://www.siam.mg.gov.br/siam/legislacao/consulta_portarias.jsp?num=2000291/2018","resumo":"13 - DRAGAGEM, LIMPEZA OU DESASSOREAMENTO DE CURSO DE ÁGUA","aprox":true}},{"type":"Feature","geometry":{"type":"Point","coordinates":[-43.94,-19.92]},"properties":{"id":"IGAM (MG):1700292/2018","orgao":"IGAM (MG)","uf":"MG","ano":2018,"categoria":"outorga","tipo":"08 - CAPTAÇÃO DE ÁGUA SUBTERRÂNEA POR MEIO DE POÇO TUBULAR JÁ EXISTENTE","empresa":"Fazenda******","municipio":null,"processo":"1700292/2018","link_oficial":"http://www.siam.mg.gov.br/siam/legislacao/consulta_portarias.jsp?num=1700292/2018","resumo":"08 - CAPTAÇÃO DE ÁGUA SUBTERRÂNEA POR MEIO DE POÇO TUBULAR JÁ EXISTENTE","aprox":true}},{"type":"Feature","geometry":{"type":"Point","coordinates":[-43.94,-19.92]},"properties":{"id":"IGAM (MG):1000293/2018","orgao":"IGAM (MG)","uf":"MG","ano":2018,"categoria":"outorga","tipo":"02 - CAPTAÇÃO EM BARRAMENTO EM CURSO DE ÁGUA, SEM REGULARIZAÇÃO DE VAZÃO","empresa":"Vista******","municipio":null,"processo":"1000293/2018","link_oficial":"http://www.siam.mg.gov.br/siam/legislacao/consulta_portarias.jsp?num=1000293/2018","resumo":"02 - CAPTAÇÃO EM BARRAMENTO EM CURSO DE ÁGUA, SEM REGULARIZAÇÃO DE VAZÃO","aprox":true}},{"type":"Feature","geometry":{"type":"Point","coordinates":[-43.94,-19.92]},"properties":{"id":"IGAM (MG):1700294/2018","orgao":"IGAM (MG)","uf":"MG","ano":2018,"categoria":"outorga","tipo":"08 - CAPTAÇÃO DE ÁGUA SUBTERRÂNEA POR MEIO DE POÇO TUBULAR JÁ EXISTENTE","empresa":"Comércio******","municipio":null,"processo":"1700294/2018","link_oficial":"http://www.siam.mg.gov.br/siam/legislacao/consulta_portarias.jsp?num=1700294/2018","resumo":"08 - CAPTAÇÃO DE ÁGUA SUBTERRÂNEA POR MEIO DE POÇO TUBULAR JÁ EXISTENTE","aprox":true}},{"type":"Feature","geometry":{"type":"Point","coordinates":[-43.94,-19.92]},"properties":{"id":"IGAM (MG):1700295/2018","orgao":"IGAM (MG)","uf":"MG","ano":2018,"categoria":"outorga","tipo":"08 - CAPTAÇÃO DE ÁGUA SUBTERRÂNEA POR MEIO DE POÇO TUBULAR JÁ EXISTENTE","empresa":"Fazenda******","municipio":null,"processo":"1700295/2018","link_oficial":"http://www.siam.mg.gov.br/siam/legislacao/consulta_portarias.jsp?num=1700295/2018","resumo":"08 - CAPTAÇÃO DE ÁGUA SUBTERRÂNEA POR MEIO DE POÇO TUBULAR JÁ EXISTENTE","aprox":true}},{"type":"Feature","geometry":{"type":"Point","coordinates":[-43.94,-19.92]},"properties":{"id":"IGAM (MG):2000296/2018","orgao":"IGAM (MG)","uf":"MG","ano":2018,"categoria":"outorga","tipo":"13 - DRAGAGEM, LIMPEZA OU DESASSOREAMENTO DE CURSO DE ÁGUA","empresa":"Ivanor******","municipio":null,"processo":"2000296/2018","link_oficial":"http://www.siam.mg.gov.br/siam/legislacao/consulta_portarias.jsp?num=2000296/2018","resumo":"13 - DRAGAGEM, LIMPEZA OU DESASSOREAMENTO DE CURSO DE ÁGUA","aprox":true}},{"type":"Feature","geometry":{"type":"Point","coordinates":[-43.94,-19.92]},"properties":{"id":"IGAM (MG):1900298/2018","orgao":"IGAM (MG)","uf":"MG","ano":2018,"categoria":"outorga","tipo":"03 - CAPTAÇÃO EM BARRAMENTO EM CURSO DE ÁGUA, C/ REGULARIZAÇÃO DE VAZÃO (ÁREA MÁ","empresa":"FAZENDA******","municipio":null,"processo":"1900298/2018","link_oficial":"http://www.siam.mg.gov.br/siam/legislacao/consulta_portarias.jsp?num=1900298/2018","resumo":"03 - CAPTAÇÃO EM BARRAMENTO EM CURSO DE ÁGUA, C/ REGULARIZAÇÃO DE VAZÃO (ÁREA MÁX MENOR OU IGUAL 5,00 HA)","aprox":true}},{"type":"Feature","geometry":{"type":"Point","coordinates":[-43.94,-19.92]},"properties":{"id":"IGAM (MG):2000299/2018","orgao":"IGAM (MG)","uf":"MG","ano":2018,"categoria":"outorga","tipo":"13 - DRAGAGEM, LIMPEZA OU DESASSOREAMENTO DE CURSO DE ÁGUA","empresa":"Prefeitura******","municipio":null,"processo":"2000299/2018","link_oficial":"http://www.siam.mg.gov.br/siam/legislacao/consulta_portarias.jsp?num=2000299/2018","resumo":"13 - DRAGAGEM, LIMPEZA OU DESASSOREAMENTO DE CURSO DE ÁGUA","aprox":true}},{"type":"Feature","geometry":{"type":"Point","coordinates":[-43.94,-19.92]},"properties":{"id":"IGAM (MG):1700300/2018","orgao":"IGAM (MG)","uf":"MG","ano":2018,"categoria":"outorga","tipo":"08 - CAPTAÇÃO DE ÁGUA SUBTERRÂNEA POR MEIO DE POÇO TUBULAR JÁ EXISTENTE","empresa":"Fazenda******","municipio":null,"processo":"1700300/2018","link_oficial":"http://www.siam.mg.gov.br/siam/legislacao/consulta_portarias.jsp?num=1700300/2018","resumo":"08 - CAPTAÇÃO DE ÁGUA SUBTERRÂNEA POR MEIO DE POÇO TUBULAR JÁ EXISTENTE","aprox":true}},{"type":"Feature","geometry":{"type":"Point","coordinates":[-43.94,-19.92]},"properties":{"id":"IGAM (MG):2000301/2018","orgao":"IGAM (MG)","uf":"MG","ano":2018,"categoria":"outorga","tipo":"14 - DRAGAGEM DE CURSO DE ÁGUA PARA FINS DE EXTRAÇÃO MINERAL","empresa":"Marco******","municipio":null,"processo":"2000301/2018","link_oficial":"http://www.siam.mg.gov.br/siam/legislacao/consulta_portarias.jsp?num=2000301/2018","resumo":"14 - DRAGAGEM DE CURSO DE ÁGUA PARA FINS DE EXTRAÇÃO MINERAL","aprox":true}},{"type":"Feature","geometry":{"type":"Point","coordinates":[-43.94,-19.92]},"properties":{"id":"IGAM (MG):1700302/2018","orgao":"IGAM (MG)","uf":"MG","ano":2018,"categoria":"outorga","tipo":"08 - CAPTAÇÃO DE ÁGUA SUBTERRÂNEA POR MEIO DE POÇO TUBULAR JÁ EXISTENTE","empresa":"Fazenda******","municipio":null,"processo":"1700302/2018","link_oficial":"http://www.siam.mg.gov.br/siam/legislacao/consulta_portarias.jsp?num=1700302/2018","resumo":"08 - CAPTAÇÃO DE ÁGUA SUBTERRÂNEA POR MEIO DE POÇO TUBULAR JÁ EXISTENTE","aprox":true}},{"type":"Feature","geometry":{"type":"Point","coordinates":[-43.94,-19.92]},"properties":{"id":"IGAM (MG):2000303/2018","orgao":"IGAM (MG)","uf":"MG","ano":2018,"categoria":"outorga","tipo":"14 - DRAGAGEM DE CURSO DE ÁGUA PARA FINS DE EXTRAÇÃO MINERAL","empresa":"Wellerson******","municipio":null,"processo":"2000303/2018","link_oficial":"http://www.siam.mg.gov.br/siam/legislacao/consulta_portarias.jsp?num=2000303/2018","resumo":"14 - DRAGAGEM DE CURSO DE ÁGUA PARA FINS DE EXTRAÇÃO MINERAL","aprox":true}},{"type":"Feature","geometry":{"type":"Point","coordinates":[-43.94,-19.92]},"properties":{"id":"IGAM (MG):1000304/2018","orgao":"IGAM (MG)","uf":"MG","ano":2018,"categoria":"outorga","tipo":"01 - CAPTAÇÃO EM CORPO DE ÁGUA (RIOS, LAGOAS NATURAIS ETC)","empresa":"Laticínios******","municipio":null,"processo":"1000304/2018","link_oficial":"http://www.siam.mg.gov.br/siam/legislacao/consulta_portarias.jsp?num=1000304/2018","resumo":"01 - CAPTAÇÃO EM CORPO DE ÁGUA (RIOS, LAGOAS NATURAIS ETC)","aprox":true}},{"type":"Feature","geometry":{"type":"Point","coordinates":[-43.94,-19.92]},"properties":{"id":"IGAM (MG):1700305/2018","orgao":"IGAM (MG)","uf":"MG","ano":2018,"categoria":"outorga","tipo":"08 - CAPTAÇÃO DE ÁGUA SUBTERRÂNEA POR MEIO DE POÇO TUBULAR JÁ EXISTENTE","empresa":"Fazenda******","municipio":null,"processo":"1700305/2018","link_oficial":"http://www.siam.mg.gov.br/siam/legislacao/consulta_portarias.jsp?num=1700305/2018","resumo":"08 - CAPTAÇÃO DE ÁGUA SUBTERRÂNEA POR MEIO DE POÇO TUBULAR JÁ EXISTENTE","aprox":true}},{"type":"Feature","geometry":{"type":"Point","coordinates":[-43.94,-19.92]},"properties":{"id":"IGAM (MG):2000306/2018","orgao":"IGAM (MG)","uf":"MG","ano":2018,"categoria":"outorga","tipo":"13 - DRAGAGEM, LIMPEZA OU DESASSOREAMENTO DE CURSO DE ÁGUA","empresa":"Prefeitura******","municipio":null,"processo":"2000306/2018","link_oficial":"http://www.siam.mg.gov.br/siam/legislacao/consulta_portarias.jsp?num=2000306/2018","resumo":"13 - DRAGAGEM, LIMPEZA OU DESASSOREAMENTO DE CURSO DE ÁGUA","aprox":true}},{"type":"Feature","geometry":{"type":"Point","coordinates":[-43.94,-19.92]},"properties":{"id":"IGAM (MG):1900307/2018","orgao":"IGAM (MG)","uf":"MG","ano":2018,"categoria":"outorga","tipo":"01 - CAPTAÇÃO EM CORPO DE ÁGUA (RIOS, LAGOAS NATURAIS ETC)","empresa":"Vander******","municipio":null,"processo":"1900307/2018","link_oficial":"http://www.siam.mg.gov.br/siam/legislacao/consulta_portarias.jsp?num=1900307/2018","resumo":"01 - CAPTAÇÃO EM CORPO DE ÁGUA (RIOS, LAGOAS NATURAIS ETC)","aprox":true}},{"type":"Feature","geometry":{"type":"Point","coordinates":[-43.94,-19.92]},"properties":{"id":"IGAM (MG):2000308/2018","orgao":"IGAM (MG)","uf":"MG","ano":2018,"categoria":"outorga","tipo":"13 - DRAGAGEM, LIMPEZA OU DESASSOREAMENTO DE CURSO DE ÁGUA","empresa":"Prefeitura******","municipio":null,"processo":"2000308/2018","link_oficial":"http://www.siam.mg.gov.br/siam/legislacao/consulta_portarias.jsp?num=2000308/2018","resumo":"13 - DRAGAGEM, LIMPEZA OU DESASSOREAMENTO DE CURSO DE ÁGUA","aprox":true}},{"type":"Feature","geometry":{"type":"Point","coordinates":[-43.94,-19.92]},"properties":{"id":"IGAM (MG):2000309/2018","orgao":"IGAM (MG)","uf":"MG","ano":2018,"categoria":"outorga","tipo":"01 - CAPTAÇÃO EM CORPO DE ÁGUA (RIOS, LAGOAS NATURAIS ETC)","empresa":"Geraldo******","municipio":null,"processo":"2000309/2018","link_oficial":"http://www.siam.mg.gov.br/siam/legislacao/consulta_portarias.jsp?num=2000309/2018","resumo":"01 - CAPTAÇÃO EM CORPO DE ÁGUA (RIOS, LAGOAS NATURAIS ETC)","aprox":true}},{"type":"Feature","geometry":{"type":"Point","coordinates":[-43.94,-19.92]},"properties":{"id":"IGAM (MG):2000310/2018","orgao":"IGAM (MG)","uf":"MG","ano":2018,"categoria":"outorga","tipo":"13 - DRAGAGEM, LIMPEZA OU DESASSOREAMENTO DE CURSO DE ÁGUA","empresa":"José******","municipio":null,"processo":"2000310/2018","link_oficial":"http://www.siam.mg.gov.br/siam/legislacao/consulta_portarias.jsp?num=2000310/2018","resumo":"13 - DRAGAGEM, LIMPEZA OU DESASSOREAMENTO DE CURSO DE ÁGUA","aprox":true}},{"type":"Feature","geometry":{"type":"Point","coordinates":[-43.94,-19.92]},"properties":{"id":"IGAM (MG):1900311/2018","orgao":"IGAM (MG)","uf":"MG","ano":2018,"categoria":"outorga","tipo":"08 - CAPTAÇÃO DE ÁGUA SUBTERRÂNEA POR MEIO DE POÇO TUBULAR JÁ EXISTENTE","empresa":"Valoriza******","municipio":null,"processo":"1900311/2018","link_oficial":"http://www.siam.mg.gov.br/siam/legislacao/consulta_portarias.jsp?num=1900311/2018","resumo":"08 - CAPTAÇÃO DE ÁGUA SUBTERRÂNEA POR MEIO DE POÇO TUBULAR JÁ EXISTENTE","aprox":true}},{"type":"Feature","geometry":{"type":"Point","coordinates":[-43.94,-19.92]},"properties":{"id":"IGAM (MG):2000312/2018","orgao":"IGAM (MG)","uf":"MG","ano":2018,"categoria":"outorga","tipo":"01 - CAPTAÇÃO EM CORPO DE ÁGUA (RIOS, LAGOAS NATURAIS ETC)","empresa":"Mário******","municipio":null,"processo":"2000312/2018","link_oficial":"http://www.siam.mg.gov.br/siam/legislacao/consulta_portarias.jsp?num=2000312/2018","resumo":"01 - CAPTAÇÃO EM CORPO DE ÁGUA (RIOS, LAGOAS NATURAIS ETC)","aprox":true}},{"type":"Feature","geometry":{"type":"Point","coordinates":[-43.94,-19.92]},"properties":{"id":"IGAM (MG):1700313/2018","orgao":"IGAM (MG)","uf":"MG","ano":2018,"categoria":"outorga","tipo":"08 - CAPTAÇÃO DE ÁGUA SUBTERRÂNEA POR MEIO DE POÇO TUBULAR JÁ EXISTENTE","empresa":"Eduardo******","municipio":null,"processo":"1700313/2018","link_oficial":"http://www.siam.mg.gov.br/siam/legislacao/consulta_portarias.jsp?num=1700313/2018","resumo":"08 - CAPTAÇÃO DE ÁGUA SUBTERRÂNEA POR MEIO DE POÇO TUBULAR JÁ EXISTENTE","aprox":true}},{"type":"Feature","geometry":{"type":"Point","coordinates":[-43.94,-19.92]},"properties":{"id":"IGAM (MG):2000314/2018","orgao":"IGAM (MG)","uf":"MG","ano":2018,"categoria":"outorga","tipo":"01 - CAPTAÇÃO EM CORPO DE ÁGUA (RIOS, LAGOAS NATURAIS ETC)","empresa":"Sérgio******","municipio":null,"processo":"2000314/2018","link_oficial":"http://www.siam.mg.gov.br/siam/legislacao/consulta_portarias.jsp?num=2000314/2018","resumo":"01 - CAPTAÇÃO EM CORPO DE ÁGUA (RIOS, LAGOAS NATURAIS ETC)","aprox":true}},{"type":"Feature","geometry":{"type":"Point","coordinates":[-43.94,-19.92]},"properties":{"id":"IGAM (MG):1700315/2018","orgao":"IGAM (MG)","uf":"MG","ano":2018,"categoria":"outorga","tipo":"08 - CAPTAÇÃO DE ÁGUA SUBTERRÂNEA POR MEIO DE POÇO TUBULAR JÁ EXISTENTE","empresa":"Fazenda******","municipio":null,"processo":"1700315/2018","link_oficial":"http://www.siam.mg.gov.br/siam/legislacao/consulta_portarias.jsp?num=1700315/2018","resumo":"08 - CAPTAÇÃO DE ÁGUA SUBTERRÂNEA POR MEIO DE POÇO TUBULAR JÁ EXISTENTE","aprox":true}},{"type":"Feature","geometry":{"type":"Point","coordinates":[-43.94,-19.92]},"properties":{"id":"IGAM (MG):1700316/2018","orgao":"IGAM (MG)","uf":"MG","ano":2018,"categoria":"outorga","tipo":"08 - CAPTAÇÃO DE ÁGUA SUBTERRÂNEA POR MEIO DE POÇO TUBULAR JÁ EXISTENTE","empresa":"Fazendas******","municipio":null,"processo":"1700316/2018","link_oficial":"http://www.siam.mg.gov.br/siam/legislacao/consulta_portarias.jsp?num=1700316/2018","resumo":"08 - CAPTAÇÃO DE ÁGUA SUBTERRÂNEA POR MEIO DE POÇO TUBULAR JÁ EXISTENTE","aprox":true}},{"type":"Feature","geometry":{"type":"Point","coordinates":[-43.94,-19.92]},"properties":{"id":"IGAM (MG):1700317/2018","orgao":"IGAM (MG)","uf":"MG","ano":2018,"categoria":"outorga","tipo":"08 - CAPTAÇÃO DE ÁGUA SUBTERRÂNEA POR MEIO DE POÇO TUBULAR JÁ EXISTENTE","empresa":"Fazendas******","municipio":null,"processo":"1700317/2018","link_oficial":"http://www.siam.mg.gov.br/siam/legislacao/consulta_portarias.jsp?num=1700317/2018","resumo":"08 - CAPTAÇÃO DE ÁGUA SUBTERRÂNEA POR MEIO DE POÇO TUBULAR JÁ EXISTENTE","aprox":true}},{"type":"Feature","geometry":{"type":"Point","coordinates":[-43.94,-19.92]},"properties":{"id":"IGAM (MG):1700318/2018","orgao":"IGAM (MG)","uf":"MG","ano":2018,"categoria":"outorga","tipo":"08 - CAPTAÇÃO DE ÁGUA SUBTERRÂNEA POR MEIO DE POÇO TUBULAR JÁ EXISTENTE","empresa":"Fazendas******","municipio":null,"processo":"1700318/2018","link_oficial":"http://www.siam.mg.gov.br/siam/legislacao/consulta_portarias.jsp?num=1700318/2018","resumo":"08 - CAPTAÇÃO DE ÁGUA SUBTERRÂNEA POR MEIO DE POÇO TUBULAR JÁ EXISTENTE","aprox":true}},{"type":"Feature","geometry":{"type":"Point","coordinates":[-43.94,-19.92]},"properties":{"id":"IGAM (MG):1700319/2018","orgao":"IGAM (MG)","uf":"MG","ano":2018,"categoria":"outorga","tipo":"08 - CAPTAÇÃO DE ÁGUA SUBTERRÂNEA POR MEIO DE POÇO TUBULAR JÁ EXISTENTE","empresa":"Faz.******","municipio":null,"processo":"1700319/2018","link_oficial":"http://www.siam.mg.gov.br/siam/legislacao/consulta_portarias.jsp?num=1700319/2018","resumo":"08 - CAPTAÇÃO DE ÁGUA SUBTERRÂNEA POR MEIO DE POÇO TUBULAR JÁ EXISTENTE","aprox":true}},{"type":"Feature","geometry":{"type":"Point","coordinates":[-43.94,-19.92]},"properties":{"id":"IGAM (MG):1700320/2018","orgao":"IGAM (MG)","uf":"MG","ano":2018,"categoria":"outorga","tipo":"08 - CAPTAÇÃO DE ÁGUA SUBTERRÂNEA POR MEIO DE POÇO TUBULAR JÁ EXISTENTE","empresa":"Fazendas******","municipio":null,"processo":"1700320/2018","link_oficial":"http://www.siam.mg.gov.br/siam/legislacao/consulta_portarias.jsp?num=1700320/2018","resumo":"08 - CAPTAÇÃO DE ÁGUA SUBTERRÂNEA POR MEIO DE POÇO TUBULAR JÁ EXISTENTE","aprox":true}},{"type":"Feature","geometry":{"type":"Point","coordinates":[-43.94,-19.92]},"properties":{"id":"IGAM (MG):1700321/2018","orgao":"IGAM (MG)","uf":"MG","ano":2018,"categoria":"outorga","tipo":"08 - CAPTAÇÃO DE ÁGUA SUBTERRÂNEA POR MEIO DE POÇO TUBULAR JÁ EXISTENTE","empresa":"Faz.******","municipio":null,"processo":"1700321/2018","link_oficial":"http://www.siam.mg.gov.br/siam/legislacao/consulta_portarias.jsp?num=1700321/2018","resumo":"08 - CAPTAÇÃO DE ÁGUA SUBTERRÂNEA POR MEIO DE POÇO TUBULAR JÁ EXISTENTE","aprox":true}},{"type":"Feature","geometry":{"type":"Point","coordinates":[-43.94,-19.92]},"properties":{"id":"IGAM (MG):1700322/2018","orgao":"IGAM (MG)","uf":"MG","ano":2018,"categoria":"outorga","tipo":"08 - CAPTAÇÃO DE ÁGUA SUBTERRÂNEA POR MEIO DE POÇO TUBULAR JÁ EXISTENTE","empresa":"Geraldo******","municipio":null,"processo":"1700322/2018","link_oficial":"http://www.siam.mg.gov.br/siam/legislacao/consulta_portarias.jsp?num=1700322/2018","resumo":"08 - CAPTAÇÃO DE ÁGUA SUBTERRÂNEA POR MEIO DE POÇO TUBULAR JÁ EXISTENTE","aprox":true}},{"type":"Feature","geometry":{"type":"Point","coordinates":[-43.94,-19.92]},"properties":{"id":"IGAM (MG):1700323/2018","orgao":"IGAM (MG)","uf":"MG","ano":2018,"categoria":"outorga","tipo":"11 - CAPTAÇÃO DE ÁGUA EM SURGÊNCIA (NASCENTE)","empresa":"Fazenda******","municipio":null,"processo":"1700323/2018","link_oficial":"http://www.siam.mg.gov.br/siam/legislacao/consulta_portarias.jsp?num=1700323/2018","resumo":"11 - CAPTAÇÃO DE ÁGUA EM SURGÊNCIA (NASCENTE)","aprox":true}},{"type":"Feature","geometry":{"type":"Point","coordinates":[-43.94,-19.92]},"properties":{"id":"IGAM (MG):1700324/2018","orgao":"IGAM (MG)","uf":"MG","ano":2018,"categoria":"outorga","tipo":"08 - CAPTAÇÃO DE ÁGUA SUBTERRÂNEA POR MEIO DE POÇO TUBULAR JÁ EXISTENTE","empresa":"Fazenda******","municipio":null,"processo":"1700324/2018","link_oficial":"http://www.siam.mg.gov.br/siam/legislacao/consulta_portarias.jsp?num=1700324/2018","resumo":"08 - CAPTAÇÃO DE ÁGUA SUBTERRÂNEA POR MEIO DE POÇO TUBULAR JÁ EXISTENTE","aprox":true}},{"type":"Feature","geometry":{"type":"Point","coordinates":[-43.94,-19.92]},"properties":{"id":"IGAM (MG):1700325/2018","orgao":"IGAM (MG)","uf":"MG","ano":2018,"categoria":"outorga","tipo":"08 - CAPTAÇÃO DE ÁGUA SUBTERRÂNEA POR MEIO DE POÇO TUBULAR JÁ EXISTENTE","empresa":"Fazenda******","municipio":null,"processo":"1700325/2018","link_oficial":"http://www.siam.mg.gov.br/siam/legislacao/consulta_portarias.jsp?num=1700325/2018","resumo":"08 - CAPTAÇÃO DE ÁGUA SUBTERRÂNEA POR MEIO DE POÇO TUBULAR JÁ EXISTENTE","aprox":true}},{"type":"Feature","geometry":{"type":"Point","coordinates":[-43.94,-19.92]},"properties":{"id":"IGAM (MG):1700326/2018","orgao":"IGAM (MG)","uf":"MG","ano":2018,"categoria":"outorga","tipo":"11 - CAPTAÇÃO DE ÁGUA EM SURGÊNCIA (NASCENTE)","empresa":"Fazenda******","municipio":null,"processo":"1700326/2018","link_oficial":"http://www.siam.mg.gov.br/siam/legislacao/consulta_portarias.jsp?num=1700326/2018","resumo":"11 - CAPTAÇÃO DE ÁGUA EM SURGÊNCIA (NASCENTE)","aprox":true}},{"type":"Feature","geometry":{"type":"Point","coordinates":[-43.94,-19.92]},"properties":{"id":"IGAM (MG):1700327/2018","orgao":"IGAM (MG)","uf":"MG","ano":2018,"categoria":"outorga","tipo":"08 - CAPTAÇÃO DE ÁGUA SUBTERRÂNEA POR MEIO DE POÇO TUBULAR JÁ EXISTENTE","empresa":"Fazenda******","municipio":null,"processo":"1700327/2018","link_oficial":"http://www.siam.mg.gov.br/siam/legislacao/consulta_portarias.jsp?num=1700327/2018","resumo":"08 - CAPTAÇÃO DE ÁGUA SUBTERRÂNEA POR MEIO DE POÇO TUBULAR JÁ EXISTENTE","aprox":true}},{"type":"Feature","geometry":{"type":"Point","coordinates":[-43.94,-19.92]},"properties":{"id":"IGAM (MG):1700328/2018","orgao":"IGAM (MG)","uf":"MG","ano":2018,"categoria":"outorga","tipo":"08 - CAPTAÇÃO DE ÁGUA SUBTERRÂNEA POR MEIO DE POÇO TUBULAR JÁ EXISTENTE","empresa":"Fazenda******","municipio":null,"processo":"1700328/2018","link_oficial":"http://www.siam.mg.gov.br/siam/legislacao/consulta_portarias.jsp?num=1700328/2018","resumo":"08 - CAPTAÇÃO DE ÁGUA SUBTERRÂNEA POR MEIO DE POÇO TUBULAR JÁ EXISTENTE","aprox":true}},{"type":"Feature","geometry":{"type":"Point","coordinates":[-43.94,-19.92]},"properties":{"id":"IGAM (MG):1700329/2018","orgao":"IGAM (MG)","uf":"MG","ano":2018,"categoria":"outorga","tipo":"08 - CAPTAÇÃO DE ÁGUA SUBTERRÂNEA POR MEIO DE POÇO TUBULAR JÁ EXISTENTE","empresa":"Fazenda******","municipio":null,"processo":"1700329/2018","link_oficial":"http://www.siam.mg.gov.br/siam/legislacao/consulta_portarias.jsp?num=1700329/2018","resumo":"08 - CAPTAÇÃO DE ÁGUA SUBTERRÂNEA POR MEIO DE POÇO TUBULAR JÁ EXISTENTE","aprox":true}},{"type":"Feature","geometry":{"type":"Point","coordinates":[-43.94,-19.92]},"properties":{"id":"IGAM (MG):1700330/2018","orgao":"IGAM (MG)","uf":"MG","ano":2018,"categoria":"outorga","tipo":"08 - CAPTAÇÃO DE ÁGUA SUBTERRÂNEA POR MEIO DE POÇO TUBULAR JÁ EXISTENTE","empresa":"Fazenda******","municipio":null,"processo":"1700330/2018","link_oficial":"http://www.siam.mg.gov.br/siam/legislacao/consulta_portarias.jsp?num=1700330/2018","resumo":"08 - CAPTAÇÃO DE ÁGUA SUBTERRÂNEA POR MEIO DE POÇO TUBULAR JÁ EXISTENTE","aprox":true}},{"type":"Feature","geometry":{"type":"Point","coordinates":[-43.94,-19.92]},"properties":{"id":"IGAM (MG):1700331/2018","orgao":"IGAM (MG)","uf":"MG","ano":2018,"categoria":"outorga","tipo":"08 - CAPTAÇÃO DE ÁGUA SUBTERRÂNEA POR MEIO DE POÇO TUBULAR JÁ EXISTENTE","empresa":"Fazenda******","municipio":null,"processo":"1700331/2018","link_oficial":"http://www.siam.mg.gov.br/siam/legislacao/consulta_portarias.jsp?num=1700331/2018","resumo":"08 - CAPTAÇÃO DE ÁGUA SUBTERRÂNEA POR MEIO DE POÇO TUBULAR JÁ EXISTENTE","aprox":true}},{"type":"Feature","geometry":{"type":"Point","coordinates":[-43.94,-19.92]},"properties":{"id":"IGAM (MG):1700332/2018","orgao":"IGAM (MG)","uf":"MG","ano":2018,"categoria":"outorga","tipo":"08 - CAPTAÇÃO DE ÁGUA SUBTERRÂNEA POR MEIO DE POÇO TUBULAR JÁ EXISTENTE","empresa":"Fazenda******","municipio":null,"processo":"1700332/2018","link_oficial":"http://www.siam.mg.gov.br/siam/legislacao/consulta_portarias.jsp?num=1700332/2018","resumo":"08 - CAPTAÇÃO DE ÁGUA SUBTERRÂNEA POR MEIO DE POÇO TUBULAR JÁ EXISTENTE","aprox":true}},{"type":"Feature","geometry":{"type":"Point","coordinates":[-43.94,-19.92]},"properties":{"id":"IGAM (MG):1700333/2018","orgao":"IGAM (MG)","uf":"MG","ano":2018,"categoria":"outorga","tipo":"08 - CAPTAÇÃO DE ÁGUA SUBTERRÂNEA POR MEIO DE POÇO TUBULAR JÁ EXISTENTE","empresa":"Fazenda******","municipio":null,"processo":"1700333/2018","link_oficial":"http://www.siam.mg.gov.br/siam/legislacao/consulta_portarias.jsp?num=1700333/2018","resumo":"08 - CAPTAÇÃO DE ÁGUA SUBTERRÂNEA POR MEIO DE POÇO TUBULAR JÁ EXISTENTE","aprox":true}},{"type":"Feature","geometry":{"type":"Point","coordinates":[-43.94,-19.92]},"properties":{"id":"IGAM (MG):1700334/2018","orgao":"IGAM (MG)","uf":"MG","ano":2018,"categoria":"outorga","tipo":"08 - CAPTAÇÃO DE ÁGUA SUBTERRÂNEA POR MEIO DE POÇO TUBULAR JÁ EXISTENTE","empresa":"Fazenda******","municipio":null,"processo":"1700334/2018","link_oficial":"http://www.siam.mg.gov.br/siam/legislacao/consulta_portarias.jsp?num=1700334/2018","resumo":"08 - CAPTAÇÃO DE ÁGUA SUBTERRÂNEA POR MEIO DE POÇO TUBULAR JÁ EXISTENTE","aprox":true}},{"type":"Feature","geometry":{"type":"Point","coordinates":[-43.94,-19.92]},"properties":{"id":"IGAM (MG):1100335/2018","orgao":"IGAM (MG)","uf":"MG","ano":2018,"categoria":"outorga","tipo":"23 - CAPTAÇÃO DE ÁGUA SUBTERRÂNEA PARA FINS DE PESQUISA HIDROGEOLÓGICA","empresa":"G23SB******","municipio":null,"processo":"1100335/2018","link_oficial":"http://www.siam.mg.gov.br/siam/legislacao/consulta_portarias.jsp?num=1100335/2018","resumo":"23 - CAPTAÇÃO DE ÁGUA SUBTERRÂNEA PARA FINS DE PESQUISA HIDROGEOLÓGICA","aprox":true}},{"type":"Feature","geometry":{"type":"Point","coordinates":[-43.94,-19.92]},"properties":{"id":"IGAM (MG):1700336/2018","orgao":"IGAM (MG)","uf":"MG","ano":2018,"categoria":"outorga","tipo":"08 - CAPTAÇÃO DE ÁGUA SUBTERRÂNEA POR MEIO DE POÇO TUBULAR JÁ EXISTENTE","empresa":"Fazenda******","municipio":null,"processo":"1700336/2018","link_oficial":"http://www.siam.mg.gov.br/siam/legislacao/consulta_portarias.jsp?num=1700336/2018","resumo":"08 - CAPTAÇÃO DE ÁGUA SUBTERRÂNEA POR MEIO DE POÇO TUBULAR JÁ EXISTENTE","aprox":true}},{"type":"Feature","geometry":{"type":"Point","coordinates":[-43.94,-19.92]},"properties":{"id":"IGAM (MG):1600337/2018","orgao":"IGAM (MG)","uf":"MG","ano":2018,"categoria":"outorga","tipo":"08 - CAPTAÇÃO DE ÁGUA SUBTERRÂNEA POR MEIO DE POÇO TUBULAR JÁ EXISTENTE","empresa":"Florentino******","municipio":null,"processo":"1600337/2018","link_oficial":"http://www.siam.mg.gov.br/siam/legislacao/consulta_portarias.jsp?num=1600337/2018","resumo":"08 - CAPTAÇÃO DE ÁGUA SUBTERRÂNEA POR MEIO DE POÇO TUBULAR JÁ EXISTENTE","aprox":true}},{"type":"Feature","geometry":{"type":"Point","coordinates":[-43.94,-19.92]},"properties":{"id":"IGAM (MG):1700338/2018","orgao":"IGAM (MG)","uf":"MG","ano":2018,"categoria":"outorga","tipo":"08 - CAPTAÇÃO DE ÁGUA SUBTERRÂNEA POR MEIO DE POÇO TUBULAR JÁ EXISTENTE","empresa":"Fazenda******","municipio":null,"processo":"1700338/2018","link_oficial":"http://www.siam.mg.gov.br/siam/legislacao/consulta_portarias.jsp?num=1700338/2018","resumo":"08 - CAPTAÇÃO DE ÁGUA SUBTERRÂNEA POR MEIO DE POÇO TUBULAR JÁ EXISTENTE","aprox":true}},{"type":"Feature","geometry":{"type":"Point","coordinates":[-43.94,-19.92]},"properties":{"id":"IGAM (MG):1700339/2018","orgao":"IGAM (MG)","uf":"MG","ano":2018,"categoria":"outorga","tipo":"23 - CAPTAÇÃO DE ÁGUA SUBTERRÂNEA PARA FINS DE PESQUISA HIDROGEOLÓGICA","empresa":"Fazenda******","municipio":null,"processo":"1700339/2018","link_oficial":"http://www.siam.mg.gov.br/siam/legislacao/consulta_portarias.jsp?num=1700339/2018","resumo":"23 - CAPTAÇÃO DE ÁGUA SUBTERRÂNEA PARA FINS DE PESQUISA HIDROGEOLÓGICA","aprox":true}},{"type":"Feature","geometry":{"type":"Point","coordinates":[-43.94,-19.92]},"properties":{"id":"IGAM (MG):1700340/2018","orgao":"IGAM (MG)","uf":"MG","ano":2018,"categoria":"outorga","tipo":"23 - CAPTAÇÃO DE ÁGUA SUBTERRÂNEA PARA FINS DE PESQUISA HIDROGEOLÓGICA","empresa":"Fazenda******","municipio":null,"processo":"1700340/2018","link_oficial":"http://www.siam.mg.gov.br/siam/legislacao/consulta_portarias.jsp?num=1700340/2018","resumo":"23 - CAPTAÇÃO DE ÁGUA SUBTERRÂNEA PARA FINS DE PESQUISA HIDROGEOLÓGICA","aprox":true}},{"type":"Feature","geometry":{"type":"Point","coordinates":[-43.94,-19.92]},"properties":{"id":"IGAM (MG):1700341/2018","orgao":"IGAM (MG)","uf":"MG","ano":2018,"categoria":"outorga","tipo":"08 - CAPTAÇÃO DE ÁGUA SUBTERRÂNEA POR MEIO DE POÇO TUBULAR JÁ EXISTENTE","empresa":"Fazenda******","municipio":null,"processo":"1700341/2018","link_oficial":"http://www.siam.mg.gov.br/siam/legislacao/consulta_portarias.jsp?num=1700341/2018","resumo":"08 - CAPTAÇÃO DE ÁGUA SUBTERRÂNEA POR MEIO DE POÇO TUBULAR JÁ EXISTENTE","aprox":true}},{"type":"Feature","geometry":{"type":"Point","coordinates":[-43.94,-19.92]},"properties":{"id":"IGAM (MG):1700342/2018","orgao":"IGAM (MG)","uf":"MG","ano":2018,"categoria":"outorga","tipo":"08 - CAPTAÇÃO DE ÁGUA SUBTERRÂNEA POR MEIO DE POÇO TUBULAR JÁ EXISTENTE","empresa":"Fazenda******","municipio":null,"processo":"1700342/2018","link_oficial":"http://www.siam.mg.gov.br/siam/legislacao/consulta_portarias.jsp?num=1700342/2018","resumo":"08 - CAPTAÇÃO DE ÁGUA SUBTERRÂNEA POR MEIO DE POÇO TUBULAR JÁ EXISTENTE","aprox":true}},{"type":"Feature","geometry":{"type":"Point","coordinates":[-43.94,-19.92]},"properties":{"id":"IGAM (MG):2000343/2018","orgao":"IGAM (MG)","uf":"MG","ano":2018,"categoria":"outorga","tipo":"09 - CAPTAÇÃO DE ÁGUA SUBTERRÂNEA POR MEIO DE POÇO MANUAL (CISTERNA)","empresa":"Sebastião******","municipio":null,"processo":"2000343/2018","link_oficial":"http://www.siam.mg.gov.br/siam/legislacao/consulta_portarias.jsp?num=2000343/2018","resumo":"09 - CAPTAÇÃO DE ÁGUA SUBTERRÂNEA POR MEIO DE POÇO MANUAL (CISTERNA)","aprox":true}},{"type":"Feature","geometry":{"type":"Point","coordinates":[-43.94,-19.92]},"properties":{"id":"IGAM (MG):1700344/2018","orgao":"IGAM (MG)","uf":"MG","ano":2018,"categoria":"outorga","tipo":"23 - CAPTAÇÃO DE ÁGUA SUBTERRÂNEA PARA FINS DE PESQUISA HIDROGEOLÓGICA","empresa":"Fazenda******","municipio":null,"processo":"1700344/2018","link_oficial":"http://www.siam.mg.gov.br/siam/legislacao/consulta_portarias.jsp?num=1700344/2018","resumo":"23 - CAPTAÇÃO DE ÁGUA SUBTERRÂNEA PARA FINS DE PESQUISA HIDROGEOLÓGICA","aprox":true}},{"type":"Feature","geometry":{"type":"Point","coordinates":[-43.94,-19.92]},"properties":{"id":"IGAM (MG):1700345/2018","orgao":"IGAM (MG)","uf":"MG","ano":2018,"categoria":"outorga","tipo":"08 - CAPTAÇÃO DE ÁGUA SUBTERRÂNEA POR MEIO DE POÇO TUBULAR JÁ EXISTENTE","empresa":"Fazenda******","municipio":null,"processo":"1700345/2018","link_oficial":"http://www.siam.mg.gov.br/siam/legislacao/consulta_portarias.jsp?num=1700345/2018","resumo":"08 - CAPTAÇÃO DE ÁGUA SUBTERRÂNEA POR MEIO DE POÇO TUBULAR JÁ EXISTENTE","aprox":true}},{"type":"Feature","geometry":{"type":"Point","coordinates":[-43.94,-19.92]},"properties":{"id":"IGAM (MG):2000346/2018","orgao":"IGAM (MG)","uf":"MG","ano":2018,"categoria":"outorga","tipo":"09 - CAPTAÇÃO DE ÁGUA SUBTERRÂNEA POR MEIO DE POÇO MANUAL (CISTERNA)","empresa":"Adolfo******","municipio":null,"processo":"2000346/2018","link_oficial":"http://www.siam.mg.gov.br/siam/legislacao/consulta_portarias.jsp?num=2000346/2018","resumo":"09 - CAPTAÇÃO DE ÁGUA SUBTERRÂNEA POR MEIO DE POÇO MANUAL (CISTERNA)","aprox":true}},{"type":"Feature","geometry":{"type":"Point","coordinates":[-43.94,-19.92]},"properties":{"id":"IGAM (MG):1700347/2018","orgao":"IGAM (MG)","uf":"MG","ano":2018,"categoria":"outorga","tipo":"23 - CAPTAÇÃO DE ÁGUA SUBTERRÂNEA PARA FINS DE PESQUISA HIDROGEOLÓGICA","empresa":"Fazenda******","municipio":null,"processo":"1700347/2018","link_oficial":"http://www.siam.mg.gov.br/siam/legislacao/consulta_portarias.jsp?num=1700347/2018","resumo":"23 - CAPTAÇÃO DE ÁGUA SUBTERRÂNEA PARA FINS DE PESQUISA HIDROGEOLÓGICA","aprox":true}},{"type":"Feature","geometry":{"type":"Point","coordinates":[-43.94,-19.92]},"properties":{"id":"IGAM (MG):1700348/2018","orgao":"IGAM (MG)","uf":"MG","ano":2018,"categoria":"outorga","tipo":"08 - CAPTAÇÃO DE ÁGUA SUBTERRÂNEA POR MEIO DE POÇO TUBULAR JÁ EXISTENTE","empresa":"Fazenda******","municipio":null,"processo":"1700348/2018","link_oficial":"http://www.siam.mg.gov.br/siam/legislacao/consulta_portarias.jsp?num=1700348/2018","resumo":"08 - CAPTAÇÃO DE ÁGUA SUBTERRÂNEA POR MEIO DE POÇO TUBULAR JÁ EXISTENTE","aprox":true}},{"type":"Feature","geometry":{"type":"Point","coordinates":[-43.94,-19.92]},"properties":{"id":"IGAM (MG):1700349/2018","orgao":"IGAM (MG)","uf":"MG","ano":2018,"categoria":"outorga","tipo":"08 - CAPTAÇÃO DE ÁGUA SUBTERRÂNEA POR MEIO DE POÇO TUBULAR JÁ EXISTENTE","empresa":"Fazenda******","municipio":null,"processo":"1700349/2018","link_oficial":"http://www.siam.mg.gov.br/siam/legislacao/consulta_portarias.jsp?num=1700349/2018","resumo":"08 - CAPTAÇÃO DE ÁGUA SUBTERRÂNEA POR MEIO DE POÇO TUBULAR JÁ EXISTENTE","aprox":true}},{"type":"Feature","geometry":{"type":"Point","coordinates":[-43.94,-19.92]},"properties":{"id":"IGAM (MG):1700350/2018","orgao":"IGAM (MG)","uf":"MG","ano":2018,"categoria":"outorga","tipo":"23 - CAPTAÇÃO DE ÁGUA SUBTERRÂNEA PARA FINS DE PESQUISA HIDROGEOLÓGICA","empresa":"Fazenda******","municipio":null,"processo":"1700350/2018","link_oficial":"http://www.siam.mg.gov.br/siam/legislacao/consulta_portarias.jsp?num=1700350/2018","resumo":"23 - CAPTAÇÃO DE ÁGUA SUBTERRÂNEA PARA FINS DE PESQUISA HIDROGEOLÓGICA","aprox":true}},{"type":"Feature","geometry":{"type":"Point","coordinates":[-43.94,-19.92]},"properties":{"id":"IGAM (MG):1900351/2018","orgao":"IGAM (MG)","uf":"MG","ano":2018,"categoria":"outorga","tipo":"08 - CAPTAÇÃO DE ÁGUA SUBTERRÂNEA POR MEIO DE POÇO TUBULAR JÁ EXISTENTE","empresa":"CONCEBRA******","municipio":null,"processo":"1900351/2018","link_oficial":"http://www.siam.mg.gov.br/siam/legislacao/consulta_portarias.jsp?num=1900351/2018","resumo":"08 - CAPTAÇÃO DE ÁGUA SUBTERRÂNEA POR MEIO DE POÇO TUBULAR JÁ EXISTENTE","aprox":true}},{"type":"Feature","geometry":{"type":"Point","coordinates":[-43.94,-19.92]},"properties":{"id":"IGAM (MG):1700352/2018","orgao":"IGAM (MG)","uf":"MG","ano":2018,"categoria":"outorga","tipo":"08 - CAPTAÇÃO DE ÁGUA SUBTERRÂNEA POR MEIO DE POÇO TUBULAR JÁ EXISTENTE","empresa":"Fazenda******","municipio":null,"processo":"1700352/2018","link_oficial":"http://www.siam.mg.gov.br/siam/legislacao/consulta_portarias.jsp?num=1700352/2018","resumo":"08 - CAPTAÇÃO DE ÁGUA SUBTERRÂNEA POR MEIO DE POÇO TUBULAR JÁ EXISTENTE","aprox":true}},{"type":"Feature","geometry":{"type":"Point","coordinates":[-43.94,-19.92]},"properties":{"id":"IGAM (MG):1700353/2018","orgao":"IGAM (MG)","uf":"MG","ano":2018,"categoria":"outorga","tipo":"08 - CAPTAÇÃO DE ÁGUA SUBTERRÂNEA POR MEIO DE POÇO TUBULAR JÁ EXISTENTE","empresa":"Fazenda******","municipio":null,"processo":"1700353/2018","link_oficial":"http://www.siam.mg.gov.br/siam/legislacao/consulta_portarias.jsp?num=1700353/2018","resumo":"08 - CAPTAÇÃO DE ÁGUA SUBTERRÂNEA POR MEIO DE POÇO TUBULAR JÁ EXISTENTE","aprox":true}},{"type":"Feature","geometry":{"type":"Point","coordinates":[-43.94,-19.92]},"properties":{"id":"IGAM (MG):2000354/2018","orgao":"IGAM (MG)","uf":"MG","ano":2018,"categoria":"outorga","tipo":"01 - CAPTAÇÃO EM CORPO DE ÁGUA (RIOS, LAGOAS NATURAIS ETC)","empresa":"Jurandir******","municipio":null,"processo":"2000354/2018","link_oficial":"http://www.siam.mg.gov.br/siam/legislacao/consulta_portarias.jsp?num=2000354/2018","resumo":"01 - CAPTAÇÃO EM CORPO DE ÁGUA (RIOS, LAGOAS NATURAIS ETC)","aprox":true}},{"type":"Feature","geometry":{"type":"Point","coordinates":[-43.94,-19.92]},"properties":{"id":"IGAM (MG):1700355/2018","orgao":"IGAM (MG)","uf":"MG","ano":2018,"categoria":"outorga","tipo":"08 - CAPTAÇÃO DE ÁGUA SUBTERRÂNEA POR MEIO DE POÇO TUBULAR JÁ EXISTENTE","empresa":"Fazenda******","municipio":null,"processo":"1700355/2018","link_oficial":"http://www.siam.mg.gov.br/siam/legislacao/consulta_portarias.jsp?num=1700355/2018","resumo":"08 - CAPTAÇÃO DE ÁGUA SUBTERRÂNEA POR MEIO DE POÇO TUBULAR JÁ EXISTENTE","aprox":true}},{"type":"Feature","geometry":{"type":"Point","coordinates":[-43.94,-19.92]},"properties":{"id":"IGAM (MG):1700356/2018","orgao":"IGAM (MG)","uf":"MG","ano":2018,"categoria":"outorga","tipo":"08 - CAPTAÇÃO DE ÁGUA SUBTERRÂNEA POR MEIO DE POÇO TUBULAR JÁ EXISTENTE","empresa":"Fazenda******","municipio":null,"processo":"1700356/2018","link_oficial":"http://www.siam.mg.gov.br/siam/legislacao/consulta_portarias.jsp?num=1700356/2018","resumo":"08 - CAPTAÇÃO DE ÁGUA SUBTERRÂNEA POR MEIO DE POÇO TUBULAR JÁ EXISTENTE","aprox":true}},{"type":"Feature","geometry":{"type":"Point","coordinates":[-43.94,-19.92]},"properties":{"id":"IGAM (MG):2000357/2018","orgao":"IGAM (MG)","uf":"MG","ano":2018,"categoria":"outorga","tipo":"01 - CAPTAÇÃO EM CORPO DE ÁGUA (RIOS, LAGOAS NATURAIS ETC)","empresa":"Jurandir******","municipio":null,"processo":"2000357/2018","link_oficial":"http://www.siam.mg.gov.br/siam/legislacao/consulta_portarias.jsp?num=2000357/2018","resumo":"01 - CAPTAÇÃO EM CORPO DE ÁGUA (RIOS, LAGOAS NATURAIS ETC)","aprox":true}},{"type":"Feature","geometry":{"type":"Point","coordinates":[-43.94,-19.92]},"properties":{"id":"IGAM (MG):1700358/2018","orgao":"IGAM (MG)","uf":"MG","ano":2018,"categoria":"outorga","tipo":"08 - CAPTAÇÃO DE ÁGUA SUBTERRÂNEA POR MEIO DE POÇO TUBULAR JÁ EXISTENTE","empresa":"Sítio******","municipio":null,"processo":"1700358/2018","link_oficial":"http://www.siam.mg.gov.br/siam/legislacao/consulta_portarias.jsp?num=1700358/2018","resumo":"08 - CAPTAÇÃO DE ÁGUA SUBTERRÂNEA POR MEIO DE POÇO TUBULAR JÁ EXISTENTE","aprox":true}},{"type":"Feature","geometry":{"type":"Point","coordinates":[-43.94,-19.92]},"properties":{"id":"IGAM (MG):1700359/2018","orgao":"IGAM (MG)","uf":"MG","ano":2018,"categoria":"outorga","tipo":"08 - CAPTAÇÃO DE ÁGUA SUBTERRÂNEA POR MEIO DE POÇO TUBULAR JÁ EXISTENTE","empresa":"Fazenda******","municipio":null,"processo":"1700359/2018","link_oficial":"http://www.siam.mg.gov.br/siam/legislacao/consulta_portarias.jsp?num=1700359/2018","resumo":"08 - CAPTAÇÃO DE ÁGUA SUBTERRÂNEA POR MEIO DE POÇO TUBULAR JÁ EXISTENTE","aprox":true}},{"type":"Feature","geometry":{"type":"Point","coordinates":[-43.94,-19.92]},"properties":{"id":"IGAM (MG):1700360/2018","orgao":"IGAM (MG)","uf":"MG","ano":2018,"categoria":"outorga","tipo":"08 - CAPTAÇÃO DE ÁGUA SUBTERRÂNEA POR MEIO DE POÇO TUBULAR JÁ EXISTENTE","empresa":"Fazenda******","municipio":null,"processo":"1700360/2018","link_oficial":"http://www.siam.mg.gov.br/siam/legislacao/consulta_portarias.jsp?num=1700360/2018","resumo":"08 - CAPTAÇÃO DE ÁGUA SUBTERRÂNEA POR MEIO DE POÇO TUBULAR JÁ EXISTENTE","aprox":true}},{"type":"Feature","geometry":{"type":"Point","coordinates":[-43.94,-19.92]},"properties":{"id":"IGAM (MG):1700361/2018","orgao":"IGAM (MG)","uf":"MG","ano":2018,"categoria":"outorga","tipo":"08 - CAPTAÇÃO DE ÁGUA SUBTERRÂNEA POR MEIO DE POÇO TUBULAR JÁ EXISTENTE","empresa":"Fazenda******","municipio":null,"processo":"1700361/2018","link_oficial":"http://www.siam.mg.gov.br/siam/legislacao/consulta_portarias.jsp?num=1700361/2018","resumo":"08 - CAPTAÇÃO DE ÁGUA SUBTERRÂNEA POR MEIO DE POÇO TUBULAR JÁ EXISTENTE","aprox":true}},{"type":"Feature","geometry":{"type":"Point","coordinates":[-43.94,-19.92]},"properties":{"id":"IGAM (MG):2000362/2018","orgao":"IGAM (MG)","uf":"MG","ano":2018,"categoria":"outorga","tipo":"01 - CAPTAÇÃO EM CORPO DE ÁGUA (RIOS, LAGOAS NATURAIS ETC)","empresa":"Cláudio******","municipio":null,"processo":"2000362/2018","link_oficial":"http://www.siam.mg.gov.br/siam/legislacao/consulta_portarias.jsp?num=2000362/2018","resumo":"01 - CAPTAÇÃO EM CORPO DE ÁGUA (RIOS, LAGOAS NATURAIS ETC)","aprox":true}},{"type":"Feature","geometry":{"type":"Point","coordinates":[-43.94,-19.92]},"properties":{"id":"IGAM (MG):1700363/2018","orgao":"IGAM (MG)","uf":"MG","ano":2018,"categoria":"outorga","tipo":"23 - CAPTAÇÃO DE ÁGUA SUBTERRÂNEA PARA FINS DE PESQUISA HIDROGEOLÓGICA","empresa":"Fazenda******","municipio":null,"processo":"1700363/2018","link_oficial":"http://www.siam.mg.gov.br/siam/legislacao/consulta_portarias.jsp?num=1700363/2018","resumo":"23 - CAPTAÇÃO DE ÁGUA SUBTERRÂNEA PARA FINS DE PESQUISA HIDROGEOLÓGICA","aprox":true}},{"type":"Feature","geometry":{"type":"Point","coordinates":[-43.94,-19.92]},"properties":{"id":"IGAM (MG):1700364/2018","orgao":"IGAM (MG)","uf":"MG","ano":2018,"categoria":"outorga","tipo":"23 - CAPTAÇÃO DE ÁGUA SUBTERRÂNEA PARA FINS DE PESQUISA HIDROGEOLÓGICA","empresa":"Fazenda******","municipio":null,"processo":"1700364/2018","link_oficial":"http://www.siam.mg.gov.br/siam/legislacao/consulta_portarias.jsp?num=1700364/2018","resumo":"23 - CAPTAÇÃO DE ÁGUA SUBTERRÂNEA PARA FINS DE PESQUISA HIDROGEOLÓGICA","aprox":true}},{"type":"Feature","geometry":{"type":"Point","coordinates":[-43.94,-19.92]},"properties":{"id":"IGAM (MG):1700365/2018","orgao":"IGAM (MG)","uf":"MG","ano":2018,"categoria":"outorga","tipo":"08 - CAPTAÇÃO DE ÁGUA SUBTERRÂNEA POR MEIO DE POÇO TUBULAR JÁ EXISTENTE","empresa":"Fazenda******","municipio":null,"processo":"1700365/2018","link_oficial":"http://www.siam.mg.gov.br/siam/legislacao/consulta_portarias.jsp?num=1700365/2018","resumo":"08 - CAPTAÇÃO DE ÁGUA SUBTERRÂNEA POR MEIO DE POÇO TUBULAR JÁ EXISTENTE","aprox":true}},{"type":"Feature","geometry":{"type":"Point","coordinates":[-43.94,-19.92]},"properties":{"id":"IGAM (MG):1700366/2018","orgao":"IGAM (MG)","uf":"MG","ano":2018,"categoria":"outorga","tipo":"08 - CAPTAÇÃO DE ÁGUA SUBTERRÂNEA POR MEIO DE POÇO TUBULAR JÁ EXISTENTE","empresa":"Fazenda******","municipio":null,"processo":"1700366/2018","link_oficial":"http://www.siam.mg.gov.br/siam/legislacao/consulta_portarias.jsp?num=1700366/2018","resumo":"08 - CAPTAÇÃO DE ÁGUA SUBTERRÂNEA POR MEIO DE POÇO TUBULAR JÁ EXISTENTE","aprox":true}},{"type":"Feature","geometry":{"type":"Point","coordinates":[-43.94,-19.92]},"properties":{"id":"IGAM (MG):2000367/2018","orgao":"IGAM (MG)","uf":"MG","ano":2018,"categoria":"outorga","tipo":"01 - CAPTAÇÃO EM CORPO DE ÁGUA (RIOS, LAGOAS NATURAIS ETC)","empresa":"José******","municipio":null,"processo":"2000367/2018","link_oficial":"http://www.siam.mg.gov.br/siam/legislacao/consulta_portarias.jsp?num=2000367/2018","resumo":"01 - CAPTAÇÃO EM CORPO DE ÁGUA (RIOS, LAGOAS NATURAIS ETC)","aprox":true}},{"type":"Feature","geometry":{"type":"Point","coordinates":[-43.94,-19.92]},"properties":{"id":"IGAM (MG):1900368/2018","orgao":"IGAM (MG)","uf":"MG","ano":2018,"categoria":"outorga","tipo":"16 - TRAVESSIA RODO-FERROVIÁRIA (PONTES E BUEIROS)","empresa":"CONCEBRA******","municipio":null,"processo":"1900368/2018","link_oficial":"http://www.siam.mg.gov.br/siam/legislacao/consulta_portarias.jsp?num=1900368/2018","resumo":"16 - TRAVESSIA RODO-FERROVIÁRIA (PONTES E BUEIROS)","aprox":true}},{"type":"Feature","geometry":{"type":"Point","coordinates":[-43.94,-19.92]},"properties":{"id":"IGAM (MG):2000369/2018","orgao":"IGAM (MG)","uf":"MG","ano":2018,"categoria":"outorga","tipo":"01 - CAPTAÇÃO EM CORPO DE ÁGUA (RIOS, LAGOAS NATURAIS ETC)","empresa":"Marco******","municipio":null,"processo":"2000369/2018","link_oficial":"http://www.siam.mg.gov.br/siam/legislacao/consulta_portarias.jsp?num=2000369/2018","resumo":"01 - CAPTAÇÃO EM CORPO DE ÁGUA (RIOS, LAGOAS NATURAIS ETC)","aprox":true}},{"type":"Feature","geometry":{"type":"Point","coordinates":[-43.94,-19.92]},"properties":{"id":"IGAM (MG):1700370/2018","orgao":"IGAM (MG)","uf":"MG","ano":2018,"categoria":"outorga","tipo":"08 - CAPTAÇÃO DE ÁGUA SUBTERRÂNEA POR MEIO DE POÇO TUBULAR JÁ EXISTENTE","empresa":"Fazenda******","municipio":null,"processo":"1700370/2018","link_oficial":"http://www.siam.mg.gov.br/siam/legislacao/consulta_portarias.jsp?num=1700370/2018","resumo":"08 - CAPTAÇÃO DE ÁGUA SUBTERRÂNEA POR MEIO DE POÇO TUBULAR JÁ EXISTENTE","aprox":true}},{"type":"Feature","geometry":{"type":"Point","coordinates":[-43.94,-19.92]},"properties":{"id":"IGAM (MG):1900371/2018","orgao":"IGAM (MG)","uf":"MG","ano":2018,"categoria":"outorga","tipo":"08 - CAPTAÇÃO DE ÁGUA SUBTERRÂNEA POR MEIO DE POÇO TUBULAR JÁ EXISTENTE","empresa":"FAZENDA******","municipio":null,"processo":"1900371/2018","link_oficial":"http://www.siam.mg.gov.br/siam/legislacao/consulta_portarias.jsp?num=1900371/2018","resumo":"08 - CAPTAÇÃO DE ÁGUA SUBTERRÂNEA POR MEIO DE POÇO TUBULAR JÁ EXISTENTE","aprox":true}},{"type":"Feature","geometry":{"type":"Point","coordinates":[-43.94,-19.92]},"properties":{"id":"IGAM (MG):1700372/2018","orgao":"IGAM (MG)","uf":"MG","ano":2018,"categoria":"outorga","tipo":"23 - CAPTAÇÃO DE ÁGUA SUBTERRÂNEA PARA FINS DE PESQUISA HIDROGEOLÓGICA","empresa":"Fazenda******","municipio":null,"processo":"1700372/2018","link_oficial":"http://www.siam.mg.gov.br/siam/legislacao/consulta_portarias.jsp?num=1700372/2018","resumo":"23 - CAPTAÇÃO DE ÁGUA SUBTERRÂNEA PARA FINS DE PESQUISA HIDROGEOLÓGICA","aprox":true}},{"type":"Feature","geometry":{"type":"Point","coordinates":[-43.94,-19.92]},"properties":{"id":"IGAM (MG):2000373/2018","orgao":"IGAM (MG)","uf":"MG","ano":2018,"categoria":"outorga","tipo":"08 - CAPTAÇÃO DE ÁGUA SUBTERRÂNEA POR MEIO DE POÇO TUBULAR JÁ EXISTENTE","empresa":"Hospital******","municipio":null,"processo":"2000373/2018","link_oficial":"http://www.siam.mg.gov.br/siam/legislacao/consulta_portarias.jsp?num=2000373/2018","resumo":"08 - CAPTAÇÃO DE ÁGUA SUBTERRÂNEA POR MEIO DE POÇO TUBULAR JÁ EXISTENTE","aprox":true}},{"type":"Feature","geometry":{"type":"Point","coordinates":[-43.94,-19.92]},"properties":{"id":"IGAM (MG):1900375/2018","orgao":"IGAM (MG)","uf":"MG","ano":2018,"categoria":"outorga","tipo":"08 - CAPTAÇÃO DE ÁGUA SUBTERRÂNEA POR MEIO DE POÇO TUBULAR JÁ EXISTENTE","empresa":"FAZENDA******","municipio":null,"processo":"1900375/2018","link_oficial":"http://www.siam.mg.gov.br/siam/legislacao/consulta_portarias.jsp?num=1900375/2018","resumo":"08 - CAPTAÇÃO DE ÁGUA SUBTERRÂNEA POR MEIO DE POÇO TUBULAR JÁ EXISTENTE","aprox":true}},{"type":"Feature","geometry":{"type":"Point","coordinates":[-43.94,-19.92]},"properties":{"id":"IGAM (MG):1700376/2018","orgao":"IGAM (MG)","uf":"MG","ano":2018,"categoria":"outorga","tipo":"23 - CAPTAÇÃO DE ÁGUA SUBTERRÂNEA PARA FINS DE PESQUISA HIDROGEOLÓGICA","empresa":"Fazenda******","municipio":null,"processo":"1700376/2018","link_oficial":"http://www.siam.mg.gov.br/siam/legislacao/consulta_portarias.jsp?num=1700376/2018","resumo":"23 - CAPTAÇÃO DE ÁGUA SUBTERRÂNEA PARA FINS DE PESQUISA HIDROGEOLÓGICA","aprox":true}},{"type":"Feature","geometry":{"type":"Point","coordinates":[-43.94,-19.92]},"properties":{"id":"IGAM (MG):1700377/2018","orgao":"IGAM (MG)","uf":"MG","ano":2018,"categoria":"outorga","tipo":"08 - CAPTAÇÃO DE ÁGUA SUBTERRÂNEA POR MEIO DE POÇO TUBULAR JÁ EXISTENTE","empresa":"Fazenda******","municipio":null,"processo":"1700377/2018","link_oficial":"http://www.siam.mg.gov.br/siam/legislacao/consulta_portarias.jsp?num=1700377/2018","resumo":"08 - CAPTAÇÃO DE ÁGUA SUBTERRÂNEA POR MEIO DE POÇO TUBULAR JÁ EXISTENTE","aprox":true}},{"type":"Feature","geometry":{"type":"Point","coordinates":[-43.94,-19.92]},"properties":{"id":"IGAM (MG):2000378/2018","orgao":"IGAM (MG)","uf":"MG","ano":2018,"categoria":"outorga","tipo":"01 - CAPTAÇÃO EM CORPO DE ÁGUA (RIOS, LAGOAS NATURAIS ETC)","empresa":"Geraldo******","municipio":null,"processo":"2000378/2018","link_oficial":"http://www.siam.mg.gov.br/siam/legislacao/consulta_portarias.jsp?num=2000378/2018","resumo":"01 - CAPTAÇÃO EM CORPO DE ÁGUA (RIOS, LAGOAS NATURAIS ETC)","aprox":true}},{"type":"Feature","geometry":{"type":"Point","coordinates":[-43.94,-19.92]},"properties":{"id":"IGAM (MG):2000379/2018","orgao":"IGAM (MG)","uf":"MG","ano":2018,"categoria":"outorga","tipo":"01 - CAPTAÇÃO EM CORPO DE ÁGUA (RIOS, LAGOAS NATURAIS ETC)","empresa":"Edmilson******","municipio":null,"processo":"2000379/2018","link_oficial":"http://www.siam.mg.gov.br/siam/legislacao/consulta_portarias.jsp?num=2000379/2018","resumo":"01 - CAPTAÇÃO EM CORPO DE ÁGUA (RIOS, LAGOAS NATURAIS ETC)","aprox":true}},{"type":"Feature","geometry":{"type":"Point","coordinates":[-43.94,-19.92]},"properties":{"id":"IGAM (MG):1900380/2018","orgao":"IGAM (MG)","uf":"MG","ano":2018,"categoria":"outorga","tipo":"08 - CAPTAÇÃO DE ÁGUA SUBTERRÂNEA POR MEIO DE POÇO TUBULAR JÁ EXISTENTE","empresa":"FAZENDA******","municipio":null,"processo":"1900380/2018","link_oficial":"http://www.siam.mg.gov.br/siam/legislacao/consulta_portarias.jsp?num=1900380/2018","resumo":"08 - CAPTAÇÃO DE ÁGUA SUBTERRÂNEA POR MEIO DE POÇO TUBULAR JÁ EXISTENTE","aprox":true}},{"type":"Feature","geometry":{"type":"Point","coordinates":[-43.94,-19.92]},"properties":{"id":"IGAM (MG):1400381/2018","orgao":"IGAM (MG)","uf":"MG","ano":2018,"categoria":"outorga","tipo":"01 - CAPTAÇÃO EM CORPO DE ÁGUA (RIOS, LAGOAS NATURAIS ETC)","empresa":"Pedro******","municipio":null,"processo":"1400381/2018","link_oficial":"http://www.siam.mg.gov.br/siam/legislacao/consulta_portarias.jsp?num=1400381/2018","resumo":"01 - CAPTAÇÃO EM CORPO DE ÁGUA (RIOS, LAGOAS NATURAIS ETC)","aprox":true}},{"type":"Feature","geometry":{"type":"Point","coordinates":[-43.94,-19.92]},"properties":{"id":"IGAM (MG):2000382/2018","orgao":"IGAM (MG)","uf":"MG","ano":2018,"categoria":"outorga","tipo":"01 - CAPTAÇÃO EM CORPO DE ÁGUA (RIOS, LAGOAS NATURAIS ETC)","empresa":"Wilians******","municipio":null,"processo":"2000382/2018","link_oficial":"http://www.siam.mg.gov.br/siam/legislacao/consulta_portarias.jsp?num=2000382/2018","resumo":"01 - CAPTAÇÃO EM CORPO DE ÁGUA (RIOS, LAGOAS NATURAIS ETC)","aprox":true}},{"type":"Feature","geometry":{"type":"Point","coordinates":[-43.94,-19.92]},"properties":{"id":"IGAM (MG):1700383/2018","orgao":"IGAM (MG)","uf":"MG","ano":2018,"categoria":"outorga","tipo":"23 - CAPTAÇÃO DE ÁGUA SUBTERRÂNEA PARA FINS DE PESQUISA HIDROGEOLÓGICA","empresa":"Fazenda******","municipio":null,"processo":"1700383/2018","link_oficial":"http://www.siam.mg.gov.br/siam/legislacao/consulta_portarias.jsp?num=1700383/2018","resumo":"23 - CAPTAÇÃO DE ÁGUA SUBTERRÂNEA PARA FINS DE PESQUISA HIDROGEOLÓGICA","aprox":true}},{"type":"Feature","geometry":{"type":"Point","coordinates":[-43.94,-19.92]},"properties":{"id":"IGAM (MG):2000384/2018","orgao":"IGAM (MG)","uf":"MG","ano":2018,"categoria":"outorga","tipo":"01 - CAPTAÇÃO EM CORPO DE ÁGUA (RIOS, LAGOAS NATURAIS ETC)","empresa":"Cleber******","municipio":null,"processo":"2000384/2018","link_oficial":"http://www.siam.mg.gov.br/siam/legislacao/consulta_portarias.jsp?num=2000384/2018","resumo":"01 - CAPTAÇÃO EM CORPO DE ÁGUA (RIOS, LAGOAS NATURAIS ETC)","aprox":true}},{"type":"Feature","geometry":{"type":"Point","coordinates":[-43.94,-19.92]},"properties":{"id":"IGAM (MG):2000385/2018","orgao":"IGAM (MG)","uf":"MG","ano":2018,"categoria":"outorga","tipo":"01 - CAPTAÇÃO EM CORPO DE ÁGUA (RIOS, LAGOAS NATURAIS ETC)","empresa":"Mário******","municipio":null,"processo":"2000385/2018","link_oficial":"http://www.siam.mg.gov.br/siam/legislacao/consulta_portarias.jsp?num=2000385/2018","resumo":"01 - CAPTAÇÃO EM CORPO DE ÁGUA (RIOS, LAGOAS NATURAIS ETC)","aprox":true}},{"type":"Feature","geometry":{"type":"Point","coordinates":[-43.94,-19.92]},"properties":{"id":"IGAM (MG):1900386/2018","orgao":"IGAM (MG)","uf":"MG","ano":2018,"categoria":"outorga","tipo":"08 - CAPTAÇÃO DE ÁGUA SUBTERRÂNEA POR MEIO DE POÇO TUBULAR JÁ EXISTENTE","empresa":"FAZENDA******","municipio":null,"processo":"1900386/2018","link_oficial":"http://www.siam.mg.gov.br/siam/legislacao/consulta_portarias.jsp?num=1900386/2018","resumo":"08 - CAPTAÇÃO DE ÁGUA SUBTERRÂNEA POR MEIO DE POÇO TUBULAR JÁ EXISTENTE","aprox":true}},{"type":"Feature","geometry":{"type":"Point","coordinates":[-43.94,-19.92]},"properties":{"id":"IGAM (MG):1900387/2018","orgao":"IGAM (MG)","uf":"MG","ano":2018,"categoria":"outorga","tipo":"08 - CAPTAÇÃO DE ÁGUA SUBTERRÂNEA POR MEIO DE POÇO TUBULAR JÁ EXISTENTE","empresa":"FAZENDA******","municipio":null,"processo":"1900387/2018","link_oficial":"http://www.siam.mg.gov.br/siam/legislacao/consulta_portarias.jsp?num=1900387/2018","resumo":"08 - CAPTAÇÃO DE ÁGUA SUBTERRÂNEA POR MEIO DE POÇO TUBULAR JÁ EXISTENTE","aprox":true}},{"type":"Feature","geometry":{"type":"Point","coordinates":[-43.94,-19.92]},"properties":{"id":"IGAM (MG):1900388/2018","orgao":"IGAM (MG)","uf":"MG","ano":2018,"categoria":"outorga","tipo":"08 - CAPTAÇÃO DE ÁGUA SUBTERRÂNEA POR MEIO DE POÇO TUBULAR JÁ EXISTENTE","empresa":"Chacara******","municipio":null,"processo":"1900388/2018","link_oficial":"http://www.siam.mg.gov.br/siam/legislacao/consulta_portarias.jsp?num=1900388/2018","resumo":"08 - CAPTAÇÃO DE ÁGUA SUBTERRÂNEA POR MEIO DE POÇO TUBULAR JÁ EXISTENTE","aprox":true}},{"type":"Feature","geometry":{"type":"Point","coordinates":[-43.94,-19.92]},"properties":{"id":"IGAM (MG):1700389/2018","orgao":"IGAM (MG)","uf":"MG","ano":2018,"categoria":"outorga","tipo":"08 - CAPTAÇÃO DE ÁGUA SUBTERRÂNEA POR MEIO DE POÇO TUBULAR JÁ EXISTENTE","empresa":"Posto******","municipio":null,"processo":"1700389/2018","link_oficial":"http://www.siam.mg.gov.br/siam/legislacao/consulta_portarias.jsp?num=1700389/2018","resumo":"08 - CAPTAÇÃO DE ÁGUA SUBTERRÂNEA POR MEIO DE POÇO TUBULAR JÁ EXISTENTE","aprox":true}},{"type":"Feature","geometry":{"type":"Point","coordinates":[-43.94,-19.92]},"properties":{"id":"IGAM (MG):1900390/2018","orgao":"IGAM (MG)","uf":"MG","ano":2018,"categoria":"outorga","tipo":"01 - CAPTAÇÃO EM CORPO DE ÁGUA (RIOS, LAGOAS NATURAIS ETC)","empresa":"CONSTRUTORA******","municipio":null,"processo":"1900390/2018","link_oficial":"http://www.siam.mg.gov.br/siam/legislacao/consulta_portarias.jsp?num=1900390/2018","resumo":"01 - CAPTAÇÃO EM CORPO DE ÁGUA (RIOS, LAGOAS NATURAIS ETC)","aprox":true}},{"type":"Feature","geometry":{"type":"Point","coordinates":[-43.94,-19.92]},"properties":{"id":"IGAM (MG):1700391/2018","orgao":"IGAM (MG)","uf":"MG","ano":2018,"categoria":"outorga","tipo":"08 - CAPTAÇÃO DE ÁGUA SUBTERRÂNEA POR MEIO DE POÇO TUBULAR JÁ EXISTENTE","empresa":"Monsanto******","municipio":null,"processo":"1700391/2018","link_oficial":"http://www.siam.mg.gov.br/siam/legislacao/consulta_portarias.jsp?num=1700391/2018","resumo":"08 - CAPTAÇÃO DE ÁGUA SUBTERRÂNEA POR MEIO DE POÇO TUBULAR JÁ EXISTENTE","aprox":true}},{"type":"Feature","geometry":{"type":"Point","coordinates":[-43.94,-19.92]},"properties":{"id":"IGAM (MG):1900392/2018","orgao":"IGAM (MG)","uf":"MG","ano":2018,"categoria":"outorga","tipo":"01 - CAPTAÇÃO EM CORPO DE ÁGUA (RIOS, LAGOAS NATURAIS ETC)","empresa":"FAZENDA******","municipio":null,"processo":"1900392/2018","link_oficial":"http://www.siam.mg.gov.br/siam/legislacao/consulta_portarias.jsp?num=1900392/2018","resumo":"01 - CAPTAÇÃO EM CORPO DE ÁGUA (RIOS, LAGOAS NATURAIS ETC)","aprox":true}},{"type":"Feature","geometry":{"type":"Point","coordinates":[-43.94,-19.92]},"properties":{"id":"IGAM (MG):1700393/2018","orgao":"IGAM (MG)","uf":"MG","ano":2018,"categoria":"outorga","tipo":"08 - CAPTAÇÃO DE ÁGUA SUBTERRÂNEA POR MEIO DE POÇO TUBULAR JÁ EXISTENTE","empresa":"Fazenda******","municipio":null,"processo":"1700393/2018","link_oficial":"http://www.siam.mg.gov.br/siam/legislacao/consulta_portarias.jsp?num=1700393/2018","resumo":"08 - CAPTAÇÃO DE ÁGUA SUBTERRÂNEA POR MEIO DE POÇO TUBULAR JÁ EXISTENTE","aprox":true}},{"type":"Feature","geometry":{"type":"Point","coordinates":[-43.94,-19.92]},"properties":{"id":"IGAM (MG):1900394/2018","orgao":"IGAM (MG)","uf":"MG","ano":2018,"categoria":"outorga","tipo":"01 - CAPTAÇÃO EM CORPO DE ÁGUA (RIOS, LAGOAS NATURAIS ETC)","empresa":"FAZENDA******","municipio":null,"processo":"1900394/2018","link_oficial":"http://www.siam.mg.gov.br/siam/legislacao/consulta_portarias.jsp?num=1900394/2018","resumo":"01 - CAPTAÇÃO EM CORPO DE ÁGUA (RIOS, LAGOAS NATURAIS ETC)","aprox":true}},{"type":"Feature","geometry":{"type":"Point","coordinates":[-43.94,-19.92]},"properties":{"id":"IGAM (MG):1700395/2018","orgao":"IGAM (MG)","uf":"MG","ano":2018,"categoria":"outorga","tipo":"08 - CAPTAÇÃO DE ÁGUA SUBTERRÂNEA POR MEIO DE POÇO TUBULAR JÁ EXISTENTE","empresa":"Fazenda******","municipio":null,"processo":"1700395/2018","link_oficial":"http://www.siam.mg.gov.br/siam/legislacao/consulta_portarias.jsp?num=1700395/2018","resumo":"08 - CAPTAÇÃO DE ÁGUA SUBTERRÂNEA POR MEIO DE POÇO TUBULAR JÁ EXISTENTE","aprox":true}},{"type":"Feature","geometry":{"type":"Point","coordinates":[-43.94,-19.92]},"properties":{"id":"IGAM (MG):1900396/2018","orgao":"IGAM (MG)","uf":"MG","ano":2018,"categoria":"outorga","tipo":"01 - CAPTAÇÃO EM CORPO DE ÁGUA (RIOS, LAGOAS NATURAIS ETC)","empresa":"FAZENDA******","municipio":null,"processo":"1900396/2018","link_oficial":"http://www.siam.mg.gov.br/siam/legislacao/consulta_portarias.jsp?num=1900396/2018","resumo":"01 - CAPTAÇÃO EM CORPO DE ÁGUA (RIOS, LAGOAS NATURAIS ETC)","aprox":true}},{"type":"Feature","geometry":{"type":"Point","coordinates":[-43.94,-19.92]},"properties":{"id":"IGAM (MG):1900397/2018","orgao":"IGAM (MG)","uf":"MG","ano":2018,"categoria":"outorga","tipo":"01 - CAPTAÇÃO EM CORPO DE ÁGUA (RIOS, LAGOAS NATURAIS ETC)","empresa":"FAZENDA******","municipio":null,"processo":"1900397/2018","link_oficial":"http://www.siam.mg.gov.br/siam/legislacao/consulta_portarias.jsp?num=1900397/2018","resumo":"01 - CAPTAÇÃO EM CORPO DE ÁGUA (RIOS, LAGOAS NATURAIS ETC)","aprox":true}},{"type":"Feature","geometry":{"type":"Point","coordinates":[-43.94,-19.92]},"properties":{"id":"IGAM (MG):1900398/2018","orgao":"IGAM (MG)","uf":"MG","ano":2018,"categoria":"outorga","tipo":"14 - DRAGAGEM DE CURSO DE ÁGUA PARA FINS DE EXTRAÇÃO MINERAL","empresa":"FAZENDA******","municipio":null,"processo":"1900398/2018","link_oficial":"http://www.siam.mg.gov.br/siam/legislacao/consulta_portarias.jsp?num=1900398/2018","resumo":"14 - DRAGAGEM DE CURSO DE ÁGUA PARA FINS DE EXTRAÇÃO MINERAL","aprox":true}},{"type":"Feature","geometry":{"type":"Point","coordinates":[-43.94,-19.92]},"properties":{"id":"IGAM (MG):0800399/2018","orgao":"IGAM (MG)","uf":"MG","ano":2018,"categoria":"outorga","tipo":"08 - CAPTAÇÃO DE ÁGUA SUBTERRÂNEA POR MEIO DE POÇO TUBULAR JÁ EXISTENTE","empresa":"Cristália******","municipio":null,"processo":"0800399/2018","link_oficial":"http://www.siam.mg.gov.br/siam/legislacao/consulta_portarias.jsp?num=0800399/2018","resumo":"08 - CAPTAÇÃO DE ÁGUA SUBTERRÂNEA POR MEIO DE POÇO TUBULAR JÁ EXISTENTE","aprox":true}},{"type":"Feature","geometry":{"type":"Point","coordinates":[-43.94,-19.92]},"properties":{"id":"IGAM (MG):0800400/2018","orgao":"IGAM (MG)","uf":"MG","ano":2018,"categoria":"outorga","tipo":"08 - CAPTAÇÃO DE ÁGUA SUBTERRÂNEA POR MEIO DE POÇO TUBULAR JÁ EXISTENTE","empresa":"Cristália******","municipio":null,"processo":"0800400/2018","link_oficial":"http://www.siam.mg.gov.br/siam/legislacao/consulta_portarias.jsp?num=0800400/2018","resumo":"08 - CAPTAÇÃO DE ÁGUA SUBTERRÂNEA POR MEIO DE POÇO TUBULAR JÁ EXISTENTE","aprox":true}},{"type":"Feature","geometry":{"type":"Point","coordinates":[-43.94,-19.92]},"properties":{"id":"IGAM (MG):0800401/2018","orgao":"IGAM (MG)","uf":"MG","ano":2018,"categoria":"outorga","tipo":"08 - CAPTAÇÃO DE ÁGUA SUBTERRÂNEA POR MEIO DE POÇO TUBULAR JÁ EXISTENTE","empresa":"Cristália******","municipio":null,"processo":"0800401/2018","link_oficial":"http://www.siam.mg.gov.br/siam/legislacao/consulta_portarias.jsp?num=0800401/2018","resumo":"08 - CAPTAÇÃO DE ÁGUA SUBTERRÂNEA POR MEIO DE POÇO TUBULAR JÁ EXISTENTE","aprox":true}},{"type":"Feature","geometry":{"type":"Point","coordinates":[-43.94,-19.92]},"properties":{"id":"IGAM (MG):1700402/2018","orgao":"IGAM (MG)","uf":"MG","ano":2018,"categoria":"outorga","tipo":"08 - CAPTAÇÃO DE ÁGUA SUBTERRÂNEA POR MEIO DE POÇO TUBULAR JÁ EXISTENTE","empresa":"Fazenda******","municipio":null,"processo":"1700402/2018","link_oficial":"http://www.siam.mg.gov.br/siam/legislacao/consulta_portarias.jsp?num=1700402/2018","resumo":"08 - CAPTAÇÃO DE ÁGUA SUBTERRÂNEA POR MEIO DE POÇO TUBULAR JÁ EXISTENTE","aprox":true}},{"type":"Feature","geometry":{"type":"Point","coordinates":[-43.94,-19.92]},"properties":{"id":"IGAM (MG):0800403/2018","orgao":"IGAM (MG)","uf":"MG","ano":2018,"categoria":"outorga","tipo":"08 - CAPTAÇÃO DE ÁGUA SUBTERRÂNEA POR MEIO DE POÇO TUBULAR JÁ EXISTENTE","empresa":"Cristália******","municipio":null,"processo":"0800403/2018","link_oficial":"http://www.siam.mg.gov.br/siam/legislacao/consulta_portarias.jsp?num=0800403/2018","resumo":"08 - CAPTAÇÃO DE ÁGUA SUBTERRÂNEA POR MEIO DE POÇO TUBULAR JÁ EXISTENTE","aprox":true}},{"type":"Feature","geometry":{"type":"Point","coordinates":[-43.94,-19.92]},"properties":{"id":"IGAM (MG):0800404/2018","orgao":"IGAM (MG)","uf":"MG","ano":2018,"categoria":"outorga","tipo":"08 - CAPTAÇÃO DE ÁGUA SUBTERRÂNEA POR MEIO DE POÇO TUBULAR JÁ EXISTENTE","empresa":"Cristália******","municipio":null,"processo":"0800404/2018","link_oficial":"http://www.siam.mg.gov.br/siam/legislacao/consulta_portarias.jsp?num=0800404/2018","resumo":"08 - CAPTAÇÃO DE ÁGUA SUBTERRÂNEA POR MEIO DE POÇO TUBULAR JÁ EXISTENTE","aprox":true}},{"type":"Feature","geometry":{"type":"Point","coordinates":[-43.94,-19.92]},"properties":{"id":"IGAM (MG):0800405/2018","orgao":"IGAM (MG)","uf":"MG","ano":2018,"categoria":"outorga","tipo":"08 - CAPTAÇÃO DE ÁGUA SUBTERRÂNEA POR MEIO DE POÇO TUBULAR JÁ EXISTENTE","empresa":"Fazenda******","municipio":null,"processo":"0800405/2018","link_oficial":"http://www.siam.mg.gov.br/siam/legislacao/consulta_portarias.jsp?num=0800405/2018","resumo":"08 - CAPTAÇÃO DE ÁGUA SUBTERRÂNEA POR MEIO DE POÇO TUBULAR JÁ EXISTENTE","aprox":true}},{"type":"Feature","geometry":{"type":"Point","coordinates":[-43.94,-19.92]},"properties":{"id":"IGAM (MG):0800406/2018","orgao":"IGAM (MG)","uf":"MG","ano":2018,"categoria":"outorga","tipo":"08 - CAPTAÇÃO DE ÁGUA SUBTERRÂNEA POR MEIO DE POÇO TUBULAR JÁ EXISTENTE","empresa":"Fazenda******","municipio":null,"processo":"0800406/2018","link_oficial":"http://www.siam.mg.gov.br/siam/legislacao/consulta_portarias.jsp?num=0800406/2018","resumo":"08 - CAPTAÇÃO DE ÁGUA SUBTERRÂNEA POR MEIO DE POÇO TUBULAR JÁ EXISTENTE","aprox":true}},{"type":"Feature","geometry":{"type":"Point","coordinates":[-43.94,-19.92]},"properties":{"id":"IGAM (MG):1700407/2018","orgao":"IGAM (MG)","uf":"MG","ano":2018,"categoria":"outorga","tipo":"08 - CAPTAÇÃO DE ÁGUA SUBTERRÂNEA POR MEIO DE POÇO TUBULAR JÁ EXISTENTE","empresa":"Fazenda******","municipio":null,"processo":"1700407/2018","link_oficial":"http://www.siam.mg.gov.br/siam/legislacao/consulta_portarias.jsp?num=1700407/2018","resumo":"08 - CAPTAÇÃO DE ÁGUA SUBTERRÂNEA POR MEIO DE POÇO TUBULAR JÁ EXISTENTE","aprox":true}},{"type":"Feature","geometry":{"type":"Point","coordinates":[-43.94,-19.92]},"properties":{"id":"IGAM (MG):0800408/2018","orgao":"IGAM (MG)","uf":"MG","ano":2018,"categoria":"outorga","tipo":"08 - CAPTAÇÃO DE ÁGUA SUBTERRÂNEA POR MEIO DE POÇO TUBULAR JÁ EXISTENTE","empresa":"General******","municipio":null,"processo":"0800408/2018","link_oficial":"http://www.siam.mg.gov.br/siam/legislacao/consulta_portarias.jsp?num=0800408/2018","resumo":"08 - CAPTAÇÃO DE ÁGUA SUBTERRÂNEA POR MEIO DE POÇO TUBULAR JÁ EXISTENTE","aprox":true}},{"type":"Feature","geometry":{"type":"Point","coordinates":[-43.94,-19.92]},"properties":{"id":"IGAM (MG):1700409/2018","orgao":"IGAM (MG)","uf":"MG","ano":2018,"categoria":"outorga","tipo":"08 - CAPTAÇÃO DE ÁGUA SUBTERRÂNEA POR MEIO DE POÇO TUBULAR JÁ EXISTENTE","empresa":"Kelley******","municipio":null,"processo":"1700409/2018","link_oficial":"http://www.siam.mg.gov.br/siam/legislacao/consulta_portarias.jsp?num=1700409/2018","resumo":"08 - CAPTAÇÃO DE ÁGUA SUBTERRÂNEA POR MEIO DE POÇO TUBULAR JÁ EXISTENTE","aprox":true}},{"type":"Feature","geometry":{"type":"Point","coordinates":[-43.94,-19.92]},"properties":{"id":"IGAM (MG):0800410/2018","orgao":"IGAM (MG)","uf":"MG","ano":2018,"categoria":"outorga","tipo":"01 - CAPTAÇÃO EM CORPO DE ÁGUA (RIOS, LAGOAS NATURAIS ETC)","empresa":"General******","municipio":null,"processo":"0800410/2018","link_oficial":"http://www.siam.mg.gov.br/siam/legislacao/consulta_portarias.jsp?num=0800410/2018","resumo":"01 - CAPTAÇÃO EM CORPO DE ÁGUA (RIOS, LAGOAS NATURAIS ETC)","aprox":true}},{"type":"Feature","geometry":{"type":"Point","coordinates":[-43.94,-19.92]},"properties":{"id":"IGAM (MG):1900411/2018","orgao":"IGAM (MG)","uf":"MG","ano":2018,"categoria":"outorga","tipo":"08 - CAPTAÇÃO DE ÁGUA SUBTERRÂNEA POR MEIO DE POÇO TUBULAR JÁ EXISTENTE","empresa":"CONCEBRA******","municipio":null,"processo":"1900411/2018","link_oficial":"http://www.siam.mg.gov.br/siam/legislacao/consulta_portarias.jsp?num=1900411/2018","resumo":"08 - CAPTAÇÃO DE ÁGUA SUBTERRÂNEA POR MEIO DE POÇO TUBULAR JÁ EXISTENTE","aprox":true}},{"type":"Feature","geometry":{"type":"Point","coordinates":[-43.94,-19.92]},"properties":{"id":"IGAM (MG):0800412/2018","orgao":"IGAM (MG)","uf":"MG","ano":2018,"categoria":"outorga","tipo":"01 - CAPTAÇÃO EM CORPO DE ÁGUA (RIOS, LAGOAS NATURAIS ETC)","empresa":"Azul******","municipio":null,"processo":"0800412/2018","link_oficial":"http://www.siam.mg.gov.br/siam/legislacao/consulta_portarias.jsp?num=0800412/2018","resumo":"01 - CAPTAÇÃO EM CORPO DE ÁGUA (RIOS, LAGOAS NATURAIS ETC)","aprox":true}},{"type":"Feature","geometry":{"type":"Point","coordinates":[-43.94,-19.92]},"properties":{"id":"IGAM (MG):1700413/2018","orgao":"IGAM (MG)","uf":"MG","ano":2018,"categoria":"outorga","tipo":"08 - CAPTAÇÃO DE ÁGUA SUBTERRÂNEA POR MEIO DE POÇO TUBULAR JÁ EXISTENTE","empresa":"Fazenda******","municipio":null,"processo":"1700413/2018","link_oficial":"http://www.siam.mg.gov.br/siam/legislacao/consulta_portarias.jsp?num=1700413/2018","resumo":"08 - CAPTAÇÃO DE ÁGUA SUBTERRÂNEA POR MEIO DE POÇO TUBULAR JÁ EXISTENTE","aprox":true}},{"type":"Feature","geometry":{"type":"Point","coordinates":[-43.94,-19.92]},"properties":{"id":"IGAM (MG):1700414/2018","orgao":"IGAM (MG)","uf":"MG","ano":2018,"categoria":"outorga","tipo":"08 - CAPTAÇÃO DE ÁGUA SUBTERRÂNEA POR MEIO DE POÇO TUBULAR JÁ EXISTENTE","empresa":"Fazenda******","municipio":null,"processo":"1700414/2018","link_oficial":"http://www.siam.mg.gov.br/siam/legislacao/consulta_portarias.jsp?num=1700414/2018","resumo":"08 - CAPTAÇÃO DE ÁGUA SUBTERRÂNEA POR MEIO DE POÇO TUBULAR JÁ EXISTENTE","aprox":true}},{"type":"Feature","geometry":{"type":"Point","coordinates":[-43.94,-19.92]},"properties":{"id":"IGAM (MG):2000415/2018","orgao":"IGAM (MG)","uf":"MG","ano":2018,"categoria":"outorga","tipo":"01 - CAPTAÇÃO EM CORPO DE ÁGUA (RIOS, LAGOAS NATURAIS ETC)","empresa":"Mário******","municipio":null,"processo":"2000415/2018","link_oficial":"http://www.siam.mg.gov.br/siam/legislacao/consulta_portarias.jsp?num=2000415/2018","resumo":"01 - CAPTAÇÃO EM CORPO DE ÁGUA (RIOS, LAGOAS NATURAIS ETC)","aprox":true}},{"type":"Feature","geometry":{"type":"Point","coordinates":[-43.94,-19.92]},"properties":{"id":"IGAM (MG):1400416/2018","orgao":"IGAM (MG)","uf":"MG","ano":2018,"categoria":"outorga","tipo":"01 - CAPTAÇÃO EM CORPO DE ÁGUA (RIOS, LAGOAS NATURAIS ETC)","empresa":"Oliveira******","municipio":null,"processo":"1400416/2018","link_oficial":"http://www.siam.mg.gov.br/siam/legislacao/consulta_portarias.jsp?num=1400416/2018","resumo":"01 - CAPTAÇÃO EM CORPO DE ÁGUA (RIOS, LAGOAS NATURAIS ETC)","aprox":true}},{"type":"Feature","geometry":{"type":"Point","coordinates":[-43.94,-19.92]},"properties":{"id":"IGAM (MG):1700417/2018","orgao":"IGAM (MG)","uf":"MG","ano":2018,"categoria":"outorga","tipo":"23 - CAPTAÇÃO DE ÁGUA SUBTERRÂNEA PARA FINS DE PESQUISA HIDROGEOLÓGICA","empresa":"Fazenda******","municipio":null,"processo":"1700417/2018","link_oficial":"http://www.siam.mg.gov.br/siam/legislacao/consulta_portarias.jsp?num=1700417/2018","resumo":"23 - CAPTAÇÃO DE ÁGUA SUBTERRÂNEA PARA FINS DE PESQUISA HIDROGEOLÓGICA","aprox":true}},{"type":"Feature","geometry":{"type":"Point","coordinates":[-43.94,-19.92]},"properties":{"id":"IGAM (MG):1700418/2018","orgao":"IGAM (MG)","uf":"MG","ano":2018,"categoria":"outorga","tipo":"23 - CAPTAÇÃO DE ÁGUA SUBTERRÂNEA PARA FINS DE PESQUISA HIDROGEOLÓGICA","empresa":"Fazenda******","municipio":null,"processo":"1700418/2018","link_oficial":"http://www.siam.mg.gov.br/siam/legislacao/consulta_portarias.jsp?num=1700418/2018","resumo":"23 - CAPTAÇÃO DE ÁGUA SUBTERRÂNEA PARA FINS DE PESQUISA HIDROGEOLÓGICA","aprox":true}},{"type":"Feature","geometry":{"type":"Point","coordinates":[-43.94,-19.92]},"properties":{"id":"IGAM (MG):1700419/2018","orgao":"IGAM (MG)","uf":"MG","ano":2018,"categoria":"outorga","tipo":"23 - CAPTAÇÃO DE ÁGUA SUBTERRÂNEA PARA FINS DE PESQUISA HIDROGEOLÓGICA","empresa":"Fazenda******","municipio":null,"processo":"1700419/2018","link_oficial":"http://www.siam.mg.gov.br/siam/legislacao/consulta_portarias.jsp?num=1700419/2018","resumo":"23 - CAPTAÇÃO DE ÁGUA SUBTERRÂNEA PARA FINS DE PESQUISA HIDROGEOLÓGICA","aprox":true}},{"type":"Feature","geometry":{"type":"Point","coordinates":[-43.94,-19.92]},"properties":{"id":"IGAM (MG):1800420/2018","orgao":"IGAM (MG)","uf":"MG","ano":2018,"categoria":"outorga","tipo":"02 - CAPTAÇÃO EM BARRAMENTO EM CURSO DE ÁGUA, SEM REGULARIZAÇÃO DE VAZÃO","empresa":"Olavo******","municipio":null,"processo":"1800420/2018","link_oficial":"http://www.siam.mg.gov.br/siam/legislacao/consulta_portarias.jsp?num=1800420/2018","resumo":"02 - CAPTAÇÃO EM BARRAMENTO EM CURSO DE ÁGUA, SEM REGULARIZAÇÃO DE VAZÃO","aprox":true}},{"type":"Feature","geometry":{"type":"Point","coordinates":[-43.94,-19.92]},"properties":{"id":"IGAM (MG):1700421/2018","orgao":"IGAM (MG)","uf":"MG","ano":2018,"categoria":"outorga","tipo":"23 - CAPTAÇÃO DE ÁGUA SUBTERRÂNEA PARA FINS DE PESQUISA HIDROGEOLÓGICA","empresa":"Fazenda******","municipio":null,"processo":"1700421/2018","link_oficial":"http://www.siam.mg.gov.br/siam/legislacao/consulta_portarias.jsp?num=1700421/2018","resumo":"23 - CAPTAÇÃO DE ÁGUA SUBTERRÂNEA PARA FINS DE PESQUISA HIDROGEOLÓGICA","aprox":true}},{"type":"Feature","geometry":{"type":"Point","coordinates":[-43.94,-19.92]},"properties":{"id":"IGAM (MG):1900422/2018","orgao":"IGAM (MG)","uf":"MG","ano":2018,"categoria":"outorga","tipo":"01 - CAPTAÇÃO EM CORPO DE ÁGUA (RIOS, LAGOAS NATURAIS ETC)","empresa":"FAZENDA******","municipio":null,"processo":"1900422/2018","link_oficial":"http://www.siam.mg.gov.br/siam/legislacao/consulta_portarias.jsp?num=1900422/2018","resumo":"01 - CAPTAÇÃO EM CORPO DE ÁGUA (RIOS, LAGOAS NATURAIS ETC)","aprox":true}},{"type":"Feature","geometry":{"type":"Point","coordinates":[-43.94,-19.92]},"properties":{"id":"IGAM (MG):1700423/2018","orgao":"IGAM (MG)","uf":"MG","ano":2018,"categoria":"outorga","tipo":"23 - CAPTAÇÃO DE ÁGUA SUBTERRÂNEA PARA FINS DE PESQUISA HIDROGEOLÓGICA","empresa":"Fazenda******","municipio":null,"processo":"1700423/2018","link_oficial":"http://www.siam.mg.gov.br/siam/legislacao/consulta_portarias.jsp?num=1700423/2018","resumo":"23 - CAPTAÇÃO DE ÁGUA SUBTERRÂNEA PARA FINS DE PESQUISA HIDROGEOLÓGICA","aprox":true}},{"type":"Feature","geometry":{"type":"Point","coordinates":[-43.94,-19.92]},"properties":{"id":"IGAM (MG):1800424/2018","orgao":"IGAM (MG)","uf":"MG","ano":2018,"categoria":"outorga","tipo":"08 - CAPTAÇÃO DE ÁGUA SUBTERRÂNEA POR MEIO DE POÇO TUBULAR JÁ EXISTENTE","empresa":"Itamontês******","municipio":null,"processo":"1800424/2018","link_oficial":"http://www.siam.mg.gov.br/siam/legislacao/consulta_portarias.jsp?num=1800424/2018","resumo":"08 - CAPTAÇÃO DE ÁGUA SUBTERRÂNEA POR MEIO DE POÇO TUBULAR JÁ EXISTENTE","aprox":true}},{"type":"Feature","geometry":{"type":"Point","coordinates":[-43.94,-19.92]},"properties":{"id":"IGAM (MG):1700425/2018","orgao":"IGAM (MG)","uf":"MG","ano":2018,"categoria":"outorga","tipo":"23 - CAPTAÇÃO DE ÁGUA SUBTERRÂNEA PARA FINS DE PESQUISA HIDROGEOLÓGICA","empresa":"Fazenda******","municipio":null,"processo":"1700425/2018","link_oficial":"http://www.siam.mg.gov.br/siam/legislacao/consulta_portarias.jsp?num=1700425/2018","resumo":"23 - CAPTAÇÃO DE ÁGUA SUBTERRÂNEA PARA FINS DE PESQUISA HIDROGEOLÓGICA","aprox":true}},{"type":"Feature","geometry":{"type":"Point","coordinates":[-43.94,-19.92]},"properties":{"id":"IGAM (MG):1800426/2018","orgao":"IGAM (MG)","uf":"MG","ano":2018,"categoria":"outorga","tipo":"08 - CAPTAÇÃO DE ÁGUA SUBTERRÂNEA POR MEIO DE POÇO TUBULAR JÁ EXISTENTE","empresa":"VRTEC******","municipio":null,"processo":"1800426/2018","link_oficial":"http://www.siam.mg.gov.br/siam/legislacao/consulta_portarias.jsp?num=1800426/2018","resumo":"08 - CAPTAÇÃO DE ÁGUA SUBTERRÂNEA POR MEIO DE POÇO TUBULAR JÁ EXISTENTE","aprox":true}},{"type":"Feature","geometry":{"type":"Point","coordinates":[-43.94,-19.92]},"properties":{"id":"IGAM (MG):1700427/2018","orgao":"IGAM (MG)","uf":"MG","ano":2018,"categoria":"outorga","tipo":"23 - CAPTAÇÃO DE ÁGUA SUBTERRÂNEA PARA FINS DE PESQUISA HIDROGEOLÓGICA","empresa":"Fazenda******","municipio":null,"processo":"1700427/2018","link_oficial":"http://www.siam.mg.gov.br/siam/legislacao/consulta_portarias.jsp?num=1700427/2018","resumo":"23 - CAPTAÇÃO DE ÁGUA SUBTERRÂNEA PARA FINS DE PESQUISA HIDROGEOLÓGICA","aprox":true}},{"type":"Feature","geometry":{"type":"Point","coordinates":[-43.94,-19.92]},"properties":{"id":"IGAM (MG):1700428/2018","orgao":"IGAM (MG)","uf":"MG","ano":2018,"categoria":"outorga","tipo":"08 - CAPTAÇÃO DE ÁGUA SUBTERRÂNEA POR MEIO DE POÇO TUBULAR JÁ EXISTENTE","empresa":"Fazenda******","municipio":null,"processo":"1700428/2018","link_oficial":"http://www.siam.mg.gov.br/siam/legislacao/consulta_portarias.jsp?num=1700428/2018","resumo":"08 - CAPTAÇÃO DE ÁGUA SUBTERRÂNEA POR MEIO DE POÇO TUBULAR JÁ EXISTENTE","aprox":true}},{"type":"Feature","geometry":{"type":"Point","coordinates":[-43.94,-19.92]},"properties":{"id":"IGAM (MG):1800429/2018","orgao":"IGAM (MG)","uf":"MG","ano":2018,"categoria":"outorga","tipo":"08 - CAPTAÇÃO DE ÁGUA SUBTERRÂNEA POR MEIO DE POÇO TUBULAR JÁ EXISTENTE","empresa":"Polimix******","municipio":null,"processo":"1800429/2018","link_oficial":"http://www.siam.mg.gov.br/siam/legislacao/consulta_portarias.jsp?num=1800429/2018","resumo":"08 - CAPTAÇÃO DE ÁGUA SUBTERRÂNEA POR MEIO DE POÇO TUBULAR JÁ EXISTENTE","aprox":true}},{"type":"Feature","geometry":{"type":"Point","coordinates":[-43.94,-19.92]},"properties":{"id":"IGAM (MG):1700430/2018","orgao":"IGAM (MG)","uf":"MG","ano":2018,"categoria":"outorga","tipo":"08 - CAPTAÇÃO DE ÁGUA SUBTERRÂNEA POR MEIO DE POÇO TUBULAR JÁ EXISTENTE","empresa":"Fazenda******","municipio":null,"processo":"1700430/2018","link_oficial":"http://www.siam.mg.gov.br/siam/legislacao/consulta_portarias.jsp?num=1700430/2018","resumo":"08 - CAPTAÇÃO DE ÁGUA SUBTERRÂNEA POR MEIO DE POÇO TUBULAR JÁ EXISTENTE","aprox":true}},{"type":"Feature","geometry":{"type":"Point","coordinates":[-43.94,-19.92]},"properties":{"id":"IGAM (MG):1700431/2018","orgao":"IGAM (MG)","uf":"MG","ano":2018,"categoria":"outorga","tipo":"08 - CAPTAÇÃO DE ÁGUA SUBTERRÂNEA POR MEIO DE POÇO TUBULAR JÁ EXISTENTE","empresa":"Fazenda******","municipio":null,"processo":"1700431/2018","link_oficial":"http://www.siam.mg.gov.br/siam/legislacao/consulta_portarias.jsp?num=1700431/2018","resumo":"08 - CAPTAÇÃO DE ÁGUA SUBTERRÂNEA POR MEIO DE POÇO TUBULAR JÁ EXISTENTE","aprox":true}},{"type":"Feature","geometry":{"type":"Point","coordinates":[-43.94,-19.92]},"properties":{"id":"IGAM (MG):1900432/2018","orgao":"IGAM (MG)","uf":"MG","ano":2018,"categoria":"outorga","tipo":"01 - CAPTAÇÃO EM CORPO DE ÁGUA (RIOS, LAGOAS NATURAIS ETC)","empresa":"FAZENDA******","municipio":null,"processo":"1900432/2018","link_oficial":"http://www.siam.mg.gov.br/siam/legislacao/consulta_portarias.jsp?num=1900432/2018","resumo":"01 - CAPTAÇÃO EM CORPO DE ÁGUA (RIOS, LAGOAS NATURAIS ETC)","aprox":true}},{"type":"Feature","geometry":{"type":"Point","coordinates":[-43.94,-19.92]},"properties":{"id":"IGAM (MG):1900433/2018","orgao":"IGAM (MG)","uf":"MG","ano":2018,"categoria":"outorga","tipo":"01 - CAPTAÇÃO EM CORPO DE ÁGUA (RIOS, LAGOAS NATURAIS ETC)","empresa":"FAZENDA******","municipio":null,"processo":"1900433/2018","link_oficial":"http://www.siam.mg.gov.br/siam/legislacao/consulta_portarias.jsp?num=1900433/2018","resumo":"01 - CAPTAÇÃO EM CORPO DE ÁGUA (RIOS, LAGOAS NATURAIS ETC)","aprox":true}},{"type":"Feature","geometry":{"type":"Point","coordinates":[-43.94,-19.92]},"properties":{"id":"IGAM (MG):1900434/2018","orgao":"IGAM (MG)","uf":"MG","ano":2018,"categoria":"outorga","tipo":"01 - CAPTAÇÃO EM CORPO DE ÁGUA (RIOS, LAGOAS NATURAIS ETC)","empresa":"FAZENDA******","municipio":null,"processo":"1900434/2018","link_oficial":"http://www.siam.mg.gov.br/siam/legislacao/consulta_portarias.jsp?num=1900434/2018","resumo":"01 - CAPTAÇÃO EM CORPO DE ÁGUA (RIOS, LAGOAS NATURAIS ETC)","aprox":true}},{"type":"Feature","geometry":{"type":"Point","coordinates":[-43.94,-19.92]},"properties":{"id":"IGAM (MG):1400435/2018","orgao":"IGAM (MG)","uf":"MG","ano":2018,"categoria":"outorga","tipo":"01 - CAPTAÇÃO EM CORPO DE ÁGUA (RIOS, LAGOAS NATURAIS ETC)","empresa":"Fabiano******","municipio":null,"processo":"1400435/2018","link_oficial":"http://www.siam.mg.gov.br/siam/legislacao/consulta_portarias.jsp?num=1400435/2018","resumo":"01 - CAPTAÇÃO EM CORPO DE ÁGUA (RIOS, LAGOAS NATURAIS ETC)","aprox":true}},{"type":"Feature","geometry":{"type":"Point","coordinates":[-43.94,-19.92]},"properties":{"id":"IGAM (MG):1400436/2018","orgao":"IGAM (MG)","uf":"MG","ano":2018,"categoria":"outorga","tipo":"01 - CAPTAÇÃO EM CORPO DE ÁGUA (RIOS, LAGOAS NATURAIS ETC)","empresa":"José******","municipio":null,"processo":"1400436/2018","link_oficial":"http://www.siam.mg.gov.br/siam/legislacao/consulta_portarias.jsp?num=1400436/2018","resumo":"01 - CAPTAÇÃO EM CORPO DE ÁGUA (RIOS, LAGOAS NATURAIS ETC)","aprox":true}},{"type":"Feature","geometry":{"type":"Point","coordinates":[-43.94,-19.92]},"properties":{"id":"IGAM (MG):1700437/2018","orgao":"IGAM (MG)","uf":"MG","ano":2018,"categoria":"outorga","tipo":"08 - CAPTAÇÃO DE ÁGUA SUBTERRÂNEA POR MEIO DE POÇO TUBULAR JÁ EXISTENTE","empresa":"Cooperativa******","municipio":null,"processo":"1700437/2018","link_oficial":"http://www.siam.mg.gov.br/siam/legislacao/consulta_portarias.jsp?num=1700437/2018","resumo":"08 - CAPTAÇÃO DE ÁGUA SUBTERRÂNEA POR MEIO DE POÇO TUBULAR JÁ EXISTENTE","aprox":true}},{"type":"Feature","geometry":{"type":"Point","coordinates":[-43.94,-19.92]},"properties":{"id":"IGAM (MG):1400439/2018","orgao":"IGAM (MG)","uf":"MG","ano":2018,"categoria":"outorga","tipo":"01 - CAPTAÇÃO EM CORPO DE ÁGUA (RIOS, LAGOAS NATURAIS ETC)","empresa":"Companhia******","municipio":null,"processo":"1400439/2018","link_oficial":"http://www.siam.mg.gov.br/siam/legislacao/consulta_portarias.jsp?num=1400439/2018","resumo":"01 - CAPTAÇÃO EM CORPO DE ÁGUA (RIOS, LAGOAS NATURAIS ETC)","aprox":true}},{"type":"Feature","geometry":{"type":"Point","coordinates":[-43.94,-19.92]},"properties":{"id":"IGAM (MG):1400440/2018","orgao":"IGAM (MG)","uf":"MG","ano":2018,"categoria":"outorga","tipo":"01 - CAPTAÇÃO EM CORPO DE ÁGUA (RIOS, LAGOAS NATURAIS ETC)","empresa":"Manoel******","municipio":null,"processo":"1400440/2018","link_oficial":"http://www.siam.mg.gov.br/siam/legislacao/consulta_portarias.jsp?num=1400440/2018","resumo":"01 - CAPTAÇÃO EM CORPO DE ÁGUA (RIOS, LAGOAS NATURAIS ETC)","aprox":true}},{"type":"Feature","geometry":{"type":"Point","coordinates":[-43.94,-19.92]},"properties":{"id":"IGAM (MG):1900442/2018","orgao":"IGAM (MG)","uf":"MG","ano":2018,"categoria":"outorga","tipo":"08 - CAPTAÇÃO DE ÁGUA SUBTERRÂNEA POR MEIO DE POÇO TUBULAR JÁ EXISTENTE","empresa":"FAZENDA******","municipio":null,"processo":"1900442/2018","link_oficial":"http://www.siam.mg.gov.br/siam/legislacao/consulta_portarias.jsp?num=1900442/2018","resumo":"08 - CAPTAÇÃO DE ÁGUA SUBTERRÂNEA POR MEIO DE POÇO TUBULAR JÁ EXISTENTE","aprox":true}},{"type":"Feature","geometry":{"type":"Point","coordinates":[-43.94,-19.92]},"properties":{"id":"IGAM (MG):1900443/2018","orgao":"IGAM (MG)","uf":"MG","ano":2018,"categoria":"outorga","tipo":"08 - CAPTAÇÃO DE ÁGUA SUBTERRÂNEA POR MEIO DE POÇO TUBULAR JÁ EXISTENTE","empresa":"Cargill******","municipio":null,"processo":"1900443/2018","link_oficial":"http://www.siam.mg.gov.br/siam/legislacao/consulta_portarias.jsp?num=1900443/2018","resumo":"08 - CAPTAÇÃO DE ÁGUA SUBTERRÂNEA POR MEIO DE POÇO TUBULAR JÁ EXISTENTE","aprox":true}},{"type":"Feature","geometry":{"type":"Point","coordinates":[-43.94,-19.92]},"properties":{"id":"IGAM (MG):1700444/2018","orgao":"IGAM (MG)","uf":"MG","ano":2018,"categoria":"outorga","tipo":"10 - CAPTAÇÃO DE ÁGUA SUBTERRÂNEA PARA FINS DE REBAIXAMENTO DE NÍVEL DE ÁGUA EM ","empresa":"NEXA******","municipio":null,"processo":"1700444/2018","link_oficial":"http://www.siam.mg.gov.br/siam/legislacao/consulta_portarias.jsp?num=1700444/2018","resumo":"10 - CAPTAÇÃO DE ÁGUA SUBTERRÂNEA PARA FINS DE REBAIXAMENTO DE NÍVEL DE ÁGUA EM MINERAÇÃO","aprox":true}},{"type":"Feature","geometry":{"type":"Point","coordinates":[-43.94,-19.92]},"properties":{"id":"IGAM (MG):1900445/2018","orgao":"IGAM (MG)","uf":"MG","ano":2018,"categoria":"outorga","tipo":"14 - DRAGAGEM DE CURSO DE ÁGUA PARA FINS DE EXTRAÇÃO MINERAL","empresa":"José******","municipio":null,"processo":"1900445/2018","link_oficial":"http://www.siam.mg.gov.br/siam/legislacao/consulta_portarias.jsp?num=1900445/2018","resumo":"14 - DRAGAGEM DE CURSO DE ÁGUA PARA FINS DE EXTRAÇÃO MINERAL","aprox":true}},{"type":"Feature","geometry":{"type":"Point","coordinates":[-43.94,-19.92]},"properties":{"id":"IGAM (MG):1900446/2018","orgao":"IGAM (MG)","uf":"MG","ano":2018,"categoria":"outorga","tipo":"08 - CAPTAÇÃO DE ÁGUA SUBTERRÂNEA POR MEIO DE POÇO TUBULAR JÁ EXISTENTE","empresa":"Fazenda******","municipio":null,"processo":"1900446/2018","link_oficial":"http://www.siam.mg.gov.br/siam/legislacao/consulta_portarias.jsp?num=1900446/2018","resumo":"08 - CAPTAÇÃO DE ÁGUA SUBTERRÂNEA POR MEIO DE POÇO TUBULAR JÁ EXISTENTE","aprox":true}},{"type":"Feature","geometry":{"type":"Point","coordinates":[-43.94,-19.92]},"properties":{"id":"IGAM (MG):1900447/2018","orgao":"IGAM (MG)","uf":"MG","ano":2018,"categoria":"outorga","tipo":"08 - CAPTAÇÃO DE ÁGUA SUBTERRÂNEA POR MEIO DE POÇO TUBULAR JÁ EXISTENTE","empresa":"Braz******","municipio":null,"processo":"1900447/2018","link_oficial":"http://www.siam.mg.gov.br/siam/legislacao/consulta_portarias.jsp?num=1900447/2018","resumo":"08 - CAPTAÇÃO DE ÁGUA SUBTERRÂNEA POR MEIO DE POÇO TUBULAR JÁ EXISTENTE","aprox":true}},{"type":"Feature","geometry":{"type":"Point","coordinates":[-43.94,-19.92]},"properties":{"id":"IGAM (MG):1700448/2018","orgao":"IGAM (MG)","uf":"MG","ano":2018,"categoria":"outorga","tipo":"01 - CAPTAÇÃO EM CORPO DE ÁGUA (RIOS, LAGOAS NATURAIS ETC)","empresa":"Fazenda******","municipio":null,"processo":"1700448/2018","link_oficial":"http://www.siam.mg.gov.br/siam/legislacao/consulta_portarias.jsp?num=1700448/2018","resumo":"01 - CAPTAÇÃO EM CORPO DE ÁGUA (RIOS, LAGOAS NATURAIS ETC)","aprox":true}},{"type":"Feature","geometry":{"type":"Point","coordinates":[-43.94,-19.92]},"properties":{"id":"IGAM (MG):1700449/2018","orgao":"IGAM (MG)","uf":"MG","ano":2018,"categoria":"outorga","tipo":"01 - CAPTAÇÃO EM CORPO DE ÁGUA (RIOS, LAGOAS NATURAIS ETC)","empresa":"Fazenda******","municipio":null,"processo":"1700449/2018","link_oficial":"http://www.siam.mg.gov.br/siam/legislacao/consulta_portarias.jsp?num=1700449/2018","resumo":"01 - CAPTAÇÃO EM CORPO DE ÁGUA (RIOS, LAGOAS NATURAIS ETC)","aprox":true}},{"type":"Feature","geometry":{"type":"Point","coordinates":[-43.94,-19.92]},"properties":{"id":"IGAM (MG):1900450/2018","orgao":"IGAM (MG)","uf":"MG","ano":2018,"categoria":"outorga","tipo":"01 - CAPTAÇÃO EM CORPO DE ÁGUA (RIOS, LAGOAS NATURAIS ETC)","empresa":"FAZENDA******","municipio":null,"processo":"1900450/2018","link_oficial":"http://www.siam.mg.gov.br/siam/legislacao/consulta_portarias.jsp?num=1900450/2018","resumo":"01 - CAPTAÇÃO EM CORPO DE ÁGUA (RIOS, LAGOAS NATURAIS ETC)","aprox":true}},{"type":"Feature","geometry":{"type":"Point","coordinates":[-43.94,-19.92]},"properties":{"id":"IGAM (MG):1700451/2018","orgao":"IGAM (MG)","uf":"MG","ano":2018,"categoria":"outorga","tipo":"01 - CAPTAÇÃO EM CORPO DE ÁGUA (RIOS, LAGOAS NATURAIS ETC)","empresa":"Fazenda******","municipio":null,"processo":"1700451/2018","link_oficial":"http://www.siam.mg.gov.br/siam/legislacao/consulta_portarias.jsp?num=1700451/2018","resumo":"01 - CAPTAÇÃO EM CORPO DE ÁGUA (RIOS, LAGOAS NATURAIS ETC)","aprox":true}},{"type":"Feature","geometry":{"type":"Point","coordinates":[-43.94,-19.92]},"properties":{"id":"IGAM (MG):1900452/2018","orgao":"IGAM (MG)","uf":"MG","ano":2018,"categoria":"outorga","tipo":"03 - CAPTAÇÃO EM BARRAMENTO EM CURSO DE ÁGUA, C/ REGULARIZAÇÃO DE VAZÃO (ÁREA MÁ","empresa":"Laercio******","municipio":null,"processo":"1900452/2018","link_oficial":"http://www.siam.mg.gov.br/siam/legislacao/consulta_portarias.jsp?num=1900452/2018","resumo":"03 - CAPTAÇÃO EM BARRAMENTO EM CURSO DE ÁGUA, C/ REGULARIZAÇÃO DE VAZÃO (ÁREA MÁX MENOR OU IGUAL 5,00 HA)","aprox":true}},{"type":"Feature","geometry":{"type":"Point","coordinates":[-43.94,-19.92]},"properties":{"id":"IGAM (MG):1700453/2018","orgao":"IGAM (MG)","uf":"MG","ano":2018,"categoria":"outorga","tipo":"01 - CAPTAÇÃO EM CORPO DE ÁGUA (RIOS, LAGOAS NATURAIS ETC)","empresa":"Fazenda******","municipio":null,"processo":"1700453/2018","link_oficial":"http://www.siam.mg.gov.br/siam/legislacao/consulta_portarias.jsp?num=1700453/2018","resumo":"01 - CAPTAÇÃO EM CORPO DE ÁGUA (RIOS, LAGOAS NATURAIS ETC)","aprox":true}},{"type":"Feature","geometry":{"type":"Point","coordinates":[-43.94,-19.92]},"properties":{"id":"IGAM (MG):1900454/2018","orgao":"IGAM (MG)","uf":"MG","ano":2018,"categoria":"outorga","tipo":"08 - CAPTAÇÃO DE ÁGUA SUBTERRÂNEA POR MEIO DE POÇO TUBULAR JÁ EXISTENTE","empresa":"COMÉRCIO******","municipio":null,"processo":"1900454/2018","link_oficial":"http://www.siam.mg.gov.br/siam/legislacao/consulta_portarias.jsp?num=1900454/2018","resumo":"08 - CAPTAÇÃO DE ÁGUA SUBTERRÂNEA POR MEIO DE POÇO TUBULAR JÁ EXISTENTE","aprox":true}},{"type":"Feature","geometry":{"type":"Point","coordinates":[-43.94,-19.92]},"properties":{"id":"IGAM (MG):1700455/2018","orgao":"IGAM (MG)","uf":"MG","ano":2018,"categoria":"outorga","tipo":"01 - CAPTAÇÃO EM CORPO DE ÁGUA (RIOS, LAGOAS NATURAIS ETC)","empresa":"Companhia******","municipio":null,"processo":"1700455/2018","link_oficial":"http://www.siam.mg.gov.br/siam/legislacao/consulta_portarias.jsp?num=1700455/2018","resumo":"01 - CAPTAÇÃO EM CORPO DE ÁGUA (RIOS, LAGOAS NATURAIS ETC)","aprox":true}},{"type":"Feature","geometry":{"type":"Point","coordinates":[-43.94,-19.92]},"properties":{"id":"IGAM (MG):1700456/2018","orgao":"IGAM (MG)","uf":"MG","ano":2018,"categoria":"outorga","tipo":"01 - CAPTAÇÃO EM CORPO DE ÁGUA (RIOS, LAGOAS NATURAIS ETC)","empresa":"Fazenda******","municipio":null,"processo":"1700456/2018","link_oficial":"http://www.siam.mg.gov.br/siam/legislacao/consulta_portarias.jsp?num=1700456/2018","resumo":"01 - CAPTAÇÃO EM CORPO DE ÁGUA (RIOS, LAGOAS NATURAIS ETC)","aprox":true}},{"type":"Feature","geometry":{"type":"Point","coordinates":[-43.94,-19.92]},"properties":{"id":"IGAM (MG):1700457/2018","orgao":"IGAM (MG)","uf":"MG","ano":2018,"categoria":"outorga","tipo":"01 - CAPTAÇÃO EM CORPO DE ÁGUA (RIOS, LAGOAS NATURAIS ETC)","empresa":"Núcleo******","municipio":null,"processo":"1700457/2018","link_oficial":"http://www.siam.mg.gov.br/siam/legislacao/consulta_portarias.jsp?num=1700457/2018","resumo":"01 - CAPTAÇÃO EM CORPO DE ÁGUA (RIOS, LAGOAS NATURAIS ETC)","aprox":true}},{"type":"Feature","geometry":{"type":"Point","coordinates":[-43.94,-19.92]},"properties":{"id":"IGAM (MG):1700458/2018","orgao":"IGAM (MG)","uf":"MG","ano":2018,"categoria":"outorga","tipo":"01 - CAPTAÇÃO EM CORPO DE ÁGUA (RIOS, LAGOAS NATURAIS ETC)","empresa":"Fazenda******","municipio":null,"processo":"1700458/2018","link_oficial":"http://www.siam.mg.gov.br/siam/legislacao/consulta_portarias.jsp?num=1700458/2018","resumo":"01 - CAPTAÇÃO EM CORPO DE ÁGUA (RIOS, LAGOAS NATURAIS ETC)","aprox":true}},{"type":"Feature","geometry":{"type":"Point","coordinates":[-43.94,-19.92]},"properties":{"id":"IGAM (MG):1200459/2018","orgao":"IGAM (MG)","uf":"MG","ano":2018,"categoria":"outorga","tipo":"26 - DRAGAGEM EM CAVA ALUVIONAR PARA FINS DE EXTRAÇÃO MINERAL","empresa":"J******","municipio":null,"processo":"1200459/2018","link_oficial":"http://www.siam.mg.gov.br/siam/legislacao/consulta_portarias.jsp?num=1200459/2018","resumo":"26 - DRAGAGEM EM CAVA ALUVIONAR PARA FINS DE EXTRAÇÃO MINERAL","aprox":true}},{"type":"Feature","geometry":{"type":"Point","coordinates":[-43.94,-19.92]},"properties":{"id":"IGAM (MG):1500460/2018","orgao":"IGAM (MG)","uf":"MG","ano":2018,"categoria":"outorga","tipo":"01 - CAPTAÇÃO EM CORPO DE ÁGUA (RIOS, LAGOAS NATURAIS ETC)","empresa":"Prefeitura******","municipio":null,"processo":"1500460/2018","link_oficial":"http://www.siam.mg.gov.br/siam/legislacao/consulta_portarias.jsp?num=1500460/2018","resumo":"01 - CAPTAÇÃO EM CORPO DE ÁGUA (RIOS, LAGOAS NATURAIS ETC)","aprox":true}},{"type":"Feature","geometry":{"type":"Point","coordinates":[-43.94,-19.92]},"properties":{"id":"IGAM (MG):1900461/2018","orgao":"IGAM (MG)","uf":"MG","ano":2018,"categoria":"outorga","tipo":"03 - CAPTAÇÃO EM BARRAMENTO EM CURSO DE ÁGUA, C/ REGULARIZAÇÃO DE VAZÃO (ÁREA MÁ","empresa":"FAZENDA******","municipio":null,"processo":"1900461/2018","link_oficial":"http://www.siam.mg.gov.br/siam/legislacao/consulta_portarias.jsp?num=1900461/2018","resumo":"03 - CAPTAÇÃO EM BARRAMENTO EM CURSO DE ÁGUA, C/ REGULARIZAÇÃO DE VAZÃO (ÁREA MÁX MENOR OU IGUAL 5,00 HA)","aprox":true}},{"type":"Feature","geometry":{"type":"Point","coordinates":[-43.94,-19.92]},"properties":{"id":"IGAM (MG):1500462/2018","orgao":"IGAM (MG)","uf":"MG","ano":2018,"categoria":"outorga","tipo":"01 - CAPTAÇÃO EM CORPO DE ÁGUA (RIOS, LAGOAS NATURAIS ETC)","empresa":"Prefeitura******","municipio":null,"processo":"1500462/2018","link_oficial":"http://www.siam.mg.gov.br/siam/legislacao/consulta_portarias.jsp?num=1500462/2018","resumo":"01 - CAPTAÇÃO EM CORPO DE ÁGUA (RIOS, LAGOAS NATURAIS ETC)","aprox":true}},{"type":"Feature","geometry":{"type":"Point","coordinates":[-43.94,-19.92]},"properties":{"id":"IGAM (MG):1700463/2018","orgao":"IGAM (MG)","uf":"MG","ano":2018,"categoria":"outorga","tipo":"01 - CAPTAÇÃO EM CORPO DE ÁGUA (RIOS, LAGOAS NATURAIS ETC)","empresa":"Fazenda******","municipio":null,"processo":"1700463/2018","link_oficial":"http://www.siam.mg.gov.br/siam/legislacao/consulta_portarias.jsp?num=1700463/2018","resumo":"01 - CAPTAÇÃO EM CORPO DE ÁGUA (RIOS, LAGOAS NATURAIS ETC)","aprox":true}},{"type":"Feature","geometry":{"type":"Point","coordinates":[-43.94,-19.92]},"properties":{"id":"IGAM (MG):1700464/2018","orgao":"IGAM (MG)","uf":"MG","ano":2018,"categoria":"outorga","tipo":"01 - CAPTAÇÃO EM CORPO DE ÁGUA (RIOS, LAGOAS NATURAIS ETC)","empresa":"Fazenda******","municipio":null,"processo":"1700464/2018","link_oficial":"http://www.siam.mg.gov.br/siam/legislacao/consulta_portarias.jsp?num=1700464/2018","resumo":"01 - CAPTAÇÃO EM CORPO DE ÁGUA (RIOS, LAGOAS NATURAIS ETC)","aprox":true}},{"type":"Feature","geometry":{"type":"Point","coordinates":[-43.94,-19.92]},"properties":{"id":"IGAM (MG):1700465/2018","orgao":"IGAM (MG)","uf":"MG","ano":2018,"categoria":"outorga","tipo":"01 - CAPTAÇÃO EM CORPO DE ÁGUA (RIOS, LAGOAS NATURAIS ETC)","empresa":"Fazenda******","municipio":null,"processo":"1700465/2018","link_oficial":"http://www.siam.mg.gov.br/siam/legislacao/consulta_portarias.jsp?num=1700465/2018","resumo":"01 - CAPTAÇÃO EM CORPO DE ÁGUA (RIOS, LAGOAS NATURAIS ETC)","aprox":true}},{"type":"Feature","geometry":{"type":"Point","coordinates":[-43.94,-19.92]},"properties":{"id":"IGAM (MG):1600466/2018","orgao":"IGAM (MG)","uf":"MG","ano":2018,"categoria":"outorga","tipo":"08 - CAPTAÇÃO DE ÁGUA SUBTERRÂNEA POR MEIO DE POÇO TUBULAR JÁ EXISTENTE","empresa":"Carlos******","municipio":null,"processo":"1600466/2018","link_oficial":"http://www.siam.mg.gov.br/siam/legislacao/consulta_portarias.jsp?num=1600466/2018","resumo":"08 - CAPTAÇÃO DE ÁGUA SUBTERRÂNEA POR MEIO DE POÇO TUBULAR JÁ EXISTENTE","aprox":true}},{"type":"Feature","geometry":{"type":"Point","coordinates":[-43.94,-19.92]},"properties":{"id":"IGAM (MG):1700467/2018","orgao":"IGAM (MG)","uf":"MG","ano":2018,"categoria":"outorga","tipo":"01 - CAPTAÇÃO EM CORPO DE ÁGUA (RIOS, LAGOAS NATURAIS ETC)","empresa":"Fazenda******","municipio":null,"processo":"1700467/2018","link_oficial":"http://www.siam.mg.gov.br/siam/legislacao/consulta_portarias.jsp?num=1700467/2018","resumo":"01 - CAPTAÇÃO EM CORPO DE ÁGUA (RIOS, LAGOAS NATURAIS ETC)","aprox":true}},{"type":"Feature","geometry":{"type":"Point","coordinates":[-43.94,-19.92]},"properties":{"id":"IGAM (MG):1700468/2018","orgao":"IGAM (MG)","uf":"MG","ano":2018,"categoria":"outorga","tipo":"01 - CAPTAÇÃO EM CORPO DE ÁGUA (RIOS, LAGOAS NATURAIS ETC)","empresa":"Fazenda******","municipio":null,"processo":"1700468/2018","link_oficial":"http://www.siam.mg.gov.br/siam/legislacao/consulta_portarias.jsp?num=1700468/2018","resumo":"01 - CAPTAÇÃO EM CORPO DE ÁGUA (RIOS, LAGOAS NATURAIS ETC)","aprox":true}},{"type":"Feature","geometry":{"type":"Point","coordinates":[-43.94,-19.92]},"properties":{"id":"IGAM (MG):1700469/2018","orgao":"IGAM (MG)","uf":"MG","ano":2018,"categoria":"outorga","tipo":"01 - CAPTAÇÃO EM CORPO DE ÁGUA (RIOS, LAGOAS NATURAIS ETC)","empresa":"Fazenda******","municipio":null,"processo":"1700469/2018","link_oficial":"http://www.siam.mg.gov.br/siam/legislacao/consulta_portarias.jsp?num=1700469/2018","resumo":"01 - CAPTAÇÃO EM CORPO DE ÁGUA (RIOS, LAGOAS NATURAIS ETC)","aprox":true}},{"type":"Feature","geometry":{"type":"Point","coordinates":[-43.94,-19.92]},"properties":{"id":"IGAM (MG):1500470/2018","orgao":"IGAM (MG)","uf":"MG","ano":2018,"categoria":"outorga","tipo":"01 - CAPTAÇÃO EM CORPO DE ÁGUA (RIOS, LAGOAS NATURAIS ETC)","empresa":"Prefeitura******","municipio":null,"processo":"1500470/2018","link_oficial":"http://www.siam.mg.gov.br/siam/legislacao/consulta_portarias.jsp?num=1500470/2018","resumo":"01 - CAPTAÇÃO EM CORPO DE ÁGUA (RIOS, LAGOAS NATURAIS ETC)","aprox":true}},{"type":"Feature","geometry":{"type":"Point","coordinates":[-43.94,-19.92]},"properties":{"id":"IGAM (MG):1500471/2018","orgao":"IGAM (MG)","uf":"MG","ano":2018,"categoria":"outorga","tipo":"01 - CAPTAÇÃO EM CORPO DE ÁGUA (RIOS, LAGOAS NATURAIS ETC)","empresa":"Prefeitura******","municipio":null,"processo":"1500471/2018","link_oficial":"http://www.siam.mg.gov.br/siam/legislacao/consulta_portarias.jsp?num=1500471/2018","resumo":"01 - CAPTAÇÃO EM CORPO DE ÁGUA (RIOS, LAGOAS NATURAIS ETC)","aprox":true}},{"type":"Feature","geometry":{"type":"Point","coordinates":[-43.94,-19.92]},"properties":{"id":"IGAM (MG):1900472/2018","orgao":"IGAM (MG)","uf":"MG","ano":2018,"categoria":"outorga","tipo":"08 - CAPTAÇÃO DE ÁGUA SUBTERRÂNEA POR MEIO DE POÇO TUBULAR JÁ EXISTENTE","empresa":"FAZENDA******","municipio":null,"processo":"1900472/2018","link_oficial":"http://www.siam.mg.gov.br/siam/legislacao/consulta_portarias.jsp?num=1900472/2018","resumo":"08 - CAPTAÇÃO DE ÁGUA SUBTERRÂNEA POR MEIO DE POÇO TUBULAR JÁ EXISTENTE","aprox":true}},{"type":"Feature","geometry":{"type":"Point","coordinates":[-43.94,-19.92]},"properties":{"id":"IGAM (MG):1700473/2018","orgao":"IGAM (MG)","uf":"MG","ano":2018,"categoria":"outorga","tipo":"01 - CAPTAÇÃO EM CORPO DE ÁGUA (RIOS, LAGOAS NATURAIS ETC)","empresa":"Projeto******","municipio":null,"processo":"1700473/2018","link_oficial":"http://www.siam.mg.gov.br/siam/legislacao/consulta_portarias.jsp?num=1700473/2018","resumo":"01 - CAPTAÇÃO EM CORPO DE ÁGUA (RIOS, LAGOAS NATURAIS ETC)","aprox":true}},{"type":"Feature","geometry":{"type":"Point","coordinates":[-43.94,-19.92]},"properties":{"id":"IGAM (MG):1600474/2018","orgao":"IGAM (MG)","uf":"MG","ano":2018,"categoria":"outorga","tipo":"08 - CAPTAÇÃO DE ÁGUA SUBTERRÂNEA POR MEIO DE POÇO TUBULAR JÁ EXISTENTE","empresa":"João******","municipio":null,"processo":"1600474/2018","link_oficial":"http://www.siam.mg.gov.br/siam/legislacao/consulta_portarias.jsp?num=1600474/2018","resumo":"08 - CAPTAÇÃO DE ÁGUA SUBTERRÂNEA POR MEIO DE POÇO TUBULAR JÁ EXISTENTE","aprox":true}},{"type":"Feature","geometry":{"type":"Point","coordinates":[-43.94,-19.92]},"properties":{"id":"IGAM (MG):1700475/2018","orgao":"IGAM (MG)","uf":"MG","ano":2018,"categoria":"outorga","tipo":"01 - CAPTAÇÃO EM CORPO DE ÁGUA (RIOS, LAGOAS NATURAIS ETC)","empresa":"Fazenda******","municipio":null,"processo":"1700475/2018","link_oficial":"http://www.siam.mg.gov.br/siam/legislacao/consulta_portarias.jsp?num=1700475/2018","resumo":"01 - CAPTAÇÃO EM CORPO DE ÁGUA (RIOS, LAGOAS NATURAIS ETC)","aprox":true}},{"type":"Feature","geometry":{"type":"Point","coordinates":[-43.94,-19.92]},"properties":{"id":"IGAM (MG):1500476/2018","orgao":"IGAM (MG)","uf":"MG","ano":2018,"categoria":"outorga","tipo":"08 - CAPTAÇÃO DE ÁGUA SUBTERRÂNEA POR MEIO DE POÇO TUBULAR JÁ EXISTENTE","empresa":"Prefeitura******","municipio":null,"processo":"1500476/2018","link_oficial":"http://www.siam.mg.gov.br/siam/legislacao/consulta_portarias.jsp?num=1500476/2018","resumo":"08 - CAPTAÇÃO DE ÁGUA SUBTERRÂNEA POR MEIO DE POÇO TUBULAR JÁ EXISTENTE","aprox":true}},{"type":"Feature","geometry":{"type":"Point","coordinates":[-43.94,-19.92]},"properties":{"id":"IGAM (MG):1500477/2018","orgao":"IGAM (MG)","uf":"MG","ano":2018,"categoria":"outorga","tipo":"08 - CAPTAÇÃO DE ÁGUA SUBTERRÂNEA POR MEIO DE POÇO TUBULAR JÁ EXISTENTE","empresa":"Prefeitura******","municipio":null,"processo":"1500477/2018","link_oficial":"http://www.siam.mg.gov.br/siam/legislacao/consulta_portarias.jsp?num=1500477/2018","resumo":"08 - CAPTAÇÃO DE ÁGUA SUBTERRÂNEA POR MEIO DE POÇO TUBULAR JÁ EXISTENTE","aprox":true}},{"type":"Feature","geometry":{"type":"Point","coordinates":[-43.94,-19.92]},"properties":{"id":"IGAM (MG):1900478/2018","orgao":"IGAM (MG)","uf":"MG","ano":2018,"categoria":"outorga","tipo":"08 - CAPTAÇÃO DE ÁGUA SUBTERRÂNEA POR MEIO DE POÇO TUBULAR JÁ EXISTENTE","empresa":"FAZENDA******","municipio":null,"processo":"1900478/2018","link_oficial":"http://www.siam.mg.gov.br/siam/legislacao/consulta_portarias.jsp?num=1900478/2018","resumo":"08 - CAPTAÇÃO DE ÁGUA SUBTERRÂNEA POR MEIO DE POÇO TUBULAR JÁ EXISTENTE","aprox":true}},{"type":"Feature","geometry":{"type":"Point","coordinates":[-43.94,-19.92]},"properties":{"id":"IGAM (MG):1500479/2018","orgao":"IGAM (MG)","uf":"MG","ano":2018,"categoria":"outorga","tipo":"09 - CAPTAÇÃO DE ÁGUA SUBTERRÂNEA POR MEIO DE POÇO MANUAL (CISTERNA)","empresa":"Prefeitura******","municipio":null,"processo":"1500479/2018","link_oficial":"http://www.siam.mg.gov.br/siam/legislacao/consulta_portarias.jsp?num=1500479/2018","resumo":"09 - CAPTAÇÃO DE ÁGUA SUBTERRÂNEA POR MEIO DE POÇO MANUAL (CISTERNA)","aprox":true}},{"type":"Feature","geometry":{"type":"Point","coordinates":[-43.94,-19.92]},"properties":{"id":"IGAM (MG):1900480/2018","orgao":"IGAM (MG)","uf":"MG","ano":2018,"categoria":"outorga","tipo":"08 - CAPTAÇÃO DE ÁGUA SUBTERRÂNEA POR MEIO DE POÇO TUBULAR JÁ EXISTENTE","empresa":"FAZENDA******","municipio":null,"processo":"1900480/2018","link_oficial":"http://www.siam.mg.gov.br/siam/legislacao/consulta_portarias.jsp?num=1900480/2018","resumo":"08 - CAPTAÇÃO DE ÁGUA SUBTERRÂNEA POR MEIO DE POÇO TUBULAR JÁ EXISTENTE","aprox":true}},{"type":"Feature","geometry":{"type":"Point","coordinates":[-43.94,-19.92]},"properties":{"id":"IGAM (MG):1700481/2018","orgao":"IGAM (MG)","uf":"MG","ano":2018,"categoria":"outorga","tipo":"05 - BARRAMENTO EM CURSO DE ÁGUA, SEM CAPTAÇÃO","empresa":"Fazenda******","municipio":null,"processo":"1700481/2018","link_oficial":"http://www.siam.mg.gov.br/siam/legislacao/consulta_portarias.jsp?num=1700481/2018","resumo":"05 - BARRAMENTO EM CURSO DE ÁGUA, SEM CAPTAÇÃO","aprox":true}},{"type":"Feature","geometry":{"type":"Point","coordinates":[-43.94,-19.92]},"properties":{"id":"IGAM (MG):1700482/2018","orgao":"IGAM (MG)","uf":"MG","ano":2018,"categoria":"outorga","tipo":"03 - CAPTAÇÃO EM BARRAMENTO EM CURSO DE ÁGUA, C/ REGULARIZAÇÃO DE VAZÃO (ÁREA MÁ","empresa":"Parcela******","municipio":null,"processo":"1700482/2018","link_oficial":"http://www.siam.mg.gov.br/siam/legislacao/consulta_portarias.jsp?num=1700482/2018","resumo":"03 - CAPTAÇÃO EM BARRAMENTO EM CURSO DE ÁGUA, C/ REGULARIZAÇÃO DE VAZÃO (ÁREA MÁX MENOR OU IGUAL 5,00 HA)","aprox":true}},{"type":"Feature","geometry":{"type":"Point","coordinates":[-43.94,-19.92]},"properties":{"id":"IGAM (MG):1700483/2018","orgao":"IGAM (MG)","uf":"MG","ano":2018,"categoria":"outorga","tipo":"14 - DRAGAGEM DE CURSO DE ÁGUA PARA FINS DE EXTRAÇÃO MINERAL","empresa":"Fazenda******","municipio":null,"processo":"1700483/2018","link_oficial":"http://www.siam.mg.gov.br/siam/legislacao/consulta_portarias.jsp?num=1700483/2018","resumo":"14 - DRAGAGEM DE CURSO DE ÁGUA PARA FINS DE EXTRAÇÃO MINERAL","aprox":true}},{"type":"Feature","geometry":{"type":"Point","coordinates":[-43.94,-19.92]},"properties":{"id":"IGAM (MG):1800484/2018","orgao":"IGAM (MG)","uf":"MG","ano":2018,"categoria":"outorga","tipo":"08 - CAPTAÇÃO DE ÁGUA SUBTERRÂNEA POR MEIO DE POÇO TUBULAR JÁ EXISTENTE","empresa":"Jamplastic******","municipio":null,"processo":"1800484/2018","link_oficial":"http://www.siam.mg.gov.br/siam/legislacao/consulta_portarias.jsp?num=1800484/2018","resumo":"08 - CAPTAÇÃO DE ÁGUA SUBTERRÂNEA POR MEIO DE POÇO TUBULAR JÁ EXISTENTE","aprox":true}},{"type":"Feature","geometry":{"type":"Point","coordinates":[-43.94,-19.92]},"properties":{"id":"IGAM (MG):1800485/2018","orgao":"IGAM (MG)","uf":"MG","ano":2018,"categoria":"outorga","tipo":"08 - CAPTAÇÃO DE ÁGUA SUBTERRÂNEA POR MEIO DE POÇO TUBULAR JÁ EXISTENTE","empresa":"Posto******","municipio":null,"processo":"1800485/2018","link_oficial":"http://www.siam.mg.gov.br/siam/legislacao/consulta_portarias.jsp?num=1800485/2018","resumo":"08 - CAPTAÇÃO DE ÁGUA SUBTERRÂNEA POR MEIO DE POÇO TUBULAR JÁ EXISTENTE","aprox":true}},{"type":"Feature","geometry":{"type":"Point","coordinates":[-43.94,-19.92]},"properties":{"id":"IGAM (MG):1800486/2018","orgao":"IGAM (MG)","uf":"MG","ano":2018,"categoria":"outorga","tipo":"01 - CAPTAÇÃO EM CORPO DE ÁGUA (RIOS, LAGOAS NATURAIS ETC)","empresa":"José******","municipio":null,"processo":"1800486/2018","link_oficial":"http://www.siam.mg.gov.br/siam/legislacao/consulta_portarias.jsp?num=1800486/2018","resumo":"01 - CAPTAÇÃO EM CORPO DE ÁGUA (RIOS, LAGOAS NATURAIS ETC)","aprox":true}},{"type":"Feature","geometry":{"type":"Point","coordinates":[-43.94,-19.92]},"properties":{"id":"IGAM (MG):1500487/2018","orgao":"IGAM (MG)","uf":"MG","ano":2018,"categoria":"outorga","tipo":"08 - CAPTAÇÃO DE ÁGUA SUBTERRÂNEA POR MEIO DE POÇO TUBULAR JÁ EXISTENTE","empresa":"Prefeitura******","municipio":null,"processo":"1500487/2018","link_oficial":"http://www.siam.mg.gov.br/siam/legislacao/consulta_portarias.jsp?num=1500487/2018","resumo":"08 - CAPTAÇÃO DE ÁGUA SUBTERRÂNEA POR MEIO DE POÇO TUBULAR JÁ EXISTENTE","aprox":true}},{"type":"Feature","geometry":{"type":"Point","coordinates":[-43.94,-19.92]},"properties":{"id":"IGAM (MG):1700488/2018","orgao":"IGAM (MG)","uf":"MG","ano":2018,"categoria":"outorga","tipo":"06 - BARRAMENTO EM CURSO DE ÁGUA, SEM CAPTAÇÃO, PARA FINS DE REGULARIZAÇÃO DE VA","empresa":"Fazenda******","municipio":null,"processo":"1700488/2018","link_oficial":"http://www.siam.mg.gov.br/siam/legislacao/consulta_portarias.jsp?num=1700488/2018","resumo":"06 - BARRAMENTO EM CURSO DE ÁGUA, SEM CAPTAÇÃO, PARA FINS DE REGULARIZAÇÃO DE VAZÃO","aprox":true}},{"type":"Feature","geometry":{"type":"Point","coordinates":[-43.94,-19.92]},"properties":{"id":"IGAM (MG):1500489/2018","orgao":"IGAM (MG)","uf":"MG","ano":2018,"categoria":"outorga","tipo":"08 - CAPTAÇÃO DE ÁGUA SUBTERRÂNEA POR MEIO DE POÇO TUBULAR JÁ EXISTENTE","empresa":"Prefeitura******","municipio":null,"processo":"1500489/2018","link_oficial":"http://www.siam.mg.gov.br/siam/legislacao/consulta_portarias.jsp?num=1500489/2018","resumo":"08 - CAPTAÇÃO DE ÁGUA SUBTERRÂNEA POR MEIO DE POÇO TUBULAR JÁ EXISTENTE","aprox":true}},{"type":"Feature","geometry":{"type":"Point","coordinates":[-43.94,-19.92]},"properties":{"id":"IGAM (MG):1800490/2018","orgao":"IGAM (MG)","uf":"MG","ano":2018,"categoria":"outorga","tipo":"14 - DRAGAGEM DE CURSO DE ÁGUA PARA FINS DE EXTRAÇÃO MINERAL","empresa":"Areeiro******","municipio":null,"processo":"1800490/2018","link_oficial":"http://www.siam.mg.gov.br/siam/legislacao/consulta_portarias.jsp?num=1800490/2018","resumo":"14 - DRAGAGEM DE CURSO DE ÁGUA PARA FINS DE EXTRAÇÃO MINERAL","aprox":true}},{"type":"Feature","geometry":{"type":"Point","coordinates":[-43.94,-19.92]},"properties":{"id":"IGAM (MG):1800491/2018","orgao":"IGAM (MG)","uf":"MG","ano":2018,"categoria":"outorga","tipo":"14 - DRAGAGEM DE CURSO DE ÁGUA PARA FINS DE EXTRAÇÃO MINERAL","empresa":"Areeiro******","municipio":null,"processo":"1800491/2018","link_oficial":"http://www.siam.mg.gov.br/siam/legislacao/consulta_portarias.jsp?num=1800491/2018","resumo":"14 - DRAGAGEM DE CURSO DE ÁGUA PARA FINS DE EXTRAÇÃO MINERAL","aprox":true}},{"type":"Feature","geometry":{"type":"Point","coordinates":[-43.94,-19.92]},"properties":{"id":"IGAM (MG):1600492/2018","orgao":"IGAM (MG)","uf":"MG","ano":2018,"categoria":"outorga","tipo":"08 - CAPTAÇÃO DE ÁGUA SUBTERRÂNEA POR MEIO DE POÇO TUBULAR JÁ EXISTENTE","empresa":"Lucey******","municipio":null,"processo":"1600492/2018","link_oficial":"http://www.siam.mg.gov.br/siam/legislacao/consulta_portarias.jsp?num=1600492/2018","resumo":"08 - CAPTAÇÃO DE ÁGUA SUBTERRÂNEA POR MEIO DE POÇO TUBULAR JÁ EXISTENTE","aprox":true}},{"type":"Feature","geometry":{"type":"Point","coordinates":[-43.94,-19.92]},"properties":{"id":"IGAM (MG):1500493/2018","orgao":"IGAM (MG)","uf":"MG","ano":2018,"categoria":"outorga","tipo":"08 - CAPTAÇÃO DE ÁGUA SUBTERRÂNEA POR MEIO DE POÇO TUBULAR JÁ EXISTENTE","empresa":"AMW******","municipio":null,"processo":"1500493/2018","link_oficial":"http://www.siam.mg.gov.br/siam/legislacao/consulta_portarias.jsp?num=1500493/2018","resumo":"08 - CAPTAÇÃO DE ÁGUA SUBTERRÂNEA POR MEIO DE POÇO TUBULAR JÁ EXISTENTE","aprox":true}},{"type":"Feature","geometry":{"type":"Point","coordinates":[-43.94,-19.92]},"properties":{"id":"IGAM (MG):1900494/2018","orgao":"IGAM (MG)","uf":"MG","ano":2018,"categoria":"outorga","tipo":"01 - CAPTAÇÃO EM CORPO DE ÁGUA (RIOS, LAGOAS NATURAIS ETC)","empresa":"FAZENDA******","municipio":null,"processo":"1900494/2018","link_oficial":"http://www.siam.mg.gov.br/siam/legislacao/consulta_portarias.jsp?num=1900494/2018","resumo":"01 - CAPTAÇÃO EM CORPO DE ÁGUA (RIOS, LAGOAS NATURAIS ETC)","aprox":true}},{"type":"Feature","geometry":{"type":"Point","coordinates":[-43.94,-19.92]},"properties":{"id":"IGAM (MG):1700495/2018","orgao":"IGAM (MG)","uf":"MG","ano":2018,"categoria":"outorga","tipo":"02 - CAPTAÇÃO EM BARRAMENTO EM CURSO DE ÁGUA, SEM REGULARIZAÇÃO DE VAZÃO","empresa":"Fazenda******","municipio":null,"processo":"1700495/2018","link_oficial":"http://www.siam.mg.gov.br/siam/legislacao/consulta_portarias.jsp?num=1700495/2018","resumo":"02 - CAPTAÇÃO EM BARRAMENTO EM CURSO DE ÁGUA, SEM REGULARIZAÇÃO DE VAZÃO","aprox":true}},{"type":"Feature","geometry":{"type":"Point","coordinates":[-43.94,-19.92]},"properties":{"id":"IGAM (MG):1700496/2018","orgao":"IGAM (MG)","uf":"MG","ano":2018,"categoria":"outorga","tipo":"04 - CAPTAÇÃO EM BARRAMENTO EM CURSO DE ÁGUA, COM REGULARIZAÇÃO DE VAZÃO (ÁREA M","empresa":"Fazenda******","municipio":null,"processo":"1700496/2018","link_oficial":"http://www.siam.mg.gov.br/siam/legislacao/consulta_portarias.jsp?num=1700496/2018","resumo":"04 - CAPTAÇÃO EM BARRAMENTO EM CURSO DE ÁGUA, COM REGULARIZAÇÃO DE VAZÃO (ÁREA MÁX MAIOR 5,00 HA)","aprox":true}},{"type":"Feature","geometry":{"type":"Point","coordinates":[-43.94,-19.92]},"properties":{"id":"IGAM (MG):1700497/2018","orgao":"IGAM (MG)","uf":"MG","ano":2018,"categoria":"outorga","tipo":"04 - CAPTAÇÃO EM BARRAMENTO EM CURSO DE ÁGUA, COM REGULARIZAÇÃO DE VAZÃO (ÁREA M","empresa":"Agropaulista******","municipio":null,"processo":"1700497/2018","link_oficial":"http://www.siam.mg.gov.br/siam/legislacao/consulta_portarias.jsp?num=1700497/2018","resumo":"04 - CAPTAÇÃO EM BARRAMENTO EM CURSO DE ÁGUA, COM REGULARIZAÇÃO DE VAZÃO (ÁREA MÁX MAIOR 5,00 HA)","aprox":true}},{"type":"Feature","geometry":{"type":"Point","coordinates":[-43.94,-19.92]},"properties":{"id":"IGAM (MG):1500498/2018","orgao":"IGAM (MG)","uf":"MG","ano":2018,"categoria":"outorga","tipo":"01 - CAPTAÇÃO EM CORPO DE ÁGUA (RIOS, LAGOAS NATURAIS ETC)","empresa":"Fazenda******","municipio":null,"processo":"1500498/2018","link_oficial":"http://www.siam.mg.gov.br/siam/legislacao/consulta_portarias.jsp?num=1500498/2018","resumo":"01 - CAPTAÇÃO EM CORPO DE ÁGUA (RIOS, LAGOAS NATURAIS ETC)","aprox":true}},{"type":"Feature","geometry":{"type":"Point","coordinates":[-43.94,-19.92]},"properties":{"id":"IGAM (MG):1700499/2018","orgao":"IGAM (MG)","uf":"MG","ano":2018,"categoria":"outorga","tipo":"03 - CAPTAÇÃO EM BARRAMENTO EM CURSO DE ÁGUA, C/ REGULARIZAÇÃO DE VAZÃO (ÁREA MÁ","empresa":"Fazenda******","municipio":null,"processo":"1700499/2018","link_oficial":"http://www.siam.mg.gov.br/siam/legislacao/consulta_portarias.jsp?num=1700499/2018","resumo":"03 - CAPTAÇÃO EM BARRAMENTO EM CURSO DE ÁGUA, C/ REGULARIZAÇÃO DE VAZÃO (ÁREA MÁX MENOR OU IGUAL 5,00 HA)","aprox":true}},{"type":"Feature","geometry":{"type":"Point","coordinates":[-43.94,-19.92]},"properties":{"id":"IGAM (MG):1500500/2018","orgao":"IGAM (MG)","uf":"MG","ano":2018,"categoria":"outorga","tipo":"14 - DRAGAGEM DE CURSO DE ÁGUA PARA FINS DE EXTRAÇÃO MINERAL","empresa":"Márcia******","municipio":null,"processo":"1500500/2018","link_oficial":"http://www.siam.mg.gov.br/siam/legislacao/consulta_portarias.jsp?num=1500500/2018","resumo":"14 - DRAGAGEM DE CURSO DE ÁGUA PARA FINS DE EXTRAÇÃO MINERAL","aprox":true}},{"type":"Feature","geometry":{"type":"Point","coordinates":[-43.94,-19.92]},"properties":{"id":"IGAM (MG):1700501/2018","orgao":"IGAM (MG)","uf":"MG","ano":2018,"categoria":"outorga","tipo":"03 - CAPTAÇÃO EM BARRAMENTO EM CURSO DE ÁGUA, C/ REGULARIZAÇÃO DE VAZÃO (ÁREA MÁ","empresa":"Fazenda******","municipio":null,"processo":"1700501/2018","link_oficial":"http://www.siam.mg.gov.br/siam/legislacao/consulta_portarias.jsp?num=1700501/2018","resumo":"03 - CAPTAÇÃO EM BARRAMENTO EM CURSO DE ÁGUA, C/ REGULARIZAÇÃO DE VAZÃO (ÁREA MÁX MENOR OU IGUAL 5,00 HA)","aprox":true}},{"type":"Feature","geometry":{"type":"Point","coordinates":[-43.94,-19.92]},"properties":{"id":"IGAM (MG):1600502/2018","orgao":"IGAM (MG)","uf":"MG","ano":2018,"categoria":"outorga","tipo":"01 - CAPTAÇÃO EM CORPO DE ÁGUA (RIOS, LAGOAS NATURAIS ETC)","empresa":"João******","municipio":null,"processo":"1600502/2018","link_oficial":"http://www.siam.mg.gov.br/siam/legislacao/consulta_portarias.jsp?num=1600502/2018","resumo":"01 - CAPTAÇÃO EM CORPO DE ÁGUA (RIOS, LAGOAS NATURAIS ETC)","aprox":true}},{"type":"Feature","geometry":{"type":"Point","coordinates":[-43.94,-19.92]},"properties":{"id":"IGAM (MG):1700503/2018","orgao":"IGAM (MG)","uf":"MG","ano":2018,"categoria":"outorga","tipo":"08 - CAPTAÇÃO DE ÁGUA SUBTERRÂNEA POR MEIO DE POÇO TUBULAR JÁ EXISTENTE","empresa":"ADM******","municipio":null,"processo":"1700503/2018","link_oficial":"http://www.siam.mg.gov.br/siam/legislacao/consulta_portarias.jsp?num=1700503/2018","resumo":"08 - CAPTAÇÃO DE ÁGUA SUBTERRÂNEA POR MEIO DE POÇO TUBULAR JÁ EXISTENTE","aprox":true}},{"type":"Feature","geometry":{"type":"Point","coordinates":[-43.94,-19.92]},"properties":{"id":"IGAM (MG):1500504/2018","orgao":"IGAM (MG)","uf":"MG","ano":2018,"categoria":"outorga","tipo":"01 - CAPTAÇÃO EM CORPO DE ÁGUA (RIOS, LAGOAS NATURAIS ETC)","empresa":"Fazenda******","municipio":null,"processo":"1500504/2018","link_oficial":"http://www.siam.mg.gov.br/siam/legislacao/consulta_portarias.jsp?num=1500504/2018","resumo":"01 - CAPTAÇÃO EM CORPO DE ÁGUA (RIOS, LAGOAS NATURAIS ETC)","aprox":true}},{"type":"Feature","geometry":{"type":"Point","coordinates":[-43.94,-19.92]},"properties":{"id":"IGAM (MG):1500505/2018","orgao":"IGAM (MG)","uf":"MG","ano":2018,"categoria":"outorga","tipo":"01 - CAPTAÇÃO EM CORPO DE ÁGUA (RIOS, LAGOAS NATURAIS ETC)","empresa":"Fazenda******","municipio":null,"processo":"1500505/2018","link_oficial":"http://www.siam.mg.gov.br/siam/legislacao/consulta_portarias.jsp?num=1500505/2018","resumo":"01 - CAPTAÇÃO EM CORPO DE ÁGUA (RIOS, LAGOAS NATURAIS ETC)","aprox":true}},{"type":"Feature","geometry":{"type":"Point","coordinates":[-43.94,-19.92]},"properties":{"id":"IGAM (MG):1400506/2018","orgao":"IGAM (MG)","uf":"MG","ano":2018,"categoria":"outorga","tipo":"08 - CAPTAÇÃO DE ÁGUA SUBTERRÂNEA POR MEIO DE POÇO TUBULAR JÁ EXISTENTE","empresa":"Posto******","municipio":null,"processo":"1400506/2018","link_oficial":"http://www.siam.mg.gov.br/siam/legislacao/consulta_portarias.jsp?num=1400506/2018","resumo":"08 - CAPTAÇÃO DE ÁGUA SUBTERRÂNEA POR MEIO DE POÇO TUBULAR JÁ EXISTENTE","aprox":true}},{"type":"Feature","geometry":{"type":"Point","coordinates":[-43.94,-19.92]},"properties":{"id":"IGAM (MG):1900507/2018","orgao":"IGAM (MG)","uf":"MG","ano":2018,"categoria":"outorga","tipo":"08 - CAPTAÇÃO DE ÁGUA SUBTERRÂNEA POR MEIO DE POÇO TUBULAR JÁ EXISTENTE","empresa":"COPLAN******","municipio":null,"processo":"1900507/2018","link_oficial":"http://www.siam.mg.gov.br/siam/legislacao/consulta_portarias.jsp?num=1900507/2018","resumo":"08 - CAPTAÇÃO DE ÁGUA SUBTERRÂNEA POR MEIO DE POÇO TUBULAR JÁ EXISTENTE","aprox":true}},{"type":"Feature","geometry":{"type":"Point","coordinates":[-43.94,-19.92]},"properties":{"id":"IGAM (MG):1500508/2018","orgao":"IGAM (MG)","uf":"MG","ano":2018,"categoria":"outorga","tipo":"01 - CAPTAÇÃO EM CORPO DE ÁGUA (RIOS, LAGOAS NATURAIS ETC)","empresa":"Heliete******","municipio":null,"processo":"1500508/2018","link_oficial":"http://www.siam.mg.gov.br/siam/legislacao/consulta_portarias.jsp?num=1500508/2018","resumo":"01 - CAPTAÇÃO EM CORPO DE ÁGUA (RIOS, LAGOAS NATURAIS ETC)","aprox":true}},{"type":"Feature","geometry":{"type":"Point","coordinates":[-43.94,-19.92]},"properties":{"id":"IGAM (MG):1900509/2018","orgao":"IGAM (MG)","uf":"MG","ano":2018,"categoria":"outorga","tipo":"08 - CAPTAÇÃO DE ÁGUA SUBTERRÂNEA POR MEIO DE POÇO TUBULAR JÁ EXISTENTE","empresa":"FAZENDA******","municipio":null,"processo":"1900509/2018","link_oficial":"http://www.siam.mg.gov.br/siam/legislacao/consulta_portarias.jsp?num=1900509/2018","resumo":"08 - CAPTAÇÃO DE ÁGUA SUBTERRÂNEA POR MEIO DE POÇO TUBULAR JÁ EXISTENTE","aprox":true}},{"type":"Feature","geometry":{"type":"Point","coordinates":[-43.94,-19.92]},"properties":{"id":"IGAM (MG):1700510/2018","orgao":"IGAM (MG)","uf":"MG","ano":2018,"categoria":"outorga","tipo":"04 - CAPTAÇÃO EM BARRAMENTO EM CURSO DE ÁGUA, COM REGULARIZAÇÃO DE VAZÃO (ÁREA M","empresa":"Fazenda******","municipio":null,"processo":"1700510/2018","link_oficial":"http://www.siam.mg.gov.br/siam/legislacao/consulta_portarias.jsp?num=1700510/2018","resumo":"04 - CAPTAÇÃO EM BARRAMENTO EM CURSO DE ÁGUA, COM REGULARIZAÇÃO DE VAZÃO (ÁREA MÁX MAIOR 5,00 HA)","aprox":true}},{"type":"Feature","geometry":{"type":"Point","coordinates":[-43.94,-19.92]},"properties":{"id":"IGAM (MG):1900511/2018","orgao":"IGAM (MG)","uf":"MG","ano":2018,"categoria":"outorga","tipo":"08 - CAPTAÇÃO DE ÁGUA SUBTERRÂNEA POR MEIO DE POÇO TUBULAR JÁ EXISTENTE","empresa":"Valoriza******","municipio":null,"processo":"1900511/2018","link_oficial":"http://www.siam.mg.gov.br/siam/legislacao/consulta_portarias.jsp?num=1900511/2018","resumo":"08 - CAPTAÇÃO DE ÁGUA SUBTERRÂNEA POR MEIO DE POÇO TUBULAR JÁ EXISTENTE","aprox":true}},{"type":"Feature","geometry":{"type":"Point","coordinates":[-43.94,-19.92]},"properties":{"id":"IGAM (MG):1900512/2018","orgao":"IGAM (MG)","uf":"MG","ano":2018,"categoria":"outorga","tipo":"08 - CAPTAÇÃO DE ÁGUA SUBTERRÂNEA POR MEIO DE POÇO TUBULAR JÁ EXISTENTE","empresa":"Odair******","municipio":null,"processo":"1900512/2018","link_oficial":"http://www.siam.mg.gov.br/siam/legislacao/consulta_portarias.jsp?num=1900512/2018","resumo":"08 - CAPTAÇÃO DE ÁGUA SUBTERRÂNEA POR MEIO DE POÇO TUBULAR JÁ EXISTENTE","aprox":true}},{"type":"Feature","geometry":{"type":"Point","coordinates":[-43.94,-19.92]},"properties":{"id":"IGAM (MG):1400513/2018","orgao":"IGAM (MG)","uf":"MG","ano":2018,"categoria":"outorga","tipo":"08 - CAPTAÇÃO DE ÁGUA SUBTERRÂNEA POR MEIO DE POÇO TUBULAR JÁ EXISTENTE","empresa":"COPANOR******","municipio":null,"processo":"1400513/2018","link_oficial":"http://www.siam.mg.gov.br/siam/legislacao/consulta_portarias.jsp?num=1400513/2018","resumo":"08 - CAPTAÇÃO DE ÁGUA SUBTERRÂNEA POR MEIO DE POÇO TUBULAR JÁ EXISTENTE","aprox":true}},{"type":"Feature","geometry":{"type":"Point","coordinates":[-43.94,-19.92]},"properties":{"id":"IGAM (MG):1700514/2018","orgao":"IGAM (MG)","uf":"MG","ano":2018,"categoria":"outorga","tipo":"04 - CAPTAÇÃO EM BARRAMENTO EM CURSO DE ÁGUA, COM REGULARIZAÇÃO DE VAZÃO (ÁREA M","empresa":"Fazenda******","municipio":null,"processo":"1700514/2018","link_oficial":"http://www.siam.mg.gov.br/siam/legislacao/consulta_portarias.jsp?num=1700514/2018","resumo":"04 - CAPTAÇÃO EM BARRAMENTO EM CURSO DE ÁGUA, COM REGULARIZAÇÃO DE VAZÃO (ÁREA MÁX MAIOR 5,00 HA)","aprox":true}},{"type":"Feature","geometry":{"type":"Point","coordinates":[-43.94,-19.92]},"properties":{"id":"IGAM (MG):1700515/2018","orgao":"IGAM (MG)","uf":"MG","ano":2018,"categoria":"outorga","tipo":"05 - BARRAMENTO EM CURSO DE ÁGUA, SEM CAPTAÇÃO","empresa":"Fazenda******","municipio":null,"processo":"1700515/2018","link_oficial":"http://www.siam.mg.gov.br/siam/legislacao/consulta_portarias.jsp?num=1700515/2018","resumo":"05 - BARRAMENTO EM CURSO DE ÁGUA, SEM CAPTAÇÃO","aprox":true}},{"type":"Feature","geometry":{"type":"Point","coordinates":[-43.94,-19.92]},"properties":{"id":"IGAM (MG):1400516/2018","orgao":"IGAM (MG)","uf":"MG","ano":2018,"categoria":"outorga","tipo":"08 - CAPTAÇÃO DE ÁGUA SUBTERRÂNEA POR MEIO DE POÇO TUBULAR JÁ EXISTENTE","empresa":"COPANOR******","municipio":null,"processo":"1400516/2018","link_oficial":"http://www.siam.mg.gov.br/siam/legislacao/consulta_portarias.jsp?num=1400516/2018","resumo":"08 - CAPTAÇÃO DE ÁGUA SUBTERRÂNEA POR MEIO DE POÇO TUBULAR JÁ EXISTENTE","aprox":true}},{"type":"Feature","geometry":{"type":"Point","coordinates":[-43.94,-19.92]},"properties":{"id":"IGAM (MG):1700517/2018","orgao":"IGAM (MG)","uf":"MG","ano":2018,"categoria":"outorga","tipo":"05 - BARRAMENTO EM CURSO DE ÁGUA, SEM CAPTAÇÃO","empresa":"Fazenda******","municipio":null,"processo":"1700517/2018","link_oficial":"http://www.siam.mg.gov.br/siam/legislacao/consulta_portarias.jsp?num=1700517/2018","resumo":"05 - BARRAMENTO EM CURSO DE ÁGUA, SEM CAPTAÇÃO","aprox":true}},{"type":"Feature","geometry":{"type":"Point","coordinates":[-43.94,-19.92]},"properties":{"id":"IGAM (MG):1700518/2018","orgao":"IGAM (MG)","uf":"MG","ano":2018,"categoria":"outorga","tipo":"04 - CAPTAÇÃO EM BARRAMENTO EM CURSO DE ÁGUA, COM REGULARIZAÇÃO DE VAZÃO (ÁREA M","empresa":"Sebastião******","municipio":null,"processo":"1700518/2018","link_oficial":"http://www.siam.mg.gov.br/siam/legislacao/consulta_portarias.jsp?num=1700518/2018","resumo":"04 - CAPTAÇÃO EM BARRAMENTO EM CURSO DE ÁGUA, COM REGULARIZAÇÃO DE VAZÃO (ÁREA MÁX MAIOR 5,00 HA)","aprox":true}},{"type":"Feature","geometry":{"type":"Point","coordinates":[-43.94,-19.92]},"properties":{"id":"IGAM (MG):1400519/2018","orgao":"IGAM (MG)","uf":"MG","ano":2018,"categoria":"outorga","tipo":"08 - CAPTAÇÃO DE ÁGUA SUBTERRÂNEA POR MEIO DE POÇO TUBULAR JÁ EXISTENTE","empresa":"Copasa******","municipio":null,"processo":"1400519/2018","link_oficial":"http://www.siam.mg.gov.br/siam/legislacao/consulta_portarias.jsp?num=1400519/2018","resumo":"08 - CAPTAÇÃO DE ÁGUA SUBTERRÂNEA POR MEIO DE POÇO TUBULAR JÁ EXISTENTE","aprox":true}},{"type":"Feature","geometry":{"type":"Point","coordinates":[-43.94,-19.92]},"properties":{"id":"IGAM (MG):1900520/2018","orgao":"IGAM (MG)","uf":"MG","ano":2018,"categoria":"outorga","tipo":"08 - CAPTAÇÃO DE ÁGUA SUBTERRÂNEA POR MEIO DE POÇO TUBULAR JÁ EXISTENTE","empresa":"FAZENDA******","municipio":null,"processo":"1900520/2018","link_oficial":"http://www.siam.mg.gov.br/siam/legislacao/consulta_portarias.jsp?num=1900520/2018","resumo":"08 - CAPTAÇÃO DE ÁGUA SUBTERRÂNEA POR MEIO DE POÇO TUBULAR JÁ EXISTENTE","aprox":true}},{"type":"Feature","geometry":{"type":"Point","coordinates":[-43.94,-19.92]},"properties":{"id":"IGAM (MG):1600521/2018","orgao":"IGAM (MG)","uf":"MG","ano":2018,"categoria":"outorga","tipo":"08 - CAPTAÇÃO DE ÁGUA SUBTERRÂNEA POR MEIO DE POÇO TUBULAR JÁ EXISTENTE","empresa":"Ildeu******","municipio":null,"processo":"1600521/2018","link_oficial":"http://www.siam.mg.gov.br/siam/legislacao/consulta_portarias.jsp?num=1600521/2018","resumo":"08 - CAPTAÇÃO DE ÁGUA SUBTERRÂNEA POR MEIO DE POÇO TUBULAR JÁ EXISTENTE","aprox":true}},{"type":"Feature","geometry":{"type":"Point","coordinates":[-43.94,-19.92]},"properties":{"id":"IGAM (MG):1400522/2018","orgao":"IGAM (MG)","uf":"MG","ano":2018,"categoria":"outorga","tipo":"14 - DRAGAGEM DE CURSO DE ÁGUA PARA FINS DE EXTRAÇÃO MINERAL","empresa":"Comercial******","municipio":null,"processo":"1400522/2018","link_oficial":"http://www.siam.mg.gov.br/siam/legislacao/consulta_portarias.jsp?num=1400522/2018","resumo":"14 - DRAGAGEM DE CURSO DE ÁGUA PARA FINS DE EXTRAÇÃO MINERAL","aprox":true}},{"type":"Feature","geometry":{"type":"Point","coordinates":[-43.94,-19.92]},"properties":{"id":"IGAM (MG):1700523/2018","orgao":"IGAM (MG)","uf":"MG","ano":2018,"categoria":"outorga","tipo":"15 - CANALIZAÇÃO E/OU RETIFICAÇÃO DE CURSO DE ÁGUA","empresa":"Kinross******","municipio":null,"processo":"1700523/2018","link_oficial":"http://www.siam.mg.gov.br/siam/legislacao/consulta_portarias.jsp?num=1700523/2018","resumo":"15 - CANALIZAÇÃO E/OU RETIFICAÇÃO DE CURSO DE ÁGUA","aprox":true}},{"type":"Feature","geometry":{"type":"Point","coordinates":[-43.94,-19.92]},"properties":{"id":"IGAM (MG):1700524/2018","orgao":"IGAM (MG)","uf":"MG","ano":2018,"categoria":"outorga","tipo":"15 - CANALIZAÇÃO E/OU RETIFICAÇÃO DE CURSO DE ÁGUA","empresa":"Kinross******","municipio":null,"processo":"1700524/2018","link_oficial":"http://www.siam.mg.gov.br/siam/legislacao/consulta_portarias.jsp?num=1700524/2018","resumo":"15 - CANALIZAÇÃO E/OU RETIFICAÇÃO DE CURSO DE ÁGUA","aprox":true}},{"type":"Feature","geometry":{"type":"Point","coordinates":[-43.94,-19.92]},"properties":{"id":"IGAM (MG):1700525/2018","orgao":"IGAM (MG)","uf":"MG","ano":2018,"categoria":"outorga","tipo":"02 - CAPTAÇÃO EM BARRAMENTO EM CURSO DE ÁGUA, SEM REGULARIZAÇÃO DE VAZÃO","empresa":"Companhia******","municipio":null,"processo":"1700525/2018","link_oficial":"http://www.siam.mg.gov.br/siam/legislacao/consulta_portarias.jsp?num=1700525/2018","resumo":"02 - CAPTAÇÃO EM BARRAMENTO EM CURSO DE ÁGUA, SEM REGULARIZAÇÃO DE VAZÃO","aprox":true}},{"type":"Feature","geometry":{"type":"Point","coordinates":[-43.94,-19.92]},"properties":{"id":"IGAM (MG):1900526/2018","orgao":"IGAM (MG)","uf":"MG","ano":2018,"categoria":"outorga","tipo":"08 - CAPTAÇÃO DE ÁGUA SUBTERRÂNEA POR MEIO DE POÇO TUBULAR JÁ EXISTENTE","empresa":"Instituto******","municipio":null,"processo":"1900526/2018","link_oficial":"http://www.siam.mg.gov.br/siam/legislacao/consulta_portarias.jsp?num=1900526/2018","resumo":"08 - CAPTAÇÃO DE ÁGUA SUBTERRÂNEA POR MEIO DE POÇO TUBULAR JÁ EXISTENTE","aprox":true}},{"type":"Feature","geometry":{"type":"Point","coordinates":[-43.94,-19.92]},"properties":{"id":"IGAM (MG):1700527/2018","orgao":"IGAM (MG)","uf":"MG","ano":2018,"categoria":"outorga","tipo":"01 - CAPTAÇÃO EM CORPO DE ÁGUA (RIOS, LAGOAS NATURAIS ETC)","empresa":"Fazenda******","municipio":null,"processo":"1700527/2018","link_oficial":"http://www.siam.mg.gov.br/siam/legislacao/consulta_portarias.jsp?num=1700527/2018","resumo":"01 - CAPTAÇÃO EM CORPO DE ÁGUA (RIOS, LAGOAS NATURAIS ETC)","aprox":true}},{"type":"Feature","geometry":{"type":"Point","coordinates":[-43.94,-19.92]},"properties":{"id":"IGAM (MG):1900528/2018","orgao":"IGAM (MG)","uf":"MG","ano":2018,"categoria":"outorga","tipo":"08 - CAPTAÇÃO DE ÁGUA SUBTERRÂNEA POR MEIO DE POÇO TUBULAR JÁ EXISTENTE","empresa":"Eliano******","municipio":null,"processo":"1900528/2018","link_oficial":"http://www.siam.mg.gov.br/siam/legislacao/consulta_portarias.jsp?num=1900528/2018","resumo":"08 - CAPTAÇÃO DE ÁGUA SUBTERRÂNEA POR MEIO DE POÇO TUBULAR JÁ EXISTENTE","aprox":true}},{"type":"Feature","geometry":{"type":"Point","coordinates":[-43.94,-19.92]},"properties":{"id":"IGAM (MG):1700529/2018","orgao":"IGAM (MG)","uf":"MG","ano":2018,"categoria":"outorga","tipo":"03 - CAPTAÇÃO EM BARRAMENTO EM CURSO DE ÁGUA, C/ REGULARIZAÇÃO DE VAZÃO (ÁREA MÁ","empresa":"Fazenda******","municipio":null,"processo":"1700529/2018","link_oficial":"http://www.siam.mg.gov.br/siam/legislacao/consulta_portarias.jsp?num=1700529/2018","resumo":"03 - CAPTAÇÃO EM BARRAMENTO EM CURSO DE ÁGUA, C/ REGULARIZAÇÃO DE VAZÃO (ÁREA MÁX MENOR OU IGUAL 5,00 HA)","aprox":true}},{"type":"Feature","geometry":{"type":"Point","coordinates":[-43.94,-19.92]},"properties":{"id":"IGAM (MG):1900530/2018","orgao":"IGAM (MG)","uf":"MG","ano":2018,"categoria":"outorga","tipo":"08 - CAPTAÇÃO DE ÁGUA SUBTERRÂNEA POR MEIO DE POÇO TUBULAR JÁ EXISTENTE","empresa":"Sítio******","municipio":null,"processo":"1900530/2018","link_oficial":"http://www.siam.mg.gov.br/siam/legislacao/consulta_portarias.jsp?num=1900530/2018","resumo":"08 - CAPTAÇÃO DE ÁGUA SUBTERRÂNEA POR MEIO DE POÇO TUBULAR JÁ EXISTENTE","aprox":true}},{"type":"Feature","geometry":{"type":"Point","coordinates":[-43.94,-19.92]},"properties":{"id":"IGAM (MG):1700531/2018","orgao":"IGAM (MG)","uf":"MG","ano":2018,"categoria":"outorga","tipo":"03 - CAPTAÇÃO EM BARRAMENTO EM CURSO DE ÁGUA, C/ REGULARIZAÇÃO DE VAZÃO (ÁREA MÁ","empresa":"Fazenda******","municipio":null,"processo":"1700531/2018","link_oficial":"http://www.siam.mg.gov.br/siam/legislacao/consulta_portarias.jsp?num=1700531/2018","resumo":"03 - CAPTAÇÃO EM BARRAMENTO EM CURSO DE ÁGUA, C/ REGULARIZAÇÃO DE VAZÃO (ÁREA MÁX MENOR OU IGUAL 5,00 HA)","aprox":true}},{"type":"Feature","geometry":{"type":"Point","coordinates":[-43.94,-19.92]},"properties":{"id":"IGAM (MG):1900532/2018","orgao":"IGAM (MG)","uf":"MG","ano":2018,"categoria":"outorga","tipo":"08 - CAPTAÇÃO DE ÁGUA SUBTERRÂNEA POR MEIO DE POÇO TUBULAR JÁ EXISTENTE","empresa":"FAZENDA******","municipio":null,"processo":"1900532/2018","link_oficial":"http://www.siam.mg.gov.br/siam/legislacao/consulta_portarias.jsp?num=1900532/2018","resumo":"08 - CAPTAÇÃO DE ÁGUA SUBTERRÂNEA POR MEIO DE POÇO TUBULAR JÁ EXISTENTE","aprox":true}},{"type":"Feature","geometry":{"type":"Point","coordinates":[-43.94,-19.92]},"properties":{"id":"IGAM (MG):1300533/2018","orgao":"IGAM (MG)","uf":"MG","ano":2018,"categoria":"outorga","tipo":"08 - CAPTAÇÃO DE ÁGUA SUBTERRÂNEA POR MEIO DE POÇO TUBULAR JÁ EXISTENTE","empresa":"Biagio******","municipio":null,"processo":"1300533/2018","link_oficial":"http://www.siam.mg.gov.br/siam/legislacao/consulta_portarias.jsp?num=1300533/2018","resumo":"08 - CAPTAÇÃO DE ÁGUA SUBTERRÂNEA POR MEIO DE POÇO TUBULAR JÁ EXISTENTE","aprox":true}},{"type":"Feature","geometry":{"type":"Point","coordinates":[-43.94,-19.92]},"properties":{"id":"IGAM (MG):1900534/2018","orgao":"IGAM (MG)","uf":"MG","ano":2018,"categoria":"outorga","tipo":"08 - CAPTAÇÃO DE ÁGUA SUBTERRÂNEA POR MEIO DE POÇO TUBULAR JÁ EXISTENTE","empresa":"FAZENDA******","municipio":null,"processo":"1900534/2018","link_oficial":"http://www.siam.mg.gov.br/siam/legislacao/consulta_portarias.jsp?num=1900534/2018","resumo":"08 - CAPTAÇÃO DE ÁGUA SUBTERRÂNEA POR MEIO DE POÇO TUBULAR JÁ EXISTENTE","aprox":true}},{"type":"Feature","geometry":{"type":"Point","coordinates":[-43.94,-19.92]},"properties":{"id":"IGAM (MG):1300535/2018","orgao":"IGAM (MG)","uf":"MG","ano":2018,"categoria":"outorga","tipo":"09 - CAPTAÇÃO DE ÁGUA SUBTERRÂNEA POR MEIO DE POÇO MANUAL (CISTERNA)","empresa":"Terminal******","municipio":null,"processo":"1300535/2018","link_oficial":"http://www.siam.mg.gov.br/siam/legislacao/consulta_portarias.jsp?num=1300535/2018","resumo":"09 - CAPTAÇÃO DE ÁGUA SUBTERRÂNEA POR MEIO DE POÇO MANUAL (CISTERNA)","aprox":true}},{"type":"Feature","geometry":{"type":"Point","coordinates":[-43.94,-19.92]},"properties":{"id":"IGAM (MG):1300536/2018","orgao":"IGAM (MG)","uf":"MG","ano":2018,"categoria":"outorga","tipo":"08 - CAPTAÇÃO DE ÁGUA SUBTERRÂNEA POR MEIO DE POÇO TUBULAR JÁ EXISTENTE","empresa":"Biagio******","municipio":null,"processo":"1300536/2018","link_oficial":"http://www.siam.mg.gov.br/siam/legislacao/consulta_portarias.jsp?num=1300536/2018","resumo":"08 - CAPTAÇÃO DE ÁGUA SUBTERRÂNEA POR MEIO DE POÇO TUBULAR JÁ EXISTENTE","aprox":true}},{"type":"Feature","geometry":{"type":"Point","coordinates":[-43.94,-19.92]},"properties":{"id":"IGAM (MG):1300538/2018","orgao":"IGAM (MG)","uf":"MG","ano":2018,"categoria":"outorga","tipo":"01 - CAPTAÇÃO EM CORPO DE ÁGUA (RIOS, LAGOAS NATURAIS ETC)","empresa":"Comercial******","municipio":null,"processo":"1300538/2018","link_oficial":"http://www.siam.mg.gov.br/siam/legislacao/consulta_portarias.jsp?num=1300538/2018","resumo":"01 - CAPTAÇÃO EM CORPO DE ÁGUA (RIOS, LAGOAS NATURAIS ETC)","aprox":true}},{"type":"Feature","geometry":{"type":"Point","coordinates":[-43.94,-19.92]},"properties":{"id":"IGAM (MG):1700539/2018","orgao":"IGAM (MG)","uf":"MG","ano":2018,"categoria":"outorga","tipo":"01 - CAPTAÇÃO EM CORPO DE ÁGUA (RIOS, LAGOAS NATURAIS ETC)","empresa":"Companhia******","municipio":null,"processo":"1700539/2018","link_oficial":"http://www.siam.mg.gov.br/siam/legislacao/consulta_portarias.jsp?num=1700539/2018","resumo":"01 - CAPTAÇÃO EM CORPO DE ÁGUA (RIOS, LAGOAS NATURAIS ETC)","aprox":true}},{"type":"Feature","geometry":{"type":"Point","coordinates":[-43.94,-19.92]},"properties":{"id":"IGAM (MG):1300540/2018","orgao":"IGAM (MG)","uf":"MG","ano":2018,"categoria":"outorga","tipo":"02 - CAPTAÇÃO EM BARRAMENTO EM CURSO DE ÁGUA, SEM REGULARIZAÇÃO DE VAZÃO","empresa":"Fazenda******","municipio":null,"processo":"1300540/2018","link_oficial":"http://www.siam.mg.gov.br/siam/legislacao/consulta_portarias.jsp?num=1300540/2018","resumo":"02 - CAPTAÇÃO EM BARRAMENTO EM CURSO DE ÁGUA, SEM REGULARIZAÇÃO DE VAZÃO","aprox":true}},{"type":"Feature","geometry":{"type":"Point","coordinates":[-43.94,-19.92]},"properties":{"id":"IGAM (MG):1900541/2018","orgao":"IGAM (MG)","uf":"MG","ano":2018,"categoria":"outorga","tipo":"11 - CAPTAÇÃO DE ÁGUA EM SURGÊNCIA (NASCENTE)","empresa":"FAZENDA******","municipio":null,"processo":"1900541/2018","link_oficial":"http://www.siam.mg.gov.br/siam/legislacao/consulta_portarias.jsp?num=1900541/2018","resumo":"11 - CAPTAÇÃO DE ÁGUA EM SURGÊNCIA (NASCENTE)","aprox":true}},{"type":"Feature","geometry":{"type":"Point","coordinates":[-43.94,-19.92]},"properties":{"id":"IGAM (MG):1900542/2018","orgao":"IGAM (MG)","uf":"MG","ano":2018,"categoria":"outorga","tipo":"08 - CAPTAÇÃO DE ÁGUA SUBTERRÂNEA POR MEIO DE POÇO TUBULAR JÁ EXISTENTE","empresa":"Cleonir******","municipio":null,"processo":"1900542/2018","link_oficial":"http://www.siam.mg.gov.br/siam/legislacao/consulta_portarias.jsp?num=1900542/2018","resumo":"08 - CAPTAÇÃO DE ÁGUA SUBTERRÂNEA POR MEIO DE POÇO TUBULAR JÁ EXISTENTE","aprox":true}},{"type":"Feature","geometry":{"type":"Point","coordinates":[-43.94,-19.92]},"properties":{"id":"IGAM (MG):1600543/2018","orgao":"IGAM (MG)","uf":"MG","ano":2018,"categoria":"outorga","tipo":"08 - CAPTAÇÃO DE ÁGUA SUBTERRÂNEA POR MEIO DE POÇO TUBULAR JÁ EXISTENTE","empresa":"João******","municipio":null,"processo":"1600543/2018","link_oficial":"http://www.siam.mg.gov.br/siam/legislacao/consulta_portarias.jsp?num=1600543/2018","resumo":"08 - CAPTAÇÃO DE ÁGUA SUBTERRÂNEA POR MEIO DE POÇO TUBULAR JÁ EXISTENTE","aprox":true}},{"type":"Feature","geometry":{"type":"Point","coordinates":[-43.94,-19.92]},"properties":{"id":"IGAM (MG):1900544/2018","orgao":"IGAM (MG)","uf":"MG","ano":2018,"categoria":"outorga","tipo":"08 - CAPTAÇÃO DE ÁGUA SUBTERRÂNEA POR MEIO DE POÇO TUBULAR JÁ EXISTENTE","empresa":"SÍTIO******","municipio":null,"processo":"1900544/2018","link_oficial":"http://www.siam.mg.gov.br/siam/legislacao/consulta_portarias.jsp?num=1900544/2018","resumo":"08 - CAPTAÇÃO DE ÁGUA SUBTERRÂNEA POR MEIO DE POÇO TUBULAR JÁ EXISTENTE","aprox":true}},{"type":"Feature","geometry":{"type":"Point","coordinates":[-43.94,-19.92]},"properties":{"id":"IGAM (MG):1900545/2018","orgao":"IGAM (MG)","uf":"MG","ano":2018,"categoria":"outorga","tipo":"08 - CAPTAÇÃO DE ÁGUA SUBTERRÂNEA POR MEIO DE POÇO TUBULAR JÁ EXISTENTE","empresa":"FAZENDA******","municipio":null,"processo":"1900545/2018","link_oficial":"http://www.siam.mg.gov.br/siam/legislacao/consulta_portarias.jsp?num=1900545/2018","resumo":"08 - CAPTAÇÃO DE ÁGUA SUBTERRÂNEA POR MEIO DE POÇO TUBULAR JÁ EXISTENTE","aprox":true}},{"type":"Feature","geometry":{"type":"Point","coordinates":[-43.94,-19.92]},"properties":{"id":"IGAM (MG):1900546/2018","orgao":"IGAM (MG)","uf":"MG","ano":2018,"categoria":"outorga","tipo":"08 - CAPTAÇÃO DE ÁGUA SUBTERRÂNEA POR MEIO DE POÇO TUBULAR JÁ EXISTENTE","empresa":"FAZENDA******","municipio":null,"processo":"1900546/2018","link_oficial":"http://www.siam.mg.gov.br/siam/legislacao/consulta_portarias.jsp?num=1900546/2018","resumo":"08 - CAPTAÇÃO DE ÁGUA SUBTERRÂNEA POR MEIO DE POÇO TUBULAR JÁ EXISTENTE","aprox":true}},{"type":"Feature","geometry":{"type":"Point","coordinates":[-43.94,-19.92]},"properties":{"id":"IGAM (MG):1900547/2018","orgao":"IGAM (MG)","uf":"MG","ano":2018,"categoria":"outorga","tipo":"08 - CAPTAÇÃO DE ÁGUA SUBTERRÂNEA POR MEIO DE POÇO TUBULAR JÁ EXISTENTE","empresa":"FAZENDA******","municipio":null,"processo":"1900547/2018","link_oficial":"http://www.siam.mg.gov.br/siam/legislacao/consulta_portarias.jsp?num=1900547/2018","resumo":"08 - CAPTAÇÃO DE ÁGUA SUBTERRÂNEA POR MEIO DE POÇO TUBULAR JÁ EXISTENTE","aprox":true}},{"type":"Feature","geometry":{"type":"Point","coordinates":[-43.94,-19.92]},"properties":{"id":"IGAM (MG):1600548/2018","orgao":"IGAM (MG)","uf":"MG","ano":2018,"categoria":"outorga","tipo":"08 - CAPTAÇÃO DE ÁGUA SUBTERRÂNEA POR MEIO DE POÇO TUBULAR JÁ EXISTENTE","empresa":"América******","municipio":null,"processo":"1600548/2018","link_oficial":"http://www.siam.mg.gov.br/siam/legislacao/consulta_portarias.jsp?num=1600548/2018","resumo":"08 - CAPTAÇÃO DE ÁGUA SUBTERRÂNEA POR MEIO DE POÇO TUBULAR JÁ EXISTENTE","aprox":true}},{"type":"Feature","geometry":{"type":"Point","coordinates":[-43.94,-19.92]},"properties":{"id":"IGAM (MG):1600549/2018","orgao":"IGAM (MG)","uf":"MG","ano":2018,"categoria":"outorga","tipo":"08 - CAPTAÇÃO DE ÁGUA SUBTERRÂNEA POR MEIO DE POÇO TUBULAR JÁ EXISTENTE","empresa":"João******","municipio":null,"processo":"1600549/2018","link_oficial":"http://www.siam.mg.gov.br/siam/legislacao/consulta_portarias.jsp?num=1600549/2018","resumo":"08 - CAPTAÇÃO DE ÁGUA SUBTERRÂNEA POR MEIO DE POÇO TUBULAR JÁ EXISTENTE","aprox":true}},{"type":"Feature","geometry":{"type":"Point","coordinates":[-43.94,-19.92]},"properties":{"id":"IGAM (MG):1500550/2018","orgao":"IGAM (MG)","uf":"MG","ano":2018,"categoria":"outorga","tipo":"08 - CAPTAÇÃO DE ÁGUA SUBTERRÂNEA POR MEIO DE POÇO TUBULAR JÁ EXISTENTE","empresa":"Sote******","municipio":null,"processo":"1500550/2018","link_oficial":"http://www.siam.mg.gov.br/siam/legislacao/consulta_portarias.jsp?num=1500550/2018","resumo":"08 - CAPTAÇÃO DE ÁGUA SUBTERRÂNEA POR MEIO DE POÇO TUBULAR JÁ EXISTENTE","aprox":true}},{"type":"Feature","geometry":{"type":"Point","coordinates":[-43.94,-19.92]},"properties":{"id":"IGAM (MG):1600551/2018","orgao":"IGAM (MG)","uf":"MG","ano":2018,"categoria":"outorga","tipo":"08 - CAPTAÇÃO DE ÁGUA SUBTERRÂNEA POR MEIO DE POÇO TUBULAR JÁ EXISTENTE","empresa":"Farpal******","municipio":null,"processo":"1600551/2018","link_oficial":"http://www.siam.mg.gov.br/siam/legislacao/consulta_portarias.jsp?num=1600551/2018","resumo":"08 - CAPTAÇÃO DE ÁGUA SUBTERRÂNEA POR MEIO DE POÇO TUBULAR JÁ EXISTENTE","aprox":true}},{"type":"Feature","geometry":{"type":"Point","coordinates":[-43.94,-19.92]},"properties":{"id":"IGAM (MG):1500552/2018","orgao":"IGAM (MG)","uf":"MG","ano":2018,"categoria":"outorga","tipo":"08 - CAPTAÇÃO DE ÁGUA SUBTERRÂNEA POR MEIO DE POÇO TUBULAR JÁ EXISTENTE","empresa":"Rav******","municipio":null,"processo":"1500552/2018","link_oficial":"http://www.siam.mg.gov.br/siam/legislacao/consulta_portarias.jsp?num=1500552/2018","resumo":"08 - CAPTAÇÃO DE ÁGUA SUBTERRÂNEA POR MEIO DE POÇO TUBULAR JÁ EXISTENTE","aprox":true}},{"type":"Feature","geometry":{"type":"Point","coordinates":[-43.94,-19.92]},"properties":{"id":"IGAM (MG):1500553/2018","orgao":"IGAM (MG)","uf":"MG","ano":2018,"categoria":"outorga","tipo":"08 - CAPTAÇÃO DE ÁGUA SUBTERRÂNEA POR MEIO DE POÇO TUBULAR JÁ EXISTENTE","empresa":"Prefeitura******","municipio":null,"processo":"1500553/2018","link_oficial":"http://www.siam.mg.gov.br/siam/legislacao/consulta_portarias.jsp?num=1500553/2018","resumo":"08 - CAPTAÇÃO DE ÁGUA SUBTERRÂNEA POR MEIO DE POÇO TUBULAR JÁ EXISTENTE","aprox":true}},{"type":"Feature","geometry":{"type":"Point","coordinates":[-43.94,-19.92]},"properties":{"id":"IGAM (MG):1500554/2018","orgao":"IGAM (MG)","uf":"MG","ano":2018,"categoria":"outorga","tipo":"01 - CAPTAÇÃO EM CORPO DE ÁGUA (RIOS, LAGOAS NATURAIS ETC)","empresa":"Fazenda******","municipio":null,"processo":"1500554/2018","link_oficial":"http://www.siam.mg.gov.br/siam/legislacao/consulta_portarias.jsp?num=1500554/2018","resumo":"01 - CAPTAÇÃO EM CORPO DE ÁGUA (RIOS, LAGOAS NATURAIS ETC)","aprox":true}},{"type":"Feature","geometry":{"type":"Point","coordinates":[-43.94,-19.92]},"properties":{"id":"IGAM (MG):1500555/2018","orgao":"IGAM (MG)","uf":"MG","ano":2018,"categoria":"outorga","tipo":"02 - CAPTAÇÃO EM BARRAMENTO EM CURSO DE ÁGUA, SEM REGULARIZAÇÃO DE VAZÃO","empresa":"Dalma******","municipio":null,"processo":"1500555/2018","link_oficial":"http://www.siam.mg.gov.br/siam/legislacao/consulta_portarias.jsp?num=1500555/2018","resumo":"02 - CAPTAÇÃO EM BARRAMENTO EM CURSO DE ÁGUA, SEM REGULARIZAÇÃO DE VAZÃO","aprox":true}},{"type":"Feature","geometry":{"type":"Point","coordinates":[-43.94,-19.92]},"properties":{"id":"IGAM (MG):1500556/2018","orgao":"IGAM (MG)","uf":"MG","ano":2018,"categoria":"outorga","tipo":"08 - CAPTAÇÃO DE ÁGUA SUBTERRÂNEA POR MEIO DE POÇO TUBULAR JÁ EXISTENTE","empresa":"Rede******","municipio":null,"processo":"1500556/2018","link_oficial":"http://www.siam.mg.gov.br/siam/legislacao/consulta_portarias.jsp?num=1500556/2018","resumo":"08 - CAPTAÇÃO DE ÁGUA SUBTERRÂNEA POR MEIO DE POÇO TUBULAR JÁ EXISTENTE","aprox":true}},{"type":"Feature","geometry":{"type":"Point","coordinates":[-43.94,-19.92]},"properties":{"id":"IGAM (MG):1500557/2018","orgao":"IGAM (MG)","uf":"MG","ano":2018,"categoria":"outorga","tipo":"01 - CAPTAÇÃO EM CORPO DE ÁGUA (RIOS, LAGOAS NATURAIS ETC)","empresa":"Fazenda******","municipio":null,"processo":"1500557/2018","link_oficial":"http://www.siam.mg.gov.br/siam/legislacao/consulta_portarias.jsp?num=1500557/2018","resumo":"01 - CAPTAÇÃO EM CORPO DE ÁGUA (RIOS, LAGOAS NATURAIS ETC)","aprox":true}},{"type":"Feature","geometry":{"type":"Point","coordinates":[-43.94,-19.92]},"properties":{"id":"IGAM (MG):1900558/2018","orgao":"IGAM (MG)","uf":"MG","ano":2018,"categoria":"outorga","tipo":"08 - CAPTAÇÃO DE ÁGUA SUBTERRÂNEA POR MEIO DE POÇO TUBULAR JÁ EXISTENTE","empresa":"FAZENDA******","municipio":null,"processo":"1900558/2018","link_oficial":"http://www.siam.mg.gov.br/siam/legislacao/consulta_portarias.jsp?num=1900558/2018","resumo":"08 - CAPTAÇÃO DE ÁGUA SUBTERRÂNEA POR MEIO DE POÇO TUBULAR JÁ EXISTENTE","aprox":true}},{"type":"Feature","geometry":{"type":"Point","coordinates":[-43.94,-19.92]},"properties":{"id":"IGAM (MG):1500559/2018","orgao":"IGAM (MG)","uf":"MG","ano":2018,"categoria":"outorga","tipo":"01 - CAPTAÇÃO EM CORPO DE ÁGUA (RIOS, LAGOAS NATURAIS ETC)","empresa":"Organizações******","municipio":null,"processo":"1500559/2018","link_oficial":"http://www.siam.mg.gov.br/siam/legislacao/consulta_portarias.jsp?num=1500559/2018","resumo":"01 - CAPTAÇÃO EM CORPO DE ÁGUA (RIOS, LAGOAS NATURAIS ETC)","aprox":true}},{"type":"Feature","geometry":{"type":"Point","coordinates":[-43.94,-19.92]},"properties":{"id":"IGAM (MG):1500560/2018","orgao":"IGAM (MG)","uf":"MG","ano":2018,"categoria":"outorga","tipo":"08 - CAPTAÇÃO DE ÁGUA SUBTERRÂNEA POR MEIO DE POÇO TUBULAR JÁ EXISTENTE","empresa":"Fernando******","municipio":null,"processo":"1500560/2018","link_oficial":"http://www.siam.mg.gov.br/siam/legislacao/consulta_portarias.jsp?num=1500560/2018","resumo":"08 - CAPTAÇÃO DE ÁGUA SUBTERRÂNEA POR MEIO DE POÇO TUBULAR JÁ EXISTENTE","aprox":true}},{"type":"Feature","geometry":{"type":"Point","coordinates":[-43.94,-19.92]},"properties":{"id":"IGAM (MG):1900561/2018","orgao":"IGAM (MG)","uf":"MG","ano":2018,"categoria":"outorga","tipo":"03 - CAPTAÇÃO EM BARRAMENTO EM CURSO DE ÁGUA, C/ REGULARIZAÇÃO DE VAZÃO (ÁREA MÁ","empresa":"Eduardo******","municipio":null,"processo":"1900561/2018","link_oficial":"http://www.siam.mg.gov.br/siam/legislacao/consulta_portarias.jsp?num=1900561/2018","resumo":"03 - CAPTAÇÃO EM BARRAMENTO EM CURSO DE ÁGUA, C/ REGULARIZAÇÃO DE VAZÃO (ÁREA MÁX MENOR OU IGUAL 5,00 HA)","aprox":true}},{"type":"Feature","geometry":{"type":"Point","coordinates":[-43.94,-19.92]},"properties":{"id":"IGAM (MG):1700562/2018","orgao":"IGAM (MG)","uf":"MG","ano":2018,"categoria":"outorga","tipo":"08 - CAPTAÇÃO DE ÁGUA SUBTERRÂNEA POR MEIO DE POÇO TUBULAR JÁ EXISTENTE","empresa":"Serviço******","municipio":null,"processo":"1700562/2018","link_oficial":"http://www.siam.mg.gov.br/siam/legislacao/consulta_portarias.jsp?num=1700562/2018","resumo":"08 - CAPTAÇÃO DE ÁGUA SUBTERRÂNEA POR MEIO DE POÇO TUBULAR JÁ EXISTENTE","aprox":true}},{"type":"Feature","geometry":{"type":"Point","coordinates":[-43.94,-19.92]},"properties":{"id":"IGAM (MG):1500563/2018","orgao":"IGAM (MG)","uf":"MG","ano":2018,"categoria":"outorga","tipo":"08 - CAPTAÇÃO DE ÁGUA SUBTERRÂNEA POR MEIO DE POÇO TUBULAR JÁ EXISTENTE","empresa":"Eustáquio******","municipio":null,"processo":"1500563/2018","link_oficial":"http://www.siam.mg.gov.br/siam/legislacao/consulta_portarias.jsp?num=1500563/2018","resumo":"08 - CAPTAÇÃO DE ÁGUA SUBTERRÂNEA POR MEIO DE POÇO TUBULAR JÁ EXISTENTE","aprox":true}},{"type":"Feature","geometry":{"type":"Point","coordinates":[-43.94,-19.92]},"properties":{"id":"IGAM (MG):1900564/2018","orgao":"IGAM (MG)","uf":"MG","ano":2018,"categoria":"outorga","tipo":"08 - CAPTAÇÃO DE ÁGUA SUBTERRÂNEA POR MEIO DE POÇO TUBULAR JÁ EXISTENTE","empresa":"FAZENDA******","municipio":null,"processo":"1900564/2018","link_oficial":"http://www.siam.mg.gov.br/siam/legislacao/consulta_portarias.jsp?num=1900564/2018","resumo":"08 - CAPTAÇÃO DE ÁGUA SUBTERRÂNEA POR MEIO DE POÇO TUBULAR JÁ EXISTENTE","aprox":true}},{"type":"Feature","geometry":{"type":"Point","coordinates":[-43.94,-19.92]},"properties":{"id":"IGAM (MG):1700565/2018","orgao":"IGAM (MG)","uf":"MG","ano":2018,"categoria":"outorga","tipo":"14 - DRAGAGEM DE CURSO DE ÁGUA PARA FINS DE EXTRAÇÃO MINERAL","empresa":"Humberto******","municipio":null,"processo":"1700565/2018","link_oficial":"http://www.siam.mg.gov.br/siam/legislacao/consulta_portarias.jsp?num=1700565/2018","resumo":"14 - DRAGAGEM DE CURSO DE ÁGUA PARA FINS DE EXTRAÇÃO MINERAL","aprox":true}},{"type":"Feature","geometry":{"type":"Point","coordinates":[-43.94,-19.92]},"properties":{"id":"IGAM (MG):1900566/2018","orgao":"IGAM (MG)","uf":"MG","ano":2018,"categoria":"outorga","tipo":"08 - CAPTAÇÃO DE ÁGUA SUBTERRÂNEA POR MEIO DE POÇO TUBULAR JÁ EXISTENTE","empresa":"FAZENDA******","municipio":null,"processo":"1900566/2018","link_oficial":"http://www.siam.mg.gov.br/siam/legislacao/consulta_portarias.jsp?num=1900566/2018","resumo":"08 - CAPTAÇÃO DE ÁGUA SUBTERRÂNEA POR MEIO DE POÇO TUBULAR JÁ EXISTENTE","aprox":true}},{"type":"Feature","geometry":{"type":"Point","coordinates":[-43.94,-19.92]},"properties":{"id":"IGAM (MG):1700567/2018","orgao":"IGAM (MG)","uf":"MG","ano":2018,"categoria":"outorga","tipo":"01 - CAPTAÇÃO EM CORPO DE ÁGUA (RIOS, LAGOAS NATURAIS ETC)","empresa":"Fazenda******","municipio":null,"processo":"1700567/2018","link_oficial":"http://www.siam.mg.gov.br/siam/legislacao/consulta_portarias.jsp?num=1700567/2018","resumo":"01 - CAPTAÇÃO EM CORPO DE ÁGUA (RIOS, LAGOAS NATURAIS ETC)","aprox":true}},{"type":"Feature","geometry":{"type":"Point","coordinates":[-43.94,-19.92]},"properties":{"id":"IGAM (MG):1700568/2018","orgao":"IGAM (MG)","uf":"MG","ano":2018,"categoria":"outorga","tipo":"03 - CAPTAÇÃO EM BARRAMENTO EM CURSO DE ÁGUA, C/ REGULARIZAÇÃO DE VAZÃO (ÁREA MÁ","empresa":"Fazenda******","municipio":null,"processo":"1700568/2018","link_oficial":"http://www.siam.mg.gov.br/siam/legislacao/consulta_portarias.jsp?num=1700568/2018","resumo":"03 - CAPTAÇÃO EM BARRAMENTO EM CURSO DE ÁGUA, C/ REGULARIZAÇÃO DE VAZÃO (ÁREA MÁX MENOR OU IGUAL 5,00 HA)","aprox":true}},{"type":"Feature","geometry":{"type":"Point","coordinates":[-43.94,-19.92]},"properties":{"id":"IGAM (MG):1900569/2018","orgao":"IGAM (MG)","uf":"MG","ano":2018,"categoria":"outorga","tipo":"08 - CAPTAÇÃO DE ÁGUA SUBTERRÂNEA POR MEIO DE POÇO TUBULAR JÁ EXISTENTE","empresa":"FAZENDA******","municipio":null,"processo":"1900569/2018","link_oficial":"http://www.siam.mg.gov.br/siam/legislacao/consulta_portarias.jsp?num=1900569/2018","resumo":"08 - CAPTAÇÃO DE ÁGUA SUBTERRÂNEA POR MEIO DE POÇO TUBULAR JÁ EXISTENTE","aprox":true}},{"type":"Feature","geometry":{"type":"Point","coordinates":[-43.94,-19.92]},"properties":{"id":"IGAM (MG):1500570/2018","orgao":"IGAM (MG)","uf":"MG","ano":2018,"categoria":"outorga","tipo":"08 - CAPTAÇÃO DE ÁGUA SUBTERRÂNEA POR MEIO DE POÇO TUBULAR JÁ EXISTENTE","empresa":"Fazenda******","municipio":null,"processo":"1500570/2018","link_oficial":"http://www.siam.mg.gov.br/siam/legislacao/consulta_portarias.jsp?num=1500570/2018","resumo":"08 - CAPTAÇÃO DE ÁGUA SUBTERRÂNEA POR MEIO DE POÇO TUBULAR JÁ EXISTENTE","aprox":true}},{"type":"Feature","geometry":{"type":"Point","coordinates":[-43.94,-19.92]},"properties":{"id":"IGAM (MG):1900571/2018","orgao":"IGAM (MG)","uf":"MG","ano":2018,"categoria":"outorga","tipo":"08 - CAPTAÇÃO DE ÁGUA SUBTERRÂNEA POR MEIO DE POÇO TUBULAR JÁ EXISTENTE","empresa":"Célia******","municipio":null,"processo":"1900571/2018","link_oficial":"http://www.siam.mg.gov.br/siam/legislacao/consulta_portarias.jsp?num=1900571/2018","resumo":"08 - CAPTAÇÃO DE ÁGUA SUBTERRÂNEA POR MEIO DE POÇO TUBULAR JÁ EXISTENTE","aprox":true}},{"type":"Feature","geometry":{"type":"Point","coordinates":[-43.94,-19.92]},"properties":{"id":"IGAM (MG):1500572/2018","orgao":"IGAM (MG)","uf":"MG","ano":2018,"categoria":"outorga","tipo":"08 - CAPTAÇÃO DE ÁGUA SUBTERRÂNEA POR MEIO DE POÇO TUBULAR JÁ EXISTENTE","empresa":"Sítio******","municipio":null,"processo":"1500572/2018","link_oficial":"http://www.siam.mg.gov.br/siam/legislacao/consulta_portarias.jsp?num=1500572/2018","resumo":"08 - CAPTAÇÃO DE ÁGUA SUBTERRÂNEA POR MEIO DE POÇO TUBULAR JÁ EXISTENTE","aprox":true}},{"type":"Feature","geometry":{"type":"Point","coordinates":[-43.94,-19.92]},"properties":{"id":"IGAM (MG):1500573/2018","orgao":"IGAM (MG)","uf":"MG","ano":2018,"categoria":"outorga","tipo":"08 - CAPTAÇÃO DE ÁGUA SUBTERRÂNEA POR MEIO DE POÇO TUBULAR JÁ EXISTENTE","empresa":"SPE******","municipio":null,"processo":"1500573/2018","link_oficial":"http://www.siam.mg.gov.br/siam/legislacao/consulta_portarias.jsp?num=1500573/2018","resumo":"08 - CAPTAÇÃO DE ÁGUA SUBTERRÂNEA POR MEIO DE POÇO TUBULAR JÁ EXISTENTE","aprox":true}},{"type":"Feature","geometry":{"type":"Point","coordinates":[-43.94,-19.92]},"properties":{"id":"IGAM (MG):1900574/2018","orgao":"IGAM (MG)","uf":"MG","ano":2018,"categoria":"outorga","tipo":"08 - CAPTAÇÃO DE ÁGUA SUBTERRÂNEA POR MEIO DE POÇO TUBULAR JÁ EXISTENTE","empresa":"FAZENDA******","municipio":null,"processo":"1900574/2018","link_oficial":"http://www.siam.mg.gov.br/siam/legislacao/consulta_portarias.jsp?num=1900574/2018","resumo":"08 - CAPTAÇÃO DE ÁGUA SUBTERRÂNEA POR MEIO DE POÇO TUBULAR JÁ EXISTENTE","aprox":true}},{"type":"Feature","geometry":{"type":"Point","coordinates":[-43.94,-19.92]},"properties":{"id":"IGAM (MG):0800575/2018","orgao":"IGAM (MG)","uf":"MG","ano":2018,"categoria":"outorga","tipo":"08 - CAPTAÇÃO DE ÁGUA SUBTERRÂNEA POR MEIO DE POÇO TUBULAR JÁ EXISTENTE","empresa":"Yema******","municipio":null,"processo":"0800575/2018","link_oficial":"http://www.siam.mg.gov.br/siam/legislacao/consulta_portarias.jsp?num=0800575/2018","resumo":"08 - CAPTAÇÃO DE ÁGUA SUBTERRÂNEA POR MEIO DE POÇO TUBULAR JÁ EXISTENTE","aprox":true}},{"type":"Feature","geometry":{"type":"Point","coordinates":[-43.94,-19.92]},"properties":{"id":"IGAM (MG):1500576/2018","orgao":"IGAM (MG)","uf":"MG","ano":2018,"categoria":"outorga","tipo":"08 - CAPTAÇÃO DE ÁGUA SUBTERRÂNEA POR MEIO DE POÇO TUBULAR JÁ EXISTENTE","empresa":"Prefeitura******","municipio":null,"processo":"1500576/2018","link_oficial":"http://www.siam.mg.gov.br/siam/legislacao/consulta_portarias.jsp?num=1500576/2018","resumo":"08 - CAPTAÇÃO DE ÁGUA SUBTERRÂNEA POR MEIO DE POÇO TUBULAR JÁ EXISTENTE","aprox":true}},{"type":"Feature","geometry":{"type":"Point","coordinates":[-43.94,-19.92]},"properties":{"id":"IGAM (MG):1500577/2018","orgao":"IGAM (MG)","uf":"MG","ano":2018,"categoria":"outorga","tipo":"14 - DRAGAGEM DE CURSO DE ÁGUA PARA FINS DE EXTRAÇÃO MINERAL","empresa":"Nagime******","municipio":null,"processo":"1500577/2018","link_oficial":"http://www.siam.mg.gov.br/siam/legislacao/consulta_portarias.jsp?num=1500577/2018","resumo":"14 - DRAGAGEM DE CURSO DE ÁGUA PARA FINS DE EXTRAÇÃO MINERAL","aprox":true}},{"type":"Feature","geometry":{"type":"Point","coordinates":[-43.94,-19.92]},"properties":{"id":"IGAM (MG):1500578/2018","orgao":"IGAM (MG)","uf":"MG","ano":2018,"categoria":"outorga","tipo":"13 - DRAGAGEM, LIMPEZA OU DESASSOREAMENTO DE CURSO DE ÁGUA","empresa":"Prefeitura******","municipio":null,"processo":"1500578/2018","link_oficial":"http://www.siam.mg.gov.br/siam/legislacao/consulta_portarias.jsp?num=1500578/2018","resumo":"13 - DRAGAGEM, LIMPEZA OU DESASSOREAMENTO DE CURSO DE ÁGUA","aprox":true}},{"type":"Feature","geometry":{"type":"Point","coordinates":[-43.94,-19.92]},"properties":{"id":"IGAM (MG):1500579/2018","orgao":"IGAM (MG)","uf":"MG","ano":2018,"categoria":"outorga","tipo":"01 - CAPTAÇÃO EM CORPO DE ÁGUA (RIOS, LAGOAS NATURAIS ETC)","empresa":"Luciano******","municipio":null,"processo":"1500579/2018","link_oficial":"http://www.siam.mg.gov.br/siam/legislacao/consulta_portarias.jsp?num=1500579/2018","resumo":"01 - CAPTAÇÃO EM CORPO DE ÁGUA (RIOS, LAGOAS NATURAIS ETC)","aprox":true}},{"type":"Feature","geometry":{"type":"Point","coordinates":[-43.94,-19.92]},"properties":{"id":"IGAM (MG):1500580/2018","orgao":"IGAM (MG)","uf":"MG","ano":2018,"categoria":"outorga","tipo":"14 - DRAGAGEM DE CURSO DE ÁGUA PARA FINS DE EXTRAÇÃO MINERAL","empresa":"Areal******","municipio":null,"processo":"1500580/2018","link_oficial":"http://www.siam.mg.gov.br/siam/legislacao/consulta_portarias.jsp?num=1500580/2018","resumo":"14 - DRAGAGEM DE CURSO DE ÁGUA PARA FINS DE EXTRAÇÃO MINERAL","aprox":true}},{"type":"Feature","geometry":{"type":"Point","coordinates":[-43.94,-19.92]},"properties":{"id":"IGAM (MG):1500581/2018","orgao":"IGAM (MG)","uf":"MG","ano":2018,"categoria":"outorga","tipo":"08 - CAPTAÇÃO DE ÁGUA SUBTERRÂNEA POR MEIO DE POÇO TUBULAR JÁ EXISTENTE","empresa":"José******","municipio":null,"processo":"1500581/2018","link_oficial":"http://www.siam.mg.gov.br/siam/legislacao/consulta_portarias.jsp?num=1500581/2018","resumo":"08 - CAPTAÇÃO DE ÁGUA SUBTERRÂNEA POR MEIO DE POÇO TUBULAR JÁ EXISTENTE","aprox":true}},{"type":"Feature","geometry":{"type":"Point","coordinates":[-43.94,-19.92]},"properties":{"id":"IGAM (MG):1500582/2018","orgao":"IGAM (MG)","uf":"MG","ano":2018,"categoria":"outorga","tipo":"01 - CAPTAÇÃO EM CORPO DE ÁGUA (RIOS, LAGOAS NATURAIS ETC)","empresa":"Sítio******","municipio":null,"processo":"1500582/2018","link_oficial":"http://www.siam.mg.gov.br/siam/legislacao/consulta_portarias.jsp?num=1500582/2018","resumo":"01 - CAPTAÇÃO EM CORPO DE ÁGUA (RIOS, LAGOAS NATURAIS ETC)","aprox":true}},{"type":"Feature","geometry":{"type":"Point","coordinates":[-43.94,-19.92]},"properties":{"id":"IGAM (MG):1500583/2018","orgao":"IGAM (MG)","uf":"MG","ano":2018,"categoria":"outorga","tipo":"08 - CAPTAÇÃO DE ÁGUA SUBTERRÂNEA POR MEIO DE POÇO TUBULAR JÁ EXISTENTE","empresa":"Fabrício******","municipio":null,"processo":"1500583/2018","link_oficial":"http://www.siam.mg.gov.br/siam/legislacao/consulta_portarias.jsp?num=1500583/2018","resumo":"08 - CAPTAÇÃO DE ÁGUA SUBTERRÂNEA POR MEIO DE POÇO TUBULAR JÁ EXISTENTE","aprox":true}},{"type":"Feature","geometry":{"type":"Point","coordinates":[-43.94,-19.92]},"properties":{"id":"IGAM (MG):1500584/2018","orgao":"IGAM (MG)","uf":"MG","ano":2018,"categoria":"outorga","tipo":"01 - CAPTAÇÃO EM CORPO DE ÁGUA (RIOS, LAGOAS NATURAIS ETC)","empresa":"Sítio******","municipio":null,"processo":"1500584/2018","link_oficial":"http://www.siam.mg.gov.br/siam/legislacao/consulta_portarias.jsp?num=1500584/2018","resumo":"01 - CAPTAÇÃO EM CORPO DE ÁGUA (RIOS, LAGOAS NATURAIS ETC)","aprox":true}},{"type":"Feature","geometry":{"type":"Point","coordinates":[-43.94,-19.92]},"properties":{"id":"IGAM (MG):1500585/2018","orgao":"IGAM (MG)","uf":"MG","ano":2018,"categoria":"outorga","tipo":"08 - CAPTAÇÃO DE ÁGUA SUBTERRÂNEA POR MEIO DE POÇO TUBULAR JÁ EXISTENTE","empresa":"Rede******","municipio":null,"processo":"1500585/2018","link_oficial":"http://www.siam.mg.gov.br/siam/legislacao/consulta_portarias.jsp?num=1500585/2018","resumo":"08 - CAPTAÇÃO DE ÁGUA SUBTERRÂNEA POR MEIO DE POÇO TUBULAR JÁ EXISTENTE","aprox":true}},{"type":"Feature","geometry":{"type":"Point","coordinates":[-43.94,-19.92]},"properties":{"id":"IGAM (MG):1500586/2018","orgao":"IGAM (MG)","uf":"MG","ano":2018,"categoria":"outorga","tipo":"01 - CAPTAÇÃO EM CORPO DE ÁGUA (RIOS, LAGOAS NATURAIS ETC)","empresa":"Consisa******","municipio":null,"processo":"1500586/2018","link_oficial":"http://www.siam.mg.gov.br/siam/legislacao/consulta_portarias.jsp?num=1500586/2018","resumo":"01 - CAPTAÇÃO EM CORPO DE ÁGUA (RIOS, LAGOAS NATURAIS ETC)","aprox":true}},{"type":"Feature","geometry":{"type":"Point","coordinates":[-43.94,-19.92]},"properties":{"id":"IGAM (MG):1500587/2018","orgao":"IGAM (MG)","uf":"MG","ano":2018,"categoria":"outorga","tipo":"01 - CAPTAÇÃO EM CORPO DE ÁGUA (RIOS, LAGOAS NATURAIS ETC)","empresa":"Consisa******","municipio":null,"processo":"1500587/2018","link_oficial":"http://www.siam.mg.gov.br/siam/legislacao/consulta_portarias.jsp?num=1500587/2018","resumo":"01 - CAPTAÇÃO EM CORPO DE ÁGUA (RIOS, LAGOAS NATURAIS ETC)","aprox":true}},{"type":"Feature","geometry":{"type":"Point","coordinates":[-43.94,-19.92]},"properties":{"id":"IGAM (MG):1500588/2018","orgao":"IGAM (MG)","uf":"MG","ano":2018,"categoria":"outorga","tipo":"05 - BARRAMENTO EM CURSO DE ÁGUA, SEM CAPTAÇÃO","empresa":"Fazenda******","municipio":null,"processo":"1500588/2018","link_oficial":"http://www.siam.mg.gov.br/siam/legislacao/consulta_portarias.jsp?num=1500588/2018","resumo":"05 - BARRAMENTO EM CURSO DE ÁGUA, SEM CAPTAÇÃO","aprox":true}},{"type":"Feature","geometry":{"type":"Point","coordinates":[-43.94,-19.92]},"properties":{"id":"IGAM (MG):0800589/2018","orgao":"IGAM (MG)","uf":"MG","ano":2018,"categoria":"outorga","tipo":"08 - CAPTAÇÃO DE ÁGUA SUBTERRÂNEA POR MEIO DE POÇO TUBULAR JÁ EXISTENTE","empresa":"Panasonic******","municipio":null,"processo":"0800589/2018","link_oficial":"http://www.siam.mg.gov.br/siam/legislacao/consulta_portarias.jsp?num=0800589/2018","resumo":"08 - CAPTAÇÃO DE ÁGUA SUBTERRÂNEA POR MEIO DE POÇO TUBULAR JÁ EXISTENTE","aprox":true}},{"type":"Feature","geometry":{"type":"Point","coordinates":[-43.94,-19.92]},"properties":{"id":"IGAM (MG):0800590/2018","orgao":"IGAM (MG)","uf":"MG","ano":2018,"categoria":"outorga","tipo":"08 - CAPTAÇÃO DE ÁGUA SUBTERRÂNEA POR MEIO DE POÇO TUBULAR JÁ EXISTENTE","empresa":"Indústria******","municipio":null,"processo":"0800590/2018","link_oficial":"http://www.siam.mg.gov.br/siam/legislacao/consulta_portarias.jsp?num=0800590/2018","resumo":"08 - CAPTAÇÃO DE ÁGUA SUBTERRÂNEA POR MEIO DE POÇO TUBULAR JÁ EXISTENTE","aprox":true}},{"type":"Feature","geometry":{"type":"Point","coordinates":[-43.94,-19.92]},"properties":{"id":"IGAM (MG):0800591/2018","orgao":"IGAM (MG)","uf":"MG","ano":2018,"categoria":"outorga","tipo":"08 - CAPTAÇÃO DE ÁGUA SUBTERRÂNEA POR MEIO DE POÇO TUBULAR JÁ EXISTENTE","empresa":"SR******","municipio":null,"processo":"0800591/2018","link_oficial":"http://www.siam.mg.gov.br/siam/legislacao/consulta_portarias.jsp?num=0800591/2018","resumo":"08 - CAPTAÇÃO DE ÁGUA SUBTERRÂNEA POR MEIO DE POÇO TUBULAR JÁ EXISTENTE","aprox":true}},{"type":"Feature","geometry":{"type":"Point","coordinates":[-43.94,-19.92]},"properties":{"id":"IGAM (MG):1500592/2018","orgao":"IGAM (MG)","uf":"MG","ano":2018,"categoria":"outorga","tipo":"08 - CAPTAÇÃO DE ÁGUA SUBTERRÂNEA POR MEIO DE POÇO TUBULAR JÁ EXISTENTE","empresa":"Associação******","municipio":null,"processo":"1500592/2018","link_oficial":"http://www.siam.mg.gov.br/siam/legislacao/consulta_portarias.jsp?num=1500592/2018","resumo":"08 - CAPTAÇÃO DE ÁGUA SUBTERRÂNEA POR MEIO DE POÇO TUBULAR JÁ EXISTENTE","aprox":true}},{"type":"Feature","geometry":{"type":"Point","coordinates":[-43.94,-19.92]},"properties":{"id":"IGAM (MG):1500593/2018","orgao":"IGAM (MG)","uf":"MG","ano":2018,"categoria":"outorga","tipo":"14 - DRAGAGEM DE CURSO DE ÁGUA PARA FINS DE EXTRAÇÃO MINERAL","empresa":"JKS******","municipio":null,"processo":"1500593/2018","link_oficial":"http://www.siam.mg.gov.br/siam/legislacao/consulta_portarias.jsp?num=1500593/2018","resumo":"14 - DRAGAGEM DE CURSO DE ÁGUA PARA FINS DE EXTRAÇÃO MINERAL","aprox":true}},{"type":"Feature","geometry":{"type":"Point","coordinates":[-43.94,-19.92]},"properties":{"id":"IGAM (MG):1500594/2018","orgao":"IGAM (MG)","uf":"MG","ano":2018,"categoria":"outorga","tipo":"08 - CAPTAÇÃO DE ÁGUA SUBTERRÂNEA POR MEIO DE POÇO TUBULAR JÁ EXISTENTE","empresa":"Vale******","municipio":null,"processo":"1500594/2018","link_oficial":"http://www.siam.mg.gov.br/siam/legislacao/consulta_portarias.jsp?num=1500594/2018","resumo":"08 - CAPTAÇÃO DE ÁGUA SUBTERRÂNEA POR MEIO DE POÇO TUBULAR JÁ EXISTENTE","aprox":true}},{"type":"Feature","geometry":{"type":"Point","coordinates":[-43.94,-19.92]},"properties":{"id":"IGAM (MG):1500595/2018","orgao":"IGAM (MG)","uf":"MG","ano":2018,"categoria":"outorga","tipo":"08 - CAPTAÇÃO DE ÁGUA SUBTERRÂNEA POR MEIO DE POÇO TUBULAR JÁ EXISTENTE","empresa":"Lumar******","municipio":null,"processo":"1500595/2018","link_oficial":"http://www.siam.mg.gov.br/siam/legislacao/consulta_portarias.jsp?num=1500595/2018","resumo":"08 - CAPTAÇÃO DE ÁGUA SUBTERRÂNEA POR MEIO DE POÇO TUBULAR JÁ EXISTENTE","aprox":true}},{"type":"Feature","geometry":{"type":"Point","coordinates":[-43.94,-19.92]},"properties":{"id":"IGAM (MG):1400596/2018","orgao":"IGAM (MG)","uf":"MG","ano":2018,"categoria":"outorga","tipo":"01 - CAPTAÇÃO EM CORPO DE ÁGUA (RIOS, LAGOAS NATURAIS ETC)","empresa":"Contek******","municipio":null,"processo":"1400596/2018","link_oficial":"http://www.siam.mg.gov.br/siam/legislacao/consulta_portarias.jsp?num=1400596/2018","resumo":"01 - CAPTAÇÃO EM CORPO DE ÁGUA (RIOS, LAGOAS NATURAIS ETC)","aprox":true}},{"type":"Feature","geometry":{"type":"Point","coordinates":[-43.94,-19.92]},"properties":{"id":"IGAM (MG):1900597/2018","orgao":"IGAM (MG)","uf":"MG","ano":2018,"categoria":"outorga","tipo":"08 - CAPTAÇÃO DE ÁGUA SUBTERRÂNEA POR MEIO DE POÇO TUBULAR JÁ EXISTENTE","empresa":"FAZENDA******","municipio":null,"processo":"1900597/2018","link_oficial":"http://www.siam.mg.gov.br/siam/legislacao/consulta_portarias.jsp?num=1900597/2018","resumo":"08 - CAPTAÇÃO DE ÁGUA SUBTERRÂNEA POR MEIO DE POÇO TUBULAR JÁ EXISTENTE","aprox":true}},{"type":"Feature","geometry":{"type":"Point","coordinates":[-43.94,-19.92]},"properties":{"id":"IGAM (MG):1900598/2018","orgao":"IGAM (MG)","uf":"MG","ano":2018,"categoria":"outorga","tipo":"08 - CAPTAÇÃO DE ÁGUA SUBTERRÂNEA POR MEIO DE POÇO TUBULAR JÁ EXISTENTE","empresa":"FAZENDA******","municipio":null,"processo":"1900598/2018","link_oficial":"http://www.siam.mg.gov.br/siam/legislacao/consulta_portarias.jsp?num=1900598/2018","resumo":"08 - CAPTAÇÃO DE ÁGUA SUBTERRÂNEA POR MEIO DE POÇO TUBULAR JÁ EXISTENTE","aprox":true}},{"type":"Feature","geometry":{"type":"Point","coordinates":[-43.94,-19.92]},"properties":{"id":"IGAM (MG):1900600/2018","orgao":"IGAM (MG)","uf":"MG","ano":2018,"categoria":"outorga","tipo":"08 - CAPTAÇÃO DE ÁGUA SUBTERRÂNEA POR MEIO DE POÇO TUBULAR JÁ EXISTENTE","empresa":"Planalto******","municipio":null,"processo":"1900600/2018","link_oficial":"http://www.siam.mg.gov.br/siam/legislacao/consulta_portarias.jsp?num=1900600/2018","resumo":"08 - CAPTAÇÃO DE ÁGUA SUBTERRÂNEA POR MEIO DE POÇO TUBULAR JÁ EXISTENTE","aprox":true}},{"type":"Feature","geometry":{"type":"Point","coordinates":[-43.94,-19.92]},"properties":{"id":"IGAM (MG):1900601/2018","orgao":"IGAM (MG)","uf":"MG","ano":2018,"categoria":"outorga","tipo":"08 - CAPTAÇÃO DE ÁGUA SUBTERRÂNEA POR MEIO DE POÇO TUBULAR JÁ EXISTENTE","empresa":"SITIO******","municipio":null,"processo":"1900601/2018","link_oficial":"http://www.siam.mg.gov.br/siam/legislacao/consulta_portarias.jsp?num=1900601/2018","resumo":"08 - CAPTAÇÃO DE ÁGUA SUBTERRÂNEA POR MEIO DE POÇO TUBULAR JÁ EXISTENTE","aprox":true}},{"type":"Feature","geometry":{"type":"Point","coordinates":[-43.94,-19.92]},"properties":{"id":"IGAM (MG):1500602/2018","orgao":"IGAM (MG)","uf":"MG","ano":2018,"categoria":"outorga","tipo":"08 - CAPTAÇÃO DE ÁGUA SUBTERRÂNEA POR MEIO DE POÇO TUBULAR JÁ EXISTENTE","empresa":"Anchieta******","municipio":null,"processo":"1500602/2018","link_oficial":"http://www.siam.mg.gov.br/siam/legislacao/consulta_portarias.jsp?num=1500602/2018","resumo":"08 - CAPTAÇÃO DE ÁGUA SUBTERRÂNEA POR MEIO DE POÇO TUBULAR JÁ EXISTENTE","aprox":true}},{"type":"Feature","geometry":{"type":"Point","coordinates":[-43.94,-19.92]},"properties":{"id":"IGAM (MG):0700603/2018","orgao":"IGAM (MG)","uf":"MG","ano":2018,"categoria":"outorga","tipo":"05 - BARRAMENTO EM CURSO DE ÁGUA, SEM CAPTAÇÃO","empresa":"Fazenda******","municipio":null,"processo":"0700603/2018","link_oficial":"http://www.siam.mg.gov.br/siam/legislacao/consulta_portarias.jsp?num=0700603/2018","resumo":"05 - BARRAMENTO EM CURSO DE ÁGUA, SEM CAPTAÇÃO","aprox":true}},{"type":"Feature","geometry":{"type":"Point","coordinates":[-43.94,-19.92]},"properties":{"id":"IGAM (MG):0700604/2018","orgao":"IGAM (MG)","uf":"MG","ano":2018,"categoria":"outorga","tipo":"08 - CAPTAÇÃO DE ÁGUA SUBTERRÂNEA POR MEIO DE POÇO TUBULAR JÁ EXISTENTE","empresa":"Fazenda******","municipio":null,"processo":"0700604/2018","link_oficial":"http://www.siam.mg.gov.br/siam/legislacao/consulta_portarias.jsp?num=0700604/2018","resumo":"08 - CAPTAÇÃO DE ÁGUA SUBTERRÂNEA POR MEIO DE POÇO TUBULAR JÁ EXISTENTE","aprox":true}},{"type":"Feature","geometry":{"type":"Point","coordinates":[-43.94,-19.92]},"properties":{"id":"IGAM (MG):1400605/2018","orgao":"IGAM (MG)","uf":"MG","ano":2018,"categoria":"outorga","tipo":"08 - CAPTAÇÃO DE ÁGUA SUBTERRÂNEA POR MEIO DE POÇO TUBULAR JÁ EXISTENTE","empresa":"Helbert******","municipio":null,"processo":"1400605/2018","link_oficial":"http://www.siam.mg.gov.br/siam/legislacao/consulta_portarias.jsp?num=1400605/2018","resumo":"08 - CAPTAÇÃO DE ÁGUA SUBTERRÂNEA POR MEIO DE POÇO TUBULAR JÁ EXISTENTE","aprox":true}},{"type":"Feature","geometry":{"type":"Point","coordinates":[-43.94,-19.92]},"properties":{"id":"IGAM (MG):1900606/2018","orgao":"IGAM (MG)","uf":"MG","ano":2018,"categoria":"outorga","tipo":"08 - CAPTAÇÃO DE ÁGUA SUBTERRÂNEA POR MEIO DE POÇO TUBULAR JÁ EXISTENTE","empresa":"Célia******","municipio":null,"processo":"1900606/2018","link_oficial":"http://www.siam.mg.gov.br/siam/legislacao/consulta_portarias.jsp?num=1900606/2018","resumo":"08 - CAPTAÇÃO DE ÁGUA SUBTERRÂNEA POR MEIO DE POÇO TUBULAR JÁ EXISTENTE","aprox":true}},{"type":"Feature","geometry":{"type":"Point","coordinates":[-43.94,-19.92]},"properties":{"id":"IGAM (MG):1900607/2018","orgao":"IGAM (MG)","uf":"MG","ano":2018,"categoria":"outorga","tipo":"08 - CAPTAÇÃO DE ÁGUA SUBTERRÂNEA POR MEIO DE POÇO TUBULAR JÁ EXISTENTE","empresa":"Dr.******","municipio":null,"processo":"1900607/2018","link_oficial":"http://www.siam.mg.gov.br/siam/legislacao/consulta_portarias.jsp?num=1900607/2018","resumo":"08 - CAPTAÇÃO DE ÁGUA SUBTERRÂNEA POR MEIO DE POÇO TUBULAR JÁ EXISTENTE","aprox":true}},{"type":"Feature","geometry":{"type":"Point","coordinates":[-43.94,-19.92]},"properties":{"id":"IGAM (MG):1500608/2018","orgao":"IGAM (MG)","uf":"MG","ano":2018,"categoria":"outorga","tipo":"14 - DRAGAGEM DE CURSO DE ÁGUA PARA FINS DE EXTRAÇÃO MINERAL","empresa":"Sotramil******","municipio":null,"processo":"1500608/2018","link_oficial":"http://www.siam.mg.gov.br/siam/legislacao/consulta_portarias.jsp?num=1500608/2018","resumo":"14 - DRAGAGEM DE CURSO DE ÁGUA PARA FINS DE EXTRAÇÃO MINERAL","aprox":true}},{"type":"Feature","geometry":{"type":"Point","coordinates":[-43.94,-19.92]},"properties":{"id":"IGAM (MG):1400609/2018","orgao":"IGAM (MG)","uf":"MG","ano":2018,"categoria":"outorga","tipo":"08 - CAPTAÇÃO DE ÁGUA SUBTERRÂNEA POR MEIO DE POÇO TUBULAR JÁ EXISTENTE","empresa":"Helbert******","municipio":null,"processo":"1400609/2018","link_oficial":"http://www.siam.mg.gov.br/siam/legislacao/consulta_portarias.jsp?num=1400609/2018","resumo":"08 - CAPTAÇÃO DE ÁGUA SUBTERRÂNEA POR MEIO DE POÇO TUBULAR JÁ EXISTENTE","aprox":true}},{"type":"Feature","geometry":{"type":"Point","coordinates":[-43.94,-19.92]},"properties":{"id":"IGAM (MG):1400610/2018","orgao":"IGAM (MG)","uf":"MG","ano":2018,"categoria":"outorga","tipo":"08 - CAPTAÇÃO DE ÁGUA SUBTERRÂNEA POR MEIO DE POÇO TUBULAR JÁ EXISTENTE","empresa":"Helbert******","municipio":null,"processo":"1400610/2018","link_oficial":"http://www.siam.mg.gov.br/siam/legislacao/consulta_portarias.jsp?num=1400610/2018","resumo":"08 - CAPTAÇÃO DE ÁGUA SUBTERRÂNEA POR MEIO DE POÇO TUBULAR JÁ EXISTENTE","aprox":true}},{"type":"Feature","geometry":{"type":"Point","coordinates":[-43.94,-19.92]},"properties":{"id":"IGAM (MG):1700611/2018","orgao":"IGAM (MG)","uf":"MG","ano":2018,"categoria":"outorga","tipo":"01 - CAPTAÇÃO EM CORPO DE ÁGUA (RIOS, LAGOAS NATURAIS ETC)","empresa":"Fazenda******","municipio":null,"processo":"1700611/2018","link_oficial":"http://www.siam.mg.gov.br/siam/legislacao/consulta_portarias.jsp?num=1700611/2018","resumo":"01 - CAPTAÇÃO EM CORPO DE ÁGUA (RIOS, LAGOAS NATURAIS ETC)","aprox":true}},{"type":"Feature","geometry":{"type":"Point","coordinates":[-48.94365,-2.94529]},"properties":{"id":"SEMAS (PA):2014/0000030426","orgao":"SEMAS (PA)","uf":"PA","ano":2006,"categoria":"outorga","tipo":"outorga","empresa":"A. A. C. OLIVEIRA CARVOARIA LTDA-ME","municipio":"Tailândia","processo":"2014/0000030426","link_oficial":"http://monitoramento.semas.pa.gov.br/simlam/VisualizarProcesso.aspx?UrlRetorno=ListarProcessos.aspx&id=71321","resumo":"Serrarias com desdobramento de madeira","aprox":true}},{"type":"Feature","geometry":{"type":"Point","coordinates":[-54.73032,-1.96622]},"properties":{"id":"SEMAS (PA):2016/0000014057","orgao":"SEMAS (PA)","uf":"PA","ano":2007,"categoria":"outorga","tipo":"outorga","empresa":"A. A DE SOUSA COMÉRCIO –ME","municipio":"Alenquer","processo":"2016/0000014057","link_oficial":"http://monitoramento.semas.pa.gov.br/simlam/VisualizarProcesso.aspx?UrlRetorno=ListarProcessos.aspx&id=96545","resumo":"outorga","aprox":true}},{"type":"Feature","geometry":{"type":"Point","coordinates":[-48.13049,-0.86687]},"properties":{"id":"SEMAS (PA):2014/0000017836","orgao":"SEMAS (PA)","uf":"PA","ano":null,"categoria":"outorga","tipo":"outorga","empresa":"A ARAÚJO E L. BATISTA LTDA-ME","municipio":"Vigia","processo":"2014/0000017836","link_oficial":"http://monitoramento.semas.pa.gov.br/simlam/VisualizarProcesso.aspx?UrlRetorno=ListarProcessos.aspx&id=81387","resumo":"outorga","aprox":true}},{"type":"Feature","geometry":{"type":"Point","coordinates":[-47.47032,-1.63306]},"properties":{"id":"SEMAS (PA):2015/0000037837","orgao":"SEMAS (PA)","uf":"PA","ano":2007,"categoria":"outorga","tipo":"outorga","empresa":"A C GUERREIRO DE SOUSA - ME","municipio":"São Miguel do Guamá","processo":"2015/0000037837","link_oficial":"http://monitoramento.semas.pa.gov.br/simlam/VisualizarProcesso.aspx?UrlRetorno=ListarProcessos.aspx&id=70327","resumo":"Fabricação de artefatos de cerâmica ou barro cozido para uso na construção civil - exceto azulejos e pisos","aprox":true}},{"type":"Feature","geometry":{"type":"Point","coordinates":[-56.00046,-4.27676]},"properties":{"id":"SEMAS (PA):2019/0000029807","orgao":"SEMAS (PA)","uf":"PA","ano":null,"categoria":"outorga","tipo":"outorga","empresa":"A. DE ANDRADE CRUZ EIRELI","municipio":"Itaituba","processo":"2019/0000029807","link_oficial":"http://monitoramento.semas.pa.gov.br/simlam/VisualizarProcesso.aspx?UrlRetorno=ListarProcessos.aspx&id=134397","resumo":"outorga","aprox":true}}]}