{
"type": "FeatureCollection",
"name": "terra-publica-certificada-vales",
"crs": { "type": "name", "properties": { "name": "urn:ogc:def:crs:OGC:1.3:CRS84" } },
"features": [
{ "type": "Feature", "properties": { "area_ha": 0.4 }, "geometry": { "type": "Polygon", "coordinates": [ [ [ -43.54483083, -17.54308833, 620.81 ], [ -43.54591333, -17.54242139, 621.92 ], [ -43.546048352607031, -17.542263024999045, 621.952587917104552 ], [ -43.543726635811787, -17.543306934519649, 620.727642512370267 ], [ -43.54483083, -17.54308833, 620.81 ] ] ] } },
{ "type": "Feature", "properties": { "area_ha": 7.2 }, "geometry": { "type": "Polygon", "coordinates": [ [ [ -43.55201417, -17.54030417, 622.93 ], [ -43.55305583, -17.54271528, 621.41 ], [ -43.55350917, -17.54309444, 621.4 ], [ -43.55413694, -17.54319222, 621.13 ], [ -43.555654122322288, -17.542235995069387, 621.134659107226071 ], [ -43.552034377300004, -17.539571352300005, 699.837345659910511 ], [ -43.551116760436365, -17.539983984876098, 622.744085757466223 ], [ -43.55201417, -17.54030417, 622.93 ] ] ] } },
{ "type": "Feature", "properties": { "area_ha": 5.2 }, "geometry": { "type": "Polygon", "coordinates": [ [ [ -43.56263389, -17.54738861, 621.28 ], [ -43.56475, -17.54933583, 621.78 ], [ -43.56611, -17.5511075, 621.51 ], [ -43.56769056, -17.55213611, 621.76 ], [ -43.570217667863112, -17.55295541734445, 622.458353583788949 ], [ -43.56263389, -17.54738861, 621.28 ] ] ] } },
{ "type": "Feature", "properties": { "area_ha": 1.0 }, "geometry": { "type": "Polygon", "coordinates": [ [ [ -43.568797795564251, -17.561469338884471, 622.229857803202322 ], [ -43.56713472, -17.56202583, 622.17 ], [ -43.56775778, -17.56227194, 622.44 ], [ -43.567359883373953, -17.56307976518104, 622.57671095001092 ], [ -43.568797795564251, -17.561469338884471, 622.229857803202322 ] ] ] } },
{ "type": "Feature", "properties": { "area_ha": 26.5 }, "geometry": { "type": "Polygon", "coordinates": [ [ [ -43.565057031471902, -17.566674616196035, 622.700893684361631 ], [ -43.56573194, -17.56974056, 622.43 ], [ -43.56846083, -17.57305278, 622.31 ], [ -43.57310444, -17.57455583, 623.32 ], [ -43.57607222, -17.57611722, 623.07 ], [ -43.579293548160173, -17.578848695695005, 623.621860955466104 ], [ -43.565057031471902, -17.566674616196035, 622.700893684361631 ] ] ] } },
{ "type": "Feature", "properties": { "area_ha": 11.0 }, "geometry": { "type": "Polygon", "coordinates": [ [ [ -43.577126875290851, -17.587767409850432, 623.484539752172623 ], [ -43.57556778, -17.58598694, 623.2 ], [ -43.57384139, -17.58462417, 623.35 ], [ -43.57118306, -17.58521972, 623.35 ], [ -43.570326660950535, -17.585972930053096, 623.379522429053281 ], [ -43.577126875290851, -17.587767409850432, 623.484539752172623 ] ] ] } },
{ "type": "Feature", "properties": { "area_ha": 0.9 }, "geometry": { "type": "Polygon", "coordinates": [ [ [ -43.57010583000001, -17.58768389, 623.42 ], [ -43.57077611, -17.58861, 623.95 ], [ -43.571815717061575, -17.589346152170929, 623.75637501354754 ], [ -43.569994274893475, -17.587023435525026, 623.465847064829291 ], [ -43.57010583000001, -17.58768389, 623.42 ] ] ] } },
{ "type": "Feature", "properties": { "area_ha": 37.2 }, "geometry": { "type": "Polygon", "coordinates": [ [ [ -43.568327143188398, -17.607835561366475, 624.158405316466997 ], [ -43.56833889, -17.60968278, 623.98 ], [ -43.56911389, -17.6111075, 624.18 ], [ -43.57788833, -17.61591111, 624.63 ], [ -43.57953056, -17.61770778, 624.32 ], [ -43.58269639, -17.62234167, 624.06 ], [ -43.58408778, -17.62285361, 624.73 ], [ -43.586963372575575, -17.622577560751697, 625.664137236886745 ], [ -43.568327143188398, -17.607835561366475, 624.158405316466997 ] ] ] } },
{ "type": "Feature", "properties": { "area_ha": 1977.3 }, "geometry": { "type": "Polygon", "coordinates": [ [ [ -43.56230306, -17.60918, 686.22 ], [ -43.56727722, -17.60910139, 631.382 ], [ -43.567600355649887, -17.607260562589477, 630.372966817362453 ], [ -43.566313380799997, -17.606242356100001, 699.837345659910511 ], [ -43.574703238700003, -17.5930281937, 699.837345659910511 ], [ -43.573288600109578, -17.591224330952429, 623.973617488066566 ], [ -43.57025722, -17.5891875, 623.988 ], [ -43.56956028, -17.58837833, 625.28 ], [ -43.56930222, -17.58744056, 622.91 ], [ -43.569431111006146, -17.586305270156654, 624.05825109650209 ], [ -43.568868801299999, -17.585588187199999, 699.837345659910511 ], [ -43.569504462550505, -17.585755945668634, 624.279025012068473 ], [ -43.571525, -17.58417083, 625.74 ], [ -43.57350417, -17.58381139, 627.446 ], [ -43.57442806, -17.58411028, 628.715 ], [ -43.57656028, -17.58561278, 628.003 ], [ -43.577945674063095, -17.587436933259596, 624.722740752433992 ], [ -43.579147272334154, -17.579780770139962, 624.073108265542373 ], [ -43.57484778, -17.5760925, 622.522 ], [ -43.57361556, -17.575445, 622.677 ], [ -43.57037528, -17.57452667, 624.709 ], [ -43.5680825, -17.57338, 627.605 ], [ -43.56594444, -17.57109917, 624.739 ], [ -43.56413917, -17.56772278, 623.557 ], [ -43.5644275, -17.56576806, 623.648 ], [ -43.56607611, -17.56324417, 623.331 ], [ -43.5665975, -17.56185056, 623.965 ], [ -43.56741306, -17.56125361, 626.868 ], [ -43.569399846940435, -17.560795043856789, 626.87933050876245 ], [ -43.573250319902598, -17.556482358678121, 622.527335451556155 ], [ -43.57307333, -17.55594833, 622.679 ], [ -43.57177361, -17.55470389, 622.931 ], [ -43.56776194, -17.55293306, 623.093 ], [ -43.56595694, -17.5515725, 622.376 ], [ -43.56403, -17.54917083, 622.763 ], [ -43.56235472, -17.54797917, 625.648 ], [ -43.561522405820291, -17.546555584733785, 623.038929322797912 ], [ -43.56045972, -17.54671222, 622.034 ], [ -43.558715, -17.54625944, 623.78 ], [ -43.557888014552326, -17.543880385600186, 624.672772044071621 ], [ -43.556844139375265, -17.54311198515752, 624.088697304628909 ], [ -43.53504833, -17.59894333, 799.099 ], [ -43.54539972, -17.61425667, 820.89 ], [ -43.54712417, -17.61309222, 823.062 ], [ -43.55293528, -17.61387111, 828.702 ], [ -43.55399944, -17.61282083, 814.776 ], [ -43.55852472, -17.60988444, 713.674 ], [ -43.56230306, -17.60918, 686.22 ] ] ] } },
{ "type": "Feature", "properties": { "area_ha": 944.2 }, "geometry": { "type": "Polygon", "coordinates": [ [ [ -43.278437221058809, -17.961334662756293, 886.491555555554442 ], [ -43.28599059077699, -17.96028290789863, 886.491555555554442 ], [ -43.282295598335899, -17.949255195064577, 886.491555555554442 ], [ -43.280911158559853, -17.943802058040699, 886.491555555554442 ], [ -43.282032238447286, -17.943881445390151, 886.491555555554442 ], [ -43.282863577392916, -17.944752982454542, 886.491555555554442 ], [ -43.283669409755127, -17.94493685530799, 886.491555555554442 ], [ -43.285340163397052, -17.944507259281608, 886.491555555554442 ], [ -43.285365220847822, -17.942569863892487, 886.491555555554442 ], [ -43.284895999966807, -17.939877976235973, 886.491555555554442 ], [ -43.285047550435721, -17.937715721200949, 886.491555555554442 ], [ -43.282590154389126, -17.934357583994085, 886.491555555554442 ], [ -43.281226853749502, -17.934300435343285, 886.491555555554442 ], [ -43.278243663832221, -17.933288700175748, 886.491555555554442 ], [ -43.277855946304946, -17.933733022599498, 886.491555555554442 ], [ -43.274073632331373, -17.931056819708971, 886.491555555554442 ], [ -43.269152769619886, -17.929658154211243, 886.491555555554442 ], [ -43.268236451086501, -17.929030275546445, 886.491555555554442 ], [ -43.266079549247635, -17.928364582965589, 886.491555555554442 ], [ -43.264820822145523, -17.926338671572907, 886.491555555554442 ], [ -43.263115156621254, -17.924811321889859, 886.491555555554442 ], [ -43.261371636489905, -17.924088452158198, 886.491555555554442 ], [ -43.259795569013015, -17.922650781925089, 886.491555555554442 ], [ -43.259291489807417, -17.921707183144623, 886.491555555554442 ], [ -43.258583073029456, -17.92228994324881, 886.491555555554442 ], [ -43.258428136287044, -17.922782949504192, 886.491555555554442 ], [ -43.258586134508739, -17.924070005265669, 886.491555555554442 ], [ -43.258154750131759, -17.925602788786154, 886.491555555554442 ], [ -43.258405523111236, -17.928287587453795, 886.491555555554442 ], [ -43.258177442636352, -17.929956007670459, 886.491555555554442 ], [ -43.258494153952569, -17.930637722233882, 886.491555555554442 ], [ -43.25953136286266, -17.931112632498618, 886.491555555554442 ], [ -43.258945737126133, -17.932119506764867, 886.491555555554442 ], [ -43.259135555345281, -17.933473214064804, 886.491555555554442 ], [ -43.261453620884595, -17.934087693638265, 886.491555555554442 ], [ -43.262122028711616, -17.935650994904702, 886.491555555554442 ], [ -43.26309688378312, -17.936956637253374, 886.491555555554442 ], [ -43.263336404033637, -17.938919122125597, 886.491555555554442 ], [ -43.263152550779203, -17.939557532719174, 886.491555555554442 ], [ -43.262210051419679, -17.940881614502413, 886.491555555554442 ], [ -43.259188415265676, -17.941331199353634, 886.491555555554442 ], [ -43.256634890452176, -17.942602039796078, 886.491555555554442 ], [ -43.253269796167707, -17.943364469084159, 886.491555555551827 ], [ -43.251529409028059, -17.944191617309929, 886.491555555551827 ], [ -43.249473266291332, -17.94584493054575, 886.491555555551827 ], [ -43.24915098894008, -17.946372128318135, 886.491555555551827 ], [ -43.249080833396675, -17.947735305104828, 886.491555555551827 ], [ -43.248457303527907, -17.948949900057478, 886.491555555551827 ], [ -43.248592626335387, -17.950169662069705, 886.491555555551827 ], [ -43.248911297292061, -17.95140086366283, 886.491555555551827 ], [ -43.25022315523298, -17.952126710054653, 886.491555555551827 ], [ -43.250900335388302, -17.953795447242822, 886.491555555551827 ], [ -43.250242610277979, -17.954486823475477, 886.491555555551827 ], [ -43.248643809381981, -17.954973049043648, 886.491555555551827 ], [ -43.252697896600679, -17.956051521927009, 886.491555555551827 ], [ -43.257493457826222, -17.957908474835495, 886.491555555554442 ], [ -43.261939208452773, -17.957291346912136, 886.491555555554442 ], [ -43.264349559402213, -17.957333277365066, 886.491555555554442 ], [ -43.264996323469589, -17.957598117178801, 886.491555555554442 ], [ -43.266325052890664, -17.958575391637527, 886.491555555554442 ], [ -43.266664297937382, -17.959222662605526, 886.491555555554442 ], [ -43.266597215711556, -17.960397537462324, 886.491555555554442 ], [ -43.265857874856756, -17.962294182360491, 886.491555555554442 ], [ -43.266167252147127, -17.964371956414119, 886.491555555554442 ], [ -43.26699795666665, -17.96555509085994, 886.491555555554442 ], [ -43.271106485845181, -17.964730122716752, 886.491555555554442 ], [ -43.272889611155314, -17.963508412359825, 886.491555555554442 ], [ -43.275133441116523, -17.962868291558994, 886.491555555554442 ], [ -43.278437221058809, -17.961334662756293, 886.491555555554442 ] ], [ [ -43.266668762176337, -17.947624017550766, 886.491555555554442 ], [ -43.266656008198559, -17.945935762620504, 886.491555555554442 ], [ -43.265790694265903, -17.945393670538518, 886.491555555554442 ], [ -43.265316171464654, -17.944660010774342, 886.491555555554442 ], [ -43.265881279592691, -17.944804625665959, 886.491555555554442 ], [ -43.265582879306713, -17.944105355227311, 886.491555555554442 ], [ -43.266336215108979, -17.943854555358268, 886.491555555554442 ], [ -43.266553715523088, -17.943330278449519, 886.491555555554442 ], [ -43.266234559752057, -17.943084162666914, 886.491555555554442 ], [ -43.26638705318021, -17.942653399647273, 886.491555555554442 ], [ -43.267165200722125, -17.942463660336298, 886.491555555554442 ], [ -43.267998212644478, -17.943496348884818, 886.491555555554442 ], [ -43.269061177354324, -17.94415461608283, 886.491555555554442 ], [ -43.269419135139003, -17.944840588795749, 886.491555555554442 ], [ -43.272266913375937, -17.946819692622189, 886.491555555554442 ], [ -43.275040499123762, -17.947789373750041, 886.491555555554442 ], [ -43.278236653272799, -17.95496554971885, 886.491555555554442 ], [ -43.270329849807602, -17.955952834177229, 886.491555555554442 ], [ -43.267610696165825, -17.952153499339371, 886.491555555554442 ], [ -43.267873849886421, -17.948928035884045, 886.491555555554442 ], [ -43.26732498824925, -17.948651049909881, 886.491555555554442 ], [ -43.267495260062603, -17.948219369820567, 886.491555555554442 ], [ -43.267043622054487, -17.948217227693348, 886.491555555554442 ], [ -43.266668762176337, -17.947624017550766, 886.491555555554442 ] ] ] } },
{ "type": "Feature", "properties": { "area_ha": 444.9 }, "geometry": { "type": "Polygon", "coordinates": [ [ [ -43.248863119920102, -17.951565227827281, 886.491555555555578 ], [ -43.248317001804217, -17.948926420448064, 886.491555555555578 ], [ -43.249015517468109, -17.947456732726849, 886.491555555555578 ], [ -43.249015296432844, -17.946325744044259, 886.491555555555578 ], [ -43.249630062396911, -17.945479133177528, 886.491555555555578 ], [ -43.251451869127095, -17.944077158831849, 886.491555555555578 ], [ -43.253221376565911, -17.943236170829614, 886.491555555555578 ], [ -43.256681003136215, -17.942431214730547, 886.491555555555578 ], [ -43.25915838556211, -17.941198366891996, 886.491555555555578 ], [ -43.26220224418568, -17.940705675448612, 886.491555555555578 ], [ -43.263160798519344, -17.939018916604685, 886.491555555555578 ], [ -43.262909431523738, -17.936922485457753, 886.491555555555578 ], [ -43.261994853543513, -17.935713460752492, 886.491555555555578 ], [ -43.261512877984266, -17.934361307433708, 886.491555555555578 ], [ -43.26109923988578, -17.934056029146046, 886.491555555555578 ], [ -43.25921224549824, -17.93371353209583, 886.491555555555578 ], [ -43.258862048964367, -17.93325030935295, 886.491555555555578 ], [ -43.258804643600214, -17.932101584344199, 886.491555555555578 ], [ -43.259342402469933, -17.931193872999849, 886.491555555555578 ], [ -43.258408387940129, -17.930752163976027, 886.491555555555578 ], [ -43.258036327846511, -17.929977021423745, 886.491555555555578 ], [ -43.258263523457821, -17.928284363539998, 886.491555555555578 ], [ -43.258013722583321, -17.925578847445401, 886.491555555555578 ], [ -43.258419689999009, -17.924352908390858, 886.491555555555578 ], [ -43.258338165371597, -17.922444276758164, 886.491555555555578 ], [ -43.259213265213731, -17.921600724357987, 886.491555555555578 ], [ -43.257457221841747, -17.919445440666493, 886.491555555555578 ], [ -43.256415962402023, -17.919161166589131, 886.491555555555578 ], [ -43.254996468480769, -17.919822552981476, 886.491555555555578 ], [ -43.254776595797786, -17.920183261780863, 886.491555555555578 ], [ -43.255352506896095, -17.920659905675866, 886.491555555555578 ], [ -43.255010859428396, -17.921000013948717, 886.491555555555578 ], [ -43.254560115435304, -17.920785632890492, 886.491555555555578 ], [ -43.252923528256986, -17.92123402516437, 886.491555555555578 ], [ -43.252259971439067, -17.92201428242997, 886.491555555555578 ], [ -43.251491275799239, -17.921256701994501, 886.491555555555578 ], [ -43.250840518665726, -17.92139154332115, 886.491555555555578 ], [ -43.251299637511693, -17.922331371576416, 886.491555555555578 ], [ -43.250401126926953, -17.923305800893033, 886.491555555555578 ], [ -43.248922535034922, -17.923495250166567, 886.491555555555578 ], [ -43.249021666605273, -17.924242038259706, 886.491555555555578 ], [ -43.247762707048992, -17.924830168787864, 886.491555555555578 ], [ -43.247477067784139, -17.925383599916941, 886.491555555555578 ], [ -43.248209277657779, -17.925778557923149, 886.491555555555578 ], [ -43.247616189409548, -17.925912253094836, 886.491555555555578 ], [ -43.246311895769651, -17.927734082940507, 886.491555555555578 ], [ -43.247260647192128, -17.927917553602985, 886.491555555555578 ], [ -43.246809906191551, -17.928537056471264, 886.491555555555578 ], [ -43.246953406913278, -17.929150494036477, 886.491555555555578 ], [ -43.245698876883907, -17.929285225391951, 886.491555555555578 ], [ -43.244935068760626, -17.93024528249671, 886.491555555555578 ], [ -43.245089202988723, -17.930453846492842, 886.491555555555578 ], [ -43.244440136817182, -17.930995924870572, 886.491555555555578 ], [ -43.244730834094909, -17.932488942995086, 886.491555555555578 ], [ -43.245672731907462, -17.933582300936777, 886.491555555555578 ], [ -43.245178877139061, -17.933843780630028, 886.491555555555578 ], [ -43.244948483634829, -17.933365260806919, 886.491555555555578 ], [ -43.244443620078151, -17.933506845195492, 886.491555555555578 ], [ -43.244153333448601, -17.933937135289444, 886.491555555555578 ], [ -43.244623399972056, -17.934016279666665, 886.491555555555578 ], [ -43.244863953624645, -17.934943696452461, 886.491555555555578 ], [ -43.243708741130824, -17.935219202349806, 886.491555555555578 ], [ -43.243307093681061, -17.936748288560992, 886.491555555555578 ], [ -43.243558385974467, -17.937441554720973, 886.491555555555578 ], [ -43.244028098132361, -17.937367264937432, 886.491555555555578 ], [ -43.243960199750056, -17.937873357367401, 886.491555555555578 ], [ -43.242862433469107, -17.938470264428233, 886.491555555555578 ], [ -43.243656593972872, -17.939698828546749, 886.491555555555578 ], [ -43.242892726419399, -17.939286707745335, 886.491555555555578 ], [ -43.242300105343439, -17.93946022241802, 886.491555555555578 ], [ -43.242592838859842, -17.940639672591608, 886.491555555555578 ], [ -43.241934206474085, -17.942507306402945, 886.491555555555578 ], [ -43.241980676346842, -17.943169907171161, 886.491555555555578 ], [ -43.2427447670823, -17.943536312616509, 886.491555555555578 ], [ -43.241522413422636, -17.944249253258857, 886.491555555555578 ], [ -43.241524388501304, -17.944639821125879, 886.491555555555578 ], [ -43.241856403922881, -17.945681757243932, 886.491555555555578 ], [ -43.242546478874878, -17.945773809488706, 886.491555555555578 ], [ -43.242870712211108, -17.947703427087092, 886.491555555555578 ], [ -43.243528330279553, -17.948504746649959, 886.491555555555578 ], [ -43.24312547739202, -17.94970675238676, 886.491555555555578 ], [ -43.243861485139163, -17.950146921811633, 886.491555555555578 ], [ -43.243324085894493, -17.950465198182673, 886.491555555555578 ], [ -43.243305571146088, -17.950990090171878, 886.491555555555578 ], [ -43.244737612218103, -17.951094721250524, 886.491555555555578 ], [ -43.245315327844587, -17.952454797050617, 886.491555555555578 ], [ -43.246570049984868, -17.95205209100207, 886.491555555555578 ], [ -43.248976722380704, -17.951880534873681, 886.491555555555578 ], [ -43.24923447958458, -17.952753955152286, 886.491555555555578 ], [ -43.247104695253775, -17.953569402711061, 886.491555555555578 ], [ -43.247430191848473, -17.954373800732309, 886.491555555555578 ], [ -43.248365546686507, -17.954851571343603, 886.491555555555578 ], [ -43.250183906189712, -17.954362489575963, 886.491555555555578 ], [ -43.250757748075571, -17.953769917370362, 886.491555555555578 ], [ -43.250109450372385, -17.95220922448998, 886.491555555555578 ], [ -43.248863119920102, -17.951565227827281, 886.491555555555578 ] ] ] } },
{ "type": "Feature", "properties": { "area_ha": 281.1 }, "geometry": { "type": "Polygon", "coordinates": [ [ [ -42.412301866177664, -17.498929261777668, 507.379333333333363 ], [ -42.414231629229228, -17.503532269839507, 507.379333333333363 ], [ -42.414387810998122, -17.504702717559908, 507.379333333333363 ], [ -42.413983319805318, -17.504958840597183, 507.379333333333363 ], [ -42.413155064600424, -17.504724652751293, 507.379333333333363 ], [ -42.412402526596402, -17.506253972410821, 507.379333333333363 ], [ -42.410881545065408, -17.50703460069608, 507.379333333333363 ], [ -42.41067593328173, -17.507396234220092, 507.379333333333363 ], [ -42.408354663429705, -17.505116810367955, 507.379333333333363 ], [ -42.402556992786167, -17.509342335438298, 507.379333333333363 ], [ -42.405321744032541, -17.516267899038343, 507.379333333333363 ], [ -42.417185022069205, -17.507835901503164, 507.379333333333363 ], [ -42.419955790261248, -17.510978641615903, 507.379333333333363 ], [ -42.423045683506501, -17.509420220493862, 507.379333333333363 ], [ -42.422810435486937, -17.50878130966656, 507.379333333333363 ], [ -42.422143500941189, -17.508692236593454, 507.379333333333363 ], [ -42.425284100800397, -17.504910093395043, 507.379333333333363 ], [ -42.424628117690659, -17.503957680397118, 507.379333333333363 ], [ -42.422389535819917, -17.504259921797683, 507.379333333333363 ], [ -42.415769648527743, -17.494937491528855, 507.379333333333363 ], [ -42.416435132209727, -17.494079941288895, 507.379333333333363 ], [ -42.416544820258693, -17.493089580692807, 507.379333333333363 ], [ -42.41585175692213, -17.492184857756381, 507.379333333333363 ], [ -42.414976750654823, -17.488405727607809, 507.379333333333363 ], [ -42.41161641349197, -17.485336734638619, 507.379333333333363 ], [ -42.410553218517371, -17.485716916548895, 507.379333333333363 ], [ -42.410731413471751, -17.486882376640128, 507.379333333333363 ], [ -42.408877597959005, -17.486670069045189, 507.379333333333363 ], [ -42.408161307230294, -17.486864606282492, 507.379333333333363 ], [ -42.408343594675621, -17.49125237378729, 507.379333333333363 ], [ -42.409536108119958, -17.492471025589001, 507.379333333333363 ], [ -42.410148344602938, -17.494318964093949, 507.379333333333363 ], [ -42.411237073135034, -17.493890737403284, 507.379333333333363 ], [ -42.412301866177664, -17.498929261777668, 507.379333333333363 ] ] ] } },
{ "type": "Feature", "properties": { "area_ha": 535.9 }, "geometry": { "type": "Polygon", "coordinates": [ [ [ -42.31411708875676, -17.275436485449401, 523.36 ], [ -42.318516628263424, -17.276210857334604, 559.77 ], [ -42.319856416354476, -17.27617827288103, 569.72 ], [ -42.32330662776625, -17.274778442785333, 575.51 ], [ -42.32867695485767, -17.275351231583521, 620.54 ], [ -42.328945971780321, -17.273891854787227, 603.41 ], [ -42.329819572462576, -17.272211581287511, 505.32 ], [ -42.329906958833128, -17.269813523435801, 594.86 ], [ -42.32838917, -17.2701875, 575.391 ], [ -42.323700457227858, -17.268748371284047, 572.77 ], [ -42.321414708093798, -17.268952060862944, 570.87 ], [ -42.322028800640524, -17.264989810915207, 458.17 ], [ -42.323701029287626, -17.261977917335944, 550.7 ], [ -42.324492669318204, -17.261468001790249, 571.2 ], [ -42.326644380497839, -17.261629687404092, 589.53 ], [ -42.328699290989647, -17.261164744553728, 619.37 ], [ -42.330052279770889, -17.261233131778607, 640.29 ], [ -42.331437264460916, -17.260535006879731, 653.03 ], [ -42.332611251231349, -17.259122952517604, 628.73 ], [ -42.332898446183876, -17.256963162885047, 636.33 ], [ -42.337590319072021, -17.255201823852271, 702.51 ], [ -42.339014908340808, -17.253972312405381, 729.89 ], [ -42.33934604556481, -17.253565415756302, 741.37 ], [ -42.33846488673035, -17.252072079425126, 710.41 ], [ -42.337315394530577, -17.251620549675152, 680.74 ], [ -42.333917343439254, -17.251841365725298, 603.22 ], [ -42.332832956663609, -17.252595708793525, 605.03 ], [ -42.33203280431141, -17.252558081200235, 594.36 ], [ -42.33105644035561, -17.253159414346403, 589.27 ], [ -42.328088621609055, -17.253701933247097, 496.16 ], [ -42.326654983551613, -17.25273151775167, 566.81 ], [ -42.325741696294124, -17.25086680146466, 619.67 ], [ -42.325267923657435, -17.251654152850886, 611.41 ], [ -42.324107776134518, -17.252635020663146, 591.0 ], [ -42.322772305534592, -17.252588509536888, 571.08 ], [ -42.320791251682159, -17.255162703141206, 474.99 ], [ -42.318648496435159, -17.2546086823255, 565.82 ], [ -42.317584649918693, -17.253567642600011, 603.05 ], [ -42.314476377646876, -17.256558212069205, 578.9 ], [ -42.313402306325955, -17.256821012584126, 584.6 ], [ -42.309686798013296, -17.258802726533649, 574.96 ], [ -42.30871294560329, -17.260946925251034, 585.73 ], [ -42.305072560040436, -17.265131975095045, 562.572062490333678 ], [ -42.302492042294539, -17.269476589249869, 510.706853066045596 ], [ -42.302164546383381, -17.270871550594396, 418.0 ], [ -42.303095827367827, -17.270996772916959, 418.03 ], [ -42.30548222, -17.27274194, 416.977 ], [ -42.30587056, -17.27224333, 423.166 ], [ -42.30605667, -17.27234944, 422.989 ], [ -42.30578917, -17.2728925, 417.024 ], [ -42.307096496019277, -17.273229314648297, 420.72 ], [ -42.30778305147102, -17.274057640419535, 415.03 ], [ -42.313969300442494, -17.272760588177718, 481.69 ], [ -42.31411708875676, -17.275436485449401, 523.36 ] ] ] } },
{ "type": "Feature", "properties": { "area_ha": 5978.0 }, "geometry": { "type": "Polygon", "coordinates": [ [ [ -42.2744217348109, -17.228113276344523, 453.0 ], [ -42.276498846692228, -17.225951334390938, 450.0 ], [ -42.27622549568185, -17.224918385162937, 449.0 ], [ -42.275651931052415, -17.224697941906836, 475.0 ], [ -42.274924358585231, -17.224854888031569, 486.0 ], [ -42.272550519898203, -17.226636474664392, 457.0 ], [ -42.270701904507099, -17.227435826619832, 467.0 ], [ -42.269915619541898, -17.22716208848183, 438.0 ], [ -42.269300662763186, -17.223639304568565, 481.0 ], [ -42.268253006800876, -17.222519348496427, 464.0 ], [ -42.269107395001498, -17.222032354739927, 473.0 ], [ -42.270486236802043, -17.219816835035299, 451.0 ], [ -42.270457404660256, -17.220884250246595, 479.0 ], [ -42.271073411209954, -17.221758301856791, 490.0 ], [ -42.272973848891667, -17.22165610039908, 490.0 ], [ -42.273610417673176, -17.220815735916279, 474.0 ], [ -42.273635177487037, -17.219633932081706, 446.0 ], [ -42.275672484228878, -17.219174308296502, 477.0 ], [ -42.277025967662262, -17.217522094730128, 458.0 ], [ -42.277003946481749, -17.216202836572041, 458.0 ], [ -42.277386092482864, -17.215203139811919, 471.0 ], [ -42.277215930485497, -17.214695469766291, 470.0 ], [ -42.276222591873157, -17.214337682971657, 464.0 ], [ -42.275299440015267, -17.213397086184479, 457.0 ], [ -42.273751259212283, -17.212974431685822, 451.0 ], [ -42.274536823341045, -17.212216993750882, 463.0 ], [ -42.274763656711123, -17.211441061734611, 464.0 ], [ -42.27616130904525, -17.20951490592071, 465.0 ], [ -42.278643307672212, -17.209569962513612, 476.0 ], [ -42.279842867111455, -17.208913550977041, 451.0 ], [ -42.279995757309841, -17.208141758163769, 456.0 ], [ -42.279699331775667, -17.207690091687478, 466.0 ], [ -42.2777562031226, -17.20717480800921, 453.0 ], [ -42.278622274979327, -17.20632577983471, 462.0 ], [ -42.279853769788069, -17.205713596865376, 481.0 ], [ -42.280182671565008, -17.204946438459693, 462.0 ], [ -42.281763207616294, -17.205241776448517, 474.0 ], [ -42.284515064408836, -17.206452381859037, 480.0 ], [ -42.285322387698059, -17.206330331635751, 477.0 ], [ -42.288712601527543, -17.207378533551051, 468.0 ], [ -42.290327484709309, -17.207505662674787, 454.0 ], [ -42.290970634852506, -17.206694845814852, 437.0 ], [ -42.290717877237618, -17.205939797325037, 455.0 ], [ -42.28970240510121, -17.20503802731233, 461.0 ], [ -42.288346862843667, -17.204841147026741, 465.0 ], [ -42.286179829465247, -17.203700156514287, 473.0 ], [ -42.283659040064187, -17.202985511931921, 454.0 ], [ -42.283577362955619, -17.202054043715268, 446.0 ], [ -42.283191142763393, -17.2016708900662, 444.0 ], [ -42.282375429012959, -17.201628999976812, 463.0 ], [ -42.281703104049598, -17.202422866725712, 459.0 ], [ -42.279485137476755, -17.200979131612467, 464.0 ], [ -42.278505551335769, -17.201432796201342, 487.0 ], [ -42.277681981511151, -17.203116224076734, 481.0 ], [ -42.276908905809194, -17.203865180628565, 467.0 ], [ -42.276151572527333, -17.203647590068375, 457.0 ], [ -42.274964014763533, -17.20215208665314, 459.0 ], [ -42.274155126275694, -17.202042252991031, 469.0 ], [ -42.273502459298335, -17.20284529417275, 463.0 ], [ -42.272056072781304, -17.203567051978883, 480.0 ], [ -42.269934009091244, -17.205690709052771, 443.0 ], [ -42.268059620197093, -17.20618031747664, 450.0 ], [ -42.265331384891695, -17.207424758415456, 460.0 ], [ -42.263920081119743, -17.206217222452608, 438.0 ], [ -42.264421250580185, -17.205253761124613, 448.0 ], [ -42.264828380311187, -17.203202433035266, 443.0 ], [ -42.265372666259246, -17.202615867195512, 470.0 ], [ -42.265697776514841, -17.201349193103862, 460.0 ], [ -42.267025606934013, -17.199672849849257, 460.0 ], [ -42.26745037810737, -17.198393976299762, 443.0 ], [ -42.270134948205019, -17.198380161487947, 459.0 ], [ -42.271174888417555, -17.197526746864099, 465.0 ], [ -42.271097251005827, -17.19647134253022, 462.0 ], [ -42.270606525118609, -17.195829916224479, 451.0 ], [ -42.268967303292449, -17.195699513574368, 439.0 ], [ -42.27055987272481, -17.19458383885571, 448.0 ], [ -42.271248473070941, -17.195006959716235, 455.0 ], [ -42.272290525968423, -17.19468728889137, 449.0 ], [ -42.272821353229041, -17.195567488648042, 468.0 ], [ -42.273560649775341, -17.19594270279244, 473.0 ], [ -42.27489916030315, -17.195679318912241, 463.0 ], [ -42.276477169530992, -17.196173242710064, 477.0 ], [ -42.277838187272067, -17.197024195070128, 468.0 ], [ -42.278616484688179, -17.198428178356195, 473.0 ], [ -42.279555852754342, -17.199002046742233, 463.0 ], [ -42.280381510545872, -17.199082642996885, 451.0 ], [ -42.2811543855981, -17.19876949793947, 449.0 ], [ -42.282123755929213, -17.197830177295213, 440.0 ], [ -42.282361390961718, -17.196252609412493, 438.0 ], [ -42.281995193416527, -17.195264833734022, 442.0 ], [ -42.280502611369393, -17.194620656905883, 452.0 ], [ -42.279134660045528, -17.194829135895496, 446.0 ], [ -42.278628412266009, -17.194296429252841, 437.0 ], [ -42.280663358970862, -17.192492432368873, 446.0 ], [ -42.28073155091689, -17.190898401468658, 438.0 ], [ -42.280325783963242, -17.190202150871503, 441.0 ], [ -42.279818207462348, -17.189985963943879, 456.0 ], [ -42.279042351991649, -17.190235580902623, 461.0 ], [ -42.27864498113491, -17.191228221359818, 461.0 ], [ -42.276372824603001, -17.193133027054472, 444.0 ], [ -42.276080730236146, -17.191590937161319, 446.0 ], [ -42.27560798606121, -17.191004221601119, 430.0 ], [ -42.275467549959679, -17.1893651129494, 441.0 ], [ -42.276118728055813, -17.188865023806784, 459.0 ], [ -42.276630649047185, -17.187929115821344, 459.0 ], [ -42.276322709655567, -17.186898683660871, 463.0 ], [ -42.275539784659209, -17.186065207971211, 450.0 ], [ -42.277436005356591, -17.185763728409544, 469.0 ], [ -42.278012299061253, -17.185191997600516, 457.0 ], [ -42.278049945411659, -17.184660314408397, 444.0 ], [ -42.277538475834817, -17.184049601315259, 454.0 ], [ -42.275920214720252, -17.183372188360412, 444.0 ], [ -42.274866102902813, -17.181329062332434, 439.0 ], [ -42.276586159403969, -17.180870594518499, 460.0 ], [ -42.277505667409443, -17.181678815849473, 466.0 ], [ -42.278376939007906, -17.181763638766245, 465.0 ], [ -42.278970349648155, -17.182527445620423, 473.0 ], [ -42.280096072797122, -17.182500912615446, 468.0 ], [ -42.280993778281754, -17.18304087905252, 468.0 ], [ -42.2821081465544, -17.183052382859955, 461.0 ], [ -42.283738241603849, -17.183654589875616, 460.0 ], [ -42.286057273085191, -17.185367386311988, 468.0 ], [ -42.287286538669512, -17.185625691107344, 484.0 ], [ -42.287571489112864, -17.186206784992311, 490.0 ], [ -42.288066300513407, -17.186448067206388, 486.0 ], [ -42.290693622427717, -17.185871547946739, 456.0 ], [ -42.291508835946786, -17.186602544029235, 461.0 ], [ -42.293096567261252, -17.187111997343564, 449.0 ], [ -42.29458905848513, -17.186624130692632, 439.0 ], [ -42.294838564828318, -17.186755809964392, 443.0 ], [ -42.294813738535161, -17.188122139860337, 453.0 ], [ -42.295472864014776, -17.188585335528916, 440.0 ], [ -42.296024067372137, -17.188522469707955, 436.0 ], [ -42.296519531435287, -17.188014709027183, 434.0 ], [ -42.296823235161987, -17.188568320125615, 439.0 ], [ -42.297327259126391, -17.188791282078931, 438.0 ], [ -42.298637653767926, -17.188233572377889, 435.0 ], [ -42.300185652058104, -17.188583133696433, 444.0 ], [ -42.301947678850922, -17.188284771157313, 433.0 ], [ -42.303126242773551, -17.189141335910151, 432.0 ], [ -42.30426046844503, -17.189018063200713, 438.0 ], [ -42.304917999932542, -17.189346827551677, 435.0 ], [ -42.305677912958586, -17.189060948918378, 432.0 ], [ -42.305916242023862, -17.18831003959323, 444.0 ], [ -42.304927512690405, -17.187027503992542, 463.0 ], [ -42.30387348524593, -17.186771375890711, 445.0 ], [ -42.302196103153634, -17.185469232225355, 460.0 ], [ -42.300605855232646, -17.185041185430865, 450.0 ], [ -42.299286934319305, -17.185307636720516, 436.0 ], [ -42.297793653063906, -17.184646693045824, 449.0 ], [ -42.297261422921231, -17.184043781229768, 452.0 ], [ -42.296587941995526, -17.183955368439115, 448.0 ], [ -42.295949744359611, -17.183248621101686, 478.0 ], [ -42.294309822740907, -17.183144888543481, 452.0 ], [ -42.291663010918022, -17.181820987879078, 470.0 ], [ -42.289523348283424, -17.182120240426155, 460.0 ], [ -42.287973444434684, -17.183198016191714, 434.0 ], [ -42.28820041200683, -17.182295714031017, 439.0 ], [ -42.287239115329079, -17.17940461201291, 442.0 ], [ -42.287482073503078, -17.178739498104019, 441.0 ], [ -42.287080817761804, -17.177771579426725, 447.0 ], [ -42.286279490746651, -17.177619643849315, 460.0 ], [ -42.284929080690446, -17.178283756317054, 442.0 ], [ -42.284390868899564, -17.177927914447576, 447.0 ], [ -42.283187037353542, -17.177997403581948, 449.0 ], [ -42.283555705197323, -17.177119865638481, 448.0 ], [ -42.283458425395906, -17.176594398995899, 443.0 ], [ -42.282523519959597, -17.176113549365624, 471.0 ], [ -42.280622124366651, -17.177137224643051, 473.0 ], [ -42.279668629653393, -17.178161928147819, 455.0 ], [ -42.279054816375925, -17.178261927767949, 453.0 ], [ -42.278279249624838, -17.177671947770666, 445.0 ], [ -42.278626439359961, -17.176986400133398, 451.0 ], [ -42.278345541833019, -17.174914619573947, 444.0 ], [ -42.277699243480839, -17.173952684259348, 436.0 ], [ -42.277653914008702, -17.173016830866196, 443.0 ], [ -42.277227314161252, -17.172675574510681, 451.0 ], [ -42.276411613342766, -17.172718928522155, 464.0 ], [ -42.274928470638493, -17.173646509607487, 438.0 ], [ -42.274108814884805, -17.172443988460376, 456.0 ], [ -42.272332398588247, -17.172387283387771, 450.0 ], [ -42.271602523491779, -17.171766022070354, 448.0 ], [ -42.27105049664285, -17.171702563506898, 441.0 ], [ -42.270250739069319, -17.172383326766461, 454.0 ], [ -42.270591289700086, -17.173653521340999, 442.0 ], [ -42.269160732709899, -17.174311292410732, 436.0 ], [ -42.268532511885823, -17.173081000957851, 448.0 ], [ -42.26807403367863, -17.172775238441051, 449.0 ], [ -42.265196058070885, -17.172460618554169, 436.0 ], [ -42.26506179951852, -17.171769925975585, 440.0 ], [ -42.264376012794401, -17.171065523717918, 438.0 ], [ -42.265822174236966, -17.168689337026262, 458.0 ], [ -42.265478931877141, -17.167720552327285, 441.0 ], [ -42.264679800110997, -17.167539127575374, 456.0 ], [ -42.262335697172034, -17.168363005859582, 452.0 ], [ -42.261316719105956, -17.169372819774171, 438.0 ], [ -42.257941946093247, -17.167934972855001, 431.0 ], [ -42.257958537593403, -17.16708142685399, 436.0 ], [ -42.258490920326231, -17.166396450335654, 440.0 ], [ -42.259888535970568, -17.165439836222738, 442.0 ], [ -42.26058333774516, -17.165579223274154, 447.0 ], [ -42.262054643376949, -17.164945089536708, 446.0 ], [ -42.262649838237351, -17.164376184724585, 448.0 ], [ -42.262754798978186, -17.163593280975437, 443.0 ], [ -42.262059448498754, -17.162864452756352, 432.0 ], [ -42.262786943531722, -17.162049445065836, 449.0 ], [ -42.262651156739935, -17.161271584215509, 438.0 ], [ -42.261152129630872, -17.160667405418504, 461.0 ], [ -42.26038671992012, -17.160981043356077, 468.0 ], [ -42.259755650370792, -17.161747952294967, 459.0 ], [ -42.258440900989186, -17.161139934294237, 486.0 ], [ -42.257580946606417, -17.161500862118356, 461.0 ], [ -42.256702763405158, -17.161561715740035, 445.0 ], [ -42.257885325005283, -17.160298211885181, 484.36 ], [ -42.26186944079415, -17.158292909284544, 487.82 ], [ -42.26516141624618, -17.157667898696367, 508.75 ], [ -42.266762557895639, -17.157822518241655, 491.68 ], [ -42.269368035079196, -17.155817072173942, 583.27 ], [ -42.270829278162445, -17.156557495489658, 600.44 ], [ -42.272205452832978, -17.15659578228648, 610.83 ], [ -42.277622345989485, -17.15535129005324, 777.32 ], [ -42.280173538903014, -17.156551840428282, 808.58 ], [ -42.28237709462843, -17.154366853899845, 711.19 ], [ -42.287096737056643, -17.151840147147688, 654.79 ], [ -42.28694246546268, -17.15141569516291, 653.48 ], [ -42.288014188121821, -17.148537282558237, 625.52 ], [ -42.289125424550818, -17.147392168656289, 653.03 ], [ -42.292913949277597, -17.146516849533239, 596.89 ], [ -42.294121215908035, -17.145204741188234, 575.1 ], [ -42.295424045391968, -17.144628397685359, 568.7 ], [ -42.297140360609134, -17.142124208661702, 547.69 ], [ -42.29726839657765, -17.14057881075426, 536.58 ], [ -42.296698158892106, -17.138358302159549, 532.82 ], [ -42.297601649629215, -17.135560551915031, 517.73 ], [ -42.296957132827032, -17.134014304084733, 487.71 ], [ -42.297095130908573, -17.132467502746973, 442.48 ], [ -42.294638319345324, -17.133342617115574, 443.35 ], [ -42.293251668006867, -17.133272485177695, 441.74 ], [ -42.292507866167547, -17.133551245353356, 440.79 ], [ -42.291424701039226, -17.13499018665113, 445.68 ], [ -42.290570594717231, -17.135607478059256, 449.64 ], [ -42.290313930776968, -17.135339247432832, 448.21 ], [ -42.289033627274414, -17.135538821981633, 454.63 ], [ -42.288718073949781, -17.134946941044376, 456.57 ], [ -42.288996545056314, -17.134223409129511, 468.14 ], [ -42.286148562180777, -17.131885174174183, 527.87 ], [ -42.284615673143115, -17.131105262675142, 524.99 ], [ -42.281953024503345, -17.128759716740745, 552.57 ], [ -42.280815764846217, -17.126289445730912, 609.37 ], [ -42.281338808576606, -17.125689326947956, 608.28 ], [ -42.28023516461829, -17.124912632870636, 545.62 ], [ -42.281819554686237, -17.121415197976326, 696.57 ], [ -42.278110580545089, -17.121963886877513, 697.04 ], [ -42.275678964818454, -17.123475074865183, 722.83 ], [ -42.274706823159292, -17.124910176065743, 740.22 ], [ -42.271890306863497, -17.12254294312001, 666.77 ], [ -42.27084602304469, -17.122581142012933, 630.37 ], [ -42.268768391472882, -17.122108231437803, 506.21 ], [ -42.254608879444923, -17.117973839551695, 365.32 ], [ -42.253014357418657, -17.117290776033297, 362.11 ], [ -42.251887769053027, -17.117193384134627, 344.08 ], [ -42.250794073090709, -17.117561067053334, 339.72 ], [ -42.249420167286225, -17.1162401515403, 340.05 ], [ -42.249060726285293, -17.116420936692336, 342.17 ], [ -42.249006981772169, -17.117169760141884, 345.1 ], [ -42.247725293905539, -17.118716093129148, 356.16 ], [ -42.247716014745023, -17.119716756256146, 338.53 ], [ -42.246592074425386, -17.119572951169843, 341.2 ], [ -42.246529242182191, -17.120580921680062, 345.46 ], [ -42.245268660321933, -17.120576669891918, 352.58 ], [ -42.245080990473227, -17.121846907155224, 370.67 ], [ -42.24430058842362, -17.121881699433924, 383.04 ], [ -42.244452471410376, -17.120051250524352, 342.14 ], [ -42.243150984923012, -17.12081530548825, 341.88 ], [ -42.240468213410018, -17.121193770359696, 339.7 ], [ -42.24065486194808, -17.122375096750837, 343.95 ], [ -42.240302646812275, -17.122828599460679, 341.1 ], [ -42.239324081610974, -17.123238331726892, 343.95 ], [ -42.238835668204352, -17.123044005359951, 343.31 ], [ -42.238059983629327, -17.123452256576954, 344.37 ], [ -42.236513378564787, -17.124612973417626, 344.03 ], [ -42.235204062410972, -17.126257984980345, 342.11 ], [ -42.234839894483557, -17.127353031876243, 344.61 ], [ -42.232751135728243, -17.127898081289182, 343.46 ], [ -42.232465020797591, -17.12892808540791, 344.62 ], [ -42.232821927068173, -17.130931908434253, 351.76 ], [ -42.234563944755742, -17.132089187860053, 347.81 ], [ -42.234882116770237, -17.132624724994194, 345.8 ], [ -42.238535431075277, -17.131892341133856, 354.91 ], [ -42.239732454285544, -17.13266257429235, 348.78 ], [ -42.239849406760932, -17.135249030193926, 348.49 ], [ -42.238750743840527, -17.136452624440324, 349.62 ], [ -42.236475756252688, -17.136881368929615, 349.89 ], [ -42.236194994042165, -17.137428852215201, 349.12 ], [ -42.236422129231173, -17.138023919803441, 349.91 ], [ -42.238388290583892, -17.139457692029286, 348.98 ], [ -42.24057277491395, -17.138551414131111, 406.32 ], [ -42.247642316779149, -17.136738462164622, 465.47 ], [ -42.249326908184607, -17.135083122071336, 511.66 ], [ -42.251164593098594, -17.135730526519428, 507.9 ], [ -42.253158923232782, -17.135850208746437, 519.59 ], [ -42.25386674953559, -17.136309742355014, 524.4 ], [ -42.258483239991428, -17.136766527302271, 518.35 ], [ -42.259402196424077, -17.137561332489064, 534.28 ], [ -42.261279396827412, -17.137619655081721, 572.55 ], [ -42.262293597627654, -17.136999071481586, 615.09 ], [ -42.263837010407364, -17.136632280442516, 672.95 ], [ -42.2647802273192, -17.137189609913712, 694.65 ], [ -42.265995212864048, -17.136814111842046, 733.14 ], [ -42.267292971039495, -17.139987323723389, 732.44 ], [ -42.266103487912794, -17.142353755624523, 683.15 ], [ -42.263198188967422, -17.144839263048315, 539.46 ], [ -42.259337604042088, -17.14687204713811, 445.75 ], [ -42.256389769314218, -17.149652616072832, 520.48 ], [ -42.241937101527469, -17.152466769577632, 352.98 ], [ -42.240593736366911, -17.153174393537448, 367.38 ], [ -42.240267808158002, -17.154297421221202, 363.99 ], [ -42.240709312251333, -17.155007759588912, 366.89 ], [ -42.240917683841765, -17.156556030518928, 363.78 ], [ -42.237936638641436, -17.158531726085226, 484.77 ], [ -42.237707656734457, -17.1596334054612, 502.77 ], [ -42.238373940861308, -17.161829030283467, 494.73 ], [ -42.240297777310744, -17.163409617614146, 466.6 ], [ -42.238821146824804, -17.163810700461614, 458.0 ], [ -42.237865325255648, -17.16297989266501, 457.0 ], [ -42.237050699355123, -17.163043244439645, 455.0 ], [ -42.236479605802707, -17.163933975928938, 469.0 ], [ -42.236535669980199, -17.164949429037389, 468.0 ], [ -42.235643990787473, -17.165444738700554, 451.0 ], [ -42.234656038557794, -17.164798514398033, 449.0 ], [ -42.2338371994136, -17.163758429830217, 451.0 ], [ -42.232762096061556, -17.163523252276867, 444.0 ], [ -42.231985771234818, -17.163771784686581, 458.0 ], [ -42.23168259159474, -17.16450244850731, 470.0 ], [ -42.231864223032204, -17.165005417862584, 477.0 ], [ -42.232505310483553, -17.165520920328301, 479.0 ], [ -42.233459163419475, -17.167148137395479, 477.0 ], [ -42.234362887921442, -17.167779668041888, 467.0 ], [ -42.233935068546614, -17.169015607163537, 461.0 ], [ -42.233759641990353, -17.169227228137018, 451.0 ], [ -42.232636356671257, -17.168634946057164, 460.0 ], [ -42.231240697164111, -17.168659686275305, 461.0 ], [ -42.230560922362187, -17.169129340387954, 454.0 ], [ -42.229259279483742, -17.171158798526029, 450.0 ], [ -42.228880002019558, -17.17092114079929, 454.0 ], [ -42.228923752494765, -17.170113953619612, 456.0 ], [ -42.228497241397655, -17.169439197343721, 449.0 ], [ -42.227486592330976, -17.168999698415497, 456.0 ], [ -42.226385983147992, -17.168924516834824, 461.0 ], [ -42.222756663871628, -17.170807131184599, 462.0 ], [ -42.222406014145029, -17.171517524495179, 486.0 ], [ -42.222584083670633, -17.172258044830976, 481.0 ], [ -42.221491942790081, -17.173447771389135, 499.0 ], [ -42.221227357370424, -17.174206937861157, 495.0 ], [ -42.221589979810858, -17.175485784499763, 487.0 ], [ -42.222898425684193, -17.176531665221333, 463.0 ], [ -42.222166266557636, -17.176819138736935, 451.0 ], [ -42.221158144729905, -17.176366455142048, 479.0 ], [ -42.218648908773154, -17.17642397607748, 456.0 ], [ -42.217585583674328, -17.177586799756, 468.0 ], [ -42.20817582383804, -17.168863977182983, 519.72 ], [ -42.204530221067763, -17.16969342312877, 530.75 ], [ -42.205995836108336, -17.174345000348517, 518.15 ], [ -42.204622426448474, -17.176329646834088, 517.83 ], [ -42.204835252874851, -17.178098863106545, 520.7 ], [ -42.20739077239395, -17.178908542342803, 505.5 ], [ -42.207963714463432, -17.179768772284305, 484.0 ], [ -42.207307279685601, -17.180260782172279, 488.0 ], [ -42.207130926071038, -17.180769734759259, 476.0 ], [ -42.207624470300594, -17.181662459612248, 440.0 ], [ -42.208710036056118, -17.181597752731275, 457.0 ], [ -42.209528311725336, -17.181797545897979, 471.0 ], [ -42.209143949418063, -17.183737300141811, 498.62 ], [ -42.208714528639753, -17.183730542057486, 499.79 ], [ -42.208903162954627, -17.185129265152142, 513.52 ], [ -42.209521346087321, -17.186163053761664, 515.95 ], [ -42.210816101895112, -17.186855009352652, 519.1 ], [ -42.211362441645804, -17.187549247100115, 522.28 ], [ -42.210883597118517, -17.189725108821147, 524.3 ], [ -42.211331409716998, -17.191660036953639, 548.16 ], [ -42.212500500516207, -17.193249414216297, 557.24 ], [ -42.214649728426956, -17.194574470719282, 574.93 ], [ -42.216461863744499, -17.194908357591906, 563.95 ], [ -42.220055301381834, -17.193609891755628, 541.79 ], [ -42.221154920408345, -17.192929798094102, 553.66 ], [ -42.222249076079137, -17.190316902705259, 536.7 ], [ -42.225602117448126, -17.188454027343994, 564.96 ], [ -42.227182053866429, -17.187167959966143, 567.3 ], [ -42.227730127553109, -17.186361842545907, 576.16 ], [ -42.22750407222815, -17.184583048077297, 592.75 ], [ -42.228571561296796, -17.183872298720718, 580.0 ], [ -42.230098864972206, -17.18366400241613, 546.05 ], [ -42.23337620509448, -17.185246922038989, 465.84 ], [ -42.233628635657709, -17.185019834386011, 463.9 ], [ -42.23406292761468, -17.185154841554407, 460.27 ], [ -42.234823510292692, -17.185915902839053, 453.91 ], [ -42.237543587626206, -17.187051777396167, 458.0 ], [ -42.237871707767368, -17.187770689289746, 470.0 ], [ -42.238660994502567, -17.187972683260316, 470.0 ], [ -42.237837314609386, -17.188651609936677, 480.0 ], [ -42.237418542919379, -17.189629127716998, 486.0 ], [ -42.237649180315387, -17.190668556497911, 482.0 ], [ -42.238654316576202, -17.191590635219981, 470.0 ], [ -42.236848190833619, -17.191887549741129, 491.0 ], [ -42.23617507436348, -17.193295407177057, 470.0 ], [ -42.236602240003172, -17.194228351773781, 452.0 ], [ -42.238222053301563, -17.194135871488022, 477.0 ], [ -42.237956200905636, -17.195691098425979, 488.0 ], [ -42.236475413419086, -17.196891825651029, 484.0 ], [ -42.235997457599296, -17.198417045506204, 496.0 ], [ -42.23667137527795, -17.199855028723142, 487.0 ], [ -42.237955053000583, -17.200484822338733, 464.0 ], [ -42.234473255041259, -17.200463056262677, 525.54 ], [ -42.23281798269695, -17.201963336083992, 571.82 ], [ -42.230909368372167, -17.202251911211302, 573.35 ], [ -42.228024322104524, -17.203778308430891, 572.2 ], [ -42.225423446092044, -17.203446922227183, 577.1 ], [ -42.221360306545286, -17.201575945575755, 586.63 ], [ -42.216752680262886, -17.202859137617576, 565.53 ], [ -42.214760397499916, -17.202924067503211, 549.94 ], [ -42.214823996297689, -17.204129705918277, 540.51 ], [ -42.216561939618721, -17.206213051621461, 529.29 ], [ -42.217196471898006, -17.207579920390423, 522.58 ], [ -42.219328298399226, -17.208799595629589, 515.93 ], [ -42.220101712343983, -17.208954583600306, 514.51 ], [ -42.220378611339662, -17.208608834773038, 519.91 ], [ -42.222055588756987, -17.208590890537938, 497.53 ], [ -42.222833039271819, -17.209300038176181, 454.89 ], [ -42.222765852021823, -17.209696816613974, 454.31 ], [ -42.223289314837686, -17.209828297193809, 445.06 ], [ -42.223781436829128, -17.209818558026729, 446.59 ], [ -42.223864591190178, -17.209434641917223, 445.73 ], [ -42.224654801786194, -17.209132085812907, 443.41 ], [ -42.225467834041794, -17.210310130563844, 500.53 ], [ -42.226127303198794, -17.212467137959152, 570.81 ], [ -42.227031184605984, -17.212853637392339, 572.72 ], [ -42.227061031795088, -17.213580377308865, 582.07 ], [ -42.228215978946615, -17.213091475109611, 560.29 ], [ -42.229768483866046, -17.211687458769994, 528.05 ], [ -42.230723982468014, -17.21156749421705, 510.49 ], [ -42.232837416339606, -17.209228098265005, 450.17 ], [ -42.233377005668025, -17.209450984119339, 417.99 ], [ -42.233923449956286, -17.208985649295283, 415.17 ], [ -42.232913064279991, -17.207939115267113, 415.72 ], [ -42.233832658588511, -17.208071316328841, 438.0 ], [ -42.234325834288256, -17.207826317448923, 438.0 ], [ -42.23462515316416, -17.207089466043609, 445.0 ], [ -42.234477905709952, -17.206022281912578, 440.0 ], [ -42.235445172356549, -17.206771198661887, 455.0 ], [ -42.236261774934519, -17.206663745942038, 459.0 ], [ -42.237023284011116, -17.205268035735354, 460.0 ], [ -42.239094187341351, -17.204005055633516, 467.0 ], [ -42.239444218803278, -17.202736170404066, 454.0 ], [ -42.242090090867087, -17.203406914169172, 472.0 ], [ -42.243062764564499, -17.202980979416846, 448.0 ], [ -42.243018392557794, -17.201961711488245, 466.0 ], [ -42.240651883548779, -17.200643788893551, 451.0 ], [ -42.240849383512298, -17.199103785633863, 469.0 ], [ -42.240493499387611, -17.198373658010336, 464.0 ], [ -42.239679623358946, -17.197755015031067, 454.0 ], [ -42.240490284193108, -17.196949297365538, 455.0 ], [ -42.240512444212229, -17.195372214309376, 457.0 ], [ -42.241087913320762, -17.193597260038576, 460.0 ], [ -42.242883691529009, -17.192027111552946, 460.0 ], [ -42.243893138706468, -17.191765574619492, 460.0 ], [ -42.244519408406312, -17.190573327486888, 456.0 ], [ -42.244379623282924, -17.189791434998877, 442.0 ], [ -42.243458149954726, -17.189200959622283, 458.0 ], [ -42.24099149887315, -17.189458446699572, 450.0 ], [ -42.24209649002313, -17.187299524250498, 451.0 ], [ -42.242987661513581, -17.186673968692123, 469.0 ], [ -42.24572405232599, -17.188211107403024, 465.0 ], [ -42.246991776557437, -17.187407354824909, 442.0 ], [ -42.248773477795446, -17.187367744744378, 462.0 ], [ -42.250788346289937, -17.18428712747076, 451.0 ], [ -42.251545433163585, -17.184424242430822, 470.0 ], [ -42.252257063346747, -17.184038215957983, 460.0 ], [ -42.252294333254305, -17.183008315392144, 446.0 ], [ -42.25299686108216, -17.182283417682903, 453.0 ], [ -42.254086393331434, -17.182512017833773, 461.0 ], [ -42.255298244024857, -17.181076732827979, 441.0 ], [ -42.256014254494637, -17.180710888539881, 458.0 ], [ -42.258514180481065, -17.18038068273794, 455.0 ], [ -42.26007394696461, -17.180831208099526, 437.0 ], [ -42.260795928893359, -17.180448448660474, 432.0 ], [ -42.261086769503962, -17.179293205093494, 429.0 ], [ -42.262437213555415, -17.179520426189281, 433.0 ], [ -42.262405181880531, -17.181073833417972, 436.0 ], [ -42.261310806930034, -17.181059061877857, 435.0 ], [ -42.26074804851347, -17.181934991070168, 439.0 ], [ -42.26135642306631, -17.184001647573123, 451.0 ], [ -42.261049202023749, -17.186321189890595, 480.0 ], [ -42.261655332056264, -17.187525284348904, 470.0 ], [ -42.261247629906642, -17.187828688793481, 454.0 ], [ -42.260145920370569, -17.187741469461756, 445.0 ], [ -42.25951024830799, -17.188564744098159, 460.0 ], [ -42.260075227055296, -17.189768463816495, 461.0 ], [ -42.260948978856348, -17.190356595986938, 449.0 ], [ -42.260368478584873, -17.191222615550732, 450.0 ], [ -42.258849157605759, -17.192377763425114, 471.0 ], [ -42.258595238332781, -17.193121696800041, 460.0 ], [ -42.259310420832449, -17.193874568888297, 470.0 ], [ -42.261467983950403, -17.193415608591682, 456.0 ], [ -42.261649304440731, -17.194712999367212, 475.0 ], [ -42.262281994978757, -17.195224341970345, 464.0 ], [ -42.264390257116851, -17.194841262841511, 454.0 ], [ -42.263418082475219, -17.195896947956086, 475.0 ], [ -42.26348923983884, -17.196942779297803, 468.0 ], [ -42.26152379728245, -17.200752536151324, 471.0 ], [ -42.260412363200452, -17.202252337320743, 451.0 ], [ -42.25905660205742, -17.20179499571849, 460.0 ], [ -42.258104963393187, -17.202243064089178, 455.0 ], [ -42.258199055540899, -17.203254166098141, 477.0 ], [ -42.259771352455282, -17.204729069309536, 457.0 ], [ -42.259618274996939, -17.205476450834961, 456.0 ], [ -42.25987030639854, -17.206310080164286, 451.0 ], [ -42.25856412309389, -17.206407895840972, 463.0 ], [ -42.257562723810956, -17.206877044962013, 456.0 ], [ -42.257112216406583, -17.207804870371021, 488.0 ], [ -42.257791300178354, -17.208619032216575, 478.0 ], [ -42.258874612547224, -17.208598292552555, 478.0 ], [ -42.260202492878442, -17.208980487217609, 482.0 ], [ -42.261407355991452, -17.209638877918334, 481.0 ], [ -42.262224106843341, -17.209643483727092, 456.0 ], [ -42.262893161969139, -17.210132386845434, 460.0 ], [ -42.26153697886059, -17.212436753861603, 475.0 ], [ -42.261638699670755, -17.21321803646558, 447.0 ], [ -42.262333610210661, -17.213629990928787, 470.0 ], [ -42.262877461040823, -17.213522695674648, 478.0 ], [ -42.264476186244899, -17.212142666470076, 449.0 ], [ -42.265213879364246, -17.213300415130181, 488.0 ], [ -42.266278998545147, -17.213618137667119, 474.0 ], [ -42.266817212499099, -17.213497931117221, 456.0 ], [ -42.267260629069973, -17.212839734295084, 455.0 ], [ -42.26702108578155, -17.211620482057654, 451.0 ], [ -42.267775917284091, -17.210800704620929, 474.0 ], [ -42.272097642000261, -17.208876043724196, 467.0 ], [ -42.271824899355295, -17.209834676103355, 479.0 ], [ -42.26990462781, -17.212800292881475, 480.0 ], [ -42.269740729565612, -17.213857748589149, 470.0 ], [ -42.270322022611559, -17.215353824552153, 474.0 ], [ -42.271832959257864, -17.216317130665676, 452.0 ], [ -42.269806272142972, -17.216196360225936, 477.0 ], [ -42.268787692731848, -17.216623606399263, 470.0 ], [ -42.266587258117191, -17.216912250621746, 472.0 ], [ -42.26610087860746, -17.217845571287349, 474.0 ], [ -42.266213763296612, -17.219166054963942, 456.0 ], [ -42.263015071870967, -17.218727568762095, 482.0 ], [ -42.261420654664931, -17.219204376740866, 484.0 ], [ -42.259393938444049, -17.217128335724979, 555.82 ], [ -42.255912213181546, -17.217936105383991, 563.25 ], [ -42.252277689063604, -17.21760511723777, 592.71 ], [ -42.251701248349065, -17.218199685653612, 590.07 ], [ -42.252053793476264, -17.220901976964647, 597.91 ], [ -42.251525588332939, -17.222300574780014, 603.17 ], [ -42.251968856530176, -17.225075990038473, 607.53 ], [ -42.25162653695277, -17.226243952242182, 616.43 ], [ -42.250759620492772, -17.226932347489775, 627.85 ], [ -42.249369709795097, -17.226982341041285, 637.24 ], [ -42.248419723430139, -17.227340058570181, 641.04 ], [ -42.247335058751432, -17.227096290403026, 646.59 ], [ -42.246685313867516, -17.227643688154298, 645.8 ], [ -42.244817061880624, -17.228411451404522, 649.91 ], [ -42.244277408907031, -17.230816782081785, 637.85 ], [ -42.246361084166715, -17.232703926315221, 645.75 ], [ -42.246873632781053, -17.234186015547795, 652.85 ], [ -42.247032299785445, -17.236034239742089, 661.96 ], [ -42.247697001802308, -17.237053873394345, 657.28 ], [ -42.248248082634454, -17.237370446782592, 653.93 ], [ -42.252264761344883, -17.23798330025474, 654.56 ], [ -42.251770146610141, -17.238092313242991, 663.11 ], [ -42.252744380688405, -17.239313035135805, 636.51 ], [ -42.253633987875517, -17.244081669700606, 541.37 ], [ -42.253258245413924, -17.24570152150234, 478.33 ], [ -42.251150321595041, -17.245761020027938, 542.61 ], [ -42.247855456172957, -17.244525952103398, 599.66 ], [ -42.246516324015097, -17.243564356028006, 611.42 ], [ -42.242175607816463, -17.242294464373401, 652.18 ], [ -42.240778118364567, -17.245400426880057, 619.08 ], [ -42.242096755859677, -17.246544287074244, 605.75 ], [ -42.24269537290489, -17.247653517925212, 605.66 ], [ -42.241812195001465, -17.251189805983653, 558.37 ], [ -42.237691522807829, -17.256970668615622, 622.72 ], [ -42.240696629619478, -17.258333608161447, 618.4 ], [ -42.242254602269881, -17.262341941909792, 632.28 ], [ -42.249984730445341, -17.264429833504199, 616.18 ], [ -42.251249658070982, -17.264302303143801, 599.96 ], [ -42.25211214896121, -17.258263182494495, 485.85 ], [ -42.260463905967697, -17.259881170073264, 457.97 ], [ -42.26059380464671, -17.260593120161463, 466.2 ], [ -42.259850251966427, -17.261700168880289, 474.21 ], [ -42.259527520738402, -17.263783581523352, 497.32 ], [ -42.258894350701972, -17.26508999403471, 511.15 ], [ -42.260433175379177, -17.265579151683717, 464.05 ], [ -42.260335952223301, -17.26926272906714, 490.62 ], [ -42.26370056, -17.2717175, 596.11 ], [ -42.264681196068629, -17.27327123408779, 622.78 ], [ -42.267429321403021, -17.267695949089113, 604.01 ], [ -42.271338736439255, -17.268470147226598, 637.93 ], [ -42.27164312672604, -17.26754176299028, 627.63 ], [ -42.275450657983775, -17.265549074933951, 556.82 ], [ -42.276662656614313, -17.264220555247633, 583.28 ], [ -42.27747876710049, -17.263946609544657, 578.86 ], [ -42.278388144983836, -17.264073901120671, 572.41 ], [ -42.280409587684275, -17.26554957244868, 556.65 ], [ -42.283388503857971, -17.266055354982161, 540.75 ], [ -42.286859938941546, -17.265413782556198, 541.11 ], [ -42.287261371096413, -17.26470170112524, 545.59 ], [ -42.289150787016553, -17.263321376863903, 542.04 ], [ -42.286339285304514, -17.259964630729186, 509.16 ], [ -42.285876791734388, -17.259769905640702, 541.47 ], [ -42.285268529988407, -17.258008243928117, 555.39 ], [ -42.283313412265564, -17.258345662307626, 545.92 ], [ -42.281015583524486, -17.257883433075321, 554.08 ], [ -42.278836904152797, -17.258327143967467, 552.65 ], [ -42.276200410155752, -17.257253670101008, 571.08 ], [ -42.275180310163996, -17.256163266814376, 581.6 ], [ -42.2736788506216, -17.257954116612275, 608.89 ], [ -42.271283113599743, -17.258904495609698, 638.53 ], [ -42.27071556081161, -17.257816065999155, 625.73 ], [ -42.264808803769014, -17.254235472121358, 448.65 ], [ -42.260516286817868, -17.252250899786638, 549.06 ], [ -42.258191758602997, -17.251666958999721, 550.67 ], [ -42.258653583349819, -17.24978529394577, 549.05 ], [ -42.264443770692878, -17.250048076982242, 544.89 ], [ -42.265218403883786, -17.249721502956579, 510.81 ], [ -42.266779104395809, -17.249720704394399, 454.94 ], [ -42.268178557530092, -17.249213872838865, 455.35 ], [ -42.270707845136748, -17.250976562906253, 534.02 ], [ -42.272971027754274, -17.251332043020966, 579.81 ], [ -42.271451417562091, -17.247163733982443, 555.33 ], [ -42.27104438736383, -17.246773403479278, 554.15 ], [ -42.273573399202533, -17.243175617560727, 452.0 ], [ -42.274868137920897, -17.243581051267707, 480.0 ], [ -42.277252728062898, -17.245380257397905, 470.0 ], [ -42.27650637228264, -17.248194274131059, 511.0 ], [ -42.276759610698946, -17.24924113157152, 481.0 ], [ -42.277769021228451, -17.250149045763749, 497.0 ], [ -42.279041203173634, -17.250667491467297, 469.0 ], [ -42.279656746603727, -17.251555795015971, 461.0 ], [ -42.28016242358418, -17.251777666549952, 456.0 ], [ -42.280947529259016, -17.251556561263158, 437.0 ], [ -42.281472736517117, -17.250926900920952, 437.0 ], [ -42.281411857135936, -17.24977093660905, 440.0 ], [ -42.281836902824566, -17.248914508193973, 443.0 ], [ -42.28375736893728, -17.246969664593106, 458.0 ], [ -42.284686320964916, -17.246396564377701, 465.0 ], [ -42.29042894542637, -17.247904395486909, 466.0 ], [ -42.289335669829434, -17.248557759372829, 483.0 ], [ -42.288238413360141, -17.250106659707679, 465.0 ], [ -42.286736981481873, -17.250789266432307, 491.0 ], [ -42.285875870505393, -17.251824679764461, 510.0 ], [ -42.285838649107738, -17.252608511594055, 511.0 ], [ -42.286568096593193, -17.253095378186778, 460.0 ], [ -42.287669267320048, -17.252958709644894, 427.0 ], [ -42.28847803225645, -17.252231439342868, 426.0 ], [ -42.289579066156811, -17.252193826965513, 430.0 ], [ -42.290937791238079, -17.250889752163545, 453.0 ], [ -42.292275090896176, -17.25109733896538, 448.0 ], [ -42.293594687940654, -17.250167229257045, 451.0 ], [ -42.294960429156326, -17.25000346625556, 468.0 ], [ -42.295576110025095, -17.24946312252111, 451.0 ], [ -42.295693748678218, -17.248427137140212, 432.0 ], [ -42.296232731985818, -17.248286553028912, 437.0 ], [ -42.296714436139368, -17.247645693191995, 435.0 ], [ -42.296331205908011, -17.246688491487852, 437.0 ], [ -42.29458909290404, -17.245871855797883, 439.0 ], [ -42.293596696648663, -17.244926407943783, 487.0 ], [ -42.292278390754568, -17.244482660779436, 467.0 ], [ -42.291480480344497, -17.244701566454093, 449.0 ], [ -42.290560046975017, -17.244152270256404, 458.0 ], [ -42.28954086235921, -17.244354638608637, 451.0 ], [ -42.287619256318294, -17.242930275249361, 446.0 ], [ -42.286294679412208, -17.242596313944983, 454.0 ], [ -42.284679924453307, -17.242960578059705, 473.0 ], [ -42.280414363178323, -17.245907121646727, 465.0 ], [ -42.280113911338098, -17.24443165408891, 461.0 ], [ -42.279073511836849, -17.242830666125602, 469.0 ], [ -42.278398144387836, -17.242377113213159, 458.0 ], [ -42.276630120146265, -17.239973082292529, 449.0 ], [ -42.275288545677292, -17.239110247144364, 448.0 ], [ -42.275787235069267, -17.23812135333176, 497.02 ], [ -42.27524956046274, -17.236547845572179, 530.4 ], [ -42.276061653670752, -17.234771009509732, 533.68 ], [ -42.276504755943925, -17.23454013195332, 533.72 ], [ -42.282115750201413, -17.23822326266907, 544.51 ], [ -42.282736009637603, -17.23849291089882, 547.01 ], [ -42.283671971315421, -17.238234180344296, 548.85 ], [ -42.284684572593065, -17.238338348912468, 556.81 ], [ -42.284870105456946, -17.238664793583265, 556.88 ], [ -42.285617727610365, -17.236947274106605, 545.81 ], [ -42.288772944252571, -17.235158823151462, 564.51 ], [ -42.291250731044954, -17.235160608987439, 566.28 ], [ -42.292166845426372, -17.234456792744737, 567.95 ], [ -42.293561486888045, -17.23491989223281, 543.43 ], [ -42.295058844692718, -17.235841693531377, 544.23 ], [ -42.29577736656865, -17.235824807242977, 566.8 ], [ -42.296380829818666, -17.235293591778643, 589.24 ], [ -42.297380785076534, -17.228484838618183, 449.46 ], [ -42.298515053044724, -17.226488418767236, 542.24 ], [ -42.278301478996035, -17.227332801772448, 494.93 ], [ -42.276971303166093, -17.227582203788007, 492.41 ], [ -42.274645103612663, -17.228574799609344, 450.0 ], [ -42.2744217348109, -17.228113276344523, 453.0 ] ], [ [ -42.280392094097195, -17.231472753257275, 460.0 ], [ -42.280530797130702, -17.231434531696955, 456.0 ], [ -42.280647875685986, -17.231403422972647, 458.0 ], [ -42.280392094097195, -17.231472753257275, 460.0 ] ], [ [ -42.281189112687308, -17.23125983427369, 452.0 ], [ -42.281301725370916, -17.231257744257871, 434.0 ], [ -42.28147052930774, -17.231256052503074, 447.0 ], [ -42.281189112687308, -17.23125983427369, 452.0 ] ], [ [ -42.26354568097986, -17.155895374767979, 438.69 ], [ -42.263021905789515, -17.155958715146603, 440.0 ], [ -42.2634853394595, -17.155308455401247, 445.0 ], [ -42.263564271782094, -17.155498811661246, 424.37 ], [ -42.26354568097986, -17.155895374767979, 438.69 ] ], [ [ -42.263861755723973, -17.154634618409812, 442.0 ], [ -42.263858489752316, -17.15463954111264, 440.67 ], [ -42.2636921516916, -17.154849511598158, 444.0 ], [ -42.263861755723973, -17.154634618409812, 442.0 ] ], [ [ -42.263922141160741, -17.153847586010311, 439.0 ], [ -42.263975148028081, -17.154101980696719, 443.34 ], [ -42.263976872794863, -17.154112479847324, 446.0 ], [ -42.263922141160741, -17.153847586010311, 439.0 ] ], [ [ -42.263795198583594, -17.15360663873977, 439.0 ], [ -42.263810476133536, -17.153634570461023, 420.29 ], [ -42.263922141160741, -17.153847586010311, 439.0 ], [ -42.263795198583594, -17.15360663873977, 439.0 ] ], [ [ -42.26360450545404, -17.153408446430689, 443.0 ], [ -42.26373812090106, -17.153546622913826, 416.96 ], [ -42.263795198583594, -17.15360663873977, 439.0 ], [ -42.26360450545404, -17.153408446430689, 443.0 ] ], [ [ -42.262008453075808, -17.153422120341865, 475.0 ], [ -42.262223935368105, -17.153358304381754, 444.36 ], [ -42.262276949092559, -17.153343128932587, 463.0 ], [ -42.262008453075808, -17.153422120341865, 475.0 ] ], [ [ -42.259320336306651, -17.15439430237036, 445.0 ], [ -42.259468255925164, -17.154415365245324, 444.96 ], [ -42.259598164934964, -17.154434738628481, 448.0 ], [ -42.259320336306651, -17.15439430237036, 445.0 ] ], [ [ -42.255759472619111, -17.155754286515936, 469.0 ], [ -42.255831621027696, -17.155741088869942, 448.04 ], [ -42.255942369412068, -17.155722003989631, 469.0 ], [ -42.255759472619111, -17.155754286515936, 469.0 ] ], [ [ -42.251874930248469, -17.158850655245647, 436.0 ], [ -42.252012503992702, -17.158815321425976, 426.79 ], [ -42.252208618624017, -17.158765973954292, 437.0 ], [ -42.251874930248469, -17.158850655245647, 436.0 ] ], [ [ -42.251656634677126, -17.158888050681817, 436.0 ], [ -42.251870510800522, -17.1588509563082, 426.19 ], [ -42.251874930248469, -17.158850655245647, 436.0 ], [ -42.251656634677126, -17.158888050681817, 436.0 ] ], [ [ -42.250250884576943, -17.155337248444514, 439.0 ], [ -42.250225988416759, -17.155420353544351, 426.14 ], [ -42.250171827431025, -17.155596167129563, 445.0 ], [ -42.250250884576943, -17.155337248444514, 439.0 ] ], [ [ -42.250258053214864, -17.155067507078673, 439.0 ], [ -42.250253895463892, -17.155241292512663, 425.34 ], [ -42.250250884576943, -17.155337248444514, 439.0 ], [ -42.250258053214864, -17.155067507078673, 439.0 ] ], [ [ -42.250109705375166, -17.15429155078554, 433.0 ], [ -42.250200864966381, -17.154467085957236, 418.29 ], [ -42.250234549812163, -17.154533378946098, 432.0 ], [ -42.250109705375166, -17.15429155078554, 433.0 ] ], [ [ -42.210262823358981, -17.179196997284713, 473.0 ], [ -42.21037282508879, -17.179053128304222, 433.32 ], [ -42.210429723300003, -17.178979955762443, 463.0 ], [ -42.210262823358981, -17.179196997284713, 473.0 ] ], [ [ -42.210925822643645, -17.181704724886792, 467.0 ], [ -42.21072913500813, -17.181740112536929, 443.17 ], [ -42.210648697920199, -17.18175399030876, 466.0 ], [ -42.210925822643645, -17.181704724886792, 467.0 ] ], [ [ -42.214104926426089, -17.179720064740891, 465.0 ], [ -42.214028663466848, -17.179555378193843, 443.36 ], [ -42.21399091853128, -17.17947231781535, 460.0 ], [ -42.214104926426089, -17.179720064740891, 465.0 ] ], [ [ -42.215017246650731, -17.181861431227311, 482.0 ], [ -42.21499616716504, -17.181782123039511, 457.22 ], [ -42.21494910335673, -17.181599688655382, 483.0 ], [ -42.215017246650731, -17.181861431227311, 482.0 ] ], [ [ -42.219997717511234, -17.179744232938639, 466.0 ], [ -42.219921075241217, -17.179793476390454, 454.33 ], [ -42.219763918078769, -17.179893354679756, 458.0 ], [ -42.219997717511234, -17.179744232938639, 466.0 ] ], [ [ -42.223421894677742, -17.180502390538567, 474.0 ], [ -42.223309772590362, -17.180555842665644, 446.11 ], [ -42.223169850411267, -17.180621374041952, 474.0 ], [ -42.223421894677742, -17.180502390538567, 474.0 ] ], [ [ -42.22634448853681, -17.177470499592079, 460.0 ], [ -42.226257031534921, -17.177558518904505, 446.61 ], [ -42.226151568600947, -17.17766335830601, 462.0 ], [ -42.22634448853681, -17.177470499592079, 460.0 ] ], [ [ -42.225038169025048, -17.173730934509791, 453.0 ], [ -42.225821799175336, -17.172325807972587, 466.0 ], [ -42.227347332408847, -17.173379432070558, 469.0 ], [ -42.227566117292035, -17.176013324045655, 469.0 ], [ -42.226815454587772, -17.174577523923361, 481.14 ], [ -42.226547951578887, -17.174340856338887, 476.87 ], [ -42.226223550554415, -17.17472705865282, 449.0 ], [ -42.225038169025048, -17.173730934509791, 453.0 ] ], [ [ -42.230437960508425, -17.176184900810082, 451.0 ], [ -42.230363695969231, -17.175164143681926, 443.0 ], [ -42.231205387428147, -17.174534526267408, 468.0 ], [ -42.231719527873146, -17.173093071169411, 456.0 ], [ -42.232993689648112, -17.173566240027533, 504.0 ], [ -42.234773736301783, -17.172899987643326, 463.0 ], [ -42.235757134434323, -17.173184476584314, 472.0 ], [ -42.23650116752377, -17.172848165383723, 454.0 ], [ -42.236749794126453, -17.172096698702862, 451.0 ], [ -42.236465583411096, -17.171059878506551, 448.0 ], [ -42.237634646615597, -17.16815248302948, 454.0 ], [ -42.238136997908597, -17.167971341783801, 449.0 ], [ -42.239469048107871, -17.168918196447979, 479.0 ], [ -42.241320895125547, -17.16853777774303, 462.0 ], [ -42.242157668823928, -17.169900209714502, 481.0 ], [ -42.243263300498697, -17.170691961361769, 478.0 ], [ -42.245880914156139, -17.170048695272531, 465.0 ], [ -42.246217563940007, -17.169332549055884, 451.0 ], [ -42.24584820611652, -17.168631690165576, 452.0 ], [ -42.24653793105967, -17.167975811039874, 460.0 ], [ -42.246618635811565, -17.166938198415195, 455.0 ], [ -42.247295298218617, -17.165785627638115, 453.0 ], [ -42.247003486890108, -17.16504347477796, 448.0 ], [ -42.246088346673552, -17.164088180024489, 445.0 ], [ -42.247053301012031, -17.163215250911364, 444.0 ], [ -42.248025585559333, -17.164856211735447, 453.0 ], [ -42.249699970063979, -17.165785455424302, 439.0 ], [ -42.250912630331996, -17.167589346884174, 458.0 ], [ -42.251261093956991, -17.168886756573379, 468.0 ], [ -42.252216426565923, -17.170534789012258, 457.0 ], [ -42.251967324347646, -17.172119364044523, 454.0 ], [ -42.252452569232496, -17.172754785721814, 449.0 ], [ -42.251942432774854, -17.173686673680372, 467.0 ], [ -42.252172053328998, -17.17444350883402, 460.0 ], [ -42.25261872971064, -17.174764135036344, 455.0 ], [ -42.253446350710512, -17.17478534080977, 450.0 ], [ -42.254650739409428, -17.173674336695068, 450.0 ], [ -42.256236917123239, -17.173264248389241, 438.0 ], [ -42.257269385278732, -17.173664898158691, 448.0 ], [ -42.258038001235654, -17.174791283234978, 443.0 ], [ -42.256831333932553, -17.175413080688084, 447.0 ], [ -42.256223889390228, -17.17662514701118, 444.0 ], [ -42.253264045199813, -17.177306684939108, 464.0 ], [ -42.251558393954618, -17.178221921706623, 466.0 ], [ -42.24961872514239, -17.179734132673115, 461.0 ], [ -42.248999357122308, -17.180922345688643, 464.0 ], [ -42.247170305003934, -17.181430374873102, 461.0 ], [ -42.246834233384341, -17.182309080451475, 462.0 ], [ -42.246179793184083, -17.182359835551246, 476.0 ], [ -42.24479648244867, -17.183256920386253, 456.0 ], [ -42.243936121890385, -17.18247466131659, 466.0 ], [ -42.242852283564432, -17.182434014316495, 456.0 ], [ -42.242151826593975, -17.183517959751093, 472.0 ], [ -42.239863267733853, -17.184461320046239, 445.0 ], [ -42.239538650596039, -17.184894049847696, 456.0 ], [ -42.239562060327451, -17.185837443106955, 459.0 ], [ -42.239160956554642, -17.185858770949203, 464.0 ], [ -42.236748679904487, -17.184993723404279, 475.72 ], [ -42.234426752819488, -17.18356917700018, 521.38 ], [ -42.232583070981406, -17.18295923381644, 535.52 ], [ -42.228994113018501, -17.177702889576327, 490.75 ], [ -42.228904790293257, -17.176532921061394, 452.74 ], [ -42.228695226240944, -17.176594429606883, 453.0 ], [ -42.228963769792266, -17.176515128423201, 476.0 ], [ -42.229493076335281, -17.17665867254194, 476.0 ], [ -42.230037813798404, -17.176554175740289, 473.0 ], [ -42.230437960508425, -17.176184900810082, 451.0 ] ], [ [ -42.266864892913055, -17.230445985702794, 479.0 ], [ -42.266971229978651, -17.230493487864788, 483.0 ], [ -42.266918195727591, -17.23047019015522, 458.39 ], [ -42.266864892913055, -17.230445985702794, 479.0 ] ], [ [ -42.255275612080339, -17.23676102886672, 563.92 ], [ -42.254759074978175, -17.237247054446364, 578.38 ], [ -42.255161640174954, -17.236867661100248, 566.16 ], [ -42.255275612080339, -17.23676102886672, 563.92 ] ], [ [ -42.254054159286788, -17.237761661480654, 601.21 ], [ -42.253811741197126, -17.237892275916199, 612.03 ], [ -42.253816864325586, -17.237889004529023, 611.67 ], [ -42.254054159286788, -17.237761661480654, 601.21 ] ], [ [ -42.215667066954282, -17.182684959255191, 477.0 ], [ -42.215939692388801, -17.182748235378408, 466.0 ], [ -42.215679043692838, -17.182688195039677, 444.38 ], [ -42.215667066954282, -17.182684959255191, 477.0 ] ], [ [ -42.216872195825871, -17.182258200610825, 446.0 ], [ -42.216985314756968, -17.1820124159856, 446.0 ], [ -42.216950925016114, -17.18208824922943, 456.2 ], [ -42.216872195825871, -17.182258200610825, 446.0 ] ] ] } },
{ "type": "Feature", "properties": { "area_ha": 1376.6 }, "geometry": { "type": "Polygon", "coordinates": [ [ [ -42.347433832257877, -17.20774249701542, 678.0 ], [ -42.346879921422307, -17.205685090455589, 735.0 ], [ -42.348098774893224, -17.203455776061304, 734.0 ], [ -42.349064931113624, -17.203831283645616, 756.0 ], [ -42.349916690289234, -17.203497495851089, 781.0 ], [ -42.350672859019134, -17.203601008704947, 781.0 ], [ -42.352058964460596, -17.204748336476108, 734.0 ], [ -42.355400941274382, -17.204902160992109, 798.0 ], [ -42.358538765954492, -17.201963343386112, 839.0 ], [ -42.357749386556051, -17.200287602119545, 835.0 ], [ -42.357513768094982, -17.196796860423124, 838.0 ], [ -42.354246178505875, -17.196773936834116, 829.0 ], [ -42.351071994308214, -17.198249766634834, 755.0 ], [ -42.350177208095687, -17.197297926874729, 735.0 ], [ -42.346589644223826, -17.195920125013007, 701.0 ], [ -42.345794103450537, -17.196675863762337, 714.0 ], [ -42.345283144277836, -17.198131482292254, 745.0 ], [ -42.344039203216447, -17.197240765866155, 739.0 ], [ -42.343105650186025, -17.196111555692561, 683.0 ], [ -42.341628690836259, -17.195880199824348, 678.0 ], [ -42.340789771127824, -17.195113210562866, 701.0 ], [ -42.340720499868773, -17.193812422934627, 663.0 ], [ -42.341564082439739, -17.192521963775949, 691.0 ], [ -42.342188770822233, -17.192090830997408, 691.0 ], [ -42.342822487264378, -17.192264641322183, 730.0 ], [ -42.344393859547509, -17.191968355587434, 752.0 ], [ -42.344991856892179, -17.191273598413897, 747.0 ], [ -42.344404482334951, -17.188799046207233, 803.0 ], [ -42.344869715676467, -17.188090436778818, 803.0 ], [ -42.344609407232184, -17.186815307868049, 816.0 ], [ -42.344768824460296, -17.185670430278428, 821.0 ], [ -42.349881204910972, -17.184683744486914, 770.0 ], [ -42.347566617758766, -17.184524518086871, 773.0 ], [ -42.345836252881725, -17.1839102829476, 809.0 ], [ -42.343958984022521, -17.182654862473939, 825.0 ], [ -42.341330692650246, -17.179027930858972, 825.0 ], [ -42.338480986707395, -17.173182047603422, 820.0 ], [ -42.333102182020276, -17.175574281450587, 794.0 ], [ -42.330775059892495, -17.17824907637263, 725.0 ], [ -42.330437209590862, -17.178360655704846, 725.0 ], [ -42.330118679868988, -17.178002414398712, 725.0 ], [ -42.327885205955042, -17.180005399558457, 665.0 ], [ -42.325643472287709, -17.178410933658668, 641.0 ], [ -42.324534577829837, -17.179738532289527, 668.0 ], [ -42.320177604833844, -17.182767170500973, 634.0 ], [ -42.31826639, -17.18184667, 597.928 ], [ -42.31654056, -17.18471278, 686.309 ], [ -42.31779917, -17.18566611, 703.917 ], [ -42.317823566218856, -17.185980852298126, 685.0 ], [ -42.317131907641418, -17.186330726752377, 709.0 ], [ -42.3124171979089, -17.185027317225607, 614.0 ], [ -42.30103569089264, -17.201865458460304, 677.0 ], [ -42.304320567894827, -17.202463323342709, 636.0 ], [ -42.30529634866523, -17.203229842562425, 672.0 ], [ -42.308804786889745, -17.203231688209598, 692.0 ], [ -42.311233623394877, -17.204356800971865, 678.0 ], [ -42.312413849337453, -17.204613775381699, 674.0 ], [ -42.31335604804709, -17.205080431341091, 658.0 ], [ -42.31468988528259, -17.207083894008289, 634.0 ], [ -42.315762858407318, -17.207716380401685, 621.0 ], [ -42.316439831988284, -17.209334751184894, 605.0 ], [ -42.317433298885213, -17.209845515223002, 605.0 ], [ -42.318157196872647, -17.209820840575876, 641.0 ], [ -42.321559597971657, -17.208440111617314, 677.0 ], [ -42.324245007486589, -17.209436281391262, 685.0 ], [ -42.325780217190101, -17.209653286690923, 659.0 ], [ -42.328116693358901, -17.210772656325496, 637.0 ], [ -42.328825858744722, -17.211754546639995, 647.0 ], [ -42.330079005750775, -17.212593190755097, 649.0 ], [ -42.33096666868996, -17.214515424990836, 635.0 ], [ -42.332023996674849, -17.214837677468655, 618.0 ], [ -42.332325309309375, -17.213662193148892, 609.0 ], [ -42.3327621649929, -17.21318454037959, 594.0 ], [ -42.332812408762393, -17.211725669318351, 545.0 ], [ -42.33394883910033, -17.209026745189103, 496.0 ], [ -42.334139199726621, -17.206661094067389, 492.0 ], [ -42.335887383705789, -17.20670418877615, 487.0 ], [ -42.337860049321534, -17.207804816647538, 516.0 ], [ -42.33840667832569, -17.209589215009164, 537.0 ], [ -42.339643321210758, -17.210132533317083, 561.0 ], [ -42.340235606044061, -17.211426592648404, 635.0 ], [ -42.342845566152079, -17.211355932553964, 602.0 ], [ -42.34336905436237, -17.211679116904545, 615.0 ], [ -42.344148737292748, -17.210789344872197, 577.0 ], [ -42.34468928750929, -17.207758705855063, 581.0 ], [ -42.34610128420622, -17.208572166255955, 576.0 ], [ -42.347433832257877, -17.20774249701542, 678.0 ] ], [ [ -42.33048478115132, -17.188042226794565, 706.0 ], [ -42.328874349354422, -17.189497947855592, 715.64 ], [ -42.328110549372227, -17.190187201045973, 734.0 ], [ -42.33048478115132, -17.188042226794565, 706.0 ] ], [ [ -42.326304404109109, -17.189121047373234, 725.0 ], [ -42.326259055504671, -17.189066439191446, 715.06 ], [ -42.325904078745502, -17.188628683693466, 725.0 ], [ -42.326304404109109, -17.189121047373234, 725.0 ] ], [ [ -42.33005224771766, -17.199844913791839, 478.0 ], [ -42.329238639106684, -17.199163289769146, 498.0 ], [ -42.328977239247628, -17.199418477991198, 461.0 ], [ -42.328689955582661, -17.198884626781783, 487.0 ], [ -42.328410846924044, -17.199110137652532, 487.0 ], [ -42.328207788652556, -17.19892736231057, 487.0 ], [ -42.327933330637634, -17.199064518593151, 487.0 ], [ -42.327790904268724, -17.199351086116923, 461.0 ], [ -42.327592055923446, -17.199431354745734, 461.0 ], [ -42.327459769468561, -17.199018318713712, 487.0 ], [ -42.32708318239392, -17.199364274895657, 458.0 ], [ -42.326730305456309, -17.199250043944772, 475.0 ], [ -42.326525538242976, -17.199173270690878, 475.0 ], [ -42.326533260415729, -17.199087034910416, 475.0 ], [ -42.326791330630115, -17.199018029403891, 475.0 ], [ -42.326664084446087, -17.198489731549586, 500.0 ], [ -42.326352898884593, -17.19846257229117, 496.0 ], [ -42.325555855890471, -17.198074669386784, 496.0 ], [ -42.325400828127435, -17.198244113635262, 466.0 ], [ -42.325238934346281, -17.19829633200893, 466.0 ], [ -42.32456912786192, -17.197999252640596, 461.0 ], [ -42.324925750431582, -17.198571688929604, 451.0 ], [ -42.325184322285466, -17.198533127246495, 451.0 ], [ -42.325271713355114, -17.198604550232691, 451.0 ], [ -42.325121131095493, -17.198869964438682, 451.0 ], [ -42.324665725067383, -17.199116609665833, 451.0 ], [ -42.32433782042289, -17.198971368179446, 450.0 ], [ -42.324377587212084, -17.198669261310794, 450.0 ], [ -42.323719434908064, -17.198999278571026, 450.0 ], [ -42.323300826926101, -17.198607995218136, 450.0 ], [ -42.32304376498714, -17.198064695660889, 457.0 ], [ -42.322140046673297, -17.198019179549828, 452.0 ], [ -42.321818812588205, -17.197854696389726, 452.0 ], [ -42.321595526702382, -17.198033435093073, 452.0 ], [ -42.321780962635415, -17.19833022622749, 452.0 ], [ -42.321708513567557, -17.198448113255797, 451.0 ], [ -42.321460434438386, -17.198482294314157, 451.0 ], [ -42.321143020379552, -17.198196030405278, 459.0 ], [ -42.320721888566823, -17.198326529674453, 459.0 ], [ -42.320608410444976, -17.198050563379113, 459.0 ], [ -42.319878971308817, -17.198247854755063, 460.0 ], [ -42.319558369847172, -17.198170075708276, 457.0 ], [ -42.319219528954982, -17.197629929263023, 457.0 ], [ -42.32071644759764, -17.196654969362012, 478.0 ], [ -42.319220467078509, -17.197630032057727, 431.04 ], [ -42.319663494776428, -17.197858093213199, 426.79 ], [ -42.319588434478106, -17.198150697487655, 427.58 ], [ -42.320695174780042, -17.198034829040701, 430.82 ], [ -42.320770937400738, -17.19823506411764, 428.88 ], [ -42.321192335563119, -17.198157852141744, 430.51 ], [ -42.321571954215223, -17.198443949589542, 451.0 ], [ -42.321688382234598, -17.198423642079291, 445.07 ], [ -42.321535458962224, -17.198002653002469, 432.24 ], [ -42.321653126077884, -17.197870104507835, 431.64 ], [ -42.321834160454216, -17.197832864362063, 452.0 ], [ -42.322139249035274, -17.197970129678033, 431.66 ], [ -42.322786159337525, -17.197964277642168, 432.71 ], [ -42.323076787855669, -17.198016004847496, 433.89 ], [ -42.32368558692329, -17.198928927548042, 435.06 ], [ -42.324378417196741, -17.198618065508299, 435.28 ], [ -42.324465200685204, -17.198947411432172, 430.86 ], [ -42.324832347487877, -17.199003494138243, 387.83 ], [ -42.325254234416867, -17.198617774637917, 435.31 ], [ -42.324955844337019, -17.198615618872939, 435.46 ], [ -42.324438504701732, -17.198059291218733, 435.64 ], [ -42.324509891686226, -17.197982480763017, 436.36 ], [ -42.324679743058354, -17.197964958093106, 435.78 ], [ -42.324975058784887, -17.198010964900035, 438.81 ], [ -42.325259524546091, -17.198275833643645, 436.05 ], [ -42.325471953783101, -17.198067775577893, 435.31 ], [ -42.325637651286328, -17.198071239633407, 436.94 ], [ -42.326733579233441, -17.198492279356181, 438.46 ], [ -42.326856753301485, -17.198898511628652, 438.88 ], [ -42.326787856803556, -17.199102876593205, 443.29 ], [ -42.326552002981167, -17.199142825520006, 441.08 ], [ -42.326608624352218, -17.199197764136642, 436.34 ], [ -42.327124192150926, -17.199282815714465, 435.67 ], [ -42.327473022989636, -17.198985259706994, 487.0 ], [ -42.327609051074496, -17.199392926645348, 438.96 ], [ -42.32792002262336, -17.19902939129943, 439.88 ], [ -42.328179362206328, -17.198878487702729, 440.3 ], [ -42.32842385809019, -17.1990546779463, 440.11 ], [ -42.328698270629701, -17.198868300234817, 441.33 ], [ -42.328952618617926, -17.199182978733504, 439.82 ], [ -42.329149638642555, -17.199053283661765, 441.94 ], [ -42.330187227826151, -17.199736612212337, 441.78 ], [ -42.32966960068461, -17.200384153242489, 442.68 ], [ -42.329793923220819, -17.200966237652732, 443.0 ], [ -42.330038757550255, -17.201079844576906, 443.64 ], [ -42.330324814196835, -17.202000937144778, 444.31 ], [ -42.330920153225996, -17.20112403801631, 470.0 ], [ -42.330289860155965, -17.202053306488548, 460.0 ], [ -42.330053639972775, -17.201182094620602, 460.0 ], [ -42.329681762711957, -17.200944430560185, 461.0 ], [ -42.329619509337931, -17.200260393714682, 461.0 ], [ -42.33005224771766, -17.199844913791839, 478.0 ] ], [ [ -42.334135056924957, -17.183809623235454, 383.790406650710338 ], [ -42.336437404661979, -17.182254546866986, 383.790406650710338 ], [ -42.3366484441, -17.183579384600002, 383.790406650710338 ], [ -42.334135056924957, -17.183809623235454, 383.790406650710338 ] ] ] } },
{ "type": "Feature", "properties": { "area_ha": 117.4 }, "geometry": { "type": "Polygon", "coordinates": [ [ [ -42.31381278, -17.17797333, 593.723 ], [ -42.31500389, -17.17668222, 623.682 ], [ -42.31572111, -17.17641694, 630.18 ], [ -42.32172111, -17.17782528, 650.396 ], [ -42.319270247801896, -17.180720657214366, 601.46 ], [ -42.319735504377185, -17.180798549667536, 607.15 ], [ -42.319857000957128, -17.180444697734369, 586.12 ], [ -42.323061811836176, -17.178311474998811, 632.02 ], [ -42.323892041243894, -17.177206870172895, 612.03 ], [ -42.323425157144847, -17.175862431723232, 601.75 ], [ -42.322665263854226, -17.175648602149977, 599.68 ], [ -42.320990753000778, -17.174312149274673, 586.85 ], [ -42.320906066894267, -17.17373962156643, 602.82 ], [ -42.321281898541919, -17.17298518065407, 604.41 ], [ -42.320236145338932, -17.172836094035581, 634.61 ], [ -42.318088797857257, -17.170954089530198, 576.14 ], [ -42.31685033810659, -17.169351930506256, 614.27 ], [ -42.31597558296388, -17.169510261481587, 608.42 ], [ -42.313522989459123, -17.168926357545288, 608.18 ], [ -42.312876559272439, -17.16919952052535, 603.73 ], [ -42.311295982692833, -17.172074745014367, 583.84 ], [ -42.310909029174688, -17.173532538514394, 547.31 ], [ -42.311664410787678, -17.173926972139885, 547.95 ], [ -42.311523347422998, -17.1742363948653, 555.44 ], [ -42.312201429250287, -17.174792627865738, 557.47 ], [ -42.312098822263849, -17.175835981306349, 561.64 ], [ -42.311393128134831, -17.17614510289728, 592.93 ], [ -42.31064323886681, -17.177602571093157, 618.2 ], [ -42.310514910589035, -17.176684201431549, 628.57 ], [ -42.310150104639476, -17.176365324366387, 628.46 ], [ -42.308499211918786, -17.178701952725103, 668.65 ], [ -42.309885832870286, -17.182781113003632, 625.34 ], [ -42.310948083381845, -17.183378151769727, 635.4 ], [ -42.31137303090221, -17.184419688344722, 645.98 ], [ -42.312, -17.18490028, 649.264 ], [ -42.31322389, -17.1808975, 570.027 ], [ -42.31323833, -17.17978639, 569.273 ], [ -42.3129075, -17.1798675, 569.51 ], [ -42.31273889, -17.17908972, 573.532 ], [ -42.31325278, -17.17848417, 573.177 ], [ -42.31359278, -17.17870389, 576.393 ], [ -42.31381278, -17.17797333, 593.723 ] ] ] } },
{ "type": "Feature", "properties": { "area_ha": 251.1 }, "geometry": { "type": "Polygon", "coordinates": [ [ [ -42.294412143423152, -17.059554551595401, 538.61 ], [ -42.295833269022665, -17.059455551439761, 551.9 ], [ -42.296988693530345, -17.060210325152912, 526.71 ], [ -42.299017873348866, -17.060012203770867, 487.59 ], [ -42.301487397687957, -17.05358192696719, 440.28 ], [ -42.301700253157648, -17.052313261718858, 462.33 ], [ -42.305313237786052, -17.052217666158807, 454.58 ], [ -42.307274076788104, -17.052766053247801, 434.42 ], [ -42.310867904882272, -17.053163841038732, 375.96 ], [ -42.31119962340037, -17.051903686338505, 378.12 ], [ -42.311761317236844, -17.051426872886182, 373.88 ], [ -42.31133283650955, -17.05115685412623, 377.71 ], [ -42.311349365256333, -17.049477448748245, 375.31 ], [ -42.311042255405638, -17.048415736095254, 375.27 ], [ -42.311502360425159, -17.048056607725613, 371.51 ], [ -42.312085526446403, -17.048630586986921, 379.42 ], [ -42.31280099192, -17.04637493854592, 374.21 ], [ -42.310914277425596, -17.045123971426182, 433.5 ], [ -42.310024664299242, -17.045076514219616, 448.96 ], [ -42.309036150426408, -17.045438481349294, 441.82 ], [ -42.30763570854684, -17.04646626946413, 407.71 ], [ -42.306637152541128, -17.045039373969328, 424.4 ], [ -42.304122848513266, -17.043615206163803, 465.09 ], [ -42.303543917948701, -17.042840502278388, 470.54 ], [ -42.303574894344479, -17.041630375990216, 486.46 ], [ -42.304201907252484, -17.042135505074484, 483.76 ], [ -42.305546527687767, -17.041581676837975, 493.33 ], [ -42.305299744325112, -17.040394505180188, 478.73 ], [ -42.305832955045915, -17.037495073669099, 463.47 ], [ -42.30503682687602, -17.035126922865288, 444.65 ], [ -42.303751874683513, -17.034914347586174, 439.72 ], [ -42.303734022451174, -17.037291476398256, 448.01 ], [ -42.303222675167092, -17.038167665403154, 453.75 ], [ -42.299281283508961, -17.039570936351371, 466.41 ], [ -42.296446878869837, -17.042422643681753, 463.06 ], [ -42.299191675451638, -17.046308690591804, 554.21 ], [ -42.29862099941424, -17.047233201568094, 553.51 ], [ -42.297331258526874, -17.048268884615862, 551.93 ], [ -42.294611329893165, -17.051347303575465, 565.42 ], [ -42.293897895758448, -17.053921048991043, 537.47 ], [ -42.292517676604227, -17.055730984661015, 501.36 ], [ -42.292300788504534, -17.056779760949933, 517.86 ], [ -42.292887505246867, -17.057247723178072, 523.08 ], [ -42.293650542318538, -17.058972996722456, 513.47 ], [ -42.294412143423152, -17.059554551595401, 538.61 ] ] ] } },
{ "type": "Feature", "properties": { "area_ha": 62.0 }, "geometry": { "type": "Polygon", "coordinates": [ [ [ -42.298022612577455, -17.040193328598203, 454.37 ], [ -42.299951611876551, -17.03891542750798, 470.81 ], [ -42.303149708910063, -17.037868216531113, 452.93 ], [ -42.30345459463971, -17.037255345177769, 448.01 ], [ -42.303463459113772, -17.034902933258948, 440.84 ], [ -42.301559579100221, -17.034566077769725, 415.73 ], [ -42.301747617701459, -17.033623915911342, 439.48 ], [ -42.301225626915951, -17.031350251901539, 437.31 ], [ -42.298017632815494, -17.031421409358625, 424.76 ], [ -42.297140625559635, -17.031899864530178, 411.55 ], [ -42.2940275, -17.03138917, 397.809 ], [ -42.29485306, -17.03379944, 428.556 ], [ -42.29674389, -17.034965, 424.305 ], [ -42.297635145755947, -17.037550540763291, 443.53 ], [ -42.297389304239623, -17.038306155859772, 426.21 ], [ -42.295307665606515, -17.040613713313245, 424.3 ], [ -42.295556975945715, -17.041946955856904, 430.93 ], [ -42.296248322707761, -17.04223982924087, 457.58 ], [ -42.298022612577455, -17.040193328598203, 454.37 ] ] ] } },
{ "type": "Feature", "properties": { "area_ha": 13.1 }, "geometry": { "type": "Polygon", "coordinates": [ [ [ -42.628943549368628, -16.840834002950206, 825.65 ], [ -42.626880390917727, -16.837825589936593, 823.95 ], [ -42.625946622152505, -16.840525743646296, 895.65 ], [ -42.623064326811246, -16.844927220064239, 781.39 ], [ -42.628943549368628, -16.840834002950206, 825.65 ] ] ] } },
{ "type": "Feature", "properties": { "area_ha": 131.8 }, "geometry": { "type": "Polygon", "coordinates": [ [ [ -42.616718768935513, -16.836367163297986, 758.96 ], [ -42.616780391304736, -16.837251591007995, 754.09 ], [ -42.617418656240886, -16.838483262230227, 761.13 ], [ -42.61678149096025, -16.839703740272725, 754.01 ], [ -42.619244945433273, -16.839703693999567, 773.92 ], [ -42.619830992038359, -16.840927437664067, 771.42 ], [ -42.620151943618389, -16.842932997460014, 769.39 ], [ -42.622206398273065, -16.845686454372064, 779.13 ], [ -42.625692573378736, -16.840408444747425, 895.65 ], [ -42.628517267201268, -16.831266524660613, 895.65 ], [ -42.631445244166933, -16.826970963179633, 860.48 ], [ -42.622242703180468, -16.831372460504216, 810.37 ], [ -42.620726938653441, -16.833769739699949, 786.2 ], [ -42.619093558858417, -16.833035017652751, 770.4 ], [ -42.618554066712512, -16.833130655059918, 764.91 ], [ -42.617260566210078, -16.83402682184289, 755.9 ], [ -42.616436804554944, -16.835221468282743, 753.92 ], [ -42.616282813206517, -16.835744054176008, 753.97 ], [ -42.616718768935513, -16.836367163297986, 758.96 ] ] ] } },
{ "type": "Feature", "properties": { "area_ha": 4.9 }, "geometry": { "type": "Polygon", "coordinates": [ [ [ -42.628386725401597, -16.832597957413824, 839.03 ], [ -42.627443479885535, -16.835754553049824, 830.32 ], [ -42.630638330625615, -16.833795108819558, 844.09 ], [ -42.628386725401597, -16.832597957413824, 839.03 ] ] ] } },
{ "type": "Feature", "properties": { "area_ha": 4.1 }, "geometry": { "type": "Polygon", "coordinates": [ [ [ -42.634627533527762, -16.83143871454071, 862.42 ], [ -42.633776211624742, -16.830685922317141, 861.06 ], [ -42.632593265112142, -16.831357007082254, 855.47 ], [ -42.633503863085721, -16.832109854829611, 857.08 ], [ -42.634309336212169, -16.833405198913464, 860.44 ], [ -42.635421881341891, -16.832776924966009, 863.37 ], [ -42.634627533527762, -16.83143871454071, 862.42 ] ] ] } },
{ "type": "Feature", "properties": { "area_ha": 54.8 }, "geometry": { "type": "Polygon", "coordinates": [ [ [ -42.636520222047366, -16.82529485872044, 883.88 ], [ -42.635380961663792, -16.825071904527999, 880.1 ], [ -42.632759617785013, -16.826348821392823, 866.1 ], [ -42.632803853989131, -16.827989586419175, 862.13 ], [ -42.632168174058862, -16.828596066790464, 867.72 ], [ -42.631430130804809, -16.827809343585177, 859.3 ], [ -42.6320461664601, -16.826692983937289, 862.98 ], [ -42.630727276199387, -16.82846978567202, 853.64 ], [ -42.635255478494066, -16.831070254204256, 865.8 ], [ -42.637527777435082, -16.829755060256343, 878.88 ], [ -42.640048065721572, -16.833153991182755, 890.58 ], [ -42.643451759059424, -16.830791402926586, 895.65 ], [ -42.641277505754978, -16.827477964322174, 882.65 ], [ -42.640171986989799, -16.82822442177747, 889.22 ], [ -42.639474115077192, -16.827303951004605, 887.48 ], [ -42.636375882219859, -16.825944405416923, 881.81 ], [ -42.636520222047366, -16.82529485872044, 883.88 ] ] ] } },
{ "type": "Feature", "properties": { "area_ha": 34.3 }, "geometry": { "type": "Polygon", "coordinates": [ [ [ -42.17311194, -17.86112361, 507.72 ], [ -42.17273139, -17.85848056, 520.78 ], [ -42.17238167, -17.85811778, 523.6 ], [ -42.17109944, -17.85794667, 559.55 ], [ -42.1705025, -17.85757389, 572.56 ], [ -42.16834917, -17.858425, 565.08 ], [ -42.16774611, -17.85900056, 584.99 ], [ -42.16841083, -17.85986333, 572.2 ], [ -42.16827194, -17.86115556, 563.54 ], [ -42.16855528, -17.86221389, 589.46 ], [ -42.16947111, -17.86147111, 567.77 ], [ -42.17090361, -17.86085667, 560.58 ], [ -42.17310222, -17.86147194, 500.11 ], [ -42.17200806, -17.86221917, 488.26 ], [ -42.17188806, -17.86279167, 473.81 ], [ -42.17334722, -17.86307639, 456.73 ], [ -42.17436722, -17.86222028, 538.16 ], [ -42.17673944, -17.86310778, 586.24 ], [ -42.17601556, -17.86152639, 532.74 ], [ -42.17510361, -17.86168889, 515.41 ], [ -42.17482639, -17.86092056, 507.78 ], [ -42.17465806, -17.85908222, 591.95 ], [ -42.17553417, -17.85741139, 615.94 ], [ -42.17523417, -17.85673306, 622.35 ], [ -42.17244167, -17.85809417, 525.12 ], [ -42.17279583, -17.85845722, 520.78 ], [ -42.17317389, -17.86108444, 507.72 ], [ -42.17346361, -17.86121417, 505.97 ], [ -42.17311194, -17.86112361, 507.72 ] ] ] } },
{ "type": "Feature", "properties": { "area_ha": 174.1 }, "geometry": { "type": "Polygon", "coordinates": [ [ [ -42.198725606549495, -17.193350334760467, 545.49 ], [ -42.204822905111598, -17.196897823334812, 594.53 ], [ -42.205108136870244, -17.196735710824175, 596.59 ], [ -42.205369768148465, -17.197206756059305, 602.22 ], [ -42.206687167095865, -17.196518665079665, 562.02 ], [ -42.207874280656988, -17.194218537154736, 493.64 ], [ -42.208140250955886, -17.193003651999295, 481.57 ], [ -42.207840528660029, -17.192660405135129, 478.24 ], [ -42.20697121311624, -17.192835107221857, 489.11 ], [ -42.20504948419542, -17.193784200071622, 561.31 ], [ -42.203945235826772, -17.194812797969885, 571.5 ], [ -42.203133555142756, -17.193408136650167, 564.91 ], [ -42.204060562886653, -17.191537975080397, 565.23 ], [ -42.203330262076122, -17.189081767168123, 585.98 ], [ -42.201435641168253, -17.186316088075181, 560.35 ], [ -42.199787318610483, -17.185811513553663, 545.61 ], [ -42.199815958523232, -17.18330660305632, 426.44 ], [ -42.199118161238111, -17.183167232718326, 421.06 ], [ -42.197367463581003, -17.183756066272753, 423.31 ], [ -42.196648606361379, -17.181607763346332, 496.24 ], [ -42.193935038334665, -17.179186986866547, 574.31 ], [ -42.193868162303787, -17.178107106140306, 591.71 ], [ -42.192958146047609, -17.176385712456923, 613.82 ], [ -42.191478622766887, -17.17569027387006, 611.85 ], [ -42.190066962624833, -17.174176898253151, 613.6 ], [ -42.185569839750002, -17.172555107559862, 646.26 ], [ -42.186124478432383, -17.175589994772615, 597.52 ], [ -42.187764227807023, -17.177892125629775, 585.92 ], [ -42.187851894304679, -17.180125378129112, 576.28 ], [ -42.188550902231661, -17.181402986752651, 557.91 ], [ -42.191054690023009, -17.183116358875811, 508.85 ], [ -42.192718049032713, -17.185636335474648, 479.89 ], [ -42.195390461019713, -17.187462907312444, 477.89 ], [ -42.197363236884463, -17.19036066055703, 513.73 ], [ -42.198725606549495, -17.193350334760467, 545.49 ] ] ] } },
{ "type": "Feature", "properties": { "area_ha": 44.0 }, "geometry": { "type": "Polygon", "coordinates": [ [ [ -42.218421087071789, -17.170331177864028, 528.75 ], [ -42.221201580585046, -17.168884331013778, 440.37 ], [ -42.221058149017544, -17.167925386661029, 445.94 ], [ -42.220041955014459, -17.165415070406365, 459.49 ], [ -42.21854826399904, -17.162901241946027, 539.59 ], [ -42.217933136056821, -17.162796407027411, 534.73 ], [ -42.217399208744659, -17.162273401805386, 542.81 ], [ -42.215265939939336, -17.163945961256388, 550.5 ], [ -42.21400676281673, -17.165722584338344, 567.56 ], [ -42.214207228244291, -17.16794821462658, 575.67 ], [ -42.21488353353449, -17.168725236499533, 571.95 ], [ -42.218421087071789, -17.170331177864028, 528.75 ] ] ] } },
{ "type": "Feature", "properties": { "area_ha": 228.4 }, "geometry": { "type": "Polygon", "coordinates": [ [ [ -42.046323851756149, -17.151751886457824, 712.42 ], [ -42.046263944853777, -17.148564253854811, 614.96 ], [ -42.047902980244487, -17.147769160884639, 693.78 ], [ -42.046440104968347, -17.145069821802796, 746.97 ], [ -42.047197976492427, -17.143711679098534, 768.07 ], [ -42.047007745920041, -17.142646133201019, 762.81 ], [ -42.047117458011215, -17.140358322545978, 780.15 ], [ -42.047554508502898, -17.13892207601652, 797.93 ], [ -42.047486869923574, -17.136707428869801, 833.25 ], [ -42.052978507618612, -17.134536548581078, 832.66 ], [ -42.043420910313834, -17.129228591087507, 831.32 ], [ -42.042935427660574, -17.129268984249151, 828.47 ], [ -42.04058583, -17.12993472, 814.35 ], [ -42.04055361, -17.13053111, 808.07 ], [ -42.03913528, -17.13166833, 805.96 ], [ -42.039003318978168, -17.133709323840339, 813.6 ], [ -42.038443085045557, -17.134838997767812, 819.48 ], [ -42.042620324553027, -17.135353180102619, 834.25 ], [ -42.041048942341298, -17.136336142180397, 834.67 ], [ -42.040443501602944, -17.138072657896334, 809.53 ], [ -42.039149956320557, -17.138908427681919, 776.66 ], [ -42.038548801638555, -17.14009447508602, 759.87 ], [ -42.034998955302534, -17.138601230741088, 801.24 ], [ -42.035136765278843, -17.14009526460131, 763.1 ], [ -42.035441573901331, -17.141150213624208, 774.09 ], [ -42.037770058275953, -17.142724421578052, 752.7 ], [ -42.038797341641775, -17.143704002528114, 720.15 ], [ -42.039221409508123, -17.144636904869575, 705.96 ], [ -42.039248108478461, -17.145446509677573, 713.62 ], [ -42.038739761394929, -17.146363213992604, 740.17 ], [ -42.03868918674101, -17.148633632120621, 777.24 ], [ -42.039070283108913, -17.149315611321001, 791.48 ], [ -42.038748030682036, -17.150281905075651, 800.52 ], [ -42.039164291827255, -17.150766205355577, 796.98 ], [ -42.040741699838392, -17.150644227883024, 791.1 ], [ -42.042065007326315, -17.151758071460307, 752.35 ], [ -42.044694981051741, -17.152240470308548, 723.24 ], [ -42.046323851756149, -17.151751886457824, 712.42 ] ] ] } },
{ "type": "Feature", "properties": { "area_ha": 149.5 }, "geometry": { "type": "Polygon", "coordinates": [ [ [ -42.230678508219931, -17.145797880398788, 367.61 ], [ -42.233404824694404, -17.144368842790076, 356.7 ], [ -42.234760974778808, -17.144209056239976, 349.27 ], [ -42.235145974700544, -17.142807799441425, 348.98 ], [ -42.235750830350426, -17.142327968773149, 350.73 ], [ -42.236862554991959, -17.142245194346724, 349.59 ], [ -42.237281430672141, -17.141631959918044, 348.9 ], [ -42.237186831879235, -17.141010709860879, 351.84 ], [ -42.238333422327379, -17.139865309983982, 348.54 ], [ -42.237864595209352, -17.139220341358659, 349.29 ], [ -42.236266105228403, -17.138139184723819, 349.91 ], [ -42.235990956833341, -17.137418385381558, 349.12 ], [ -42.236299053732516, -17.136635846441209, 349.89 ], [ -42.238621339492994, -17.136222289324742, 349.62 ], [ -42.239590451357557, -17.135154192926926, 348.49 ], [ -42.239637784213066, -17.133094664947119, 348.78 ], [ -42.238946742848242, -17.132278242754126, 354.46 ], [ -42.234935599692207, -17.132844089295425, 345.8 ], [ -42.234201893946036, -17.132049917578378, 345.42 ], [ -42.233263232232744, -17.132278822315502, 345.27 ], [ -42.233255482858034, -17.133043252299714, 351.55 ], [ -42.232646775447336, -17.132941632260593, 360.77 ], [ -42.23233314078859, -17.133526949529166, 333.5 ], [ -42.231694499582673, -17.133245929008211, 354.64 ], [ -42.231569908736013, -17.133724743565317, 353.03 ], [ -42.230770951556238, -17.133766356634741, 354.41 ], [ -42.229277207291467, -17.134463278490742, 360.99 ], [ -42.228795709511154, -17.13570145954996, 357.16 ], [ -42.228134862421456, -17.134967327207377, 343.08 ], [ -42.227494818188376, -17.140008382756019, 449.53 ], [ -42.225425531053865, -17.139535490544112, 462.56 ], [ -42.22609786170792, -17.143771319692593, 485.91 ], [ -42.225478263642231, -17.144565180081681, 499.14 ], [ -42.225511175604865, -17.145062044607631, 497.76 ], [ -42.226072250046762, -17.145722934505642, 498.52 ], [ -42.22719902619464, -17.14567139840215, 480.64 ], [ -42.228743357955352, -17.146502820231163, 436.95 ], [ -42.229638806090151, -17.14738728264857, 373.67 ], [ -42.230678508219931, -17.145797880398788, 367.61 ] ] ] } },
{ "type": "Feature", "properties": { "area_ha": 138.2 }, "geometry": { "type": "Polygon", "coordinates": [ [ [ -42.193885410519336, -17.068386392245959, 470.51 ], [ -42.19436917, -17.06663167, 477.665 ], [ -42.18983056, -17.06518417, 449.974 ], [ -42.174208375970942, -17.060652470820905, 388.68 ], [ -42.173257032978754, -17.061471632575838, 390.88 ], [ -42.1718760416178, -17.061676245725934, 395.73 ], [ -42.17115792766225, -17.062760616483303, 396.87 ], [ -42.171392612712616, -17.063908120470646, 414.41 ], [ -42.170966288241374, -17.06487961553503, 395.43 ], [ -42.19103121312709, -17.07127914967138, 456.71 ], [ -42.193885410519336, -17.068386392245959, 470.51 ] ] ] } },
{ "type": "Feature", "properties": { "area_ha": 344.9 }, "geometry": { "type": "Polygon", "coordinates": [ [ [ -42.277397944612318, -16.99638845830199, 384.86 ], [ -42.284312285485086, -16.996524444467127, 426.87 ], [ -42.283593537291409, -16.995117295086022, 409.41 ], [ -42.281677183641975, -16.993620372886085, 399.19 ], [ -42.279583025466252, -16.992492869067494, 391.48 ], [ -42.276270912428579, -16.99189426045541, 356.41 ], [ -42.272218165825635, -16.991760529491817, 409.62 ], [ -42.256616519554576, -16.992633437915632, 317.28 ], [ -42.257109457186736, -16.992096689855888, 313.36 ], [ -42.256514242755031, -16.991451720081667, 314.56 ], [ -42.253889437230804, -16.990603373274212, 314.42 ], [ -42.252156974540789, -16.990439298647935, 313.81 ], [ -42.249722328322449, -16.990814983339273, 317.8 ], [ -42.249474372433333, -16.991194452143262, 311.24 ], [ -42.245425888923677, -16.992215201918356, 351.36 ], [ -42.245323934837486, -16.991921855501882, 348.49 ], [ -42.243727097894038, -16.992469998419633, 368.09 ], [ -42.242642939589857, -16.992474824192367, 373.13 ], [ -42.241245028902085, -16.991806661281, 374.42 ], [ -42.240326506477999, -16.988068373113471, 364.6 ], [ -42.23130783760466, -16.986809521179097, 361.72 ], [ -42.229913020895552, -16.985764389651287, 368.06 ], [ -42.22676194, -16.98229194, 391.251 ], [ -42.22627667, -16.98310611, 390.748 ], [ -42.22425139, -16.98362389, 389.09 ], [ -42.223799609312145, -16.984710795470139, 384.28 ], [ -42.223607511202296, -16.985711126794687, 393.18 ], [ -42.224256892834234, -16.986893609274922, 386.07 ], [ -42.22361918182385, -16.989188918926061, 404.49 ], [ -42.229760226081943, -16.991085932814471, 373.15 ], [ -42.237707172717393, -16.992211675972769, 377.76 ], [ -42.239284211326776, -16.991759943538025, 377.62 ], [ -42.240880121111822, -16.99260898032616, 377.16 ], [ -42.242904614411088, -16.994219058779599, 369.8 ], [ -42.248373612112481, -16.9957248982797, 358.99 ], [ -42.252000282329462, -16.995245584840095, 342.21 ], [ -42.253588371223898, -16.993829932384784, 333.25 ], [ -42.255543661777352, -16.993305326532479, 318.6 ], [ -42.257114814353436, -16.99430843199865, 317.03 ], [ -42.256902353708121, -16.995009618800307, 314.65 ], [ -42.255305885606461, -16.995171065349137, 313.73 ], [ -42.253176646585082, -16.997622044701629, 315.38 ], [ -42.276443449039448, -16.998964885058978, 386.7 ], [ -42.277397944612318, -16.99638845830199, 384.86 ] ] ] } },
{ "type": "Feature", "properties": { "area_ha": 1988.0 }, "geometry": { "type": "Polygon", "coordinates": [ [ [ -41.62645139, -16.67730333, 803.87 ], [ -41.62811889, -16.67814, 801.87 ], [ -41.63132944, -16.67891583, 793.05 ], [ -41.63186, -16.67930583, 792.08 ], [ -41.63265917, -16.68086472, 767.65 ], [ -41.63566917, -16.68138861, 783.28 ], [ -41.637121571052489, -16.680975301253941, 797.47 ], [ -41.636880121108476, -16.679693065024928, 763.33 ], [ -41.637314772339401, -16.675822556639044, 633.67 ], [ -41.636832876473456, -16.67047212334089, 580.69 ], [ -41.637250494181998, -16.668810555665377, 566.041 ], [ -41.635689126624875, -16.664819322429086, 580.436 ], [ -41.639796780479607, -16.633719165015933, 373.14 ], [ -41.639992598704126, -16.629374998528267, 352.89 ], [ -41.63954833, -16.624495, 355.0 ], [ -41.64408667, -16.61853667, 321.06 ], [ -41.64478611, -16.61325361, 307.62 ], [ -41.63705194, -16.61218778, 425.65 ], [ -41.63025639, -16.61292139, 504.14 ], [ -41.61419, -16.61367694, 738.78 ], [ -41.61406889, -16.61723, 748.47 ], [ -41.61329444, -16.61727667, 750.88 ], [ -41.612845, -16.62096611, 763.34 ], [ -41.61383528, -16.62410944, 763.03 ], [ -41.61443583, -16.62912083, 770.02 ], [ -41.61541222, -16.63357333, 774.02 ], [ -41.61422083, -16.63573361, 781.75 ], [ -41.60758306, -16.64484472, 770.63 ], [ -41.60536417, -16.64672417, 513.17 ], [ -41.61484472, -16.66496278, 814.9 ], [ -41.61565028, -16.67048361, 779.32 ], [ -41.61635, -16.67208861, 763.86 ], [ -41.6172125, -16.67275972, 757.01 ], [ -41.620506321668188, -16.67417803213004, 781.257465800098316 ], [ -41.620851877299998, -16.673719739599996, 581.44049807484555 ], [ -41.620534000664719, -16.674192907877654, 781.515588822707628 ], [ -41.62230917, -16.67514694, 798.07 ], [ -41.62436056, -16.67518639, 805.36 ], [ -41.62490833, -16.6754675, 807.89 ], [ -41.62645139, -16.67730333, 803.87 ] ] ] } },
{ "type": "Feature", "properties": { "area_ha": 6372.9 }, "geometry": { "type": "Polygon", "coordinates": [ [ [ -41.294007792675991, -16.579137281473027, 604.0 ], [ -41.296055581252737, -16.579399172532966, 601.0 ], [ -41.297815010988622, -16.580440048964523, 603.0 ], [ -41.299860454358381, -16.581977315171301, 614.0 ], [ -41.29567110130062, -16.579365020576386, 609.0 ], [ -41.294037110521884, -16.579271381415293, 604.0 ], [ -41.293099109751012, -16.579681285031434, 611.0 ], [ -41.292563541332115, -16.581040000261389, 651.0 ], [ -41.292387311861887, -16.583268055357042, 687.0 ], [ -41.291962079783438, -16.584396908590854, 691.0 ], [ -41.29225115726463, -16.586111142732484, 699.0 ], [ -41.291607399198867, -16.589045915229093, 706.0 ], [ -41.29187107672189, -16.589564622534418, 703.0 ], [ -41.294851928487418, -16.588245070690469, 721.0 ], [ -41.295335929335394, -16.589622353090419, 724.0 ], [ -41.295976486919372, -16.590321454700753, 716.71 ], [ -41.301218525544826, -16.583381414996989, 610.22 ], [ -41.306126076825798, -16.578226985678043, 706.57 ], [ -41.309046252114612, -16.578621811946274, 731.02 ], [ -41.312706812759473, -16.564944497110734, 541.56 ], [ -41.313286710435356, -16.564104696026231, 593.18 ], [ -41.31444454304706, -16.560936807738877, 687.74 ], [ -41.312354221603442, -16.560940328763731, 706.0 ], [ -41.310885075264714, -16.560447219805891, 678.0 ], [ -41.31048570477504, -16.559695164562534, 682.0 ], [ -41.310229789277642, -16.55681786556325, 589.0 ], [ -41.308496273480593, -16.555830177740809, 566.0 ], [ -41.306868162830142, -16.556110911193162, 583.0 ], [ -41.306633728487427, -16.555631555412226, 583.0 ], [ -41.307041483138136, -16.554713547330959, 567.0 ], [ -41.305312823281881, -16.555320596705688, 543.0 ], [ -41.305252837363959, -16.554797392052372, 528.0 ], [ -41.305713328175486, -16.553910691771449, 536.0 ], [ -41.303842865165684, -16.55469139108164, 512.0 ], [ -41.303711900066823, -16.553357556185077, 482.0 ], [ -41.304227398480776, -16.549690737788847, 424.0 ], [ -41.303937472901438, -16.54840229270167, 375.0 ], [ -41.301431704921946, -16.545138871258814, 337.0 ], [ -41.298887657702551, -16.543933010894534, 307.0 ], [ -41.295487911694842, -16.540869967505571, 273.0 ], [ -41.293760821409933, -16.538823203210647, 254.0 ], [ -41.293269875805635, -16.538015375427197, 249.0 ], [ -41.293537395179804, -16.535197216452897, 241.0 ], [ -41.293050306395926, -16.533620834732226, 238.0 ], [ -41.288496768388747, -16.536556527091051, 235.0 ], [ -41.286913754176396, -16.53700679305225, 233.0 ], [ -41.285053233891496, -16.536837382201952, 236.0 ], [ -41.28661085167105, -16.539183123788359, 236.0 ], [ -41.286501793403559, -16.540045971049029, 236.0 ], [ -41.286488987930326, -16.539253388406909, 236.0 ], [ -41.284837855694818, -16.536792404045915, 236.0 ], [ -41.280942346704428, -16.535553941114813, 236.0 ], [ -41.280493726077658, -16.539091919798878, 240.0 ], [ -41.280787748941357, -16.53550061502985, 236.0 ], [ -41.27854865156214, -16.534618531060385, 234.0 ], [ -41.277279827072078, -16.533686985229931, 230.0 ], [ -41.277491717886058, -16.537106454351871, 278.0 ], [ -41.276364130956885, -16.539832919220931, 318.0 ], [ -41.275071581241846, -16.540618612823664, 328.0 ], [ -41.274935345527361, -16.541955767218042, 396.0 ], [ -41.273900769693221, -16.542234637135177, 470.0 ], [ -41.273651992958989, -16.542632856084921, 470.0 ], [ -41.271796144486238, -16.542171483829836, 437.0 ], [ -41.272042006872859, -16.54551434932743, 568.0 ], [ -41.27678640304169, -16.553002305049596, 486.0 ], [ -41.274715255472799, -16.554915905135029, 506.0 ], [ -41.270862716987956, -16.555735296589187, 549.0 ], [ -41.263765989124728, -16.559403256973351, 678.0 ], [ -41.260361991133443, -16.559397396884595, 742.0 ], [ -41.257674716159109, -16.560394170028193, 765.0 ], [ -41.256022323897987, -16.561716584801417, 782.0 ], [ -41.25615517302267, -16.563488344186343, 781.0 ], [ -41.255493523562066, -16.564184083698819, 790.0 ], [ -41.252899832898009, -16.565471500570982, 807.0 ], [ -41.252250813058339, -16.566578324668626, 808.0 ], [ -41.252183166033618, -16.56790624729641, 809.0 ], [ -41.249765137669712, -16.57096782722677, 820.0 ], [ -41.248793580405852, -16.573020200583318, 821.0 ], [ -41.247293530651881, -16.573374363328149, 819.0 ], [ -41.24669951459159, -16.574519518921345, 819.0 ], [ -41.242968742558048, -16.57851478282964, 809.0 ], [ -41.234722240516824, -16.585475570626091, 757.0 ], [ -41.234898446687694, -16.586123321210408, 754.0 ], [ -41.233551790097465, -16.589388622811164, 750.0 ], [ -41.229545108439595, -16.58819772589645, 754.0 ], [ -41.231766624878276, -16.604565150735674, 809.0 ], [ -41.232486855425762, -16.604647666193365, 810.0 ], [ -41.233347776712648, -16.605189135927677, 811.0 ], [ -41.235406817934752, -16.608278794195236, 822.0 ], [ -41.244211197480418, -16.603661984011993, 784.0 ], [ -41.246338506657473, -16.596878463552546, 724.0 ], [ -41.246126786487963, -16.595992703625029, 724.0 ], [ -41.244722048904251, -16.594525294176623, 732.0 ], [ -41.244984600833867, -16.594512702974509, 736.0 ], [ -41.246241737809093, -16.595911781483842, 724.0 ], [ -41.246409349613216, -16.597516676471859, 762.0 ], [ -41.244308694032526, -16.60376373879425, 784.0 ], [ -41.2354687521062, -16.608400449585698, 825.0 ], [ -41.239500626239007, -16.614738343103891, 827.0 ], [ -41.243330095903751, -16.616406263125956, 839.0 ], [ -41.248335617784889, -16.621049650400941, 845.0 ], [ -41.251165432238444, -16.622832657935287, 823.0 ], [ -41.251727988541596, -16.623866913482839, 819.0 ], [ -41.251053932180163, -16.622921316013251, 823.0 ], [ -41.248248793780121, -16.621157282292245, 845.0 ], [ -41.243256330424146, -16.61652504456368, 839.0 ], [ -41.239597199022917, -16.615002451898924, 827.0 ], [ -41.237592788183505, -16.611958428096568, 827.0 ], [ -41.231441674887471, -16.615325835194465, 826.0 ], [ -41.221881042443897, -16.624088199725378, 810.0 ], [ -41.231354395736155, -16.615224506638352, 826.0 ], [ -41.237505627241489, -16.611851228863436, 827.0 ], [ -41.233772442603303, -16.605882366468876, 813.0 ], [ -41.233252562813377, -16.605292605939788, 811.0 ], [ -41.231980479057491, -16.604731521178557, 810.0 ], [ -41.231717386034511, -16.608510969600463, 819.0 ], [ -41.231386806006931, -16.610033606968358, 822.0 ], [ -41.229870070760697, -16.611892400560528, 813.0 ], [ -41.229175771038619, -16.612402871877787, 805.0 ], [ -41.226358084114153, -16.616462495183075, 790.0 ], [ -41.226318411642382, -16.617661841045184, 787.0 ], [ -41.226016405472791, -16.618018222756888, 764.0 ], [ -41.224855761285632, -16.618506939896552, 764.0 ], [ -41.226179162410645, -16.617612019785359, 787.0 ], [ -41.226244316363974, -16.616379697140715, 790.0 ], [ -41.229161509495675, -16.612198221227178, 805.0 ], [ -41.230791398108444, -16.610701027245671, 818.0 ], [ -41.231449731064274, -16.609332787009869, 822.0 ], [ -41.231841580840644, -16.604711330944639, 810.0 ], [ -41.231621974906844, -16.604549900528472, 809.0 ], [ -41.229414883896141, -16.588140580390395, 750.0 ], [ -41.228220388573227, -16.587683784020228, 744.0 ], [ -41.226803473068543, -16.586118520972697, 717.0 ], [ -41.2234668831044, -16.584020245887814, 694.0 ], [ -41.216887778569458, -16.584697278866294, 739.0 ], [ -41.216818813532356, -16.589478556381675, 775.0 ], [ -41.215185953656402, -16.599691875235397, 808.0 ], [ -41.214141314951007, -16.603520681874993, 819.0 ], [ -41.213567647994296, -16.604626165853105, 823.0 ], [ -41.21270531553764, -16.612800020725643, 848.0 ], [ -41.210678039217747, -16.617412975693401, 859.0 ], [ -41.207802476490755, -16.626251667570436, 884.0 ], [ -41.205732594041407, -16.631419481550292, 873.0 ], [ -41.206983037206285, -16.633050868939918, 872.0 ], [ -41.20749151283848, -16.634739016149545, 875.0 ], [ -41.207264675999035, -16.634889138799178, 867.0 ], [ -41.207889100599743, -16.637045649146213, 878.0 ], [ -41.208053141619011, -16.63925123375148, 866.0 ], [ -41.20771041226007, -16.64229281765504, 791.0 ], [ -41.211499397080239, -16.644589690454602, 835.0 ], [ -41.213829724392632, -16.646609986248766, 871.0 ], [ -41.215954950760079, -16.649925231730844, 866.0 ], [ -41.22483515022445, -16.648353231741464, 862.0 ], [ -41.22755036231672, -16.647261668495201, 852.0 ], [ -41.22976337335313, -16.643808358336507, 858.0 ], [ -41.232140467859288, -16.642910546835147, 857.0 ], [ -41.234623390799598, -16.641289837776736, 855.0 ], [ -41.235816817993559, -16.641033689777586, 857.0 ], [ -41.23691613275578, -16.6413246594987, 859.0 ], [ -41.239074888050027, -16.637714124476226, 864.0 ], [ -41.240119500999775, -16.636564737755503, 859.0 ], [ -41.246758477506418, -16.630949313978302, 826.0 ], [ -41.248461392422264, -16.628828837001063, 789.0 ], [ -41.250227164617215, -16.627344746683193, 767.0 ], [ -41.250979322172796, -16.627080296913043, 767.0 ], [ -41.25339338714668, -16.624938886057368, 791.0 ], [ -41.25493586167601, -16.624029760761662, 772.0 ], [ -41.258266812588701, -16.62132194014313, 740.0 ], [ -41.258481958736681, -16.618648164932111, 746.0 ], [ -41.258918147272226, -16.617032664127791, 752.0 ], [ -41.258907735692773, -16.612562406943084, 747.0 ], [ -41.25873051051952, -16.61069159101757, 736.0 ], [ -41.256970858407009, -16.606498889173373, 762.0 ], [ -41.25807792473497, -16.605585090373403, 784.0 ], [ -41.262788280229017, -16.600161721061987, 826.0 ], [ -41.265245276686066, -16.601585632934892, 833.0 ], [ -41.266320894319563, -16.603556496961577, 837.0 ], [ -41.267856400920884, -16.604899264213064, 839.0 ], [ -41.268580550131688, -16.607884662046608, 835.0 ], [ -41.269354442192139, -16.609232112756985, 808.0 ], [ -41.270291261449024, -16.610091844616562, 833.0 ], [ -41.274886160683053, -16.612749402754176, 842.0 ], [ -41.277672239878576, -16.609721705284144, 834.0 ], [ -41.284359646543955, -16.609137332815632, 827.0 ], [ -41.285166105199444, -16.607042912876832, 811.0 ], [ -41.285777954473403, -16.605669093025899, 800.0 ], [ -41.286368505425465, -16.604174543468542, 794.0 ], [ -41.286622631975206, -16.603592136874983, 794.0 ], [ -41.28663802290685, -16.603530989166273, 791.0 ], [ -41.284551314396026, -16.596130192147047, 733.0 ], [ -41.285515213607695, -16.596190966248898, 741.0 ], [ -41.285798888684866, -16.595810233133122, 741.0 ], [ -41.286103341126342, -16.594025412131238, 712.0 ], [ -41.287100236081734, -16.592425397723137, 681.0 ], [ -41.28966782700163, -16.590487393137831, 661.0 ], [ -41.291742310161702, -16.589623857811116, 703.0 ], [ -41.291403077053872, -16.588602889314121, 706.0 ], [ -41.292111535231641, -16.586092084062187, 699.0 ], [ -41.291819245930498, -16.584383395590301, 691.0 ], [ -41.291950481422901, -16.583908126054496, 687.0 ], [ -41.288420592543879, -16.584703565835756, 689.0 ], [ -41.286982688795213, -16.584544030336126, 683.0 ], [ -41.285940914370016, -16.583952650659196, 649.0 ], [ -41.282807289873169, -16.580518864221268, 640.0 ], [ -41.280947781151212, -16.579112172865212, 610.0 ], [ -41.279151768614078, -16.581050738771069, 568.0 ], [ -41.278608241015846, -16.580740053327968, 567.0 ], [ -41.277589085210941, -16.578492916647374, 609.0 ], [ -41.273830638854065, -16.577837951200181, 658.0 ], [ -41.271215484899329, -16.577785110694002, 686.0 ], [ -41.265740477650951, -16.575574099717262, 757.0 ], [ -41.266702390831568, -16.575737711276375, 748.0 ], [ -41.271243147217383, -16.577651738974204, 686.0 ], [ -41.273846012210889, -16.57770326817046, 658.0 ], [ -41.277575794727198, -16.578334697832382, 609.0 ], [ -41.277040590448514, -16.576644348584342, 602.0 ], [ -41.276786777074761, -16.574466249921997, 583.0 ], [ -41.276170266893075, -16.573722545259024, 543.0 ], [ -41.275177057372815, -16.573214765792294, 534.0 ], [ -41.273731224681086, -16.570370331590031, 511.0 ], [ -41.272340204504587, -16.568712704159687, 513.0 ], [ -41.272232472933617, -16.567793863813606, 507.0 ], [ -41.272678634946821, -16.566923724693545, 487.0 ], [ -41.273746255903212, -16.565865941496487, 468.0 ], [ -41.275583064415592, -16.564518886547138, 449.0 ], [ -41.277500562745985, -16.563559936034352, 390.0 ], [ -41.278730510341447, -16.56184476653247, 351.0 ], [ -41.28437433302787, -16.558362993785291, 308.0 ], [ -41.284840630000119, -16.557173087552449, 295.0 ], [ -41.285080358747194, -16.553171703155638, 278.0 ], [ -41.284940836757578, -16.550234421380587, 263.0 ], [ -41.283823340249093, -16.547109019021843, 253.0 ], [ -41.283750360333812, -16.544999682346685, 245.0 ], [ -41.284099781293875, -16.543788384785351, 246.0 ], [ -41.284451452589188, -16.543468345870007, 251.0 ], [ -41.283892877656925, -16.545004715917845, 245.0 ], [ -41.283962944394389, -16.547089241088468, 253.0 ], [ -41.285080092751059, -16.550208774253253, 263.0 ], [ -41.285224151116516, -16.553435361058749, 278.0 ], [ -41.284979440069584, -16.557204538925145, 295.0 ], [ -41.284503397562318, -16.558417859646195, 308.0 ], [ -41.278818682063488, -16.561950763385269, 351.0 ], [ -41.277600711536898, -16.563656858838598, 390.0 ], [ -41.275658784420237, -16.564633422369635, 449.0 ], [ -41.273836190928172, -16.565970566189645, 468.0 ], [ -41.272588739101991, -16.56731741088247, 487.0 ], [ -41.272363908455795, -16.56838577840568, 513.0 ], [ -41.273847892854782, -16.570294346908831, 511.0 ], [ -41.275280114480964, -16.573104419392919, 534.0 ], [ -41.276267184113898, -16.573623828947657, 543.0 ], [ -41.276914308546914, -16.57440586357766, 583.0 ], [ -41.277266132685078, -16.576960235721877, 605.0 ], [ -41.278858674195938, -16.580830179311985, 567.0 ], [ -41.279340072254257, -16.580828881704544, 582.0 ], [ -41.280159162274224, -16.579561849241376, 594.0 ], [ -41.280958824876379, -16.578968232427979, 610.0 ], [ -41.28290572833204, -16.580422115626568, 640.0 ], [ -41.286216425838049, -16.584000212921453, 664.0 ], [ -41.28723050780382, -16.584459911072059, 683.0 ], [ -41.28841329650588, -16.584569854950029, 689.0 ], [ -41.29196386739995, -16.583772832650663, 687.0 ], [ -41.292250758370521, -16.583231075774446, 689.0 ], [ -41.292429725587233, -16.580996757116534, 656.0 ], [ -41.292977200070638, -16.57960710562914, 611.0 ], [ -41.294007792675991, -16.579137281473027, 604.0 ] ], [ [ -41.284267948889777, -16.603101203537147, 776.0 ], [ -41.284238926959503, -16.603095108467272, 776.0 ], [ -41.286622631975206, -16.603592136874983, 794.0 ], [ -41.284267948889777, -16.603101203537147, 776.0 ] ], [ [ -41.2910134852875, -16.541512697538792, 256.0 ], [ -41.298130354126172, -16.549104545502914, 358.0 ], [ -41.293725908805584, -16.544528548043974, 271.0 ], [ -41.289201820722305, -16.545812206087195, 255.0 ], [ -41.291216995403765, -16.547910403665391, 264.0 ], [ -41.288932714341634, -16.545747135858843, 255.0 ], [ -41.293623635205556, -16.544417924590704, 267.0 ], [ -41.290879794718371, -16.541572796043592, 256.0 ], [ -41.29058722508578, -16.539242203035791, 245.0 ], [ -41.289277421327711, -16.537559121351919, 232.0 ], [ -41.290724090937772, -16.539189387429214, 245.0 ], [ -41.2910134852875, -16.541512697538792, 256.0 ] ], [ [ -41.29418314838621, -16.551882658828408, 282.0 ], [ -41.288266790571697, -16.552327395644475, 273.0 ], [ -41.287960595873948, -16.552350631903451, 266.0 ], [ -41.29418314838621, -16.551882658828408, 282.0 ] ] ] } },
{ "type": "Feature", "properties": { "area_ha": 1106.8 }, "geometry": { "type": "Polygon", "coordinates": [ [ [ -41.303926389622646, -16.554563272028791, 512.0 ], [ -41.305867797504561, -16.553801932426556, 536.0 ], [ -41.305370873179676, -16.555161231141064, 528.0 ], [ -41.307101451408805, -16.554581713188618, 567.0 ], [ -41.306777874600726, -16.555623365009115, 583.0 ], [ -41.306942468840283, -16.555987500380809, 583.0 ], [ -41.308196429629291, -16.555631595148025, 566.0 ], [ -41.310180160417524, -16.556575408183324, 589.0 ], [ -41.310749707359307, -16.56006072246619, 682.0 ], [ -41.311245363169164, -16.560506007142568, 706.0 ], [ -41.312382325486396, -16.560807220998811, 706.0 ], [ -41.314492034054645, -16.560803665123501, 691.18 ], [ -41.314673160840037, -16.56031545801445, 702.73 ], [ -41.318855107568659, -16.559769565887425, 745.12 ], [ -41.321089727442931, -16.558458464193116, 772.34 ], [ -41.32262865030949, -16.557903899779635, 778.91 ], [ -41.325105195535521, -16.557728304493633, 774.43 ], [ -41.326288120322474, -16.549840460380128, 786.0 ], [ -41.32867999495511, -16.549985932157153, 716.0 ], [ -41.330021238659427, -16.549262976243771, 726.0 ], [ -41.329968509055298, -16.546043614320432, 694.0 ], [ -41.330923132806298, -16.544021874169747, 660.0 ], [ -41.330495343879051, -16.542505029622614, 671.0 ], [ -41.331652140573759, -16.540513459464822, 630.0 ], [ -41.331643647900364, -16.539081993710958, 619.0 ], [ -41.332493119653684, -16.536192932927847, 615.0 ], [ -41.331110832834241, -16.533966596700509, 599.0 ], [ -41.330539246413451, -16.531710415349259, 592.0 ], [ -41.330587372201883, -16.530765590260998, 581.0 ], [ -41.328891390057869, -16.528559808325504, 523.0 ], [ -41.328670405996085, -16.528382775692481, 523.0 ], [ -41.327208815897635, -16.528657083064179, 484.0 ], [ -41.321984408783635, -16.529861841523807, 323.0 ], [ -41.319933866945895, -16.529027351823515, 283.0 ], [ -41.315659093186881, -16.522526823081179, 243.0 ], [ -41.311917187005179, -16.523706735411828, 244.0 ], [ -41.315404048838758, -16.530032170080833, 303.0 ], [ -41.323170012507497, -16.535032446379592, 404.0 ], [ -41.315320404082541, -16.530140961050108, 303.0 ], [ -41.311783033221971, -16.523749866945945, 244.0 ], [ -41.308369088497514, -16.52482409655445, 259.0 ], [ -41.308230543959773, -16.526010769795104, 262.0 ], [ -41.309534290613868, -16.528069414881109, 264.0 ], [ -41.310304176549273, -16.530295032127889, 277.0 ], [ -41.310977979083383, -16.531331420803493, 288.0 ], [ -41.315556977781654, -16.534373439106602, 342.0 ], [ -41.317480972285644, -16.535163120565301, 356.0 ], [ -41.319268924139934, -16.53642495127427, 359.0 ], [ -41.321935667130361, -16.537765241341873, 426.0 ], [ -41.319202353964066, -16.536544033057819, 359.0 ], [ -41.317412710316553, -16.535281768975139, 356.0 ], [ -41.315491073041848, -16.53449350622796, 342.0 ], [ -41.310879302540989, -16.531428632944507, 288.0 ], [ -41.310180889422689, -16.530362434004697, 277.0 ], [ -41.309410796777733, -16.528135102053767, 264.0 ], [ -41.308096344331261, -16.526058145605216, 262.0 ], [ -41.308234493675833, -16.524869669975498, 259.0 ], [ -41.301007000682482, -16.528673847607674, 261.0 ], [ -41.302961563791797, -16.530730691688117, 272.0 ], [ -41.306113292955487, -16.534777523037523, 354.0 ], [ -41.315035863759334, -16.542142990643477, 463.0 ], [ -41.306030624168194, -16.534898134530156, 354.0 ], [ -41.30088173553694, -16.528740543345144, 260.0 ], [ -41.298101749686182, -16.530234387360956, 260.0 ], [ -41.302911799686832, -16.535685104771115, 307.0 ], [ -41.306722273008276, -16.538948729976671, 341.0 ], [ -41.308484778250524, -16.541607829208434, 376.0 ], [ -41.311968397622714, -16.543637148195675, 420.0 ], [ -41.312807548805345, -16.546635081995188, 488.0 ], [ -41.312782110065839, -16.548208860150435, 478.0 ], [ -41.312667629738513, -16.546651539929922, 440.0 ], [ -41.31184977706409, -16.543711636810663, 420.0 ], [ -41.309923563521629, -16.542812536778627, 400.0 ], [ -41.30838637240354, -16.541704676485793, 376.0 ], [ -41.306582838527, -16.538997699476454, 341.0 ], [ -41.302817179079639, -16.535777390745526, 307.0 ], [ -41.297977418777343, -16.530301071282551, 235.0 ], [ -41.293164825442538, -16.533539807030515, 236.0 ], [ -41.293684130487762, -16.535179432444547, 244.0 ], [ -41.293410683153446, -16.537979227505542, 249.0 ], [ -41.293874502217484, -16.53874236473094, 254.0 ], [ -41.295590771756316, -16.540776961147532, 273.0 ], [ -41.298980571975449, -16.543830627042929, 307.0 ], [ -41.30154333725693, -16.545051185498412, 337.0 ], [ -41.304067316390508, -16.548349545646438, 375.0 ], [ -41.304369641519614, -16.549688261866081, 424.0 ], [ -41.303926389622646, -16.554563272028791, 512.0 ] ] ] } },
{ "type": "Feature", "properties": { "area_ha": 189.8 }, "geometry": { "type": "Polygon", "coordinates": [ [ [ -41.297307334021362, -16.529834264466633, 261.0 ], [ -41.307921536856881, -16.524209419269877, 259.0 ], [ -41.315560271098313, -16.5217942894914, 239.0 ], [ -41.315705180395398, -16.52092535280417, 236.0 ], [ -41.315063635215957, -16.519615800573938, 232.0 ], [ -41.315122100039858, -16.519068159128601, 232.0 ], [ -41.31363195594767, -16.518773826841759, 231.0 ], [ -41.311273766644632, -16.517555093836553, 223.0 ], [ -41.305270171742187, -16.518830910629493, 235.0 ], [ -41.301810041987665, -16.520311878227712, 239.0 ], [ -41.299066079474308, -16.522307153291713, 239.0 ], [ -41.295609696035683, -16.526000738244857, 239.0 ], [ -41.29218475259588, -16.528306785472406, 227.0 ], [ -41.288671619427113, -16.533124989153364, 236.0 ], [ -41.287946602258536, -16.533892690836055, 235.0 ], [ -41.286857853881813, -16.534464458591668, 235.0 ], [ -41.28610690982886, -16.534558692167582, 228.0 ], [ -41.284218566193928, -16.533925053001447, 228.0 ], [ -41.280809350706235, -16.534134992999579, 231.0 ], [ -41.278088002815451, -16.533409492369859, 229.0 ], [ -41.280057998760768, -16.534481888107795, 229.0 ], [ -41.284296800403247, -16.535941013608888, 239.0 ], [ -41.287116013751913, -16.536256479721764, 236.0 ], [ -41.288996444563757, -16.535517930790739, 234.0 ], [ -41.297307334021362, -16.529834264466633, 261.0 ] ] ] } },
{ "type": "Feature", "properties": { "area_ha": 2269.5 }, "geometry": { "type": "Polygon", "coordinates": [ [ [ -41.46748332336491, -16.409420728616883, 699.0 ], [ -41.470053600758881, -16.404629238244151, 597.0 ], [ -41.470451648602747, -16.400895841164953, 529.0 ], [ -41.472283187412202, -16.39938259446518, 487.0 ], [ -41.473221540448328, -16.399244096130893, 500.0 ], [ -41.472906558222888, -16.393339259908736, 501.0 ], [ -41.474011158007976, -16.393281457024255, 565.0 ], [ -41.478132912430752, -16.394492811158329, 667.0 ], [ -41.479800039326051, -16.396351540682247, 712.0 ], [ -41.480894555468431, -16.39817058520007, 750.0 ], [ -41.484894116817379, -16.395848844773216, 779.0 ], [ -41.484602645995395, -16.393040625005153, 780.0 ], [ -41.48550256361645, -16.389559822568401, 770.0 ], [ -41.487332496181011, -16.385144498234162, 799.0 ], [ -41.487177736206306, -16.38413518865439, 814.0 ], [ -41.48576472, -16.38126528, 817.786 ], [ -41.48011556, -16.37965278, 711.504 ], [ -41.47937806, -16.37856194, 689.055 ], [ -41.47802111, -16.37784694, 633.506 ], [ -41.47264583, -16.37598861, 529.516 ], [ -41.46559556, -16.37246361, 631.943 ], [ -41.464855, -16.37225611, 643.931 ], [ -41.46306472, -16.37376222, 661.347 ], [ -41.46128389, -16.37436, 711.958 ], [ -41.45644361, -16.37118556, 669.62 ], [ -41.45629444, -16.37032833, 665.329 ], [ -41.45748889, -16.36627278, 619.289 ], [ -41.45768722, -16.36171444, 611.258 ], [ -41.454901438219615, -16.361209332583563, 614.0 ], [ -41.454310828425506, -16.358946384980086, 592.0 ], [ -41.454993196612868, -16.358641603499926, 153.22 ], [ -41.45520552248869, -16.357694448529767, 606.0 ], [ -41.456076008318277, -16.356535019593895, 670.0 ], [ -41.454751690788314, -16.354427233773794, 569.0 ], [ -41.454982891192259, -16.35371760994235, 591.0 ], [ -41.454897500437376, -16.351212917696035, 596.0 ], [ -41.452978902798392, -16.351392172082111, 590.0 ], [ -41.448399113433048, -16.353843835556756, 1018.0 ], [ -41.445670860131486, -16.352847741285625, 1020.0 ], [ -41.445930981028447, -16.368742850107168, 571.0 ], [ -41.441471005394902, -16.368809089095055, 605.0 ], [ -41.441496208474241, -16.37033774763669, 612.0 ], [ -41.438762646521369, -16.371107092225518, 669.0 ], [ -41.439149892242362, -16.373225938861943, 678.0 ], [ -41.4385209734955, -16.375209142758866, 669.0 ], [ -41.439258611897095, -16.377053744072754, 664.0 ], [ -41.441073239735303, -16.379285922987307, 630.0 ], [ -41.442805626965765, -16.379698498030855, 630.0 ], [ -41.444061529166852, -16.380447117344726, 608.0 ], [ -41.442638917959876, -16.384506513261616, 533.0 ], [ -41.441162018005052, -16.385436824116464, 514.0 ], [ -41.43993145369015, -16.385703131769382, 516.0 ], [ -41.438982006155946, -16.38548244662314, 518.0 ], [ -41.438818261660181, -16.384972166054979, 520.0 ], [ -41.437827157139743, -16.384734795209308, 527.0 ], [ -41.433469352779539, -16.384409400784321, 559.0 ], [ -41.433249609076569, -16.38285453191649, 524.0 ], [ -41.430774697042686, -16.382419749779576, 530.0 ], [ -41.42987878808389, -16.383119246385451, 525.0 ], [ -41.429870882547455, -16.383508036585507, 527.0 ], [ -41.431218233290821, -16.385466488712161, 552.0 ], [ -41.429832650892656, -16.38640154293449, 537.0 ], [ -41.42908825315736, -16.386303461928264, 534.0 ], [ -41.428213603798135, -16.386877869510023, 540.0 ], [ -41.427661058254806, -16.389613455354464, 690.0 ], [ -41.427998419094024, -16.390271332353052, 721.0 ], [ -41.426457404506131, -16.392366223981245, 774.0 ], [ -41.42482024747251, -16.393780569934439, 808.0 ], [ -41.423352913158865, -16.397153159434659, 818.0 ], [ -41.423326521277104, -16.399579970688926, 825.0 ], [ -41.425698512018002, -16.402506010144098, 762.0 ], [ -41.428188615983778, -16.403209203255262, 699.0 ], [ -41.430296409093714, -16.4042564359358, 639.0 ], [ -41.432345392264864, -16.404809488169377, 701.0 ], [ -41.432228692826939, -16.40414690092673, 700.0 ], [ -41.433255591121224, -16.403800329082252, 710.0 ], [ -41.43576146223409, -16.40488046877384, 724.0 ], [ -41.437204992218483, -16.404864447080882, 724.0 ], [ -41.438039908148561, -16.405469282688752, 738.0 ], [ -41.441219230016252, -16.405706871745011, 781.0 ], [ -41.443017170142319, -16.406665698858294, 748.0 ], [ -41.442514810954776, -16.407250925794504, 811.0 ], [ -41.442826767996955, -16.409172796353246, 818.0 ], [ -41.444091167603084, -16.409693657300679, 817.0 ], [ -41.443964984674516, -16.410095924864322, 822.0 ], [ -41.448762491445201, -16.412262532934079, 810.35 ], [ -41.45429889, -16.41196306, 798.41 ], [ -41.45611633372468, -16.410782569413048, 810.68 ], [ -41.459448424449562, -16.411396835706363, 806.31 ], [ -41.461881550932027, -16.412465741566564, 803.2 ], [ -41.46748332336491, -16.409420728616883, 699.0 ] ], [ [ -41.449846217526655, -16.364901962401792, 561.0 ], [ -41.449675217403787, -16.364702514168759, 560.0 ], [ -41.449898533290686, -16.364962959317808, 561.0 ], [ -41.449846217526655, -16.364901962401792, 561.0 ] ] ] } },
{ "type": "Feature", "properties": { "area_ha": 46.7 }, "geometry": { "type": "Polygon", "coordinates": [ [ [ -41.43139042490467, -16.3580553131209, 742.0 ], [ -41.43153135190591, -16.360843955215564, 697.0 ], [ -41.430703374485411, -16.3641801778329, 690.0 ], [ -41.430984964206772, -16.364675198282136, 702.0 ], [ -41.432378833964677, -16.365492139108127, 639.0 ], [ -41.433163462629231, -16.367392056983782, 608.0 ], [ -41.434828341357964, -16.367342904099715, 615.0 ], [ -41.434656857714209, -16.353082105010131, 836.0 ], [ -41.434064330204613, -16.354054692590715, 804.0 ], [ -41.432213485266068, -16.355683443043908, 753.0 ], [ -41.43139042490467, -16.3580553131209, 742.0 ] ] ] } },
{ "type": "Feature", "properties": { "area_ha": 276.0 }, "geometry": { "type": "Polygon", "coordinates": [ [ [ -41.257880743088037, -16.770838369420382, 873.0 ], [ -41.25751008172962, -16.771777255809614, 873.0 ], [ -41.25598, -16.77345972, 860.235 ], [ -41.25667111, -16.77343694, 862.083 ], [ -41.25826139, -16.77431306, 854.075 ], [ -41.25952639, -16.77621389, 827.564 ], [ -41.264973864727907, -16.776537273656917, 662.0 ], [ -41.264868790233493, -16.775892330322346, 665.0 ], [ -41.264753386858615, -16.775910944328956, 665.0 ], [ -41.264546577515603, -16.775654580043419, 669.0 ], [ -41.264349346504865, -16.775296389308583, 671.0 ], [ -41.264346252234994, -16.774956028800474, 675.0 ], [ -41.264249967904384, -16.77498951876181, 675.0 ], [ -41.263974325656662, -16.774938616916408, 681.0 ], [ -41.263773116478511, -16.774568996172885, 705.0 ], [ -41.263392996213824, -16.773194249766409, 747.0 ], [ -41.263791146159107, -16.774563197034503, 705.0 ], [ -41.263986700380677, -16.774922491016962, 681.0 ], [ -41.264364796614693, -16.774930349536064, 675.0 ], [ -41.264883267941023, -16.775871664334154, 665.0 ], [ -41.264993139575665, -16.776541578582261, 662.0 ], [ -41.26875278, -16.77743944, 812.393 ], [ -41.27162111, -16.77785694, 809.862 ], [ -41.27837361, -16.77618722, 825.078 ], [ -41.278639751262986, -16.77167180887233, 781.0 ], [ -41.277837985997998, -16.766648240153433, 846.0 ], [ -41.278470510213978, -16.760575348353122, 900.0 ], [ -41.279319570819311, -16.758946750102982, 900.0 ], [ -41.276676384534674, -16.76101641805856, 888.0 ], [ -41.274105985510118, -16.762320003135219, 868.0 ], [ -41.2717103730768, -16.762711116974327, 877.0 ], [ -41.269996774187334, -16.764307661852076, 882.0 ], [ -41.268471269813027, -16.76634875637528, 879.0 ], [ -41.265068930096639, -16.7675125224517, 862.0 ], [ -41.262868415508947, -16.768669093002025, 863.0 ], [ -41.259661682020827, -16.769332050711508, 860.0 ], [ -41.258770787860399, -16.769787008635031, 863.0 ], [ -41.257880743088037, -16.770838369420382, 873.0 ] ] ] } },
{ "type": "Feature", "properties": { "area_ha": 568.5 }, "geometry": { "type": "Polygon", "coordinates": [ [ [ -41.25587722, -16.77346389, 859.907 ], [ -41.258714506285266, -16.769713999747875, 863.0 ], [ -41.261167863294602, -16.768794814542424, 861.0 ], [ -41.26283543792438, -16.768584446785226, 863.0 ], [ -41.265031095686055, -16.767429556145611, 862.0 ], [ -41.268429767055224, -16.766264927828772, 880.0 ], [ -41.269924911078334, -16.764249282017623, 882.0 ], [ -41.271661538398732, -16.762633693599476, 879.0 ], [ -41.274066282208985, -16.762237782101991, 868.0 ], [ -41.276627826561239, -16.760938721958464, 889.0 ], [ -41.279386958983316, -16.75881049857896, 898.0 ], [ -41.279910077368321, -16.75748858553434, 895.0 ], [ -41.279361543746525, -16.756188821334504, 854.0 ], [ -41.279454191284323, -16.754615828206042, 831.780489061948856 ], [ -41.278988423502234, -16.754934772590413, 581.44049807484555 ], [ -41.279479171932095, -16.754191687889261, 825.789243327118015 ], [ -41.280403245799071, -16.737252925952927, 773.0 ], [ -41.278420275369854, -16.739021870830452, 770.0 ], [ -41.276312198679364, -16.742502999259798, 767.0 ], [ -41.275157860391481, -16.743126868223968, 753.0 ], [ -41.274671360569961, -16.74383027407697, 747.0 ], [ -41.27356473647238, -16.743980689997471, 743.0 ], [ -41.273221315413153, -16.744471757735397, 742.0 ], [ -41.272468673055108, -16.744586739297254, 738.0 ], [ -41.271464059354912, -16.745599472369143, 717.0 ], [ -41.271356816322573, -16.746399332377532, 717.0 ], [ -41.270445894085015, -16.746751200523086, 702.0 ], [ -41.270193964694968, -16.747431599898846, 701.0 ], [ -41.268603059061896, -16.748873376489065, 692.0 ], [ -41.2697558279175, -16.748847774938472, 696.0 ], [ -41.271287000535175, -16.749350543084955, 707.0 ], [ -41.272300214346892, -16.750269592785134, 715.0 ], [ -41.272750531864638, -16.750836650703807, 716.0 ], [ -41.273210119040762, -16.75096022641171, 715.0 ], [ -41.273925775195934, -16.751336814591671, 714.0 ], [ -41.2742681615143, -16.751381459983719, 713.0 ], [ -41.273920921939364, -16.751354484002849, 714.0 ], [ -41.27273937369565, -16.750852402148208, 716.0 ], [ -41.271142864604698, -16.749316808195825, 705.0 ], [ -41.269752853552916, -16.748865784965822, 696.0 ], [ -41.267924569974532, -16.749084189881934, 688.0 ], [ -41.267109498734804, -16.750200156578405, 694.0 ], [ -41.266013423226276, -16.750833821081585, 691.0 ], [ -41.265444083440009, -16.750848297075713, 698.0 ], [ -41.265040672368812, -16.752516400043145, 692.0 ], [ -41.263276075651191, -16.7538585113744, 676.0 ], [ -41.262616697039157, -16.754760008814905, 679.0 ], [ -41.262052483493555, -16.754733316458722, 678.0 ], [ -41.260701866934966, -16.75534942352866, 677.0 ], [ -41.259897380945326, -16.756192339653616, 673.0 ], [ -41.258642685260241, -16.756110781928307, 671.0 ], [ -41.257714565469882, -16.756417981535748, 670.0 ], [ -41.257130601332278, -16.757014739563527, 671.0 ], [ -41.257037230323519, -16.757755726631011, 672.0 ], [ -41.255961501511202, -16.758523366361214, 668.0 ], [ -41.255209533237569, -16.760062024724938, 663.0 ], [ -41.253847444333388, -16.760800085808832, 658.0 ], [ -41.254353080373008, -16.760835389319936, 658.0 ], [ -41.255209941488879, -16.761202367363381, 667.0 ], [ -41.255376818371531, -16.761510042181591, 669.0 ], [ -41.255848994939548, -16.761522671515074, 678.0 ], [ -41.256116960380425, -16.761695628073653, 681.0 ], [ -41.256249337341764, -16.761630038456389, 681.0 ], [ -41.256681237666363, -16.761900752851268, 686.0 ], [ -41.257036504579681, -16.762868636325951, 678.0 ], [ -41.257889231632703, -16.763392655461601, 694.0 ], [ -41.258604221922099, -16.76360741522371, 693.0 ], [ -41.259210879284545, -16.763859224384138, 697.0 ], [ -41.260380928724075, -16.763557852931932, 748.0 ], [ -41.259207440409092, -16.763877691158047, 697.0 ], [ -41.257882210687114, -16.763409535376042, 694.0 ], [ -41.257022020328442, -16.76288081, 678.0 ], [ -41.256657877530962, -16.761907693692706, 686.0 ], [ -41.255365306544135, -16.761527784221126, 669.0 ], [ -41.254348413696583, -16.76085314678074, 658.0 ], [ -41.253833862315389, -16.760817218039442, 658.0 ], [ -41.250647556903225, -16.762851057710112, 661.0 ], [ -41.249777602859616, -16.764073719895265, 659.0 ], [ -41.246677655460772, -16.765253582223764, 665.0 ], [ -41.24842056, -16.774057779999989, 800.243 ], [ -41.25587722, -16.77346389, 859.907 ] ], [ [ -41.260981145898739, -16.767263825375942, 581.44049807484555 ], [ -41.254701595, -16.771562417399998, 581.44049807484555 ], [ -41.250370529672992, -16.771517633882087, 581.44049807484555 ], [ -41.260981145898739, -16.767263825375942, 581.44049807484555 ] ] ] } },
{ "type": "Feature", "properties": { "area_ha": 756.1 }, "geometry": { "type": "Polygon", "coordinates": [ [ [ -41.249887863823041, -16.763713960316739, 659.0 ], [ -41.249165797888992, -16.762705526830668, 677.0 ], [ -41.248445471508838, -16.762482660380414, 685.0 ], [ -41.24782588158758, -16.762094546229768, 685.0 ], [ -41.247114415026829, -16.761508052921648, 690.0 ], [ -41.246771655475001, -16.761137694674506, 691.0 ], [ -41.246580288187872, -16.760715637690542, 705.0 ], [ -41.247838095070371, -16.762080591126555, 685.0 ], [ -41.249178286195047, -16.76269102662101, 677.0 ], [ -41.249746864481878, -16.763373656452966, 658.0 ], [ -41.249908204898617, -16.763713376890408, 659.0 ], [ -41.24976700348796, -16.764057484232026, 659.0 ], [ -41.250637622344172, -16.762835537543175, 661.0 ], [ -41.255193913519228, -16.760049457843582, 662.0 ], [ -41.255946235608135, -16.758508988878688, 668.0 ], [ -41.257080015077015, -16.757670610778458, 672.0 ], [ -41.257391966325507, -16.756620711038181, 666.0 ], [ -41.258639545451828, -16.756091032153307, 671.0 ], [ -41.258077322243267, -16.754079746334362, 691.0 ], [ -41.257056493556853, -16.753179676034385, 689.0 ], [ -41.25549118636718, -16.751189022323452, 729.0 ], [ -41.258106683619673, -16.754064970584281, 691.0 ], [ -41.258673510736081, -16.756100868319447, 671.0 ], [ -41.259885410099919, -16.756171150957162, 673.0 ], [ -41.260656295174442, -16.755436557923236, 677.0 ], [ -41.260694397814298, -16.75505843449584, 675.0 ], [ -41.26098348577888, -16.754408620980364, 671.0 ], [ -41.260404848508571, -16.753446354778699, 678.0 ], [ -41.259296012819988, -16.752311567468144, 686.0 ], [ -41.25911451935827, -16.75203621611352, 692.0 ], [ -41.259395951057641, -16.751396877402861, 694.0 ], [ -41.25899514175012, -16.749937058600203, 723.0 ], [ -41.25886291319312, -16.749013167359006, 725.0 ], [ -41.258753513072683, -16.748744614055617, 725.0 ], [ -41.258564283829088, -16.748544327555134, 725.0 ], [ -41.258422146899804, -16.748338104859304, 725.0 ], [ -41.258132805253624, -16.747813875139517, 730.0 ], [ -41.257671195429339, -16.746785994506549, 734.0 ], [ -41.257841821648597, -16.745329220428587, 741.0 ], [ -41.257677796876187, -16.745174819845918, 744.0 ], [ -41.257390410135599, -16.744386235353328, 740.0 ], [ -41.257268464222669, -16.743689160073323, 746.0 ], [ -41.257258569201881, -16.743231431026675, 745.0 ], [ -41.257390431283277, -16.742717495945033, 746.0 ], [ -41.257408726050897, -16.744381066293155, 740.0 ], [ -41.257861811248191, -16.745322858596367, 741.0 ], [ -41.257690556632895, -16.746781988361256, 734.0 ], [ -41.258150449234691, -16.747807358255532, 730.0 ], [ -41.25876971357031, -16.748734951064694, 725.0 ], [ -41.25888113892573, -16.749008270129082, 725.0 ], [ -41.259415195519672, -16.75139883468136, 694.0 ], [ -41.259135978730157, -16.75203516796924, 692.0 ], [ -41.260420290726884, -16.753435977230389, 678.0 ], [ -41.261004666257762, -16.754407756348517, 671.0 ], [ -41.260705636880843, -16.75532724923757, 677.0 ], [ -41.262048874620668, -16.754713571916145, 678.0 ], [ -41.262603838691433, -16.754743075946113, 679.0 ], [ -41.263262889311058, -16.753845557037941, 676.0 ], [ -41.265023666829066, -16.752505565555456, 692.0 ], [ -41.265431968759636, -16.750830814177171, 698.0 ], [ -41.266006835466683, -16.750815916138539, 691.0 ], [ -41.267094909418091, -16.750187488922439, 694.0 ], [ -41.267912295540484, -16.749069057691027, 688.0 ], [ -41.268574945130496, -16.748874589110802, 692.0 ], [ -41.269988876593715, -16.747634317465195, 696.0 ], [ -41.270433519471695, -16.746735527559085, 702.0 ], [ -41.271338352908963, -16.746392037624815, 717.0 ], [ -41.271371736234208, -16.743420088396899, 729.0 ], [ -41.270998715974585, -16.743107469451157, 735.0 ], [ -41.270696348034193, -16.741676137351352, 772.0 ], [ -41.269389596986102, -16.739384360126198, 787.0 ], [ -41.26927344345895, -16.738799522920296, 794.0 ], [ -41.269774467758495, -16.73811828254297, 799.0 ], [ -41.268704724244081, -16.737897334461614, 820.0 ], [ -41.268379551181177, -16.737118850258554, 841.0 ], [ -41.268162350453885, -16.734365014765014, 891.0 ], [ -41.268347949149607, -16.733490848752961, 905.0 ], [ -41.26796037866584, -16.732485214909008, 917.0 ], [ -41.268133368216304, -16.731789334855854, 922.0 ], [ -41.2669647763041, -16.730690466533559, 925.0 ], [ -41.266601939842232, -16.728112215748471, 918.0 ], [ -41.266252050885143, -16.727603746850392, 916.0 ], [ -41.253882918051467, -16.732746907117569, 930.0 ], [ -41.249813796143364, -16.733153286793165, 943.0 ], [ -41.249010386793927, -16.734045651114773, 947.0 ], [ -41.248368455702909, -16.737849789086827, 940.0 ], [ -41.246182484958162, -16.74032603914215, 931.0 ], [ -41.250991329227752, -16.742632029789753, 898.0 ], [ -41.252624957646482, -16.742239201988252, 877.0 ], [ -41.253216262188047, -16.742611175529841, 864.0 ], [ -41.253715098021758, -16.743467109761816, 855.0 ], [ -41.254263697154357, -16.745818150916897, 827.0 ], [ -41.257076671357403, -16.750501361384107, 758.0 ], [ -41.256067998381418, -16.749158670455419, 781.0 ], [ -41.255756093459752, -16.749384948158028, 783.0 ], [ -41.255289260204108, -16.749417426317926, 787.0 ], [ -41.253806589723325, -16.748580111585465, 762.0 ], [ -41.253306229809233, -16.748631832287511, 755.0 ], [ -41.252424298379474, -16.748232591046047, 771.0 ], [ -41.253834908343372, -16.748492715337722, 762.0 ], [ -41.25532322978696, -16.749332226610587, 787.0 ], [ -41.256006252151231, -16.749090688335027, 781.0 ], [ -41.25417559649533, -16.745852900466637, 826.0 ], [ -41.253398687781178, -16.742983277175075, 860.0 ], [ -41.252780006884606, -16.74237238534069, 877.0 ], [ -41.250976829849101, -16.742722617511376, 897.0 ], [ -41.246119543613467, -16.740395472629483, 931.0 ], [ -41.244803579045225, -16.741701648618321, 928.0 ], [ -41.242384704880266, -16.742471356557068, 919.0 ], [ -41.244638316367308, -16.753446133625484, 893.5872 ], [ -41.244799875338501, -16.758906114803676, 762.0118 ], [ -41.246673786685243, -16.765235556554462, 656.0 ], [ -41.249744835032622, -16.764062152856738, 664.0 ], [ -41.249887863823041, -16.763713960316739, 659.0 ] ] ] } },
{ "type": "Feature", "properties": { "area_ha": 210.6 }, "geometry": { "type": "Polygon", "coordinates": [ [ [ -41.26979435746248, -16.738000714403082, 799.0 ], [ -41.269372475186813, -16.738817495216995, 794.0 ], [ -41.269476866350857, -16.739343290147392, 787.0 ], [ -41.270712635736665, -16.741492029593211, 777.0 ], [ -41.271023003697529, -16.743092025286852, 735.0 ], [ -41.271398294212801, -16.74340633561664, 729.0 ], [ -41.271471505543154, -16.745563255136872, 716.0 ], [ -41.272462444991014, -16.744567565899917, 738.0 ], [ -41.273210999968967, -16.744455791239478, 742.0 ], [ -41.273552054864695, -16.743962852497322, 743.0 ], [ -41.274662160351838, -16.743813482324523, 747.0 ], [ -41.275142072912182, -16.7431159307644, 753.0 ], [ -41.276298817445493, -16.742489415543144, 767.0 ], [ -41.2784048673768, -16.739011290761532, 770.0 ], [ -41.280404003904167, -16.737229971803472, 773.0 ], [ -41.28097410681049, -16.728129918130243, 885.0 ], [ -41.279809418074059, -16.727354765270043, 899.0 ], [ -41.278902666847877, -16.72718102795465, 897.0 ], [ -41.266373481558098, -16.727597806746161, 913.0 ], [ -41.266695406506109, -16.728096103139638, 917.0 ], [ -41.267051845782532, -16.730656536867482, 925.0 ], [ -41.268221683989211, -16.731749789993422, 922.0 ], [ -41.268054970294457, -16.732476858204389, 917.0 ], [ -41.268444775289503, -16.733512820943751, 905.0 ], [ -41.268251551979603, -16.734336842664849, 891.0 ], [ -41.268477935718181, -16.734785594681529, 881.0 ], [ -41.268474308257808, -16.737092604307257, 839.0 ], [ -41.26877783890184, -16.737832751812306, 820.0 ], [ -41.26979435746248, -16.738000714403082, 799.0 ] ] ] } },
{ "type": "Feature", "properties": { "area_ha": 33.1 }, "geometry": { "type": "Polygon", "coordinates": [ [ [ -41.242335189780079, -16.742294286984976, 918.0 ], [ -41.24492369532031, -16.741398607760036, 929.0 ], [ -41.248062334211006, -16.738017090028062, 941.0 ], [ -41.248829069816928, -16.733998120687453, 944.0 ], [ -41.249711227008596, -16.733001369889291, 943.0 ], [ -41.24638341058813, -16.734552515088243, 931.0 ], [ -41.243058779648884, -16.737437984480394, 909.0 ], [ -41.243426074564866, -16.737994730007141, 919.0 ], [ -41.243595863882817, -16.739755680725459, 921.0 ], [ -41.24289636089982, -16.740614645849792, 923.0 ], [ -41.242070674980965, -16.740746571750119, 919.0 ], [ -41.242335189780079, -16.742294286984976, 918.0 ] ] ] } },
{ "type": "Feature", "properties": { "area_ha": 168.8 }, "geometry": { "type": "Polygon", "coordinates": [ [ [ -41.253550119460563, -16.732661556586123, 926.0 ], [ -41.266228456825502, -16.727423961177777, 916.0 ], [ -41.278921806542002, -16.727000863734741, 897.0 ], [ -41.279880996650824, -16.727185314278486, 899.0 ], [ -41.280995030543188, -16.727926517434771, 889.0 ], [ -41.281222682040884, -16.723484535362129, 882.0 ], [ -41.27973166584524, -16.721335240646578, 867.0 ], [ -41.278856288537668, -16.72068299511891, 881.0 ], [ -41.273423818916108, -16.717927650899664, 818.166 ], [ -41.258488963826863, -16.728324251308109, 922.0 ], [ -41.250085067341907, -16.732805324128751, 940.0 ], [ -41.253550119460563, -16.732661556586123, 926.0 ] ] ] } },
{ "type": "Feature", "properties": { "area_ha": 1477.5 }, "geometry": { "type": "Polygon", "coordinates": [ [ [ -41.171795316214393, -16.475304453798863, 714.0 ], [ -41.175357193624833, -16.475453841921986, 718.0 ], [ -41.176390966952376, -16.471779423209643, 690.0 ], [ -41.175175108970095, -16.468368163414294, 574.0 ], [ -41.174026800572932, -16.467021841751976, 564.0 ], [ -41.175479945891297, -16.463877374084497, 573.0 ], [ -41.174816071715135, -16.46254607737724, 570.0 ], [ -41.175215657098121, -16.461764236368193, 565.0 ], [ -41.173597549324271, -16.459835632277269, 561.0 ], [ -41.172802980288751, -16.459376249195923, 531.0 ], [ -41.171451551247586, -16.459170905260144, 500.0 ], [ -41.170054990414727, -16.458283369763745, 460.0 ], [ -41.167983422967026, -16.455746053695272, 426.0 ], [ -41.167106799147341, -16.453619985701426, 390.0 ], [ -41.167085245082326, -16.452842603871897, 381.0 ], [ -41.167969820816168, -16.449988561030814, 359.0 ], [ -41.168042665902902, -16.447393442994745, 337.0 ], [ -41.167788951021308, -16.4471148213213, 340.0 ], [ -41.165754026690152, -16.446734813195519, 340.0 ], [ -41.164671847398324, -16.445752911263789, 333.0 ], [ -41.163467614738408, -16.443826160235385, 320.0 ], [ -41.163245557005382, -16.44389422359286, 320.0 ], [ -41.162149185761393, -16.438761777583633, 283.0 ], [ -41.156363748635748, -16.440749792636598, 300.0 ], [ -41.15363585991139, -16.441015531312324, 293.0 ], [ -41.152875455679755, -16.443346689006866, 319.0 ], [ -41.156770492428542, -16.444697081594342, 331.0 ], [ -41.153206504732573, -16.443721388740649, 323.0 ], [ -41.152770352662685, -16.443357977461861, 325.0 ], [ -41.153549313121182, -16.44098606388598, 291.0 ], [ -41.13568859763825, -16.438761903016083, 276.73 ], [ -41.13506731816576, -16.461154561118654, 656.1 ], [ -41.14251833, -16.46115056, 709.957 ], [ -41.147211886914448, -16.46047396200688, 740.0 ], [ -41.150018111865009, -16.460867363370106, 736.0 ], [ -41.158570352679206, -16.495594989263363, 725.0 ], [ -41.168989638399268, -16.488626056844218, 722.0 ], [ -41.171795316214393, -16.475304453798863, 714.0 ] ], [ [ -41.163019230658023, -16.449752959164446, 364.0 ], [ -41.162919472789397, -16.446512650042155, 343.0 ], [ -41.163105931315776, -16.449322831153111, 364.0 ], [ -41.162942378412133, -16.450260773297895, 368.0 ], [ -41.162610533885982, -16.451194037723479, 377.0 ], [ -41.162799663102575, -16.451989207220766, 387.0 ], [ -41.162561970635288, -16.451196436161858, 377.0 ], [ -41.163019230658023, -16.449752959164446, 364.0 ] ], [ [ -41.158041180092006, -16.451047261698466, 404.0 ], [ -41.1584345920865, -16.449067521792951, 378.0 ], [ -41.158533017529358, -16.446996137083797, 353.0 ], [ -41.158529388517032, -16.449089131979957, 378.0 ], [ -41.158200001203966, -16.450542759740774, 397.0 ], [ -41.15851478196852, -16.451238976932451, 402.0 ], [ -41.158483205182435, -16.45156671633984, 404.0 ], [ -41.15819038449699, -16.450638264249772, 397.0 ], [ -41.158128782285992, -16.451095507801867, 402.0 ], [ -41.157371734579129, -16.451517268985953, 412.0 ], [ -41.158041180092006, -16.451047261698466, 404.0 ] ] ] } },
{ "type": "Feature", "properties": { "area_ha": 586.4 }, "geometry": { "type": "Polygon", "coordinates": [ [ [ -41.167970906071957, -16.435879811333272, 265.0 ], [ -41.169853852387959, -16.43554159911422, 263.0 ], [ -41.171879775081791, -16.435602391759257, 267.0 ], [ -41.171844378873239, -16.433589047054149, 271.0 ], [ -41.164584063271548, -16.419756695234337, 252.0 ], [ -41.163581073430258, -16.421195496983451, 250.0 ], [ -41.160855564405196, -16.42259033092618, 236.0 ], [ -41.160629860387161, -16.423232757240452, 234.0 ], [ -41.157311274044503, -16.425135710179134, 235.0 ], [ -41.157023976943542, -16.425966235907289, 235.0 ], [ -41.156176046765331, -16.426712176844834, 240.0 ], [ -41.15693838751767, -16.425921129421457, 230.0 ], [ -41.157247754184034, -16.425071584864586, 235.0 ], [ -41.160684378490657, -16.422939745421793, 234.0 ], [ -41.160694275079024, -16.422708718730146, 236.0 ], [ -41.159582562828476, -16.42208846025105, 234.0 ], [ -41.158051604815434, -16.420070421663151, 231.0 ], [ -41.156576332187093, -16.419669629115887, 216.0 ], [ -41.155778269702225, -16.421319692474945, 224.0 ], [ -41.15453796375315, -16.421005464006232, 216.0 ], [ -41.151713926022992, -16.422598062454409, 216.0 ], [ -41.147837632098167, -16.423105583344061, 215.0 ], [ -41.145217027021161, -16.422754826603999, 216.0 ], [ -41.144037943417374, -16.422133452316398, 218.0 ], [ -41.143318624129435, -16.422096800225752, 219.0 ], [ -41.139152733875605, -16.423337124642881, 214.0 ], [ -41.139760755455889, -16.438564540862519, 272.0 ], [ -41.153996352227793, -16.440291496522935, 285.0 ], [ -41.155662314260283, -16.434179793871689, 254.0 ], [ -41.155604531581012, -16.432540240175481, 250.0 ], [ -41.141457082812572, -16.431996251126566, 249.0 ], [ -41.155591212060948, -16.432436027014234, 248.0 ], [ -41.155313483655277, -16.429365839131506, 247.0 ], [ -41.15262991638086, -16.429154062878556, 238.0 ], [ -41.155296759314645, -16.42927539351378, 247.0 ], [ -41.155461871295671, -16.429460352865291, 247.0 ], [ -41.155808006586888, -16.433707321039485, 252.0 ], [ -41.154131358434704, -16.440233010658702, 285.0 ], [ -41.156601825798191, -16.439835027615544, 285.0 ], [ -41.167970906071957, -16.435879811333272, 265.0 ] ] ] } },
{ "type": "Feature", "properties": { "area_ha": 496.3 }, "geometry": { "type": "Polygon", "coordinates": [ [ [ -41.182982277269716, -16.431422322867004, 223.0 ], [ -41.180052100543953, -16.42964815091155, 225.0 ], [ -41.179156422376821, -16.42840482030573, 226.0 ], [ -41.178323095452427, -16.426010380783342, 217.0 ], [ -41.176545616974856, -16.42530172611286, 217.0 ], [ -41.175737990180345, -16.424555988464274, 228.0 ], [ -41.173922777852773, -16.42152961531632, 223.0 ], [ -41.174062449012773, -16.417497674407372, 226.0 ], [ -41.174417814492671, -16.4164404748518, 228.0 ], [ -41.175809058219556, -16.415186521303678, 224.0 ], [ -41.177937005559976, -16.414182043079709, 224.0 ], [ -41.17898412699347, -16.413054239978472, 226.0 ], [ -41.179468952203628, -16.412067877805065, 227.0 ], [ -41.179674681206777, -16.410075887382373, 217.0 ], [ -41.178918369001465, -16.407637093098739, 217.0 ], [ -41.177628748363865, -16.406342084718425, 222.0 ], [ -41.175259859422546, -16.404896074450335, 217.0 ], [ -41.164723231595417, -16.400380367190131, 227.0 ], [ -41.163670977892586, -16.404713365435921, 240.0 ], [ -41.161716823807701, -16.404884722498235, 240.0 ], [ -41.161874071533482, -16.410824000601703, 237.0 ], [ -41.164600689096417, -16.419601219023569, 252.0 ], [ -41.165420577036279, -16.419084385984021, 254.0 ], [ -41.1738124322559, -16.416580003688065, 230.0 ], [ -41.165445495900201, -16.419170680352014, 255.0 ], [ -41.164661058441595, -16.419702055029035, 254.0 ], [ -41.171886353947599, -16.433466013545523, 271.0 ], [ -41.175660930633597, -16.431382109358694, 246.0 ], [ -41.178273313331943, -16.433124951993179, 239.0 ], [ -41.175656996832721, -16.431465990641289, 246.0 ], [ -41.171927868122332, -16.433545720157969, 272.0 ], [ -41.17198595393851, -16.435755782982714, 265.0 ], [ -41.185595912341626, -16.43651856317458, 237.0 ], [ -41.185680959612128, -16.432138392433675, 217.0 ], [ -41.182982277269716, -16.431422322867004, 223.0 ] ], [ [ -41.176513989849369, -16.411224072238525, 230.0 ], [ -41.176272269892387, -16.41061466747712, 229.0 ], [ -41.176128075831784, -16.40953319037914, 229.0 ], [ -41.176513989849369, -16.411224072238525, 230.0 ] ] ] } },
{ "type": "Feature", "properties": { "area_ha": 233.7 }, "geometry": { "type": "Polygon", "coordinates": [ [ [ -41.160715052008996, -16.422615177235961, 236.0 ], [ -41.16385609329997, -16.420755748508434, 245.0 ], [ -41.164535302259907, -16.419664412717879, 252.0 ], [ -41.161617322887714, -16.410231261932754, 238.0 ], [ -41.161623886926918, -16.404893900320229, 239.0 ], [ -41.156960028700837, -16.405271331909844, 235.0 ], [ -41.163579031226128, -16.404608878443586, 239.0 ], [ -41.164655083777312, -16.400362638623708, 226.0 ], [ -41.159675165136377, -16.398736871174062, 223.0 ], [ -41.157248923723365, -16.398539810244532, 227.0 ], [ -41.15310996399802, -16.398718500138585, 217.0 ], [ -41.151165393375521, -16.399230443445571, 217.0 ], [ -41.150334575894156, -16.400521781675234, 217.0 ], [ -41.149802510216169, -16.402750120282786, 218.0 ], [ -41.149655312843862, -16.404730584046792, 220.0 ], [ -41.150008051354348, -16.405647066477329, 218.0 ], [ -41.151237757479244, -16.407092764222526, 222.0 ], [ -41.155133187865125, -16.409194137019966, 217.0 ], [ -41.156626240692226, -16.410595714900023, 226.0 ], [ -41.157704513393341, -16.412137513247963, 226.0 ], [ -41.157347634214887, -16.417274933115934, 223.0 ], [ -41.156609795356395, -16.419580384463725, 216.0 ], [ -41.158108276303068, -16.419980667193851, 231.0 ], [ -41.159662823205764, -16.422024120997822, 235.0 ], [ -41.160715052008996, -16.422615177235961, 236.0 ] ] ] } },
{ "type": "Feature", "properties": { "area_ha": 11289.3 }, "geometry": { "type": "Polygon", "coordinates": [ [ [ -41.096541396084248, -16.239034486039159, 812.031 ], [ -41.083662556863523, -16.207795236551316, 754.835 ], [ -41.085321401374621, -16.204992512844605, 662.844 ], [ -41.085173598917763, -16.203066133601606, 637.7 ], [ -41.088716757348713, -16.203249429501845, 637.51 ], [ -41.08976911291731, -16.202807741258162, 638.0 ], [ -41.090954376119321, -16.202724518687834, 639.5 ], [ -41.091336962968334, -16.206195750335684, 652.814 ], [ -41.094181365070597, -16.206386460668956, 662.844 ], [ -41.094982217807079, -16.20697460755067, 658.148 ], [ -41.09534181602303, -16.208740493633826, 678.716 ], [ -41.096771958868523, -16.208174964699342, 644.246 ], [ -41.095739024083336, -16.207712355034282, 661.22 ], [ -41.095489307969402, -16.206575583700626, 660.56 ], [ -41.094746869155998, -16.205648317196978, 659.0 ], [ -41.092127955416295, -16.205965424559345, 654.23 ], [ -41.09423055298361, -16.203243655666384, 665.25 ], [ -41.094844951379613, -16.202885950721495, 668.56 ], [ -41.097508889605848, -16.203435467779467, 671.68 ], [ -41.100940730122446, -16.205177213192119, 673.41 ], [ -41.107372323780289, -16.205136622188792, 678.65 ], [ -41.111454993377279, -16.20570232222471, 680.65 ], [ -41.112604167806595, -16.205497273449378, 681.26 ], [ -41.115300207200832, -16.203799955784636, 682.21 ], [ -41.115044018292323, -16.202898735443327, 683.51 ], [ -41.116308710789973, -16.196687404166731, 692.54 ], [ -41.117426834392788, -16.194410738421691, 694.15 ], [ -41.119489695973805, -16.192040443652843, 695.46 ], [ -41.119366038350371, -16.191851941948514, 696.03 ], [ -41.120338470793264, -16.190699136040173, 697.11 ], [ -41.121198390911346, -16.188931896038987, 698.0 ], [ -41.121366576256683, -16.187364002915373, 693.04 ], [ -41.118591260265497, -16.180573143503484, 681.98 ], [ -41.118470874915992, -16.177114115848095, 682.86 ], [ -41.123342961070279, -16.168526389322537, 688.25 ], [ -41.126768858487424, -16.166296318903026, 690.87 ], [ -41.129897645101451, -16.166210730943888, 692.47 ], [ -41.132405571277282, -16.166691665918311, 694.78 ], [ -41.134893574718333, -16.166535445549442, 696.24 ], [ -41.13560557145113, -16.166856722044436, 697.18 ], [ -41.137063851440359, -16.166600851471262, 698.18 ], [ -41.140620287227996, -16.168126251955503, 702.26 ], [ -41.141832201269715, -16.169039412329735, 704.74 ], [ -41.14330294678453, -16.171126751873803, 706.55 ], [ -41.14446278, -16.17162944, 706.739 ], [ -41.150500059145756, -16.155155312386867, 806.29 ], [ -41.153877147054374, -16.158424232870686, 820.77 ], [ -41.155801702275973, -16.157563522353826, 822.12 ], [ -41.156227071613579, -16.145359654604864, 772.4 ], [ -41.15754425616214, -16.138398801843184, 756.46 ], [ -41.158856214606345, -16.133247136236324, 709.68 ], [ -41.157376995174808, -16.133787213514331, 707.85 ], [ -41.157227142388699, -16.134277514872668, 707.65 ], [ -41.156146074879423, -16.135134744815694, 707.52 ], [ -41.155517916269908, -16.134976843085479, 707.61 ], [ -41.154902478036504, -16.135217067288355, 707.54 ], [ -41.154310795014439, -16.134879631970136, 707.61 ], [ -41.153134550107424, -16.134828450913005, 707.67 ], [ -41.152732420231999, -16.133694208677483, 728.63 ], [ -41.147466137381315, -16.1307724852925, 729.91 ], [ -41.145104811549132, -16.128360620363402, 720.34 ], [ -41.144092300713595, -16.126827005462971, 718.98 ], [ -41.137888517954984, -16.12155757237441, 715.62 ], [ -41.137508221895693, -16.120173252308, 715.98 ], [ -41.136665619809207, -16.119108609400897, 714.78 ], [ -41.135893277388526, -16.118791082840158, 713.46 ], [ -41.135545811810545, -16.118079081498887, 714.58 ], [ -41.132954390902057, -16.115754097036874, 692.92 ], [ -41.13414242132967, -16.108652202997792, 712.32 ], [ -41.134530822597839, -16.107558069552717, 712.31 ], [ -41.135603523830014, -16.106262299072903, 706.47 ], [ -41.135048390235141, -16.103634154128461, 709.02 ], [ -41.132071928282656, -16.100309285550264, 706.99 ], [ -41.129412627365618, -16.098523479166928, 706.65 ], [ -41.127248360316436, -16.097812391041746, 704.98 ], [ -41.122923551184961, -16.097448923507343, 704.57 ], [ -41.118277776784566, -16.097751000154844, 702.13 ], [ -41.116968719031163, -16.097247350082377, 686.68 ], [ -41.113907812220866, -16.097995495560788, 684.19 ], [ -41.112357868489482, -16.098979659593745, 684.13 ], [ -41.109693686680721, -16.099617301966802, 683.44 ], [ -41.109757372984525, -16.099815806772337, 683.1 ], [ -41.108064803598211, -16.100590291582062, 683.27 ], [ -41.102334214170298, -16.100413120011059, 682.47 ], [ -41.101295912132493, -16.100974661095233, 682.54 ], [ -41.099641594534525, -16.103240321138571, 681.5 ], [ -41.099467147534405, -16.104017433080514, 680.9 ], [ -41.099509467348526, -16.106068087470721, 680.58 ], [ -41.100073186831096, -16.106952506740079, 688.38 ], [ -41.100294651996137, -16.108369569709009, 680.86 ], [ -41.096739149863964, -16.110984053812075, 681.1 ], [ -41.095669396061496, -16.112197228887897, 677.92 ], [ -41.095498171072379, -16.113407453881397, 677.22 ], [ -41.094918286124482, -16.114348105210265, 677.67 ], [ -41.095066596579748, -16.114586533287422, 678.01 ], [ -41.094333849187883, -16.115443211243743, 677.51 ], [ -41.093622356387755, -16.117167688050962, 678.91 ], [ -41.092877010925285, -16.117644737591441, 678.91 ], [ -41.092956478737413, -16.119222945755087, 678.27 ], [ -41.091664732876822, -16.12293624099259, 677.37 ], [ -41.091645794324293, -16.124979551752681, 676.22 ], [ -41.092446307362401, -16.127884912144701, 676.44 ], [ -41.09401363788335, -16.130935251589001, 676.52 ], [ -41.095263918863424, -16.131600246177843, 677.16 ], [ -41.09188754702474, -16.134162971520496, 721.35 ], [ -41.07643278542492, -16.134537482989533, 899.46 ], [ -41.070940907334659, -16.135088288626822, 947.2 ], [ -41.075131534314878, -16.148146753013148, 871.99 ], [ -41.075126340593137, -16.155689240736933, 881.09 ], [ -41.075512503679008, -16.159341946182522, 879.31 ], [ -41.076238682904211, -16.164111158173363, 877.14 ], [ -41.077291373877372, -16.168262057608537, 874.97 ], [ -41.075549421475607, -16.169827420181676, 862.46 ], [ -41.073749256982758, -16.173736896733416, 829.91 ], [ -41.071489371427596, -16.176182073560955, 813.21 ], [ -41.068301785726973, -16.178908667902157, 820.11 ], [ -41.067198153227764, -16.180409672609017, 822.02 ], [ -41.065900666903509, -16.179877905671901, 815.91 ], [ -41.065506434255461, -16.184466950394999, 801.62 ], [ -41.06930346949283, -16.185651776706838, 813.37 ], [ -41.073019872905427, -16.185889431004732, 782.26 ], [ -41.073912660074924, -16.187496040683602, 769.53 ], [ -41.074787167977732, -16.191735322838561, 681.64 ], [ -41.07194355403896, -16.191421711921056, 693.55 ], [ -41.07011139850075, -16.193764510758704, 694.61 ], [ -41.068016830337754, -16.194439145379896, 691.12 ], [ -41.065499717662533, -16.1932114295197, 681.0 ], [ -41.065667482672481, -16.191973595334652, 700.9 ], [ -41.063422045038038, -16.188587665334389, 743.86 ], [ -41.05618249479781, -16.188447291263973, 674.54 ], [ -41.056108105940744, -16.187196259633279, 719.18 ], [ -41.054106071750454, -16.187433634973651, 709.54 ], [ -41.05488921805712, -16.191107142166942, 679.9 ], [ -41.050517691741952, -16.192234412965565, 685.25 ], [ -41.046462625402768, -16.192119895942934, 686.05 ], [ -41.045462481740302, -16.191501114836083, 704.51 ], [ -41.041430340329725, -16.190814791770087, 664.1 ], [ -41.039893540965579, -16.189862941033851, 608.7 ], [ -41.038535389047055, -16.191345937380284, 646.68 ], [ -41.037978788357378, -16.192815007927571, 644.3 ], [ -41.036573056307368, -16.19405666411193, 600.41 ], [ -41.036004945603871, -16.195299053352262, 600.99 ], [ -41.034877980312316, -16.195998706881475, 601.41 ], [ -41.035283151329303, -16.198031856953158, 593.86 ], [ -41.032922037996386, -16.200135767382527, 591.04 ], [ -41.033113326357601, -16.204647934400981, 589.54 ], [ -41.031667691701038, -16.206204021589617, 588.19 ], [ -41.031571588194439, -16.208123067686508, 585.79 ], [ -41.030738894116027, -16.208281923765441, 585.47 ], [ -41.029819478173735, -16.209067669602, 584.83 ], [ -41.029001009876794, -16.208552160454726, 583.68 ], [ -41.0277222431409, -16.20838095616876, 582.81 ], [ -41.026504642985856, -16.207268210379159, 581.95 ], [ -41.025735294441802, -16.207733014684123, 581.6 ], [ -41.024253882155634, -16.207991369069031, 580.42 ], [ -41.023506221007693, -16.207457632969096, 579.9 ], [ -41.022879968135911, -16.208346904811773, 579.52 ], [ -41.022747421585272, -16.209113018150394, 579.23 ], [ -41.021738869466688, -16.209754201260509, 578.61 ], [ -41.019735243997467, -16.209800827414295, 578.0 ], [ -41.016862440519013, -16.21086242506718, 577.79 ], [ -41.017029185018558, -16.21098263927643, 577.79 ], [ -41.016677215855815, -16.211370713205206, 582.34 ], [ -41.016943915492128, -16.212656728699145, 593.62 ], [ -41.01631449112076, -16.214148681844708, 590.57 ], [ -41.016872890723775, -16.214756434112473, 593.93 ], [ -41.016603763715622, -16.215832947249723, 575.81 ], [ -41.017182495142222, -16.216342831443427, 594.6 ], [ -41.017214103839102, -16.216756174820002, 595.27 ], [ -41.016743751811092, -16.217963807688292, 605.24 ], [ -41.016131362149686, -16.218438476539614, 595.94 ], [ -41.016039895183646, -16.2190995674178, 596.61 ], [ -41.015136233228915, -16.220084252332516, 597.28 ], [ -41.016294080582071, -16.221975492073017, 598.28 ], [ -41.016192842552201, -16.223192537843072, 598.62 ], [ -41.018302451088864, -16.225878329748145, 571.64 ], [ -41.017970902847296, -16.226904839714226, 570.91 ], [ -41.019214140758265, -16.227652168225323, 567.1 ], [ -41.018872695666296, -16.229432059103864, 565.22 ], [ -41.019514980830841, -16.231033079842174, 564.71 ], [ -41.018710747168335, -16.232177576709301, 563.52 ], [ -41.019039926434196, -16.232825808513706, 564.4 ], [ -41.018135276101752, -16.233194482340462, 562.1 ], [ -41.017486766476509, -16.234148201183526, 560.39 ], [ -41.018333218032687, -16.234886113013012, 559.4 ], [ -41.018238612037457, -16.235422183221793, 559.59 ], [ -41.019009497342033, -16.237763698694788, 606.301 ], [ -41.021013428466773, -16.237847428612103, 729.052 ], [ -41.025664761975335, -16.235795278409935, 779.966 ], [ -41.027823193024723, -16.234192276142398, 784.235 ], [ -41.029094442968265, -16.23427055978177, 756.774 ], [ -41.026213665676188, -16.246789287637675, 674.0 ], [ -41.027785881604579, -16.247551021368444, 675.025 ], [ -41.027574713090509, -16.249332201971999, 661.66 ], [ -41.029214471376044, -16.249591360111967, 656.292 ], [ -41.029998224385992, -16.250488384445099, 647.159 ], [ -41.02961194, -16.25289972, 587.083 ], [ -41.029868818079166, -16.253161567760881, 566.56 ], [ -41.031955149940352, -16.251674401313032, 567.93 ], [ -41.033416678343926, -16.25130835996211, 572.36 ], [ -41.033419194384351, -16.250698177506081, 568.38 ], [ -41.035032068994454, -16.250125209267512, 572.85 ], [ -41.035638246731736, -16.250197270623577, 572.23 ], [ -41.035673907455021, -16.250444948515884, 572.9 ], [ -41.035738945883232, -16.250012162496532, 572.35 ], [ -41.035465919244352, -16.249384750231904, 577.31 ], [ -41.037113988070686, -16.24818058148302, 577.42 ], [ -41.037979634847581, -16.248907824820957, 588.18 ], [ -41.039305398585213, -16.248585698583419, 584.11 ], [ -41.041557223143386, -16.249967742150311, 592.87 ], [ -41.042456871551956, -16.251467066677833, 593.35 ], [ -41.042573092108555, -16.252929577974829, 594.18 ], [ -41.043594469249143, -16.252892620977331, 598.12 ], [ -41.045436959750035, -16.254806586653391, 596.01 ], [ -41.04655546371427, -16.254158341817831, 597.97 ], [ -41.049805858220111, -16.254546420148035, 613.87 ], [ -41.051082864718602, -16.255644945668259, 603.9 ], [ -41.051259480964823, -16.256710572566167, 603.66 ], [ -41.052130408595993, -16.256776043937194, 603.24 ], [ -41.052571044730428, -16.256379191342585, 624.86 ], [ -41.052676261878723, -16.255432720844901, 641.16 ], [ -41.055395525290628, -16.252990140578664, 676.49 ], [ -41.05656938141265, -16.250060992239199, 668.26 ], [ -41.057472647729952, -16.249138487151232, 671.23 ], [ -41.057700257144141, -16.248487093885295, 671.12 ], [ -41.058515409852802, -16.248418459035538, 372.16 ], [ -41.058667028335236, -16.24776319540393, 671.86 ], [ -41.060038518036883, -16.247059392726349, 676.53 ], [ -41.060889015065015, -16.245644335961348, 680.31 ], [ -41.061972124218563, -16.244553998976588, 689.01 ], [ -41.064150576425881, -16.243495277356001, 713.62 ], [ -41.065871925083059, -16.244181716397012, 748.3 ], [ -41.083130631819095, -16.248482457408848, 727.24 ], [ -41.084213987617332, -16.249982476057728, 696.35 ], [ -41.087219509740493, -16.252173626616379, 655.93 ], [ -41.087528425900366, -16.255395662990583, 644.04 ], [ -41.089696584395583, -16.254483150920329, 651.7 ], [ -41.090682175124591, -16.254735080983199, 654.04 ], [ -41.091294449498889, -16.255434766950966, 656.38 ], [ -41.091642791144999, -16.255393199084462, 658.71 ], [ -41.092675433953261, -16.253931332551893, 665.73 ], [ -41.096104542620886, -16.251335263002911, 672.75 ], [ -41.096543056322218, -16.249760810545617, 672.98 ], [ -41.097136143063636, -16.248818998785723, 675.3 ], [ -41.097386639204728, -16.245638255965083, 647.68 ], [ -41.097884577831351, -16.244174616623908, 699.88 ], [ -41.096541396084248, -16.239034486039159, 812.031 ] ], [ [ -41.110103891878147, -16.177376447773, 759.26 ], [ -41.109962049313246, -16.180869359072222, 764.62 ], [ -41.10075279865405, -16.178839541688053, 761.58 ], [ -41.10219844444066, -16.17265655062884, 754.47 ], [ -41.111375071253029, -16.174291647404367, 755.34 ], [ -41.110103891878147, -16.177376447773, 759.26 ] ] ] } },
{ "type": "Feature", "properties": { "area_ha": 149.0 }, "geometry": { "type": "Polygon", "coordinates": [ [ [ -41.139776696774405, -15.882084013405615, 735.82363636363641 ], [ -41.142416874497144, -15.883304547163346, 735.82363636363641 ], [ -41.147733125536334, -15.887191425453542, 735.82363636363641 ], [ -41.148361909954303, -15.887182231916274, 735.82363636363641 ], [ -41.153847209557327, -15.893242354742078, 735.82363636363641 ], [ -41.157002768188725, -15.891082439600948, 735.82363636363641 ], [ -41.155715505326498, -15.886627330877401, 735.82363636363641 ], [ -41.154585235774121, -15.884061722380521, 735.82363636363641 ], [ -41.154862944488649, -15.883492989232492, 735.82363636363641 ], [ -41.156192452252839, -15.882580149328094, 735.82363636363641 ], [ -41.154023599386512, -15.880139334215755, 735.82363636363641 ], [ -41.150727379025319, -15.87924603635196, 735.82363636363641 ], [ -41.145782468757488, -15.878861968045463, 735.82363636363641 ], [ -41.138965091877857, -15.881381013302319, 735.82363636363641 ], [ -41.139776696774405, -15.882084013405615, 735.82363636363641 ] ] ] } },
{ "type": "Feature", "properties": { "area_ha": 1184.1 }, "geometry": { "type": "Polygon", "coordinates": [ [ [ -41.150348108698402, -15.87540049506099, 342.102555555555455 ], [ -41.150211065036906, -15.87397494474604, 342.102555555555455 ], [ -41.150571411006908, -15.873333846574171, 342.102555555555455 ], [ -41.157569352606579, -15.87034521206138, 342.102555555555455 ], [ -41.168489009471116, -15.868845835847164, 342.102555555555455 ], [ -41.169751206390025, -15.865936742957709, 342.102555555555455 ], [ -41.170688711288321, -15.865852261357841, 342.102555555555455 ], [ -41.174391208264545, -15.86432206500762, 342.102555555555455 ], [ -41.170309108015282, -15.857821782963818, 342.102555555555455 ], [ -41.168933945815304, -15.85292810411528, 342.102555555555455 ], [ -41.170260710930712, -15.84604287444879, 342.102555555555455 ], [ -41.169202568782161, -15.841693711754647, 342.102555555555455 ], [ -41.168599522961905, -15.836823723435907, 342.102555555555455 ], [ -41.169143439288618, -15.834906741099356, 342.102555555555455 ], [ -41.168185875341756, -15.829625403349892, 342.102555555555455 ], [ -41.167420766755313, -15.829433557500424, 342.102555555555455 ], [ -41.166863793765721, -15.828586034322385, 342.102555555555455 ], [ -41.166644207478363, -15.827169183868719, 342.102555555555455 ], [ -41.166841094512314, -15.826999436292736, 342.102555555555455 ], [ -41.153456433929449, -15.828549439429539, 342.102555555555455 ], [ -41.152433323286111, -15.829780601067061, 342.102555555555455 ], [ -41.155555370278663, -15.838354528899638, 342.102555555555455 ], [ -41.157973691415997, -15.84323281147114, 342.102555555555455 ], [ -41.156571422592194, -15.846837403604825, 342.102555555555455 ], [ -41.157067326626823, -15.848717094303252, 342.102555555555455 ], [ -41.156553195185168, -15.848785458436543, 342.102555555555455 ], [ -41.151294092663825, -15.852932999387223, 342.102555555555455 ], [ -41.150482124523705, -15.858570025157164, 342.102555555555455 ], [ -41.149121907916445, -15.861696668525095, 342.102555555555455 ], [ -41.148178607070051, -15.862582437195083, 342.102555555555455 ], [ -41.147156799202214, -15.863177779493768, 342.102555555555455 ], [ -41.141809588886474, -15.861448932414849, 342.102555555555455 ], [ -41.133474399062095, -15.85781334596876, 342.102555555555455 ], [ -41.130030365459874, -15.859333905819939, 342.102555555555455 ], [ -41.132891752257393, -15.86535913452933, 342.102555555555455 ], [ -41.133330122731337, -15.870354434024744, 342.102555555555455 ], [ -41.134239397443622, -15.871590966687094, 342.102555555555455 ], [ -41.137537450154774, -15.873668661135698, 342.102555555555455 ], [ -41.137200569392853, -15.875069548199079, 342.102555555555455 ], [ -41.137516865184296, -15.87654032845222, 342.102555555555455 ], [ -41.138494167173143, -15.877698190892298, 342.102555555555455 ], [ -41.140334569196632, -15.878868017429784, 342.102555555555455 ], [ -41.138535159887901, -15.880962366331305, 342.102555555555455 ], [ -41.138716043635185, -15.881215187940006, 342.102555555555455 ], [ -41.146067200259338, -15.878609996891528, 342.102555555555455 ], [ -41.146898586355995, -15.877780183086049, 342.102555555555455 ], [ -41.147886577043302, -15.877678035059647, 342.102555555555455 ], [ -41.150348108698402, -15.87540049506099, 342.102555555555455 ] ] ] } },
{ "type": "Feature", "properties": { "area_ha": 618.2 }, "geometry": { "type": "Polygon", "coordinates": [ [ [ -40.79127222, -17.97209611, 351.05 ], [ -40.78927083, -17.97540528, 346.12 ], [ -40.78949806, -17.97588333, 354.01 ], [ -40.78912444, -17.97717083, 343.2 ], [ -40.79411611, -17.97663833, 365.142 ], [ -40.79139167, -17.97123278, 365.142 ], [ -40.79695861, -17.96309139, 365.142 ], [ -40.798080696699998, -17.956471666599992, 383.790406650710338 ], [ -40.797743968467039, -17.955760859298103, 383.790406650710338 ], [ -40.802235808600003, -17.958019679799996, 383.790406650710338 ], [ -40.80577972, -17.95325194, 359.025 ], [ -40.80747111, -17.9523125, 359.025 ], [ -40.808030506343826, -17.952618419786972, 359.025 ], [ -40.808858024700001, -17.951847039699999, 383.790406650710338 ], [ -40.809258607449301, -17.952136880152345, 373.662236231803035 ], [ -40.80897972, -17.95141556, 375.255 ], [ -40.80901333, -17.94982083, 334.958 ], [ -40.81005333, -17.94792, 302.908 ], [ -40.8098875, -17.94652194, 293.515 ], [ -40.81205167000001, -17.94527083, 296.235 ], [ -40.81163583, -17.94326722, 262.62 ], [ -40.81116639, -17.9429325, 262.62 ], [ -40.81131028, -17.94194667, 262.62 ], [ -40.81247917, -17.94162444, 262.62 ], [ -40.81338667, -17.94288167, 262.62 ], [ -40.81368694, -17.94293111, 262.62 ], [ -40.81420167, -17.94206833, 262.62 ], [ -40.81514917, -17.9421725, 262.62 ], [ -40.81653583, -17.94174917, 260.021 ], [ -40.81839333, -17.94003639, 302.908 ], [ -40.81654944000001, -17.93875306, 300.83 ], [ -40.81667778, -17.93694194, 297.217 ], [ -40.81630694, -17.93629667, 294.19 ], [ -40.81617917, -17.93505444, 290.253 ], [ -40.81514583, -17.93486917, 290.507 ], [ -40.81414139, -17.93375889, 287.182 ], [ -40.813285, -17.93338306, 294.487 ], [ -40.81201167, -17.93336139, 281.631 ], [ -40.81117194, -17.93206028, 266.797 ], [ -40.81067028, -17.93038917, 246.472 ], [ -40.80914972, -17.92818333, 279.607 ], [ -40.80846833, -17.92580306, 327.56 ], [ -40.80408083, -17.92848889, 284.48 ], [ -40.80296361, -17.93129944, 309.104 ], [ -40.80086083, -17.93132833, 277.987 ], [ -40.79913528, -17.93231056, 303.788 ], [ -40.79712806, -17.93232222, 320.895 ], [ -40.79538722, -17.93271694, 350.425 ], [ -40.792815, -17.93409417, 320.053 ], [ -40.79250528, -17.93699639, 327.184 ], [ -40.79301639, -17.93764194, 332.179 ], [ -40.79443056, -17.93847111, 353.289 ], [ -40.79519472, -17.94003722, 370.433 ], [ -40.79707806, -17.94167389, 342.37 ], [ -40.79746056, -17.94284639, 336.498 ], [ -40.79595, -17.94439611, 336.554 ], [ -40.79649444, -17.945825, 310.016 ], [ -40.79557389, -17.94758389, 325.136 ], [ -40.79537361, -17.94865889, 351.734 ], [ -40.79600972, -17.95003167, 349.165 ], [ -40.7962225, -17.95131972, 338.354 ], [ -40.79617028, -17.9542275, 358.326 ], [ -40.79505778, -17.95556306, 368.238 ], [ -40.78800111, -17.96056444, 314.437 ], [ -40.78755778, -17.96361917, 314.5 ], [ -40.79123417000001, -17.96424861, 328.83 ], [ -40.79426528, -17.96697611, 355.88 ], [ -40.79282722, -17.96865417, 349.44 ], [ -40.7889925, -17.96807611, 323.66 ], [ -40.79127222, -17.97209611, 351.05 ] ] ] } },
{ "type": "Feature", "properties": { "area_ha": 38.7 }, "geometry": { "type": "Polygon", "coordinates": [ [ [ -40.828602493190573, -17.956368839433484, 304.319267972660327 ], [ -40.82107694, -17.95566694, 334.069 ], [ -40.82107528, -17.95697861, 340.041 ], [ -40.82252833, -17.96086444, 348.63 ], [ -40.821617876156644, -17.961078618862022, 353.336919290980177 ], [ -40.824582530299999, -17.963223277199994, 383.790406650710338 ], [ -40.828602493190573, -17.956368839433484, 304.319267972660327 ] ] ] } },
{ "type": "Feature", "properties": { "area_ha": 8.2 }, "geometry": { "type": "Polygon", "coordinates": [ [ [ -40.81625917, -17.94187278, 259.482 ], [ -40.81516028, -17.94236, 259.482 ], [ -40.81430361, -17.94223333, 259.482 ], [ -40.8135925, -17.94313194, 259.482 ], [ -40.81240889, -17.94180028, 259.482 ], [ -40.8114575, -17.94207194, 259.482 ], [ -40.81133639, -17.94282833, 259.482 ], [ -40.81179778, -17.94315722, 259.482 ], [ -40.81221111, -17.94517389, 259.482 ], [ -40.81368833, -17.944317219999984, 302.908 ], [ -40.81625917, -17.94187278, 259.482 ] ] ] } },
{ "type": "Feature", "properties": { "area_ha": 2.5 }, "geometry": { "type": "Polygon", "coordinates": [ [ [ -40.70991722, -17.07818472, 252.97 ], [ -40.70850389, -17.07518833, 260.53 ], [ -40.70820278, -17.07518111, 260.06 ], [ -40.70914, -17.07752806, 256.13 ], [ -40.71190333, -17.08150167, 253.18 ], [ -40.71217778, -17.08138333, 253.18 ], [ -40.70991722, -17.07818472, 252.97 ] ] ] } },
{ "type": "Feature", "properties": { "area_ha": 2.5 }, "geometry": { "type": "Polygon", "coordinates": [ [ [ -40.522237152165587, -16.683504592966063, 722.0 ], [ -40.521126259258658, -16.680921536615156, 732.0 ], [ -40.521145227818444, -16.681766913043791, 727.0 ], [ -40.521960816256403, -16.683561751311188, 729.0 ], [ -40.522194818563705, -16.685524254094432, 741.0 ], [ -40.52220071819464, -16.686920901112295, 744.0 ], [ -40.521984727310326, -16.687554095361271, 745.0 ], [ -40.521349428293277, -16.688105784414052, 757.0 ], [ -40.522222096473918, -16.687726224330195, 733.0 ], [ -40.522482163784915, -16.686963745674575, 734.0 ], [ -40.522237152165587, -16.683504592966063, 722.0 ] ] ] } },
{ "type": "Feature", "properties": { "area_ha": 1848.5 }, "geometry": { "type": "Polygon", "coordinates": [ [ [ -40.598015791638211, -16.685467090260861, 637.0 ], [ -40.598943441498641, -16.688249245282037, 638.0 ], [ -40.600136395288033, -16.690695430109319, 706.0 ], [ -40.600534092914671, -16.690723531650359, 721.0 ], [ -40.601023461486292, -16.690252721410278, 721.0 ], [ -40.601222977564944, -16.689632153218973, 671.0 ], [ -40.606421457130992, -16.688900908785264, 678.0 ], [ -40.60651245802746, -16.686438477841083, 639.0 ], [ -40.605473749790647, -16.682864784813766, 623.0 ], [ -40.607616179351965, -16.679098774940893, 572.0 ], [ -40.60730964957969, -16.678320190854024, 563.0 ], [ -40.607548705572079, -16.67777865503065, 550.0 ], [ -40.607878581433155, -16.677794529056488, 551.0 ], [ -40.607860986912073, -16.676777479014014, 540.0 ], [ -40.611177828165175, -16.675402953206238, 466.0 ], [ -40.616808035012703, -16.674331680835106, 537.0 ], [ -40.618144990008346, -16.676484469497321, 577.0 ], [ -40.620690200097457, -16.677399422279056, 598.0 ], [ -40.621861258305685, -16.678761224627124, 583.0 ], [ -40.622759144608089, -16.678202765339364, 575.0 ], [ -40.631843497346182, -16.676026986095096, 624.0 ], [ -40.631618181415597, -16.67520623626287, 609.0 ], [ -40.629741055520142, -16.673361522296968, 621.0 ], [ -40.628852425195788, -16.671519229037568, 634.0 ], [ -40.628745595829059, -16.667525456350322, 664.0 ], [ -40.627899615923162, -16.66609887291516, 676.0 ], [ -40.629722746243409, -16.665242043549483, 674.0 ], [ -40.627066243922862, -16.662668009098958, 673.0 ], [ -40.622326792509789, -16.662593108660651, 600.0 ], [ -40.621072463820866, -16.6620402023491, 633.0 ], [ -40.617735160288106, -16.658096496533531, 560.0 ], [ -40.612555707653414, -16.655148641823537, 446.0 ], [ -40.610338034277163, -16.653441015639046, 447.0 ], [ -40.614996013331044, -16.636587410595936, 376.0 ], [ -40.614789677258159, -16.636405658602939, 376.0 ], [ -40.614474528568408, -16.635676939172416, 373.0 ], [ -40.614433899238492, -16.635425579002057, 373.0 ], [ -40.61365694645621, -16.634969205673713, 374.0 ], [ -40.613021950753364, -16.634472505973559, 374.0 ], [ -40.612824932659613, -16.634664805056325, 376.0 ], [ -40.612584899065226, -16.634308810667164, 374.0 ], [ -40.612645132035084, -16.634091096654402, 374.0 ], [ -40.612459158089969, -16.633933763955625, 374.0 ], [ -40.612409285506203, -16.633753685355067, 374.0 ], [ -40.611989589366743, -16.633759746737738, 381.0 ], [ -40.611872467643224, -16.633092290174751, 375.0 ], [ -40.611729782243437, -16.633067372000923, 375.0 ], [ -40.611317672771364, -16.632545078027032, 372.0 ], [ -40.610957009654712, -16.631874902151882, 375.0 ], [ -40.610560913283578, -16.631844268231855, 375.0 ], [ -40.610971157530905, -16.63186295406231, 375.0 ], [ -40.611885643520743, -16.633076192614016, 375.0 ], [ -40.612005840217662, -16.633741456439793, 381.0 ], [ -40.612423661729309, -16.633735409590468, 374.0 ], [ -40.612665718506925, -16.634086870117216, 374.0 ], [ -40.612827973705528, -16.634636134593997, 376.0 ], [ -40.61302062199313, -16.634448116792804, 374.0 ], [ -40.614451246791766, -16.635415142049485, 373.0 ], [ -40.6150014760033, -16.636568119604021, 376.0 ], [ -40.6167048253538, -16.630490774828399, 373.0 ], [ -40.61552883873722, -16.631262639810192, 375.0 ], [ -40.612670103209574, -16.629879003904502, 373.0 ], [ -40.603720579485163, -16.629074915988895, 368.0 ], [ -40.606533339689449, -16.625517940177623, 389.0 ], [ -40.605574842770459, -16.624842074348429, 393.0 ], [ -40.604804271945973, -16.623567322295237, 401.0 ], [ -40.603193046422511, -16.622382829467398, 374.0 ], [ -40.601794053720376, -16.622001603058685, 399.0 ], [ -40.598985833614549, -16.62220849909983, 392.0 ], [ -40.596383250262235, -16.623934420522346, 385.0 ], [ -40.592594154877624, -16.624467141953186, 393.0 ], [ -40.590614406094645, -16.623597327325658, 389.0 ], [ -40.590295921751753, -16.622905005869228, 392.0 ], [ -40.590240271293794, -16.621178471022915, 382.0 ], [ -40.588877616159813, -16.620289180390522, 379.0 ], [ -40.586262756163173, -16.621180510504658, 387.0 ], [ -40.587987456841851, -16.627113377079755, 397.0 ], [ -40.583518711439211, -16.627762200661689, 382.0 ], [ -40.580841988182549, -16.626323487340947, 388.0 ], [ -40.576465946806231, -16.627835480753134, 453.0 ], [ -40.571830034403895, -16.630640833763895, 370.0 ], [ -40.572683948324475, -16.632570996883061, 369.0 ], [ -40.588665652242909, -16.629361010384301, 434.0 ], [ -40.591789729334018, -16.640120582174006, 441.0 ], [ -40.592341746478041, -16.640993109179824, 449.0 ], [ -40.595599196530529, -16.643836400019723, 436.0 ], [ -40.596155405462966, -16.646989165182994, 440.0 ], [ -40.592837180146155, -16.648370211853535, 437.0 ], [ -40.5935082416622, -16.652423354470891, 450.0 ], [ -40.59116889, -16.6551775, 451.03 ], [ -40.58949111, -16.6583075, 496.01 ], [ -40.59053639, -16.66034472, 514.87 ], [ -40.58922556, -16.66292389, 531.17 ], [ -40.59053611, -16.66356028, 500.69 ], [ -40.59201306, -16.66378389, 497.87 ], [ -40.59276833, -16.66460639, 510.67 ], [ -40.59293028, -16.66528944, 519.86 ], [ -40.59246944, -16.66662611, 528.82 ], [ -40.59086472, -16.66792361, 537.71 ], [ -40.58934306, -16.67056111, 508.4 ], [ -40.58654889, -16.67208278, 546.68 ], [ -40.588745898674581, -16.673320638097135, 537.0 ], [ -40.589897544484714, -16.672690875203333, 497.0 ], [ -40.59120024460541, -16.67251748465462, 480.0 ], [ -40.593090937291734, -16.673846105850192, 465.0 ], [ -40.594220174082999, -16.676748290259987, 477.0 ], [ -40.598652169192462, -16.680123284314735, 665.0 ], [ -40.597776247507738, -16.68089845095507, 665.0 ], [ -40.597509822223024, -16.68278803876392, 634.0 ], [ -40.598015791638211, -16.685467090260861, 637.0 ] ], [ [ -40.609425081970656, -16.657854653443838, 403.0 ], [ -40.608839555400451, -16.657475222804678, 402.0 ], [ -40.608170970724942, -16.65705079854693, 402.0 ], [ -40.607877016387953, -16.656538429771771, 402.0 ], [ -40.607683053588246, -16.656616928068928, 402.0 ], [ -40.607461097236587, -16.655947120325902, 419.0 ], [ -40.607447498700694, -16.655609428000318, 419.0 ], [ -40.607521951014718, -16.655364403703974, 425.0 ], [ -40.607005521729931, -16.65423138951148, 439.0 ], [ -40.606958428168689, -16.654294831811487, 439.0 ], [ -40.606478605758163, -16.653953613099702, 423.0 ], [ -40.606199882799118, -16.653917727300101, 423.0 ], [ -40.605457749134082, -16.65372104929774, 405.0 ], [ -40.605363953038236, -16.653658698214731, 405.0 ], [ -40.606256452948024, -16.653787790789909, 423.0 ], [ -40.605385071470451, -16.653661787973398, 405.0 ], [ -40.606481063635592, -16.653944828298208, 423.0 ], [ -40.607006505660102, -16.654214482954753, 439.0 ], [ -40.607531793710734, -16.655364327385797, 425.0 ], [ -40.607690914448114, -16.656604034770766, 402.0 ], [ -40.607881138924405, -16.656526920990242, 402.0 ], [ -40.608178042214782, -16.65704441789088, 402.0 ], [ -40.609361787314405, -16.65762841029531, 403.0 ], [ -40.609431364252416, -16.657843579712161, 403.0 ], [ -40.609824134919052, -16.657739046067157, 403.0 ], [ -40.609963893131685, -16.657905051985125, 412.0 ], [ -40.610229082782084, -16.658272599200554, 408.0 ], [ -40.610909885010464, -16.659652386499197, 406.0 ], [ -40.609820751838626, -16.657749283977754, 403.0 ], [ -40.609425081970656, -16.657854653443838, 403.0 ] ], [ [ -40.600289930602372, -16.644168611945148, 432.0 ], [ -40.600426850707542, -16.645045128375518, 430.0 ], [ -40.600149584279343, -16.644787818151954, 430.0 ], [ -40.600289930602372, -16.644168611945148, 432.0 ] ], [ [ -40.610556950544051, -16.646028916264395, 383.0 ], [ -40.609651598693063, -16.64610778697071, 381.0 ], [ -40.60884813919288, -16.646736569771146, 383.0 ], [ -40.608276761072922, -16.647048525368572, 383.0 ], [ -40.608117636413262, -16.647537569002385, 383.0 ], [ -40.608251975087001, -16.647032722310907, 383.0 ], [ -40.609636872774345, -16.646084315047492, 381.0 ], [ -40.610556950544051, -16.646028916264395, 383.0 ] ], [ [ -40.600417195858974, -16.633094447680072, 378.0 ], [ -40.596379434680728, -16.632594893167347, 382.0 ], [ -40.594908426223078, -16.632218426629926, 382.0 ], [ -40.594711513898709, -16.631915304773383, 385.0 ], [ -40.594568692299596, -16.630762115413663, 394.0 ], [ -40.594756518893178, -16.630000124920485, 394.0 ], [ -40.595117561972124, -16.629294549485255, 396.0 ], [ -40.595912627390817, -16.628593680658614, 383.0 ], [ -40.596638241641735, -16.627089689892657, 386.0 ], [ -40.595988076454297, -16.628649581449327, 383.0 ], [ -40.594845340762795, -16.630029535551945, 396.0 ], [ -40.594671540884121, -16.630968903569784, 394.0 ], [ -40.594962065751957, -16.632141833221105, 382.0 ], [ -40.600427495829472, -16.633002734070722, 378.0 ], [ -40.601248239541036, -16.633578290166078, 377.0 ], [ -40.601942274533911, -16.633298032435061, 370.0 ], [ -40.602198304900377, -16.632681908829465, 369.0 ], [ -40.602642730520344, -16.632436921736549, 370.0 ], [ -40.602188003895328, -16.63316844446258, 370.0 ], [ -40.601541881286956, -16.633642174735837, 376.0 ], [ -40.601226044536951, -16.633671089606416, 377.0 ], [ -40.600417195858974, -16.633094447680072, 378.0 ] ] ] } },
{ "type": "Feature", "properties": { "area_ha": 1197.1 }, "geometry": { "type": "Polygon", "coordinates": [ [ [ -41.040128362882498, -16.695159445213569, 519.0 ], [ -41.04063118641988, -16.689656506977517, 317.0 ], [ -41.040461440472129, -16.687336275302638, 305.0 ], [ -41.039599837564602, -16.686469096077012, 303.0 ], [ -41.040915070318945, -16.686401196545791, 302.0 ], [ -41.043573630850908, -16.685646017602384, 296.0 ], [ -41.044761945751674, -16.68505098149144, 300.0 ], [ -41.0461733753517, -16.683735452624504, 286.0 ], [ -41.0511126416746, -16.682249011699177, 323.0 ], [ -41.052041635938302, -16.68234009205106, 341.0 ], [ -41.054220367617397, -16.684800199338405, 396.0 ], [ -41.056803689945504, -16.684950723505484, 425.0 ], [ -41.058009220602258, -16.685452284355605, 433.0 ], [ -41.059149925038142, -16.686543649486293, 454.0 ], [ -41.061101999452646, -16.689271822021762, 493.0 ], [ -41.061378322777117, -16.689225340398863, 503.0 ], [ -41.059918103939886, -16.685788365367223, 452.0 ], [ -41.061749771243633, -16.682481238969789, 438.0 ], [ -41.063558527192555, -16.682827320985865, 481.0 ], [ -41.064186747323731, -16.68339296578436, 494.0 ], [ -41.064720461395162, -16.683476636068519, 498.0 ], [ -41.065956136570534, -16.682255257165078, 520.0 ], [ -41.068138015399462, -16.683947203864971, 499.0 ], [ -41.071047549681083, -16.68488258172253, 494.0 ], [ -41.07414167, -16.68374278, 572.628 ], [ -41.07229194, -16.68078556, 512.999 ], [ -41.07174278, -16.67783222, 429.046 ], [ -41.06859917, -16.67472417, 332.116 ], [ -41.06938167, -16.67427361, 335.625 ], [ -41.06932611, -16.67275778, 416.446 ], [ -41.06854944, -16.67217278, 434.961 ], [ -41.0684375, -16.66926861, 473.954 ], [ -41.06925611, -16.65979361, 532.405 ], [ -41.07011639000001, -16.65583722, 719.53 ], [ -41.06982222, -16.6548475, 735.453 ], [ -41.07070139, -16.65233306, 730.386 ], [ -41.070215485602574, -16.649307397928805, 758.0 ], [ -41.066944073439416, -16.64831809569327, 758.0 ], [ -41.065324614115923, -16.648586305923651, 761.0 ], [ -41.062994293918564, -16.649750433594996, 756.0 ], [ -41.060563270817944, -16.648292786426669, 690.0 ], [ -41.058873625226909, -16.648080985306329, 661.416 ], [ -41.058148007535081, -16.648605891138331, 658.346 ], [ -41.057357220141427, -16.649865531398177, 662.025 ], [ -41.056684514987587, -16.652503545520755, 602.215 ], [ -41.057452887298886, -16.656304694752105, 537.235 ], [ -41.057254798654256, -16.657063970306329, 528.242 ], [ -41.055109358938061, -16.659863322698833, 489.028 ], [ -41.053965786178011, -16.66061109974391, 495.224 ], [ -41.053632580360436, -16.662465394766716, 488.701 ], [ -41.049606558189588, -16.662065524856523, 370.152 ], [ -41.042336473171339, -16.66535160448635, 293.071 ], [ -41.036433474124294, -16.670485957709886, 300.0 ], [ -41.035702774821829, -16.672077254193578, 304.0 ], [ -41.035995058892084, -16.672938130591909, 298.0 ], [ -41.035813288173081, -16.673733826287638, 272.0 ], [ -41.034120738736711, -16.676078698970564, 302.0 ], [ -41.032016228052136, -16.67980445663364, 338.0 ], [ -41.031338815954499, -16.683083058588384, 356.0 ], [ -41.031996098451849, -16.688986972580455, 526.0 ], [ -41.032506114380254, -16.689895857861874, 536.0 ], [ -41.032632979839661, -16.691467521596508, 533.0 ], [ -41.034047401069103, -16.691759456473832, 544.0 ], [ -41.034542321571138, -16.692551298900785, 557.0 ], [ -41.033680154203765, -16.695776337648788, 613.0 ], [ -41.034195767162529, -16.69647618041877, 616.0 ], [ -41.034393565193668, -16.697555366262907, 602.082 ], [ -41.035859106665278, -16.697562358586826, 633.0 ], [ -41.038837144739183, -16.695508368783198, 553.0 ], [ -41.040128362882498, -16.695159445213569, 519.0 ] ] ] } },
{ "type": "Feature", "properties": { "area_ha": 120.7 }, "geometry": { "type": "Polygon", "coordinates": [ [ [ -40.590522249896374, -16.62103524510621, 382.0 ], [ -40.590717336965099, -16.623200901420514, 392.0 ], [ -40.592241786764525, -16.624077008230213, 395.0 ], [ -40.593237688882937, -16.624179982093747, 411.0 ], [ -40.59595138853944, -16.623736577879587, 385.0 ], [ -40.598614990823485, -16.621987870901155, 395.0 ], [ -40.602025640388909, -16.621705484813546, 421.0 ], [ -40.603223982100189, -16.622044791305541, 374.0 ], [ -40.60483952758959, -16.623196808304701, 381.0 ], [ -40.605813664545664, -16.624638614683914, 393.0 ], [ -40.606710611383164, -16.625261999538672, 389.0 ], [ -40.608021935886747, -16.62254168823986, 443.0 ], [ -40.608209785186091, -16.621181899869502, 446.0 ], [ -40.609089744209598, -16.619790634385559, 429.0 ], [ -40.610488266357187, -16.619430701261845, 398.0 ], [ -40.610534163674323, -16.616729945816942, 388.0 ], [ -40.611957489947301, -16.614089266873783, 424.0 ], [ -40.610532974356254, -16.61374353754114, 411.0 ], [ -40.604259109475876, -16.615972044496768, 369.0 ], [ -40.602901365028565, -16.6201482666477, 417.0 ], [ -40.597856922796517, -16.619408150690166, 453.0 ], [ -40.59576507850376, -16.618228374369121, 440.903 ], [ -40.589302792611868, -16.620132028232067, 372.124 ], [ -40.590522249896374, -16.62103524510621, 382.0 ] ] ] } },
{ "type": "Feature", "properties": { "area_ha": 1139.1 }, "geometry": { "type": "Polygon", "coordinates": [ [ [ -40.545213477825385, -16.453228498364187, 459.0 ], [ -40.546597789608562, -16.449607998477759, 418.0 ], [ -40.548509226746759, -16.448600965427897, 396.0 ], [ -40.544340751793705, -16.445546396630835, 303.0 ], [ -40.548591740480802, -16.448543150167982, 396.0 ], [ -40.552875821362036, -16.445641597649335, 263.0 ], [ -40.555455661673669, -16.44195788199081, 274.0 ], [ -40.557704584479161, -16.437876973178838, 256.0 ], [ -40.555538867111323, -16.441999287883075, 274.0 ], [ -40.552949497224276, -16.445697444247411, 259.0 ], [ -40.563702431817667, -16.45282594261371, 262.0 ], [ -40.565524692573916, -16.448508835174323, 259.0 ], [ -40.566470521246117, -16.448250626477758, 248.0 ], [ -40.567722869436132, -16.448892212027566, 260.0 ], [ -40.569711016164923, -16.448415625255258, 282.0 ], [ -40.571110349170773, -16.446863041673939, 300.0 ], [ -40.57206226817457, -16.444804561634751, 294.0 ], [ -40.572156049327106, -16.443553567715004, 294.0 ], [ -40.571571942091786, -16.442233188949075, 304.0 ], [ -40.567350602300834, -16.437175314724513, 248.0 ], [ -40.565764691729598, -16.431135134252123, 255.0 ], [ -40.56278546766886, -16.429659970462488, 272.0 ], [ -40.559192362368577, -16.427276744151428, 275.0 ], [ -40.558351331111773, -16.426210543620115, 256.0 ], [ -40.55800051355147, -16.425122897402478, 261.0 ], [ -40.558131426986215, -16.421681092489816, 245.0 ], [ -40.554612955629757, -16.419296493201905, 239.0 ], [ -40.553295230953523, -16.418882127883979, 251.0 ], [ -40.550321928007726, -16.418875454683992, 252.0 ], [ -40.548448944670533, -16.419582162778536, 275.0 ], [ -40.545265192090277, -16.421632860122994, 332.0 ], [ -40.543075687373666, -16.432496046580908, 378.0 ], [ -40.54996274739765, -16.435480441696036, 285.0 ], [ -40.543010245855285, -16.432580755242221, 373.0 ], [ -40.545178993607159, -16.4215786383321, 332.0 ], [ -40.540643827847283, -16.424546738249006, 386.0 ], [ -40.539571386514986, -16.42698229428321, 412.0 ], [ -40.538951352973129, -16.427367853910507, 412.0 ], [ -40.538297959238811, -16.428357437956198, 422.0 ], [ -40.537841770316035, -16.429978637705133, 418.0 ], [ -40.539227589422389, -16.432600135064142, 461.0 ], [ -40.539143311651181, -16.433586811600765, 456.0 ], [ -40.538078818261354, -16.434933944453036, 453.0 ], [ -40.536961996788243, -16.435237649094308, 453.0 ], [ -40.535134753169402, -16.437430372708075, 456.0 ], [ -40.534881255216405, -16.43835936414742, 456.0 ], [ -40.532010702516494, -16.440437874096251, 410.0 ], [ -40.531228774391707, -16.440629933837165, 410.0 ], [ -40.530034983385889, -16.442159626183127, 445.0 ], [ -40.530049578112575, -16.443508519064533, 467.0 ], [ -40.531418948789579, -16.444293895855175, 467.0 ], [ -40.532603467886055, -16.444458486318457, 451.0 ], [ -40.534054727597358, -16.452302274433304, 469.0 ], [ -40.533618549438373, -16.453988571347349, 467.0 ], [ -40.533019940076649, -16.454454847002712, 457.0 ], [ -40.531915598139015, -16.457580065886422, 497.0 ], [ -40.533519629885348, -16.459085692675295, 530.0 ], [ -40.535925433787199, -16.458672508108943, 538.0 ], [ -40.536428253075776, -16.458219759236393, 538.0 ], [ -40.538753025866583, -16.458459447565588, 497.0 ], [ -40.54381556, -16.46456778, 464.54 ], [ -40.542979963096748, -16.462306336058056, 499.0 ], [ -40.544965379961759, -16.458206054901478, 441.0 ], [ -40.545213477825385, -16.453228498364187, 459.0 ] ] ] } },
{ "type": "Feature", "properties": { "area_ha": 783.7 }, "geometry": { "type": "Polygon", "coordinates": [ [ [ -41.061041090266492, -16.454959789455071, 265.0 ], [ -41.061911042263766, -16.447626851112627, 252.0 ], [ -41.062702653744125, -16.4434718695241, 246.0 ], [ -41.059328694514974, -16.444132887364276, 231.0 ], [ -41.046063989054986, -16.443469210214392, 227.0 ], [ -41.046413625046732, -16.444732798230813, 227.0 ], [ -41.046350937396873, -16.445406619941547, 227.0 ], [ -41.045950176251687, -16.443463544559993, 227.0 ], [ -41.043700237096026, -16.443351046011585, 236.0 ], [ -41.042461906080923, -16.447023806635439, 239.0 ], [ -41.043088562741644, -16.451291878209663, 253.0 ], [ -41.052629662036139, -16.45392164743901, 257.0 ], [ -41.04300845183311, -16.451366747627592, 253.0 ], [ -41.042665278402836, -16.459153530461162, 417.0 ], [ -41.043681871755638, -16.466965171418455, 549.0 ], [ -41.04480189548017, -16.467148311573411, 545.0 ], [ -41.047837886430564, -16.471778240165673, 568.0 ], [ -41.051404635126566, -16.47218712184555, 613.0 ], [ -41.054279942841511, -16.471696145926217, 637.0 ], [ -41.065596728132221, -16.475343722877199, 450.0 ], [ -41.07234724990149, -16.472591060052402, 330.0 ], [ -41.071370732148189, -16.471024927851396, 285.0 ], [ -41.071918507692331, -16.466726336600139, 265.0 ], [ -41.071962558452995, -16.460958664627022, 265.0 ], [ -41.065182056296514, -16.459146970551391, 284.0 ], [ -41.065671760171995, -16.466034171908948, 287.0 ], [ -41.070044481158767, -16.46623827802879, 268.0 ], [ -41.065566611448915, -16.466131613187077, 285.0 ], [ -41.060094388486029, -16.463131665928415, 341.0 ], [ -41.065580914388626, -16.466005704165426, 285.0 ], [ -41.065082314222956, -16.459197646717584, 284.0 ], [ -41.06042275786708, -16.457955580491664, 297.0 ], [ -41.057739570188517, -16.45885926202909, 271.0 ], [ -41.060321337776841, -16.457891796450749, 293.0 ], [ -41.061041090266492, -16.454959789455071, 265.0 ] ], [ [ -41.053012593960418, -16.450334204581793, 240.0 ], [ -41.053029446947562, -16.450423216161571, 241.0 ], [ -41.050748290807974, -16.450153896615888, 248.0 ], [ -41.053012593960418, -16.450334204581793, 240.0 ] ] ] } },
{ "type": "Feature", "properties": { "area_ha": 29.0 }, "geometry": { "type": "Polygon", "coordinates": [ [ [ -40.570234325605711, -16.45356198311061, 298.0 ], [ -40.568518970031221, -16.454660824336141, 291.0 ], [ -40.566867161067229, -16.453785731288828, 298.0 ], [ -40.56621051391474, -16.450754872609327, 273.0 ], [ -40.565295313551211, -16.449485388534622, 256.0 ], [ -40.563737213596767, -16.452970910606581, 262.0 ], [ -40.572318120052202, -16.458651625214262, 366.0 ], [ -40.574761609069853, -16.458049655400337, 331.0 ], [ -40.572234739194784, -16.456509453092991, 324.0 ], [ -40.570984561546936, -16.454179472375316, 298.0 ], [ -40.570234325605711, -16.45356198311061, 298.0 ] ] ] } },
{ "type": "Feature", "properties": { "area_ha": 773.6 }, "geometry": { "type": "Polygon", "coordinates": [ [ [ -40.587745096458768, -16.449360286352771, 432.0 ], [ -40.589621789725655, -16.4456000082447, 326.0 ], [ -40.589148203453867, -16.442674495099769, 375.0 ], [ -40.590307857439051, -16.437955118412901, 387.0 ], [ -40.589873645269428, -16.43679343787926, 418.0 ], [ -40.588953468209233, -16.435208615094741, 447.17 ], [ -40.587732264126828, -16.434258662814969, 444.74 ], [ -40.586143093861565, -16.43072750208939, 414.55 ], [ -40.582019654622435, -16.427744928184854, 332.97 ], [ -40.581291901265871, -16.426123457034791, 345.2 ], [ -40.578520479168034, -16.4223106696586, 264.49 ], [ -40.576001916615063, -16.419408330033875, 307.03 ], [ -40.573083661090841, -16.416953305970527, 383.96 ], [ -40.572553194094297, -16.419161085164859, 385.0 ], [ -40.571775072231965, -16.420508932603852, 389.0 ], [ -40.572423682644796, -16.421884142735653, 365.0 ], [ -40.569826113655644, -16.425096690644359, 384.0 ], [ -40.568481355576154, -16.424962239307643, 400.0 ], [ -40.5668782364382, -16.426052078567341, 411.0 ], [ -40.563703799956691, -16.425471525706509, 366.0 ], [ -40.558410897817254, -16.421747881734312, 245.0 ], [ -40.558279534199038, -16.425085580948117, 261.0 ], [ -40.55882135521388, -16.426429368858003, 275.0 ], [ -40.559517096518988, -16.427194442357827, 292.0 ], [ -40.562931093510876, -16.429427985347807, 272.0 ], [ -40.565817247639444, -16.430787533175973, 255.0 ], [ -40.566714124351392, -16.433193948232343, 246.0 ], [ -40.566906760204908, -16.432483813520001, 247.0 ], [ -40.569349564060992, -16.42850998291139, 324.0 ], [ -40.569776293754089, -16.428116294804202, 344.0 ], [ -40.570360762618115, -16.428009259785536, 332.0 ], [ -40.570440426901243, -16.427214024678833, 358.0 ], [ -40.572406232013272, -16.426781697942708, 319.0 ], [ -40.570516903705375, -16.427304185655512, 332.0 ], [ -40.570467537943877, -16.428059430453498, 332.0 ], [ -40.569449350418921, -16.428564363462389, 324.0 ], [ -40.567006047344371, -16.432534132103388, 247.0 ], [ -40.566785281974468, -16.433414737530665, 246.0 ], [ -40.567613595221609, -16.437076019005712, 248.0 ], [ -40.571810137082622, -16.442089068420369, 304.0 ], [ -40.572293239831247, -16.442937198984161, 286.0 ], [ -40.572444818381356, -16.444293895219538, 294.0 ], [ -40.576563617857268, -16.445535215161875, 299.0 ], [ -40.576407479759879, -16.446064971545638, 306.0 ], [ -40.581109291424376, -16.444681950138545, 319.0 ], [ -40.585409088550335, -16.447725442151864, 374.0 ], [ -40.58109221481773, -16.444781939134131, 319.0 ], [ -40.576268931295388, -16.446210065268911, 306.0 ], [ -40.576446471914764, -16.445605410878024, 299.0 ], [ -40.572434508946984, -16.444385880414362, 294.0 ], [ -40.571351217586326, -16.44700384282261, 300.0 ], [ -40.569872945689411, -16.44863853429981, 282.0 ], [ -40.567743210249191, -16.449162813513443, 260.0 ], [ -40.566409388081141, -16.448521385193594, 258.0 ], [ -40.565662969445249, -16.448760662707752, 259.0 ], [ -40.565536412940595, -16.44932805820304, 266.0 ], [ -40.566476608804997, -16.45066639837934, 273.0 ], [ -40.567093444299822, -16.453613869464586, 284.0 ], [ -40.568469049685476, -16.45439225200775, 291.0 ], [ -40.569752048237135, -16.453389732924268, 298.0 ], [ -40.5704641980237, -16.453347797109359, 298.0 ], [ -40.571222766431646, -16.45403480917717, 293.0 ], [ -40.572457359187837, -16.456336528663453, 324.0 ], [ -40.575096036124897, -16.457921615772939, 331.0 ], [ -40.581814802558647, -16.455162305954246, 416.0 ], [ -40.582814740079016, -16.453169121639935, 436.0 ], [ -40.583644959592618, -16.45362166379001, 435.0 ], [ -40.586859195425077, -16.452459037814705, 454.0 ], [ -40.587745096458768, -16.449360286352771, 432.0 ] ] ] } },
{ "type": "Feature", "properties": { "area_ha": 122.2 }, "geometry": { "type": "Polygon", "coordinates": [ [ [ -41.065926233884419, -16.448181821264821, 269.0 ], [ -41.07765494049648, -16.448744324780503, 263.0 ], [ -41.079535316127021, -16.443111417316103, 221.92 ], [ -41.079315372158561, -16.439680116397913, 224.0 ], [ -41.074593559423072, -16.439834583016847, 235.0 ], [ -41.074351139314054, -16.441259094904328, 235.0 ], [ -41.069921553586056, -16.443117470662138, 244.0 ], [ -41.069974107288239, -16.443712090407764, 227.0 ], [ -41.06982255141105, -16.443060443086335, 244.0 ], [ -41.065670984578873, -16.4449234008313, 272.0 ], [ -41.065446097903497, -16.442560235452206, 252.0 ], [ -41.062806000674691, -16.443435164105104, 246.0 ], [ -41.061990370309609, -16.447700339109453, 269.0 ], [ -41.065926233884419, -16.448181821264821, 269.0 ] ], [ [ -41.076111123160999, -16.442992752600471, 215.91 ], [ -41.075640897451308, -16.443604200548979, 227.0 ], [ -41.07629431174491, -16.44261128700991, 229.0 ], [ -41.076111123160999, -16.442992752600471, 215.91 ] ] ] } },
{ "type": "Feature", "properties": { "area_ha": 238.3 }, "geometry": { "type": "Polygon", "coordinates": [ [ [ -41.062578226278013, -16.440662007797908, 247.0 ], [ -41.064775417083041, -16.431988843581077, 261.0 ], [ -41.057135685390961, -16.427236254458013, 212.0 ], [ -41.055604192409419, -16.429227155428936, 212.0 ], [ -41.052053784362727, -16.432188483719322, 212.0 ], [ -41.049076782904017, -16.436881169453972, 216.0 ], [ -41.047929814668471, -16.437915242868971, 215.0 ], [ -41.04638612201304, -16.438213203015284, 215.0 ], [ -41.045807388198135, -16.437975261495453, 212.0 ], [ -41.043923735323332, -16.442628221797495, 234.0 ], [ -41.052625275076053, -16.443079085560861, 237.0 ], [ -41.05924010796825, -16.432916224909928, 248.0 ], [ -41.052723107067933, -16.44306972503658, 237.0 ], [ -41.059113859330893, -16.443407943101342, 242.0 ], [ -41.061684999786451, -16.443049369952977, 250.0 ], [ -41.062410940887823, -16.442791054583946, 251.0 ], [ -41.062578226278013, -16.440662007797908, 247.0 ] ] ] } },
{ "type": "Feature", "properties": { "area_ha": 1367.4 }, "geometry": { "type": "Polygon", "coordinates": [ [ [ -39.9706975, -16.13809167, 133.09 ], [ -39.97177333, -16.13669444, 132.02 ], [ -39.97127306, -16.13541583, 131.7 ], [ -39.97136056, -16.13300222, 131.74 ], [ -39.97100472, -16.13210556, 131.23 ], [ -39.97120556, -16.13081917, 130.61 ], [ -39.97323861000001, -16.127555, 130.12 ], [ -39.97386389, -16.12568111, 130.86 ], [ -39.97518917, -16.12453056, 128.92 ], [ -39.97578667, -16.12306056, 128.06 ], [ -39.97628889, -16.12291389, 128.17 ], [ -39.97749972, -16.12121167, 127.86 ], [ -39.97852333, -16.12044861, 127.448 ], [ -39.93824167, -16.09020639, 183.98 ], [ -39.936569634064611, -16.094189745356271, 189.44 ], [ -39.936400016704027, -16.098156934411421, 201.05 ], [ -39.936951417161154, -16.102169050801361, 207.63 ], [ -39.938919087375005, -16.107141604569083, 202.92 ], [ -39.939172382390545, -16.109325828985014, 205.54 ], [ -39.938396379771703, -16.121155694692444, 188.0 ], [ -39.923472660320485, -16.121628547535476, 198.21 ], [ -39.96912639, -16.13994139, 133.887 ], [ -39.96991472, -16.13829528, 132.65 ], [ -39.9706975, -16.13809167, 133.09 ] ] ] } },
{ "type": "Feature", "properties": { "area_ha": 8.9 }, "geometry": { "type": "Polygon", "coordinates": [ [ [ -40.34554028, -16.12962444, 154.704 ], [ -40.34420667, -16.12586389, 147.236 ], [ -40.34244972, -16.126295, 146.632 ], [ -40.34396972, -16.13046944, 154.355 ], [ -40.34554028, -16.12962444, 154.704 ] ] ] } }
]
}
