{
"type": "FeatureCollection",
"name": "vazio-cadastral-bacia",
"crs": { "type": "name", "properties": { "name": "urn:ogc:def:crs:OGC:1.3:CRS84" } },
"features": [
{ "type": "Feature", "properties": { "area_ha": 1460.1, "proveniencia": "limite_municipal − cadastro − exclusoes", "veg_nativa_pct": 32.9, "silvicultura_pct": 0.0, "uso_antropico_pct": 65.7, "supressao_ha": 21.15, "regeneracao_ha": 17.46, "titularidade": "sem_registro_conhecido", "municipio": "Caetanópolis", "codigo_ibge": "3109907", "largura_media_m": 339.0, "compacidade": 0.025, "ponto_lat": -19.393101, "ponto_lon": -44.414629, "utm_e": 561464.9, "utm_n": 7855571.6 }, "geometry": { "type": "Polygon", "coordinates": [ [ [ -44.3679256, -19.38424445, 839.59719183673451 ], [ -44.367050361708486, -19.386554409327434, 839.59719183673451 ], [ -44.37127325, -19.3877408, 839.59719183673451 ], [ -44.37122245, -19.3881532, 839.59719183673451 ], [ -44.3706503, -19.3881614, 839.59719183673451 ], [ -44.367755670779736, -19.387217863345978, 839.59719183673451 ], [ -44.36874464000001, -19.38780601, 839.59719183673451 ], [ -44.36980141, -19.38798874, 839.59719183673451 ], [ -44.37120118, -19.38927602, 839.59719183673451 ], [ -44.37063649, -19.39023461, 839.59719183673451 ], [ -44.36695575, -19.39321794, 839.59719183673451 ], [ -44.366710676101746, -19.3929174902193, 839.59719183673451 ], [ -44.365918787621865, -19.393690815399456, 839.59719183673451 ], [ -44.36597761, -19.39410761, 839.59719183673451 ], [ -44.365402573531732, -19.394194922553762, 839.59719183673451 ], [ -44.364012134972178, -19.395913248688913, 839.59719183673451 ], [ -44.367004095311607, -19.398673336849612, 839.59719183673451 ], [ -44.36957141, -19.39577058, 839.59719183673451 ], [ -44.37230593, -19.39346321, 787.431671532846735 ], [ -44.37266351, -19.39344582, 787.431671532846735 ], [ -44.37273644, -19.39387659, 787.431671532846735 ], [ -44.36997824, -19.39615186, 839.59719183673451 ], [ -44.367418985412215, -19.399056062542538, 839.59719183673451 ], [ -44.371532966296307, -19.402850960421905, 839.59719183673451 ], [ -44.37333912, -19.40067821, 787.431671532846735 ], [ -44.37420016, -19.39888799, 787.431671532846735 ], [ -44.37521193, -19.39797151, 787.431671532846735 ], [ -44.37556904, -19.39798649, 787.431671532846735 ], [ -44.37565944, -19.39834842, 787.431671532846735 ], [ -44.37465458, -19.39921712, 787.431671532846735 ], [ -44.37368998, -19.40116312, 787.431671532846735 ], [ -44.371942925131471, -19.403229108040122, 839.59719183673451 ], [ -44.374169481700001, -19.405282846399999, 787.431671532846735 ], [ -44.375314841373836, -19.405668781796145, 787.431671532846735 ], [ -44.3766274, -19.40478913, 787.431671532846735 ], [ -44.37841109, -19.40459286, 787.431671532846735 ], [ -44.37920825, -19.4053601, 787.431671532846735 ], [ -44.37988364, -19.40557431, 787.431671532846735 ], [ -44.38115018, -19.40711596, 787.431671532846735 ], [ -44.381251058315357, -19.407668879800212, 787.431671532846735 ], [ -44.382360002213332, -19.408042491126107, 787.431671532846735 ], [ -44.38315304, -19.40789682, 787.431671532846735 ], [ -44.384307313851998, -19.40869853433443, 787.431671532846735 ], [ -44.38484454, -19.40856012, 787.431671532846735 ], [ -44.38390518, -19.40689601, 787.431671532846735 ], [ -44.38418118, -19.40550073, 787.431671532846735 ], [ -44.384035, -19.404440059999988, 787.431671532846735 ], [ -44.384450976739402, -19.403740878781878, 708.973447821294485 ], [ -44.3837286, -19.40378284, 787.431671532846735 ], [ -44.38275492, -19.40295338, 787.431671532846735 ], [ -44.38013417, -19.40196389, 807.89 ], [ -44.378203321979747, -19.399036865117807, 832.321408577923421 ], [ -44.37469222, -19.396565, 837.6 ], [ -44.372981087615813, -19.393356755180829, 856.720617714400987 ], [ -44.37222083, -19.39287667, 858.79 ], [ -44.37074306, -19.39091028, 865.9 ], [ -44.37215611, -19.3890675, 867.3 ], [ -44.37794671000001, -19.38794909, 787.431671532846735 ], [ -44.377970900048823, -19.388244100435781, 787.431671532846735 ], [ -44.3817607, -19.38562458, 787.431671532846735 ], [ -44.38365027, -19.38467569, 787.431671532846735 ], [ -44.38732612, -19.38658485, 787.431671532846735 ], [ -44.387268997324654, -19.388529628608371, 787.431671532846735 ], [ -44.38902652, -19.38937161, 787.431671532846735 ], [ -44.38995566, -19.39043103, 787.431671532846735 ], [ -44.3930238, -19.39121111, 787.431671532846735 ], [ -44.39275497, -19.39163905, 787.431671532846735 ], [ -44.39082848, -19.39124492, 787.431671532846735 ], [ -44.39144574, -19.39176288, 787.431671532846735 ], [ -44.39105592, -19.39211896, 787.431671532846735 ], [ -44.38889936, -19.38996749, 787.431671532846735 ], [ -44.387249377147782, -19.389197594009254, 787.431671532846735 ], [ -44.387077097445037, -19.395062468272556, 787.431671532846735 ], [ -44.38865393, -19.39503072, 787.431671532846735 ], [ -44.38890589, -19.39531566, 787.431671532846735 ], [ -44.38866513, -19.39558502, 787.431671532846735 ], [ -44.387058074093773, -19.395710036067282, 787.431671532846735 ], [ -44.386937625859538, -19.399809994180437, 787.431671532846735 ], [ -44.38717246, -19.39880895, 787.431671532846735 ], [ -44.3884636, -19.39737914, 787.431671532846735 ], [ -44.39008569, -19.39660326, 787.431671532846735 ], [ -44.39120866, -19.39536299, 787.431671532846735 ], [ -44.39162188, -19.39573293, 787.431671532846735 ], [ -44.39047641, -19.39699901, 787.431671532846735 ], [ -44.39232764, -19.39694286, 787.431671532846735 ], [ -44.3926029, -19.39724318, 787.431671532846735 ], [ -44.3917821, -19.39761293, 787.431671532846735 ], [ -44.38922411, -19.39752042, 787.431671532846735 ], [ -44.38777741, -19.39890573, 787.431671532846735 ], [ -44.386896851259934, -19.401197856721115, 787.431671532846735 ], [ -44.39088394, -19.400421, 787.431671532846735 ], [ -44.39163215, -19.40041363, 787.431671532846735 ], [ -44.39181574, -19.40071536, 787.431671532846735 ], [ -44.386880840388756, -19.40174281578561, 787.431671532846735 ], [ -44.386849929070308, -19.402794922944263, 787.431671532846735 ], [ -44.39099158, -19.40234292, 787.431671532846735 ], [ -44.39129182, -19.40256814, 787.431671532846735 ], [ -44.39114638, -19.40288805, 787.431671532846735 ], [ -44.38768857, -19.40311351, 787.431671532846735 ], [ -44.38471325, -19.40429257, 787.431671532846735 ], [ -44.38447725, -19.40686659, 787.431671532846735 ], [ -44.38540286, -19.40843842, 787.431671532846735 ], [ -44.38658568, -19.40849293, 787.431671532846735 ], [ -44.38803376, -19.40792204, 787.431671532846735 ], [ -44.38962043, -19.40795317, 787.431671532846735 ], [ -44.39059015, -19.40875993, 787.431671532846735 ], [ -44.39137994, -19.40882691, 787.431671532846735 ], [ -44.3919744, -19.4094181, 787.431671532846735 ], [ -44.39252317, -19.4094901, 787.431671532846735 ], [ -44.3929891, -19.40308117, 787.431671532846735 ], [ -44.3933401, -19.40283323, 787.431671532846735 ], [ -44.39366672, -19.40353087, 787.431671532846735 ], [ -44.39304809, -19.40996263, 787.431671532846735 ], [ -44.39439996, -19.41010278, 787.431671532846735 ], [ -44.39551714, -19.41076013, 787.431671532846735 ], [ -44.39619285, -19.41000854, 787.431671532846735 ], [ -44.39667204, -19.40708366, 787.431671532846735 ], [ -44.39651733, -19.40423983, 787.431671532846735 ], [ -44.39700592, -19.40283567, 787.431671532846735 ], [ -44.39626095, -19.39841356, 787.431671532846735 ], [ -44.39642038, -19.3969699, 787.431671532846735 ], [ -44.39690578, -19.39605726, 787.431671532846735 ], [ -44.39775468, -19.39538188, 787.431671532846735 ], [ -44.39802828, -19.39573062, 787.431671532846735 ], [ -44.39712911, -19.39676151, 787.431671532846735 ], [ -44.39682778, -19.39831072, 787.431671532846735 ], [ -44.40094161, -19.3969691, 787.431671532846735 ], [ -44.40098712, -19.39733854, 787.431671532846735 ], [ -44.40025931, -19.39779884, 787.431671532846735 ], [ -44.3975884, -19.39847356, 787.431671532846735 ], [ -44.39698793, -19.39892503, 787.431671532846735 ], [ -44.39751909, -19.40203433, 787.431671532846735 ], [ -44.39951884, -19.40093067, 787.431671532846735 ], [ -44.40068195, -19.39956727, 787.431671532846735 ], [ -44.4011504, -19.39978814, 787.431671532846735 ], [ -44.39988736, -19.40134682, 787.431671532846735 ], [ -44.3983061, -19.40203372, 787.431671532846735 ], [ -44.39757821, -19.40283123, 787.431671532846735 ], [ -44.39708814, -19.40429202, 787.431671532846735 ], [ -44.39715431, -19.4050899, 787.431671532846735 ], [ -44.39980142, -19.40360861, 787.431671532846735 ], [ -44.40120629, -19.40240278, 787.431671532846735 ], [ -44.40164977, -19.40268369, 787.431671532846735 ], [ -44.40013935, -19.40404574, 787.431671532846735 ], [ -44.39769274, -19.4053411, 787.431671532846735 ], [ -44.39726722, -19.40582319, 787.431671532846735 ], [ -44.39674729, -19.41014424, 787.431671532846735 ], [ -44.39585023, -19.41125521, 787.431671532846735 ], [ -44.39616835, -19.41193959, 787.431671532846735 ], [ -44.39724196, -19.41235215, 787.431671532846735 ], [ -44.397659844696548, -19.413196261534274, 787.431671532846735 ], [ -44.400138878800007, -19.414031176400005, 787.431671532846735 ], [ -44.40330546, -19.41216648, 787.431671532846735 ], [ -44.40392441, -19.4109977, 787.431671532846735 ], [ -44.40754963, -19.40730516, 787.431671532846735 ], [ -44.40829237, -19.40553157, 787.431671532846735 ], [ -44.41177687, -19.40324555, 787.431671532846735 ], [ -44.41137424, -19.40186044, 787.431671532846735 ], [ -44.40907003, -19.40089645, 787.431671532846735 ], [ -44.40685299, -19.39852467, 787.431671532846735 ], [ -44.40394485, -19.3977163, 787.431671532846735 ], [ -44.40394485, -19.39723193, 787.431671532846735 ], [ -44.40582783, -19.39749073, 787.431671532846735 ], [ -44.40711746, -19.39804241, 787.431671532846735 ], [ -44.40942945, -19.40047476, 787.431671532846735 ], [ -44.41129933, -19.40118361, 787.431671532846735 ], [ -44.41199705, -19.39965133, 787.431671532846735 ], [ -44.41167112, -19.39791737, 787.431671532846735 ], [ -44.41180462, -19.395464979999989, 787.431671532846735 ], [ -44.41209554, -19.39473633, 787.431671532846735 ], [ -44.41254009, -19.39465228, 787.431671532846735 ], [ -44.41224182, -19.39787643, 787.431671532846735 ], [ -44.41256523, -19.39970975, 787.431671532846735 ], [ -44.41184461, -19.40134566, 787.431671532846735 ], [ -44.41223078, -19.40289011, 787.431671532846735 ], [ -44.41264172, -19.40244564, 787.431671532846735 ], [ -44.41315965, -19.40265088, 787.431671532846735 ], [ -44.41381626, -19.40189318, 787.431671532846735 ], [ -44.41412917, -19.40094587, 787.431671532846735 ], [ -44.41359389, -19.39950392, 787.431671532846735 ], [ -44.41386219, -19.39848992, 787.431671532846735 ], [ -44.41462472, -19.397460590000012, 787.431671532846735 ], [ -44.41370015, -19.39618866, 787.431671532846735 ], [ -44.4136379, -19.39513664, 787.431671532846735 ], [ -44.41398503, -19.39491999, 787.431671532846735 ], [ -44.41424601, -19.3960081, 787.431671532846735 ], [ -44.41519582, -19.39740466, 787.431671532846735 ], [ -44.41416283, -19.39955709, 787.431671532846735 ], [ -44.4147034, -19.40085278, 787.431671532846735 ], [ -44.41442238, -19.40206455, 787.431671532846735 ], [ -44.41494457, -19.40250629, 787.431671532846735 ], [ -44.41782184, -19.40220224, 787.431671532846735 ], [ -44.41979183, -19.40248264, 787.431671532846735 ], [ -44.424908096086874, -19.401501027401324, 787.431671532846735 ], [ -44.424298336760536, -19.398664292151899, 787.431671532846735 ], [ -44.42435993, -19.39931647, 787.431671532846735 ], [ -44.42308903, -19.39937072, 787.431671532846735 ], [ -44.42293492, -19.39876324, 787.431671532846735 ], [ -44.42275778, -19.39697861, 819.671 ], [ -44.423843058592396, -19.396546175821218, 802.709939392085403 ], [ -44.42015115275165, -19.379368169726458, 787.431671532846735 ], [ -44.41864694, -19.38079274, 787.431671532846735 ], [ -44.41645689, -19.38218138, 787.431671532846735 ], [ -44.41576377, -19.38328055, 787.431671532846735 ], [ -44.41593893, -19.38458794, 787.431671532846735 ], [ -44.41754608, -19.38673404, 787.431671532846735 ], [ -44.41789216, -19.38765926, 787.431671532846735 ], [ -44.41822159, -19.39123657, 787.431671532846735 ], [ -44.41801016, -19.39203244, 787.431671532846735 ], [ -44.41772755, -19.39247391, 787.431671532846735 ], [ -44.41730321, -19.39233158, 787.431671532846735 ], [ -44.41764719, -19.39123, 787.431671532846735 ], [ -44.41740392, -19.38974405, 787.431671532846735 ], [ -44.41664008, -19.39139112, 787.431671532846735 ], [ -44.41589013, -19.39191573, 787.431671532846735 ], [ -44.41487234, -19.39209194, 787.431671532846735 ], [ -44.41481782, -19.39159743, 787.431671532846735 ], [ -44.41621037, -19.39103002, 787.431671532846735 ], [ -44.41738347, -19.38868637, 787.431671532846735 ], [ -44.41704036, -19.38698936, 787.431671532846735 ], [ -44.41524311, -19.38439249, 787.431671532846735 ], [ -44.4152158, -19.38312362, 787.431671532846735 ], [ -44.41605025, -19.38179918, 787.431671532846735 ], [ -44.41828476, -19.38037302, 787.431671532846735 ], [ -44.41974816, -19.37897652, 787.431671532846735 ], [ -44.41862669, -19.37782441, 787.431671532846735 ], [ -44.4174486, -19.3784591, 787.431671532846735 ], [ -44.41689037, -19.37828636, 787.431671532846735 ], [ -44.416751201344802, -19.377799703120388, 787.431671532846735 ], [ -44.41545499, -19.37826392, 787.431671532846735 ], [ -44.41380603, -19.37824187, 787.431671532846735 ], [ -44.41440116, -19.37748742, 787.431671532846735 ], [ -44.413955898059065, -19.376277803001926, 787.431671532846735 ], [ -44.41314822, -19.376281, 787.431671532846735 ], [ -44.41260366624789, -19.375816827240339, 787.431671532846735 ], [ -44.41197264, -19.37606405, 787.431671532846735 ], [ -44.41055147, -19.37771575, 787.431671532846735 ], [ -44.41030702, -19.3813155, 787.431671532846735 ], [ -44.40996445, -19.3825061, 787.431671532846735 ], [ -44.41003842, -19.38425437, 787.431671532846735 ], [ -44.40836046, -19.38749588, 787.431671532846735 ], [ -44.4081963, -19.39099257, 787.431671532846735 ], [ -44.40586083, -19.39344506, 787.431671532846735 ], [ -44.40380061, -19.39499245, 787.431671532846735 ], [ -44.40348741, -19.39486425, 787.431671532846735 ], [ -44.40352701, -19.39454277, 787.431671532846735 ], [ -44.40545535, -19.39305917, 787.431671532846735 ], [ -44.40766779, -19.3907758, 787.431671532846735 ], [ -44.40780211, -19.38737492, 787.431671532846735 ], [ -44.40935404, -19.384637579999989, 787.431671532846735 ], [ -44.40939375, -19.38246166, 787.431671532846735 ], [ -44.40972625, -19.38121942, 787.431671532846735 ], [ -44.40850617, -19.38178396, 787.431671532846735 ], [ -44.405301896376727, -19.382180788052381, 787.431671532846735 ], [ -44.40433497, -19.38290394, 787.431671532846735 ], [ -44.40253904, -19.38502586, 787.431671532846735 ], [ -44.39869201, -19.38850598, 787.431671532846735 ], [ -44.39890492, -19.38949944, 787.431671532846735 ], [ -44.40035342, -19.39067799, 787.431671532846735 ], [ -44.40087492, -19.39188099, 787.431671532846735 ], [ -44.40042195, -19.3919267, 787.431671532846735 ], [ -44.3992038, -19.39044718, 787.431671532846735 ], [ -44.39927185, -19.39122122, 787.431671532846735 ], [ -44.40015403000001, -19.39263705, 787.431671532846735 ], [ -44.40000094, -19.3929263, 787.431671532846735 ], [ -44.39962847, -19.39287485, 787.431671532846735 ], [ -44.39873335, -19.39140847, 787.431671532846735 ], [ -44.39860656, -19.39001781, 787.431671532846735 ], [ -44.39819198, -19.38928241, 787.431671532846735 ], [ -44.39749781, -19.39029726, 787.431671532846735 ], [ -44.39720564, -19.39273621, 787.431671532846735 ], [ -44.39659359, -19.39320224, 787.431671532846735 ], [ -44.39640616, -19.39293182, 787.431671532846735 ], [ -44.39669943, -19.39247563, 787.431671532846735 ], [ -44.39694973, -19.3901386, 787.431671532846735 ], [ -44.39783514, -19.38881517, 787.431671532846735 ], [ -44.39578668, -19.38903361, 787.431671532846735 ], [ -44.39559076, -19.38860259, 787.431671532846735 ], [ -44.39734799, -19.38843211, 787.431671532846735 ], [ -44.39856025, -19.38774964, 787.431671532846735 ], [ -44.40212653, -19.38465073, 787.431671532846735 ], [ -44.404209997140441, -19.382278042090473, 787.431671532846735 ], [ -44.40172231, -19.38135317, 787.431671532846735 ], [ -44.4008922, -19.380619, 787.431671532846735 ], [ -44.40092903, -19.38057816, 787.431671532846735 ], [ -44.40091636, -19.38047769, 787.431671532846735 ], [ -44.399768618797715, -19.37831006273538, 787.431671532846735 ], [ -44.4009077, -19.38055832, 787.431671532846735 ], [ -44.399882444522433, -19.381266441737068, 787.431671532846735 ], [ -44.39972417, -19.38292782, 787.431671532846735 ], [ -44.3972704, -19.38485601, 787.431671532846735 ], [ -44.39690793, -19.38483453, 787.431671532846735 ], [ -44.396824, -19.38446523, 787.431671532846735 ], [ -44.399259, -19.38261161, 787.431671532846735 ], [ -44.399323789774279, -19.381388678549001, 787.431671532846735 ], [ -44.39214865859234, -19.38257051238589, 787.431671532846735 ], [ -44.39304298, -19.38446491, 787.431671532846735 ], [ -44.3927694, -19.38481365, 787.431671532846735 ], [ -44.39220817, -19.38425589, 787.431671532846735 ], [ -44.3915207, -19.38272422, 787.431671532846735 ], [ -44.38924412918167, -19.38180582846072, 787.431671532846735 ], [ -44.39032274, -19.38370574, 787.431671532846735 ], [ -44.39072947, -19.38540876, 787.431671532846735 ], [ -44.39157185, -19.38631674, 787.431671532846735 ], [ -44.391086, -19.38654625, 787.431671532846735 ], [ -44.39024271, -19.38569421, 787.431671532846735 ], [ -44.38972889, -19.38375367, 787.431671532846735 ], [ -44.38907708, -19.3829216, 787.431671532846735 ], [ -44.38856071, -19.3860638, 787.431671532846735 ], [ -44.38900256, -19.38698371, 787.431671532846735 ], [ -44.39022155, -19.38815114, 787.431671532846735 ], [ -44.38983114, -19.38850067, 787.431671532846735 ], [ -44.38854602, -19.38731043, 787.431671532846735 ], [ -44.38805835, -19.38641902, 787.431671532846735 ], [ -44.38797142, -19.38531375, 787.431671532846735 ], [ -44.38840033, -19.38314769, 787.431671532846735 ], [ -44.38640489, -19.383669, 787.431671532846735 ], [ -44.38368529, -19.38358631, 787.431671532846735 ], [ -44.38343721, -19.38327007, 787.431671532846735 ], [ -44.38409602, -19.38299482, 787.431671532846735 ], [ -44.38653945, -19.38311584, 787.431671532846735 ], [ -44.38860903, -19.3824686, 787.431671532846735 ], [ -44.38872482, -19.38144869, 787.431671532846735 ], [ -44.38938442, -19.38034839, 787.431671532846735 ], [ -44.39189551, -19.37815573, 787.431671532846735 ], [ -44.38840091, -19.37855253, 787.431671532846735 ], [ -44.38670767, -19.37803168, 787.431671532846735 ], [ -44.38293625, -19.37796384, 787.431671532846735 ], [ -44.38274883, -19.37769342, 787.431671532846735 ], [ -44.38298807, -19.37742961, 787.431671532846735 ], [ -44.38596284, -19.37743162, 787.431671532846735 ], [ -44.38322358, -19.37609152, 787.431671532846735 ], [ -44.38262824, -19.37545811, 787.431671532846735 ], [ -44.38303763, -19.37526299, 787.431671532846735 ], [ -44.38808369, -19.37797921, 787.431671532846735 ], [ -44.392513693684144, -19.377455176389006, 787.431671532846735 ], [ -44.38728808, -19.37445633, 787.431671532846735 ], [ -44.383957039384633, -19.372156081603791, 787.431671532846735 ], [ -44.38136916, -19.373923669999989, 787.431671532846735 ], [ -44.37601898, -19.37508884, 787.431671532846735 ], [ -44.37359456, -19.37442046, 787.431671532846735 ], [ -44.369097110803587, -19.371967591528321, 839.59719183673451 ], [ -44.36702002, -19.37297287, 839.59719183673451 ], [ -44.36671718, -19.37359976, 839.59719183673451 ], [ -44.36814372, -19.37371879, 839.59719183673451 ], [ -44.3707712, -19.37341904, 839.59719183673451 ], [ -44.37214645, -19.37387197, 787.431671532846735 ], [ -44.37186973, -19.37417282, 839.59719183673451 ], [ -44.37034712, -19.37396741, 839.59719183673451 ], [ -44.36817951, -19.37426002, 839.59719183673451 ], [ -44.36671379, -19.37414178, 839.59719183673451 ], [ -44.36645228, -19.37438124, 839.59719183673451 ], [ -44.36813596, -19.37444027, 839.59719183673451 ], [ -44.36968039, -19.37565746, 839.59719183673451 ], [ -44.37144925, -19.3762587, 839.59719183673451 ], [ -44.37114241, -19.37656276, 839.59719183673451 ], [ -44.36984513, -19.37633628, 839.59719183673451 ], [ -44.36764712, -19.37484581, 839.59719183673451 ], [ -44.36630079, -19.37506881, 839.59719183673451 ], [ -44.365959, -19.37672533, 839.59719183673451 ], [ -44.36669306, -19.37644148, 839.59719183673451 ], [ -44.36798561, -19.37700615, 839.59719183673451 ], [ -44.37058709, -19.37665738, 839.59719183673451 ], [ -44.37089559, -19.37692983, 839.59719183673451 ], [ -44.37067635, -19.3772093, 839.59719183673451 ], [ -44.36841954, -19.37755837, 839.59719183673451 ], [ -44.36655104, -19.37697978, 839.59719183673451 ], [ -44.36600046, -19.37755898, 839.59719183673451 ], [ -44.36636187, -19.3797316, 839.59719183673451 ], [ -44.36557328, -19.38106495, 839.59719183673451 ], [ -44.36552124, -19.38213345, 839.59719183673451 ], [ -44.36614524, -19.38358484, 839.59719183673451 ], [ -44.3672249, -19.38426346, 839.59719183673451 ], [ -44.36820997, -19.3836018, 839.59719183673451 ], [ -44.36940114, -19.38395861, 839.59719183673451 ], [ -44.36998919, -19.38308674, 839.59719183673451 ], [ -44.37265454, -19.38201632, 787.431671532846735 ], [ -44.37432831, -19.38095887, 787.431671532846735 ], [ -44.37481344, -19.3793586, 787.431671532846735 ], [ -44.37440954, -19.37575415, 787.431671532846735 ], [ -44.37491433, -19.37589216, 787.431671532846735 ], [ -44.3751627, -19.37635366, 787.431671532846735 ], [ -44.37538466, -19.37935808, 787.431671532846735 ], [ -44.37519005, -19.38045122, 787.431671532846735 ], [ -44.37657803, -19.37920992, 787.431671532846735 ], [ -44.37702279, -19.37714428, 787.431671532846735 ], [ -44.37734952, -19.37705145, 787.431671532846735 ], [ -44.37753694, -19.37732187, 787.431671532846735 ], [ -44.37729867, -19.37900585, 787.431671532846735 ], [ -44.37671863, -19.380052299999985, 787.431671532846735 ], [ -44.37350263, -19.38198779, 787.431671532846735 ], [ -44.37404557, -19.38214031, 787.431671532846735 ], [ -44.37478272, -19.3821371, 787.431671532846735 ], [ -44.37553773, -19.3816563, 787.431671532846735 ], [ -44.37904497, -19.38069955, 787.431671532846735 ], [ -44.37974513, -19.37915266, 787.431671532846735 ], [ -44.37979296, -19.37587411, 787.431671532846735 ], [ -44.38001219, -19.37562617, 787.431671532846735 ], [ -44.38035162, -19.37581215, 787.431671532846735 ], [ -44.38045251, -19.37723399, 787.431671532846735 ], [ -44.380028, -19.38023269, 787.431671532846735 ], [ -44.37889344, -19.38143593, 787.431671532846735 ], [ -44.37977117, -19.38171902, 787.431671532846735 ], [ -44.3802037, -19.38211347, 787.431671532846735 ], [ -44.3801641, -19.38243495, 787.431671532846735 ], [ -44.37980251, -19.38250544, 787.431671532846735 ], [ -44.37827145, -19.38163731, 787.431671532846735 ], [ -44.37761351, -19.38176604, 787.431671532846735 ], [ -44.37873958, -19.38293597, 787.431671532846735 ], [ -44.37846426, -19.38335539, 787.431671532846735 ], [ -44.37692088, -19.38186744, 787.431671532846735 ], [ -44.37511896, -19.38259224, 787.431671532846735 ], [ -44.37699269, -19.38385174, 787.431671532846735 ], [ -44.37734288, -19.38457762, 787.431671532846735 ], [ -44.37720159, -19.38520515, 787.431671532846735 ], [ -44.37678234, -19.3851448, 787.431671532846735 ], [ -44.37670549, -19.38439372, 787.431671532846735 ], [ -44.37635186, -19.38401194, 787.431671532846735 ], [ -44.37446318, -19.38270949, 787.431671532846735 ], [ -44.37329177, -19.38249382, 787.431671532846735 ], [ -44.37031371, -19.3835348, 839.59719183673451 ], [ -44.36961619, -19.38446736, 839.59719183673451 ], [ -44.3679256, -19.38424445, 839.59719183673451 ] ], [ [ -44.36995383, -19.3855919, 839.59719183673451 ], [ -44.36892361, -19.38607098, 839.59719183673451 ], [ -44.36847699, -19.38512897, 839.59719183673451 ], [ -44.36933683, -19.38482732, 839.59719183673451 ], [ -44.36995383, -19.3855919, 839.59719183673451 ] ] ] } },
{ "type": "Feature", "properties": { "area_ha": 1227.9, "proveniencia": "limite_municipal − cadastro − exclusoes", "veg_nativa_pct": 72.7, "silvicultura_pct": 3.5, "uso_antropico_pct": 25.4, "supressao_ha": 24.3, "regeneracao_ha": 4.95, "titularidade": "sem_registro_conhecido", "municipio": "Conselheiro Lafaiete", "codigo_ibge": "3118304", "largura_media_m": 251.0, "compacidade": 0.016, "ponto_lat": -20.575786, "ponto_lon": -43.803173, "utm_e": 624739.7, "utm_n": 7724342.2 }, "geometry": { "type": "Polygon", "coordinates": [ [ [ -43.75173132, -20.5990411, 1013.896670353984064 ], [ -43.753659035655815, -20.599566806905521, 1013.896670353984064 ], [ -43.75497968, -20.59858985, 1013.896670353984064 ], [ -43.75597181843127, -20.598498472363094, 943.52940167158431 ], [ -43.75544833, -20.59760235, 943.52940167158431 ], [ -43.75574496, -20.59745656, 943.52940167158431 ], [ -43.75597042, -20.59648581, 943.52940167158431 ], [ -43.75715886, -20.59543212, 943.52940167158431 ], [ -43.75813943, -20.59551329, 943.52940167158431 ], [ -43.759734967786144, -20.596282145257419, 943.52940167158431 ], [ -43.76059492, -20.5959171, 943.52940167158431 ], [ -43.75986434, -20.5957276, 943.52940167158431 ], [ -43.759634, -20.59519111, 943.52940167158431 ], [ -43.75837783, -20.59473819, 943.52940167158431 ], [ -43.75763155, -20.59413451, 943.52940167158431 ], [ -43.7579852, -20.59388659, 943.52940167158431 ], [ -43.758823943417539, -20.594351475679321, 943.52940167158431 ], [ -43.75843018, -20.59397746, 943.52940167158431 ], [ -43.75860204, -20.59357403, 943.52940167158431 ], [ -43.76022611, -20.5934983, 943.52940167158431 ], [ -43.76062893, -20.5932141, 943.52940167158431 ], [ -43.76105105, -20.59148308, 943.52940167158431 ], [ -43.7634916, -20.59058233, 943.52940167158431 ], [ -43.76468615, -20.59059077, 943.52940167158431 ], [ -43.765385591411544, -20.591462275047384, 943.52940167158431 ], [ -43.76490256, -20.59082274, 943.52940167158431 ], [ -43.76547472, -20.5896666, 943.52940167158431 ], [ -43.76571733, -20.58828184, 943.52940167158431 ], [ -43.766456098890423, -20.58778357568907, 943.52940167158431 ], [ -43.76665212, -20.58647098, 943.52940167158431 ], [ -43.76565147, -20.58515723, 943.52940167158431 ], [ -43.76590662, -20.58487529, 943.52940167158431 ], [ -43.76854518, -20.58446647, 943.52940167158431 ], [ -43.76949448, -20.583509209999988, 943.52940167158431 ], [ -43.77170991, -20.58416726, 943.52940167158431 ], [ -43.77269618, -20.58597779, 943.52940167158431 ], [ -43.77403057, -20.58717113, 943.52940167158431 ], [ -43.77496537, -20.58852469, 943.52940167158431 ], [ -43.77781796, -20.59097641, 943.52940167158431 ], [ -43.77720356743184, -20.591891416147156, 943.52940167158431 ], [ -43.77873481, -20.59231463, 943.52940167158431 ], [ -43.78025605, -20.59222568, 943.52940167158431 ], [ -43.78057189, -20.5916273, 943.52940167158431 ], [ -43.78092139, -20.58889488, 943.52940167158431 ], [ -43.77981766, -20.58693831, 943.52940167158431 ], [ -43.77875541, -20.58775495, 943.52940167158431 ], [ -43.77604839, -20.58686104, 943.52940167158431 ], [ -43.77498379, -20.58722541, 943.52940167158431 ], [ -43.77415723, -20.5869876, 943.52940167158431 ], [ -43.77433449, -20.58665525, 943.52940167158431 ], [ -43.77600303, -20.58631528, 943.52940167158431 ], [ -43.77886462, -20.58716944, 943.52940167158431 ], [ -43.77950277, -20.58645571, 943.52940167158431 ], [ -43.7789243, -20.58482979, 943.52940167158431 ], [ -43.77797936, -20.58371974, 943.52940167158431 ], [ -43.77618136, -20.58414445, 943.52940167158431 ], [ -43.77442235, -20.58409689, 943.52940167158431 ], [ -43.77308608, -20.58468781, 943.52940167158431 ], [ -43.77275435, -20.58452287, 943.52940167158431 ], [ -43.77284836, -20.58416025, 943.52940167158431 ], [ -43.77429167, -20.58356686, 943.52940167158431 ], [ -43.77610323, -20.58360564, 943.52940167158431 ], [ -43.7775235, -20.5831811, 943.52940167158431 ], [ -43.7751842, -20.58106094, 943.52940167158431 ], [ -43.77471063, -20.58109632, 943.52940167158431 ], [ -43.77372236, -20.58213875, 943.52940167158431 ], [ -43.77333599, -20.58207674, 943.52940167158431 ], [ -43.77329609, -20.5817553, 943.52940167158431 ], [ -43.77413499, -20.5808391, 943.52940167158431 ], [ -43.77488454, -20.58051157, 943.52940167158431 ], [ -43.77610887, -20.58092819, 943.52940167158431 ], [ -43.77931408, -20.58438541, 943.52940167158431 ], [ -43.77993356, -20.58606141, 943.52940167158431 ], [ -43.78145296, -20.58864278, 943.52940167158431 ], [ -43.78134824, -20.5897469, 943.52940167158431 ], [ -43.78582329, -20.58854388, 943.52940167158431 ], [ -43.786282888635071, -20.590062567159915, 943.52940167158431 ], [ -43.78684117, -20.5895645, 943.52940167158431 ], [ -43.78808363, -20.59043502, 943.52940167158431 ], [ -43.78939278, -20.59059801, 943.52940167158431 ], [ -43.79050359, -20.593432, 943.52940167158431 ], [ -43.790590413672746, -20.593508137071126, 943.52940167158431 ], [ -43.78939336, -20.59059744, 943.52940167158431 ], [ -43.789805985429922, -20.590644820707542, 943.52940167158431 ], [ -43.78983021, -20.59040674, 943.52940167158431 ], [ -43.788206507845842, -20.589974229968195, 943.52940167158431 ], [ -43.78793015, -20.59027116, 943.52940167158431 ], [ -43.78675393, -20.5894526, 943.52940167158431 ], [ -43.78590345, -20.58812183, 943.52940167158431 ], [ -43.78487349, -20.58740873, 943.52940167158431 ], [ -43.78455513, -20.58588283, 943.52940167158431 ], [ -43.784787366275133, -20.585801959346991, 943.52940167158431 ], [ -43.78428557, -20.58555496, 943.52940167158431 ], [ -43.785605715192681, -20.582863032667156, 943.52940167158431 ], [ -43.784458044555038, -20.58219244517749, 943.52940167158431 ], [ -43.78283466, -20.58426808, 943.52940167158431 ], [ -43.78213452, -20.58347102, 943.52940167158431 ], [ -43.78249341, -20.58180701, 943.52940167158431 ], [ -43.78274355, -20.58180234, 943.52940167158431 ], [ -43.78245178, -20.58007998, 943.52940167158431 ], [ -43.77929547, -20.5780255, 943.52940167158431 ], [ -43.77977459, -20.57774777, 943.52940167158431 ], [ -43.78205311, -20.57907163, 943.52940167158431 ], [ -43.78085278, -20.57675161, 943.52940167158431 ], [ -43.78125964, -20.57640112, 943.52940167158431 ], [ -43.78222606, -20.5778542, 943.52940167158431 ], [ -43.7825888, -20.57938492, 943.52940167158431 ], [ -43.78329856, -20.58045302, 943.52940167158431 ], [ -43.78531223, -20.58222745, 943.52940167158431 ], [ -43.78658326, -20.58230762, 943.52940167158431 ], [ -43.78930925, -20.58354408, 943.52940167158431 ], [ -43.79066368, -20.58376914, 943.52940167158431 ], [ -43.78767013, -20.57974832, 943.52940167158431 ], [ -43.78795178, -20.5793228, 943.52940167158431 ], [ -43.7901628, -20.58133722, 943.52940167158431 ], [ -43.79109621, -20.58096559, 943.52940167158431 ], [ -43.79221201, -20.58249228, 943.52940167158431 ], [ -43.791271259102572, -20.583013367877726, 943.52940167158431 ], [ -43.79177013, -20.58340013, 943.52940167158431 ], [ -43.79220897, -20.5832658, 943.52940167158431 ], [ -43.79214628, -20.58272844, 943.52940167158431 ], [ -43.792892734660953, -20.582576349871591, 943.52940167158431 ], [ -43.79261008, -20.58185473, 943.52940167158431 ], [ -43.79302297, -20.5807366, 943.52940167158431 ], [ -43.79287138, -20.578019529999988, 943.52940167158431 ], [ -43.79045778, -20.57948448, 943.52940167158431 ], [ -43.79005298, -20.57932005, 943.52940167158431 ], [ -43.79139313, -20.57805795, 943.52940167158431 ], [ -43.79273854, -20.57748849, 943.52940167158431 ], [ -43.79042388, -20.57490224, 943.52940167158431 ], [ -43.78902063, -20.57448705, 943.52940167158431 ], [ -43.78816446, -20.57542928, 943.52940167158431 ], [ -43.78806537, -20.57629388, 943.52940167158431 ], [ -43.78729227, -20.57777396, 943.52940167158431 ], [ -43.7866043, -20.57836382, 943.52940167158431 ], [ -43.78629524, -20.57801696, 943.52940167158431 ], [ -43.78751602, -20.57612835, 943.52940167158431 ], [ -43.78766102, -20.57516576, 943.52940167158431 ], [ -43.78708528, -20.5748411, 943.52940167158431 ], [ -43.78526224, -20.57586618, 943.52940167158431 ], [ -43.78352495, -20.57590354, 943.52940167158431 ], [ -43.78365463, -20.57549854, 943.52940167158431 ], [ -43.78506314, -20.57535326, 943.52940167158431 ], [ -43.78670398, -20.57441091, 943.52940167158431 ], [ -43.78428672, -20.57299051, 943.52940167158431 ], [ -43.78441031, -20.57251237, 943.52940167158431 ], [ -43.7869205, -20.57381345, 943.52940167158431 ], [ -43.78796188, -20.57470255, 943.52940167158431 ], [ -43.788468880000011, -20.57427072, 943.52940167158431 ], [ -43.78779462, -20.57376027, 943.52940167158431 ], [ -43.78709907, -20.57196081, 943.52940167158431 ], [ -43.78564668, -20.5707149, 943.52940167158431 ], [ -43.78582951, -20.57031574, 943.52940167158431 ], [ -43.78757403, -20.57164841, 943.52940167158431 ], [ -43.78845913, -20.57370688, 943.52940167158431 ], [ -43.79076678, -20.57446631, 943.52940167158431 ], [ -43.793260600000011, -20.57724966, 943.52940167158431 ], [ -43.79360001, -20.58077526, 943.52940167158431 ], [ -43.79318747, -20.58180737, 943.52940167158431 ], [ -43.793518391547252, -20.582764399626875, 943.52940167158431 ], [ -43.79408383, -20.58313759, 943.52940167158431 ], [ -43.793698566934623, -20.583468954351492, 943.52940167158431 ], [ -43.794480105386171, -20.585134080946943, 943.52940167158431 ], [ -43.79443898, -20.58463605, 943.52940167158431 ], [ -43.794926427566736, -20.584637392888762, 943.52940167158431 ], [ -43.79546338, -20.58257973, 943.52940167158431 ], [ -43.800218223002418, -20.584463076114822, 943.52940167158431 ], [ -43.80229156, -20.58460699, 943.52940167158431 ], [ -43.803541224118078, -20.585280384961372, 943.52940167158431 ], [ -43.805956481809517, -20.581519863675087, 943.52940167158431 ], [ -43.80591773, -20.5811667, 943.52940167158431 ], [ -43.80478119, -20.58043724, 943.52940167158431 ], [ -43.80266962, -20.58105576, 943.52940167158431 ], [ -43.80026502, -20.5797093, 943.52940167158431 ], [ -43.80067688, -20.57945722, 943.52940167158431 ], [ -43.80297028, -20.58056108, 943.52940167158431 ], [ -43.80446199, -20.57992999, 943.52940167158431 ], [ -43.80502787, -20.57925786, 943.52940167158431 ], [ -43.80417325, -20.57810424, 943.52940167158431 ], [ -43.80429406, -20.57745874, 943.52940167158431 ], [ -43.804694978302152, -20.577129299029092, 943.52940167158431 ], [ -43.804551637432517, -20.576505277044038, 943.52940167158431 ], [ -43.80218858, -20.57645387, 943.52940167158431 ], [ -43.80089842, -20.57685218, 943.52940167158431 ], [ -43.80059301, -20.57647446, 943.52940167158431 ], [ -43.80207305, -20.57592159, 943.52940167158431 ], [ -43.80316002, -20.57585369, 943.52940167158431 ], [ -43.80782503, -20.576155969999988, 943.52940167158431 ], [ -43.80863535, -20.57548489, 943.52940167158431 ], [ -43.809553741639185, -20.575918554773349, 943.52940167158431 ], [ -43.811471698763818, -20.572931886422989, 943.52940167158431 ], [ -43.8106943, -20.57275983, 943.52940167158431 ], [ -43.80983962, -20.57210277, 943.52940167158431 ], [ -43.80943183, -20.57122253, 943.52940167158431 ], [ -43.81004273, -20.5697365, 943.52940167158431 ], [ -43.80970647, -20.56804357, 943.52940167158431 ], [ -43.81007055, -20.56688234, 943.52940167158431 ], [ -43.81068869, -20.56657029, 943.52940167158431 ], [ -43.81026536, -20.56606315, 943.52940167158431 ], [ -43.81038745, -20.565021569999988, 943.52940167158431 ], [ -43.80970622, -20.56507936, 943.52940167158431 ], [ -43.80919205, -20.56695771, 943.52940167158431 ], [ -43.80652253, -20.56830114, 943.52940167158431 ], [ -43.80604617, -20.56901208, 943.52940167158431 ], [ -43.80541149, -20.5688409, 943.52940167158431 ], [ -43.80469033, -20.56919782, 943.52940167158431 ], [ -43.80263736, -20.5710956, 943.52940167158431 ], [ -43.79960717, -20.57278805, 943.52940167158431 ], [ -43.79859053, -20.57517113, 943.52940167158431 ], [ -43.79762311, -20.57608397, 943.52940167158431 ], [ -43.7973255, -20.5757075, 943.52940167158431 ], [ -43.7980787, -20.57492149, 943.52940167158431 ], [ -43.79909732, -20.572526, 943.52940167158431 ], [ -43.79953657, -20.57214907, 943.52940167158431 ], [ -43.79756303, -20.57091404, 943.52940167158431 ], [ -43.79695101, -20.56983503, 943.52940167158431 ], [ -43.7956511, -20.5696591, 943.52940167158431 ], [ -43.79513399, -20.56871881, 943.52940167158431 ], [ -43.79469139, -20.56857293, 943.52940167158431 ], [ -43.79347293, -20.56968978, 943.52940167158431 ], [ -43.79249443, -20.57173133, 943.52940167158431 ], [ -43.79133261, -20.57246803, 943.52940167158431 ], [ -43.79117085, -20.57207142, 943.52940167158431 ], [ -43.79203345, -20.571406039999989, 943.52940167158431 ], [ -43.792847, -20.56961179, 943.52940167158431 ], [ -43.79398351, -20.5683925, 943.52940167158431 ], [ -43.79340122, -20.56783296, 943.52940167158431 ], [ -43.79296604000001, -20.56780867, 943.52940167158431 ], [ -43.79204518, -20.56868329, 943.52940167158431 ], [ -43.79116421, -20.56881517, 943.52940167158431 ], [ -43.78922873, -20.5679208, 943.52940167158431 ], [ -43.7891112, -20.56761669, 943.52940167158431 ], [ -43.78960461, -20.56746425, 943.52940167158431 ], [ -43.79125901, -20.56827797, 943.52940167158431 ], [ -43.79231262, -20.56782866, 943.52940167158431 ], [ -43.7928691, -20.56727306, 943.52940167158431 ], [ -43.79222875, -20.56646047, 943.52940167158431 ], [ -43.79133695, -20.56613971, 943.52940167158431 ], [ -43.79133695, -20.56581608, 943.52940167158431 ], [ -43.79171893, -20.56570418, 943.52940167158431 ], [ -43.79262806, -20.56606591, 943.52940167158431 ], [ -43.79430644, -20.5679379, 943.52940167158431 ], [ -43.79553296, -20.56832713, 943.52940167158431 ], [ -43.79583631, -20.56908133, 943.52940167158431 ], [ -43.79600834, -20.56921738, 943.52940167158431 ], [ -43.79525623, -20.56699506, 943.52940167158431 ], [ -43.79520225, -20.56576342, 943.52940167158431 ], [ -43.79404903, -20.56365725, 943.52940167158431 ], [ -43.79445432, -20.5633275, 943.52940167158431 ], [ -43.79575357, -20.56560011, 943.52940167158431 ], [ -43.79582453, -20.56690198, 943.52940167158431 ], [ -43.79652757, -20.5689765, 943.52940167158431 ], [ -43.7973967, -20.56948461, 943.52940167158431 ], [ -43.79841557, -20.57089414, 943.52940167158431 ], [ -43.80019475, -20.57173666, 943.52940167158431 ], [ -43.80229925, -20.5706566, 943.52940167158431 ], [ -43.80387093, -20.56916489, 943.52940167158431 ], [ -43.80297969, -20.5685948, 943.52940167158431 ], [ -43.80244895, -20.56762047, 943.52940167158431 ], [ -43.80067921, -20.56895304, 943.52940167158431 ], [ -43.79958871, -20.56924092, 943.52940167158431 ], [ -43.79958871, -20.56882576, 943.52940167158431 ], [ -43.80181343, -20.56755938, 943.52940167158431 ], [ -43.80225082, -20.56697343, 943.52940167158431 ], [ -43.80132367, -20.56628439, 943.52940167158431 ], [ -43.80045769, -20.56622937, 943.52940167158431 ], [ -43.79940143, -20.56691774, 943.52940167158431 ], [ -43.79815586, -20.56717478, 943.52940167158431 ], [ -43.79815586, -20.56675963, 943.52940167158431 ], [ -43.8000332, -20.565762, 943.52940167158431 ], [ -43.8011246, -20.56573045, 943.52940167158431 ], [ -43.80107664, -20.56534023, 943.52940167158431 ], [ -43.79924991, -20.5633715, 943.52940167158431 ], [ -43.79800189, -20.56279664, 943.52940167158431 ], [ -43.79622072, -20.56289546, 943.52940167158431 ], [ -43.79614083, -20.56242222, 943.52940167158431 ], [ -43.79812627, -20.56226626, 943.52940167158431 ], [ -43.80019347, -20.56338384, 943.52940167158431 ], [ -43.80154523, -20.56501333, 943.52940167158431 ], [ -43.80170612, -20.5658697, 943.52940167158431 ], [ -43.80265839, -20.56653871, 943.52940167158431 ], [ -43.80339724, -20.56821649, 943.52940167158431 ], [ -43.80435242, -20.56875836, 943.52940167158431 ], [ -43.80529077, -20.56825384, 943.52940167158431 ], [ -43.80581269, -20.56844191, 943.52940167158431 ], [ -43.80617946, -20.56785007, 943.52940167158431 ], [ -43.806885253011096, -20.567589680986732, 943.52940167158431 ], [ -43.80628083, -20.56641706, 943.52940167158431 ], [ -43.80805196, -20.56518315, 943.52940167158431 ], [ -43.80861537, -20.56522521, 943.52940167158431 ], [ -43.80860791, -20.56466924, 943.52940167158431 ], [ -43.80852202, -20.56419586, 943.52940167158431 ], [ -43.80832709, -20.56447989, 943.52940167158431 ], [ -43.80769247, -20.56417747, 943.52940167158431 ], [ -43.80745959, -20.563764, 943.52940167158431 ], [ -43.8076645, -20.56324812, 943.52940167158431 ], [ -43.807376478779098, -20.563057845929716, 943.52940167158431 ], [ -43.80642935, -20.56365447, 943.52940167158431 ], [ -43.80561501, -20.564784, 943.52940167158431 ], [ -43.80382574, -20.56551124, 943.52940167158431 ], [ -43.80374559, -20.56508314, 943.52940167158431 ], [ -43.80528403, -20.56433925, 943.52940167158431 ], [ -43.80601153, -20.56327856, 943.52940167158431 ], [ -43.806925330256796, -20.562709385965778, 943.52940167158431 ], [ -43.80628038, -20.56160601, 943.52940167158431 ], [ -43.806178299114713, -20.560565348943161, 943.52940167158431 ], [ -43.80501023, -20.56038298, 943.52940167158431 ], [ -43.80502762, -20.56082146, 943.52940167158431 ], [ -43.80405586, -20.56115167, 943.52940167158431 ], [ -43.80265605, -20.56111192, 943.52940167158431 ], [ -43.8017831, -20.56169431, 943.52940167158431 ], [ -43.80107358, -20.56180161, 943.52940167158431 ], [ -43.79819733, -20.5597317, 943.52940167158431 ], [ -43.79770753, -20.55885355, 943.52940167158431 ], [ -43.79813731, -20.5587783, 943.52940167158431 ], [ -43.79973306, -20.56027362, 943.52940167158431 ], [ -43.80138758, -20.56125205, 943.52940167158431 ], [ -43.80245216, -20.56059531, 943.52940167158431 ], [ -43.8033622, -20.56056565, 943.52940167158431 ], [ -43.80399001556944, -20.559922250546602, 943.52940167158431 ], [ -43.80262463, -20.55796164, 943.52940167158431 ], [ -43.80137976, -20.5569066, 943.52940167158431 ], [ -43.80033046, -20.55664282, 943.52940167158431 ], [ -43.80043962, -20.55619375, 943.52940167158431 ], [ -43.80166749, -20.5564319, 943.52940167158431 ], [ -43.8030121, -20.5575601, 943.52940167158431 ], [ -43.80459434, -20.55978593, 943.52940167158431 ], [ -43.80625398, -20.56002412, 943.52940167158431 ], [ -43.807137049551436, -20.558997309527197, 943.52940167158431 ], [ -43.80642293, -20.55879327, 943.52940167158431 ], [ -43.80519478, -20.55698419, 943.52940167158431 ], [ -43.80401724, -20.5559644, 943.52940167158431 ], [ -43.80408991, -20.55557619, 943.52940167158431 ], [ -43.80490983, -20.55590048, 943.52940167158431 ], [ -43.80683304, -20.55840736, 943.52940167158431 ], [ -43.80723043, -20.55846082, 943.52940167158431 ], [ -43.8082304, -20.55833038, 943.52940167158431 ], [ -43.80887033, -20.55787352, 943.52940167158431 ], [ -43.80808034, -20.55692951, 943.52940167158431 ], [ -43.80676007, -20.55631554, 943.52940167158431 ], [ -43.80684021, -20.55588743, 943.52940167158431 ], [ -43.80839888, -20.55647425, 943.52940167158431 ], [ -43.80941839, -20.5575295, 943.52940167158431 ], [ -43.81032368, -20.55709224, 943.52940167158431 ], [ -43.81229152, -20.55741515, 943.52940167158431 ], [ -43.81244103, -20.55619494, 943.52940167158431 ], [ -43.8105603, -20.55478886, 943.52940167158431 ], [ -43.81013042, -20.55349922, 943.52940167158431 ], [ -43.80918109000001, -20.55360669, 943.52940167158431 ], [ -43.80916318, -20.55321263, 943.52940167158431 ], [ -43.809565862199818, -20.552981879324921, 943.52940167158431 ], [ -43.80629312, -20.55331493, 943.52940167158431 ], [ -43.80393185, -20.55281134, 943.52940167158431 ], [ -43.80250374, -20.554320529999988, 943.52940167158431 ], [ -43.802072692358649, -20.55434500157136, 943.52940167158431 ], [ -43.80241716, -20.55477924, 943.52940167158431 ], [ -43.80096637, -20.55499698, 943.52940167158431 ], [ -43.798063503241032, -20.556600793803458, 998.147307125480438 ], [ -43.79818583, -20.55694694, 1000.15 ], [ -43.79731889, -20.55812917, 990.69 ], [ -43.79681472, -20.56007333, 997.37 ], [ -43.79515361, -20.56168, 995.61 ], [ -43.794235, -20.56208833, 990.09 ], [ -43.79357444, -20.56300528, 979.51 ], [ -43.79354611, -20.56272222, 976.11 ], [ -43.79222198, -20.56188405, 943.52940167158431 ], [ -43.791784342160788, -20.561123626030977, 943.52940167158431 ], [ -43.7906516, -20.56176985, 943.52940167158431 ], [ -43.79023172, -20.56160825, 943.52940167158431 ], [ -43.79031097, -20.56129334, 943.52940167158431 ], [ -43.791438100344415, -20.560674211473032, 943.52940167158431 ], [ -43.790794105265363, -20.559747343477721, 949.412934056771746 ], [ -43.79031806, -20.56025667, 968.76 ], [ -43.78980789, -20.5599711, 943.52940167158431 ], [ -43.789764186708595, -20.558806695334212, 994.311232900675463 ], [ -43.78903351, -20.55768334, 943.52940167158431 ], [ -43.789856331917726, -20.555789551065889, 942.671592525128744 ], [ -43.78895739971211, -20.551843036201912, 943.52940167158431 ], [ -43.78874112, -20.55155446, 943.52940167158431 ], [ -43.788458998044732, -20.551707570008972, 943.52940167158431 ], [ -43.78852468, -20.55240966, 943.52940167158431 ], [ -43.78794754, -20.55379708, 943.52940167158431 ], [ -43.78740466, -20.55414199, 943.52940167158431 ], [ -43.786841205008351, -20.553685321786514, 943.52940167158431 ], [ -43.783799005622519, -20.557404222546754, 943.52940167158431 ], [ -43.78383989, -20.55796303, 943.52940167158431 ], [ -43.78269756, -20.55881305, 943.52940167158431 ], [ -43.7818811, -20.56093292, 943.52940167158431 ], [ -43.78189123, -20.56196092, 943.52940167158431 ], [ -43.7835202, -20.5630378, 943.52940167158431 ], [ -43.78420019, -20.56405324, 943.52940167158431 ], [ -43.78476258, -20.56416814, 943.52940167158431 ], [ -43.78648667, -20.56222295, 943.52940167158431 ], [ -43.78730721, -20.56183977, 943.52940167158431 ], [ -43.78742901, -20.56227288, 943.52940167158431 ], [ -43.78617075, -20.56329436, 943.52940167158431 ], [ -43.78557146, -20.56425577, 943.52940167158431 ], [ -43.78668912, -20.56455697, 943.52940167158431 ], [ -43.78711664, -20.56450072, 943.52940167158431 ], [ -43.78762875, -20.56301141, 943.52940167158431 ], [ -43.78882806, -20.56190405, 943.52940167158431 ], [ -43.78902589, -20.56227505, 943.52940167158431 ], [ -43.78813468, -20.56327272, 943.52940167158431 ], [ -43.78782639, -20.56437208, 943.52940167158431 ], [ -43.78901677, -20.56479074, 943.52940167158431 ], [ -43.79088522, -20.5638119, 943.52940167158431 ], [ -43.79139706, -20.56376919, 943.52940167158431 ], [ -43.79153212, -20.56411867, 943.52940167158431 ], [ -43.78909043, -20.56532987, 943.52940167158431 ], [ -43.78803376, -20.56491181, 943.52940167158431 ], [ -43.78663957, -20.5650981, 943.52940167158431 ], [ -43.78434882, -20.5646501, 943.52940167158431 ], [ -43.78448481, -20.56509342, 943.52940167158431 ], [ -43.78799573, -20.5687499, 943.52940167158431 ], [ -43.78755426, -20.56892925, 943.52940167158431 ], [ -43.7858056, -20.56740934, 943.52940167158431 ], [ -43.78330089, -20.57019315, 943.52940167158431 ], [ -43.78306139, -20.56977, 943.52940167158431 ], [ -43.78539469, -20.566921829999988, 943.52940167158431 ], [ -43.78426114, -20.5656826, 943.52940167158431 ], [ -43.78260468, -20.56781364, 943.52940167158431 ], [ -43.78213735, -20.56789293, 943.52940167158431 ], [ -43.78207312, -20.56754986, 943.52940167158431 ], [ -43.78387304, -20.56518821, 943.52940167158431 ], [ -43.78371538, -20.56437007, 943.52940167158431 ], [ -43.78312634, -20.5634331, 943.52940167158431 ], [ -43.78140896, -20.56226602, 943.52940167158431 ], [ -43.78060081, -20.56257456, 943.52940167158431 ], [ -43.779788010828113, -20.562307041408101, 943.52940167158431 ], [ -43.779491866693988, -20.562669014783594, 943.52940167158431 ], [ -43.78032746, -20.56350325, 943.52940167158431 ], [ -43.78086241, -20.56518478, 943.52940167158431 ], [ -43.78075804, -20.56667736, 943.52940167158431 ], [ -43.78018971, -20.5666295, 943.52940167158431 ], [ -43.78029797, -20.56529279, 943.52940167158431 ], [ -43.77981313, -20.56375001, 943.52940167158431 ], [ -43.77936479, -20.56338924, 943.52940167158431 ], [ -43.778848006898698, -20.563455988773129, 943.52940167158431 ], [ -43.775682595738786, -20.567324833332073, 943.52940167158431 ], [ -43.77611934, -20.56791608, 943.52940167158431 ], [ -43.77749538, -20.56842224, 943.52940167158431 ], [ -43.77977373, -20.57016162, 943.52940167158431 ], [ -43.78294762, -20.57187119, 943.52940167158431 ], [ -43.78256585, -20.57207877, 943.52940167158431 ], [ -43.77948608, -20.57063248, 943.52940167158431 ], [ -43.77855912, -20.56973647, 943.52940167158431 ], [ -43.77532797, -20.56789414, 943.52940167158431 ], [ -43.77510843, -20.56944366, 943.52940167158431 ], [ -43.77544514, -20.57082463, 943.52940167158431 ], [ -43.77751899, -20.57394271, 943.52940167158431 ], [ -43.779450850000011, -20.57473253, 943.52940167158431 ], [ -43.78043286, -20.57481095, 943.52940167158431 ], [ -43.78081346, -20.57531069, 943.52940167158431 ], [ -43.78170675, -20.57422265, 943.52940167158431 ], [ -43.78218058, -20.57442234, 943.52940167158431 ], [ -43.78142506, -20.57552458, 943.52940167158431 ], [ -43.7807891, -20.57590372, 943.52940167158431 ], [ -43.78016796, -20.57529507, 943.52940167158431 ], [ -43.77859703, -20.57493559, 943.52940167158431 ], [ -43.7774582, -20.57743911, 943.52940167158431 ], [ -43.77707667, -20.57712482, 943.52940167158431 ], [ -43.7779966, -20.57479541, 943.52940167158431 ], [ -43.77727817, -20.57446402, 943.52940167158431 ], [ -43.77639126, -20.57349901, 943.52940167158431 ], [ -43.7743768, -20.57506811, 943.52940167158431 ], [ -43.7738928, -20.57491728, 943.52940167158431 ], [ -43.77421957, -20.57441274, 943.52940167158431 ], [ -43.77543955, -20.57374431, 943.52940167158431 ], [ -43.77608706, -20.5727834, 943.52940167158431 ], [ -43.77504641, -20.57137426, 943.52940167158431 ], [ -43.77478097, -20.57046696, 943.52940167158431 ], [ -43.77317187, -20.57375502, 943.52940167158431 ], [ -43.77286286, -20.57339849, 943.52940167158431 ], [ -43.77396936, -20.57071482, 943.52940167158431 ], [ -43.77225353, -20.57081523, 943.52940167158431 ], [ -43.77174814, -20.57172026, 943.52940167158431 ], [ -43.77152727, -20.57310591, 943.52940167158431 ], [ -43.77123342, -20.57327225, 943.52940167158431 ], [ -43.77094617, -20.57298552, 943.52940167158431 ], [ -43.77169139, -20.57062076, 943.52940167158431 ], [ -43.77157178, -20.57019561, 943.52940167158431 ], [ -43.77075722, -20.57008076, 943.52940167158431 ], [ -43.77015431, -20.57033364, 943.52940167158431 ], [ -43.769777903819929, -20.570084307088344, 943.52940167158431 ], [ -43.768732007979089, -20.570097858737508, 943.52940167158431 ], [ -43.76874346, -20.57128234, 943.52940167158431 ], [ -43.7680297, -20.57209168, 943.52940167158431 ], [ -43.7677103, -20.57179727, 943.52940167158431 ], [ -43.76818059, -20.5711473, 943.52940167158431 ], [ -43.768143946309124, -20.570105475460625, 943.52940167158431 ], [ -43.762200268570531, -20.570182347197605, 943.52940167158431 ], [ -43.76205632, -20.57055407, 943.52940167158431 ], [ -43.76123201, -20.57088402, 943.52940167158431 ], [ -43.76178197, -20.57142795, 943.52940167158431 ], [ -43.76164883, -20.57196191, 943.52940167158431 ], [ -43.76236236, -20.5723451, 943.52940167158431 ], [ -43.76217859, -20.57303089, 943.52940167158431 ], [ -43.76253441, -20.5738993, 943.52940167158431 ], [ -43.76367503, -20.57497602, 943.52940167158431 ], [ -43.76567022, -20.57582986, 943.52940167158431 ], [ -43.76673699, -20.57700024, 943.52940167158431 ], [ -43.76718122, -20.57695273, 943.52940167158431 ], [ -43.76793475, -20.57542454, 943.52940167158431 ], [ -43.76834867, -20.57533856, 943.52940167158431 ], [ -43.76849519, -20.57565842, 943.52940167158431 ], [ -43.76778726, -20.57697963, 943.52940167158431 ], [ -43.76830122, -20.57770512, 943.52940167158431 ], [ -43.76997607, -20.578832689999988, 943.52940167158431 ], [ -43.77238405, -20.57909889, 943.52940167158431 ], [ -43.77259335, -20.57944028, 943.52940167158431 ], [ -43.77231769, -20.57963354, 943.52940167158431 ], [ -43.77020397, -20.57935066, 943.52940167158431 ], [ -43.77009402, -20.58161, 943.52940167158431 ], [ -43.76977612, -20.58222577, 943.52940167158431 ], [ -43.76925634, -20.58250419, 943.52940167158431 ], [ -43.76900619, -20.58221282, 943.52940167158431 ], [ -43.76953564, -20.58147667, 943.52940167158431 ], [ -43.76953373, -20.57917988, 943.52940167158431 ], [ -43.76792509, -20.57812066, 943.52940167158431 ], [ -43.76758453, -20.57749375, 943.52940167158431 ], [ -43.76623906, -20.57734441, 943.52940167158431 ], [ -43.76639956, -20.57921702, 943.52940167158431 ], [ -43.76587897, -20.57944131, 943.52940167158431 ], [ -43.76561526, -20.57658222, 943.52940167158431 ], [ -43.76330749, -20.57539435, 943.52940167158431 ], [ -43.7620696, -20.57422855, 943.52940167158431 ], [ -43.76187466, -20.57356417, 943.52940167158431 ], [ -43.76057584, -20.57552282, 943.52940167158431 ], [ -43.76042412, -20.57665362, 943.52940167158431 ], [ -43.75934561, -20.57674796, 943.52940167158431 ], [ -43.75901753, -20.57611902, 943.52940167158431 ], [ -43.75856019, -20.57607897, 943.52940167158431 ], [ -43.75803701, -20.57703698, 943.52940167158431 ], [ -43.75801724, -20.57769889, 943.52940167158431 ], [ -43.75880008, -20.57787214, 943.52940167158431 ], [ -43.75864586, -20.57900465, 943.52940167158431 ], [ -43.75926362, -20.57961553, 943.52940167158431 ], [ -43.76007061, -20.57987813, 943.52940167158431 ], [ -43.76003025, -20.58035518, 943.52940167158431 ], [ -43.76053953, -20.58063654, 943.52940167158431 ], [ -43.76082493, -20.58164993, 943.52940167158431 ], [ -43.76225589, -20.5820088, 943.52940167158431 ], [ -43.76385829, -20.58188641, 943.52940167158431 ], [ -43.76565272, -20.58213626, 943.52940167158431 ], [ -43.76712112, -20.58269761, 943.52940167158431 ], [ -43.76800544, -20.58347279, 943.52940167158431 ], [ -43.76737984, -20.58366288, 943.52940167158431 ], [ -43.7655375, -20.58267368, 943.52940167158431 ], [ -43.76240625, -20.5825353, 943.52940167158431 ], [ -43.76308559, -20.58480181, 943.52940167158431 ], [ -43.76503432, -20.58546913, 943.52940167158431 ], [ -43.76623597, -20.58673615, 943.52940167158431 ], [ -43.76579252, -20.58703139, 943.52940167158431 ], [ -43.76473197, -20.58593163, 943.52940167158431 ], [ -43.76292126, -20.58533889, 943.52940167158431 ], [ -43.76241604, -20.58741901, 943.52940167158431 ], [ -43.76284078, -20.58822918, 943.52940167158431 ], [ -43.76430943, -20.58910542, 943.52940167158431 ], [ -43.76421835, -20.5894673, 943.52940167158431 ], [ -43.76377268, -20.58946258, 943.52940167158431 ], [ -43.7624242, -20.58860434, 943.52940167158431 ], [ -43.76186328, -20.58757658, 943.52940167158431 ], [ -43.76187234, -20.58664249, 943.52940167158431 ], [ -43.76251246, -20.58468267, 943.52940167158431 ], [ -43.76170503, -20.58237664, 943.52940167158431 ], [ -43.76045856, -20.58207714, 943.52940167158431 ], [ -43.76006537, -20.58095136, 943.52940167158431 ], [ -43.75957561, -20.58078224, 943.52940167158431 ], [ -43.75791247, -20.58308557, 943.52940167158431 ], [ -43.7578502, -20.58453034, 943.52940167158431 ], [ -43.75744637, -20.58506798, 943.52940167158431 ], [ -43.75784021, -20.58556024, 943.52940167158431 ], [ -43.75701764, -20.58618074, 943.52940167158431 ], [ -43.76000659, -20.58746932, 943.52940167158431 ], [ -43.76151328, -20.58941647, 943.52940167158431 ], [ -43.76115589, -20.58958356, 943.52940167158431 ], [ -43.76056881, -20.58919453, 943.52940167158431 ], [ -43.75965644, -20.58790138, 943.52940167158431 ], [ -43.7572806, -20.58702632, 943.52940167158431 ], [ -43.7570712, -20.58744464, 943.52940167158431 ], [ -43.75601712, -20.58780911, 943.52940167158431 ], [ -43.75610531, -20.58827231, 943.52940167158431 ], [ -43.75572201, -20.58861804, 943.52940167158431 ], [ -43.75647341, -20.59050805, 943.52940167158431 ], [ -43.75794483, -20.59125295, 943.52940167158431 ], [ -43.7588627, -20.59239805, 943.52940167158431 ], [ -43.75995826, -20.59259852, 943.52940167158431 ], [ -43.76003096, -20.59298673, 943.52940167158431 ], [ -43.75855903, -20.59285917, 943.52940167158431 ], [ -43.75745831, -20.59159949, 943.52940167158431 ], [ -43.75693287, -20.5938264, 943.52940167158431 ], [ -43.75642129, -20.59397705, 943.52940167158431 ], [ -43.75685883, -20.59131248, 943.52940167158431 ], [ -43.75601773, -20.5908407, 943.52940167158431 ], [ -43.7553545, -20.58924206, 1013.896670353984064 ], [ -43.75497057, -20.5894434, 1013.896670353984064 ], [ -43.75483183, -20.59012449, 1013.896670353984064 ], [ -43.75398066, -20.59019703, 1013.896670353984064 ], [ -43.75347135, -20.59100235, 1013.896670353984064 ], [ -43.75446794, -20.59190622, 1013.896670353984064 ], [ -43.75496317, -20.59323553, 1013.896670353984064 ], [ -43.75577149, -20.59366888, 943.52940167158431 ], [ -43.75557362, -20.59403988, 943.52940167158431 ], [ -43.754885766940781, -20.593874404872537, 1013.896670353984064 ], [ -43.75584048, -20.59566466, 943.52940167158431 ], [ -43.75550789, -20.59606136, 943.52940167158431 ], [ -43.7524676, -20.5926517, 1013.896670353984064 ], [ -43.75240323, -20.59241066, 1013.896670353984064 ], [ -43.753437769536824, -20.591725006801273, 1013.896670353984064 ], [ -43.75264767, -20.5916697, 1013.896670353984064 ], [ -43.75142903, -20.59246047, 1013.896670353984064 ], [ -43.75080251, -20.59371431, 1013.896670353984064 ], [ -43.75269536, -20.59508074, 1013.896670353984064 ], [ -43.75298063, -20.59606622, 1013.896670353984064 ], [ -43.75459124, -20.59661924, 1013.896670353984064 ], [ -43.7546209, -20.59705777, 1013.896670353984064 ], [ -43.75256552, -20.59645285, 1013.896670353984064 ], [ -43.75226425, -20.5954422, 1013.896670353984064 ], [ -43.7504199, -20.5941601, 1013.896670353984064 ], [ -43.75023253, -20.59361751, 1013.896670353984064 ], [ -43.74969859, -20.59476554, 1013.896670353984064 ], [ -43.74793847, -20.59651103, 1013.896670353984064 ], [ -43.74774412700193, -20.597644499065666, 1013.896670353984064 ], [ -43.75173132, -20.5990411, 1013.896670353984064 ] ], [ [ -43.80384207, -20.581287, 943.52940167158431 ], [ -43.80492568, -20.58152806, 943.52940167158431 ], [ -43.80517244, -20.58243202, 943.52940167158431 ], [ -43.80364895000001, -20.58241193, 943.52940167158431 ], [ -43.80384207, -20.581287, 943.52940167158431 ] ] ] } },
{ "type": "Feature", "properties": { "area_ha": 501.6, "proveniencia": "limite_municipal − cadastro − exclusoes", "veg_nativa_pct": 10.8, "silvicultura_pct": 0.0, "uso_antropico_pct": 89.2, "supressao_ha": 0.09, "regeneracao_ha": 0.99, "titularidade": "sem_registro_conhecido", "municipio": "Conselheiro Lafaiete", "codigo_ibge": "3118304", "largura_media_m": 247.0, "compacidade": 0.038, "ponto_lat": -20.74703, "ponto_lon": -43.756524, "utm_e": 629457.1, "utm_n": 7705351.1 }, "geometry": { "type": "Polygon", "coordinates": [ [ [ -43.76093038, -20.76898588, 1166.19052456140389 ], [ -43.76401263, -20.76663445, 1166.19052456140389 ], [ -43.76520859, -20.76629716, 1166.19052456140389 ], [ -43.77010391, -20.76668133, 1166.19052456140389 ], [ -43.770718186928455, -20.76852000337151, 1166.19052456140389 ], [ -43.77261641, -20.76751774, 1166.19052456140389 ], [ -43.774222337273322, -20.766216078773713, 1166.19052456140389 ], [ -43.77338229, -20.762789980000012, 1166.19052456140389 ], [ -43.773933957638071, -20.762702151575162, 1166.19052456140389 ], [ -43.77413841, -20.76200914, 1166.19052456140389 ], [ -43.77171669, -20.76244013, 1166.19052456140389 ], [ -43.77013303, -20.76193797, 1166.19052456140389 ], [ -43.76871641, -20.76262233, 1166.19052456140389 ], [ -43.76683553, -20.76276136, 1166.19052456140389 ], [ -43.76300062, -20.76525618, 1166.19052456140389 ], [ -43.76037818, -20.76587229, 1166.19052456140389 ], [ -43.76035599, -20.76539971, 1166.19052456140389 ], [ -43.76273781, -20.76477264, 1166.19052456140389 ], [ -43.76463306, -20.76336587, 1166.19052456140389 ], [ -43.76308828, -20.7619015, 1166.19052456140389 ], [ -43.76083137, -20.76162992, 1166.19052456140389 ], [ -43.76109453, -20.76125128, 1166.19052456140389 ], [ -43.76318192, -20.76135169, 1166.19052456140389 ], [ -43.76334557, -20.75891509, 1166.19052456140389 ], [ -43.76385508, -20.75906023, 1166.19052456140389 ], [ -43.76384449, -20.76181975, 1166.19052456140389 ], [ -43.76499186, -20.76293904, 1166.19052456140389 ], [ -43.76559142, -20.76294232, 1166.19052456140389 ], [ -43.76664415, -20.76224841, 1166.19052456140389 ], [ -43.76778947, -20.7621484, 1166.19052456140389 ], [ -43.76672775, -20.75867471, 1166.19052456140389 ], [ -43.76662613, -20.75793735, 1166.19052456140389 ], [ -43.76687639, -20.75771526, 1166.19052456140389 ], [ -43.76722719, -20.75798739, 1166.19052456140389 ], [ -43.76847611, -20.76210831, 1166.19052456140389 ], [ -43.77008085, -20.76139646, 1166.19052456140389 ], [ -43.77177236, -20.76189826, 1166.19052456140389 ], [ -43.77384607, -20.76154214, 1166.19052456140389 ], [ -43.77521278, -20.75983547, 1166.19052456140389 ], [ -43.77688613, -20.75875851, 1166.19052456140389 ], [ -43.77771724, -20.75771114, 1166.19052456140389 ], [ -43.77872817, -20.75731467, 1166.19052456140389 ], [ -43.77966026, -20.755357809999989, 1166.19052456140389 ], [ -43.779828416403312, -20.754173863506381, 1166.19052456140389 ], [ -43.77897626, -20.75464689, 1166.19052456140389 ], [ -43.77781628, -20.75399254, 1166.19052456140389 ], [ -43.77764035, -20.75328885, 1166.19052456140389 ], [ -43.776771839780437, -20.753154875725556, 1166.19052456140389 ], [ -43.77665213, -20.75339331, 1166.19052456140389 ], [ -43.77739046, -20.7543924, 1166.19052456140389 ], [ -43.77549493, -20.75584909, 1166.19052456140389 ], [ -43.77438171, -20.756040139999989, 1166.19052456140389 ], [ -43.77315593, -20.75531333, 1166.19052456140389 ], [ -43.76896997, -20.75620703, 1166.19052456140389 ], [ -43.76731217, -20.75284633, 1166.19052456140389 ], [ -43.76760881, -20.75194002, 1166.19052456140389 ], [ -43.7655279, -20.75105312, 1166.19052456140389 ], [ -43.76497271, -20.75036762, 1166.19052456140389 ], [ -43.76443479, -20.74883748, 1166.19052456140389 ], [ -43.76273631, -20.74915742, 1166.19052456140389 ], [ -43.76284916, -20.74987375, 1166.19052456140389 ], [ -43.76499539, -20.75402619, 1166.19052456140389 ], [ -43.76488024, -20.75484618, 1166.19052456140389 ], [ -43.76402009, -20.75557651, 1166.19052456140389 ], [ -43.76384265, -20.75524416, 1166.19052456140389 ], [ -43.76442821, -20.75412221, 1166.19052456140389 ], [ -43.76227635, -20.74998804, 1166.19052456140389 ], [ -43.76222328, -20.74773601, 1166.19052456140389 ], [ -43.76128633, -20.74583829, 1166.19052456140389 ], [ -43.76130016, -20.74522514, 1166.19052456140389 ], [ -43.76022612, -20.74564541, 1166.19052456140389 ], [ -43.75811753, -20.74878753, 1166.19052456140389 ], [ -43.7564423, -20.75045235, 1166.19052456140389 ], [ -43.75635101000001, -20.75213475, 1166.19052456140389 ], [ -43.75594058, -20.7527702, 1166.19052456140389 ], [ -43.75559399, -20.75252073, 1166.19052456140389 ], [ -43.75592478, -20.75020203, 1166.19052456140389 ], [ -43.75765435, -20.7484637, 1166.19052456140389 ], [ -43.75950986, -20.74568511, 1166.19052456140389 ], [ -43.75676412, -20.74576062, 1166.19052456140389 ], [ -43.75507924, -20.74674209, 1166.19052456140389 ], [ -43.75474999, -20.74636785, 1166.19052456140389 ], [ -43.75661839, -20.74523525, 1166.19052456140389 ], [ -43.75843494, -20.74534125, 1166.19052456140389 ], [ -43.75684017, -20.74317795, 1166.19052456140389 ], [ -43.7570232, -20.74277881, 1166.19052456140389 ], [ -43.75922247, -20.745201110000011, 1166.19052456140389 ], [ -43.76156441, -20.74459592, 1166.19052456140389 ], [ -43.76308158, -20.74251116, 1166.19052456140389 ], [ -43.76326415, -20.7395718, 1166.19052456140389 ], [ -43.7660615, -20.73892786, 1166.19052456140389 ], [ -43.76718399, -20.73797227, 1166.19052456140389 ], [ -43.76878626, -20.73767839, 1166.19052456140389 ], [ -43.76788458, -20.73725448, 1166.19052456140389 ], [ -43.76722107, -20.73653658, 1166.19052456140389 ], [ -43.76660005, -20.73499358, 1166.19052456140389 ], [ -43.76674672, -20.73467372, 1166.19052456140389 ], [ -43.7672857, -20.7349168, 1166.19052456140389 ], [ -43.76752905, -20.73598057, 1166.19052456140389 ], [ -43.76864488, -20.73706035, 1166.19052456140389 ], [ -43.76928272, -20.7371775, 1166.19052456140389 ], [ -43.77078003, -20.73676866, 1166.19052456140389 ], [ -43.77171145, -20.7364348, 1166.19052456140389 ], [ -43.77247661, -20.73460617, 1166.19052456140389 ], [ -43.77257295, -20.73296973, 1166.19052456140389 ], [ -43.77294739, -20.73279281, 1166.19052456140389 ], [ -43.77318584, -20.73309275, 1166.19052456140389 ], [ -43.77310687, -20.73433512, 1166.19052456140389 ], [ -43.77229248, -20.73660676, 1166.19052456140389 ], [ -43.77399685, -20.73741579, 1166.19052456140389 ], [ -43.77601492, -20.73558877, 1166.19052456140389 ], [ -43.77811416, -20.73527014, 1166.19052456140389 ], [ -43.77592383, -20.73323691, 1166.19052456140389 ], [ -43.77507414, -20.73301712, 1166.19052456140389 ], [ -43.77515438, -20.73258902, 1166.19052456140389 ], [ -43.77626689, -20.73279487, 1166.19052456140389 ], [ -43.77694076, -20.73356488, 1166.19052456140389 ], [ -43.77796222, -20.73412739, 1166.19052456140389 ], [ -43.77874947, -20.73518521, 1166.19052456140389 ], [ -43.780817303042816, -20.734596993374403, 1166.19052456140389 ], [ -43.780954619321513, -20.732235028227851, 1166.19052456140389 ], [ -43.77823765, -20.73191791, 1166.19052456140389 ], [ -43.77799811, -20.73165691, 1166.19052456140389 ], [ -43.77828565, -20.73137019, 1166.19052456140389 ], [ -43.780975870408071, -20.731680532215819, 1166.19052456140389 ], [ -43.78048999640216, -20.728126923666089, 1166.19052456140389 ], [ -43.77943599, -20.72840666, 1166.19052456140389 ], [ -43.77713299, -20.73007881, 1166.19052456140389 ], [ -43.77664048, -20.729839399999985, 1166.19052456140389 ], [ -43.7791463, -20.72793665, 1166.19052456140389 ], [ -43.780532634761293, -20.727568236052392, 1166.19052456140389 ], [ -43.780765087330316, -20.726995191775753, 1166.19052456140389 ], [ -43.77757504, -20.72614272, 1166.19052456140389 ], [ -43.77646221, -20.72643412, 1166.19052456140389 ], [ -43.77345867, -20.72801122, 1166.19052456140389 ], [ -43.77272503, -20.73011774, 1166.19052456140389 ], [ -43.77240481, -20.73030079, 1166.19052456140389 ], [ -43.77212888, -20.73010754, 1166.19052456140389 ], [ -43.77247283, -20.72858209, 1166.19052456140389 ], [ -43.77306183, -20.72761666, 1166.19052456140389 ], [ -43.77621375, -20.72594383, 1166.19052456140389 ], [ -43.777819215337551, -20.725632588449081, 973.091450115307339 ], [ -43.7778698520235, -20.724025126634498, 1015.276670654367763 ], [ -43.77381586, -20.72432029, 1166.19052456140389 ], [ -43.77190076, -20.72532375, 1166.19052456140389 ], [ -43.770442193165152, -20.722883516685041, 1166.19052456140389 ], [ -43.77176753, -20.72532549, 1166.19052456140389 ], [ -43.77045862, -20.72887768, 1166.19052456140389 ], [ -43.77035133, -20.7298811, 1166.19052456140389 ], [ -43.769334766279378, -20.730780942847222, 1166.19052456140389 ], [ -43.77040704, -20.73078594, 1166.19052456140389 ], [ -43.77061655, -20.73112732, 1166.19052456140389 ], [ -43.77034022, -20.73135503, 1166.19052456140389 ], [ -43.76823157, -20.73135249, 1166.19052456140389 ], [ -43.767224215587802, -20.731039157381268, 1166.19052456140389 ], [ -43.76693586, -20.7317792, 1166.19052456140389 ], [ -43.76527232, -20.73312723, 1166.19052456140389 ], [ -43.7657547, -20.73496387, 1166.19052456140389 ], [ -43.76531581, -20.73655537, 1166.19052456140389 ], [ -43.76368502, -20.73710723, 1166.19052456140389 ], [ -43.761753169618302, -20.736999992027862, 1166.19052456140389 ], [ -43.76076579, -20.73811449, 1166.19052456140389 ], [ -43.75996113, -20.73971987, 1166.19052456140389 ], [ -43.758926298882045, -20.738641142932345, 1166.19052456140389 ], [ -43.75998259, -20.73994061, 1166.19052456140389 ], [ -43.75940323, -20.74078343, 1166.19052456140389 ], [ -43.755745669279335, -20.73636790125882, 1166.19052456140389 ], [ -43.755605663205863, -20.736497651591289, 1166.19052456140389 ], [ -43.75916876, -20.74076051, 1166.19052456140389 ], [ -43.75761329, -20.74196342, 1166.19052456140389 ], [ -43.755766019136011, -20.739661903408354, 1166.19052456140389 ], [ -43.75594039, -20.74077243, 1166.19052456140389 ], [ -43.75662968, -20.74195985, 1166.19052456140389 ], [ -43.75618771, -20.7422333, 1166.19052456140389 ], [ -43.7553441, -20.74078803, 1166.19052456140389 ], [ -43.755164287860495, -20.738922861242891, 1166.19052456140389 ], [ -43.754240740397904, -20.737849580485925, 1166.19052456140389 ], [ -43.75331652, -20.73915414, 1002.630852869846194 ], [ -43.750388925882469, -20.742055297415483, 1002.630852869846194 ], [ -43.7530309, -20.74308141, 1002.630852869846194 ], [ -43.75403996, -20.74382741, 1002.630852869846194 ], [ -43.75462935, -20.74485759, 1166.19052456140389 ], [ -43.75400508, -20.74594522, 1002.630852869846194 ], [ -43.75516713, -20.74840262, 1166.19052456140389 ], [ -43.75401996, -20.75089715, 1002.630852869846194 ], [ -43.75449315, -20.75248187, 1166.19052456140389 ], [ -43.756408311186185, -20.754229903967843, 1166.19052456140389 ], [ -43.760860063700001, -20.753726753, 1166.19052456140389 ], [ -43.760074759914829, -20.767254484049044, 1166.19052456140389 ], [ -43.76026033, -20.76752344, 1166.19052456140389 ], [ -43.759834225833934, -20.771397226955838, 1166.19052456140389 ], [ -43.76030919, -20.77104574, 1166.19052456140389 ], [ -43.76093038, -20.76898588, 1166.19052456140389 ] ], [ [ -43.75416756, -20.74369312, 1166.19052456140389 ], [ -43.75240803, -20.74218811, 1002.630852869846194 ], [ -43.75285864, -20.74148577, 1002.630852869846194 ], [ -43.75311613, -20.7414055, 1002.630852869846194 ], [ -43.75481129, -20.74301085, 1166.19052456140389 ], [ -43.75416756, -20.74369312, 1166.19052456140389 ] ] ] } },
{ "type": "Feature", "properties": { "area_ha": 1070.2, "proveniencia": "limite_municipal − cadastro − exclusoes", "veg_nativa_pct": 29.5, "silvicultura_pct": 0.2, "uso_antropico_pct": 68.1, "supressao_ha": 19.62, "regeneracao_ha": 20.88, "titularidade": "sem_registro_conhecido", "municipio": "Curvelo", "codigo_ibge": "3120904", "largura_media_m": 182.0, "compacidade": 0.01, "ponto_lat": -18.856112, "ponto_lon": -44.493826, "utm_e": 553320.9, "utm_n": 7915017.2 }, "geometry": { "type": "Polygon", "coordinates": [ [ [ -44.472575314821469, -18.814530687959842, 694.41 ], [ -44.464953912573471, -18.825415914373149, 630.161296577790267 ], [ -44.4657357, -18.82520669, 641.015690604087695 ], [ -44.46684998, -18.82383179, 641.015690604087695 ], [ -44.467269385653594, -18.823955210734137, 641.015690604087695 ], [ -44.47266181, -18.81468535, 641.015690604087695 ], [ -44.47342734, -18.81592593, 641.015690604087695 ], [ -44.469369945028504, -18.825392156949547, 641.015690604087695 ], [ -44.47037392, -18.82549069, 641.015690604087695 ], [ -44.47103398, -18.82472913, 641.015690604087695 ], [ -44.47124247, -18.82250408, 641.015690604087695 ], [ -44.47182053, -18.82158737, 641.015690604087695 ], [ -44.47213216, -18.82188839, 641.015690604087695 ], [ -44.47162706, -18.82417136, 641.015690604087695 ], [ -44.47286521, -18.82304325, 641.015690604087695 ], [ -44.47322919, -18.82307661, 641.015690604087695 ], [ -44.473295066310691, -18.823415321072577, 641.015690604087695 ], [ -44.47381496, -18.82295447, 641.015690604087695 ], [ -44.47578907, -18.82510733, 641.015690604087695 ], [ -44.46634769, -18.83266242, 641.015690604087695 ], [ -44.46463108, -18.83201254, 641.015690604087695 ], [ -44.46201324, -18.83197192, 641.015690604087695 ], [ -44.462044196717152, -18.833202364554015, 641.015690604087695 ], [ -44.46310244, -18.83308502, 641.015690604087695 ], [ -44.46335355, -18.83333846, 641.015690604087695 ], [ -44.46316675, -18.8336089, 641.015690604087695 ], [ -44.46200922, -18.83375364, 641.015690604087695 ], [ -44.4610199, -18.83424575, 641.015690604087695 ], [ -44.46191072, -18.8351241, 641.015690604087695 ], [ -44.4620538, -18.83621368, 641.015690604087695 ], [ -44.462580521966963, -18.836249683150587, 615.416363749720517 ], [ -44.46285982, -18.83570808, 641.015690604087695 ], [ -44.46330611, -18.8355425, 614.4 ], [ -44.46421139, -18.83571111, 616.69 ], [ -44.46492556, -18.83622056, 616.23 ], [ -44.465100734074717, -18.837615486566573, 614.273452906702005 ], [ -44.465615, -18.83818194, 615.34 ], [ -44.465347742299507, -18.838314194567957, 616.519590714098285 ], [ -44.46761024, -18.83858174, 641.015690604087695 ], [ -44.46859367, -18.83743421, 641.015690604087695 ], [ -44.46997852, -18.83661027, 641.015690604087695 ], [ -44.4708017, -18.83655557, 641.015690604087695 ], [ -44.47067097, -18.83406824, 641.015690604087695 ], [ -44.469963300000011, -18.83142438, 641.015690604087695 ], [ -44.47022353, -18.83104175, 641.015690604087695 ], [ -44.47073323, -18.83180615, 641.015690604087695 ], [ -44.47123586, -18.83399067, 641.015690604087695 ], [ -44.47137849, -18.83660368, 641.015690604087695 ], [ -44.47278274, -18.8366078, 641.015690604087695 ], [ -44.475571532813483, -18.834644313694522, 630.22253556736041 ], [ -44.47445556, -18.83135694, 663.641 ], [ -44.4749820509183, -18.828740738995528, 669.850554142774627 ], [ -44.4747296, -18.8284242, 641.015690604087695 ], [ -44.475144057318381, -18.828182077808826, 669.466585347889122 ], [ -44.47628306, -18.82332806, 687.177 ], [ -44.476159506793856, -18.819986596460268, 641.015690604087695 ], [ -44.47586652, -18.82003992, 641.015690604087695 ], [ -44.47557422, -18.81868471, 641.015690604087695 ], [ -44.47667981, -18.81659125, 641.015690604087695 ], [ -44.48614639, -18.82056639, 709.795 ], [ -44.48724389, -18.82174111, 714.557 ], [ -44.49245167, -18.82923972, 721.77 ], [ -44.49010417, -18.83145139, 708.561 ], [ -44.48796806, -18.83417472, 692.956 ], [ -44.487510958597341, -18.834150335014126, 690.255772394515816 ], [ -44.4880487, -18.83420537, 641.015690604087695 ], [ -44.48674218, -18.83589514, 641.015690604087695 ], [ -44.487138485243371, -18.836146688722859, 641.015690604087695 ], [ -44.48679477, -18.83589587, 641.015690604087695 ], [ -44.49015725, -18.83160065, 641.015690604087695 ], [ -44.4925036, -18.8293932, 641.015690604087695 ], [ -44.49523374, -18.83358423, 641.015690604087695 ], [ -44.49572367, -18.83473582, 641.015690604087695 ], [ -44.49611284, -18.83731418, 641.015690604087695 ], [ -44.48864079, -18.83894253, 641.015690604087695 ], [ -44.487197065278473, -18.838053780337351, 641.015690604087695 ], [ -44.48669898, -18.83834634, 641.015690604087695 ], [ -44.48748337, -18.83938714, 641.015690604087695 ], [ -44.48931106, -18.84025459, 641.015690604087695 ], [ -44.49130158, -18.84277783, 641.015690604087695 ], [ -44.49105899, -18.84320051, 641.015690604087695 ], [ -44.48886385, -18.84059689, 641.015690604087695 ], [ -44.48713455, -18.83982103, 641.015690604087695 ], [ -44.48622969, -18.83865459, 641.015690604087695 ], [ -44.48577647, -18.8387601, 641.015690604087695 ], [ -44.48570052, -18.84105045, 641.015690604087695 ], [ -44.4867652, -18.8458147, 641.015690604087695 ], [ -44.48645099, -18.84619551, 641.015690604087695 ], [ -44.48513964, -18.84114394, 641.015690604087695 ], [ -44.485158, -18.83875173, 641.015690604087695 ], [ -44.48407721, -18.83839978, 641.015690604087695 ], [ -44.48281983, -18.84071342, 641.015690604087695 ], [ -44.48244557, -18.8408201, 641.015690604087695 ], [ -44.48229373, -18.84026267, 641.015690604087695 ], [ -44.48357366, -18.83811659, 641.015690604087695 ], [ -44.48066653, -18.83666981, 641.015690604087695 ], [ -44.48019433000001, -18.83862892, 641.015690604087695 ], [ -44.47980521, -18.83876377, 641.015690604087695 ], [ -44.47977503, -18.8372573, 641.015690604087695 ], [ -44.48019026, -18.83628813, 641.015690604087695 ], [ -44.47683814, -18.83482484, 641.015690604087695 ], [ -44.47611975, -18.83493041, 641.015690604087695 ], [ -44.47337049, -18.83669574, 641.015690604087695 ], [ -44.47321657, -18.8377922, 641.015690604087695 ], [ -44.47402238, -18.8380908, 641.015690604087695 ], [ -44.47401935, -18.83913636, 641.015690604087695 ], [ -44.47668794, -18.84280379, 641.015690604087695 ], [ -44.47662795, -18.84323284, 641.015690604087695 ], [ -44.47628856, -18.84325166, 641.015690604087695 ], [ -44.4756945, -18.84257219, 641.015690604087695 ], [ -44.47406171, -18.83988797, 641.015690604087695 ], [ -44.47259094, -18.83899507, 641.015690604087695 ], [ -44.47264859, -18.8371859, 641.015690604087695 ], [ -44.47018729, -18.83711846, 641.015690604087695 ], [ -44.46864116, -18.83806634, 641.015690604087695 ], [ -44.46817455, -18.83875582, 641.015690604087695 ], [ -44.47036489, -18.83969314, 641.015690604087695 ], [ -44.47096976, -18.8415935, 641.015690604087695 ], [ -44.4705131, -18.8415935, 641.015690604087695 ], [ -44.47000791, -18.84014062, 641.015690604087695 ], [ -44.46935976, -18.83970852, 641.015690604087695 ], [ -44.46648936, -18.83891114, 641.015690604087695 ], [ -44.465846, -18.84040249, 641.015690604087695 ], [ -44.4665076, -18.84145448, 641.015690604087695 ], [ -44.46704871, -18.84362684, 641.015690604087695 ], [ -44.46654081, -18.84365501, 641.015690604087695 ], [ -44.466075663985364, -18.842114508611335, 617.053071242128567 ], [ -44.4657775, -18.84267667, 617.11 ], [ -44.46503917, -18.84246278, 616.94 ], [ -44.465000021584508, -18.84202610372683, 619.206523574903713 ], [ -44.46397027, -18.84292157, 641.015690604087695 ], [ -44.46429218, -18.84515911, 641.015690604087695 ], [ -44.46317676, -18.8465552, 641.015690604087695 ], [ -44.46413344, -18.84702611, 641.015690604087695 ], [ -44.46442476, -18.84562631, 641.015690604087695 ], [ -44.46500798, -18.84523997, 641.015690604087695 ], [ -44.465370900000011, -18.84565006, 641.015690604087695 ], [ -44.46563592, -18.84792868, 641.015690604087695 ], [ -44.46804897, -18.84786457, 641.015690604087695 ], [ -44.46935652, -18.84833779, 641.015690604087695 ], [ -44.47216837, -18.84825451, 641.015690604087695 ], [ -44.47200568, -18.84868007, 641.015690604087695 ], [ -44.46997194, -18.84888046, 641.015690604087695 ], [ -44.4679617, -18.84840574, 641.015690604087695 ], [ -44.46561411, -18.84849492, 641.015690604087695 ], [ -44.46587647, -18.84977426, 641.015690604087695 ], [ -44.46635165, -18.84943239, 641.015690604087695 ], [ -44.46687108, -18.84967896, 641.015690604087695 ], [ -44.46700704, -18.85166383, 641.015690604087695 ], [ -44.46964436, -18.85074612, 641.015690604087695 ], [ -44.473123399497865, -18.85090146821247, 675.200694432780779 ], [ -44.47735859, -18.84309045, 641.015690604087695 ], [ -44.47762116, -18.84189398, 641.015690604087695 ], [ -44.4772583, -18.84096882, 641.015690604087695 ], [ -44.47941301, -18.84120465, 641.015690604087695 ], [ -44.47920944, -18.84699783, 641.015690604087695 ], [ -44.4781596, -18.84674381, 641.015690604087695 ], [ -44.47756654, -18.84691323, 641.015690604087695 ], [ -44.475630268237865, -18.848708060042433, 678.18 ], [ -44.477502781990886, -18.85306646047508, 641.015690604087695 ], [ -44.479055576553677, -18.853303650313215, 641.015690604087695 ], [ -44.47943413, -18.84114486, 641.015690604087695 ], [ -44.4826891, -18.84144935, 641.015690604087695 ], [ -44.48382103, -18.84194658, 641.015690604087695 ], [ -44.482003628059303, -18.850427869716295, 641.015690604087695 ], [ -44.48275925, -18.84910271, 641.015690604087695 ], [ -44.48329265, -18.8488422, 641.015690604087695 ], [ -44.48353994, -18.84915846, 641.015690604087695 ], [ -44.4829084, -18.84981171, 641.015690604087695 ], [ -44.481694032271889, -18.852130083256625, 641.015690604087695 ], [ -44.481410576349312, -18.853856971378207, 641.015690604087695 ], [ -44.48319911, -18.85457874, 641.015690604087695 ], [ -44.48363215, -18.85448596, 641.015690604087695 ], [ -44.4859139, -18.85264397, 641.015690604087695 ], [ -44.48727242, -18.85213397, 641.015690604087695 ], [ -44.48864462, -18.85100292, 641.015690604087695 ], [ -44.48878838, -18.85147953, 641.015690604087695 ], [ -44.48781294, -18.85243319, 641.015690604087695 ], [ -44.48625269, -18.85308474, 641.015690604087695 ], [ -44.48363205, -18.85504316, 641.015690604087695 ], [ -44.48374102, -18.85519489, 641.015690604087695 ], [ -44.48603537, -18.85392002, 641.015690604087695 ], [ -44.48882116, -18.8534738, 641.015690604087695 ], [ -44.48890959, -18.85390307, 641.015690604087695 ], [ -44.48850816, -18.85432291, 641.015690604087695 ], [ -44.48649875, -18.85485846, 641.015690604087695 ], [ -44.486713064494602, -18.855351028925607, 641.015690604087695 ], [ -44.488582654556616, -18.854830884605299, 641.015690604087695 ], [ -44.49026, -18.85397, 712.28 ], [ -44.49078111, -18.85409556, 713.5 ], [ -44.493886506277875, -18.856831365603945, 712.14908274022946 ], [ -44.49576605, -18.8568497, 641.015690604087695 ], [ -44.49561853, -18.86621892, 641.015690604087695 ], [ -44.49554456, -18.86755933, 641.015690604087695 ], [ -44.47895651, -18.86588086, 641.015690604087695 ], [ -44.47892317, -18.86544752, 641.015690604087695 ], [ -44.47973368, -18.86426841, 641.015690604087695 ], [ -44.4761616, -18.8621405, 641.015690604087695 ], [ -44.47520627, -18.86254812, 641.015690604087695 ], [ -44.47609985, -18.86358918, 641.015690604087695 ], [ -44.47741176, -18.8639278, 641.015690604087695 ], [ -44.47807535, -18.86450242, 641.015690604087695 ], [ -44.47834351, -18.86427574, 641.015690604087695 ], [ -44.47921129, -18.86491956, 641.015690604087695 ], [ -44.47896813, -18.86534749, 641.015690604087695 ], [ -44.47495364, -18.86605129, 641.015690604087695 ], [ -44.4749829, -18.866332589999988, 641.015690604087695 ], [ -44.47357664, -18.86700161, 641.015690604087695 ], [ -44.473572477806144, -18.86753983145552, 641.015690604087695 ], [ -44.47478684, -18.86655323, 641.015690604087695 ], [ -44.47608146, -18.86626757, 641.015690604087695 ], [ -44.47605738, -18.86666117, 641.015690604087695 ], [ -44.47506219, -18.86703403, 641.015690604087695 ], [ -44.4739072, -18.86798777, 641.015690604087695 ], [ -44.47589477, -18.86926985, 641.015690604087695 ], [ -44.47597318, -18.86958481, 641.015690604087695 ], [ -44.47564611, -18.86974118, 641.015690604087695 ], [ -44.47479506, -18.86934324, 641.015690604087695 ], [ -44.472901563762569, -18.868001340332412, 641.015690604087695 ], [ -44.472847376795954, -18.868254206923343, 641.015690604087695 ], [ -44.47465704, -18.86988644, 641.015690604087695 ], [ -44.469450829250512, -18.874916891715877, 641.015690604087695 ], [ -44.4703819, -18.87690109, 641.015690604087695 ], [ -44.47161244, -18.87822334, 641.015690604087695 ], [ -44.47381864, -18.87967178, 641.015690604087695 ], [ -44.477056714106709, -18.880738180261126, 655.128135605365856 ], [ -44.48402972, -18.87503417, 708.892 ], [ -44.492767412084504, -18.875735234293888, 702.518803378604616 ], [ -44.49232686, -18.8756932, 641.015690604087695 ], [ -44.492366858415295, -18.873203838934273, 641.015690604087695 ], [ -44.49230037, -18.87566187, 641.015690604087695 ], [ -44.48890735, -18.875302, 641.015690604087695 ], [ -44.48916206, -18.87147748, 641.015690604087695 ], [ -44.4954857, -18.87207914, 641.015690604087695 ], [ -44.49544156, -18.87326802, 641.015690604087695 ], [ -44.494879731683781, -18.873217939957325, 641.015690604087695 ], [ -44.49543073, -18.87327039, 641.015690604087695 ], [ -44.49528, -18.88136083, 700.17 ], [ -44.49748289, -18.88925323, 641.015690604087695 ], [ -44.49381538, -18.88997425, 641.015690604087695 ], [ -44.48901685, -18.89031948, 641.015690604087695 ], [ -44.48066167, -18.88789028, 698.46 ], [ -44.47586726, -18.88564257, 641.015690604087695 ], [ -44.47448497, -18.88444188, 641.015690604087695 ], [ -44.47455192, -18.88395499, 641.015690604087695 ], [ -44.47508465, -18.88333534, 641.015690604087695 ], [ -44.47523417, -18.88297861, 674.855 ], [ -44.47528556329496, -18.881978359997596, 665.95730842985995 ], [ -44.47505028, -18.88173417, 663.779 ], [ -44.47127972, -18.88044278, 662.259 ], [ -44.47196194, -18.87921833, 650.94 ], [ -44.472851973415054, -18.879736588608917, 650.781514407501049 ], [ -44.47124934, -18.87864445, 641.015690604087695 ], [ -44.4699241, -18.87722429, 641.015690604087695 ], [ -44.468318478365596, -18.874222985382559, 641.015690604087695 ], [ -44.46758252, -18.87463083, 641.015690604087695 ], [ -44.46950874, -18.87843049, 641.015690604087695 ], [ -44.46909974, -18.878931829999988, 641.015690604087695 ], [ -44.47143874, -18.87990499, 641.015690604087695 ], [ -44.471251533373753, -18.880466340651715, 641.015690604087695 ], [ -44.47515087, -18.88189948, 641.015690604087695 ], [ -44.47516227, -18.88314335, 641.015690604087695 ], [ -44.474224440181551, -18.884220251025052, 641.015690604087695 ], [ -44.47455706, -18.88485676, 641.015690604087695 ], [ -44.47594352, -18.8858419, 641.015690604087695 ], [ -44.48043564000001, -18.8880834, 641.015690604087695 ], [ -44.48054762, -18.88882411, 641.015690604087695 ], [ -44.47920878, -18.88985827, 641.015690604087695 ], [ -44.47982309, -18.89056796, 641.015690604087695 ], [ -44.479094631888074, -18.891371085897152, 641.015690604087695 ], [ -44.479240092461758, -18.891626065824177, 641.015690604087695 ], [ -44.47913546, -18.89136819, 641.015690604087695 ], [ -44.47986074, -18.89055095, 641.015690604087695 ], [ -44.48018386, -18.89074223, 641.015690604087695 ], [ -44.48091242, -18.88931244, 641.015690604087695 ], [ -44.48067731, -18.88799741, 641.015690604087695 ], [ -44.48347719, -18.88883309, 641.015690604087695 ], [ -44.48281686, -18.89102545, 641.015690604087695 ], [ -44.482232622051086, -18.891423395037958, 641.015690604087695 ], [ -44.48287386, -18.89103999, 641.015690604087695 ], [ -44.48350569, -18.88875071, 641.015690604087695 ], [ -44.48844482, -18.89016425, 641.015690604087695 ], [ -44.48503908, -18.89609829, 744.483341259144822 ], [ -44.48381315, -18.89545944, 641.015690604087695 ], [ -44.48259804, -18.89743604, 744.483341259144822 ], [ -44.48185346, -18.89887096, 744.483341259144822 ], [ -44.481102771013369, -18.900528393049186, 672.366460588476343 ], [ -44.48381423, -18.895480249999988, 641.015690604087695 ], [ -44.48502556, -18.89609538, 744.483341259144822 ], [ -44.485081383367863, -18.896116063728087, 709.905598306839011 ], [ -44.48765778, -18.89173472, 641.015690604087695 ], [ -44.493720181623125, -18.894021970221019, 703.643481110002313 ], [ -44.48766194, -18.89169586, 641.015690604087695 ], [ -44.48846795, -18.89025157, 641.015690604087695 ], [ -44.48912777000001, -18.89042921, 641.015690604087695 ], [ -44.49016847, -18.89040891, 641.015690604087695 ], [ -44.49309744, -18.89014499, 641.015690604087695 ], [ -44.49757539, -18.88930562, 641.015690604087695 ], [ -44.49976273, -18.89687559, 744.483341259144822 ], [ -44.49843235, -18.89707036, 744.483341259144822 ], [ -44.495667003827592, -18.894049548776657, 641.015690604087695 ], [ -44.498425543346514, -18.897097733121139, 722.45 ], [ -44.500324969454311, -18.896837836584641, 727.500040362866002 ], [ -44.49819444, -18.88953528, 641.015690604087695 ], [ -44.499114140479719, -18.890197459451958, 716.48 ], [ -44.503070564558932, -18.891519959348472, 719.160014726675627 ], [ -44.50317952, -18.88732216, 641.015690604087695 ], [ -44.504839514627385, -18.888121118320417, 705.365838764534033 ], [ -44.50224052895247, -18.886666582698101, 707.380228042453496 ], [ -44.50323639, -18.88723932, 641.015690604087695 ], [ -44.49794319, -18.88865932, 641.015690604087695 ], [ -44.49728042, -18.88634365, 641.015690604087695 ], [ -44.498172001125134, -18.885958711212048, 641.015690604087695 ], [ -44.497210877675421, -18.886078805522907, 712.72 ], [ -44.49639273, -18.88328752, 641.015690604087695 ], [ -44.501108374229496, -18.882100187917384, 706.759775809912526 ], [ -44.500705418281115, -18.879058471302756, 703.95 ], [ -44.50333729, -18.879413010000011, 641.015690604087695 ], [ -44.506977642509028, -18.881378606039423, 685.248936153863497 ], [ -44.50724083, -18.88056139, 683.94 ], [ -44.50791874, -18.88010825, 641.015690604087695 ], [ -44.50912472, -18.88054361, 692.01 ], [ -44.50926806, -18.87962889, 690.36 ], [ -44.507801167564367, -18.879088711526631, 682.453017599876716 ], [ -44.50742553, -18.88020562, 641.015690604087695 ], [ -44.50692263, -18.88017593, 641.015690604087695 ], [ -44.508014011572627, -18.877058520856242, 641.015690604087695 ], [ -44.50574464, -18.87554442, 641.015690604087695 ], [ -44.50605331, -18.87507042, 641.015690604087695 ], [ -44.508203549161095, -18.876508762329699, 641.015690604087695 ], [ -44.508369690692604, -18.87599396137783, 641.015690604087695 ], [ -44.50625896, -18.87475759, 641.015690604087695 ], [ -44.506295839216762, -18.874540873111947, 687.96820881815313 ], [ -44.50318774, -18.87931935, 641.015690604087695 ], [ -44.50106856, -18.87890693, 641.015690604087695 ], [ -44.499078, -18.87888111, 641.015690604087695 ], [ -44.495863, -18.87794809, 641.015690604087695 ], [ -44.49599182, -18.87122393, 641.015690604087695 ], [ -44.497940855796848, -18.871859280898704, 641.015690604087695 ], [ -44.498204563004812, -18.871288204509533, 641.015690604087695 ], [ -44.49582587, -18.870518, 641.015690604087695 ], [ -44.49585978, -18.86966747, 641.015690604087695 ], [ -44.498520540513049, -18.870610054266031, 641.015690604087695 ], [ -44.49933784, -18.86871248, 641.015690604087695 ], [ -44.49934527, -18.8672122, 641.015690604087695 ], [ -44.49982071, -18.86701566, 641.015690604087695 ], [ -44.50036336, -18.86721823, 641.015690604087695 ], [ -44.50093322, -18.86629547, 641.015690604087695 ], [ -44.502070802121281, -18.865397474491839, 641.015690604087695 ], [ -44.50180605, -18.86548756, 641.015690604087695 ], [ -44.49910205, -18.86097851, 641.015690604087695 ], [ -44.49634905, -18.8586712, 641.015690604087695 ], [ -44.49645068, -18.85272894, 641.015690604087695 ], [ -44.49898862, -18.85403258, 641.015690604087695 ], [ -44.50037256, -18.85411014, 641.015690604087695 ], [ -44.509318803532302, -18.854334336417825, 641.015690604087695 ], [ -44.5090625, -18.85127083, 688.579 ], [ -44.513023631378559, -18.849340464258052, 641.015690604087695 ], [ -44.50779631, -18.85168237, 641.015690604087695 ], [ -44.50779641, -18.85416497, 641.015690604087695 ], [ -44.50218662, -18.85406648, 641.015690604087695 ], [ -44.50220383, -18.85352414, 641.015690604087695 ], [ -44.50197372540638, -18.853543214630758, 641.015690604087695 ], [ -44.50190175, -18.85409829, 641.015690604087695 ], [ -44.49904017, -18.85402817, 641.015690604087695 ], [ -44.49638628000001, -18.85256457, 641.015690604087695 ], [ -44.49641219, -18.85100416, 641.015690604087695 ], [ -44.502280558464882, -18.851129272368404, 641.015690604087695 ], [ -44.49645717, -18.85100378, 641.015690604087695 ], [ -44.49652042, -18.83581804, 641.015690604087695 ], [ -44.49617685, -18.83421408, 641.015690604087695 ], [ -44.493924574348284, -18.830456737642947, 726.097 ], [ -44.496309768689827, -18.829875845603439, 728.347 ], [ -44.502578998052897, -18.833863519132354, 717.927 ], [ -44.507645192396637, -18.836830361080935, 704.772 ], [ -44.505202211141928, -18.843038623671045, 710.730259593128721 ], [ -44.504829722581313, -18.844093016616132, 641.015690604087695 ], [ -44.50615851, -18.84068304, 641.015690604087695 ], [ -44.507539000578369, -18.840763973588629, 641.015690604087695 ], [ -44.50616891, -18.84066705, 641.015690604087695 ], [ -44.50766525, -18.8368289, 641.015690604087695 ], [ -44.50946381, -18.83719306, 641.015690604087695 ], [ -44.508921055607267, -18.840844940207734, 641.015690604087695 ], [ -44.51160763, -18.8410022, 641.015690604087695 ], [ -44.51037957, -18.84090149, 641.015690604087695 ], [ -44.51158886000001, -18.83365489, 641.015690604087695 ], [ -44.51748968, -18.83710097, 641.015690604087695 ], [ -44.516017310682727, -18.842664095827047, 641.015690604087695 ], [ -44.516224714888367, -18.843908093581614, 641.015690604087695 ], [ -44.52048952, -18.83892875, 641.015690604087695 ], [ -44.51753524, -18.83710301, 641.015690604087695 ], [ -44.509511435499171, -18.832433979004307, 641.015690604087695 ], [ -44.50753361, -18.83670085, 641.015690604087695 ], [ -44.49627042, -18.82981915, 641.015690604087695 ], [ -44.49386716, -18.83040812, 641.015690604087695 ], [ -44.486864, -18.8207974, 641.015690604087695 ], [ -44.4845166, -18.81941461, 641.015690604087695 ], [ -44.484637980127808, -18.819215547981855, 641.015690604087695 ], [ -44.47659214, -18.81624699, 641.015690604087695 ], [ -44.47528018, -18.81494546, 641.015690604087695 ], [ -44.472664073935753, -18.811277993347609, 692.209996301306205 ], [ -44.471622612221751, -18.811932022891366, 641.015690604087695 ], [ -44.47243337, -18.81418511, 641.015690604087695 ], [ -44.471926737768676, -18.814705795095236, 641.015690604087695 ], [ -44.472575314821469, -18.814530687959842, 694.41 ] ], [ [ -44.50861641, -18.83631165, 641.015690604087695 ], [ -44.50947364, -18.83656043, 641.015690604087695 ], [ -44.5094165, -18.836826349999988, 641.015690604087695 ], [ -44.50852198, -18.83659162, 641.015690604087695 ], [ -44.50861641, -18.83631165, 641.015690604087695 ] ], [ [ -44.49793098, -18.88155253, 641.015690604087695 ], [ -44.49838738, -18.88275274, 641.015690604087695 ], [ -44.49631378, -18.88328939, 641.015690604087695 ], [ -44.49593875, -18.88192995, 641.015690604087695 ], [ -44.49793098, -18.88155253, 641.015690604087695 ] ], [ [ -44.49847576, -18.87929922, 641.015690604087695 ], [ -44.49583054, -18.8794071, 641.015690604087695 ], [ -44.49585777, -18.87811915, 641.015690604087695 ], [ -44.49838261, -18.87878797, 641.015690604087695 ], [ -44.49847576, -18.87929922, 641.015690604087695 ] ], [ [ -44.49455694, -18.85427395, 641.015690604087695 ], [ -44.49577924, -18.85413965, 641.015690604087695 ], [ -44.495706, -18.856771, 641.015690604087695 ], [ -44.49485, -18.856754, 641.015690604087695 ], [ -44.494832588023904, -18.856277461787428, 641.015690604087695 ], [ -44.49444621, -18.8562768, 641.015690604087695 ], [ -44.49455694, -18.85427395, 641.015690604087695 ] ], [ [ -44.49070895, -18.85397425, 641.015690604087695 ], [ -44.49025266, -18.85393418, 641.015690604087695 ], [ -44.49025187, -18.85311628, 641.015690604087695 ], [ -44.49216222, -18.85265028, 712.07 ], [ -44.49245861, -18.85315417, 712.22 ], [ -44.49070895, -18.85397425, 641.015690604087695 ] ], [ [ -44.49335443, -18.84750616, 641.015690604087695 ], [ -44.49393417, -18.84352444, 712.432 ], [ -44.4959895, -18.84362433, 641.015690604087695 ], [ -44.49593435, -18.8465275, 641.015690604087695 ], [ -44.49335443, -18.84750616, 641.015690604087695 ] ], [ [ -44.48965889, -18.85380467, 641.015690604087695 ], [ -44.48923985, -18.85384704, 641.015690604087695 ], [ -44.48900822, -18.85342576, 641.015690604087695 ], [ -44.4895338, -18.85327393, 641.015690604087695 ], [ -44.48965889, -18.85380467, 641.015690604087695 ] ] ] } },
{ "type": "Feature", "properties": { "area_ha": 573.5, "proveniencia": "limite_municipal − cadastro − exclusoes", "veg_nativa_pct": 18.7, "silvicultura_pct": 20.8, "uso_antropico_pct": 76.0, "supressao_ha": 32.4, "regeneracao_ha": 26.55, "titularidade": "sem_registro_conhecido", "municipio": "Curvelo", "codigo_ibge": "3120904", "largura_media_m": 313.0, "compacidade": 0.054, "ponto_lat": -18.601645, "ponto_lon": -44.498472, "utm_e": 552910.7, "utm_n": 7943174.8 }, "geometry": { "type": "Polygon", "coordinates": [ [ [ -44.508441649717881, -18.601582149866839, 732.947 ], [ -44.5033383732858, -18.593804116504813, 728.575 ], [ -44.501181664199677, -18.58916555007788, 723.624 ], [ -44.499214827907323, -18.58572171982949, 722.074 ], [ -44.498840403726071, -18.58460591098207, 724.676 ], [ -44.497461402311458, -18.581891800862927, 736.566 ], [ -44.497396679327935, -18.580466365430802, 742.312 ], [ -44.497826402942245, -18.579133348348204, 747.124 ], [ -44.49818748239489, -18.577200386470196, 740.946959538553529 ], [ -44.497824797895532, -18.579131265376571, 747.64 ], [ -44.497334922609753, -18.579167103023384, 683.652619511279454 ], [ -44.497276251542552, -18.58171680301745, 619.185337172574577 ], [ -44.499152182769429, -18.585899290958064, 619.185281385281314 ], [ -44.50109673, -18.58923266, 641.015690604087695 ], [ -44.50335772, -18.59400382, 641.015690604087695 ], [ -44.49694893, -18.60074969, 641.015690604087695 ], [ -44.49342925, -18.60394007, 641.015690604087695 ], [ -44.493145744749953, -18.603841518580985, 675.954108270246138 ], [ -44.49197056, -18.60491583, 677.096 ], [ -44.490765497250877, -18.605236213770034, 641.015690604087695 ], [ -44.49199902, -18.60490973, 641.015690604087695 ], [ -44.492115, -18.60508264, 641.015690604087695 ], [ -44.49025685, -18.6087269, 641.015690604087695 ], [ -44.48995997, -18.60848838, 641.015690604087695 ], [ -44.488619828905691, -18.610291878888873, 641.015690604087695 ], [ -44.49084075, -18.61089786, 641.015690604087695 ], [ -44.49226069, -18.6106539, 641.015690604087695 ], [ -44.49234069, -18.6096689, 641.015690604087695 ], [ -44.49273221, -18.60911196, 641.015690604087695 ], [ -44.49686905, -18.60775901, 641.015690604087695 ], [ -44.4978077, -18.60708864, 641.015690604087695 ], [ -44.49860096, -18.60586119, 641.015690604087695 ], [ -44.50006633, -18.60547882, 641.015690604087695 ], [ -44.50127281, -18.60360974, 641.015690604087695 ], [ -44.50084938, -18.60058328, 641.015690604087695 ], [ -44.50138866, -18.59904424, 641.015690604087695 ], [ -44.50171521, -18.59888786, 641.015690604087695 ], [ -44.50191461, -18.59940955, 641.015690604087695 ], [ -44.50141995, -18.60088667, 641.015690604087695 ], [ -44.50187291, -18.60371743, 641.015690604087695 ], [ -44.50263958, -18.60391708, 641.015690604087695 ], [ -44.50304435, -18.6026955, 641.015690604087695 ], [ -44.50452945, -18.60161525, 641.015690604087695 ], [ -44.50464435, -18.60219502, 641.015690604087695 ], [ -44.50349619, -18.60302611, 641.015690604087695 ], [ -44.50320371, -18.60401047, 641.015690604087695 ], [ -44.50391484, -18.60481884, 641.015690604087695 ], [ -44.50625971, -18.60536511, 641.015690604087695 ], [ -44.50761062, -18.60612119, 641.015690604087695 ], [ -44.50835008, -18.60682207, 641.015690604087695 ], [ -44.50835008, -18.60714577, 641.015690604087695 ], [ -44.50791384, -18.60720564, 641.015690604087695 ], [ -44.50619258, -18.60592385, 641.015690604087695 ], [ -44.50362451, -18.60528702, 641.015690604087695 ], [ -44.50289456, -18.60447192, 641.015690604087695 ], [ -44.50154691, -18.60420003, 641.015690604087695 ], [ -44.50065803, -18.60562537, 641.015690604087695 ], [ -44.50098331, -18.60615141, 641.015690604087695 ], [ -44.50344139, -18.60749613, 641.015690604087695 ], [ -44.50341487, -18.6079302, 641.015690604087695 ], [ -44.5006632, -18.6066014, 641.015690604087695 ], [ -44.50025077, -18.60601055, 641.015690604087695 ], [ -44.49908777, -18.60622876, 641.015690604087695 ], [ -44.49822491, -18.60746095, 641.015690604087695 ], [ -44.49715938, -18.60822758, 641.015690604087695 ], [ -44.49305641, -18.60956208, 641.015690604087695 ], [ -44.49283656, -18.61090909, 641.015690604087695 ], [ -44.49145419, -18.61130249, 641.015690604087695 ], [ -44.49208755, -18.61156189, 641.015690604087695 ], [ -44.49331181, -18.6113192, 641.015690604087695 ], [ -44.4944682, -18.61226505, 641.015690604087695 ], [ -44.49762935, -18.61310067, 641.015690604087695 ], [ -44.4986462, -18.61191789, 641.015690604087695 ], [ -44.50090194, -18.61130335, 641.015690604087695 ], [ -44.50183433, -18.61118354, 641.015690604087695 ], [ -44.50254068000001, -18.61169695, 641.015690604087695 ], [ -44.50374643, -18.61186282, 641.015690604087695 ], [ -44.5055419, -18.61064385, 641.015690604087695 ], [ -44.50875431, -18.61071446, 641.015690604087695 ], [ -44.50898865, -18.61098545, 641.015690604087695 ], [ -44.50880209, -18.6112559, 641.015690604087695 ], [ -44.50704637, -18.61139729, 641.015690604087695 ], [ -44.50567462, -18.61117249, 641.015690604087695 ], [ -44.504308450000011, -18.61215108, 641.015690604087695 ], [ -44.50599115, -18.61344154, 641.015690604087695 ], [ -44.50746792, -18.61348611, 641.015690604087695 ], [ -44.50794093, -18.61401229, 641.015690604087695 ], [ -44.50577125, -18.61394499, 641.015690604087695 ], [ -44.50365487, -18.61241364, 641.015690604087695 ], [ -44.50233452, -18.61220408, 641.015690604087695 ], [ -44.50173195, -18.61172019, 641.015690604087695 ], [ -44.49892337, -18.61239396, 641.015690604087695 ], [ -44.49817593, -18.61336427, 641.015690604087695 ], [ -44.49885024, -18.61445291, 641.015690604087695 ], [ -44.49895023, -18.6158206, 641.015690604087695 ], [ -44.50109559, -18.61763868, 641.015690604087695 ], [ -44.50109559, -18.61796238, 641.015690604087695 ], [ -44.50077466, -18.61806652, 641.015690604087695 ], [ -44.4985848, -18.61629459, 641.015690604087695 ], [ -44.49803761, -18.61392229, 641.015690604087695 ], [ -44.49424691, -18.61276453, 641.015690604087695 ], [ -44.49295321, -18.61182578, 641.015690604087695 ], [ -44.49250941, -18.61200788, 641.015690604087695 ], [ -44.49274025, -18.61336415, 641.015690604087695 ], [ -44.49364474, -18.61468951, 641.015690604087695 ], [ -44.49401905, -18.61677145, 641.015690604087695 ], [ -44.49461727, -18.61821428, 641.015690604087695 ], [ -44.4943043, -18.61853055, 641.015690604087695 ], [ -44.493473, -18.6169262, 641.015690604087695 ], [ -44.49310076, -18.61484986, 641.015690604087695 ], [ -44.49221068, -18.61358892, 641.015690604087695 ], [ -44.49193163, -18.61210169, 641.015690604087695 ], [ -44.49046723, -18.61131542, 641.015690604087695 ], [ -44.48872364, -18.61083428, 641.015690604087695 ], [ -44.48702809, -18.61073652, 641.015690604087695 ], [ -44.48582694, -18.61109283, 641.015690604087695 ], [ -44.48492896, -18.61042444, 641.015690604087695 ], [ -44.48412913, -18.61097308, 641.015690604087695 ], [ -44.483989701394933, -18.611931876676447, 611.89762887309189 ], [ -44.48691029, -18.61442756, 641.015690604087695 ], [ -44.4876651, -18.61561503, 641.015690604087695 ], [ -44.48720241, -18.61586972, 641.015690604087695 ], [ -44.48650172, -18.61480599, 641.015690604087695 ], [ -44.483845896295001, -18.612516633192932, 623.109582092562277 ], [ -44.48416917, -18.61376304, 641.015690604087695 ], [ -44.48633917, -18.61596083, 650.768 ], [ -44.48655528, -18.61890008, 641.015690604087695 ], [ -44.48617292, -18.61873232, 641.015690604087695 ], [ -44.48236909, -18.61824142, 641.015690604087695 ], [ -44.47966363, -18.616729, 641.015690604087695 ], [ -44.47934633, -18.61763588, 641.015690604087695 ], [ -44.47464417, -18.61831278, 619.742 ], [ -44.474147984809143, -18.617363059922237, 610.338456258463225 ], [ -44.473461020681853, -18.617160624177846, 610.388564282858624 ], [ -44.4726102, -18.61749377, 641.015690604087695 ], [ -44.47073702, -18.61953342, 641.015690604087695 ], [ -44.47227354, -18.61906467, 641.015690604087695 ], [ -44.47327598, -18.6195245, 641.015690604087695 ], [ -44.47370095, -18.62054773, 641.015690604087695 ], [ -44.47573529, -18.62030766, 641.015690604087695 ], [ -44.477256309285551, -18.620871221691665, 613.808128584086489 ], [ -44.477383606475826, -18.618753718854869, 613.808128584086489 ], [ -44.479647561098275, -18.617596334876271, 613.808128584086489 ], [ -44.479966144080805, -18.617681212205877, 613.808128584086489 ], [ -44.479859310503038, -18.618501090034982, 613.808128584086489 ], [ -44.48001333, -18.61740416, 641.015690604087695 ], [ -44.48242105, -18.61831343, 641.015690604087695 ], [ -44.4862963, -18.6188554, 641.015690604087695 ], [ -44.48983232, -18.62114647, 641.015690604087695 ], [ -44.49181382, -18.62406675, 641.015690604087695 ], [ -44.492119593478215, -18.626076859644741, 641.015690604087695 ], [ -44.498195112399998, -18.619765492600003, 641.015690604087695 ], [ -44.517307490199997, -18.618494184799999, 641.015690604087695 ], [ -44.509225282690572, -18.601041515169982, 730.914233308351299 ], [ -44.508441649717881, -18.601582149866839, 732.947 ] ] ] } },
{ "type": "Feature", "properties": { "area_ha": 817.3, "proveniencia": "limite_municipal − cadastro − exclusoes", "veg_nativa_pct": 35.9, "silvicultura_pct": 0.8, "uso_antropico_pct": 62.5, "supressao_ha": 6.57, "regeneracao_ha": 23.13, "titularidade": "sem_registro_conhecido", "municipio": "Curvelo", "codigo_ibge": "3120904", "largura_media_m": 258.0, "compacidade": 0.026, "ponto_lat": -19.064115, "ponto_lon": -44.432172, "utm_e": 559741.7, "utm_n": 7891981.6 }, "geometry": { "type": "Polygon", "coordinates": [ [ [ -44.42975257, -19.06434421, 744.483341259144822 ], [ -44.43177815, -19.06437877, 744.483341259144822 ], [ -44.43328734, -19.06530141, 744.483341259144822 ], [ -44.43471437, -19.06490625, 744.483341259144822 ], [ -44.4350574, -19.06516736, 744.483341259144822 ], [ -44.43487033, -19.06543779, 744.483341259144822 ], [ -44.43326134, -19.06584638, 744.483341259144822 ], [ -44.43163193, -19.0649059, 744.483341259144822 ], [ -44.42980479, -19.06488584, 744.483341259144822 ], [ -44.42867863710859, -19.065637621210954, 744.483341259144822 ], [ -44.4300336, -19.06693469, 744.483341259144822 ], [ -44.43624881, -19.06652714, 744.483341259144822 ], [ -44.43638795, -19.06697624, 744.483341259144822 ], [ -44.435829630096279, -19.067079124641079, 869.554128003754613 ], [ -44.436253325632528, -19.068638430059206, 855.179360125526046 ], [ -44.43720582, -19.06834172, 744.483341259144822 ], [ -44.43825365, -19.06734872, 744.483341259144822 ], [ -44.43866613, -19.06757516, 744.483341259144822 ], [ -44.43751401, -19.0688013, 744.483341259144822 ], [ -44.43584219, -19.06937582, 744.483341259144822 ], [ -44.43644749, -19.0700623, 744.483341259144822 ], [ -44.43770382, -19.070239, 744.483341259144822 ], [ -44.43959648, -19.06918006, 744.483341259144822 ], [ -44.43977072, -19.06963524, 744.483341259144822 ], [ -44.43800803, -19.07069945, 744.483341259144822 ], [ -44.43901527, -19.070726, 744.483341259144822 ], [ -44.44092439, -19.0702156, 744.483341259144822 ], [ -44.44119745, -19.07040889000001, 744.483341259144822 ], [ -44.441056781500308, -19.070726365425617, 902.973426211547462 ], [ -44.44141556, -19.07079194, 907.76 ], [ -44.4414075, -19.07247222, 912.66 ], [ -44.43801944, -19.07185194, 881.82 ], [ -44.438119043700532, -19.071267825426318, 872.766877573858096 ], [ -44.43655971, -19.07089597, 744.483341259144822 ], [ -44.43538872, -19.06971408, 744.483341259144822 ], [ -44.4340168, -19.06938104, 744.483341259144822 ], [ -44.42980675, -19.07030735, 744.483341259144822 ], [ -44.42968387, -19.07086151, 744.483341259144822 ], [ -44.43003245, -19.07237125, 744.483341259144822 ], [ -44.43223736, -19.07245754, 744.483341259144822 ], [ -44.43561951, -19.07187226, 744.483341259144822 ], [ -44.43736068, -19.07249512, 744.483341259144822 ], [ -44.439771, -19.0745703, 744.483341259144822 ], [ -44.43969248, -19.07488526, 744.483341259144822 ], [ -44.43929409, -19.0749127, 744.483341259144822 ], [ -44.43705361, -19.0729534, 744.483341259144822 ], [ -44.43530982, -19.07241003, 744.483341259144822 ], [ -44.435057026143461, -19.072490103344457, 744.483341259144822 ], [ -44.43507314, -19.07327208, 744.483341259144822 ], [ -44.43597436, -19.07519864, 744.483341259144822 ], [ -44.43405747, -19.07594367, 744.483341259144822 ], [ -44.43228301, -19.07598886, 744.483341259144822 ], [ -44.43344514, -19.07636224, 744.483341259144822 ], [ -44.43590462, -19.07654064, 744.483341259144822 ], [ -44.43852703, -19.07639507, 744.483341259144822 ], [ -44.43870127, -19.07685024, 744.483341259144822 ], [ -44.43721228, -19.07714519, 744.483341259144822 ], [ -44.43337084, -19.07690218, 744.483341259144822 ], [ -44.43112447, -19.07592941, 744.483341259144822 ], [ -44.4310367, -19.07628301, 744.483341259144822 ], [ -44.431309794967667, -19.077043711960005, 744.483341259144822 ], [ -44.43319473, -19.07829352, 744.483341259144822 ], [ -44.433775313249662, -19.079000489696728, 744.483341259144822 ], [ -44.43724143, -19.07895148, 744.483341259144822 ], [ -44.43896733, -19.07802732, 744.483341259144822 ], [ -44.43916289, -19.07845835, 744.483341259144822 ], [ -44.438121293664928, -19.079133251390878, 744.483341259144822 ], [ -44.44038328, -19.07941316, 744.483341259144822 ], [ -44.44029306, -19.07977511, 744.483341259144822 ], [ -44.439618383065188, -19.079847709830851, 744.483341259144822 ], [ -44.43884258, -19.08182721, 744.483341259144822 ], [ -44.4353843143492, -19.08173434588948, 744.483341259144822 ], [ -44.43895151, -19.08543227, 744.483341259144822 ], [ -44.43956519, -19.08965514, 744.483341259144822 ], [ -44.439103941397121, -19.091295958941235, 881.36 ], [ -44.44020001351079, -19.092809743584958, 744.483341259144822 ], [ -44.443545171943171, -19.088156751489009, 1359.722085936037274 ], [ -44.44192278, -19.08164361, 913.5 ], [ -44.44245611, -19.07995833, 915.48 ], [ -44.441821, -19.07693772, 744.483341259144822 ], [ -44.44141871, -19.07115344, 744.483341259144822 ], [ -44.4469225, -19.07021389, 856.96 ], [ -44.448337982946704, -19.070301719350088, 843.278024891550444 ], [ -44.44844417, -19.06892031, 744.483341259144822 ], [ -44.44821481, -19.06642716, 744.483341259144822 ], [ -44.44635662, -19.06800055, 744.483341259144822 ], [ -44.44493862, -19.06865948, 744.483341259144822 ], [ -44.44330817, -19.0701816, 744.483341259144822 ], [ -44.44259075, -19.07035761, 744.483341259144822 ], [ -44.44254668, -19.06993855, 744.483341259144822 ], [ -44.44458545, -19.06823349, 744.483341259144822 ], [ -44.44603066, -19.06755546, 744.483341259144822 ], [ -44.44754819, -19.06609681, 744.483341259144822 ], [ -44.44811073, -19.06588925, 744.483341259144822 ], [ -44.44806241, -19.06545579, 744.483341259144822 ], [ -44.44648013, -19.06334092, 744.483341259144822 ], [ -44.44460113, -19.06514903, 744.483341259144822 ], [ -44.44281594, -19.06639563, 744.483341259144822 ], [ -44.44237677, -19.06639576, 744.483341259144822 ], [ -44.44237677, -19.06602379, 744.483341259144822 ], [ -44.4442302, -19.0647355, 744.483341259144822 ], [ -44.44619591, -19.0628703, 744.483341259144822 ], [ -44.44475264, -19.0612451, 744.483341259144822 ], [ -44.44355051, -19.06052473, 744.483341259144822 ], [ -44.44043946, -19.06591559, 744.483341259144822 ], [ -44.43998208, -19.06608565, 744.483341259144822 ], [ -44.43987699, -19.06575187, 744.483341259144822 ], [ -44.44127594, -19.06298602, 744.483341259144822 ], [ -44.4432356, -19.06002696, 744.483341259144822 ], [ -44.44235955, -19.05893212, 744.483341259144822 ], [ -44.43849806, -19.06444742, 744.483341259144822 ], [ -44.43803908, -19.06463804, 744.483341259144822 ], [ -44.43788972, -19.06424786, 744.483341259144822 ], [ -44.44190077, -19.05860815, 744.483341259144822 ], [ -44.44094879, -19.05786665, 744.483341259144822 ], [ -44.43873316, -19.05952097, 744.483341259144822 ], [ -44.43765196, -19.06162185, 744.483341259144822 ], [ -44.43673362, -19.06261231, 744.483341259144822 ], [ -44.43653763, -19.06224125, 744.483341259144822 ], [ -44.43823475, -19.05923583, 744.483341259144822 ], [ -44.44038251, -19.05774646, 744.483341259144822 ], [ -44.44025947, -19.05629786, 744.483341259144822 ], [ -44.43679774, -19.05669759, 744.483341259144822 ], [ -44.43494394, -19.05738066, 744.483341259144822 ], [ -44.4346378, -19.0571892, 744.483341259144822 ], [ -44.43478293, -19.05686928, 744.483341259144822 ], [ -44.43666476, -19.05616867, 744.483341259144822 ], [ -44.44053164, -19.05578038, 744.483341259144822 ], [ -44.44187421, -19.05452462, 744.483341259144822 ], [ -44.44047594, -19.05474087, 744.483341259144822 ], [ -44.43891593, -19.05434917, 744.483341259144822 ], [ -44.43643697, -19.05419957, 744.483341259144822 ], [ -44.43509638, -19.05473686, 744.483341259144822 ], [ -44.43481569, -19.0545129, 744.483341259144822 ], [ -44.43496846, -19.05422365, 744.483341259144822 ], [ -44.43640733, -19.05365735, 744.483341259144822 ], [ -44.44101593, -19.05417132, 744.483341259144822 ], [ -44.44212033, -19.053961, 744.483341259144822 ], [ -44.44242117, -19.05299488, 744.483341259144822 ], [ -44.44220576, -19.05210732, 744.483341259144822 ], [ -44.44125976, -19.05106875, 744.483341259144822 ], [ -44.43794135, -19.05164421, 744.483341259144822 ], [ -44.43595631, -19.05238305, 744.483341259144822 ], [ -44.43555227, -19.05217305, 744.483341259144822 ], [ -44.43566869, -19.05186889, 744.483341259144822 ], [ -44.43687002, -19.051378519999989, 744.483341259144822 ], [ -44.44118653, -19.05053048, 744.483341259144822 ], [ -44.44129139, -19.04912339, 744.483341259144822 ], [ -44.44064411, -19.04839125, 744.483341259144822 ], [ -44.43930769, -19.04963008, 744.483341259144822 ], [ -44.43711981, -19.05075089, 744.483341259144822 ], [ -44.43673582, -19.0505456, 744.483341259144822 ], [ -44.43688246, -19.05020853, 744.483341259144822 ], [ -44.43900577, -19.04916878, 744.483341259144822 ], [ -44.44031681, -19.04793247, 744.483341259144822 ], [ -44.44028432, -19.04696596, 744.483341259144822 ], [ -44.43991642, -19.04642871, 744.483341259144822 ], [ -44.43915674, -19.04728943, 744.483341259144822 ], [ -44.4380836, -19.04759576, 744.483341259144822 ], [ -44.43579228, -19.04975367, 744.483341259144822 ], [ -44.43509107, -19.0497309, 744.483341259144822 ], [ -44.43772197, -19.04716775, 744.483341259144822 ], [ -44.43881214, -19.04684935, 744.483341259144822 ], [ -44.43944057, -19.04609931, 744.483341259144822 ], [ -44.43882297, -19.04561524, 744.483341259144822 ], [ -44.43848144, -19.04433758, 744.483341259144822 ], [ -44.43716238, -19.04522427, 744.483341259144822 ], [ -44.43532136, -19.04751371, 744.483341259144822 ], [ -44.43480368, -19.04751066, 744.483341259144822 ], [ -44.43645204, -19.04516354, 744.483341259144822 ], [ -44.43815881, -19.04388926, 744.483341259144822 ], [ -44.43795065, -19.04333499, 744.483341259144822 ], [ -44.43501339, -19.0449716, 744.483341259144822 ], [ -44.43404347, -19.04536885, 744.483341259144822 ], [ -44.43373736, -19.04517739, 744.483341259144822 ], [ -44.43406454, -19.04467519, 744.483341259144822 ], [ -44.43713458, -19.04331743, 744.483341259144822 ], [ -44.43785208, -19.04260552, 744.483341259144822 ], [ -44.43781407, -19.03915142, 744.483341259144822 ], [ -44.43585465, -19.03687062, 744.483341259144822 ], [ -44.43474749, -19.03726569, 744.483341259144822 ], [ -44.43416242, -19.03803344, 744.483341259144822 ], [ -44.43328072, -19.03837316, 744.483341259144822 ], [ -44.42708812, -19.03711077, 744.483341259144822 ], [ -44.42684668, -19.03818524, 744.483341259144822 ], [ -44.42749922, -19.03887368, 744.483341259144822 ], [ -44.42710312, -19.03961319, 744.483341259144822 ], [ -44.42713791, -19.04033812, 744.483341259144822 ], [ -44.42828995, -19.04403562, 744.483341259144822 ], [ -44.42993525, -19.04570667, 744.483341259144822 ], [ -44.43246385, -19.04717114, 744.483341259144822 ], [ -44.43360662, -19.04894546, 744.483341259144822 ], [ -44.433708, -19.05035116, 744.483341259144822 ], [ -44.43339207, -19.05058707, 744.483341259144822 ], [ -44.43314448, -19.05036494, 744.483341259144822 ], [ -44.43305948, -19.0491038, 744.483341259144822 ], [ -44.43213251, -19.04762294, 744.483341259144822 ], [ -44.42941594, -19.04598647, 744.483341259144822 ], [ -44.42980516, -19.04716708, 744.483341259144822 ], [ -44.42968822, -19.04812041, 744.483341259144822 ], [ -44.43068358, -19.04945083, 744.483341259144822 ], [ -44.43225564, -19.0501049, 744.483341259144822 ], [ -44.43201524, -19.05056008, 744.483341259144822 ], [ -44.43033144, -19.04988309, 744.483341259144822 ], [ -44.42915315, -19.04833748, 744.483341259144822 ], [ -44.42923957, -19.04724801, 744.483341259144822 ], [ -44.42875766, -19.04524143, 744.483341259144822 ], [ -44.42763232, -19.04399095, 744.483341259144822 ], [ -44.42657899, -19.04045481, 744.483341259144822 ], [ -44.42655086, -19.03946598, 744.483341259144822 ], [ -44.42692965, -19.03895637, 744.483341259144822 ], [ -44.42627206, -19.03823985, 744.483341259144822 ], [ -44.42651786, -19.03710531, 744.483341259144822 ], [ -44.42425224, -19.03700111, 744.483341259144822 ], [ -44.42281981, -19.03562616, 744.483341259144822 ], [ -44.42213636, -19.03603945, 744.483341259144822 ], [ -44.42194093, -19.03717974, 744.483341259144822 ], [ -44.42293975, -19.04080167, 744.483341259144822 ], [ -44.42280169, -19.04430366, 744.483341259144822 ], [ -44.42248468, -19.04454936, 744.483341259144822 ], [ -44.42223326, -19.04429593, 744.483341259144822 ], [ -44.42221224, -19.03975302, 744.483341259144822 ], [ -44.42136741, -19.03724504, 744.483341259144822 ], [ -44.42153417, -19.0359793, 744.483341259144822 ], [ -44.42075269, -19.03553504, 744.483341259144822 ], [ -44.41923821, -19.03588651, 744.483341259144822 ], [ -44.4171287, -19.03561254, 744.483341259144822 ], [ -44.41549129, -19.03611329, 744.483341259144822 ], [ -44.4142792, -19.03539845, 744.483341259144822 ], [ -44.41277064, -19.03586213, 744.483341259144822 ], [ -44.41201702, -19.03577679, 744.483341259144822 ], [ -44.41218401, -19.03703015, 744.483341259144822 ], [ -44.41319, -19.03821616, 744.483341259144822 ], [ -44.41345588, -19.03932262, 744.483341259144822 ], [ -44.41466472, -19.04004444, 744.483341259144822 ], [ -44.41670694, -19.04360067, 744.483341259144822 ], [ -44.41864396, -19.0426568, 744.483341259144822 ], [ -44.42002381, -19.04245612, 744.483341259144822 ], [ -44.42087215, -19.04262522, 744.483341259144822 ], [ -44.42068177, -19.04302793, 744.483341259144822 ], [ -44.41817791, -19.04335735, 744.483341259144822 ], [ -44.41716126, -19.04393705, 744.483341259144822 ], [ -44.41702042, -19.0443141, 744.483341259144822 ], [ -44.41721502, -19.0447802, 744.483341259144822 ], [ -44.41936355, -19.04588804, 744.483341259144822 ], [ -44.42093919, -19.04557903, 744.483341259144822 ], [ -44.4212453, -19.04577049, 744.483341259144822 ], [ -44.42107201, -19.04612225, 744.483341259144822 ], [ -44.41963189, -19.0464854, 744.483341259144822 ], [ -44.41728968, -19.04544632, 744.483341259144822 ], [ -44.41756142, -19.04888985, 744.483341259144822 ], [ -44.41827333, -19.04947024, 744.483341259144822 ], [ -44.41872022, -19.04950442, 744.483341259144822 ], [ -44.41938329, -19.04893264, 744.483341259144822 ], [ -44.42002471, -19.04880521, 744.483341259144822 ], [ -44.42193101, -19.04904224, 744.483341259144822 ], [ -44.42169128, -19.04938913, 744.483341259144822 ], [ -44.4196772, -19.049403, 744.483341259144822 ], [ -44.4184543, -19.05009827, 744.483341259144822 ], [ -44.41738567, -19.0494169, 744.483341259144822 ], [ -44.41731234, -19.05007899, 744.483341259144822 ], [ -44.41797441, -19.05038823, 744.483341259144822 ], [ -44.42009698, -19.05383399, 744.483341259144822 ], [ -44.42138188, -19.05389247, 744.483341259144822 ], [ -44.422584380000011, -19.05354879, 744.483341259144822 ], [ -44.42345759, -19.05272042, 744.483341259144822 ], [ -44.42707621, -19.05130994, 744.483341259144822 ], [ -44.42737137, -19.05151527, 744.483341259144822 ], [ -44.42725495, -19.05181944, 744.483341259144822 ], [ -44.42346755, -19.05348209, 744.483341259144822 ], [ -44.42514969, -19.05349144, 744.483341259144822 ], [ -44.42853262, -19.05425213, 744.483341259144822 ], [ -44.42826, -19.05460088, 744.483341259144822 ], [ -44.42508283, -19.0540315, 744.483341259144822 ], [ -44.42008547, -19.05437827, 744.483341259144822 ], [ -44.41999084, -19.05563891, 744.483341259144822 ], [ -44.42048192, -19.05620362, 744.483341259144822 ], [ -44.4212727, -19.0569694, 744.483341259144822 ], [ -44.4220621, -19.05707337, 744.483341259144822 ], [ -44.42247012, -19.05788467, 744.483341259144822 ], [ -44.42387352, -19.05751596, 744.483341259144822 ], [ -44.42474326, -19.05661899, 744.483341259144822 ], [ -44.42659184, -19.05619106, 744.483341259144822 ], [ -44.42870259, -19.05724176, 744.483341259144822 ], [ -44.43051593, -19.05716332, 744.483341259144822 ], [ -44.43046064, -19.05761312, 744.483341259144822 ], [ -44.4291494, -19.05787522, 744.483341259144822 ], [ -44.42786749, -19.05753414, 744.483341259144822 ], [ -44.42662679, -19.05673426, 744.483341259144822 ], [ -44.42539003, -19.05695711, 744.483341259144822 ], [ -44.42452726, -19.05751458, 744.483341259144822 ], [ -44.42413993, -19.05872023, 744.483341259144822 ], [ -44.42463961, -19.05900403, 744.483341259144822 ], [ -44.42553588, -19.0586833, 744.483341259144822 ], [ -44.42612242, -19.05894482, 744.483341259144822 ], [ -44.42654538, -19.05955468, 744.483341259144822 ], [ -44.42739854, -19.05968552, 744.483341259144822 ], [ -44.42868718, -19.05901796, 744.483341259144822 ], [ -44.43106865, -19.05847476, 744.483341259144822 ], [ -44.43139544, -19.05864513, 744.483341259144822 ], [ -44.43126164000001, -19.05899467, 744.483341259144822 ], [ -44.42842723, -19.05968503, 744.483341259144822 ], [ -44.42764579, -19.06029627, 744.483341259144822 ], [ -44.43012724, -19.06014751, 744.483341259144822 ], [ -44.43189842, -19.05912723, 744.483341259144822 ], [ -44.43271933, -19.05911831, 744.483341259144822 ], [ -44.43260927, -19.05950691, 744.483341259144822 ], [ -44.42980053, -19.06076119, 744.483341259144822 ], [ -44.43152423, -19.06116901, 744.483341259144822 ], [ -44.43295254, -19.06078249, 744.483341259144822 ], [ -44.43332159, -19.06092593, 744.483341259144822 ], [ -44.43320267, -19.06130363, 744.483341259144822 ], [ -44.43179262, -19.06168185, 744.483341259144822 ], [ -44.42750801, -19.06082303, 744.483341259144822 ], [ -44.42567378, -19.06006997, 744.483341259144822 ], [ -44.42593705, -19.06110498, 744.483341259144822 ], [ -44.42554205, -19.06190601, 744.483341259144822 ], [ -44.42611159, -19.06213633, 744.483341259144822 ], [ -44.42883807, -19.06267409, 744.483341259144822 ], [ -44.43107736, -19.06233989, 744.483341259144822 ], [ -44.43453829, -19.06242687, 744.483341259144822 ], [ -44.43424228, -19.06282997, 744.483341259144822 ], [ -44.43109908000001, -19.06288197, 744.483341259144822 ], [ -44.42942837, -19.06321464, 744.483341259144822 ], [ -44.4254381, -19.06245209, 744.483341259144822 ], [ -44.42553908, -19.06339752, 744.483341259144822 ], [ -44.428170176652294, -19.065279239820519, 744.483341259144822 ], [ -44.42975257, -19.06434421, 744.483341259144822 ] ] ] } },
{ "type": "Feature", "properties": { "area_ha": 980.5, "proveniencia": "limite_municipal − cadastro − exclusoes", "veg_nativa_pct": 46.2, "silvicultura_pct": 0.1, "uso_antropico_pct": 50.5, "supressao_ha": 34.11, "regeneracao_ha": 20.16, "titularidade": "sem_registro_conhecido", "municipio": "Curvelo", "codigo_ibge": "3120904", "largura_media_m": 238.0, "compacidade": 0.018, "ponto_lat": -18.910771, "ponto_lon": -44.415418, "utm_e": 561560.8, "utm_n": 7908943.7 }, "geometry": { "type": "Polygon", "coordinates": [ [ [ -44.3935705, -18.9390606, 744.483341259144822 ], [ -44.39285056, -18.941097219999985, 742.61 ], [ -44.39383278, -18.94403444, 738.834 ], [ -44.393093994657065, -18.944267333045854, 730.47480600921881 ], [ -44.39330861, -18.94507333, 730.077 ], [ -44.39294447394542, -18.945260005801693, 744.483341259144822 ], [ -44.393049535526252, -18.945561079262195, 744.483341259144822 ], [ -44.39398318, -18.94528805, 744.483341259144822 ], [ -44.39412619, -18.94590793, 744.483341259144822 ], [ -44.393125234963605, -18.946257689589384, 744.483341259144822 ], [ -44.39317133, -18.94645454, 744.483341259144822 ], [ -44.39394003, -18.94627958, 744.483341259144822 ], [ -44.3939664, -18.94698463, 744.483341259144822 ], [ -44.39432014, -18.94694196, 744.483341259144822 ], [ -44.394184010765699, -18.949236289635845, 744.483341259144822 ], [ -44.39603452, -18.95291644, 744.483341259144822 ], [ -44.39728019, -18.95453206, 744.483341259144822 ], [ -44.39865036, -18.95534585, 744.483341259144822 ], [ -44.39934276, -18.95493302, 744.483341259144822 ], [ -44.40238371, -18.95504684, 744.483341259144822 ], [ -44.40227868, -18.95538063, 744.483341259144822 ], [ -44.40163872, -18.95555914, 744.483341259144822 ], [ -44.3993974, -18.95549107, 744.483341259144822 ], [ -44.39993893, -18.95602129, 744.483341259144822 ], [ -44.40141933, -18.95585303, 744.483341259144822 ], [ -44.40299015, -18.95671723, 744.483341259144822 ], [ -44.40512605, -18.95611633, 744.483341259144822 ], [ -44.40533583, -18.95656856, 744.483341259144822 ], [ -44.40298583, -18.95726549, 744.483341259144822 ], [ -44.40130707, -18.95638777, 744.483341259144822 ], [ -44.40025849, -18.95651221, 744.483341259144822 ], [ -44.40087583, -18.95800961, 744.483341259144822 ], [ -44.4009658, -18.95909399, 744.483341259144822 ], [ -44.40056339, -18.95974176, 744.483341259144822 ], [ -44.39945768, -18.96038379, 744.483341259144822 ], [ -44.39927668, -18.95998456, 744.483341259144822 ], [ -44.40040065, -18.95899634, 744.483341259144822 ], [ -44.39964226, -18.95652372, 744.483341259144822 ], [ -44.39698471, -18.95499856, 744.483341259144822 ], [ -44.3959566, -18.95654224, 744.483341259144822 ], [ -44.39557901, -18.9598717, 744.483341259144822 ], [ -44.3951025, -18.96067266, 744.483341259144822 ], [ -44.39473877, -18.96071311, 744.483341259144822 ], [ -44.39540707, -18.95638629, 744.483341259144822 ], [ -44.3965393, -18.95453927, 744.483341259144822 ], [ -44.39512199, -18.95251961, 744.483341259144822 ], [ -44.393537884865189, -18.949177041117164, 734.330449048202127 ], [ -44.39210469, -18.95035111, 744.483341259144822 ], [ -44.38830178, -18.95059074, 744.483341259144822 ], [ -44.38716222, -18.95105361, 750.47 ], [ -44.38424319, -18.95389224, 744.483341259144822 ], [ -44.383804087652145, -18.954734030800328, 740.893715761831118 ], [ -44.383613945411021, -18.956549996817795, 735.97 ], [ -44.381367297154526, -18.957301556143022, 735.42 ], [ -44.37903816, -18.95881006, 744.483341259144822 ], [ -44.378299495293696, -18.960616387009068, 724.68 ], [ -44.37837685, -18.96136059, 744.483341259144822 ], [ -44.379405821572767, -18.962096609402089, 718.53 ], [ -44.381236275464119, -18.961819501047437, 720.28 ], [ -44.38169499, -18.96267164, 744.483341259144822 ], [ -44.38117168, -18.96337, 744.483341259144822 ], [ -44.37909862, -18.96299184, 744.483341259144822 ], [ -44.376354546180885, -18.963106796462025, 710.630523636628368 ], [ -44.376414957313479, -18.963430561700555, 744.483341259144822 ], [ -44.37700502, -18.96349971, 744.483341259144822 ], [ -44.37956221, -18.96344714, 744.483341259144822 ], [ -44.3789227, -18.96545315, 744.483341259144822 ], [ -44.37920046, -18.96653311, 744.483341259144822 ], [ -44.378856903293809, -18.967278791278225, 744.483341259144822 ], [ -44.37973146, -18.967412, 744.483341259144822 ], [ -44.38127627, -18.96855387, 744.483341259144822 ], [ -44.3815858, -18.96899276, 744.483341259144822 ], [ -44.38150412, -18.96974245, 744.483341259144822 ], [ -44.38280513, -18.96779435, 744.483341259144822 ], [ -44.38304441, -18.96392188, 744.483341259144822 ], [ -44.38422382, -18.95948207, 744.483341259144822 ], [ -44.38525336, -18.95734863, 744.483341259144822 ], [ -44.38509495, -18.95356616, 744.483341259144822 ], [ -44.38533834, -18.95297979, 744.483341259144822 ], [ -44.38578134, -18.95296377, 744.483341259144822 ], [ -44.3858186, -18.95746021, 744.483341259144822 ], [ -44.38476239, -18.95966253, 744.483341259144822 ], [ -44.38361714, -18.9648315, 744.483341259144822 ], [ -44.38481593, -18.96403317, 744.483341259144822 ], [ -44.386373, -18.96397544, 744.483341259144822 ], [ -44.38758365, -18.96134819, 744.483341259144822 ], [ -44.38894917, -18.96008351, 744.483341259144822 ], [ -44.38927642, -18.96045457, 744.483341259144822 ], [ -44.38806705, -18.96163878, 744.483341259144822 ], [ -44.38694696, -18.96404096, 744.483341259144822 ], [ -44.38807296, -18.9641004, 744.483341259144822 ], [ -44.38934127, -18.96315686, 744.483341259144822 ], [ -44.38970779, -18.96349517, 744.483341259144822 ], [ -44.38822189, -18.96462598, 744.483341259144822 ], [ -44.38500234, -18.9645461, 744.483341259144822 ], [ -44.38346218, -18.96581438, 744.483341259144822 ], [ -44.38335228, -18.9679538, 744.483341259144822 ], [ -44.38184086, -18.97024442, 744.483341259144822 ], [ -44.38197025, -18.97098276, 744.483341259144822 ], [ -44.38155585, -18.97162208, 744.483341259144822 ], [ -44.38212818, -18.97164882, 744.483341259144822 ], [ -44.38235062, -18.97212524, 744.483341259144822 ], [ -44.38156293, -18.97289022, 744.483341259144822 ], [ -44.38283222, -18.97307868, 744.483341259144822 ], [ -44.38288384, -18.97402201, 744.483341259144822 ], [ -44.38360814, -18.97546376, 744.483341259144822 ], [ -44.38323063, -18.97753957, 744.483341259144822 ], [ -44.38372797, -18.97851768, 744.483341259144822 ], [ -44.38378329, -18.97967804, 744.483341259144822 ], [ -44.38335737, -18.98138001, 744.483341259144822 ], [ -44.38394421, -18.9813404, 744.483341259144822 ], [ -44.38488258, -18.98073722, 744.483341259144822 ], [ -44.38532204, -18.981018919999986, 744.483341259144822 ], [ -44.38539246, -18.98169755, 744.483341259144822 ], [ -44.38602624, -18.9814461, 744.483341259144822 ], [ -44.38732517, -18.98234402, 744.483341259144822 ], [ -44.38910132, -18.98177489, 744.483341259144822 ], [ -44.38939788, -18.98208522, 744.483341259144822 ], [ -44.38940119, -18.98309167, 744.483341259144822 ], [ -44.39140283, -18.98333202000001, 744.483341259144822 ], [ -44.39212167, -18.98526432, 744.483341259144822 ], [ -44.39259077, -18.98386292, 744.483341259144822 ], [ -44.39437472, -18.98335817, 744.483341259144822 ], [ -44.39373132, -18.97926293, 744.483341259144822 ], [ -44.39369648, -18.97592145, 744.483341259144822 ], [ -44.39318774, -18.97487468, 744.483341259144822 ], [ -44.39203597, -18.97595934, 744.483341259144822 ], [ -44.39022559, -18.97609521, 744.483341259144822 ], [ -44.38919626, -18.97545587, 744.483341259144822 ], [ -44.38808214, -18.97418798, 744.483341259144822 ], [ -44.38852308, -18.97394578, 744.483341259144822 ], [ -44.39042339, -18.97558565, 744.483341259144822 ], [ -44.39177641, -18.97547116, 744.483341259144822 ], [ -44.39296786, -18.97436816, 744.483341259144822 ], [ -44.39219876, -18.9714554, 744.483341259144822 ], [ -44.38948831, -18.97087616, 744.483341259144822 ], [ -44.38981101, -18.97052313, 744.483341259144822 ], [ -44.39220084, -18.97091333, 744.483341259144822 ], [ -44.39224468, -18.9698048, 744.483341259144822 ], [ -44.3918048, -18.9687084, 744.483341259144822 ], [ -44.38996362, -18.96804941, 744.483341259144822 ], [ -44.39024406, -18.96769894, 744.483341259144822 ], [ -44.39172079, -18.96810651, 744.483341259144822 ], [ -44.39107324, -18.96547996, 744.483341259144822 ], [ -44.39118102, -18.96462259, 744.483341259144822 ], [ -44.39161044, -18.9647713, 744.483341259144822 ], [ -44.39270154, -18.96944204, 744.483341259144822 ], [ -44.39339275, -18.96926935, 744.483341259144822 ], [ -44.39494747, -18.96661103, 744.483341259144822 ], [ -44.39524215, -18.96698747, 744.483341259144822 ], [ -44.39399517, -18.96904503, 744.483341259144822 ], [ -44.39552553, -18.96853365, 744.483341259144822 ], [ -44.39674823, -18.96882223, 744.483341259144822 ], [ -44.39654434, -18.9691515, 744.483341259144822 ], [ -44.39507494, -18.96914993, 744.483341259144822 ], [ -44.39281671, -18.96997303, 744.483341259144822 ], [ -44.39286737, -18.9724465, 744.483341259144822 ], [ -44.39386543, -18.97500915, 744.483341259144822 ], [ -44.39523174, -18.97297415, 744.483341259144822 ], [ -44.39632256, -18.97235547, 744.483341259144822 ], [ -44.39669228, -18.97258535, 744.483341259144822 ], [ -44.39464567, -18.97456061, 744.483341259144822 ], [ -44.39425957, -18.97583781, 744.483341259144822 ], [ -44.39430064, -18.97923127, 744.483341259144822 ], [ -44.39491736, -18.9831366, 744.483341259144822 ], [ -44.39629181, -18.98268703, 744.483341259144822 ], [ -44.399237439640352, -18.983094285477282, 687.740947355212484 ], [ -44.39927333, -18.98244028, 687.51 ], [ -44.399574833811684, -18.982348835316284, 686.925954977846459 ], [ -44.39932111, -18.9818575, 689.19 ], [ -44.39960861, -18.98048864, 744.483341259144822 ], [ -44.40042171, -18.97859566, 744.483341259144822 ], [ -44.402229133030247, -18.975945688777795, 693.036674148695852 ], [ -44.40258894, -18.97466937, 744.483341259144822 ], [ -44.40190764, -18.97250143, 744.483341259144822 ], [ -44.39992071, -18.97082554, 744.483341259144822 ], [ -44.39889414, -18.96755879, 744.483341259144822 ], [ -44.39912652, -18.96728894, 744.483341259144822 ], [ -44.39945378, -18.96744531, 744.483341259144822 ], [ -44.40042586, -18.97055433, 744.483341259144822 ], [ -44.4021273, -18.97196647, 744.483341259144822 ], [ -44.40259059, -18.97001049, 744.483341259144822 ], [ -44.40380934, -18.96813712, 744.483341259144822 ], [ -44.4036802, -18.96544185, 744.483341259144822 ], [ -44.40413999, -18.96386297, 744.483341259144822 ], [ -44.404107, -18.96279599, 744.483341259144822 ], [ -44.40449226, -18.96283234, 744.483341259144822 ], [ -44.4047491, -18.96322731, 744.483341259144822 ], [ -44.40424939, -18.96548297, 744.483341259144822 ], [ -44.40437406, -18.96823076, 744.483341259144822 ], [ -44.40380783, -18.96950788, 744.483341259144822 ], [ -44.40312703, -18.97023277, 744.483341259144822 ], [ -44.40290928, -18.97197102, 744.483341259144822 ], [ -44.40248099, -18.97239142, 744.483341259144822 ], [ -44.40310842, -18.97411267, 744.483341259144822 ], [ -44.40315414155576, -18.975237344626148, 744.483341259144822 ], [ -44.404961266662852, -18.974869688115355, 744.483341259144822 ], [ -44.40725255, -18.97394048, 744.483341259144822 ], [ -44.40906449, -18.96983425, 744.483341259144822 ], [ -44.41231435, -18.96611383, 744.483341259144822 ], [ -44.41211962, -18.96459849, 744.483341259144822 ], [ -44.41246853, -18.96461901, 744.483341259144822 ], [ -44.41295914, -18.96526112, 744.483341259144822 ], [ -44.41287985, -18.96621388, 744.483341259144822 ], [ -44.410688317345503, -18.96871567109039, 740.39230645218106 ], [ -44.414032475959786, -18.968767280656923, 781.03 ], [ -44.42243302957332, -18.970707690073503, 714.618863158408431 ], [ -44.42332986, -18.96947255, 744.483341259144822 ], [ -44.42181263, -18.96971203, 744.483341259144822 ], [ -44.4200567, -18.96910085, 744.483341259144822 ], [ -44.41785333, -18.96921938, 744.483341259144822 ], [ -44.41765746, -18.96884831, 744.483341259144822 ], [ -44.4200913, -18.96855868, 744.483341259144822 ], [ -44.42187276, -18.9691719, 744.483341259144822 ], [ -44.42299919, -18.9690247, 744.483341259144822 ], [ -44.42361184, -18.96858678, 744.483341259144822 ], [ -44.42383383, -18.96715859, 744.483341259144822 ], [ -44.424980229459656, -18.965483648510446, 744.483341259144822 ], [ -44.41888649, -18.96599517, 744.483341259144822 ], [ -44.41832111, -18.96565639, 744.483341259144822 ], [ -44.41438028, -18.96607389, 744.483341259144822 ], [ -44.414119970211019, -18.963981865637429, 744.483341259144822 ], [ -44.408491080228956, -18.964443199722975, 790.09 ], [ -44.401948865392676, -18.944317591456379, 744.483341259144822 ], [ -44.40140675, -18.94473563, 744.483341259144822 ], [ -44.40126822, -18.9443992, 744.483341259144822 ], [ -44.4003315, -18.94438601, 744.483341259144822 ], [ -44.40134869, -18.94651327, 744.483341259144822 ], [ -44.39985059, -18.94686751, 744.483341259144822 ], [ -44.39870918, -18.94647954, 744.483341259144822 ], [ -44.39754993, -18.9447927, 744.483341259144822 ], [ -44.39689005, -18.94469149, 744.483341259144822 ], [ -44.39462507, -18.94541683, 744.483341259144822 ], [ -44.39438541, -18.94347902, 744.483341259144822 ], [ -44.39496845, -18.94340971, 744.483341259144822 ], [ -44.39444732, -18.9418661, 744.483341259144822 ], [ -44.39337867, -18.94205081, 744.483341259144822 ], [ -44.39314119, -18.94137795, 744.483341259144822 ], [ -44.394309762094643, -18.941193565039576, 748.793660713913482 ], [ -44.39440423, -18.9386679, 744.483341259144822 ], [ -44.39359, -18.93850167, 745.62 ], [ -44.39268754, -18.937248, 744.483341259144822 ], [ -44.39148583, -18.93422444, 749.61 ], [ -44.39148361, -18.9301675, 754.54 ], [ -44.39207993, -18.92863073, 744.483341259144822 ], [ -44.39424522, -18.92675982, 744.483341259144822 ], [ -44.39450171, -18.92669552, 744.483341259144822 ], [ -44.39494143, -18.92785021, 744.483341259144822 ], [ -44.39669517, -18.92630434, 744.483341259144822 ], [ -44.396959302965847, -18.925921085538935, 744.483341259144822 ], [ -44.39648883, -18.92584826, 744.483341259144822 ], [ -44.396434784901189, -18.925453448292146, 744.483341259144822 ], [ -44.39559425, -18.92494182, 744.483341259144822 ], [ -44.39732073, -18.92452053, 744.483341259144822 ], [ -44.40060738, -18.92262244, 744.483341259144822 ], [ -44.40296496, -18.92178549, 744.483341259144822 ], [ -44.40343703, -18.9211461, 744.483341259144822 ], [ -44.40409899, -18.91904192, 744.483341259144822 ], [ -44.40475488, -18.91821572, 744.483341259144822 ], [ -44.41381556, -18.91309194, 724.9 ], [ -44.41469556, -18.91235694, 744.483341259144822 ], [ -44.41619528, -18.90949639, 744.483341259144822 ], [ -44.41788722, -18.9074725, 744.483341259144822 ], [ -44.41792333, -18.90623778, 744.483341259144822 ], [ -44.41737083, -18.90471333, 744.483341259144822 ], [ -44.41734972, -18.90248333, 744.483341259144822 ], [ -44.41768278, -18.90105472, 744.483341259144822 ], [ -44.418815, -18.898615, 744.483341259144822 ], [ -44.42020139, -18.89742972, 744.483341259144822 ], [ -44.42270028, -18.89613417, 744.483341259144822 ], [ -44.42326278, -18.8954625, 744.483341259144822 ], [ -44.42630167, -18.88539833, 641.015690604087695 ], [ -44.42635278, -18.88165556, 641.015690604087695 ], [ -44.42675778, -18.88054944, 641.015690604087695 ], [ -44.42983917, -18.87790694, 641.015690604087695 ], [ -44.43239722, -18.87671889, 641.015690604087695 ], [ -44.43448222, -18.87510806, 641.015690604087695 ], [ -44.43674731, -18.87380003, 641.015690604087695 ], [ -44.43850903, -18.87354272, 641.015690604087695 ], [ -44.43963262, -18.87299455, 641.015690604087695 ], [ -44.44026667, -18.87231675, 641.015690604087695 ], [ -44.44150694, -18.86991389, 684.126 ], [ -44.44386667, -18.86788342, 641.015690604087695 ], [ -44.445344076587148, -18.864722989484449, 673.832479521584105 ], [ -44.44677923, -18.85965659, 641.015690604087695 ], [ -44.448595113034742, -18.849569112900149, 656.58344501385659 ], [ -44.4456875, -18.84497611, 652.4 ], [ -44.44560167, -18.84433583, 65145.0 ], [ -44.446952551236095, -18.840076324609726, 938.646014311935687 ], [ -44.446973203157022, -18.839118401134598, 648.87419184063674 ], [ -44.44659085495519, -18.838387052408532, 648.282929431076695 ], [ -44.444478661352285, -18.836780004026995, 643.473023373089518 ], [ -44.443356630252701, -18.83668564360217, 644.670979097784198 ], [ -44.44231339, -18.83703483, 641.015690604087695 ], [ -44.441182045026146, -18.836687138410266, 641.015690604087695 ], [ -44.44210109, -18.83726129, 641.015690604087695 ], [ -44.44405833, -18.83691472, 645.83 ], [ -44.44652498, -18.83877022, 641.015690604087695 ], [ -44.44674229, -18.8395786, 641.015690604087695 ], [ -44.44537694, -18.84472806, 645.83 ], [ -44.44840033, -18.85005965, 641.015690604087695 ], [ -44.44656611, -18.85977778, 670.803 ], [ -44.44550194, -18.86375417, 672.795 ], [ -44.44362056, -18.86777194, 680.057 ], [ -44.44128389, -18.86974528, 684.126 ], [ -44.43959583, -18.87275944, 690.414 ], [ -44.43866972, -18.87328333, 691.245 ], [ -44.43653389, -18.87367833, 695.351 ], [ -44.434777911834637, -18.874622242238662, 698.632542387565195 ], [ -44.43244579, -18.87648036, 641.015690604087695 ], [ -44.42944033, -18.87786984, 641.015690604087695 ], [ -44.42654103, -18.8804451, 641.015690604087695 ], [ -44.426165, -18.88135389, 709.512 ], [ -44.42599111, -18.88530528, 641.015690604087695 ], [ -44.42304111, -18.89506056, 641.015690604087695 ], [ -44.42238278, -18.89590722, 744.483341259144822 ], [ -44.41918472, -18.89776472, 744.483341259144822 ], [ -44.4184536, -18.89871137, 744.483341259144822 ], [ -44.41737667, -18.90104528, 730.34 ], [ -44.41705962, -18.90248784, 744.483341259144822 ], [ -44.41707444, -18.90469722, 728.97 ], [ -44.41765472, -18.90635917, 727.42 ], [ -44.41764694, -18.90725361, 726.72 ], [ -44.41722389, -18.90808306, 725.91 ], [ -44.41587660979738, -18.909464097513478, 724.610163605886669 ], [ -44.41457139, -18.91206361, 724.44 ], [ -44.41365333, -18.91286167, 724.47 ], [ -44.40448355, -18.91810895, 744.483341259144822 ], [ -44.40387192, -18.91894363, 744.483341259144822 ], [ -44.40287951, -18.92156146, 744.483341259144822 ], [ -44.40034214, -18.922521689999989, 744.483341259144822 ], [ -44.39778331, -18.92409346, 744.483341259144822 ], [ -44.39521912, -18.92486058, 744.483341259144822 ], [ -44.394574617472124, -18.925352070164493, 748.96 ], [ -44.394051460276401, -18.926351069583287, 751.36 ], [ -44.39215604, -18.92324589, 744.483341259144822 ], [ -44.38946486, -18.92200813, 744.483341259144822 ], [ -44.384056530158844, -18.916601923275643, 744.656252901590619 ], [ -44.389323299819822, -18.922218337563567, 749.15 ], [ -44.39197583, -18.92329111, 749.45 ], [ -44.39402306, -18.92653583, 743.66 ], [ -44.39179194, -18.92857111, 754.72 ], [ -44.39116917, -18.93049694, 753.944 ], [ -44.39117167, -18.93419528, 748.435 ], [ -44.39218444, -18.93698528, 744.224 ], [ -44.3935705, -18.9390606, 744.483341259144822 ] ] ] } },
{ "type": "Feature", "properties": { "area_ha": 814.0, "proveniencia": "limite_municipal − cadastro − exclusoes", "veg_nativa_pct": 43.6, "silvicultura_pct": 0.3, "uso_antropico_pct": 54.2, "supressao_ha": 19.44, "regeneracao_ha": 10.17, "titularidade": "sem_registro_conhecido", "municipio": "Curvelo", "codigo_ibge": "3120904", "largura_media_m": 360.0, "compacidade": 0.05, "ponto_lat": -18.692817, "ponto_lon": -44.379289, "utm_e": 565449.7, "utm_n": 7933047.4 }, "geometry": { "type": "Polygon", "coordinates": [ [ [ -44.376364940160315, -18.712328721236084, 641.015690604087695 ], [ -44.37654805, -18.71472835, 641.015690604087695 ], [ -44.376244593959377, -18.715015893803081, 641.015690604087695 ], [ -44.37617986, -18.71646127, 641.015690604087695 ], [ -44.3815797, -18.71488155, 641.015690604087695 ], [ -44.3819481, -18.71252719, 641.015690604087695 ], [ -44.38861365, -18.70831375, 641.015690604087695 ], [ -44.389107889682613, -18.709437835030101, 641.015690604087695 ], [ -44.38909332, -18.70868927, 641.015690604087695 ], [ -44.38972211, -18.70725899, 641.015690604087695 ], [ -44.39006571, -18.70737816, 641.015690604087695 ], [ -44.39009503, -18.70781246, 641.015690604087695 ], [ -44.38964837, -18.70884047, 641.015690604087695 ], [ -44.3895883, -18.7099395, 641.015690604087695 ], [ -44.39062335, -18.70941251, 641.015690604087695 ], [ -44.39417212, -18.70862604, 641.015690604087695 ], [ -44.39429204, -18.70907078, 641.015690604087695 ], [ -44.3935804, -18.70947006, 641.015690604087695 ], [ -44.39105396, -18.70986146, 641.015690604087695 ], [ -44.389585469928178, -18.710537924594593, 641.015690604087695 ], [ -44.39395974064842, -18.720489749143805, 641.015690604087695 ], [ -44.391982651038212, -18.715987804181264, 661.54 ], [ -44.394399721781902, -18.71197020810191, 667.702436762570755 ], [ -44.39419493, -18.71179473, 641.015690604087695 ], [ -44.400786898701284, -18.698372649904087, 645.02 ], [ -44.40064917, -18.69789472, 641.015690604087695 ], [ -44.401178980111354, -18.697476831673111, 641.84 ], [ -44.40329556, -18.69628778, 641.015690604087695 ], [ -44.407114907252371, -18.698830452470435, 643.94 ], [ -44.40846917, -18.69883444, 641.015690604087695 ], [ -44.40922694, -18.70007361, 641.015690604087695 ], [ -44.41036972, -18.70101694, 641.015690604087695 ], [ -44.412345571146915, -18.70494672551358, 641.015690604087695 ], [ -44.412982894623305, -18.705621860114057, 710.55034188939851 ], [ -44.41045364, -18.70095783, 641.015690604087695 ], [ -44.40949913, -18.70025983, 641.015690604087695 ], [ -44.40814231, -18.698201319999988, 641.015690604087695 ], [ -44.40850097, -18.69435807, 641.015690604087695 ], [ -44.409645470469499, -18.693787608519116, 641.015690604087695 ], [ -44.40849722, -18.69435503, 641.015690604087695 ], [ -44.40713827, -18.69443057, 641.015690604087695 ], [ -44.4075198, -18.69180316, 641.015690604087695 ], [ -44.40864152, -18.68967492, 641.015690604087695 ], [ -44.410953081256821, -18.691315151131882, 646.051706698308635 ], [ -44.41528885, -18.69056868, 641.015690604087695 ], [ -44.41641712, -18.69175353, 641.015690604087695 ], [ -44.419047183210722, -18.692355821567237, 641.015690604087695 ], [ -44.41985952, -18.68865895, 641.015690604087695 ], [ -44.420085343210076, -18.688754877165259, 641.015690604087695 ], [ -44.42017078, -18.68645583, 641.015690604087695 ], [ -44.420996249771051, -18.683968576195117, 641.015690604087695 ], [ -44.42094144, -18.67966688, 641.015690604087695 ], [ -44.41579375, -18.67820187, 641.015690604087695 ], [ -44.415368774872519, -18.676233217106162, 638.564391831421062 ], [ -44.414773512663643, -18.676903325852326, 647.08 ], [ -44.41286767, -18.67702003, 641.015690604087695 ], [ -44.410061915222272, -18.67667113334851, 590.82 ], [ -44.409637462459408, -18.677358826756109, 593.3 ], [ -44.41036533, -18.68004258, 641.015690604087695 ], [ -44.410118069472972, -18.681400732551978, 604.603338695233901 ], [ -44.410259481377317, -18.68268981028433, 599.76 ], [ -44.410364905598378, -18.683053814969981, 602.33 ], [ -44.410917720939644, -18.683175931996022, 602.91 ], [ -44.410563395874519, -18.683516712246881, 603.48 ], [ -44.410607038176771, -18.684059286646217, 605.24 ], [ -44.410252968750349, -18.684270648466065, 602.89 ], [ -44.40557187, -18.68300743, 641.015690604087695 ], [ -44.404134362544305, -18.682005837679402, 618.49 ], [ -44.4063467, -18.67522036, 641.015690604087695 ], [ -44.405876502760947, -18.671207022930417, 618.178770147934756 ], [ -44.40526213, -18.66856877, 641.015690604087695 ], [ -44.40165163, -18.66655188, 641.015690604087695 ], [ -44.400389452038631, -18.66530592386103, 573.11410718738307 ], [ -44.399423062212605, -18.667383653537691, 641.015690604087695 ], [ -44.39956924, -18.66816096, 641.015690604087695 ], [ -44.3990643, -18.67319258, 641.015690604087695 ], [ -44.40268617, -18.67514615, 641.015690604087695 ], [ -44.40230606, -18.67538543, 641.015690604087695 ], [ -44.39901476, -18.67390819, 641.015690604087695 ], [ -44.39835625, -18.67576497, 641.015690604087695 ], [ -44.39835853, -18.67646954, 641.015690604087695 ], [ -44.39912605, -18.67801979, 641.015690604087695 ], [ -44.39878529, -18.67973862, 641.015690604087695 ], [ -44.39896476, -18.68005703, 641.015690604087695 ], [ -44.40250375, -18.6812035, 641.015690604087695 ], [ -44.40263725, -18.68155306, 641.015690604087695 ], [ -44.40136932, -18.68157612, 641.015690604087695 ], [ -44.40008402, -18.68087267, 641.015690604087695 ], [ -44.39868158, -18.68053206, 641.015690604087695 ], [ -44.39818611, -18.67994096, 641.015690604087695 ], [ -44.39677503, -18.68134273, 641.015690604087695 ], [ -44.39721637, -18.68233093, 641.015690604087695 ], [ -44.39878256, -18.68408976, 641.015690604087695 ], [ -44.39856929, -18.68449447, 641.015690604087695 ], [ -44.39675907, -18.68265377, 641.015690604087695 ], [ -44.39629603, -18.68172805, 641.015690604087695 ], [ -44.39504304, -18.68252855, 641.015690604087695 ], [ -44.39369485, -18.68268338, 641.015690604087695 ], [ -44.39479583, -18.68416536, 641.015690604087695 ], [ -44.39484058, -18.68627564, 641.015690604087695 ], [ -44.39540826, -18.6871634, 641.015690604087695 ], [ -44.395299, -18.688165219999988, 641.015690604087695 ], [ -44.39572124, -18.68879705, 641.015690604087695 ], [ -44.397487302922919, -18.689062371794428, 641.015690604087695 ], [ -44.40056708, -18.68899419, 641.015690604087695 ], [ -44.40028699, -18.69017246, 641.015690604087695 ], [ -44.39978521, -18.69089488, 641.015690604087695 ], [ -44.39925778, -18.69210601, 641.015690604087695 ], [ -44.39917064, -18.69235762, 641.015690604087695 ], [ -44.39892046, -18.69313071, 641.015690604087695 ], [ -44.398570092822993, -18.693093201603496, 641.015690604087695 ], [ -44.39892393, -18.69313384, 641.015690604087695 ], [ -44.39970205, -18.69111763, 641.015690604087695 ], [ -44.40179395, -18.69166384, 641.015690604087695 ], [ -44.4040369, -18.69170806, 641.015690604087695 ], [ -44.40534517, -18.69236684, 641.015690604087695 ], [ -44.40519983, -18.69491518, 641.015690604087695 ], [ -44.40604166, -18.69576833, 641.015690604087695 ], [ -44.40589423, -18.69790784, 641.015690604087695 ], [ -44.40323918, -18.69609379, 641.015690604087695 ], [ -44.399942255978409, -18.69826305735419, 641.015690604087695 ], [ -44.39971593, -18.69893044, 641.015690604087695 ], [ -44.39935238, -18.69886814, 641.015690604087695 ], [ -44.399323869623593, -18.698530800683891, 641.015690604087695 ], [ -44.394399101624401, -18.700034246224739, 641.015690604087695 ], [ -44.3938299, -18.70251398, 641.015690604087695 ], [ -44.3933637, -18.7023442, 641.015690604087695 ], [ -44.39367151, -18.70125241, 641.015690604087695 ], [ -44.39371192, -18.7005843, 641.015690604087695 ], [ -44.39351851, -18.70059642, 641.015690604087695 ], [ -44.39237423, -18.70083108, 641.015690604087695 ], [ -44.39053086, -18.70269097, 641.015690604087695 ], [ -44.39004208, -18.70278981, 641.015690604087695 ], [ -44.38994159, -18.70238576, 641.015690604087695 ], [ -44.39183964, -18.70062578, 641.015690604087695 ], [ -44.39054434, -18.69955001, 641.015690604087695 ], [ -44.39058966, -18.69918054, 641.015690604087695 ], [ -44.39099611, -18.69916554, 641.015690604087695 ], [ -44.39229476, -18.70026189, 641.015690604087695 ], [ -44.393481195076056, -18.700055523092573, 641.015690604087695 ], [ -44.38898863, -18.6975439, 641.015690604087695 ], [ -44.38416047, -18.69723492, 641.015690604087695 ], [ -44.38198365, -18.69570983, 641.015690604087695 ], [ -44.38050293, -18.69133856, 641.015690604087695 ], [ -44.37945122, -18.68517065, 641.015690604087695 ], [ -44.37874757, -18.68444838, 641.015690604087695 ], [ -44.37906607, -18.68432737, 641.015690604087695 ], [ -44.378403058574762, -18.683116483388293, 641.015690604087695 ], [ -44.378924257900003, -18.685967664, 641.015690604087695 ], [ -44.378339550598469, -18.68911645834006, 641.015690604087695 ], [ -44.37901991, -18.68909794, 641.015690604087695 ], [ -44.37920656, -18.68936838, 641.015690604087695 ], [ -44.37895273, -18.68963932, 641.015690604087695 ], [ -44.378238786168993, -18.689659086778434, 641.015690604087695 ], [ -44.377431057158361, -18.694008664463304, 641.015690604087695 ], [ -44.37795799, -18.6940539, 641.015690604087695 ], [ -44.37811163, -18.694376, 641.015690604087695 ], [ -44.377330534779048, -18.694549954810064, 641.015690604087695 ], [ -44.376775961376552, -18.697536138648946, 641.015690604087695 ], [ -44.37881431, -18.69738731, 641.015690604087695 ], [ -44.37911097, -18.69771622, 641.015690604087695 ], [ -44.37889263, -18.69796418, 641.015690604087695 ], [ -44.37711505, -18.69799503, 641.015690604087695 ], [ -44.376641452467787, -18.698260404508527, 641.015690604087695 ], [ -44.37609467, -18.70212929, 641.015690604087695 ], [ -44.37637821, -18.70245727, 641.015690604087695 ], [ -44.37658248, -18.70425795, 641.015690604087695 ], [ -44.37605724, -18.70527783, 641.015690604087695 ], [ -44.37843999, -18.70773559, 641.015690604087695 ], [ -44.38149627, -18.706775, 641.015690604087695 ], [ -44.38225675, -18.7027905, 641.015690604087695 ], [ -44.38259632, -18.70220211, 641.015690604087695 ], [ -44.38262587, -18.69984576, 641.015690604087695 ], [ -44.38188902, -18.69815372, 641.015690604087695 ], [ -44.38188993, -18.69754049, 641.015690604087695 ], [ -44.38216239, -18.69734719, 641.015690604087695 ], [ -44.38248568, -18.69758369, 641.015690604087695 ], [ -44.38319714, -18.69999929, 641.015690604087695 ], [ -44.38424407, -18.69928657, 641.015690604087695 ], [ -44.38525686, -18.69908491, 641.015690604087695 ], [ -44.38557001, -18.69935713, 641.015690604087695 ], [ -44.3830598, -18.70060746, 641.015690604087695 ], [ -44.38316082, -18.70229559, 641.015690604087695 ], [ -44.38243165, -18.70505954, 641.015690604087695 ], [ -44.38440235, -18.70456315, 641.015690604087695 ], [ -44.38640134, -18.70453764, 641.015690604087695 ], [ -44.38665227, -18.70482259, 641.015690604087695 ], [ -44.38637716, -18.70509652, 641.015690604087695 ], [ -44.38444076, -18.70510516, 641.015690604087695 ], [ -44.3829328, -18.70544019, 641.015690604087695 ], [ -44.3820836, -18.70625842, 641.015690604087695 ], [ -44.3820623, -18.706854, 641.015690604087695 ], [ -44.38423646, -18.70749295, 641.015690604087695 ], [ -44.38523143, -18.70748817, 641.015690604087695 ], [ -44.3854181, -18.70775862, 641.015690604087695 ], [ -44.38516717, -18.70801206, 641.015690604087695 ], [ -44.38414086, -18.7080281, 641.015690604087695 ], [ -44.38170401, -18.70729397, 641.015690604087695 ], [ -44.3802074, -18.70761918, 641.015690604087695 ], [ -44.37916518, -18.7082692, 641.015690604087695 ], [ -44.37831393, -18.70826729, 641.015690604087695 ], [ -44.37581154, -18.7057723, 641.015690604087695 ], [ -44.375187872680605, -18.706086795573501, 641.015690604087695 ], [ -44.374359724215516, -18.710545369317963, 641.015690604087695 ], [ -44.37644147, -18.71061985, 641.015690604087695 ], [ -44.37660867, -18.71205311, 641.015690604087695 ], [ -44.376364940160315, -18.712328721236084, 641.015690604087695 ] ] ] } },
{ "type": "Feature", "properties": { "area_ha": 685.2, "proveniencia": "limite_municipal − cadastro − exclusoes", "veg_nativa_pct": 24.6, "silvicultura_pct": 0.0, "uso_antropico_pct": 71.3, "supressao_ha": 29.25, "regeneracao_ha": 29.34, "titularidade": "sem_registro_conhecido", "municipio": "Curvelo", "codigo_ibge": "3120904", "largura_media_m": 385.0, "compacidade": 0.068, "ponto_lat": -18.374738, "ponto_lon": -44.301279, "utm_e": 573812.1, "utm_n": 7968212.2 }, "geometry": { "type": "Polygon", "coordinates": [ [ [ -44.29992281, -18.36915485, 552.396651831003282 ], [ -44.29919846, -18.37102124, 552.396651831003282 ], [ -44.299133, -18.37206537, 552.396651831003282 ], [ -44.29865558, -18.37271035, 552.396651831003282 ], [ -44.30177138, -18.3725163, 552.396651831003282 ], [ -44.30205382, -18.37275484, 552.396651831003282 ], [ -44.30190166, -18.37304412, 552.396651831003282 ], [ -44.29756408, -18.37331318, 552.396651831003282 ], [ -44.2931918, -18.37492933, 552.396651831003282 ], [ -44.29215313, -18.37485247, 552.396651831003282 ], [ -44.29067434, -18.37415842, 552.396651831003282 ], [ -44.28970738, -18.37415259, 552.396651831003282 ], [ -44.28533613, -18.37472331, 552.396651831003282 ], [ -44.28367329, -18.37560349, 552.396651831003282 ], [ -44.28106006, -18.3756463, 552.396651831003282 ], [ -44.27962703, -18.37601425, 552.396651831003282 ], [ -44.27539837, -18.37571265, 552.396651831003282 ], [ -44.27490654, -18.37584447, 552.396651831003282 ], [ -44.27441864, -18.37664796, 552.396651831003282 ], [ -44.2743117, -18.37869989, 552.396651831003282 ], [ -44.27479998, -18.37910309, 552.396651831003282 ], [ -44.27488294, -18.37962121, 552.396651831003282 ], [ -44.2754329, -18.37957608, 552.396651831003282 ], [ -44.27671544, -18.38039292, 552.396651831003282 ], [ -44.277815411112456, -18.380225522837989, 552.396651831003282 ], [ -44.27947243, -18.37910874, 552.396651831003282 ], [ -44.281354799539493, -18.378486368415643, 552.396651831003282 ], [ -44.28280659, -18.37734772, 552.396651831003282 ], [ -44.28548077, -18.37829446, 552.396651831003282 ], [ -44.28591698, -18.38070256, 552.396651831003282 ], [ -44.28555864, -18.38096614, 552.396651831003282 ], [ -44.28583618, -18.38242403, 552.396651831003282 ], [ -44.285126974669289, -18.383043024495866, 552.396651831003282 ], [ -44.28568445, -18.38378026, 552.396651831003282 ], [ -44.28726807, -18.38388097, 552.396651831003282 ], [ -44.288615679831125, -18.383678323463599, 552.396651831003282 ], [ -44.28831169, -18.38328223, 552.396651831003282 ], [ -44.2884126, -18.37894106, 552.396651831003282 ], [ -44.29141975, -18.38302642, 552.396651831003282 ], [ -44.29095131, -18.38381252, 552.396651831003282 ], [ -44.29025142, -18.38363283, 552.396651831003282 ], [ -44.290160644424283, -18.38372602058115, 552.396651831003282 ], [ -44.29097988, -18.38382388, 552.396651831003282 ], [ -44.29146546, -18.38302798, 552.396651831003282 ], [ -44.29237316, -18.38261221, 552.396651831003282 ], [ -44.29244804, -18.38153713, 552.396651831003282 ], [ -44.29322291, -18.37993227, 552.396651831003282 ], [ -44.29418015, -18.37884381, 552.396651831003282 ], [ -44.29594537, -18.37864504, 552.396651831003282 ], [ -44.29791458, -18.37801682, 552.396651831003282 ], [ -44.29973878, -18.37882014, 552.396651831003282 ], [ -44.30000456, -18.37766533, 552.396651831003282 ], [ -44.30131328, -18.37756805, 552.396651831003282 ], [ -44.301229706655285, -18.378555795013479, 552.396651831003282 ], [ -44.30198532, -18.37830764, 552.396651831003282 ], [ -44.30261534, -18.37883537, 552.396651831003282 ], [ -44.30325912, -18.37874852, 552.396651831003282 ], [ -44.30491917, -18.38008689, 552.396651831003282 ], [ -44.30565941, -18.37992907, 552.396651831003282 ], [ -44.30727972, -18.37899484, 552.396651831003282 ], [ -44.30788783, -18.37823233, 552.396651831003282 ], [ -44.30835115, -18.37735597, 552.396651831003282 ], [ -44.30865333, -18.37477502, 552.396651831003282 ], [ -44.30909049, -18.37451874, 552.396651831003282 ], [ -44.30922846, -18.37590111, 552.396651831003282 ], [ -44.30892245, -18.37739017, 552.396651831003282 ], [ -44.31011273, -18.37716021, 552.396651831003282 ], [ -44.31124098, -18.37655809, 552.396651831003282 ], [ -44.31153997, -18.37698265, 552.396651831003282 ], [ -44.3103043, -18.37767202, 552.396651831003282 ], [ -44.3085828, -18.3780942, 552.396651831003282 ], [ -44.30765033, -18.37940873, 552.396651831003282 ], [ -44.305214, -18.38055023, 552.396651831003282 ], [ -44.30701688, -18.38179967, 552.396651831003282 ], [ -44.30899692, -18.38163649, 552.396651831003282 ], [ -44.31097303, -18.38092798, 552.396651831003282 ], [ -44.31185055, -18.37914722, 552.396651831003282 ], [ -44.31242743, -18.37859336, 552.396651831003282 ], [ -44.31386992, -18.37825768, 552.396651831003282 ], [ -44.31388346, -18.37870346, 552.396651831003282 ], [ -44.31233358, -18.37943326, 552.396651831003282 ], [ -44.3113587, -18.38133241, 552.396651831003282 ], [ -44.31216747, -18.38233993, 552.396651831003282 ], [ -44.31207292, -18.38554183, 552.396651831003282 ], [ -44.3117666, -18.38574553, 552.396651831003282 ], [ -44.31148702, -18.38552155, 552.396651831003282 ], [ -44.31161068, -18.38246922, 552.396651831003282 ], [ -44.31110375, -18.38181699, 552.396651831003282 ], [ -44.31029536, -18.38166801, 552.396651831003282 ], [ -44.30911262, -18.38217094, 552.396651831003282 ], [ -44.3075673, -18.3822743, 552.396651831003282 ], [ -44.30822306, -18.38340177, 552.396651831003282 ], [ -44.30844049, -18.38495114, 552.396651831003282 ], [ -44.30835301, -18.38624164, 552.396651831003282 ], [ -44.30789096, -18.38639301, 552.396651831003282 ], [ -44.30771506, -18.38367771, 552.396651831003282 ], [ -44.30698079, -18.38234097, 552.396651831003282 ], [ -44.30499882, -18.38115545, 552.396651831003282 ], [ -44.30300072, -18.37925628, 552.396651831003282 ], [ -44.30244231, -18.37936706, 552.396651831003282 ], [ -44.30181281, -18.37885017, 552.396651831003282 ], [ -44.301045470796211, -18.379187245529376, 552.396651831003282 ], [ -44.30155487, -18.37984032, 552.396651831003282 ], [ -44.301335001276733, -18.380347460468645, 552.396651831003282 ], [ -44.30174228, -18.38140735, 552.396651831003282 ], [ -44.301312321877347, -18.382384977256276, 552.396651831003282 ], [ -44.3021088, -18.38244603, 552.396651831003282 ], [ -44.302898711561546, -18.392370032776221, 552.396651831003282 ], [ -44.30618763, -18.39032022, 552.396651831003282 ], [ -44.31019485, -18.38970428, 552.396651831003282 ], [ -44.31064546, -18.38989262, 552.396651831003282 ], [ -44.31185246, -18.38972973, 552.396651831003282 ], [ -44.31299605, -18.38943834, 552.396651831003282 ], [ -44.31372464, -18.3887269, 552.396651831003282 ], [ -44.31678772, -18.38855892, 552.396651831003282 ], [ -44.31754881, -18.39001613, 552.396651831003282 ], [ -44.32095587, -18.39299778, 552.396651831003282 ], [ -44.32298899, -18.39423474, 597.127139645394209 ], [ -44.32410479, -18.39814407, 597.127139645394209 ], [ -44.325692063904519, -18.4016066295708, 597.127139645394209 ], [ -44.32182612, -18.38674647, 552.396651831003282 ], [ -44.32323736, -18.38560807, 597.127139645394209 ], [ -44.32415406, -18.38661342, 597.127139645394209 ], [ -44.324495557653499, -18.38632480044404, 597.127139645394209 ], [ -44.3232172, -18.38481331, 597.127139645394209 ], [ -44.320725264144727, -18.382934906704488, 552.396651831003282 ], [ -44.31995273, -18.38342252, 552.396651831003282 ], [ -44.3196094, -18.38615109, 552.396651831003282 ], [ -44.31922317, -18.38682305, 552.396651831003282 ], [ -44.31718469, -18.38784115, 552.396651831003282 ], [ -44.31519985, -18.38348361, 552.396651831003282 ], [ -44.315170873298356, -18.379367706943682, 552.396651831003282 ], [ -44.31479288, -18.37948196, 552.396651831003282 ], [ -44.3149312, -18.37525507, 552.396651831003282 ], [ -44.31392591, -18.36980954, 552.396651831003282 ], [ -44.315891399552683, -18.369585101689406, 552.396651831003282 ], [ -44.3139478, -18.36980586, 552.396651831003282 ], [ -44.312649233098362, -18.365548824261275, 552.396651831003282 ], [ -44.31196298, -18.36592565, 552.396651831003282 ], [ -44.31162225, -18.36565393, 552.396651831003282 ], [ -44.31219728, -18.3651461, 552.396651831003282 ], [ -44.31450349, -18.36439784, 552.396651831003282 ], [ -44.31423413, -18.36314747, 552.396651831003282 ], [ -44.31474576, -18.35986052, 552.396651831003282 ], [ -44.31460325, -18.35869931, 552.396651831003282 ], [ -44.31491733, -18.35787972, 552.396651831003282 ], [ -44.31397447, -18.35588488, 552.396651831003282 ], [ -44.3137453, -18.35438522, 552.396651831003282 ], [ -44.3120288, -18.35089239, 552.396651831003282 ], [ -44.31171289, -18.34800935, 552.396651831003282 ], [ -44.31023572, -18.34809777, 552.396651831003282 ], [ -44.31276628, -18.35330656, 552.396651831003282 ], [ -44.31066435, -18.35460991, 552.396651831003282 ], [ -44.308185070041382, -18.355526788320784, 585.28235414739936 ], [ -44.309407149248997, -18.357787823287314, 583.39 ], [ -44.303602567335922, -18.361572676061964, 561.96 ], [ -44.302970255066988, -18.364271387855716, 564.12 ], [ -44.301069924429996, -18.366008800266783, 562.13 ], [ -44.301537934234986, -18.367527504231791, 564.76 ], [ -44.29970375559698, -18.367160804282111, 558.370498325677659 ], [ -44.29992281, -18.36915485, 552.396651831003282 ] ] ] } },
{ "type": "Feature", "properties": { "area_ha": 669.6, "proveniencia": "limite_municipal − cadastro − exclusoes", "veg_nativa_pct": 27.3, "silvicultura_pct": 0.0, "uso_antropico_pct": 70.6, "supressao_ha": 15.21, "regeneracao_ha": 2.52, "titularidade": "sem_registro_conhecido", "municipio": "Curvelo", "codigo_ibge": "3120904", "largura_media_m": 182.0, "compacidade": 0.016, "ponto_lat": -18.420492, "ponto_lon": -44.24621, "utm_e": 579608.7, "utm_n": 7963126.3 }, "geometry": { "type": "Polygon", "coordinates": [ [ [ -44.24683303, -18.4366931, 552.396651831003282 ], [ -44.244579440634325, -18.436607260818398, 552.396651831003282 ], [ -44.244584321978763, -18.437411847902137, 552.396651831003282 ], [ -44.24527197, -18.43781283, 552.396651831003282 ], [ -44.24498636, -18.43829314, 552.396651831003282 ], [ -44.24399718, -18.43866553, 552.396651831003282 ], [ -44.24417067, -18.43643975, 552.396651831003282 ], [ -44.24351342, -18.43598607, 552.396651831003282 ], [ -44.24305543, -18.43512337, 552.396651831003282 ], [ -44.24281254, -18.43319978, 552.396651831003282 ], [ -44.243758280235063, -18.433367516586543, 552.396651831003282 ], [ -44.24279898, -18.43317142, 552.396651831003282 ], [ -44.24275607, -18.43341061, 552.396651831003282 ], [ -44.24293846, -18.43498316, 552.396651831003282 ], [ -44.24345344, -18.43597554, 552.396651831003282 ], [ -44.24248248, -18.43531395, 552.396651831003282 ], [ -44.24243286, -18.43347677, 552.396651831003282 ], [ -44.24283251, -18.43311544, 552.396651831003282 ], [ -44.24283117, -18.43241313, 552.396651831003282 ], [ -44.24235374, -18.43239277, 552.396651831003282 ], [ -44.24227327, -18.43120698, 552.396651831003282 ], [ -44.24230546, -18.43085073, 552.396651831003282 ], [ -44.242664214880755, -18.430928480005626, 552.396651831003282 ], [ -44.232542640726123, -18.428566476483983, 619.086464234159394 ], [ -44.2343175, -18.42904, 627.07 ], [ -44.23360278, -18.43237222, 636.77 ], [ -44.23330140795575, -18.43238058238677, 552.396651831003282 ], [ -44.23289384405652, -18.433991134705874, 552.396651831003282 ], [ -44.2333548, -18.43246041, 552.396651831003282 ], [ -44.23534013, -18.43245412, 552.396651831003282 ], [ -44.23521843000001, -18.43491002, 552.396651831003282 ], [ -44.23745657, -18.43529625, 552.396651831003282 ], [ -44.23956327, -18.43646377, 552.396651831003282 ], [ -44.24039199, -18.43654281, 552.396651831003282 ], [ -44.242748500539314, -18.438631864793045, 552.396651831003282 ], [ -44.24339712, -18.43864221, 552.396651831003282 ], [ -44.24328446, -18.43993227, 552.396651831003282 ], [ -44.24386919, -18.44014601, 552.396651831003282 ], [ -44.24307525, -18.44043608, 552.396651831003282 ], [ -44.242364924149101, -18.440330079140491, 552.396651831003282 ], [ -44.24238722, -18.44147229, 552.396651831003282 ], [ -44.24203786, -18.44173498, 552.396651831003282 ], [ -44.24296557, -18.44273268, 552.396651831003282 ], [ -44.24397483, -18.44318168, 552.396651831003282 ], [ -44.24391949382516, -18.443398570140914, 552.396651831003282 ], [ -44.2452009, -18.44342582, 552.396651831003282 ], [ -44.24536452, -18.44406702, 552.396651831003282 ], [ -44.24486563, -18.44441561, 552.396651831003282 ], [ -44.244873633706462, -18.445201992576802, 552.396651831003282 ], [ -44.2449528, -18.44490159, 552.396651831003282 ], [ -44.24615979, -18.44521201, 552.396651831003282 ], [ -44.245580414308336, -18.446886321363547, 552.396651831003282 ], [ -44.24643556, -18.44518694, 552.396651831003282 ], [ -44.24703833, -18.44509472, 552.396651831003282 ], [ -44.24672556, -18.44642694, 552.396651831003282 ], [ -44.246734779134499, -18.446471341217112, 552.396651831003282 ], [ -44.247902253483794, -18.445584515685002, 552.396651831003282 ], [ -44.24712821, -18.44524017, 552.396651831003282 ], [ -44.247229221229858, -18.444903036970416, 535.247166067438116 ], [ -44.24599215, -18.445011, 552.396651831003282 ], [ -44.24534306, -18.4435734, 552.396651831003282 ], [ -44.24560055, -18.44349707, 552.396651831003282 ], [ -44.24412264, -18.44147021, 552.396651831003282 ], [ -44.2464775, -18.43994161, 552.396651831003282 ], [ -44.24763868, -18.44027809, 552.396651831003282 ], [ -44.247136934417938, -18.440870980614811, 552.396651831003282 ], [ -44.247655, -18.44029, 552.396651831003282 ], [ -44.248527890003864, -18.440481205790004, 552.396651831003282 ], [ -44.24810252, -18.43905831, 552.396651831003282 ], [ -44.2491625, -18.43883947, 552.396651831003282 ], [ -44.249832, -18.44183, 552.396651831003282 ], [ -44.24938659, -18.44304425, 552.396651831003282 ], [ -44.24753318, -18.44295632, 552.396651831003282 ], [ -44.2475761, -18.4418215, 552.396651831003282 ], [ -44.24734382983533, -18.441287331815698, 552.396651831003282 ], [ -44.247420703866148, -18.442992702083455, 552.396651831003282 ], [ -44.24869448, -18.44373116, 552.396651831003282 ], [ -44.248529122258908, -18.444308766672187, 543.931309639413257 ], [ -44.248634006275964, -18.44435148193239, 552.396651831003282 ], [ -44.250450112506343, -18.442257905412202, 552.396651831003282 ], [ -44.24997255, -18.44175412, 552.396651831003282 ], [ -44.24975529, -18.44091953, 552.396651831003282 ], [ -44.25087109, -18.44052005, 552.396651831003282 ], [ -44.251140369127377, -18.441864928389254, 552.396651831003282 ], [ -44.251954623382993, -18.441707816379218, 552.396651831003282 ], [ -44.25231278, -18.43930378, 552.396651831003282 ], [ -44.252816023420195, -18.439386492067452, 552.396651831003282 ], [ -44.25207675, -18.43922236, 552.396651831003282 ], [ -44.24948573, -18.44002642, 552.396651831003282 ], [ -44.24833238, -18.43562948, 552.396651831003282 ], [ -44.24841821, -18.43371596, 552.396651831003282 ], [ -44.24817681, -18.43350731, 552.396651831003282 ], [ -44.24824387, -18.43282535, 552.396651831003282 ], [ -44.24933821, -18.43063699, 552.396651831003282 ], [ -44.25533563, -18.43031636, 552.396651831003282 ], [ -44.25409770044822, -18.435256083351007, 552.396651831003282 ], [ -44.25453365, -18.43358873, 552.396651831003282 ], [ -44.25539732, -18.4336498, 552.396651831003282 ], [ -44.255134356719296, -18.435404756735327, 579.031123645066828 ], [ -44.25521778, -18.43609222, 575.24 ], [ -44.25475389, -18.43651611, 571.0 ], [ -44.254021055728124, -18.436270835671163, 571.444008021057243 ], [ -44.25472802, -18.43652884, 552.396651831003282 ], [ -44.254286427960977, -18.43771883203549, 552.396651831003282 ], [ -44.25467483, -18.43691951, 552.396651831003282 ], [ -44.25525277, -18.43699027, 552.396651831003282 ], [ -44.25514414, -18.43817161, 552.396651831003282 ], [ -44.25420338, -18.43786765, 552.396651831003282 ], [ -44.25460216, -18.4380501, 552.396651831003282 ], [ -44.25454659, -18.43885675, 552.396651831003282 ], [ -44.25416345, -18.43914723, 552.396651831003282 ], [ -44.25461536, -18.43957164, 552.396651831003282 ], [ -44.25379382, -18.44041657, 552.396651831003282 ], [ -44.253269139983637, -18.441687929078824, 552.396651831003282 ], [ -44.25352618, -18.44146917, 552.396651831003282 ], [ -44.253505, -18.44195643, 552.396651831003282 ], [ -44.25381502, -18.44168382, 552.396651831003282 ], [ -44.25424129, -18.44190933, 552.396651831003282 ], [ -44.254120561146273, -18.442101561756481, 552.396651831003282 ], [ -44.255323368501315, -18.442583431693027, 552.396651831003282 ], [ -44.25560385, -18.44083811, 552.396651831003282 ], [ -44.25590694000001, -18.440901719999989, 552.396651831003282 ], [ -44.255918658348236, -18.440893383556048, 552.396651831003282 ], [ -44.25448403, -18.44036229, 552.396651831003282 ], [ -44.25381213, -18.4415531, 552.396651831003282 ], [ -44.25343663, -18.44137499, 552.396651831003282 ], [ -44.25391272, -18.44041827, 552.396651831003282 ], [ -44.25604239, -18.43848445, 552.396651831003282 ], [ -44.25669383745597, -18.439045147410638, 552.396651831003282 ], [ -44.25794408, -18.43910785, 552.396651831003282 ], [ -44.25849929, -18.4390646, 552.396651831003282 ], [ -44.258301500356147, -18.440008398383714, 552.396651831003282 ], [ -44.26124856, -18.44191696, 552.396651831003282 ], [ -44.26106349, -18.4424284, 552.396651831003282 ], [ -44.258553162735531, -18.44221086927508, 552.396651831003282 ], [ -44.255691791072174, -18.442842327612773, 552.396651831003282 ], [ -44.255102733546146, -18.444997431178262, 552.396651831003282 ], [ -44.25556301, -18.44510578, 552.396651831003282 ], [ -44.25586694, -18.4449532, 552.396651831003282 ], [ -44.25570054, -18.44355524, 552.396651831003282 ], [ -44.25617596, -18.44354353, 552.396651831003282 ], [ -44.25607552000001, -18.4429051, 552.396651831003282 ], [ -44.25847883, -18.44229426, 552.396651831003282 ], [ -44.25869967, -18.4432696, 552.396651831003282 ], [ -44.25978692, -18.44339484, 552.396651831003282 ], [ -44.25993171, -18.44245079, 552.396651831003282 ], [ -44.26111042, -18.44252509, 552.396651831003282 ], [ -44.26049352, -18.44368027, 552.396651831003282 ], [ -44.25873399000001, -18.44530361, 552.396651831003282 ], [ -44.25802052, -18.44611782, 552.396651831003282 ], [ -44.25739797, -18.44570275, 552.396651831003282 ], [ -44.25716377, -18.4461564, 552.396651831003282 ], [ -44.25661683, -18.44602405, 552.396651831003282 ], [ -44.25664712, -18.44572623, 552.396651831003282 ], [ -44.25533154, -18.44545843, 552.396651831003282 ], [ -44.25518172, -18.44577709, 552.396651831003282 ], [ -44.254897392811763, -18.445613443110872, 552.396651831003282 ], [ -44.254236137732526, -18.447790226966884, 552.396651831003282 ], [ -44.25866961000547, -18.446790710467695, 552.396651831003282 ], [ -44.26105142, -18.4452629, 552.396651831003282 ], [ -44.26660944, -18.44677083, 552.396651831003282 ], [ -44.270246086006047, -18.446607033213247, 552.396651831003282 ], [ -44.26865206, -18.44650674, 552.396651831003282 ], [ -44.268948433443889, -18.446041290498261, 552.396651831003282 ], [ -44.26806626, -18.44656744, 552.396651831003282 ], [ -44.26666635, -18.44671868, 552.396651831003282 ], [ -44.26144955, -18.44500226, 552.396651831003282 ], [ -44.25780872, -18.44681282, 552.396651831003282 ], [ -44.25764559, -18.44664857, 552.396651831003282 ], [ -44.2579665, -18.44620622, 552.396651831003282 ], [ -44.26049722, -18.4437083, 552.396651831003282 ], [ -44.26078652, -18.44328167, 552.396651831003282 ], [ -44.261172790487038, -18.442488458550159, 562.099 ], [ -44.261621, -18.44069222, 552.396651831003282 ], [ -44.26346186294343, -18.437569796102355, 584.419924504880328 ], [ -44.2619006, -18.43762167, 552.396651831003282 ], [ -44.25977078, -18.438214619999989, 552.396651831003282 ], [ -44.25843482, -18.4390022, 552.396651831003282 ], [ -44.25677049, -18.438997859999983, 552.396651831003282 ], [ -44.256064133853158, -18.438401727494028, 552.396651831003282 ], [ -44.2554912, -18.43868038, 552.396651831003282 ], [ -44.25522566, -18.43809768, 552.396651831003282 ], [ -44.25538659, -18.4366015, 552.396651831003282 ], [ -44.25521225, -18.43544881, 552.396651831003282 ], [ -44.25566554, -18.43263451, 552.396651831003282 ], [ -44.25561257, -18.42979308, 552.396651831003282 ], [ -44.25604352, -18.42869693, 552.396651831003282 ], [ -44.25614577, -18.42736539, 552.396651831003282 ], [ -44.25751344, -18.42587624, 552.396651831003282 ], [ -44.2578552, -18.4251551, 552.396651831003282 ], [ -44.26039543, -18.41781002, 552.396651831003282 ], [ -44.26185387, -18.41760448, 552.396651831003282 ], [ -44.2632045, -18.41835721, 552.396651831003282 ], [ -44.26560551, -18.41894493, 552.396651831003282 ], [ -44.26533651, -18.4206836, 552.396651831003282 ], [ -44.26570538, -18.42107428, 552.396651831003282 ], [ -44.26462338000001, -18.423875559999988, 552.396651831003282 ], [ -44.26511592, -18.42397208, 552.396651831003282 ], [ -44.264525579463552, -18.425530873770828, 552.396651831003282 ], [ -44.26618732, -18.4262088, 552.396651831003282 ], [ -44.26565999, -18.42946861, 552.396651831003282 ], [ -44.26580093, -18.43067366, 552.396651831003282 ], [ -44.26622064, -18.43123185, 552.396651831003282 ], [ -44.26629151, -18.4312228, 552.396651831003282 ], [ -44.26583916, -18.43064207, 552.396651831003282 ], [ -44.26602691, -18.43033417, 552.396651831003282 ], [ -44.26578283, -18.42936212, 552.396651831003282 ], [ -44.26622808, -18.42622708, 552.396651831003282 ], [ -44.26751018, -18.42408698, 552.396651831003282 ], [ -44.268310137576478, -18.423698028524431, 552.396651831003282 ], [ -44.26769354, -18.42091224, 552.396651831003282 ], [ -44.26698661, -18.42014908, 552.396651831003282 ], [ -44.269315894027748, -18.418942048849964, 552.396651831003282 ], [ -44.26951311, -18.41483732, 552.396651831003282 ], [ -44.26973282, -18.41390743, 552.396651831003282 ], [ -44.27049984, -18.41293085, 552.396651831003282 ], [ -44.27076995, -18.41144934, 552.396651831003282 ], [ -44.27026802, -18.41026046, 552.396651831003282 ], [ -44.26915798, -18.409465, 552.396651831003282 ], [ -44.26743349, -18.40924497, 552.396651831003282 ], [ -44.26688588, -18.40810645, 552.396651831003282 ], [ -44.266020329486068, -18.407484299302329, 552.396651831003282 ], [ -44.26334678, -18.41021338, 552.396651831003282 ], [ -44.263312776992649, -18.412165379901026, 552.396651831003282 ], [ -44.26432043, -18.41400473, 552.396651831003282 ], [ -44.26490501, -18.41430612, 552.396651831003282 ], [ -44.26480407, -18.41481133, 552.396651831003282 ], [ -44.26241454, -18.41519918, 552.396651831003282 ], [ -44.260972861388758, -18.413582983603906, 552.396651831003282 ], [ -44.2604506, -18.41768942, 552.396651831003282 ], [ -44.25968349, -18.41866663, 552.396651831003282 ], [ -44.25942063, -18.41432513, 552.396651831003282 ], [ -44.25868571, -18.4139943, 552.396651831003282 ], [ -44.258219, -18.41338861, 552.396651831003282 ], [ -44.258407870119946, -18.412226362725374, 552.396651831003282 ], [ -44.25833558, -18.4117931, 552.396651831003282 ], [ -44.25746067, -18.41057485, 552.396651831003282 ], [ -44.25851811, -18.40840671, 552.396651831003282 ], [ -44.26065365, -18.40673891, 552.396651831003282 ], [ -44.26111984823438, -18.407062702338962, 552.396651831003282 ], [ -44.26067591, -18.40673615, 552.396651831003282 ], [ -44.26152271, -18.40590181, 552.396651831003282 ], [ -44.26421106, -18.40578942, 552.396651831003282 ], [ -44.26227683, -18.40786626, 552.396651831003282 ], [ -44.26411794, -18.4059584, 552.396651831003282 ], [ -44.26505465988938, -18.406646635455381, 552.396651831003282 ], [ -44.26281229, -18.40405372, 552.396651831003282 ], [ -44.263313351211387, -18.403595533156334, 552.396651831003282 ], [ -44.26086733, -18.40578833, 552.396651831003282 ], [ -44.24951138, -18.39902354, 552.396651831003282 ], [ -44.24488303, -18.39596812000001, 552.396651831003282 ], [ -44.241604349514681, -18.393191979937875, 552.396651831003282 ], [ -44.24133634, -18.39554316, 552.396651831003282 ], [ -44.2422979, -18.39628032, 552.396651831003282 ], [ -44.24301941, -18.39780164, 552.396651831003282 ], [ -44.242695781398979, -18.398124381261105, 548.322220346315362 ], [ -44.25520198, -18.40566293, 552.396651831003282 ], [ -44.253520296859115, -18.408045486493112, 545.142582528976618 ], [ -44.25739162595022, -18.410416061650643, 552.24 ], [ -44.252734189533925, -18.422301084806644, 571.89 ], [ -44.241590612863078, -18.413771610081774, 552.396651831003282 ], [ -44.24157637, -18.41732238, 552.396651831003282 ], [ -44.24201455, -18.41902434, 552.396651831003282 ], [ -44.24205718, -18.42133959, 552.396651831003282 ], [ -44.24180667, -18.42159303, 552.396651831003282 ], [ -44.24146193, -18.42138911, 552.396651831003282 ], [ -44.24144753, -18.41908605, 552.396651831003282 ], [ -44.24100888, -18.417354, 552.396651831003282 ], [ -44.241024826159119, -18.413338095510049, 552.396651831003282 ], [ -44.23746759, -18.41060853, 552.396651831003282 ], [ -44.24145270652555, -18.407634339931725, 552.396651831003282 ], [ -44.24180378, -18.40691196, 552.396651831003282 ], [ -44.24048088, -18.405140889999988, 552.396651831003282 ], [ -44.23846225, -18.4036258, 552.396651831003282 ], [ -44.23660273, -18.40134208, 552.396651831003282 ], [ -44.23630347, -18.40119129, 552.396651831003282 ], [ -44.23552952, -18.40156755, 552.396651831003282 ], [ -44.2334919, -18.40183959, 552.396651831003282 ], [ -44.22837156, -18.40169031, 552.396651831003282 ], [ -44.22665439, -18.40453157, 552.396651831003282 ], [ -44.22469709, -18.40568699, 552.396651831003282 ], [ -44.224123924185051, -18.406981359472848, 552.396651831003282 ], [ -44.229284996265918, -18.416801807025145, 552.396651831003282 ], [ -44.23196563, -18.41471492, 552.396651831003282 ], [ -44.24927901, -18.42762998, 552.396651831003282 ], [ -44.244500216934171, -18.431361434132903, 552.396651831003282 ], [ -44.24456891, -18.43265477, 552.396651831003282 ], [ -44.244849266504026, -18.433172968243682, 552.396651831003282 ], [ -44.24729437, -18.43537757, 552.396651831003282 ], [ -44.24723536, -18.435688, 552.396651831003282 ], [ -44.24676061, -18.43575162, 552.396651831003282 ], [ -44.24719244, -18.43591447, 552.396651831003282 ], [ -44.24683303, -18.4366931, 552.396651831003282 ] ], [ [ -44.25527394, -18.44627049, 552.396651831003282 ], [ -44.25717831, -18.44691931, 552.396651831003282 ], [ -44.2571488, -18.4470338, 552.396651831003282 ], [ -44.25463825, -18.44758085, 552.396651831003282 ], [ -44.25465167, -18.44704653, 552.396651831003282 ], [ -44.25523371, -18.44704144, 552.396651831003282 ], [ -44.25527394, -18.44627049, 552.396651831003282 ] ], [ [ -44.2428038, -18.44240645, 552.396651831003282 ], [ -44.24294604, -18.44205812, 552.396651831003282 ], [ -44.24374728, -18.4421303, 552.396651831003282 ], [ -44.24340575, -18.44283149, 552.396651831003282 ], [ -44.2428038, -18.44240645, 552.396651831003282 ] ], [ [ -44.249129, -18.43876689, 552.396651831003282 ], [ -44.24795419, -18.43901625, 552.396651831003282 ], [ -44.24731314, -18.43986866, 552.396651831003282 ], [ -44.246656, -18.43987629, 552.396651831003282 ], [ -44.24643874, -18.43693738, 552.396651831003282 ], [ -44.24693227, -18.43667529, 552.396651831003282 ], [ -44.24727936, -18.43602025, 552.396651831003282 ], [ -44.24766656, -18.43597939, 552.396651831003282 ], [ -44.24897611, -18.43833941, 552.396651831003282 ], [ -44.249129, -18.43876689, 552.396651831003282 ] ], [ [ -44.250785709895688, -18.427354320250526, 552.396651831003282 ], [ -44.24815324, -18.43273062, 552.396651831003282 ], [ -44.2480545, -18.43363919, 552.396651831003282 ], [ -44.24662696, -18.43389398, 552.396651831003282 ], [ -44.24659129, -18.43461574, 552.396651831003282 ], [ -44.24490424, -18.43304534, 552.396651831003282 ], [ -44.24462615, -18.43154147, 552.396651831003282 ], [ -44.25110259, -18.42620171, 552.396651831003282 ], [ -44.251074910745999, -18.426725036356796, 552.396651831003282 ], [ -44.25180048, -18.42490893, 552.396651831003282 ], [ -44.25634682, -18.42695232, 552.396651831003282 ], [ -44.25606251, -18.42732893, 552.396651831003282 ], [ -44.25537547, -18.43014774, 552.396651831003282 ], [ -44.2495107, -18.43053274, 552.396651831003282 ], [ -44.25065627, -18.42791583, 552.396651831003282 ], [ -44.252770834537678, -18.428398419593549, 552.396651831003282 ], [ -44.2506167, -18.42785513, 552.396651831003282 ], [ -44.250785709895688, -18.427354320250526, 552.396651831003282 ] ], [ [ -44.25862081, -18.42256177, 552.396651831003282 ], [ -44.25526443, -18.42147524, 552.396651831003282 ], [ -44.25632689754007, -18.419351779563883, 552.396651831003282 ], [ -44.25522566, -18.42147607, 552.396651831003282 ], [ -44.25839603, -18.42249397, 552.396651831003282 ], [ -44.25768256, -18.42529318, 552.396651831003282 ], [ -44.25726381, -18.42596202, 552.396651831003282 ], [ -44.25635677, -18.4269236, 552.396651831003282 ], [ -44.25178736, -18.42488865, 552.396651831003282 ], [ -44.25745809, -18.41068836, 552.396651831003282 ], [ -44.25830269, -18.41192028, 552.396651831003282 ], [ -44.25813036, -18.41348156, 552.396651831003282 ], [ -44.25858052, -18.41403495, 552.396651831003282 ], [ -44.2593709, -18.41440217, 552.396651831003282 ], [ -44.25943209, -18.41483235, 552.396651831003282 ], [ -44.2596391, -18.41883921, 552.396651831003282 ], [ -44.25862081, -18.42256177, 552.396651831003282 ] ] ] } },
{ "type": "Feature", "properties": { "area_ha": 647.3, "proveniencia": "limite_municipal − cadastro − exclusoes", "veg_nativa_pct": 50.0, "silvicultura_pct": 0.0, "uso_antropico_pct": 45.0, "supressao_ha": 34.11, "regeneracao_ha": 8.46, "titularidade": "sem_registro_conhecido", "municipio": "Curvelo", "codigo_ibge": "3120904", "largura_media_m": 277.0, "compacidade": 0.037, "ponto_lat": -18.827743, "ponto_lon": -44.214657, "utm_e": 582744.1, "utm_n": 7918049.2 }, "geometry": { "type": "Polygon", "coordinates": [ [ [ -44.23004242, -18.83408688, 561.341079769464386 ], [ -44.23071611, -18.83419265, 561.341079769464386 ], [ -44.23137113379665, -18.836690292438394, 646.523307086443992 ], [ -44.23231972, -18.83724056, 659.628 ], [ -44.23290032, -18.83807105, 561.341079769464386 ], [ -44.23218611, -18.83934833, 639.05 ], [ -44.230905555298847, -18.840588635395477, 613.258194345237257 ], [ -44.23121833, -18.84134639, 595.121 ], [ -44.22856889, -18.84297278, 593.453 ], [ -44.22846361, -18.84364694, 589.277 ], [ -44.22850361, -18.84405111, 572.727 ], [ -44.228582699179938, -18.84423821267788, 561.341079769464386 ], [ -44.22980784, -18.84229501, 561.341079769464386 ], [ -44.23123384, -18.84142298, 561.341079769464386 ], [ -44.231729, -18.84273959, 561.341079769464386 ], [ -44.231420455449324, -18.843893135489434, 561.341079769464386 ], [ -44.23220552, -18.84398933, 561.341079769464386 ], [ -44.23258045, -18.84348222, 561.341079769464386 ], [ -44.23304192, -18.84338117, 561.341079769464386 ], [ -44.23352199, -18.84420545, 561.341079769464386 ], [ -44.23467898, -18.84488454, 561.341079769464386 ], [ -44.23567816, -18.84387351, 561.341079769464386 ], [ -44.2359318, -18.84256255, 561.341079769464386 ], [ -44.23563737, -18.84149569, 561.341079769464386 ], [ -44.23597143, -18.84059946, 561.341079769464386 ], [ -44.23769196, -18.83834394, 561.341079769464386 ], [ -44.23850332, -18.83826691, 561.341079769464386 ], [ -44.23924422000001, -18.83859021, 561.341079769464386 ], [ -44.2393676, -18.83818764, 561.341079769464386 ], [ -44.23895121, -18.83746232, 561.341079769464386 ], [ -44.23894894, -18.83635314, 561.341079769464386 ], [ -44.23836972, -18.83567449, 561.341079769464386 ], [ -44.23463491, -18.83527734, 561.341079769464386 ], [ -44.23261455, -18.83620653, 561.341079769464386 ], [ -44.23224098, -18.83601733, 561.341079769464386 ], [ -44.23238786, -18.83566929, 561.341079769464386 ], [ -44.23419919, -18.83480708, 561.341079769464386 ], [ -44.237434192521675, -18.834956707199932, 561.341079769464386 ], [ -44.23502848, -18.83437135, 561.341079769464386 ], [ -44.23410028, -18.83297528, 658.96 ], [ -44.234634108101261, -18.832672535104212, 661.819668413494242 ], [ -44.234651560427459, -18.828784322821384, 610.203967667674988 ], [ -44.23381269, -18.83046785, 561.341079769464386 ], [ -44.23334384, -18.83062209, 561.341079769464386 ], [ -44.233238900000011, -18.8302883, 561.341079769464386 ], [ -44.23413973, -18.82854052, 561.341079769464386 ], [ -44.23185471, -18.82824499, 561.341079769464386 ], [ -44.23105434, -18.82758836, 561.341079769464386 ], [ -44.23057041, -18.82643981, 561.341079769464386 ], [ -44.23103367, -18.82618513, 561.341079769464386 ], [ -44.23152997, -18.82727957, 561.341079769464386 ], [ -44.2321961, -18.82779367, 561.341079769464386 ], [ -44.23409182, -18.82796933, 561.341079769464386 ], [ -44.23385083, -18.82469889, 638.55 ], [ -44.234731083362789, -18.821881060809254, 561.341079769464386 ], [ -44.23405398, -18.82187981, 561.341079769464386 ], [ -44.23386719, -18.82160937, 561.341079769464386 ], [ -44.234715688007547, -18.821339113890094, 640.705804951939854 ], [ -44.23438047, -18.82019552, 561.341079769464386 ], [ -44.233628338124795, -18.818797139218411, 561.341079769464386 ], [ -44.23007333, -18.82220944, 647.726 ], [ -44.22941972, -18.82345444, 662.725 ], [ -44.22846093, -18.82045138, 561.341079769464386 ], [ -44.22649414, -18.81946452, 561.341079769464386 ], [ -44.22494671, -18.81713082, 561.341079769464386 ], [ -44.2227568, -18.81664838, 561.341079769464386 ], [ -44.221380911799372, -18.81577281847073, 648.960372658780329 ], [ -44.2189425, -18.81542917, 654.313 ], [ -44.219207555939178, -18.815181771508591, 650.220767058731553 ], [ -44.21886148, -18.81541257, 561.341079769464386 ], [ -44.21868771, -18.81240062, 561.341079769464386 ], [ -44.216745214482778, -18.810668344820083, 561.341079769464386 ], [ -44.215502716561318, -18.812856994165188, 561.341079769464386 ], [ -44.21744384, -18.81329363, 561.341079769464386 ], [ -44.21763264, -18.81368903, 561.341079769464386 ], [ -44.21733827, -18.81385088, 561.341079769464386 ], [ -44.21578746, -18.81340736, 561.341079769464386 ], [ -44.21462444, -18.81346854, 561.341079769464386 ], [ -44.213669286215932, -18.814912798061034, 561.341079769464386 ], [ -44.21351985, -18.81734155, 561.341079769464386 ], [ -44.21451957, -18.81790107, 561.341079769464386 ], [ -44.21650512, -18.81760773, 561.341079769464386 ], [ -44.21713612, -18.81665633, 561.341079769464386 ], [ -44.21786302, -18.81620066, 561.341079769464386 ], [ -44.21805502, -18.81658114, 561.341079769464386 ], [ -44.21704708, -18.81795776, 561.341079769464386 ], [ -44.21490871, -18.81834965, 561.341079769464386 ], [ -44.21600832, -18.81923908, 561.341079769464386 ], [ -44.21984061, -18.81944654, 561.341079769464386 ], [ -44.21996942, -18.81752714, 561.341079769464386 ], [ -44.22039603, -18.81727472, 561.341079769464386 ], [ -44.22040985, -18.81960213, 561.341079769464386 ], [ -44.22226602, -18.82030466, 561.341079769464386 ], [ -44.22314392, -18.81946487, 561.341079769464386 ], [ -44.22434328, -18.81927558, 561.341079769464386 ], [ -44.2243917, -18.81973192, 561.341079769464386 ], [ -44.22338554, -18.81995684, 561.341079769464386 ], [ -44.22276261, -18.82057276, 561.341079769464386 ], [ -44.22403851, -18.82191758, 561.341079769464386 ], [ -44.22685747, -18.8229192, 561.341079769464386 ], [ -44.22691269, -18.82336902, 561.341079769464386 ], [ -44.2239883, -18.8225398, 561.341079769464386 ], [ -44.22270367, -18.82122477, 561.341079769464386 ], [ -44.22144007, -18.82041621, 561.341079769464386 ], [ -44.21915746, -18.81982667, 561.341079769464386 ], [ -44.21687175, -18.81981453, 561.341079769464386 ], [ -44.21684848, -18.82045319, 561.341079769464386 ], [ -44.21862789, -18.82450092, 561.341079769464386 ], [ -44.21825788, -18.82483333, 561.341079769464386 ], [ -44.21760716, -18.82400597, 561.341079769464386 ], [ -44.21693573, -18.82167808, 561.341079769464386 ], [ -44.21630644, -18.82062432, 561.341079769464386 ], [ -44.21630319, -18.81978709, 561.341079769464386 ], [ -44.2155534, -18.81956493, 561.341079769464386 ], [ -44.21441558, -18.82141644, 561.341079769464386 ], [ -44.21348427, -18.82246186, 561.341079769464386 ], [ -44.21307301, -18.822416090000011, 561.341079769464386 ], [ -44.21505962, -18.81929007, 561.341079769464386 ], [ -44.21393349, -18.81812589, 561.341079769464386 ], [ -44.21281606, -18.81772039, 561.341079769464386 ], [ -44.21111052, -18.82325083, 561.341079769464386 ], [ -44.20856755, -18.8227825, 561.341079769464386 ], [ -44.20614242, -18.82390139, 561.341079769464386 ], [ -44.20558673, -18.82142121, 561.341079769464386 ], [ -44.20554277, -18.81889857, 561.341079769464386 ], [ -44.20534838, -18.82059106, 561.341079769464386 ], [ -44.20565346, -18.82228014, 561.341079769464386 ], [ -44.20536932, -18.82253541, 561.341079769464386 ], [ -44.20502188, -18.82229897, 561.341079769464386 ], [ -44.20480074, -18.82098948, 561.341079769464386 ], [ -44.204939499742316, -18.818752713674883, 561.341079769464386 ], [ -44.20358957, -18.81837684, 561.341079769464386 ], [ -44.200560011474437, -18.818529765992462, 561.341079769464386 ], [ -44.20207557, -18.82131827, 561.341079769464386 ], [ -44.20173923, -18.82167771, 561.341079769464386 ], [ -44.199924499297488, -18.818572323946832, 561.341079769464386 ], [ -44.19783411, -18.81930279, 561.341079769464386 ], [ -44.197788364265442, -18.817621885737896, 561.341079769464386 ], [ -44.19668695, -18.81781164, 561.341079769464386 ], [ -44.19649244, -18.81788327, 561.341079769464386 ], [ -44.19706994, -18.81873209, 561.341079769464386 ], [ -44.19779034, -18.821282709999988, 561.341079769464386 ], [ -44.19852493, -18.82254347, 561.341079769464386 ], [ -44.19818663, -18.82288493, 561.341079769464386 ], [ -44.19739112, -18.82181858, 561.341079769464386 ], [ -44.19650397, -18.818854, 561.341079769464386 ], [ -44.19523988000001, -18.81752903, 561.341079769464386 ], [ -44.19506256, -18.81660164, 561.341079769464386 ], [ -44.19139696, -18.81641657, 561.341079769464386 ], [ -44.19174412, -18.81753518, 561.341079769464386 ], [ -44.19171204, -18.8207416, 561.341079769464386 ], [ -44.19201997, -18.82180155, 561.341079769464386 ], [ -44.191726954003641, -18.822088036917478, 561.341079769464386 ], [ -44.19186182, -18.8235857, 561.341079769464386 ], [ -44.19165454, -18.82388738, 561.341079769464386 ], [ -44.19218697, -18.8244762, 561.341079769464386 ], [ -44.1926875, -18.82691143, 561.341079769464386 ], [ -44.19220515, -18.82448249, 561.341079769464386 ], [ -44.192855369827825, -18.824491367509363, 561.341079769464386 ], [ -44.19280529, -18.8240309, 561.341079769464386 ], [ -44.19484377, -18.82433555, 561.341079769464386 ], [ -44.194839288893753, -18.824612679597521, 561.341079769464386 ], [ -44.1956673, -18.82471047, 561.341079769464386 ], [ -44.195244810699904, -18.827708595261171, 561.341079769464386 ], [ -44.19601275, -18.82786913, 561.341079769464386 ], [ -44.19647569, -18.82714742, 561.341079769464386 ], [ -44.19739517, -18.82722762, 561.341079769464386 ], [ -44.19780318, -18.82760446, 561.341079769464386 ], [ -44.19789669, -18.82862995, 561.341079769464386 ], [ -44.19852154, -18.82855002, 561.341079769464386 ], [ -44.19927126, -18.82890836, 561.341079769464386 ], [ -44.20033835, -18.82819254, 561.341079769464386 ], [ -44.19990218, -18.82709126, 561.341079769464386 ], [ -44.20010018, -18.82546006, 561.341079769464386 ], [ -44.20063322, -18.82489275, 561.341079769464386 ], [ -44.20203379, -18.82438083, 561.341079769464386 ], [ -44.20216989, -18.82483964, 561.341079769464386 ], [ -44.20060022, -18.82572498, 561.341079769464386 ], [ -44.20047091, -18.82704405, 561.341079769464386 ], [ -44.20089187, -18.82836993, 561.341079769464386 ], [ -44.19954527, -18.82939692, 561.341079769464386 ], [ -44.19945945, -18.82980426, 561.341079769464386 ], [ -44.20087009, -18.82984703, 561.341079769464386 ], [ -44.20176438, -18.82955545, 561.341079769464386 ], [ -44.2022471, -18.82875809, 561.341079769464386 ], [ -44.20384081, -18.82743018, 561.341079769464386 ], [ -44.20492926, -18.82678419, 561.341079769464386 ], [ -44.20531325, -18.82690715, 561.341079769464386 ], [ -44.20514865, -18.8273595, 561.341079769464386 ], [ -44.20267969, -18.829112549999987, 561.341079769464386 ], [ -44.202140261818748, -18.82996269881275, 561.341079769464386 ], [ -44.20323372, -18.82963636, 561.341079769464386 ], [ -44.20402765, -18.83050966, 561.341079769464386 ], [ -44.20321226, -18.83168759, 561.341079769464386 ], [ -44.20364141, -18.83262181, 561.341079769464386 ], [ -44.20314789, -18.83367787, 561.341079769464386 ], [ -44.203505151352772, -18.834452862767058, 561.341079769464386 ], [ -44.20437437, -18.83414357, 561.341079769464386 ], [ -44.20507367, -18.83477836, 561.341079769464386 ], [ -44.20568281, -18.83469732, 561.341079769464386 ], [ -44.20783538, -18.83284581, 561.341079769464386 ], [ -44.20806228, -18.83195718, 561.341079769464386 ], [ -44.20885431, -18.83131243, 561.341079769464386 ], [ -44.2091925, -18.83058454, 561.341079769464386 ], [ -44.20796919, -18.82908752, 561.341079769464386 ], [ -44.20778228, -18.82816905, 561.341079769464386 ], [ -44.20914027, -18.82573465, 561.341079769464386 ], [ -44.20954611, -18.82423512, 561.341079769464386 ], [ -44.20990399, -18.8240372, 561.341079769464386 ], [ -44.21018813, -18.82432399, 561.341079769464386 ], [ -44.20967523, -18.82592351, 561.341079769464386 ], [ -44.20834797, -18.82823311, 561.341079769464386 ], [ -44.20847443, -18.82883485, 561.341079769464386 ], [ -44.20966198, -18.83025955, 561.341079769464386 ], [ -44.21151903, -18.82971041, 561.341079769464386 ], [ -44.21095324, -18.82727395, 561.341079769464386 ], [ -44.21097287, -18.82653326, 561.341079769464386 ], [ -44.21138705, -18.82604753, 561.341079769464386 ], [ -44.211812, -18.82625026, 561.341079769464386 ], [ -44.21152225, -18.82724118, 561.341079769464386 ], [ -44.21193611, -18.82929666, 561.341079769464386 ], [ -44.21352966, -18.82863932, 561.341079769464386 ], [ -44.21505258, -18.82848502, 561.341079769464386 ], [ -44.21529985, -18.82880128, 561.341079769464386 ], [ -44.21460231, -18.82924494, 561.341079769464386 ], [ -44.21335146, -18.82922848, 561.341079769464386 ], [ -44.21177293, -18.83020918, 561.341079769464386 ], [ -44.20970506, -18.83087057, 561.341079769464386 ], [ -44.20926721, -18.83170113, 561.341079769464386 ], [ -44.20853614, -18.83225858, 561.341079769464386 ], [ -44.20837357, -18.83305937, 561.341079769464386 ], [ -44.20793429, -18.8335074, 561.341079769464386 ], [ -44.21106583, -18.83249129, 561.341079769464386 ], [ -44.21217267, -18.83420507, 561.341079769464386 ], [ -44.21315623, -18.83441806, 561.341079769464386 ], [ -44.21449326, -18.833670099999988, 561.341079769464386 ], [ -44.21538776, -18.83277633, 561.341079769464386 ], [ -44.21757497, -18.83293096, 561.341079769464386 ], [ -44.21842677, -18.8324833, 561.341079769464386 ], [ -44.21728917, -18.8295825, 621.809 ], [ -44.21780944, -18.82819389, 626.964 ], [ -44.21697556, -18.82658583, 639.788 ], [ -44.21899222, -18.82575639, 627.836 ], [ -44.22315806, -18.82638278, 657.108 ], [ -44.22297083, -18.827290279999989, 660.546 ], [ -44.22319611, -18.82810167, 642.825 ], [ -44.22128472, -18.82999694, 602.304 ], [ -44.22175583, -18.83108417, 625.009 ], [ -44.22168220872031, -18.831690214615367, 595.834103468200851 ], [ -44.22350468, -18.83171695, 561.341079769464386 ], [ -44.2261288, -18.82972901, 561.341079769464386 ], [ -44.2261613, -18.82839697, 561.341079769464386 ], [ -44.2257139, -18.8270297, 561.341079769464386 ], [ -44.22596501, -18.82674475000001, 561.341079769464386 ], [ -44.22630585, -18.8269253, 561.341079769464386 ], [ -44.22672501, -18.82830112, 561.341079769464386 ], [ -44.22658398, -18.83005672, 561.341079769464386 ], [ -44.22928113, -18.83052226, 561.341079769464386 ], [ -44.2290415, -18.83086918, 561.341079769464386 ], [ -44.22708583, -18.83059869, 561.341079769464386 ], [ -44.22592407, -18.83073628, 561.341079769464386 ], [ -44.22410281, -18.83194152, 561.341079769464386 ], [ -44.22553148, -18.83335445, 561.341079769464386 ], [ -44.22764448, -18.83465401, 561.341079769464386 ], [ -44.22751546, -18.8351692, 561.341079769464386 ], [ -44.22639331, -18.83468546, 561.341079769464386 ], [ -44.22353917, -18.83225982, 561.341079769464386 ], [ -44.22158080918431, -18.832266683597915, 582.632438234717142 ], [ -44.2220325, -18.83283333, 592.572 ], [ -44.222425, -18.83518778, 614.961 ], [ -44.22386972, -18.83456583, 610.666 ], [ -44.22569444, -18.83572722, 605.851 ], [ -44.22717361, -18.83709278, 651.417 ], [ -44.228395440626841, -18.836635381268344, 631.561393398663085 ], [ -44.22916708, -18.83487161, 561.341079769464386 ], [ -44.23004242, -18.83408688, 561.341079769464386 ] ] ] } },
{ "type": "Feature", "properties": { "area_ha": 730.8, "proveniencia": "limite_municipal − cadastro − exclusoes", "veg_nativa_pct": 21.6, "silvicultura_pct": 0.0, "uso_antropico_pct": 76.0, "supressao_ha": 19.35, "regeneracao_ha": 13.5, "titularidade": "sem_registro_conhecido", "municipio": "Curvelo", "codigo_ibge": "3120904", "largura_media_m": 240.0, "compacidade": 0.025, "ponto_lat": -18.908972, "ponto_lon": -44.18517, "utm_e": 585809.6, "utm_n": 7909046.8 }, "geometry": { "type": "Polygon", "coordinates": [ [ [ -44.1666627, -18.87705023, 561.341079769464386 ], [ -44.16567785, -18.879885, 561.341079769464386 ], [ -44.16968339, -18.88048634, 561.341079769464386 ], [ -44.1699054, -18.88091851, 561.341079769464386 ], [ -44.16826881, -18.88093793, 561.341079769464386 ], [ -44.16541429, -18.88037327, 561.341079769464386 ], [ -44.16336004, -18.88302383, 561.341079769464386 ], [ -44.1629378, -18.88440579, 561.341079769464386 ], [ -44.16245704, -18.8847686, 561.341079769464386 ], [ -44.16452434, -18.88490005, 561.341079769464386 ], [ -44.16644146, -18.88542056, 561.341079769464386 ], [ -44.16806139, -18.8866456, 561.341079769464386 ], [ -44.16846549, -18.88661875, 561.341079769464386 ], [ -44.16864903, -18.88527121, 561.341079769464386 ], [ -44.16843154, -18.88404991, 561.341079769464386 ], [ -44.16763762, -18.88317531, 561.341079769464386 ], [ -44.16791802, -18.88295134, 561.341079769464386 ], [ -44.16839268, -18.88317022, 561.341079769464386 ], [ -44.16961459, -18.88193273, 561.341079769464386 ], [ -44.16984036, -18.88235853, 561.341079769464386 ], [ -44.16887344, -18.88369413, 561.341079769464386 ], [ -44.1691464, -18.88495479, 561.341079769464386 ], [ -44.1701184, -18.88442116, 561.341079769464386 ], [ -44.17104895, -18.88309585, 561.341079769464386 ], [ -44.1714819, -18.88302368, 561.341079769464386 ], [ -44.17166876, -18.88329412, 561.341079769464386 ], [ -44.1705079, -18.8848217, 561.341079769464386 ], [ -44.16918896, -18.8854978, 561.341079769464386 ], [ -44.16906804, -18.88655893, 561.341079769464386 ], [ -44.17296547, -18.8869577, 561.341079769464386 ], [ -44.17414579, -18.88584554, 561.341079769464386 ], [ -44.17410595, -18.88465078, 561.341079769464386 ], [ -44.17435329, -18.88442865, 561.341079769464386 ], [ -44.17466675, -18.88465078, 561.341079769464386 ], [ -44.17460475, -18.88617146, 561.341079769464386 ], [ -44.17316282, -18.88746889, 561.341079769464386 ], [ -44.17145782, -18.88746345, 561.341079769464386 ], [ -44.1712804, -18.890053, 561.341079769464386 ], [ -44.17069363, -18.89113739, 561.341079769464386 ], [ -44.17037632, -18.89085244, 561.341079769464386 ], [ -44.170715, -18.88997707, 561.341079769464386 ], [ -44.1709304, -18.88725753, 561.341079769464386 ], [ -44.16834657, -18.88721195, 561.341079769464386 ], [ -44.1681914, -18.88947269, 561.341079769464386 ], [ -44.16765572, -18.89054884, 561.341079769464386 ], [ -44.16737147, -18.89026206, 561.341079769464386 ], [ -44.1677771, -18.887117, 561.341079769464386 ], [ -44.1662394, -18.88592875, 561.341079769464386 ], [ -44.16585326, -18.88700665, 561.341079769464386 ], [ -44.16593352, -18.88827429, 561.341079769464386 ], [ -44.16565171, -18.88856019, 561.341079769464386 ], [ -44.16475839, -18.8883301, 561.341079769464386 ], [ -44.16469131, -18.88555099, 561.341079769464386 ], [ -44.16445474, -18.88544073, 561.341079769464386 ], [ -44.16047983, -18.88529688, 561.341079769464386 ], [ -44.15947905, -18.8875821, 561.341079769464386 ], [ -44.16131381, -18.88837354, 561.341079769464386 ], [ -44.16231639, -18.88902892, 561.341079769464386 ], [ -44.162195051375456, -18.889441469646613, 561.341079769464386 ], [ -44.16518183, -18.89094514, 561.341079769464386 ], [ -44.167462734456869, -18.891808422522757, 683.582213126002557 ], [ -44.17041444, -18.89248222, 666.348 ], [ -44.171591335076457, -18.894028846525792, 659.759460710622307 ], [ -44.17633778, -18.89756806, 677.461 ], [ -44.17491649, -18.90193565, 664.625964912281461 ], [ -44.17056642, -18.90164037, 664.625964912281461 ], [ -44.17076526, -18.90267271, 664.625964912281461 ], [ -44.17189605, -18.90429966, 664.625964912281461 ], [ -44.17393905, -18.90511629, 664.625964912281461 ], [ -44.17988594, -18.90517054, 664.625964912281461 ], [ -44.18099769, -18.90464959, 664.625964912281461 ], [ -44.1813114, -18.90496479, 664.625964912281461 ], [ -44.18092413, -18.90544379, 664.625964912281461 ], [ -44.17996018, -18.90570846, 664.625964912281461 ], [ -44.17699137, -18.90561468, 664.625964912281461 ], [ -44.17833739, -18.90710814, 664.625964912281461 ], [ -44.17916211, -18.90725155, 664.625964912281461 ], [ -44.17896531, -18.90771886, 664.625964912281461 ], [ -44.17784508, -18.90742607, 664.625964912281461 ], [ -44.1763742, -18.90560498, 664.625964912281461 ], [ -44.17346121, -18.90553166, 664.625964912281461 ], [ -44.17384041, -18.90619073, 664.625964912281461 ], [ -44.17401226, -18.90812658, 664.625964912281461 ], [ -44.17542499, -18.91003877, 664.625964912281461 ], [ -44.17505828, -18.91036828, 664.625964912281461 ], [ -44.17446678000001, -18.90982237, 664.625964912281461 ], [ -44.17458427, -18.91034631, 664.625964912281461 ], [ -44.17430383, -18.91057028, 664.625964912281461 ], [ -44.1739484, -18.91028606, 664.625964912281461 ], [ -44.17389717, -18.90910231, 664.625964912281461 ], [ -44.17340838, -18.90814701, 664.625964912281461 ], [ -44.17327387000001, -18.90630001, 664.625964912281461 ], [ -44.17285697, -18.90519105, 664.625964912281461 ], [ -44.17156491, -18.90474249, 664.625964912281461 ], [ -44.17105768, -18.90408032, 664.625964912281461 ], [ -44.17029946, -18.90535283, 664.625964912281461 ], [ -44.17003659, -18.90673465, 664.625964912281461 ], [ -44.17126365, -18.9084961, 664.625964912281461 ], [ -44.17087437, -18.90863095, 664.625964912281461 ], [ -44.16996497, -18.90780045, 664.625964912281461 ], [ -44.16976161, -18.9086161, 664.625964912281461 ], [ -44.16923508, -18.90855318, 664.625964912281461 ], [ -44.1697531, -18.90519398, 664.625964912281461 ], [ -44.17069584, -18.90363103, 664.625964912281461 ], [ -44.17006330072126, -18.902320422839882, 622.227757919734358 ], [ -44.166621182445766, -18.90531931948545, 664.625964912281461 ], [ -44.16754807, -18.90459824, 664.625964912281461 ], [ -44.16786231, -18.90496641, 664.625964912281461 ], [ -44.16949894, -18.90935515, 664.625964912281461 ], [ -44.16993123, -18.90962338, 664.625964912281461 ], [ -44.1709554, -18.90907255, 664.625964912281461 ], [ -44.17172771, -18.90908118, 664.625964912281461 ], [ -44.17208137, -18.90980401, 664.625964912281461 ], [ -44.17192135, -18.9108309, 664.625964912281461 ], [ -44.17445588, -18.9126578, 664.625964912281461 ], [ -44.1754636, -18.9128797, 664.625964912281461 ], [ -44.17801038, -18.91217548, 664.625964912281461 ], [ -44.1787843, -18.91378564, 664.625964912281461 ], [ -44.17775381, -18.91718594, 664.625964912281461 ], [ -44.17797368, -18.9189116, 664.625964912281461 ], [ -44.177728918497507, -18.918927763495503, 664.625964912281461 ], [ -44.1789018, -18.92064238, 664.625964912281461 ], [ -44.17955803, -18.9240609, 664.625964912281461 ], [ -44.17832829, -18.92454669, 664.625964912281461 ], [ -44.17660101, -18.92581383, 664.625964912281461 ], [ -44.17546831, -18.92754529, 664.625964912281461 ], [ -44.17388571, -18.92764676, 664.625964912281461 ], [ -44.172853257742318, -18.927277420115043, 664.625964912281461 ], [ -44.17285191, -18.92769144, 664.625964912281461 ], [ -44.17186996, -18.92815908, 664.625964912281461 ], [ -44.16967939, -18.92999977, 664.625964912281461 ], [ -44.17199602, -18.93255718, 664.625964912281461 ], [ -44.17401112, -18.93354225, 664.625964912281461 ], [ -44.174687450000029, -18.93516781309096, 664.625964912281461 ], [ -44.17617546, -18.93621772, 664.625964912281461 ], [ -44.176100561942469, -18.937528370244184, 664.625964912281461 ], [ -44.17663644, -18.93823144, 664.625964912281461 ], [ -44.17997312, -18.9410424, 664.625964912281461 ], [ -44.18298256, -18.94211528, 664.625964912281461 ], [ -44.18255341, -18.94300577, 664.625964912281461 ], [ -44.18106746, -18.9428663, 664.625964912281461 ], [ -44.180992757145731, -18.944174027925008, 664.625964912281461 ], [ -44.18188053, -18.94437467, 664.625964912281461 ], [ -44.18176239, -18.94515866, 664.625964912281461 ], [ -44.1835093, -18.94441168, 664.625964912281461 ], [ -44.18431676, -18.94465672, 664.625964912281461 ], [ -44.18499353, -18.94338474, 664.625964912281461 ], [ -44.18486221, -18.94250893, 664.625964912281461 ], [ -44.18521145, -18.94172502, 664.625964912281461 ], [ -44.18308262, -18.9399815, 664.625964912281461 ], [ -44.18247258, -18.93864839, 664.625964912281461 ], [ -44.18183295, -18.938266079999988, 664.625964912281461 ], [ -44.18101817, -18.93862047, 664.625964912281461 ], [ -44.179859529010095, -18.938648712776175, 664.625964912281461 ], [ -44.179262, -18.939945, 664.625964912281461 ], [ -44.177812, -18.939069, 664.625964912281461 ], [ -44.176176, -18.937446, 664.625964912281461 ], [ -44.177134, -18.935617, 664.625964912281461 ], [ -44.180228302704307, -18.934656967257887, 664.625964912281461 ], [ -44.17974688, -18.93320426, 664.625964912281461 ], [ -44.17921443, -18.9329554, 664.625964912281461 ], [ -44.17716491, -18.93371207, 664.625964912281461 ], [ -44.17600541, -18.93503664, 664.625964912281461 ], [ -44.17554185, -18.93487609, 664.625964912281461 ], [ -44.17655909, -18.93343609, 664.625964912281461 ], [ -44.17882699, -18.93255692, 664.625964912281461 ], [ -44.17815767, -18.93182889, 664.625964912281461 ], [ -44.17787404, -18.93009297, 664.625964912281461 ], [ -44.17744161, -18.9293845, 664.625964912281461 ], [ -44.17766584, -18.92816377, 664.625964912281461 ], [ -44.18081489, -18.92505634, 664.625964912281461 ], [ -44.18190923, -18.92520654, 664.625964912281461 ], [ -44.181605521774252, -18.927411566720473, 728.08175979113696 ], [ -44.18191722, -18.92521608, 664.625964912281461 ], [ -44.182359528639815, -18.925180065159626, 727.97416522180481 ], [ -44.17982041, -18.92435258, 664.625964912281461 ], [ -44.17893336, -18.92066772, 664.625964912281461 ], [ -44.17800726, -18.91840635, 664.625964912281461 ], [ -44.1780239, -18.91783138, 664.625964912281461 ], [ -44.18907079, -18.91269829, 664.625964912281461 ], [ -44.189061712761315, -18.916595448811847, 664.625964912281461 ], [ -44.18945787, -18.91632898, 664.625964912281461 ], [ -44.18919704, -18.90917413, 664.625964912281461 ], [ -44.18866125, -18.9084794, 664.625964912281461 ], [ -44.18727436, -18.90759282, 664.625964912281461 ], [ -44.18695874, -18.90701574, 664.625964912281461 ], [ -44.18251175, -18.90812354, 664.625964912281461 ], [ -44.18197023, -18.9083785, 664.625964912281461 ], [ -44.18040136, -18.91013833, 664.625964912281461 ], [ -44.17990831, -18.90987107, 664.625964912281461 ], [ -44.18173767, -18.90787404, 664.625964912281461 ], [ -44.18471965, -18.90685133, 664.625964912281461 ], [ -44.18688236, -18.90645679, 664.625964912281461 ], [ -44.18775517, -18.90450067, 664.625964912281461 ], [ -44.18981068, -18.90367638, 664.625964912281461 ], [ -44.19092016, -18.90232214, 664.625964912281461 ], [ -44.19114229, -18.90158576, 664.625964912281461 ], [ -44.190568106048346, -18.900391416879692, 664.625964912281461 ], [ -44.19032659955338, -18.900458061639654, 664.625964912281461 ], [ -44.19085582, -18.90138138, 664.625964912281461 ], [ -44.19064473, -18.90188932, 664.625964912281461 ], [ -44.18958201, -18.90231478, 664.625964912281461 ], [ -44.18796231, -18.90228845, 664.625964912281461 ], [ -44.18731441, -18.90263696, 664.625964912281461 ], [ -44.18670102, -18.89950615, 664.625964912281461 ], [ -44.1883299, -18.89760131, 664.625964912281461 ], [ -44.19036798, -18.89642368, 664.625964912281461 ], [ -44.19045737, -18.8967748, 664.625964912281461 ], [ -44.191642316897095, -18.897526897806596, 664.625964912281461 ], [ -44.19202281, -18.8971603, 664.625964912281461 ], [ -44.19319121, -18.89745383, 664.625964912281461 ], [ -44.194054361925353, -18.897086502052566, 664.625964912281461 ], [ -44.19287093, -18.89696554, 664.625964912281461 ], [ -44.19198755, -18.8958828, 664.625964912281461 ], [ -44.19054558, -18.8956287, 664.625964912281461 ], [ -44.19056196, -18.89460969, 664.625964912281461 ], [ -44.192908534467549, -18.893647239462258, 561.341079769464386 ], [ -44.19118334, -18.89416675, 561.341079769464386 ], [ -44.18978524, -18.89505106, 664.625964912281461 ], [ -44.18884135, -18.89316682, 561.341079769464386 ], [ -44.19112272, -18.8923538, 561.341079769464386 ], [ -44.19159666, -18.89332878, 561.341079769464386 ], [ -44.192585641502284, -18.89313776944913, 561.341079769464386 ], [ -44.19198974, -18.89207209, 561.341079769464386 ], [ -44.19205471, -18.89147704, 561.341079769464386 ], [ -44.19141863, -18.8913966, 561.341079769464386 ], [ -44.19112361, -18.89069697, 561.341079769464386 ], [ -44.19134156, -18.88926792, 561.341079769464386 ], [ -44.19106813, -18.88843946, 561.341079769464386 ], [ -44.18982698, -18.88851081, 561.341079769464386 ], [ -44.18721372, -18.88793314, 561.341079769464386 ], [ -44.18507033, -18.88788051, 561.341079769464386 ], [ -44.183836955356924, -18.890774672678496, 561.341079769464386 ], [ -44.18457306, -18.89115169, 561.341079769464386 ], [ -44.18447638, -18.89156552, 561.341079769464386 ], [ -44.18335255, -18.89374922, 561.341079769464386 ], [ -44.182800825645657, -18.893488488441335, 561.341079769464386 ], [ -44.18196512, -18.89461409, 664.625964912281461 ], [ -44.18094804, -18.89537679, 664.625964912281461 ], [ -44.18246599, -18.89644607, 664.625964912281461 ], [ -44.18324567, -18.89939116, 664.625964912281461 ], [ -44.1829334, -18.89951936, 664.625964912281461 ], [ -44.18265707, -18.89926243, 664.625964912281461 ], [ -44.18197344, -18.89671919, 664.625964912281461 ], [ -44.18072193, -18.89589121, 664.625964912281461 ], [ -44.17963665, -18.89780083, 664.625964912281461 ], [ -44.18158018, -18.90127595, 664.625964912281461 ], [ -44.1816595, -18.90398693, 664.625964912281461 ], [ -44.18112593, -18.90395124, 664.625964912281461 ], [ -44.18103963, -18.90145551, 664.625964912281461 ], [ -44.17952936, -18.89873551, 664.625964912281461 ], [ -44.17893852, -18.89949358, 664.625964912281461 ], [ -44.1791498, -18.90237905, 664.625964912281461 ], [ -44.18052847, -18.90399517, 664.625964912281461 ], [ -44.18018446, -18.90411434, 664.625964912281461 ], [ -44.17909588, -18.903433, 664.625964912281461 ], [ -44.17861973, -18.90258239, 664.625964912281461 ], [ -44.17845765, -18.89986819, 664.625964912281461 ], [ -44.1774299, -18.90074771, 664.625964912281461 ], [ -44.17728201, -18.90276565, 664.625964912281461 ], [ -44.17682618, -18.90289554, 664.625964912281461 ], [ -44.17692558, -18.90103483, 664.625964912281461 ], [ -44.17561075, -18.90174654, 664.625964912281461 ], [ -44.17529848, -18.90134731, 664.625964912281461 ], [ -44.17769902, -18.89992431, 664.625964912281461 ], [ -44.17886986, -18.89878618, 664.625964912281461 ], [ -44.17919977, -18.89723065, 664.625964912281461 ], [ -44.18044879, -18.89507904, 664.625964912281461 ], [ -44.18153697, -18.89425591, 561.341079769464386 ], [ -44.182259408026709, -18.893258682861415, 561.341079769464386 ], [ -44.1791532, -18.89089278, 561.341079769464386 ], [ -44.18022787, -18.88963189, 561.341079769464386 ], [ -44.17968008, -18.88876769, 561.341079769464386 ], [ -44.183317162008905, -18.890538648424286, 561.341079769464386 ], [ -44.183541732852078, -18.889821746141489, 561.341079769464386 ], [ -44.18280556, -18.88994444, 561.341079769464386 ], [ -44.18144444, -18.88913889, 561.341079769464386 ], [ -44.18286111, -18.88808333, 561.341079769464386 ], [ -44.18409048570841, -18.888736596403024, 561.341079769464386 ], [ -44.18457462, -18.8875953, 561.341079769464386 ], [ -44.18312492, -18.88683149, 561.341079769464386 ], [ -44.18286021, -18.88587549, 561.341079769464386 ], [ -44.18229029, -18.88555303, 561.341079769464386 ], [ -44.181553081834679, -18.884146149589899, 561.341079769464386 ], [ -44.18129213, -18.88582711, 561.341079769464386 ], [ -44.17995383, -18.88882015, 561.341079769464386 ], [ -44.17686122, -18.88627464, 561.341079769464386 ], [ -44.1747993, -18.88369652, 561.341079769464386 ], [ -44.18248138, -18.87940496, 561.341079769464386 ], [ -44.18322507, -18.88030248, 561.341079769464386 ], [ -44.183184368437715, -18.880610026852871, 561.341079769464386 ], [ -44.18334337, -18.88050152, 561.341079769464386 ], [ -44.18395596, -18.87941023, 561.341079769464386 ], [ -44.18383479, -18.87816299, 561.341079769464386 ], [ -44.18329406, -18.87775995, 561.341079769464386 ], [ -44.183226621647862, -18.876231402424153, 561.341079769464386 ], [ -44.17368007, -18.88264403, 561.341079769464386 ], [ -44.17044089, -18.87995707, 561.341079769464386 ], [ -44.172187944872753, -18.878491441682201, 561.341079769464386 ], [ -44.17043438, -18.87995962, 561.341079769464386 ], [ -44.16613727, -18.8763102, 561.341079769464386 ], [ -44.16505475, -18.87569803, 561.341079769464386 ], [ -44.16439901, -18.8733533, 561.341079769464386 ], [ -44.164024647537921, -18.872669080087832, 561.341079769464386 ], [ -44.16490141, -18.87564245, 561.341079769464386 ], [ -44.1666627, -18.87705023, 561.341079769464386 ] ] ] } },
{ "type": "Feature", "properties": { "area_ha": 798.8, "proveniencia": "limite_municipal − cadastro − exclusoes", "veg_nativa_pct": 33.9, "silvicultura_pct": 0.0, "uso_antropico_pct": 65.4, "supressao_ha": 6.3, "regeneracao_ha": 5.4, "titularidade": "sem_registro_conhecido", "municipio": "Curvelo", "codigo_ibge": "3120904", "largura_media_m": 226.0, "compacidade": 0.02, "ponto_lat": -18.918945, "ponto_lon": -44.157027, "utm_e": 588768.2, "utm_n": 7907929.4 }, "geometry": { "type": "Polygon", "coordinates": [ [ [ -44.117798543660534, -18.934268739247319, 664.625964912281461 ], [ -44.11739479, -18.92779895, 664.625964912281461 ], [ -44.11678317, -18.92687383, 664.625964912281461 ], [ -44.11559075, -18.92669122, 664.625964912281461 ], [ -44.11545849, -18.92624299, 664.625964912281461 ], [ -44.1171253, -18.92643385, 664.625964912281461 ], [ -44.11794558, -18.92765519, 664.625964912281461 ], [ -44.1210525, -18.92578595, 664.625964912281461 ], [ -44.12404358, -18.92317619, 664.625964912281461 ], [ -44.12430509, -18.92355456, 664.625964912281461 ], [ -44.12327942, -18.92478883, 664.625964912281461 ], [ -44.11851381, -18.92787567, 664.625964912281461 ], [ -44.11795392, -18.92893219, 664.625964912281461 ], [ -44.11802721, -18.93104232, 664.625964912281461 ], [ -44.11895556, -18.93040458, 664.625964912281461 ], [ -44.12037153, -18.92999739, 664.625964912281461 ], [ -44.12255591, -18.9300298, 664.625964912281461 ], [ -44.12240667, -18.93041999, 664.625964912281461 ], [ -44.12051569, -18.93052313, 664.625964912281461 ], [ -44.11919459, -18.93090067, 664.625964912281461 ], [ -44.11809518, -18.93158475, 664.625964912281461 ], [ -44.118368352840562, -18.934222272008988, 664.625964912281461 ], [ -44.11860466, -18.93381107, 664.625964912281461 ], [ -44.11929131, -18.93401403, 664.625964912281461 ], [ -44.12186623, -18.93580013, 664.625964912281461 ], [ -44.12212372, -18.93563776, 664.625964912281461 ], [ -44.12508488, -18.93612487, 664.625964912281461 ], [ -44.12817478, -18.93303979, 664.625964912281461 ], [ -44.12832499, -18.93157842, 664.625964912281461 ], [ -44.13017373642257, -18.931463944158295, 664.625964912281461 ], [ -44.1293037, -18.93032163, 664.625964912281461 ], [ -44.12893916, -18.92911633, 664.625964912281461 ], [ -44.12896041, -18.92707601, 664.625964912281461 ], [ -44.12947649, -18.92730699, 664.625964912281461 ], [ -44.12946207, -18.92885753, 664.625964912281461 ], [ -44.1298346, -18.93010536, 664.625964912281461 ], [ -44.130812023757215, -18.931424416575158, 664.625964912281461 ], [ -44.13135834, -18.9311821, 664.625964912281461 ], [ -44.13183432, -18.93064801, 664.625964912281461 ], [ -44.13229214, -18.92799179, 664.625964912281461 ], [ -44.13072886, -18.92586427, 664.625964912281461 ], [ -44.13125551, -18.92578171, 664.625964912281461 ], [ -44.13253861, -18.92725845, 664.625964912281461 ], [ -44.13292376, -18.92520672, 664.625964912281461 ], [ -44.13319091, -18.92497064, 664.625964912281461 ], [ -44.13350829, -18.92522408, 664.625964912281461 ], [ -44.13334225, -18.92659706, 664.625964912281461 ], [ -44.13431233, -18.92607693, 664.625964912281461 ], [ -44.13466233, -18.92635641, 664.625964912281461 ], [ -44.13368389, -18.92708865, 664.625964912281461 ], [ -44.13314984, -18.92712358, 664.625964912281461 ], [ -44.13279055, -18.92904017, 664.625964912281461 ], [ -44.13639752, -18.92800624, 664.625964912281461 ], [ -44.13685847, -18.92831574, 664.625964912281461 ], [ -44.13498796, -18.92912233, 664.625964912281461 ], [ -44.13269179, -18.92962443, 664.625964912281461 ], [ -44.13240829, -18.93044881, 664.625964912281461 ], [ -44.13349205, -18.92989128, 664.625964912281461 ], [ -44.13573198, -18.9293829, 664.625964912281461 ], [ -44.13588121, -18.92977309, 664.625964912281461 ], [ -44.13527967, -18.93008509, 664.625964912281461 ], [ -44.135994694737498, -18.931121399408521, 664.625964912281461 ], [ -44.1375541, -18.93098256, 664.625964912281461 ], [ -44.13890362, -18.93125366, 664.625964912281461 ], [ -44.13997791, -18.9321574, 664.625964912281461 ], [ -44.14119959, -18.93267445, 664.625964912281461 ], [ -44.14188623, -18.93391255, 664.625964912281461 ], [ -44.143627042516627, -18.933962612140451, 664.625964912281461 ], [ -44.141612931761941, -18.930367285316862, 664.625964912281461 ], [ -44.13969851, -18.92990827, 664.625964912281461 ], [ -44.13994749, -18.92946552, 664.625964912281461 ], [ -44.141217386877997, -18.929661190474533, 664.625964912281461 ], [ -44.14028024, -18.92841002, 664.625964912281461 ], [ -44.13796775, -18.92686539, 664.625964912281461 ], [ -44.13807436, -18.92641685, 664.625964912281461 ], [ -44.140082107354992, -18.927634544700158, 664.625964912281461 ], [ -44.13948298, -18.92656499, 664.625964912281461 ], [ -44.14795876, -18.92646351, 664.625964912281461 ], [ -44.15111417, -18.92794, 648.157 ], [ -44.151035, -18.93009278, 639.177 ], [ -44.151607706238117, -18.931469041748045, 610.670627982283122 ], [ -44.152219193371472, -18.931152588292289, 664.625964912281461 ], [ -44.1519928, -18.92790463, 664.625964912281461 ], [ -44.15637016, -18.92739719, 664.625964912281461 ], [ -44.156946965044888, -18.927163356304501, 664.625964912281461 ], [ -44.15713262, -18.92651484, 664.625964912281461 ], [ -44.157601958015462, -18.926608917559495, 664.625964912281461 ], [ -44.15812969, -18.92607785, 664.625964912281461 ], [ -44.15900946, -18.92680856, 664.625964912281461 ], [ -44.15926695, -18.92859474, 664.625964912281461 ], [ -44.158988, -18.92950811, 664.625964912281461 ], [ -44.16036688, -18.93014307, 664.625964912281461 ], [ -44.1609498, -18.92912554, 664.625964912281461 ], [ -44.16096548, -18.92823661, 664.625964912281461 ], [ -44.16156598, -18.92760331, 664.625964912281461 ], [ -44.16057163, -18.92515991, 664.625964912281461 ], [ -44.1608365, -18.92442923, 664.625964912281461 ], [ -44.15804, -18.92354523, 664.625964912281461 ], [ -44.15788939, -18.92311919, 664.625964912281461 ], [ -44.15859736, -18.92315167, 664.625964912281461 ], [ -44.15859208, -18.92272587, 664.625964912281461 ], [ -44.15890439, -18.92259766, 664.625964912281461 ], [ -44.15921255, -18.92333324, 664.625964912281461 ], [ -44.16105213, -18.92392664, 664.625964912281461 ], [ -44.16154188, -18.9208637, 664.625964912281461 ], [ -44.16205996, -18.92103032, 664.625964912281461 ], [ -44.161700918784497, -18.923566003607853, 664.625964912281461 ], [ -44.16306352, -18.92218761, 664.625964912281461 ], [ -44.164648573100344, -18.921712845061979, 664.625964912281461 ], [ -44.16487119, -18.92046371, 664.625964912281461 ], [ -44.166168602469227, -18.919937234214729, 664.625964912281461 ], [ -44.16487463, -18.91980026, 664.625964912281461 ], [ -44.16228366, -18.91880261, 664.625964912281461 ], [ -44.16164839, -18.91894052, 664.625964912281461 ], [ -44.16001857, -18.92088333, 664.625964912281461 ], [ -44.16116547, -18.91800767, 664.625964912281461 ], [ -44.16031821, -18.91588645, 664.625964912281461 ], [ -44.161210400382942, -18.91556896592995, 664.625964912281461 ], [ -44.15897829, -18.91625443, 664.625964912281461 ], [ -44.1571249, -18.91576973, 664.625964912281461 ], [ -44.15472518519006, -18.914294427858717, 664.625964912281461 ], [ -44.1543018, -18.91442767, 664.625964912281461 ], [ -44.15411834868555, -18.913921346663468, 664.625964912281461 ], [ -44.152849203367133, -18.913141068500991, 664.625964912281461 ], [ -44.15300315, -18.91373831, 664.625964912281461 ], [ -44.15257385, -18.91388702, 664.625964912281461 ], [ -44.152130838552182, -18.912699406562066, 664.625964912281461 ], [ -44.149460722005095, -18.911057733132953, 664.625964912281461 ], [ -44.14947953, -18.91156475, 664.625964912281461 ], [ -44.14907642, -18.91165568, 664.625964912281461 ], [ -44.148846297624537, -18.910679955481381, 664.625964912281461 ], [ -44.14372119, -18.90752865, 664.625964912281461 ], [ -44.143565288819623, -18.904337975084644, 664.625964912281461 ], [ -44.1429527, -18.90582039, 664.625964912281461 ], [ -44.14244385, -18.90570561, 664.625964912281461 ], [ -44.143346741400762, -18.903767821778484, 664.625964912281461 ], [ -44.14294913, -18.90342399, 664.625964912281461 ], [ -44.14327714, -18.90309424, 664.625964912281461 ], [ -44.142943257307053, -18.901643275706771, 664.625964912281461 ], [ -44.14139824, -18.90157542, 664.625964912281461 ], [ -44.13909283, -18.90443561, 664.625964912281461 ], [ -44.1384734, -18.90463132, 664.625964912281461 ], [ -44.13833071, -18.90532075, 664.625964912281461 ], [ -44.13884438, -18.90577734, 664.625964912281461 ], [ -44.13891354, -18.90649438, 664.625964912281461 ], [ -44.14269793, -18.9091224, 664.625964912281461 ], [ -44.1441802, -18.91100415, 664.625964912281461 ], [ -44.14537965, -18.91348015, 664.625964912281461 ], [ -44.15041601, -18.91411155, 664.625964912281461 ], [ -44.15015628, -18.91455757, 664.625964912281461 ], [ -44.14627485, -18.91424776, 664.625964912281461 ], [ -44.14638578, -18.9149788, 664.625964912281461 ], [ -44.1491301, -18.91554719, 664.625964912281461 ], [ -44.15039005, -18.91632991, 664.625964912281461 ], [ -44.14999374, -18.91666406, 664.625964912281461 ], [ -44.14894231, -18.91606004, 664.625964912281461 ], [ -44.14643685, -18.91552193, 664.625964912281461 ], [ -44.14644598, -18.91694396, 664.625964912281461 ], [ -44.14694486, -18.91816377, 664.625964912281461 ], [ -44.1476588, -18.91887072, 664.625964912281461 ], [ -44.15036911, -18.92052075, 664.625964912281461 ], [ -44.15206526, -18.92097119, 664.625964912281461 ], [ -44.15255901, -18.92081211, 664.625964912281461 ], [ -44.15251829, -18.91955541, 664.625964912281461 ], [ -44.15315892, -18.91731651, 664.625964912281461 ], [ -44.15345348, -18.91715466, 664.625964912281461 ], [ -44.15370749, -18.91780502, 664.625964912281461 ], [ -44.15307089, -18.91969004, 664.625964912281461 ], [ -44.15309427, -18.92051164, 664.625964912281461 ], [ -44.15559402, -18.9191134, 664.625964912281461 ], [ -44.15760216, -18.91926954, 664.625964912281461 ], [ -44.15871085, -18.91972798, 664.625964912281461 ], [ -44.1585037, -18.920184989999989, 664.625964912281461 ], [ -44.15743605, -18.91979181, 664.625964912281461 ], [ -44.15555323, -18.91968511, 664.625964912281461 ], [ -44.15219024, -18.92150643, 664.625964912281461 ], [ -44.15285405, -18.92295415, 664.625964912281461 ], [ -44.15348235, -18.9233028, 664.625964912281461 ], [ -44.15748662, -18.92435611, 664.625964912281461 ], [ -44.15727645, -18.92483005, 664.625964912281461 ], [ -44.15569574, -18.92456641, 664.625964912281461 ], [ -44.15698245, -18.92549606, 664.625964912281461 ], [ -44.15700374, -18.92584389, 664.625964912281461 ], [ -44.15595857, -18.92563315, 664.625964912281461 ], [ -44.15494355, -18.92438965, 664.625964912281461 ], [ -44.15289319, -18.92360334, 664.625964912281461 ], [ -44.15269565, -18.92493213, 664.625964912281461 ], [ -44.15320541, -18.92620505, 664.625964912281461 ], [ -44.1526815, -18.92639761, 664.625964912281461 ], [ -44.15221381, -18.92554111, 664.625964912281461 ], [ -44.15231515, -18.9231554, 664.625964912281461 ], [ -44.15180479, -18.92191823, 664.625964912281461 ], [ -44.15144645, -18.92147693, 664.625964912281461 ], [ -44.15008766, -18.92099369, 664.625964912281461 ], [ -44.14754029, -18.91944101, 664.625964912281461 ], [ -44.14739585, -18.91987815, 664.625964912281461 ], [ -44.14828271, -18.92111944, 664.625964912281461 ], [ -44.14805785, -18.92297678, 664.625964912281461 ], [ -44.14828133, -18.9249905, 664.625964912281461 ], [ -44.14772963, -18.92494164, 664.625964912281461 ], [ -44.14748815, -18.92299042, 664.625964912281461 ], [ -44.14771627, -18.921233459999989, 664.625964912281461 ], [ -44.14715139, -18.92049236, 664.625964912281461 ], [ -44.14604558, -18.92130256, 664.625964912281461 ], [ -44.14291458, -18.92540926, 664.625964912281461 ], [ -44.14208915, -18.92575743, 664.625964912281461 ], [ -44.14211415, -18.92531822, 664.625964912281461 ], [ -44.14369347, -18.92375287, 664.625964912281461 ], [ -44.14109507, -18.92368558, 664.625964912281461 ], [ -44.14084968, -18.92321655, 664.625964912281461 ], [ -44.14401367, -18.92329975, 664.625964912281461 ], [ -44.14558072, -18.92098115, 664.625964912281461 ], [ -44.14391254, -18.92107543, 664.625964912281461 ], [ -44.14285172, -18.921475, 664.625964912281461 ], [ -44.14253236, -18.92135989, 664.625964912281461 ], [ -44.14253236, -18.9210362, 664.625964912281461 ], [ -44.14477262, -18.92040303, 664.625964912281461 ], [ -44.14604472, -18.92061458, 664.625964912281461 ], [ -44.1466421, -18.92024424, 664.625964912281461 ], [ -44.1470822, -18.91909848, 664.625964912281461 ], [ -44.14640945, -18.91836699, 664.625964912281461 ], [ -44.14586922, -18.91700255, 664.625964912281461 ], [ -44.14451172, -18.917723719999987, 664.625964912281461 ], [ -44.14414507, -18.9185275, 664.625964912281461 ], [ -44.14252695, -18.9196738, 664.625964912281461 ], [ -44.14118701, -18.92127749, 664.625964912281461 ], [ -44.14074246, -18.92117722, 664.625964912281461 ], [ -44.1415752, -18.9198463, 664.625964912281461 ], [ -44.14368399, -18.91819711, 664.625964912281461 ], [ -44.14411489, -18.91733432, 664.625964912281461 ], [ -44.14580951, -18.91642767, 664.625964912281461 ], [ -44.14569674, -18.91408677, 664.625964912281461 ], [ -44.14492193, -18.9138198, 664.625964912281461 ], [ -44.14269402, -18.91584878, 664.625964912281461 ], [ -44.14225917, -18.91684632, 664.625964912281461 ], [ -44.14125557, -18.91796726, 664.625964912281461 ], [ -44.14085048, -18.91886859, 664.625964912281461 ], [ -44.14076224, -18.92012082, 664.625964912281461 ], [ -44.13982478, -18.92177339, 664.625964912281461 ], [ -44.13937153, -18.9223659, 664.625964912281461 ], [ -44.1389684, -18.92227497, 664.625964912281461 ], [ -44.14021388, -18.91995084, 664.625964912281461 ], [ -44.14029451, -18.91872758, 664.625964912281461 ], [ -44.14086987, -18.91749066, 664.625964912281461 ], [ -44.141781, -18.9165493, 664.625964912281461 ], [ -44.14249504, -18.91522122, 664.625964912281461 ], [ -44.14462024, -18.91335846, 664.625964912281461 ], [ -44.1436004, -18.91113767, 664.625964912281461 ], [ -44.14137031, -18.90870504, 664.625964912281461 ], [ -44.14114435, -18.90854602, 664.625964912281461 ], [ -44.14043426, -18.90975729, 664.625964912281461 ], [ -44.13993898, -18.90982601, 664.625964912281461 ], [ -44.14066082, -18.9082592, 664.625964912281461 ], [ -44.13887515, -18.90721696, 664.625964912281461 ], [ -44.13897935, -18.90826555, 664.625964912281461 ], [ -44.1384862, -18.90887984, 664.625964912281461 ], [ -44.13805208, -18.91072362, 664.625964912281461 ], [ -44.14045725, -18.91235135, 664.625964912281461 ], [ -44.14093379, -18.91317616, 664.625964912281461 ], [ -44.14033637, -18.9132115, 664.625964912281461 ], [ -44.1405008, -18.91437672, 664.625964912281461 ], [ -44.13990089, -18.91475027, 664.625964912281461 ], [ -44.13988039, -18.91360242, 664.625964912281461 ], [ -44.13940575, -18.91236876, 664.625964912281461 ], [ -44.1378403, -18.91125478, 664.625964912281461 ], [ -44.13758625, -18.91180666, 664.625964912281461 ], [ -44.13855671, -18.91299496, 664.625964912281461 ], [ -44.13855252, -18.9137715, 664.625964912281461 ], [ -44.13806261, -18.913826, 664.625964912281461 ], [ -44.13803342, -18.91321373, 664.625964912281461 ], [ -44.13746246, -18.91234368, 664.625964912281461 ], [ -44.13646606, -18.91389682, 664.625964912281461 ], [ -44.1377275, -18.91445898, 664.625964912281461 ], [ -44.13819987, -18.91518084, 664.625964912281461 ], [ -44.13880605, -18.91796781, 664.625964912281461 ], [ -44.13871674, -18.91931148, 664.625964912281461 ], [ -44.13930352, -18.92066065, 664.625964912281461 ], [ -44.13879701, -18.92198439, 664.625964912281461 ], [ -44.13826878, -18.92184228, 664.625964912281461 ], [ -44.13872976, -18.92069348, 664.625964912281461 ], [ -44.13835492, -18.91980188, 664.625964912281461 ], [ -44.13713586, -18.92177351, 664.625964912281461 ], [ -44.13658774, -18.92166867, 664.625964912281461 ], [ -44.13825684, -18.91897676, 664.625964912281461 ], [ -44.13815452, -18.91750999, 664.625964912281461 ], [ -44.1368561, -18.91862522, 664.625964912281461 ], [ -44.13637036, -18.91846384, 664.625964912281461 ], [ -44.13725639, -18.91732832, 664.625964912281461 ], [ -44.13799764, -18.91696053, 664.625964912281461 ], [ -44.13754238, -18.91502103, 664.625964912281461 ], [ -44.1361318, -18.91435474, 664.625964912281461 ], [ -44.1347148, -18.91555613, 664.625964912281461 ], [ -44.13568608, -18.91751693, 664.625964912281461 ], [ -44.135563, -18.91790164, 664.625964912281461 ], [ -44.13515988, -18.91781071, 664.625964912281461 ], [ -44.13433016, -18.91608524, 664.625964912281461 ], [ -44.13402284, -18.91703902, 664.625964912281461 ], [ -44.13440748, -18.91771195, 664.625964912281461 ], [ -44.13635728, -18.91893549, 664.625964912281461 ], [ -44.13598706, -18.9192679, 664.625964912281461 ], [ -44.13395833, -18.91804537, 664.625964912281461 ], [ -44.13396297, -18.91908017, 664.625964912281461 ], [ -44.1356726, -18.92363195, 664.625964912281461 ], [ -44.13579079, -18.92473994, 664.625964912281461 ], [ -44.1369432, -18.92572941, 664.625964912281461 ], [ -44.13698269, -18.92605091, 664.625964912281461 ], [ -44.13658349, -18.926185, 664.625964912281461 ], [ -44.13553794, -18.92546546, 664.625964912281461 ], [ -44.13506221, -18.92365436, 664.625964912281461 ], [ -44.13484861, -18.925428889999989, 664.625964912281461 ], [ -44.13432561, -18.92542889, 664.625964912281461 ], [ -44.1343598, -18.92378539, 664.625964912281461 ], [ -44.13475236, -18.92305014, 664.625964912281461 ], [ -44.13339244, -18.91888106, 664.625964912281461 ], [ -44.13282303, -18.92017757, 664.625964912281461 ], [ -44.13272647, -18.92198938, 664.625964912281461 ], [ -44.13192378, -18.9237932, 664.625964912281461 ], [ -44.1315923, -18.92398077, 664.625964912281461 ], [ -44.13134105, -18.92369582, 664.625964912281461 ], [ -44.13218653, -18.92147749, 664.625964912281461 ], [ -44.13137433, -18.92224432, 664.625964912281461 ], [ -44.13088759, -18.92444849, 664.625964912281461 ], [ -44.13039612, -18.92427826, 664.625964912281461 ], [ -44.13070968, -18.92266156, 664.625964912281461 ], [ -44.13014126, -18.92309037, 664.625964912281461 ], [ -44.12965088, -18.92448327, 664.625964912281461 ], [ -44.12921529, -18.92450741, 664.625964912281461 ], [ -44.12917944, -18.92369712, 664.625964912281461 ], [ -44.1296594, -18.92279621, 664.625964912281461 ], [ -44.13202928, -18.92091171, 664.625964912281461 ], [ -44.13269669, -18.91900322, 664.625964912281461 ], [ -44.13024067, -18.9194413, 664.625964912281461 ], [ -44.12973153, -18.92000773, 664.625964912281461 ], [ -44.12938554, -18.91977838, 664.625964912281461 ], [ -44.12962298, -18.91919775, 664.625964912281461 ], [ -44.13201772, -18.91840767, 664.625964912281461 ], [ -44.13303941, -18.91845563, 664.625964912281461 ], [ -44.13395294, -18.91554152, 664.625964912281461 ], [ -44.13580826, -18.91390091, 664.625964912281461 ], [ -44.13692021, -18.91217263, 664.625964912281461 ], [ -44.1379471, -18.90870152, 664.625964912281461 ], [ -44.13841401, -18.90814962, 664.625964912281461 ], [ -44.13835109, -18.90610052, 664.625964912281461 ], [ -44.13776464, -18.90542465, 664.625964912281461 ], [ -44.13790708, -18.90469253, 664.625964912281461 ], [ -44.136974683562343, -18.904409241567752, 664.625964912281461 ], [ -44.13574579, -18.90664422, 664.625964912281461 ], [ -44.13348108, -18.91313424, 664.625964912281461 ], [ -44.13135015, -18.91427284, 664.625964912281461 ], [ -44.130179347166788, -18.912120830539084, 664.625964912281461 ], [ -44.13129202, -18.91422144, 664.625964912281461 ], [ -44.12886143, -18.91848637, 664.625964912281461 ], [ -44.12862539, -18.9194404, 664.625964912281461 ], [ -44.12891625, -18.92038034, 664.625964912281461 ], [ -44.12838936, -18.92319556, 664.625964912281461 ], [ -44.12733793, -18.92169351, 664.625964912281461 ], [ -44.12126541, -18.9228708, 664.625964912281461 ], [ -44.11877632, -18.92248513, 664.625964912281461 ], [ -44.11538601, -18.92142963, 664.625964912281461 ], [ -44.115063309919712, -18.922404512582112, 664.625964912281461 ], [ -44.11603543, -18.92351658, 664.625964912281461 ], [ -44.11655451, -18.92497342, 664.625964912281461 ], [ -44.11621079, -18.92527025, 664.625964912281461 ], [ -44.11546004, -18.92363692, 664.625964912281461 ], [ -44.11408668, -18.92245934, 664.625964912281461 ], [ -44.11347216, -18.92439071, 664.625964912281461 ], [ -44.11293258, -18.92442273, 664.625964912281461 ], [ -44.11386996, -18.92140369, 664.625964912281461 ], [ -44.11231275, -18.92137319, 664.625964912281461 ], [ -44.11184058, -18.92386155, 664.625964912281461 ], [ -44.1113606, -18.9239698, 664.625964912281461 ], [ -44.11150808, -18.92217989, 664.625964912281461 ], [ -44.11110098, -18.9222423, 664.625964912281461 ], [ -44.11091408, -18.92197186, 664.625964912281461 ], [ -44.11168055, -18.92127432, 664.625964912281461 ], [ -44.11025806, -18.92015614, 664.625964912281461 ], [ -44.11027152, -18.91914453, 664.625964912281461 ], [ -44.1088739, -18.91962305, 664.625964912281461 ], [ -44.107402275069049, -18.920798058960532, 664.625964912281461 ], [ -44.10723209, -18.92130784, 664.625964912281461 ], [ -44.11006451, -18.9238248, 664.625964912281461 ], [ -44.11118031, -18.92447433, 664.625964912281461 ], [ -44.11190987, -18.92755957, 664.625964912281461 ], [ -44.11594391, -18.93441997, 664.625964912281461 ], [ -44.117798543660534, -18.934268739247319, 664.625964912281461 ] ] ] } },
{ "type": "Feature", "properties": { "area_ha": 556.4, "proveniencia": "limite_municipal − cadastro − exclusoes", "veg_nativa_pct": 29.3, "silvicultura_pct": 0.0, "uso_antropico_pct": 65.8, "supressao_ha": 29.34, "regeneracao_ha": 13.14, "titularidade": "sem_registro_conhecido", "municipio": "Curvelo", "codigo_ibge": "3120904", "largura_media_m": 189.0, "compacidade": 0.02, "ponto_lat": -18.868045, "ponto_lon": -44.151525, "utm_e": 589374.6, "utm_n": 7913559.0 }, "geometry": { "type": "Polygon", "coordinates": [ [ [ -44.172242625783717, -18.846629454503478, 561.341079769464386 ], [ -44.16971173, -18.84756001, 561.341079769464386 ], [ -44.16819422, -18.84893261, 561.341079769464386 ], [ -44.16638575, -18.84982061, 561.341079769464386 ], [ -44.165362737707326, -18.846460957832726, 561.341079769464386 ], [ -44.16439533, -18.84641102, 561.341079769464386 ], [ -44.16186333, -18.8472233, 561.341079769464386 ], [ -44.15763617, -18.84752791, 561.341079769464386 ], [ -44.157845036335289, -18.8467343455853, 611.510504506505185 ], [ -44.15760861, -18.84749167, 614.8 ], [ -44.15715583, -18.84753861, 615.26 ], [ -44.15545306, -18.84733667, 618.01 ], [ -44.154507355473356, -18.846365486519169, 613.414114957835295 ], [ -44.152551605067053, -18.846667829258966, 561.341079769464386 ], [ -44.15325511, -18.84798555, 561.341079769464386 ], [ -44.1561685, -18.84834813, 561.341079769464386 ], [ -44.16009096, -18.85048397, 561.341079769464386 ], [ -44.16136893, -18.84995835, 561.341079769464386 ], [ -44.1616864, -18.84778767, 561.341079769464386 ], [ -44.16197543, -18.84752336, 561.341079769464386 ], [ -44.16229266, -18.84780832, 561.341079769464386 ], [ -44.16193451, -18.84988342, 561.341079769464386 ], [ -44.16462376, -18.84997437, 561.341079769464386 ], [ -44.16434091, -18.85038868, 561.341079769464386 ], [ -44.1612075, -18.85056012, 561.341079769464386 ], [ -44.16036264, -18.85104519, 561.341079769464386 ], [ -44.16049836, -18.85211417, 561.341079769464386 ], [ -44.16107825, -18.85323178, 561.341079769464386 ], [ -44.16245286, -18.85423875, 561.341079769464386 ], [ -44.16483411, -18.85493095, 561.341079769464386 ], [ -44.16576103, -18.85549218, 561.341079769464386 ], [ -44.16646177, -18.85807469, 561.341079769464386 ], [ -44.16607627, -18.85824581, 561.341079769464386 ], [ -44.16564576, -18.85776095, 561.341079769464386 ], [ -44.1653595, -18.85588565, 561.341079769464386 ], [ -44.16386918, -18.8551542, 561.341079769464386 ], [ -44.162464140024063, -18.854864377949486, 561.341079769464386 ], [ -44.16141667, -18.85727696, 561.341079769464386 ], [ -44.16272444, -18.85828412, 561.341079769464386 ], [ -44.16268468, -18.860544, 561.341079769464386 ], [ -44.16215777, -18.86045555, 561.341079769464386 ], [ -44.16219181, -18.85847827, 561.341079769464386 ], [ -44.16095619, -18.85760062, 561.341079769464386 ], [ -44.15998897, -18.8583876, 561.341079769464386 ], [ -44.159289970166313, -18.86015899627046, 561.341079769464386 ], [ -44.16023254, -18.86101132, 561.341079769464386 ], [ -44.16119814, -18.86377284, 561.341079769464386 ], [ -44.16051149, -18.86411803, 561.341079769464386 ], [ -44.16049004, -18.86543786, 561.341079769464386 ], [ -44.15890217, -18.86493023, 561.341079769464386 ], [ -44.15767908, -18.86184384, 561.341079769464386 ], [ -44.15688515, -18.8609504, 561.341079769464386 ], [ -44.15688515, -18.85934626, 561.341079769464386 ], [ -44.15862322, -18.85550843, 561.341079769464386 ], [ -44.160619894405734, -18.853554387186254, 561.341079769464386 ], [ -44.15994406, -18.85224498, 561.341079769464386 ], [ -44.15968208, -18.85086611, 561.341079769464386 ], [ -44.15591885, -18.84885072, 561.341079769464386 ], [ -44.1544439, -18.84873786, 561.341079769464386 ], [ -44.15489673, -18.84973602, 561.341079769464386 ], [ -44.15450922, -18.85586456, 561.341079769464386 ], [ -44.15545386, -18.85752567, 561.341079769464386 ], [ -44.15561448, -18.85836296, 561.341079769464386 ], [ -44.15536333, -18.85861639, 561.341079769464386 ], [ -44.15477769000001, -18.85748574, 561.341079769464386 ], [ -44.15470504, -18.85811636, 561.341079769464386 ], [ -44.15423657, -18.85803772, 561.341079769464386 ], [ -44.15393964, -18.85571163, 561.341079769464386 ], [ -44.15251991, -18.85712525, 561.341079769464386 ], [ -44.15208312, -18.85694587, 561.341079769464386 ], [ -44.15398021, -18.85510036, 561.341079769464386 ], [ -44.1539987, -18.85285969, 561.341079769464386 ], [ -44.15260073, -18.85313144, 561.341079769464386 ], [ -44.15118637, -18.85439104, 561.341079769464386 ], [ -44.15074899, -18.85419159, 561.341079769464386 ], [ -44.15230259, -18.85266555, 561.341079769464386 ], [ -44.15408964, -18.85230252, 561.341079769464386 ], [ -44.15432719, -18.84976695, 561.341079769464386 ], [ -44.15378782, -18.84872358, 561.341079769464386 ], [ -44.15285536, -18.84839126, 561.341079769464386 ], [ -44.15260522, -18.84790693, 561.341079769464386 ], [ -44.15222697, -18.84846667, 561.341079769464386 ], [ -44.15209671, -18.85061268, 561.341079769464386 ], [ -44.15128301, -18.85298281, 561.341079769464386 ], [ -44.15087308, -18.85270021, 561.341079769464386 ], [ -44.15153685, -18.85050913, 561.341079769464386 ], [ -44.15169486, -18.84866274, 561.341079769464386 ], [ -44.15081521, -18.84908408, 561.341079769464386 ], [ -44.15097776, -18.8499836, 561.341079769464386 ], [ -44.15057701, -18.85278399, 561.341079769464386 ], [ -44.1501379, -18.85255112, 561.341079769464386 ], [ -44.15036425, -18.849524509999984, 561.341079769464386 ], [ -44.1492696, -18.8505014, 561.341079769464386 ], [ -44.14865708, -18.85131298, 561.341079769464386 ], [ -44.14929002, -18.8532696, 561.341079769464386 ], [ -44.14902136, -18.85456537, 561.341079769464386 ], [ -44.14868299, -18.85437938, 561.341079769464386 ], [ -44.14866156, -18.8528457, 561.341079769464386 ], [ -44.14820162, -18.85168471, 561.341079769464386 ], [ -44.14810499, -18.85422062, 561.341079769464386 ], [ -44.147682063862703, -18.854407615518028, 622.116411714135779 ], [ -44.14805833, -18.85525222, 627.92 ], [ -44.15059368, -18.8566019, 561.341079769464386 ], [ -44.15283333, -18.85883056, 630.8 ], [ -44.152733330678522, -18.859035558609015, 630.660000949941946 ], [ -44.15391333, -18.85988611, 629.57 ], [ -44.151740816200338, -18.861480993931956, 561.341079769464386 ], [ -44.15375214, -18.86213228, 561.341079769464386 ], [ -44.1540059, -18.86098191, 561.341079769464386 ], [ -44.15436467, -18.86083458, 561.341079769464386 ], [ -44.1545579, -18.86119169, 561.341079769464386 ], [ -44.15432961, -18.86218099, 561.341079769464386 ], [ -44.15618272, -18.86172358, 561.341079769464386 ], [ -44.15621139, -18.86219222, 561.341079769464386 ], [ -44.155024, -18.86251832, 561.341079769464386 ], [ -44.15701023, -18.86352519, 561.341079769464386 ], [ -44.15675907, -18.86381015, 561.341079769464386 ], [ -44.15585617, -18.86371081, 561.341079769464386 ], [ -44.15438236, -18.86277123, 561.341079769464386 ], [ -44.15325897, -18.86268476, 561.341079769464386 ], [ -44.15318295, -18.86466075, 561.341079769464386 ], [ -44.15409886, -18.86575901, 561.341079769464386 ], [ -44.15552591, -18.86663173, 561.341079769464386 ], [ -44.15521249, -18.86685386, 561.341079769464386 ], [ -44.15418425, -18.86650035, 561.341079769464386 ], [ -44.15292865, -18.865184609999989, 561.341079769464386 ], [ -44.15253727, -18.86619504, 561.341079769464386 ], [ -44.15272928, -18.86705804, 561.341079769464386 ], [ -44.15235848, -18.867262, 561.341079769464386 ], [ -44.15196272, -18.8661969, 561.341079769464386 ], [ -44.15261538, -18.86470402, 561.341079769464386 ], [ -44.15269397, -18.86251457, 561.341079769464386 ], [ -44.15229572, -18.86229584, 561.341079769464386 ], [ -44.15069411, -18.86576469, 561.341079769464386 ], [ -44.15042672, -18.86683617, 561.341079769464386 ], [ -44.1507387, -18.86767503, 561.341079769464386 ], [ -44.15045358, -18.86793535, 561.341079769464386 ], [ -44.14989547, -18.86731325, 561.341079769464386 ], [ -44.14996118, -18.86620717, 561.341079769464386 ], [ -44.15172257, -18.86210608, 561.341079769464386 ], [ -44.151258265862218, -18.861835216668702, 561.341079769464386 ], [ -44.14681556, -18.86509639, 627.78 ], [ -44.14912647, -18.86693365, 561.341079769464386 ], [ -44.15025833, -18.86898833, 640.86 ], [ -44.148709427236788, -18.871018205574885, 561.341079769464386 ], [ -44.15020807, -18.87085828, 561.341079769464386 ], [ -44.15352879, -18.86952526, 561.341079769464386 ], [ -44.153946174524989, -18.869165673616916, 561.341079769464386 ], [ -44.15313005, -18.867712, 561.341079769464386 ], [ -44.15377722, -18.86722611, 639.46 ], [ -44.1555925, -18.86681111, 641.79 ], [ -44.15614472, -18.86649333, 645.06 ], [ -44.156464899815461, -18.866190698647621, 645.792068730444271 ], [ -44.15607667, -18.86640833, 645.73 ], [ -44.15591556, -18.86616889, 647.81 ], [ -44.15591972, -18.86531778, 652.39 ], [ -44.15652278, -18.86473833, 649.27 ], [ -44.15718555, -18.86456474, 561.341079769464386 ], [ -44.1588378, -18.86541755, 561.341079769464386 ], [ -44.158111582353584, -18.866686967896818, 561.341079769464386 ], [ -44.15830349, -18.86705694, 561.341079769464386 ], [ -44.157657837786338, -18.867955981634907, 617.725946809490551 ], [ -44.15812694, -18.86880583, 629.66 ], [ -44.16084833, -18.86787056, 646.82 ], [ -44.16061611, -18.86876556, 649.28 ], [ -44.16124194, -18.86989556, 652.8 ], [ -44.16013972, -18.8709625, 657.25 ], [ -44.1589125, -18.86965639, 641.3 ], [ -44.15709389, -18.86987444, 631.84 ], [ -44.156212192926375, -18.869095404279086, 621.239131230382554 ], [ -44.156453120000037, -18.87048386298585, 561.341079769464386 ], [ -44.15821552, -18.87221958, 561.341079769464386 ], [ -44.15761471, -18.87315357, 561.341079769464386 ], [ -44.1569066, -18.87286932, 561.341079769464386 ], [ -44.154232523380955, -18.869671368631725, 561.341079769464386 ], [ -44.15285345, -18.87047038, 561.341079769464386 ], [ -44.1529277, -18.87098254, 561.341079769464386 ], [ -44.15454405, -18.87255936, 561.341079769464386 ], [ -44.15433853, -18.87298867, 561.341079769464386 ], [ -44.15361059, -18.87265609, 561.341079769464386 ], [ -44.15293849, -18.87154309, 561.341079769464386 ], [ -44.15247982, -18.8713331, 561.341079769464386 ], [ -44.15227197, -18.87061261, 561.341079769464386 ], [ -44.15017521, -18.87144046, 561.341079769464386 ], [ -44.14938072, -18.87147768, 561.341079769464386 ], [ -44.1496405, -18.8724749, 561.341079769464386 ], [ -44.15206433, -18.87503554, 561.341079769464386 ], [ -44.1543858, -18.87522837, 561.341079769464386 ], [ -44.15462393, -18.87548631, 561.341079769464386 ], [ -44.154077460000011, -18.87578309, 561.341079769464386 ], [ -44.15186518, -18.87554982, 561.341079769464386 ], [ -44.1502589, -18.87412599, 561.341079769464386 ], [ -44.14945498, -18.87577562, 561.341079769464386 ], [ -44.14982097, -18.87722637, 561.341079769464386 ], [ -44.14953908, -18.87758348, 561.341079769464386 ], [ -44.14923327, -18.87739202, 561.341079769464386 ], [ -44.14888632, -18.87572231, 561.341079769464386 ], [ -44.14985495, -18.87362748, 561.341079769464386 ], [ -44.14910077, -18.87267613, 561.341079769464386 ], [ -44.14881082, -18.87158175, 561.341079769464386 ], [ -44.148503939743605, -18.871537747476573, 595.868720762740963 ], [ -44.14832116, -18.87377346, 561.341079769464386 ], [ -44.1473483, -18.87593895, 561.341079769464386 ], [ -44.14768197, -18.87821911, 561.341079769464386 ], [ -44.14716054, -18.87816864, 561.341079769464386 ], [ -44.146782158786117, -18.876090799676824, 622.193027992083216 ], [ -44.14605028, -18.87760972, 639.39 ], [ -44.14453836169524, -18.876056346345202, 561.341079769464386 ], [ -44.14204638877591, -18.878755720479823, 561.341079769464386 ], [ -44.14123913, -18.88018267, 561.341079769464386 ], [ -44.14257337, -18.88082374, 561.341079769464386 ], [ -44.14341142, -18.88067301, 561.341079769464386 ], [ -44.14388709, -18.87931731, 561.341079769464386 ], [ -44.14590665, -18.87809434, 561.341079769464386 ], [ -44.14606936, -18.8785199, 561.341079769464386 ], [ -44.14430621, -18.879686, 561.341079769464386 ], [ -44.1439795, -18.8807106, 561.341079769464386 ], [ -44.14593799, -18.88086713, 561.341079769464386 ], [ -44.14599601, -18.88135669, 561.341079769464386 ], [ -44.14249561, -18.88136274, 561.341079769464386 ], [ -44.14076025, -18.88067695, 561.341079769464386 ], [ -44.13826504, -18.881337, 561.341079769464386 ], [ -44.13950601, -18.8835361, 561.341079769464386 ], [ -44.13923324, -18.88388486, 561.341079769464386 ], [ -44.13867052, -18.88345446, 561.341079769464386 ], [ -44.13775058, -18.8815717, 561.341079769464386 ], [ -44.13716252, -18.88099759, 561.341079769464386 ], [ -44.13636978, -18.8807353, 561.341079769464386 ], [ -44.13585663, -18.88143742, 561.341079769464386 ], [ -44.13536961, -18.88160504, 561.341079769464386 ], [ -44.13578369, -18.88650791, 561.341079769464386 ], [ -44.13553619, -18.88760642, 561.341079769464386 ], [ -44.13602615, -18.88799282, 561.341079769464386 ], [ -44.1379387, -18.88856973, 561.341079769464386 ], [ -44.13875142, -18.88831485, 561.341079769464386 ], [ -44.14018914, -18.88838378, 561.341079769464386 ], [ -44.1408615, -18.8888545, 561.341079769464386 ], [ -44.14132844, -18.88969941, 561.341079769464386 ], [ -44.14262788, -18.8897244, 561.341079769464386 ], [ -44.14348958, -18.88894879, 561.341079769464386 ], [ -44.144237284528359, -18.889171043056923, 561.341079769464386 ], [ -44.14361111, -18.88872222, 561.341079769464386 ], [ -44.14386111, -18.88675, 561.341079769464386 ], [ -44.144870348395095, -18.886860787140776, 561.341079769464386 ], [ -44.14456089, -18.88453367, 561.341079769464386 ], [ -44.14668647, -18.88079143, 561.341079769464386 ], [ -44.14702594, -18.8807726, 561.341079769464386 ], [ -44.14714225, -18.88107677, 561.341079769464386 ], [ -44.14511618, -18.88470874, 561.341079769464386 ], [ -44.14517864, -18.88570978, 561.341079769464386 ], [ -44.14658256, -18.88501681, 561.341079769464386 ], [ -44.14865632, -18.88460262, 561.341079769464386 ], [ -44.14863694000001, -18.88095306, 646.09 ], [ -44.14911944, -18.87903611, 653.99 ], [ -44.155037395285355, -18.879200795510297, 643.079247969028415 ], [ -44.15719359, -18.87396265, 561.341079769464386 ], [ -44.15959643, -18.87505644, 561.341079769464386 ], [ -44.161938030030811, -18.875516774509094, 561.341079769464386 ], [ -44.16357016, -18.87215645, 561.341079769464386 ], [ -44.164021189931354, -18.872662879922256, 561.341079769464386 ], [ -44.16325732, -18.87136071, 561.341079769464386 ], [ -44.16099773, -18.86943363, 561.341079769464386 ], [ -44.16087083, -18.86813511, 561.341079769464386 ], [ -44.16107669, -18.86761132, 561.341079769464386 ], [ -44.163721783967837, -18.868080352394994, 561.341079769464386 ], [ -44.163842567750869, -18.8677940974645, 561.341079769464386 ], [ -44.16156292, -18.86746834, 561.341079769464386 ], [ -44.16154146, -18.86629067, 561.341079769464386 ], [ -44.16072607, -18.86555969, 561.341079769464386 ], [ -44.16074753, -18.86423986, 561.341079769464386 ], [ -44.16218519, -18.8632246, 561.341079769464386 ], [ -44.16310787, -18.86298094, 561.341079769464386 ], [ -44.16579088, -18.85873183, 561.341079769464386 ], [ -44.1672706, -18.85770087, 561.341079769464386 ], [ -44.170292826288225, -18.860289167253011, 561.341079769464386 ], [ -44.16767836, -18.85770148, 561.341079769464386 ], [ -44.16812897, -18.85731567, 561.341079769464386 ], [ -44.16868761116794, -18.857730023449236, 561.341079769464386 ], [ -44.1682148, -18.85723445, 561.341079769464386 ], [ -44.16808806, -18.8556725, 632.04 ], [ -44.174659113336311, -18.85885535281011, 597.124646214893005 ], [ -44.16862249, -18.85571149, 561.341079769464386 ], [ -44.16855812, -18.855325679999989, 561.341079769464386 ], [ -44.174776958497851, -18.858618293552748, 561.341079769464386 ], [ -44.175209886349826, -18.858223334952331, 595.991936050527556 ], [ -44.174151631139246, -18.857489624543604, 606.361657273209062 ], [ -44.16796722, -18.85469861, 631.86 ], [ -44.16794861, -18.85411639, 632.95 ], [ -44.171070591990301, -18.855142479304572, 561.341079769464386 ], [ -44.16840792, -18.8538027, 561.341079769464386 ], [ -44.17210183659008, -18.855063345965313, 561.341079769464386 ], [ -44.16838646, -18.85376209, 561.341079769464386 ], [ -44.16832209, -18.85179236, 561.341079769464386 ], [ -44.17091846, -18.85294983, 561.341079769464386 ], [ -44.174831041652865, -18.853495509514467, 561.341079769464386 ], [ -44.17515935, -18.85243409, 561.341079769464386 ], [ -44.17391535, -18.85190773, 561.341079769464386 ], [ -44.17394735, -18.85060039, 561.341079769464386 ], [ -44.17478608, -18.84892571, 561.341079769464386 ], [ -44.17590696, -18.84911284, 561.341079769464386 ], [ -44.17697509708254, -18.848009175397323, 561.341079769464386 ], [ -44.17540312, -18.84740607, 561.341079769464386 ], [ -44.17482376, -18.84781221, 561.341079769464386 ], [ -44.173286616560063, -18.846433453361971, 561.341079769464386 ], [ -44.17229176, -18.8477919, 561.341079769464386 ], [ -44.172242625783717, -18.846629454503478, 561.341079769464386 ] ] ] } },
{ "type": "Feature", "properties": { "area_ha": 821.7, "proveniencia": "limite_municipal − cadastro − exclusoes", "veg_nativa_pct": 35.8, "silvicultura_pct": 0.1, "uso_antropico_pct": 62.6, "supressao_ha": 13.95, "regeneracao_ha": 8.01, "titularidade": "sem_registro_conhecido", "municipio": "Curvelo", "codigo_ibge": "3120904", "largura_media_m": 215.0, "compacidade": 0.018, "ponto_lat": -18.818708, "ponto_lon": -44.169668, "utm_e": 587489.0, "utm_n": 7919027.4 }, "geometry": { "type": "Polygon", "coordinates": [ [ [ -44.15494199, -18.80621567, 561.341079769464386 ], [ -44.15572495, -18.80717189, 561.341079769464386 ], [ -44.156158036550728, -18.8095873134531, 561.341079769464386 ], [ -44.15719538, -18.81024849, 561.341079769464386 ], [ -44.15850295, -18.80994752, 561.341079769464386 ], [ -44.15903548, -18.80952585, 561.341079769464386 ], [ -44.15895029, -18.8077168, 561.341079769464386 ], [ -44.15945885, -18.80760202, 561.341079769464386 ], [ -44.15958189, -18.80915759, 561.341079769464386 ], [ -44.16048641, -18.80905189, 561.341079769464386 ], [ -44.16066725, -18.80945113, 561.341079769464386 ], [ -44.1598323, -18.80965096, 561.341079769464386 ], [ -44.15871389, -18.81045366, 561.341079769464386 ], [ -44.1577527, -18.81060693, 561.341079769464386 ], [ -44.15886906, -18.81128832, 561.341079769464386 ], [ -44.15966487, -18.81235135, 561.341079769464386 ], [ -44.16223008, -18.81273983, 561.341079769464386 ], [ -44.16275433, -18.8121108, 561.341079769464386 ], [ -44.16300118, -18.81035969, 561.341079769464386 ], [ -44.16327383, -18.8101664, 561.341079769464386 ], [ -44.16354647, -18.81035969, 561.341079769464386 ], [ -44.16358877, -18.81130451, 561.341079769464386 ], [ -44.16281358, -18.81286357, 561.341079769464386 ], [ -44.16540784, -18.81306002, 561.341079769464386 ], [ -44.16684536, -18.812261, 561.341079769464386 ], [ -44.16730884, -18.81238667, 561.341079769464386 ], [ -44.16723045, -18.81270164, 561.341079769464386 ], [ -44.16578938, -18.81353619, 561.341079769464386 ], [ -44.1642475, -18.81364283, 561.341079769464386 ], [ -44.1647932, -18.81465509, 561.341079769464386 ], [ -44.16619335, -18.81470338, 561.341079769464386 ], [ -44.16768943, -18.81567046, 561.341079769464386 ], [ -44.16736246, -18.81604153, 561.341079769464386 ], [ -44.16598514, -18.81521012, 561.341079769464386 ], [ -44.16512742, -18.81511879, 561.341079769464386 ], [ -44.16646773, -18.81731424, 561.341079769464386 ], [ -44.16623944, -18.81769079, 561.341079769464386 ], [ -44.16404644, -18.81464746, 561.341079769464386 ], [ -44.16367321, -18.81352841, 561.341079769464386 ], [ -44.160976631373892, -18.813143275219705, 561.341079769464386 ], [ -44.163092063594114, -18.815652204790897, 561.341079769464386 ], [ -44.16366577, -18.81556142, 561.341079769464386 ], [ -44.16448116, -18.81720661, 561.341079769464386 ], [ -44.16441679, -18.81761282, 561.341079769464386 ], [ -44.16074753, -18.81889239, 561.341079769464386 ], [ -44.160396276250182, -18.818423404945769, 561.341079769464386 ], [ -44.160393733050924, -18.81927281452673, 561.341079769464386 ], [ -44.160573, -18.81899909, 561.341079769464386 ], [ -44.16406901, -18.81795909, 561.341079769464386 ], [ -44.164087, -18.81845609, 561.341079769464386 ], [ -44.1646878, -18.81907358, 561.341079769464386 ], [ -44.16302135, -18.82097729, 561.341079769464386 ], [ -44.16273834, -18.8218757, 561.341079769464386 ], [ -44.161915517240516, -18.822084239877931, 561.341079769464386 ], [ -44.16247045, -18.82338851, 561.341079769464386 ], [ -44.16402574, -18.82224028, 561.341079769464386 ], [ -44.16448606, -18.82150521, 561.341079769464386 ], [ -44.16494541, -18.82159474, 561.341079769464386 ], [ -44.16443825, -18.82261488, 561.341079769464386 ], [ -44.16279327, -18.82387632, 561.341079769464386 ], [ -44.162993, -18.82412116, 561.341079769464386 ], [ -44.16329489, -18.8236981, 561.341079769464386 ], [ -44.16521238, -18.82278636, 561.341079769464386 ], [ -44.16660505, -18.82233238, 561.341079769464386 ], [ -44.16695244, -18.82250488, 561.341079769464386 ], [ -44.1668475, -18.82283867, 561.341079769464386 ], [ -44.16423582, -18.82383953, 561.341079769464386 ], [ -44.16346809, -18.82443014, 561.341079769464386 ], [ -44.16514298, -18.82548475, 561.341079769464386 ], [ -44.16577276, -18.82622612, 561.341079769464386 ], [ -44.16598654, -18.82867424, 561.341079769464386 ], [ -44.16572758, -18.82953304, 561.341079769464386 ], [ -44.16525122, -18.829359889999989, 561.341079769464386 ], [ -44.16541958, -18.82743491, 561.341079769464386 ], [ -44.16508732, -18.82615341, 561.341079769464386 ], [ -44.16267432, -18.82458534, 561.341079769464386 ], [ -44.16186295, -18.82344072, 561.341079769464386 ], [ -44.16173636, -18.8240378, 561.341079769464386 ], [ -44.16277967, -18.82687256, 561.341079769464386 ], [ -44.16318288, -18.82960933, 561.341079769464386 ], [ -44.16266076, -18.82949752, 561.341079769464386 ], [ -44.16198124, -18.82635259, 561.341079769464386 ], [ -44.16114028, -18.82780133, 561.341079769464386 ], [ -44.16068675, -18.82775085, 561.341079769464386 ], [ -44.16113134, -18.82646387, 561.341079769464386 ], [ -44.16165667, -18.82585622, 561.341079769464386 ], [ -44.16116738, -18.82409058, 561.341079769464386 ], [ -44.1615571, -18.82254228, 561.341079769464386 ], [ -44.161360349884411, -18.822299298994629, 561.341079769464386 ], [ -44.15942889, -18.82323541, 561.341079769464386 ], [ -44.158282, -18.82461108, 561.341079769464386 ], [ -44.15705926, -18.82323712, 561.341079769464386 ], [ -44.157267, -18.82210008, 561.341079769464386 ], [ -44.15620401, -18.81939809, 561.341079769464386 ], [ -44.1567534150306, -18.819277378355498, 561.341079769464386 ], [ -44.15636895, -18.8189025, 561.341079769464386 ], [ -44.156603112971219, -18.818506282681582, 561.341079769464386 ], [ -44.156410706821127, -18.817423400391288, 561.341079769464386 ], [ -44.15570368, -18.81707062, 561.341079769464386 ], [ -44.15561719, -18.81551097, 561.341079769464386 ], [ -44.156263019486914, -18.81548110731379, 561.341079769464386 ], [ -44.15552994, -18.81546983, 561.341079769464386 ], [ -44.155300924180878, -18.815195007630908, 561.341079769464386 ], [ -44.15553367, -18.81571363, 561.341079769464386 ], [ -44.15311379, -18.81621655, 561.341079769464386 ], [ -44.15324658, -18.81819046, 561.341079769464386 ], [ -44.152645075191856, -18.81856996627311, 561.341079769464386 ], [ -44.15362032, -18.81965145, 561.341079769464386 ], [ -44.15372548, -18.82054317, 561.341079769464386 ], [ -44.15494665, -18.82125776, 561.341079769464386 ], [ -44.15547218, -18.82313066, 561.341079769464386 ], [ -44.155155, -18.82341561, 561.341079769464386 ], [ -44.15410425, -18.82124328, 561.341079769464386 ], [ -44.15367607, -18.82110089, 561.341079769464386 ], [ -44.1531438, -18.82231691, 561.341079769464386 ], [ -44.15261828, -18.82232013, 561.341079769464386 ], [ -44.153163, -18.82073215, 561.341079769464386 ], [ -44.15311379, -18.81990727, 561.341079769464386 ], [ -44.15275562, -18.81965379, 561.341079769464386 ], [ -44.15099575, -18.82132057, 561.341079769464386 ], [ -44.15049087, -18.82131607, 561.341079769464386 ], [ -44.15051215, -18.82096824, 561.341079769464386 ], [ -44.15240792, -18.81922435, 561.341079769464386 ], [ -44.15093093, -18.81760462, 561.341079769464386 ], [ -44.14925842, -18.8169551, 561.341079769464386 ], [ -44.14907487, -18.81791331, 561.341079769464386 ], [ -44.14995161, -18.82031797, 561.341079769464386 ], [ -44.14945065, -18.82040208, 561.341079769464386 ], [ -44.14884342, -18.81904708, 561.341079769464386 ], [ -44.14845876, -18.82008101, 561.341079769464386 ], [ -44.14810465, -18.8202413, 561.341079769464386 ], [ -44.14795047, -18.81937823, 561.341079769464386 ], [ -44.14865827, -18.81851401, 561.341079769464386 ], [ -44.14875004, -18.816711, 561.341079769464386 ], [ -44.148290630000211, -18.816441674715481, 561.341079769464386 ], [ -44.14801933, -18.81725087, 561.341079769464386 ], [ -44.14741194, -18.81775739, 561.341079769464386 ], [ -44.14573725, -18.81775644, 561.341079769464386 ], [ -44.14443403, -18.81707548, 561.341079769464386 ], [ -44.143093822999546, -18.815454540396789, 561.341079769464386 ], [ -44.136256973845612, -18.812340966898361, 561.341079769464386 ], [ -44.134187734969551, -18.812991176439319, 555.515998478798565 ], [ -44.142376802790807, -18.818268505358411, 561.341079769464386 ], [ -44.14257167, -18.81802528, 555.852 ], [ -44.14347722, -18.81841722, 559.059 ], [ -44.14464333, -18.81929222, 561.557 ], [ -44.14685972, -18.82235528, 586.541 ], [ -44.14969444, -18.82160389, 607.98 ], [ -44.15068333, -18.82229139, 616.989 ], [ -44.150899496254489, -18.82473793064521, 621.029405641940912 ], [ -44.15128469, -18.82506671, 561.341079769464386 ], [ -44.15113449, -18.82571662, 561.341079769464386 ], [ -44.15055513, -18.82591972, 561.341079769464386 ], [ -44.14939642, -18.82602127, 561.341079769464386 ], [ -44.147961178006575, -18.826371287835592, 561.341079769464386 ], [ -44.14988125, -18.8262228, 561.341079769464386 ], [ -44.14952774, -18.82669111, 561.341079769464386 ], [ -44.14996547, -18.82834689, 561.341079769464386 ], [ -44.14927003, -18.82886787, 561.341079769464386 ], [ -44.149727283176148, -18.829047413615807, 561.341079769464386 ], [ -44.15028301, -18.82850517, 561.341079769464386 ], [ -44.15158066, -18.82861835, 561.341079769464386 ], [ -44.15282426, -18.82830146, 561.341079769464386 ], [ -44.15358604, -18.82850268, 561.341079769464386 ], [ -44.1537726, -18.8282611, 561.341079769464386 ], [ -44.15346342, -18.82563401, 561.341079769464386 ], [ -44.15411464, -18.82397848, 561.341079769464386 ], [ -44.15455391, -18.82421768, 561.341079769464386 ], [ -44.15403231, -18.82567925, 561.341079769464386 ], [ -44.15427078, -18.82763552, 561.341079769464386 ], [ -44.15624231, -18.82648395, 561.341079769464386 ], [ -44.15558195, -18.82454424, 561.341079769464386 ], [ -44.15599601, -18.82454424, 561.341079769464386 ], [ -44.15655825, -18.82565088, 561.341079769464386 ], [ -44.15693023, -18.82446663, 561.341079769464386 ], [ -44.15738375, -18.82441616, 561.341079769464386 ], [ -44.15657716, -18.82706568, 561.341079769464386 ], [ -44.15503176, -18.82763598, 561.341079769464386 ], [ -44.15399974, -18.82888292, 561.341079769464386 ], [ -44.15511017, -18.83021999, 561.341079769464386 ], [ -44.15671051, -18.83091698, 561.341079769464386 ], [ -44.15754074, -18.829747499999989, 561.341079769464386 ], [ -44.15812246, -18.82768642, 561.341079769464386 ], [ -44.15857582000001, -18.82756933, 561.341079769464386 ], [ -44.15824738, -18.82952578, 561.341079769464386 ], [ -44.15727733, -18.83112279, 561.341079769464386 ], [ -44.15799889, -18.83128238, 561.341079769464386 ], [ -44.15822718, -18.83069007, 561.341079769464386 ], [ -44.15937109, -18.83000962, 561.341079769464386 ], [ -44.16150585, -18.82978819, 561.341079769464386 ], [ -44.16147719, -18.83025683, 561.341079769464386 ], [ -44.15957011, -18.83051843, 561.341079769464386 ], [ -44.15860086, -18.83111581, 561.341079769464386 ], [ -44.16108234, -18.83115445, 561.341079769464386 ], [ -44.16095138, -18.83157098, 561.341079769464386 ], [ -44.15952381, -18.83163709, 561.341079769464386 ], [ -44.16038873, -18.83283618, 561.341079769464386 ], [ -44.16028378, -18.83316996, 561.341079769464386 ], [ -44.15982339, -18.83304156, 561.341079769464386 ], [ -44.15887586, -18.83159815, 561.341079769464386 ], [ -44.15752841, -18.83178581, 561.341079769464386 ], [ -44.15518366, -18.83082649, 561.341079769464386 ], [ -44.15620408, -18.83341187, 561.341079769464386 ], [ -44.15577378, -18.83370572, 561.341079769464386 ], [ -44.15475837, -18.83170348, 561.341079769464386 ], [ -44.15467028, -18.83056916, 561.341079769464386 ], [ -44.15344146, -18.82903048, 561.341079769464386 ], [ -44.15282729, -18.8288474, 561.341079769464386 ], [ -44.1516331, -18.82916148, 561.341079769464386 ], [ -44.15036986, -18.82904536, 561.341079769464386 ], [ -44.150253556944634, -18.829254056806548, 561.341079769464386 ], [ -44.152815002427118, -18.835409562510595, 561.341079769464386 ], [ -44.15575034, -18.83499938, 561.341079769464386 ], [ -44.15899849, -18.83545422, 561.341079769464386 ], [ -44.16111401, -18.83286382, 561.341079769464386 ], [ -44.16151443, -18.83302829, 561.341079769464386 ], [ -44.16119821131521, -18.833869783199251, 561.341079769464386 ], [ -44.16150024, -18.83427656, 561.341079769464386 ], [ -44.160996902859551, -18.834757023126507, 561.341079769464386 ], [ -44.16168241, -18.83457468, 561.341079769464386 ], [ -44.16287749, -18.8333963, 561.341079769464386 ], [ -44.16331198, -18.83343345, 561.341079769464386 ], [ -44.16333326, -18.83378128, 561.341079769464386 ], [ -44.16199431, -18.83502989, 561.341079769464386 ], [ -44.1605898, -18.83539692, 561.341079769464386 ], [ -44.15984263, -18.8376705, 561.341079769464386 ], [ -44.16018396, -18.83892833, 561.341079769464386 ], [ -44.16229637, -18.83871904, 561.341079769464386 ], [ -44.16333044, -18.83905527, 561.341079769464386 ], [ -44.16342611, -18.83944887, 561.341079769464386 ], [ -44.16158222, -18.83925208, 561.341079769464386 ], [ -44.16006163, -18.83965807, 561.341079769464386 ], [ -44.16106984, -18.84043949, 561.341079769464386 ], [ -44.16149773, -18.84131479, 561.341079769464386 ], [ -44.16125814, -18.84167097, 561.341079769464386 ], [ -44.16010936, -18.840265949999988, 561.341079769464386 ], [ -44.1594944, -18.84001803, 561.341079769464386 ], [ -44.158438992848232, -18.840286909066428, 561.341079769464386 ], [ -44.1584144, -18.8409075, 561.341079769464386 ], [ -44.157764989643042, -18.840833158189014, 561.341079769464386 ], [ -44.157700690869497, -18.841364230602238, 561.341079769464386 ], [ -44.15883333, -18.84186111, 561.341079769464386 ], [ -44.15816667, -18.84397222, 561.341079769464386 ], [ -44.157320621173575, -18.84366052387168, 561.341079769464386 ], [ -44.158497258328914, -18.844256246519606, 561.341079769464386 ], [ -44.15909529, -18.84198397, 561.341079769464386 ], [ -44.165163404760335, -18.843488068116482, 561.341079769464386 ], [ -44.16623029, -18.83891234, 561.341079769464386 ], [ -44.16741196, -18.8398422, 561.341079769464386 ], [ -44.16886697, -18.83948588, 561.341079769464386 ], [ -44.171025750000155, -18.838383022851207, 561.341079769464386 ], [ -44.169545645160632, -18.8346545991383, 561.341079769464386 ], [ -44.17055439, -18.8384257, 561.341079769464386 ], [ -44.16881857, -18.83940578, 561.341079769464386 ], [ -44.16836561, -18.83930559, 561.341079769464386 ], [ -44.168305575077632, -18.838318556804555, 561.341079769464386 ], [ -44.16785002, -18.83792236, 561.341079769464386 ], [ -44.16649818, -18.83788174, 561.341079769464386 ], [ -44.16478157, -18.83369818, 561.341079769464386 ], [ -44.16471407, -18.83138058, 561.341079769464386 ], [ -44.16593028, -18.8298399, 561.341079769464386 ], [ -44.1692066, -18.83031617, 561.341079769464386 ], [ -44.170706321832391, -18.830123790109326, 561.341079769464386 ], [ -44.16924477, -18.83022533, 561.341079769464386 ], [ -44.16643381, -18.82985977, 561.341079769464386 ], [ -44.1676569, -18.82855997, 561.341079769464386 ], [ -44.16776419, -18.82703675, 561.341079769464386 ], [ -44.16918039, -18.8248433, 561.341079769464386 ], [ -44.17001724, -18.82449803, 561.341079769464386 ], [ -44.17212009, -18.82563538, 561.341079769464386 ], [ -44.17411566, -18.82549321, 561.341079769464386 ], [ -44.17501688, -18.82480268, 561.341079769464386 ], [ -44.17776346, -18.82553383, 561.341079769464386 ], [ -44.17821407, -18.82669149, 561.341079769464386 ], [ -44.177101304140493, -18.829275269776094, 561.341079769464386 ], [ -44.17751368, -18.82948414, 561.341079769464386 ], [ -44.1790842, -18.82819201, 561.341079769464386 ], [ -44.17973909, -18.82827492, 561.341079769464386 ], [ -44.18027434, -18.82898882, 561.341079769464386 ], [ -44.18114685, -18.82900299, 561.341079769464386 ], [ -44.18109635, -18.82752248, 561.341079769464386 ], [ -44.18056696, -18.82617066, 561.341079769464386 ], [ -44.18134774, -18.82504055, 561.341079769464386 ], [ -44.17885777, -18.82426922, 561.341079769464386 ], [ -44.1772237, -18.82463889, 561.341079769464386 ], [ -44.17518926, -18.82459324, 561.341079769464386 ], [ -44.17434612, -18.82498719, 561.341079769464386 ], [ -44.17408477, -18.82455615, 561.341079769464386 ], [ -44.17505112, -18.82406591, 561.341079769464386 ], [ -44.17715759, -18.82409855, 561.341079769464386 ], [ -44.17835893, -18.82372288, 561.341079769464386 ], [ -44.1803445, -18.82402253, 561.341079769464386 ], [ -44.18141415, -18.8244981, 561.341079769464386 ], [ -44.18257651, -18.82351002, 561.341079769464386 ], [ -44.18215828000001, -18.82256654, 561.341079769464386 ], [ -44.18227082, -18.82182738, 561.341079769464386 ], [ -44.18082305, -18.81946888, 561.341079769464386 ], [ -44.18131174, -18.81875587, 561.341079769464386 ], [ -44.18098922, -18.81819768, 561.341079769464386 ], [ -44.1811901, -18.81778795, 561.341079769464386 ], [ -44.18278426, -18.81765495, 561.341079769464386 ], [ -44.18248402, -18.81647972, 561.341079769464386 ], [ -44.182702633836357, -18.815663054177357, 561.341079769464386 ], [ -44.179579871347777, -18.815302308611926, 561.341079769464386 ], [ -44.17839263, -18.81648461, 561.341079769464386 ], [ -44.17586276, -18.81697414, 561.341079769464386 ], [ -44.17560782, -18.81882384, 561.341079769464386 ], [ -44.17439921, -18.820968, 561.341079769464386 ], [ -44.17110613, -18.82393472, 561.341079769464386 ], [ -44.17021186, -18.82399034, 561.341079769464386 ], [ -44.17000484, -18.82364889, 561.341079769464386 ], [ -44.1707903, -18.82347268, 561.341079769464386 ], [ -44.17249016, -18.82169461, 561.341079769464386 ], [ -44.17362388, -18.82104767, 561.341079769464386 ], [ -44.17413782, -18.82020846, 561.341079769464386 ], [ -44.17085885, -18.8207695, 561.341079769464386 ], [ -44.16871516, -18.82282439, 561.341079769464386 ], [ -44.16835067, -18.82366565, 561.341079769464386 ], [ -44.16793662, -18.82366565, 561.341079769464386 ], [ -44.16826, -18.82249419, 561.341079769464386 ], [ -44.17025734, -18.82052369, 561.341079769464386 ], [ -44.17114974, -18.82004433, 561.341079769464386 ], [ -44.17431429, -18.81967048, 561.341079769464386 ], [ -44.17512955, -18.81839364, 561.341079769464386 ], [ -44.1752902, -18.81697947, 561.341079769464386 ], [ -44.17430844, -18.81674538, 561.341079769464386 ], [ -44.17356058, -18.81701535, 561.341079769464386 ], [ -44.17297373, -18.81662424, 561.341079769464386 ], [ -44.17194235, -18.81721693, 561.341079769464386 ], [ -44.17065488, -18.81850984, 561.341079769464386 ], [ -44.16993101, -18.81858168, 561.341079769464386 ], [ -44.16995229, -18.81823385, 561.341079769464386 ], [ -44.17230284, -18.81639493, 561.341079769464386 ], [ -44.16985931, -18.81609094, 561.341079769464386 ], [ -44.16988586, -18.81565688, 561.341079769464386 ], [ -44.17049863, -18.81565298, 561.341079769464386 ], [ -44.16935985, -18.81454451, 561.341079769464386 ], [ -44.16947381, -18.81416914, 561.341079769464386 ], [ -44.17001095, -18.81424859, 561.341079769464386 ], [ -44.17136566, -18.81567998, 561.341079769464386 ], [ -44.17280654, -18.81589038, 561.341079769464386 ], [ -44.17385008, -18.81641843, 561.341079769464386 ], [ -44.17272402, -18.81539371, 561.341079769464386 ], [ -44.17207439, -18.8139838, 561.341079769464386 ], [ -44.16991356, -18.8122561, 561.341079769464386 ], [ -44.16985891, -18.81088735, 561.341079769464386 ], [ -44.17033367, -18.81086102, 561.341079769464386 ], [ -44.17037325, -18.81193302, 561.341079769464386 ], [ -44.17248888, -18.81360993, 561.341079769464386 ], [ -44.17322507, -18.81512069, 561.341079769464386 ], [ -44.17505173, -18.81643403, 561.341079769464386 ], [ -44.17815032, -18.81599163, 561.341079769464386 ], [ -44.17892905709126, -18.815227118959804, 561.341079769464386 ], [ -44.17577593, -18.8148628, 561.341079769464386 ], [ -44.17550267, -18.81411546, 561.341079769464386 ], [ -44.17632976, -18.81258433, 561.341079769464386 ], [ -44.17837503, -18.81310739, 561.341079769464386 ], [ -44.17907073, -18.81301578, 561.341079769464386 ], [ -44.180613974596142, -18.813750963067044, 561.341079769464386 ], [ -44.18172907, -18.81362585, 561.341079769464386 ], [ -44.18232416, -18.81299989, 561.341079769464386 ], [ -44.18186372000001, -18.81180819, 561.341079769464386 ], [ -44.1821265, -18.81108617, 561.341079769464386 ], [ -44.18320039, -18.81020312, 561.341079769464386 ], [ -44.18477274, -18.81043681, 561.341079769464386 ], [ -44.18506046, -18.80872276, 561.341079769464386 ], [ -44.18547273, -18.8083162, 561.341079769464386 ], [ -44.18602269, -18.80829992, 561.341079769464386 ], [ -44.18441447, -18.80602075, 561.341079769464386 ], [ -44.18340841, -18.80628114, 561.341079769464386 ], [ -44.18140288, -18.80893656, 561.341079769464386 ], [ -44.17864884, -18.80900723, 561.341079769464386 ], [ -44.17781071, -18.8084711, 561.341079769464386 ], [ -44.17708072, -18.80842822, 561.341079769464386 ], [ -44.17605331, -18.80937361, 561.341079769464386 ], [ -44.17336601, -18.81044789, 561.341079769464386 ], [ -44.17320046, -18.80996267, 561.341079769464386 ], [ -44.17576588, -18.80890524, 561.341079769464386 ], [ -44.17652497, -18.80813987, 561.341079769464386 ], [ -44.1760834, -18.80769474, 561.341079769464386 ], [ -44.17453493, -18.80712058, 561.341079769464386 ], [ -44.17406481, -18.80640203, 561.341079769464386 ], [ -44.174439, -18.80629535, 561.341079769464386 ], [ -44.17715312, -18.80788747, 561.341079769464386 ], [ -44.17802629, -18.80796562, 561.341079769464386 ], [ -44.17872555, -18.80846683, 561.341079769464386 ], [ -44.18119036, -18.80842576, 561.341079769464386 ], [ -44.18300237, -18.80589939, 561.341079769464386 ], [ -44.18400296, -18.80541621, 561.341079769464386 ], [ -44.18423027, -18.80486612, 561.341079769464386 ], [ -44.18564479, -18.80477431, 561.341079769464386 ], [ -44.18569976, -18.80398124, 561.341079769464386 ], [ -44.18508701, -18.80356507, 561.341079769464386 ], [ -44.18438263, -18.80371593, 561.341079769464386 ], [ -44.18332588, -18.80453321, 561.341079769464386 ], [ -44.18198445, -18.80412422, 561.341079769464386 ], [ -44.18012394, -18.80435234, 561.341079769464386 ], [ -44.17709053, -18.80389691, 561.341079769464386 ], [ -44.17692789, -18.80347134, 561.341079769464386 ], [ -44.18018169, -18.80381224, 561.341079769464386 ], [ -44.18202626, -18.80358344, 561.341079769464386 ], [ -44.18326136, -18.8039902, 561.341079769464386 ], [ -44.18406944, -18.80325976, 561.341079769464386 ], [ -44.18489706, -18.80304372, 561.341079769464386 ], [ -44.18488056, -18.80254057, 561.341079769464386 ], [ -44.18411112, -18.80192294, 561.341079769464386 ], [ -44.18449271, -18.80103634, 561.341079769464386 ], [ -44.18392064, -18.79990029, 561.341079769464386 ], [ -44.18250759, -18.79829427, 561.341079769464386 ], [ -44.18254705, -18.79797276, 561.341079769464386 ], [ -44.18322498, -18.79810476, 561.341079769464386 ], [ -44.18441277, -18.79961604, 561.341079769464386 ], [ -44.18506509, -18.80114644, 561.341079769464386 ], [ -44.18619793, -18.80155036, 561.341079769464386 ], [ -44.18682178, -18.80101173, 561.341079769464386 ], [ -44.18846017, -18.80083589, 561.341079769464386 ], [ -44.18817097, -18.8002172, 561.341079769464386 ], [ -44.18833128, -18.7996082, 561.341079769464386 ], [ -44.18935703, -18.79945564, 561.341079769464386 ], [ -44.18995716, -18.79824657, 561.341079769464386 ], [ -44.190944090150921, -18.798363254037689, 561.341079769464386 ], [ -44.19081194, -18.79766833, 553.919 ], [ -44.19169858, -18.79746341, 561.341079769464386 ], [ -44.1915655, -18.79684298, 561.341079769464386 ], [ -44.19096615, -18.79634544, 561.341079769464386 ], [ -44.19125329, -18.79551022, 561.341079769464386 ], [ -44.19251654, -18.79485645, 561.341079769464386 ], [ -44.19354832, -18.79506656, 561.341079769464386 ], [ -44.19355732, -18.7936116, 561.341079769464386 ], [ -44.19313465, -18.79322488, 561.341079769464386 ], [ -44.19253685, -18.79411625, 561.341079769464386 ], [ -44.19201187, -18.79427214, 561.341079769464386 ], [ -44.189917078398715, -18.793543927677224, 554.688674994900111 ], [ -44.18807598, -18.79525535, 561.341079769464386 ], [ -44.18679233, -18.7944621, 561.341079769464386 ], [ -44.18505505, -18.79424461, 561.341079769464386 ], [ -44.18384361, -18.79512083, 593.99 ], [ -44.181208514419886, -18.795936207445497, 610.692434177499081 ], [ -44.1803825, -18.79783111, 615.776 ], [ -44.17736944, -18.80022472, 621.777 ], [ -44.17548597704036, -18.801231686125156, 606.791872100648789 ], [ -44.1757679, -18.80172905, 561.341079769464386 ], [ -44.17534947, -18.80348609, 561.341079769464386 ], [ -44.17494178, -18.80493843, 561.341079769464386 ], [ -44.17434096, -18.80579154, 561.341079769464386 ], [ -44.17285692, -18.80696882, 561.341079769464386 ], [ -44.17176604, -18.80665481, 561.341079769464386 ], [ -44.17098284, -18.80735557, 561.341079769464386 ], [ -44.1706717, -18.80861491, 561.341079769464386 ], [ -44.1710043, -18.81012814, 561.341079769464386 ], [ -44.16744232, -18.80966097, 561.341079769464386 ], [ -44.15976048, -18.80757901, 561.341079769464386 ], [ -44.15797949, -18.80722355, 561.341079769464386 ], [ -44.15677786, -18.80660403, 561.341079769464386 ], [ -44.15524843670611, -18.804587311074162, 561.341079769464386 ], [ -44.15473185, -18.80453647, 561.341079769464386 ], [ -44.15507729, -18.80543146, 561.341079769464386 ], [ -44.15494199, -18.80621567, 561.341079769464386 ] ] ] } },
{ "type": "Feature", "properties": { "area_ha": 590.6, "proveniencia": "limite_municipal − cadastro − exclusoes", "veg_nativa_pct": 87.1, "silvicultura_pct": 0.0, "uso_antropico_pct": 11.6, "supressao_ha": 2.16, "regeneracao_ha": 0.0, "titularidade": "sem_registro_conhecido", "municipio": "Igarapé", "codigo_ibge": "3130101", "largura_media_m": 312.0, "compacidade": 0.052, "ponto_lat": -20.024973, "ponto_lon": -44.333386, "utm_e": 569721.5, "utm_n": 7785616.3 }, "geometry": { "type": "Polygon", "coordinates": [ [ [ -44.32287748, -20.01981126, 822.449270011948101 ], [ -44.319916136459923, -20.02259720402601, 822.449270011948101 ], [ -44.32150981, -20.02375493, 822.449270011948101 ], [ -44.321190038141275, -20.026046424125976, 822.449270011948101 ], [ -44.3260006, -20.03069308, 822.449270011948101 ], [ -44.32499942, -20.03429785, 822.449270011948101 ], [ -44.32476997, -20.0335157, 822.449270011948101 ], [ -44.318214933697092, -20.030524898862815, 822.449270011948101 ], [ -44.31798922, -20.032279699999989, 822.449270011948101 ], [ -44.31730561, -20.03326515, 822.449270011948101 ], [ -44.31739129, -20.03382841, 822.449270011948101 ], [ -44.31969058, -20.03488888, 822.449270011948101 ], [ -44.32016296, -20.03539478, 822.449270011948101 ], [ -44.31977473, -20.03562425, 822.449270011948101 ], [ -44.31774413, -20.03478199, 822.449270011948101 ], [ -44.31684771, -20.03400118, 822.449270011948101 ], [ -44.31626553, -20.03477078, 822.449270011948101 ], [ -44.31625567, -20.035897909999989, 822.449270011948101 ], [ -44.31548533, -20.03766678, 794.722754966887123 ], [ -44.315419329770116, -20.038647395415392, 794.722754966887123 ], [ -44.31710958, -20.03920053, 794.722754966887123 ], [ -44.31675339, -20.03998217, 794.722754966887123 ], [ -44.315390476916079, -20.04009325438653, 794.722754966887123 ], [ -44.316286321313946, -20.043881912954159, 794.722754966887123 ], [ -44.3196309, -20.04076347, 794.722754966887123 ], [ -44.32063028, -20.04022809, 794.722754966887123 ], [ -44.32248626, -20.0401567, 794.722754966887123 ], [ -44.32387824, -20.04108469, 794.722754966887123 ], [ -44.324437279579612, -20.040454409223301, 794.722754966887123 ], [ -44.32370234, -20.04074713, 794.722754966887123 ], [ -44.32280434, -20.04034013, 794.722754966887123 ], [ -44.32308176, -20.03934814, 794.722754966887123 ], [ -44.32563671, -20.03776378, 794.722754966887123 ], [ -44.33062095, -20.03797244, 794.722754966887123 ], [ -44.33306808, -20.03739243, 794.722754966887123 ], [ -44.33360446, -20.03875615, 794.722754966887123 ], [ -44.33476539, -20.03884963, 794.722754966887123 ], [ -44.335604550523513, -20.040389420909104, 794.722754966887123 ], [ -44.336955159643466, -20.040269777332501, 794.722754966887123 ], [ -44.33525139, -20.03957722, 805.25 ], [ -44.33403639, -20.03750111, 836.26 ], [ -44.338327403587272, -20.038858471643557, 772.351309775378013 ], [ -44.33861146, -20.03582699, 822.449270011948101 ], [ -44.33939767, -20.03424812, 822.449270011948101 ], [ -44.33949586, -20.03263282, 822.449270011948101 ], [ -44.33725826, -20.03256415, 822.449270011948101 ], [ -44.33589016, -20.03218221, 822.449270011948101 ], [ -44.3334793, -20.0326885, 822.449270011948101 ], [ -44.33216498, -20.034228, 822.449270011948101 ], [ -44.33160176, -20.03623148, 794.722754966887123 ], [ -44.33086022, -20.03684742, 794.722754966887123 ], [ -44.33055223, -20.03650054, 794.722754966887123 ], [ -44.33118756, -20.03580898, 822.449270011948101 ], [ -44.33166134, -20.03396466, 822.449270011948101 ], [ -44.33055247, -20.03370407, 822.449270011948101 ], [ -44.32642956, -20.03473825, 822.449270011948101 ], [ -44.32578616, -20.03473549, 822.449270011948101 ], [ -44.32560535, -20.03438683, 822.449270011948101 ], [ -44.33048595, -20.03316351, 822.449270011948101 ], [ -44.33142502, -20.0334659, 822.449270011948101 ], [ -44.33336552, -20.03213785, 822.449270011948101 ], [ -44.33580557, -20.03164507, 822.449270011948101 ], [ -44.33732218, -20.03202446, 822.449270011948101 ], [ -44.33942779, -20.03209413, 822.449270011948101 ], [ -44.33977686, -20.03106309, 883.995231566050506 ], [ -44.339784, -20.02973247, 883.995231566050506 ], [ -44.33688112, -20.02856577, 822.449270011948101 ], [ -44.33581864, -20.02864652, 822.449270011948101 ], [ -44.33428072, -20.02795227, 822.449270011948101 ], [ -44.3327368, -20.02814355, 822.449270011948101 ], [ -44.33231502, -20.0286583, 822.449270011948101 ], [ -44.33207469, -20.03086336, 822.449270011948101 ], [ -44.33060332, -20.03163558, 822.449270011948101 ], [ -44.33044369, -20.03117608, 822.449270011948101 ], [ -44.33159408, -20.03053483, 822.449270011948101 ], [ -44.33175219, -20.02854576, 822.449270011948101 ], [ -44.33208037, -20.02793084, 822.449270011948101 ], [ -44.33161373, -20.02770677, 822.449270011948101 ], [ -44.32656689, -20.03239956, 822.449270011948101 ], [ -44.32605468, -20.03267038, 822.449270011948101 ], [ -44.32577468, -20.03232852, 822.449270011948101 ], [ -44.328233, -20.03028352, 822.449270011948101 ], [ -44.33064786, -20.02775804, 822.449270011948101 ], [ -44.32964921, -20.02710648, 822.449270011948101 ], [ -44.32864708, -20.026894869999989, 822.449270011948101 ], [ -44.32799423, -20.02631236, 822.449270011948101 ], [ -44.32819138, -20.02594134, 822.449270011948101 ], [ -44.33091024, -20.02727337, 822.449270011948101 ], [ -44.33182322, -20.02717491, 822.449270011948101 ], [ -44.33266195, -20.02760475, 822.449270011948101 ], [ -44.3344126, -20.0274246, 822.449270011948101 ], [ -44.33597254, -20.02812093, 822.449270011948101 ], [ -44.33706964, -20.02805176, 822.449270011948101 ], [ -44.33973767, -20.02913047, 883.995231566050506 ], [ -44.34059653, -20.0282279, 883.995231566050506 ], [ -44.34006622, -20.02786686, 883.995231566050506 ], [ -44.33777205, -20.02737031, 822.449270011948101 ], [ -44.33621477, -20.02650281, 822.449270011948101 ], [ -44.33666222, -20.02623985, 822.449270011948101 ], [ -44.34085208, -20.02772427, 883.995231566050506 ], [ -44.34151398, -20.02634345, 883.995231566050506 ], [ -44.34228876, -20.02552313, 883.995231566050506 ], [ -44.34208475, -20.02510502, 883.995231566050506 ], [ -44.34228835, -20.02425218, 883.995231566050506 ], [ -44.34001218, -20.02091828, 883.995231566050506 ], [ -44.33959817, -20.02057265, 822.449270011948101 ], [ -44.33735591, -20.02096014, 822.449270011948101 ], [ -44.33604151, -20.02170142, 822.449270011948101 ], [ -44.33503045, -20.02137822, 822.449270011948101 ], [ -44.33507547, -20.02085917, 822.449270011948101 ], [ -44.33614523, -20.02114406, 822.449270011948101 ], [ -44.33716103, -20.02044341, 822.449270011948101 ], [ -44.33880259, -20.020153759999989, 822.449270011948101 ], [ -44.33573899, -20.01891124, 822.449270011948101 ], [ -44.33303951, -20.02077165, 822.449270011948101 ], [ -44.3325487, -20.02053821, 822.449270011948101 ], [ -44.33492767, -20.01867248, 822.449270011948101 ], [ -44.3359534, -20.01838765, 822.449270011948101 ], [ -44.34005876, -20.0202081, 883.995231566050506 ], [ -44.34107089, -20.02145146, 883.995231566050506 ], [ -44.34285433, -20.02263554, 883.995231566050506 ], [ -44.34330192, -20.02242456, 883.995231566050506 ], [ -44.34341424, -20.02080408, 883.995231566050506 ], [ -44.34387429, -20.01963593, 883.995231566050506 ], [ -44.34369493, -20.01891602, 883.995231566050506 ], [ -44.34308808, -20.01855597, 883.995231566050506 ], [ -44.34324776, -20.01773465, 883.995231566050506 ], [ -44.34291001, -20.01648274, 883.995231566050506 ], [ -44.342779065370571, -20.013062829249908, 883.995231566050506 ], [ -44.34170651, -20.01464241, 883.995231566050506 ], [ -44.3411864, -20.01457116, 883.995231566050506 ], [ -44.33896025, -20.01589701, 822.449270011948101 ], [ -44.33697778, -20.01612944, 822.449270011948101 ], [ -44.33554025, -20.01572142, 822.449270011948101 ], [ -44.33582473, -20.01541551, 822.449270011948101 ], [ -44.33860049, -20.01544591, 822.449270011948101 ], [ -44.34075499, -20.0142131, 883.995231566050506 ], [ -44.34086967, -20.01308071, 883.995231566050506 ], [ -44.33917691, -20.012720009999988, 822.449270011948101 ], [ -44.33842181, -20.01311494, 822.449270011948101 ], [ -44.33817639, -20.01278226, 822.449270011948101 ], [ -44.33912048, -20.01217914, 822.449270011948101 ], [ -44.34168542, -20.01256225, 883.995231566050506 ], [ -44.34194199, -20.01136364, 883.995231566050506 ], [ -44.3413967, -20.01103225, 883.995231566050506 ], [ -44.33985178, -20.0110961, 883.995231566050506 ], [ -44.33961722, -20.01075972, 822.449270011948101 ], [ -44.34180305, -20.00989626, 883.995231566050506 ], [ -44.34171187, -20.00936538, 883.995231566050506 ], [ -44.34237255, -20.00922379, 883.995231566050506 ], [ -44.342327352383833, -20.007532531393654, 883.995231566050506 ], [ -44.34115487, -20.00735989, 883.995231566050506 ], [ -44.33999007, -20.00618781, 883.995231566050506 ], [ -44.33798642, -20.0059506, 822.449270011948101 ], [ -44.33621438, -20.00617545, 822.449270011948101 ], [ -44.33499912, -20.00694054, 822.449270011948101 ], [ -44.33299348, -20.00733229, 822.449270011948101 ], [ -44.3321046, -20.0080108, 822.449270011948101 ], [ -44.33103642, -20.00834312, 822.449270011948101 ], [ -44.33066019, -20.01005696, 822.449270011948101 ], [ -44.32777296, -20.01276352, 822.449270011948101 ], [ -44.32877007, -20.01386378, 822.449270011948101 ], [ -44.32874432, -20.01489294, 822.449270011948101 ], [ -44.32931497, -20.01536097, 822.449270011948101 ], [ -44.3295313, -20.01612859, 822.449270011948101 ], [ -44.32913435, -20.01617142, 822.449270011948101 ], [ -44.32832318, -20.01529785, 822.449270011948101 ], [ -44.32824206, -20.01408333, 822.449270011948101 ], [ -44.32727572, -20.01303372, 822.449270011948101 ], [ -44.326442, -20.01446502, 822.449270011948101 ], [ -44.32499569, -20.01484972, 822.449270011948101 ], [ -44.32382556, -20.01602837, 822.449270011948101 ], [ -44.32365617, -20.01823191, 822.449270011948101 ], [ -44.32722305, -20.02037159, 822.449270011948101 ], [ -44.32863463, -20.02193789, 822.449270011948101 ], [ -44.33026377, -20.02314589, 822.449270011948101 ], [ -44.33021277, -20.02355827, 822.449270011948101 ], [ -44.32824429, -20.0223369, 822.449270011948101 ], [ -44.32686156, -20.02079281, 822.449270011948101 ], [ -44.3234581, -20.01876799, 822.449270011948101 ], [ -44.32287748, -20.01981126, 822.449270011948101 ] ], [ [ -44.32579994, -20.02591545, 822.449270011948101 ], [ -44.32738781, -20.02762907, 822.449270011948101 ], [ -44.3263793, -20.03045145, 822.449270011948101 ], [ -44.326104291745409, -20.030261626668441, 822.449270011948101 ], [ -44.32596961, -20.03065255, 822.449270011948101 ], [ -44.32136426, -20.02603103, 822.449270011948101 ], [ -44.32168847, -20.02365828, 822.449270011948101 ], [ -44.32028299, -20.02248831, 822.449270011948101 ], [ -44.32172887, -20.02136528, 822.449270011948101 ], [ -44.323542617396512, -20.023543571780632, 822.449270011948101 ], [ -44.32381511, -20.02341556, 822.449270011948101 ], [ -44.3242228, -20.02381877, 822.449270011948101 ], [ -44.32458758, -20.02430262, 822.449270011948101 ], [ -44.324296452217062, -20.024469783249586, 822.449270011948101 ], [ -44.325596446906054, -20.026049992050524, 822.449270011948101 ], [ -44.32579994, -20.02591545, 822.449270011948101 ] ] ] } },
{ "type": "Feature", "properties": { "area_ha": 1044.2, "proveniencia": "limite_municipal − cadastro − exclusoes", "veg_nativa_pct": 94.4, "silvicultura_pct": 0.0, "uso_antropico_pct": 4.8, "supressao_ha": 2.7, "regeneracao_ha": 0.99, "titularidade": "sem_registro_conhecido", "municipio": "Mateus Leme", "codigo_ibge": "3140704", "largura_media_m": 311.0, "compacidade": 0.029, "ponto_lat": -20.003293, "ponto_lon": -44.379845, "utm_e": 564871.1, "utm_n": 7788034.2 }, "geometry": { "type": "Polygon", "coordinates": [ [ [ -44.36449226, -19.98377115, 786.269348396501186 ], [ -44.36004881, -19.98670112, 786.269348396501186 ], [ -44.35859184, -19.98806291, 786.269348396501186 ], [ -44.36010048, -19.98995907, 791.135118694884795 ], [ -44.36106121, -19.98946507, 786.269348396501186 ], [ -44.36223926, -19.98937885, 786.269348396501186 ], [ -44.36218827, -19.98979122, 791.135118694884795 ], [ -44.36050437, -19.99035186, 791.135118694884795 ], [ -44.36072492, -19.99085178, 791.135118694884795 ], [ -44.36141317, -19.99091014, 791.135118694884795 ], [ -44.36149258, -19.99144886, 791.135118694884795 ], [ -44.36239927, -19.99178371, 791.135118694884795 ], [ -44.36273644, -19.99222641, 791.135118694884795 ], [ -44.36597858, -19.98982476, 791.135118694884795 ], [ -44.36745794, -19.98920089, 786.269348396501186 ], [ -44.36816055, -19.98734537, 786.269348396501186 ], [ -44.36892311, -19.98623346, 786.269348396501186 ], [ -44.36936738, -19.98623405, 786.269348396501186 ], [ -44.36823194, -19.98881577, 786.269348396501186 ], [ -44.37072177, -19.98984376, 791.135118694884795 ], [ -44.37148049, -19.99028321, 791.135118694884795 ], [ -44.37150191, -19.990631, 791.135118694884795 ], [ -44.37117393, -19.99072383, 791.135118694884795 ], [ -44.36807432, -19.9893639, 786.269348396501186 ], [ -44.36403705, -19.991884809999988, 791.135118694884795 ], [ -44.36366061, -19.99269805, 791.135118694884795 ], [ -44.36455788, -19.99311543, 791.135118694884795 ], [ -44.36637938, -19.99522124, 791.135118694884795 ], [ -44.36681325, -19.99509852, 791.135118694884795 ], [ -44.36727598, -19.99423526, 791.135118694884795 ], [ -44.36896288, -19.99278756, 791.135118694884795 ], [ -44.37077254, -19.99198642, 791.135118694884795 ], [ -44.37150261, -19.9919045, 791.135118694884795 ], [ -44.37171112, -19.99224591, 791.135118694884795 ], [ -44.36881149, -19.99355992, 791.135118694884795 ], [ -44.36677425, -19.99571085, 791.135118694884795 ], [ -44.36803066, -19.99628207, 791.135118694884795 ], [ -44.36908734, -19.99539832, 791.135118694884795 ], [ -44.37044004, -19.99490581, 791.135118694884795 ], [ -44.37051572, -19.99534063, 791.135118694884795 ], [ -44.36856821, -19.99659879, 791.135118694884795 ], [ -44.37060814, -19.99818343, 791.135118694884795 ], [ -44.37462343, -19.99488075, 791.135118694884795 ], [ -44.37573748, -19.99471655, 791.135118694884795 ], [ -44.3758531, -19.99520349, 791.135118694884795 ], [ -44.37494725, -19.99533035, 791.135118694884795 ], [ -44.37120703, -19.99839424, 791.135118694884795 ], [ -44.37251568, -19.99887046, 791.135118694884795 ], [ -44.37357949, -20.00020088, 791.135118694884795 ], [ -44.37495932, -20.00049218, 791.135118694884795 ], [ -44.37564112, -19.99901438, 791.135118694884795 ], [ -44.37694367, -19.99734045, 791.135118694884795 ], [ -44.37720487, -19.9977286, 791.135118694884795 ], [ -44.37554686, -20.00062001, 791.135118694884795 ], [ -44.37684585, -20.00032743, 791.135118694884795 ], [ -44.37805801, -20.00076927, 791.135118694884795 ], [ -44.37913466, -19.99964343, 791.135118694884795 ], [ -44.37906459, -19.99801131, 791.135118694884795 ], [ -44.37941302, -19.99779468, 791.135118694884795 ], [ -44.37967317, -19.99809906, 791.135118694884795 ], [ -44.3797516, -19.99953067, 791.135118694884795 ], [ -44.37936743, -20.00035062, 791.135118694884795 ], [ -44.37871147, -20.00069931, 791.135118694884795 ], [ -44.38202356, -20.00024495, 791.135118694884795 ], [ -44.38449605, -20.00061344, 791.135118694884795 ], [ -44.38835868, -20.00164934, 791.135118694884795 ], [ -44.39020243, -20.00305611, 791.135118694884795 ], [ -44.39097733, -20.00320286, 791.135118694884795 ], [ -44.39108303, -20.0035366, 791.135118694884795 ], [ -44.39079332, -20.00373562, 791.135118694884795 ], [ -44.38996898, -20.00355296, 791.135118694884795 ], [ -44.38813455, -20.00214912, 791.135118694884795 ], [ -44.38437503, -20.00114348, 791.135118694884795 ], [ -44.38201999, -20.00078712, 791.135118694884795 ], [ -44.37917315, -20.00111158, 791.135118694884795 ], [ -44.38005151, -20.00128096, 791.135118694884795 ], [ -44.38146748, -20.00234527, 791.135118694884795 ], [ -44.38154644, -20.00266019, 791.135118694884795 ], [ -44.38121709, -20.00281655, 791.135118694884795 ], [ -44.37967501, -20.00171085, 791.135118694884795 ], [ -44.37696826, -20.00090045, 791.135118694884795 ], [ -44.3753386, -20.00120937, 791.135118694884795 ], [ -44.37353905, -20.00078928, 791.135118694884795 ], [ -44.37285968, -20.00037591, 791.135118694884795 ], [ -44.3719835, -19.9991778, 791.135118694884795 ], [ -44.37155611, -20.00023766, 791.135118694884795 ], [ -44.37074135, -20.00072724, 791.135118694884795 ], [ -44.37017041, -20.00240051, 791.135118694884795 ], [ -44.37026818, -20.00307444, 791.135118694884795 ], [ -44.36986438, -20.00324544, 791.135118694884795 ], [ -44.3696011, -20.00232576, 791.135118694884795 ], [ -44.37020844, -20.00052568, 791.135118694884795 ], [ -44.370609450000011, -20.00000669, 791.135118694884795 ], [ -44.37112754, -19.9998749, 791.135118694884795 ], [ -44.37141225, -19.99923281, 791.135118694884795 ], [ -44.36816164, -19.99698731, 791.135118694884795 ], [ -44.36591579, -19.9958783, 791.135118694884795 ], [ -44.36320415, -19.99372362, 791.135118694884795 ], [ -44.36259036, -19.99438952, 791.135118694884795 ], [ -44.36314893, -19.99946133, 791.135118694884795 ], [ -44.36295435, -20.00063206, 791.135118694884795 ], [ -44.36343359, -20.00212434, 791.135118694884795 ], [ -44.36301873, -20.00238226, 791.135118694884795 ], [ -44.36238089, -20.00066816, 791.135118694884795 ], [ -44.36257567, -19.99949729, 791.135118694884795 ], [ -44.36226813, -19.99819054, 791.135118694884795 ], [ -44.36201123, -19.99474377, 791.135118694884795 ], [ -44.36226428, -19.993421, 791.135118694884795 ], [ -44.36204629, -19.99292212, 791.135118694884795 ], [ -44.35998995, -19.99208966, 791.135118694884795 ], [ -44.35812644, -19.99070709, 791.135118694884795 ], [ -44.35712143, -19.98953685, 791.135118694884795 ], [ -44.35555918, -19.98893681, 786.269348396501186 ], [ -44.35513375, -19.98817611, 786.269348396501186 ], [ -44.35448344, -19.98808804, 786.269348396501186 ], [ -44.35357557, -19.98725756, 786.269348396501186 ], [ -44.351488, -19.98651297000001, 786.269348396501186 ], [ -44.34899097, -19.9862299, 786.269348396501186 ], [ -44.349184029412903, -19.989462314391599, 791.135118694884795 ], [ -44.3509482, -19.99041229, 791.135118694884795 ], [ -44.35177719, -19.99168966, 791.135118694884795 ], [ -44.35232395, -19.99089066, 791.135118694884795 ], [ -44.35282121, -19.99092127, 791.135118694884795 ], [ -44.35201969, -19.99221987, 791.135118694884795 ], [ -44.35208195, -19.992803, 791.135118694884795 ], [ -44.35314076, -19.99336996, 791.135118694884795 ], [ -44.35372325, -19.99329787, 791.135118694884795 ], [ -44.35380018, -19.99237702, 791.135118694884795 ], [ -44.35432584, -19.99232675, 791.135118694884795 ], [ -44.3541722, -19.99495599, 791.135118694884795 ], [ -44.35604774, -19.99711639, 791.135118694884795 ], [ -44.35714344, -19.9989621, 791.135118694884795 ], [ -44.35763996, -20.00129702, 791.135118694884795 ], [ -44.35739379, -20.00167606, 791.135118694884795 ], [ -44.35671117, -20.00050225, 791.135118694884795 ], [ -44.35627352, -19.99846893, 791.135118694884795 ], [ -44.35410765, -19.99714248, 791.135118694884795 ], [ -44.35264885, -19.99564783, 791.135118694884795 ], [ -44.35119888, -19.9946758, 791.135118694884795 ], [ -44.35067742, -19.99441684, 791.135118694884795 ], [ -44.35014568, -19.99452705, 791.135118694884795 ], [ -44.34989197, -19.99542434, 791.135118694884795 ], [ -44.34890448, -19.99645271, 791.135118694884795 ], [ -44.34923364, -19.99989398, 791.135118694884795 ], [ -44.35088656, -20.00081856, 791.135118694884795 ], [ -44.35231888, -20.00239402, 791.135118694884795 ], [ -44.35226033, -20.00340642, 791.135118694884795 ], [ -44.35400656, -20.00346264, 791.135118694884795 ], [ -44.35485826, -20.00260826, 791.135118694884795 ], [ -44.35529811, -20.00275036, 791.135118694884795 ], [ -44.35479459, -20.00357485, 791.135118694884795 ], [ -44.35487855, -20.00420922, 791.135118694884795 ], [ -44.3537357, -20.00470356, 791.135118694884795 ], [ -44.35369744, -20.00598056, 791.135118694884795 ], [ -44.35459866, -20.006256, 791.135118694884795 ], [ -44.35608137, -20.005341539999989, 791.135118694884795 ], [ -44.35654778, -20.00562173, 791.135118694884795 ], [ -44.35431489, -20.0069551, 791.135118694884795 ], [ -44.35453291, -20.00763611, 791.135118694884795 ], [ -44.35680132, -20.00849272, 791.135118694884795 ], [ -44.35898389, -20.00651592, 791.135118694884795 ], [ -44.35917759, -20.00689461, 791.135118694884795 ], [ -44.35766904, -20.00917321, 791.135118694884795 ], [ -44.35802765, -20.00944566, 791.135118694884795 ], [ -44.35851543, -20.00903845, 791.135118694884795 ], [ -44.35940693, -20.00917133, 791.135118694884795 ], [ -44.36113734, -20.00662723, 791.135118694884795 ], [ -44.36375593, -20.00453973, 791.135118694884795 ], [ -44.3638859, -20.00496034, 791.135118694884795 ], [ -44.3615694, -20.00698662, 791.135118694884795 ], [ -44.36055385, -20.00869623, 791.135118694884795 ], [ -44.36031432, -20.01027911, 791.135118694884795 ], [ -44.36097288, -20.01099531, 791.135118694884795 ], [ -44.36180333, -20.01135333, 791.135118694884795 ], [ -44.36566438, -20.00959345, 791.135118694884795 ], [ -44.36759116, -20.00558879, 791.135118694884795 ], [ -44.36800361, -20.0059071, 791.135118694884795 ], [ -44.3671155, -20.00752115, 791.135118694884795 ], [ -44.36686623, -20.00949494, 791.135118694884795 ], [ -44.36889077, -20.00975513, 791.135118694884795 ], [ -44.36952389, -20.00867334, 791.135118694884795 ], [ -44.37044805, -20.00814136, 791.135118694884795 ], [ -44.37068591, -20.00857227, 791.135118694884795 ], [ -44.36995541, -20.00903197, 791.135118694884795 ], [ -44.36941296, -20.01004093, 791.135118694884795 ], [ -44.37112913, -20.01016256, 791.135118694884795 ], [ -44.37369943, -20.00770278, 791.135118694884795 ], [ -44.37443318, -20.00731785, 791.135118694884795 ], [ -44.37463628, -20.00775741, 791.135118694884795 ], [ -44.3722519, -20.00988807, 791.135118694884795 ], [ -44.37210998, -20.01045546, 791.135118694884795 ], [ -44.3724373, -20.01123753, 791.135118694884795 ], [ -44.37312055, -20.01200769, 791.135118694884795 ], [ -44.37423305, -20.01163959, 791.135118694884795 ], [ -44.37518646, -20.009070489999988, 791.135118694884795 ], [ -44.37598573, -20.00850542, 791.135118694884795 ], [ -44.37614607, -20.00887303, 791.135118694884795 ], [ -44.37514457, -20.0105182, 791.135118694884795 ], [ -44.37527765, -20.01196063, 791.135118694884795 ], [ -44.37557299, -20.01229988, 791.135118694884795 ], [ -44.37752838, -20.01290759, 791.135118694884795 ], [ -44.37843726, -20.01417115, 791.135118694884795 ], [ -44.37913833, -20.01442513, 791.135118694884795 ], [ -44.3802922, -20.0136432, 791.135118694884795 ], [ -44.38041026, -20.01082113, 791.135118694884795 ], [ -44.37893402, -20.00997081, 791.135118694884795 ], [ -44.37772326, -20.00786934, 791.135118694884795 ], [ -44.37661025, -20.00737519, 791.135118694884795 ], [ -44.37654625, -20.0070321, 791.135118694884795 ], [ -44.37700221, -20.00692, 791.135118694884795 ], [ -44.37796462, -20.00731228, 791.135118694884795 ], [ -44.37934059, -20.00958618, 791.135118694884795 ], [ -44.38096353, -20.01067217, 791.135118694884795 ], [ -44.38140057, -20.01068803, 791.135118694884795 ], [ -44.38218325, -20.00939091, 791.135118694884795 ], [ -44.38378432, -20.00773813, 791.135118694884795 ], [ -44.3841354, -20.00624406, 791.135118694884795 ], [ -44.38529142, -20.00544594, 791.135118694884795 ], [ -44.38548365, -20.00582541, 791.135118694884795 ], [ -44.3846181, -20.00654508, 791.135118694884795 ], [ -44.38428383, -20.00800762, 791.135118694884795 ], [ -44.38242034, -20.010017959999988, 791.135118694884795 ], [ -44.38393494, -20.00978507, 791.135118694884795 ], [ -44.38526508, -20.00878755, 791.135118694884795 ], [ -44.38745013, -20.00844061, 791.135118694884795 ], [ -44.38914638, -20.00735576, 791.135118694884795 ], [ -44.3916148, -20.00740477, 791.135118694884795 ], [ -44.39184157, -20.00780762, 791.135118694884795 ], [ -44.38930973, -20.00787586, 791.135118694884795 ], [ -44.38768601, -20.00893476, 791.135118694884795 ], [ -44.38545198, -20.00930005, 791.135118694884795 ], [ -44.38420365, -20.01026571, 791.135118694884795 ], [ -44.38215468, -20.01060462, 791.135118694884795 ], [ -44.3816903, -20.01116808, 791.135118694884795 ], [ -44.38102586, -20.01122725, 791.135118694884795 ], [ -44.38160717, -20.01346447, 791.135118694884795 ], [ -44.38100392, -20.01533907, 791.135118694884795 ], [ -44.38133134000001, -20.01539967, 791.135118694884795 ], [ -44.38226954, -20.01462317, 791.135118694884795 ], [ -44.38569659, -20.01428596, 791.135118694884795 ], [ -44.38752465, -20.01286643, 791.135118694884795 ], [ -44.38777022, -20.01327674, 791.135118694884795 ], [ -44.38648235, -20.01452795, 791.135118694884795 ], [ -44.38822056, -20.014934, 791.135118694884795 ], [ -44.38889776, -20.01360617, 791.135118694884795 ], [ -44.38931061, -20.01351386, 791.135118694884795 ], [ -44.3894566, -20.01383375, 791.135118694884795 ], [ -44.38873213, -20.01558522, 791.135118694884795 ], [ -44.38961901, -20.01597004, 791.135118694884795 ], [ -44.39205816, -20.01452517, 791.135118694884795 ], [ -44.39309628, -20.01271627, 791.135118694884795 ], [ -44.39419431, -20.01164294, 791.135118694884795 ], [ -44.39431467, -20.01122783, 791.135118694884795 ], [ -44.39296215, -20.01058647, 791.135118694884795 ], [ -44.3930019, -20.01026501, 791.135118694884795 ], [ -44.39337103, -20.01020068, 791.135118694884795 ], [ -44.39459815, -20.01074495, 791.135118694884795 ], [ -44.39492924, -20.01137947, 791.135118694884795 ], [ -44.39356694, -20.01303044, 791.135118694884795 ], [ -44.39270944, -20.01465922, 791.135118694884795 ], [ -44.39506887, -20.01586357, 791.135118694884795 ], [ -44.39758503, -20.01537049, 791.135118694884795 ], [ -44.39762792, -20.01586853, 791.135118694884795 ], [ -44.396603, -20.01597302, 791.135118694884795 ], [ -44.39857085, -20.01711809, 791.135118694884795 ], [ -44.39809932, -20.0173015, 791.135118694884795 ], [ -44.395959670000011, -20.01619472, 791.135118694884795 ], [ -44.39481944, -20.01636322, 791.135118694884795 ], [ -44.39188096, -20.015074200000011, 791.135118694884795 ], [ -44.39152361, -20.01565116, 791.135118694884795 ], [ -44.3906809, -20.01602916, 791.135118694884795 ], [ -44.39036593, -20.01695254, 791.135118694884795 ], [ -44.39049335, -20.017913, 791.135118694884795 ], [ -44.39008605, -20.01969637, 791.135118694884795 ], [ -44.39097623, -20.02176534, 791.135118694884795 ], [ -44.39165054, -20.02212818, 791.135118694884795 ], [ -44.39265045, -20.02176289, 791.135118694884795 ], [ -44.39294712, -20.02077893, 791.135118694884795 ], [ -44.39443198, -20.01986043, 791.135118694884795 ], [ -44.39589089, -20.0194784, 791.135118694884795 ], [ -44.39725759, -20.01860086, 791.135118694884795 ], [ -44.39947383, -20.0183791, 791.135118694884795 ], [ -44.39953638, -20.01888495, 791.135118694884795 ], [ -44.39743747, -20.01911969, 791.135118694884795 ], [ -44.39613959, -20.01997051, 791.135118694884795 ], [ -44.39469905, -20.02034144, 791.135118694884795 ], [ -44.39343408, -20.02107851, 791.135118694884795 ], [ -44.39322561, -20.02175723, 791.135118694884795 ], [ -44.39462101, -20.022689719999985, 791.135118694884795 ], [ -44.39546862, -20.02254021, 791.135118694884795 ], [ -44.39856756, -20.02307138, 791.135118694884795 ], [ -44.40012891, -20.02107719, 857.656956769056933 ], [ -44.40055901, -20.01998709, 857.656956769056933 ], [ -44.40102359, -20.01974662, 857.656956769056933 ], [ -44.40126854, -20.02006645, 857.656956769056933 ], [ -44.40082632, -20.02101014, 857.656956769056933 ], [ -44.39912411, -20.02340475, 791.135118694884795 ], [ -44.40043527, -20.023514659999989, 857.656956769056933 ], [ -44.40184638, -20.02406022, 857.656956769056933 ], [ -44.40244526, -20.02359, 857.656956769056933 ], [ -44.402377, -20.02244944, 857.656956769056933 ], [ -44.40302032, -20.0196818, 857.656956769056933 ], [ -44.40349085, -20.01990515, 857.656956769056933 ], [ -44.40294377, -20.0225361, 857.656956769056933 ], [ -44.403015, -20.02367314, 857.656956769056933 ], [ -44.40422222, -20.02352584, 857.656956769056933 ], [ -44.4051315, -20.02234038, 857.656956769056933 ], [ -44.40604821, -20.02185714, 857.656956769056933 ], [ -44.40572494, -20.02148218, 857.656956769056933 ], [ -44.40454047, -20.02114005, 857.656956769056933 ], [ -44.40449134, -20.02073926, 857.656956769056933 ], [ -44.4048888, -20.02063021, 857.656956769056933 ], [ -44.40620093, -20.02111465, 857.656956769056933 ], [ -44.40693894, -20.02050242, 857.656956769056933 ], [ -44.40739563, -20.01923478, 857.656956769056933 ], [ -44.40848695, -20.01837157, 857.656956769056933 ], [ -44.40871692, -20.01874807, 857.656956769056933 ], [ -44.40786337, -20.01954987, 857.656956769056933 ], [ -44.4074276, -20.02078927, 857.656956769056933 ], [ -44.40667843, -20.02142283, 857.656956769056933 ], [ -44.40649056, -20.02230947, 857.656956769056933 ], [ -44.40555425, -20.02272965, 857.656956769056933 ], [ -44.40478247, -20.02372398, 857.656956769056933 ], [ -44.40530436, -20.02397382, 857.656956769056933 ], [ -44.40676213, -20.02383413, 857.656956769056933 ], [ -44.40841946, -20.02473693, 857.656956769056933 ], [ -44.409284125237072, -20.023958304564534, 778.204810473143084 ], [ -44.409362648200606, -20.021871672478543, 826.13 ], [ -44.409905198482505, -20.020082758478726, 843.44 ], [ -44.410589473786004, -20.018972759453149, 861.73 ], [ -44.410914650246873, -20.017862466832355, 858.63 ], [ -44.412266142549981, -20.01764900197205, 859.53 ], [ -44.412597192705007, -20.017490817303511, 859.961868057709125 ], [ -44.4109042, -20.01776758, 857.656956769056933 ], [ -44.41063406, -20.01867761, 857.656956769056933 ], [ -44.40928208, -20.01707471, 857.656956769056933 ], [ -44.40809469, -20.0171011, 857.656956769056933 ], [ -44.40801553, -20.01686362, 857.656956769056933 ], [ -44.40698645, -20.01696917, 857.656956769056933 ], [ -44.40711839, -20.01794547, 857.656956769056933 ], [ -44.40223821, -20.01821918, 857.656956769056933 ], [ -44.40237254, -20.01772773, 857.656956769056933 ], [ -44.39999252, -20.01625365, 791.135118694884795 ], [ -44.39910326, -20.01500534, 791.135118694884795 ], [ -44.39668202196917, -20.013854756943616, 728.1 ], [ -44.396222449188528, -20.01170390959307, 723.09 ], [ -44.397643343259688, -20.011009153853276, 759.90094518450519 ], [ -44.397322499262913, -20.009939687710727, 791.135118694884795 ], [ -44.39627935, -20.00990884, 791.135118694884795 ], [ -44.39605926, -20.00962939, 791.135118694884795 ], [ -44.39629918, -20.00935986, 791.135118694884795 ], [ -44.397153254656338, -20.009375540519731, 791.135118694884795 ], [ -44.39701896, -20.00892789, 791.135118694884795 ], [ -44.39514552, -20.009033429999988, 791.135118694884795 ], [ -44.395036355136007, -20.00794177711283, 791.135118694884795 ], [ -44.39332297, -20.00795637, 791.135118694884795 ], [ -44.39331655, -20.00724828, 791.135118694884795 ], [ -44.394965450413146, -20.007232720130691, 791.135118694884795 ], [ -44.39493443, -20.00692251, 791.135118694884795 ], [ -44.39376712, -20.00676201, 791.135118694884795 ], [ -44.39381003, -20.00547159, 791.135118694884795 ], [ -44.394774003563327, -20.005539954807048, 791.135118694884795 ], [ -44.39484327499212, -20.005015469558092, 791.135118694884795 ], [ -44.39334025, -20.00502574, 791.135118694884795 ], [ -44.39334899, -20.00423612, 791.135118694884795 ], [ -44.39478167, -20.00434483, 791.135118694884795 ], [ -44.39496081, -20.00412555, 791.135118694884795 ], [ -44.39333746, -20.0041778, 791.135118694884795 ], [ -44.39336088, -20.00237927, 791.135118694884795 ], [ -44.39155313, -20.000898, 791.135118694884795 ], [ -44.38911304, -20.00052266, 791.135118694884795 ], [ -44.38726146, -19.99918685, 791.135118694884795 ], [ -44.38513489, -19.9970719, 791.135118694884795 ], [ -44.38446484, -19.99594759, 791.135118694884795 ], [ -44.3834827, -19.99647347, 791.135118694884795 ], [ -44.38298135, -19.99586658, 791.135118694884795 ], [ -44.38205961, -19.99543871, 791.135118694884795 ], [ -44.3818473, -19.99513353, 791.135118694884795 ], [ -44.38274948, -19.99313973, 791.135118694884795 ], [ -44.38252374, -19.99171817, 791.135118694884795 ], [ -44.379157709984817, -19.991308407153955, 791.135118694884795 ], [ -44.37969811, -19.9926593, 791.135118694884795 ], [ -44.38059146, -19.99360862, 791.135118694884795 ], [ -44.38036152, -19.99398512, 791.135118694884795 ], [ -44.37929992, -19.99308453, 791.135118694884795 ], [ -44.378565655231142, -19.991360889581973, 791.135118694884795 ], [ -44.376337043887283, -19.992570818997031, 791.135118694884795 ], [ -44.37648296, -19.99270794, 791.135118694884795 ], [ -44.37609673, -19.99294992, 791.135118694884795 ], [ -44.37530575, -19.9931307, 791.135118694884795 ], [ -44.37478549, -19.992933, 791.135118694884795 ], [ -44.37390405, -19.99219527, 791.135118694884795 ], [ -44.370206608574641, -19.985972803313803, 850.0 ], [ -44.369768841576686, -19.985581795740657, 848.669 ], [ -44.368597944699061, -19.985650914430479, 847.0 ], [ -44.36728330017128, -19.984519946524891, 838.473 ], [ -44.366886835653276, -19.98229485125654, 847.862838317102273 ], [ -44.36622333, -19.98199462, 786.269348396501186 ], [ -44.36449226, -19.98377115, 786.269348396501186 ] ] ] } },
{ "type": "Feature", "properties": { "area_ha": 928.2, "proveniencia": "limite_municipal − cadastro − exclusoes", "veg_nativa_pct": 85.6, "silvicultura_pct": 0.0, "uso_antropico_pct": 14.1, "supressao_ha": 0.36, "regeneracao_ha": 8.46, "titularidade": "sem_registro_conhecido", "municipio": "Mateus Leme", "codigo_ibge": "3140704", "largura_media_m": 566.0, "compacidade": 0.109, "ponto_lat": -20.026113, "ponto_lon": -44.361277, "utm_e": 566803.8, "utm_n": 7785501.5 }, "geometry": { "type": "Polygon", "coordinates": [ [ [ -44.35588347, -20.03001368, 791.135118694884795 ], [ -44.35718435, -20.03036315, 791.135118694884795 ], [ -44.3581247, -20.03120613, 791.135118694884795 ], [ -44.35975377, -20.03191024, 791.135118694884795 ], [ -44.36018039, -20.03355327, 791.135118694884795 ], [ -44.359726430435309, -20.03491194935447, 791.135118694884795 ], [ -44.363348387282194, -20.038912655976912, 791.135118694884795 ], [ -44.36513449, -20.03798638, 791.135118694884795 ], [ -44.36679027, -20.03752976, 791.135118694884795 ], [ -44.36900509, -20.03286047, 791.135118694884795 ], [ -44.36935359, -20.0330771, 791.135118694884795 ], [ -44.36917506, -20.0339523, 791.135118694884795 ], [ -44.36766225, -20.03715041, 791.135118694884795 ], [ -44.37021166, -20.03718232, 791.135118694884795 ], [ -44.37190477, -20.03633393, 791.135118694884795 ], [ -44.37386265, -20.03623663, 791.135118694884795 ], [ -44.37462821, -20.03576474, 791.135118694884795 ], [ -44.37498391, -20.03585696, 791.135118694884795 ], [ -44.37496248, -20.03620475, 791.135118694884795 ], [ -44.37422738, -20.03669882, 791.135118694884795 ], [ -44.3720594, -20.03685647, 791.135118694884795 ], [ -44.370317, -20.03771597, 791.135118694884795 ], [ -44.36793679, -20.03764034, 791.135118694884795 ], [ -44.36536318, -20.03848352, 791.135118694884795 ], [ -44.363753636177286, -20.039360264987369, 791.135118694884795 ], [ -44.365834706599998, -20.041658813100003, 791.135118694884795 ], [ -44.366782954656614, -20.044537157132432, 791.135118694884795 ], [ -44.3683298, -20.04508147, 791.135118694884795 ], [ -44.36902817, -20.04490877, 791.135118694884795 ], [ -44.371400014453819, -20.043309855047411, 791.135118694884795 ], [ -44.37089969, -20.04253733, 791.135118694884795 ], [ -44.37686179, -20.0368238, 791.135118694884795 ], [ -44.37875021, -20.0372954, 791.135118694884795 ], [ -44.37976590885723, -20.038811297805584, 856.69702751244472 ], [ -44.379009424891208, -20.037410735325853, 852.488 ], [ -44.387470775907815, -20.039363443164557, 791.135118694884795 ], [ -44.388556, -20.0363804, 791.135118694884795 ], [ -44.39126574, -20.0329112, 791.135118694884795 ], [ -44.3915635, -20.03205495, 791.135118694884795 ], [ -44.38847404, -20.03159081, 791.135118694884795 ], [ -44.38762172, -20.03105896, 791.135118694884795 ], [ -44.38742226, -20.03017436, 791.135118694884795 ], [ -44.38642163, -20.03145142, 791.135118694884795 ], [ -44.38355026, -20.03270905, 791.135118694884795 ], [ -44.38269354, -20.03369903, 791.135118694884795 ], [ -44.38143678, -20.03417364, 791.135118694884795 ], [ -44.37937052, -20.0362976, 791.135118694884795 ], [ -44.3788657, -20.03615177, 791.135118694884795 ], [ -44.38107386, -20.03375186, 791.135118694884795 ], [ -44.382335, -20.03327456, 791.135118694884795 ], [ -44.38324737, -20.03224816, 791.135118694884795 ], [ -44.3851295, -20.03148981, 791.135118694884795 ], [ -44.38230539, -20.03028747, 791.135118694884795 ], [ -44.38030196, -20.03065393, 791.135118694884795 ], [ -44.38011765, -20.03017535, 791.135118694884795 ], [ -44.38218691, -20.02970281, 791.135118694884795 ], [ -44.38569327, -20.03122096, 791.135118694884795 ], [ -44.38756819, -20.0291603, 791.135118694884795 ], [ -44.38821518, -20.02732424, 791.135118694884795 ], [ -44.38797563, -20.0261693, 791.135118694884795 ], [ -44.38821355, -20.02539288, 791.135118694884795 ], [ -44.3894355, -20.02427371, 791.135118694884795 ], [ -44.38940673, -20.0237585, 791.135118694884795 ], [ -44.38755607, -20.02015256, 791.135118694884795 ], [ -44.38744996, -20.0184783, 791.135118694884795 ], [ -44.38653641, -20.01727377, 791.135118694884795 ], [ -44.38581604, -20.0171248, 791.135118694884795 ], [ -44.38488498, -20.01746189, 791.135118694884795 ], [ -44.38340978, -20.01865585, 791.135118694884795 ], [ -44.38228733, -20.01867384, 791.135118694884795 ], [ -44.38153154, -20.02072092, 791.135118694884795 ], [ -44.38096231, -20.02140811, 791.135118694884795 ], [ -44.38078313, -20.0227632, 791.135118694884795 ], [ -44.38048658, -20.02292502, 791.135118694884795 ], [ -44.38017171, -20.02256589, 791.135118694884795 ], [ -44.38033382, -20.02148858, 791.135118694884795 ], [ -44.38100705, -20.02049462, 791.135118694884795 ], [ -44.38170962, -20.01838838, 791.135118694884795 ], [ -44.37971037, -20.01814558, 791.135118694884795 ], [ -44.37817814, -20.01728767, 791.135118694884795 ], [ -44.37723432, -20.01708659, 791.135118694884795 ], [ -44.37662253, -20.01963101, 791.135118694884795 ], [ -44.37618591, -20.01985577, 791.135118694884795 ], [ -44.37599774, -20.01958536, 791.135118694884795 ], [ -44.37645819, -20.01706461, 791.135118694884795 ], [ -44.37624112, -20.01654303, 791.135118694884795 ], [ -44.37537129, -20.01596928, 791.135118694884795 ], [ -44.37492091, -20.01521628, 791.135118694884795 ], [ -44.37232302, -20.01565885, 791.135118694884795 ], [ -44.37165492, -20.01715076, 791.135118694884795 ], [ -44.3717375, -20.0196878, 791.135118694884795 ], [ -44.37437842, -20.02583978, 791.135118694884795 ], [ -44.37448626, -20.02954188, 791.135118694884795 ], [ -44.37555696, -20.03201716, 791.135118694884795 ], [ -44.37546372, -20.03252577, 791.135118694884795 ], [ -44.37508154, -20.03272449, 791.135118694884795 ], [ -44.37391802, -20.02961832, 791.135118694884795 ], [ -44.3738223, -20.02597799, 791.135118694884795 ], [ -44.37154443, -20.02081239, 791.135118694884795 ], [ -44.37069394, -20.02189041, 791.135118694884795 ], [ -44.37038693, -20.02306138, 791.135118694884795 ], [ -44.3692397, -20.02421416, 791.135118694884795 ], [ -44.36876067, -20.02900441, 791.135118694884795 ], [ -44.36850875, -20.02936103, 791.135118694884795 ], [ -44.3681288, -20.02918508, 791.135118694884795 ], [ -44.36869572, -20.02404032, 791.135118694884795 ], [ -44.36990032, -20.02277311, 791.135118694884795 ], [ -44.37019249, -20.02161786, 791.135118694884795 ], [ -44.37131559, -20.0202592, 791.135118694884795 ], [ -44.37103083, -20.01876392, 791.135118694884795 ], [ -44.37054437, -20.01814589, 791.135118694884795 ], [ -44.37036411, -20.0145702, 791.135118694884795 ], [ -44.36895941, -20.01311564, 791.135118694884795 ], [ -44.36731338, -20.01272643, 791.135118694884795 ], [ -44.36208613, -20.01473715, 791.135118694884795 ], [ -44.36040829, -20.01457002, 791.135118694884795 ], [ -44.35991972, -20.01482679, 791.135118694884795 ], [ -44.35942841, -20.01366271, 791.135118694884795 ], [ -44.35584743, -20.01260751, 791.135118694884795 ], [ -44.35365616, -20.01078551, 791.135118694884795 ], [ -44.35095101, -20.01041356, 791.135118694884795 ], [ -44.34826431, -20.00712334, 791.135118694884795 ], [ -44.34680933, -20.00925585, 791.135118694884795 ], [ -44.346936, -20.01025288, 791.135118694884795 ], [ -44.34828573, -20.01307741, 791.135118694884795 ], [ -44.34791331, -20.01659438, 791.135118694884795 ], [ -44.35044097, -20.01930941, 791.135118694884795 ], [ -44.35099555, -20.0210367, 791.135118694884795 ], [ -44.35152913, -20.02094134, 791.135118694884795 ], [ -44.35418664, -20.01845161, 791.135118694884795 ], [ -44.35564148, -20.01787292, 791.135118694884795 ], [ -44.35601091, -20.01806806, 791.135118694884795 ], [ -44.3558938, -20.01837219, 791.135118694884795 ], [ -44.35447198, -20.01892355, 791.135118694884795 ], [ -44.353612426993372, -20.019672056239994, 791.135118694884795 ], [ -44.35323721, -20.02111678, 791.135118694884795 ], [ -44.35250653, -20.02240325, 791.135118694884795 ], [ -44.3528005, -20.02309368, 791.135118694884795 ], [ -44.35267161, -20.0243734, 791.135118694884795 ], [ -44.35385052, -20.02560073, 791.135118694884795 ], [ -44.35416894, -20.02636091, 791.135118694884795 ], [ -44.35426535, -20.02733662, 791.135118694884795 ], [ -44.353937713050094, -20.028517337097714, 791.135118694884795 ], [ -44.35588347, -20.03001368, 791.135118694884795 ] ], [ [ -44.36442375, -20.01472609, 791.135118694884795 ], [ -44.36493874, -20.01412124, 791.135118694884795 ], [ -44.36717033, -20.01432286, 791.135118694884795 ], [ -44.36609745, -20.01621805, 791.135118694884795 ], [ -44.36480999, -20.0155124, 791.135118694884795 ], [ -44.36442375, -20.01472609, 791.135118694884795 ] ] ] } },
{ "type": "Feature", "properties": { "area_ha": 573.6, "proveniencia": "limite_municipal − cadastro − exclusoes", "veg_nativa_pct": 42.0, "silvicultura_pct": 0.1, "uso_antropico_pct": 56.7, "supressao_ha": 6.66, "regeneracao_ha": 14.31, "titularidade": "sem_registro_conhecido", "municipio": "Paraopeba", "codigo_ibge": "3147402", "largura_media_m": 248.0, "compacidade": 0.034, "ponto_lat": -19.31124, "ponto_lon": -44.284347, "utm_e": 575182.8, "utm_n": 7864578.7 }, "geometry": { "type": "Polygon", "coordinates": [ [ [ -44.26722826, -19.30314317, 809.890802539941319 ], [ -44.27044522, -19.30374442, 809.890802539941319 ], [ -44.27143801, -19.30496992, 809.890802539941319 ], [ -44.27354304, -19.30592037, 809.890802539941319 ], [ -44.276128556823934, -19.312416315586578, 809.890802539941319 ], [ -44.27653535, -19.31216305, 809.890802539941319 ], [ -44.27666375, -19.3106838, 809.890802539941319 ], [ -44.27730242, -19.30964837, 809.890802539941319 ], [ -44.27729173, -19.30762146, 809.890802539941319 ], [ -44.27768878, -19.3072189, 809.890802539941319 ], [ -44.27797588, -19.30749536, 809.890802539941319 ], [ -44.27793198, -19.30947829, 809.890802539941319 ], [ -44.27722126, -19.31082923, 809.890802539941319 ], [ -44.27705948, -19.31237826, 809.890802539941319 ], [ -44.27885597, -19.3122831, 809.890802539941319 ], [ -44.27949757, -19.31163822, 809.890802539941319 ], [ -44.27988451, -19.31054133, 809.890802539941319 ], [ -44.28157394, -19.30875701, 809.890802539941319 ], [ -44.28181225, -19.30929502, 809.890802539941319 ], [ -44.28035759, -19.31085343, 809.890802539941319 ], [ -44.27978715, -19.31212595, 809.890802539941319 ], [ -44.28086714, -19.31225808, 809.890802539941319 ], [ -44.2822926, -19.31199961, 809.890802539941319 ], [ -44.28427603, -19.31242271, 809.890802539941319 ], [ -44.28633057, -19.3121965, 809.890802539941319 ], [ -44.28913144, -19.31323115, 809.890802539941319 ], [ -44.28905337, -19.3135529, 809.890802539941319 ], [ -44.28868718, -19.31363581, 809.890802539941319 ], [ -44.28650381, -19.31276361, 809.890802539941319 ], [ -44.2842625, -19.31296466, 809.890802539941319 ], [ -44.28152637, -19.31259959, 809.890802539941319 ], [ -44.28581252, -19.31581065, 809.890802539941319 ], [ -44.28719302, -19.31592672, 809.890802539941319 ], [ -44.28730963, -19.31623088, 809.890802539941319 ], [ -44.28700002, -19.31644675, 809.890802539941319 ], [ -44.28553586, -19.31629219, 809.890802539941319 ], [ -44.2843006, -19.31553287, 809.890802539941319 ], [ -44.28337086, -19.3144864, 809.890802539941319 ], [ -44.28140287, -19.31338935, 809.890802539941319 ], [ -44.28098113, -19.31279273, 809.890802539941319 ], [ -44.27792177, -19.3128434, 809.890802539941319 ], [ -44.27964255, -19.3155386, 809.890802539941319 ], [ -44.28110805, -19.31715901, 809.890802539941319 ], [ -44.28082165, -19.31758209, 809.890802539941319 ], [ -44.27917276, -19.31585527, 809.890802539941319 ], [ -44.27756645, -19.31327226, 809.890802539941319 ], [ -44.2770564, -19.31292576, 809.890802539941319 ], [ -44.276320452463139, -19.312977054050034, 809.890802539941319 ], [ -44.27761196, -19.31697896, 809.890802539941319 ], [ -44.27848458, -19.31771735, 809.890802539941319 ], [ -44.28054697, -19.31878591, 809.890802539941319 ], [ -44.280852520997847, -19.318726992593788, 809.890802539941319 ], [ -44.281171285, -19.317954809500009, 809.890802539941319 ], [ -44.289404658976359, -19.32139429779026, 809.890802539941319 ], [ -44.29084812, -19.31813113, 809.890802539941319 ], [ -44.2917421, -19.31743541, 809.890802539941319 ], [ -44.2918761, -19.31778494, 809.890802539941319 ], [ -44.29107024, -19.31886396, 809.890802539941319 ], [ -44.2900266, -19.32156624, 809.890802539941319 ], [ -44.2921315, -19.32111204, 809.890802539941319 ], [ -44.2953821, -19.32144027, 809.890802539941319 ], [ -44.29553512, -19.32172952, 809.890802539941319 ], [ -44.29528712, -19.32195164, 809.890802539941319 ], [ -44.29214809, -19.32165426, 809.890802539941319 ], [ -44.290766879394475, -19.321963315560481, 809.890802539941319 ], [ -44.309419959700001, -19.3297535522, 809.890802539941319 ], [ -44.308270627524038, -19.333392433983317, 809.890802539941319 ], [ -44.311096304977724, -19.33165505699926, 809.890802539941319 ], [ -44.31113398, -19.33113021, 809.890802539941319 ], [ -44.311578781222757, -19.331318532259623, 809.890802539941319 ], [ -44.31242541, -19.330728, 809.890802539941319 ], [ -44.31370758, -19.32938147, 809.890802539941319 ], [ -44.31443177, -19.32745984, 809.890802539941319 ], [ -44.31277845, -19.32228324, 809.890802539941319 ], [ -44.31257518, -19.32193644, 809.890802539941319 ], [ -44.31112314, -19.32141457, 809.890802539941319 ], [ -44.30996406, -19.31954267, 809.890802539941319 ], [ -44.30952511, -19.31960519, 809.890802539941319 ], [ -44.309182307240064, -19.318701039071108, 809.890802539941319 ], [ -44.30918786, -19.31918565, 809.890802539941319 ], [ -44.30858488, -19.31964555, 809.890802539941319 ], [ -44.30685615, -19.32026801, 809.890802539941319 ], [ -44.30519965, -19.31959375, 809.890802539941319 ], [ -44.30451623, -19.31894057, 809.890802539941319 ], [ -44.304175895849951, -19.319324327067218, 809.890802539941319 ], [ -44.30565396, -19.320914019999989, 809.890802539941319 ], [ -44.30848897, -19.3208316, 809.890802539941319 ], [ -44.30830758, -19.32123082, 809.890802539941319 ], [ -44.30612431, -19.32150108, 809.890802539941319 ], [ -44.30669279, -19.32277148, 809.890802539941319 ], [ -44.30823386, -19.32443671, 809.890802539941319 ], [ -44.30797896, -19.3249041, 809.890802539941319 ], [ -44.30621522, -19.32307314, 809.890802539941319 ], [ -44.3056981, -19.32186802, 809.890802539941319 ], [ -44.3037607, -19.31970006, 809.890802539941319 ], [ -44.30335389, -19.324171, 809.890802539941319 ], [ -44.30297176, -19.32449835, 809.890802539941319 ], [ -44.30271991, -19.32421342, 809.890802539941319 ], [ -44.303157422153895, -19.319961942458935, 829.892247592962008 ], [ -44.296872502210348, -19.319365104087201, 876.30166708056754 ], [ -44.29668479, -19.32023291, 809.890802539941319 ], [ -44.29632832, -19.32048451, 809.890802539941319 ], [ -44.29607647, -19.32023109, 809.890802539941319 ], [ -44.296301766234841, -19.319310894060663, 880.516143581499136 ], [ -44.293866347964034, -19.319079551125007, 898.5 ], [ -44.296214508115717, -19.317915644237438, 876.1 ], [ -44.297731277666081, -19.316355407930867, 847.948453272785628 ], [ -44.29884158, -19.31394767, 809.890802539941319 ], [ -44.29946465, -19.3132359, 809.890802539941319 ], [ -44.30315801, -19.31224279, 809.890802539941319 ], [ -44.30378258, -19.31182778, 809.890802539941319 ], [ -44.304182582950368, -19.310738112858143, 809.890802539941319 ], [ -44.30273728, -19.31073249, 809.890802539941319 ], [ -44.30316984, -19.30987462, 809.890802539941319 ], [ -44.30349646, -19.30997233, 809.890802539941319 ], [ -44.30385359, -19.30932535, 809.890802539941319 ], [ -44.30441319, -19.30946909, 809.890802539941319 ], [ -44.305109302407516, -19.309134302627349, 809.890802539941319 ], [ -44.30474587, -19.30840775, 809.890802539941319 ], [ -44.304910131087532, -19.308536264999571, 800.708407154249358 ], [ -44.30496954, -19.30818457, 809.890802539941319 ], [ -44.30628462, -19.30733397, 809.890802539941319 ], [ -44.30725991, -19.30554353, 809.890802539941319 ], [ -44.30905853, -19.30534877, 809.890802539941319 ], [ -44.30978141, -19.30483939, 809.890802539941319 ], [ -44.31040348, -19.30493834, 809.890802539941319 ], [ -44.31132985, -19.30373019, 809.890802539941319 ], [ -44.31236481, -19.30361709, 809.890802539941319 ], [ -44.312953386541182, -19.303202996729997, 809.890802539941319 ], [ -44.31300795, -19.30256734, 809.890802539941319 ], [ -44.31228408, -19.30140368, 809.890802539941319 ], [ -44.312647686811431, -19.300613607434212, 809.890802539941319 ], [ -44.312445721134395, -19.300180728190565, 783.142994924666596 ], [ -44.30847626, -19.30130151, 809.890802539941319 ], [ -44.30816273, -19.29681737, 809.890802539941319 ], [ -44.313702137593616, -19.29683826245126, 809.890802539941319 ], [ -44.30816273, -19.29681736, 809.890802539941319 ], [ -44.30799963, -19.29389578, 809.890802539941319 ], [ -44.30972688, -19.29190456, 809.890802539941319 ], [ -44.30628616, -19.28969855, 809.890802539941319 ], [ -44.305283581248283, -19.289244153127985, 809.890802539941319 ], [ -44.3088257, -19.29142639, 809.890802539941319 ], [ -44.308312795923207, -19.292344581791866, 815.451985543778505 ], [ -44.30896944, -19.29257444, 814.47 ], [ -44.30789241, -19.29401089, 809.890802539941319 ], [ -44.30823967, -19.30114553, 809.890802539941319 ], [ -44.30661951, -19.3019009, 809.890802539941319 ], [ -44.304589999925177, -19.301064728217451, 809.890802539941319 ], [ -44.30639968, -19.30187457, 809.890802539941319 ], [ -44.30514056, -19.30276722, 841.91 ], [ -44.30445961, -19.3038872, 809.890802539941319 ], [ -44.30360417, -19.30439722, 834.25 ], [ -44.30243981, -19.30782614, 809.890802539941319 ], [ -44.30205639, -19.30812972, 844.58 ], [ -44.298690098336927, -19.30500502674845, 809.890802539941319 ], [ -44.29706542, -19.30581105, 809.890802539941319 ], [ -44.296620044457626, -19.309233300186396, 809.890802539941319 ], [ -44.29835948, -19.31092989, 809.890802539941319 ], [ -44.29636507, -19.31455576, 809.890802539941319 ], [ -44.29402734, -19.31587775, 809.890802539941319 ], [ -44.29306241, -19.3160956, 809.890802539941319 ], [ -44.29239677, -19.31682628, 809.890802539941319 ], [ -44.29169851, -19.3168176, 809.890802539941319 ], [ -44.29166511, -19.3163098, 809.890802539941319 ], [ -44.292339519059254, -19.314863758068508, 809.890802539941319 ], [ -44.29235697, -19.31363941, 809.890802539941319 ], [ -44.293262997368068, -19.312048838322696, 809.890802539941319 ], [ -44.294709460399844, -19.30763955554772, 809.890802539941319 ], [ -44.29136663, -19.30902286, 809.890802539941319 ], [ -44.29090732, -19.30881587, 809.890802539941319 ], [ -44.290030818968624, -19.309813831535759, 809.890802539941319 ], [ -44.29009203, -19.31037276, 809.890802539941319 ], [ -44.289596265148965, -19.310308597096022, 809.890802539941319 ], [ -44.28860584, -19.31143624, 809.890802539941319 ], [ -44.28776887, -19.30998065, 809.890802539941319 ], [ -44.28799443, -19.30926205, 809.890802539941319 ], [ -44.28847435, -19.309329709999989, 809.890802539941319 ], [ -44.28904402, -19.30850639, 809.890802539941319 ], [ -44.288731496776705, -19.306565669211352, 809.890802539941319 ], [ -44.28776865, -19.3099791, 809.890802539941319 ], [ -44.28663559000001, -19.30849504, 809.890802539941319 ], [ -44.285356344158785, -19.307962330755185, 809.890802539941319 ], [ -44.28489184, -19.30843142, 809.890802539941319 ], [ -44.284826647408792, -19.307698996562397, 809.890802539941319 ], [ -44.28427062, -19.3073871, 809.890802539941319 ], [ -44.27949059, -19.30561357, 809.890802539941319 ], [ -44.280436347104313, -19.30455755125293, 809.890802539941319 ], [ -44.28017948, -19.30347439, 809.890802539941319 ], [ -44.27981495, -19.30316585, 809.890802539941319 ], [ -44.27740212, -19.30265399, 809.890802539941319 ], [ -44.27408117, -19.30029576, 809.890802539941319 ], [ -44.27194917, -19.2994986, 809.890802539941319 ], [ -44.27263626, -19.30104046, 809.890802539941319 ], [ -44.27371007, -19.30187344, 809.890802539941319 ], [ -44.27530125, -19.30398501, 809.890802539941319 ], [ -44.2752564, -19.30592811, 809.890802539941319 ], [ -44.27463532, -19.30652511, 809.890802539941319 ], [ -44.27442073, -19.3062388, 809.890802539941319 ], [ -44.27484138, -19.30512473, 809.890802539941319 ], [ -44.27476209, -19.30416603, 809.890802539941319 ], [ -44.27328444, -19.30223507, 809.890802539941319 ], [ -44.27217466, -19.30136347, 809.890802539941319 ], [ -44.27170873, -19.30012112, 809.890802539941319 ], [ -44.27021274, -19.29818549, 809.890802539941319 ], [ -44.2689327, -19.29772393, 809.890802539941319 ], [ -44.26825821, -19.30042748, 809.890802539941319 ], [ -44.26881403, -19.30107398, 809.890802539941319 ], [ -44.27088906, -19.30209809, 809.890802539941319 ], [ -44.2712335, -19.30260893, 809.890802539941319 ], [ -44.27098168, -19.30289387, 809.890802539941319 ], [ -44.27000037, -19.30211851, 809.890802539941319 ], [ -44.26814453, -19.30130088, 809.890802539941319 ], [ -44.26781297, -19.30085646, 809.890802539941319 ], [ -44.26769514, -19.30000132, 809.890802539941319 ], [ -44.26836167, -19.29779516, 809.890802539941319 ], [ -44.267898710000019, -19.296920655025954, 713.883901106399549 ], [ -44.263184409163877, -19.298534137176581, 809.890802539941319 ], [ -44.26457676, -19.29961808, 809.890802539941319 ], [ -44.26722826, -19.30314317, 809.890802539941319 ] ] ] } },
{ "type": "Feature", "properties": { "area_ha": 512.4, "proveniencia": "limite_municipal − cadastro − exclusoes", "veg_nativa_pct": 80.5, "silvicultura_pct": 0.0, "uso_antropico_pct": 19.4, "supressao_ha": 0.63, "regeneracao_ha": 2.34, "titularidade": "sem_registro_conhecido", "municipio": "Sete Lagoas", "codigo_ibge": "3167202", "largura_media_m": 289.0, "compacidade": 0.051, "ponto_lat": -19.48046, "ponto_lon": -44.299668, "utm_e": 573497.2, "utm_n": 7845859.5 }, "geometry": { "type": "Polygon", "coordinates": [ [ [ -44.30424183, -19.49325166, 831.447690880326945 ], [ -44.309425677678476, -19.491898885322993, 831.447690880326945 ], [ -44.31055942, -19.49079579, 831.447690880326945 ], [ -44.310703391664823, -19.491009233172871, 831.447690880326945 ], [ -44.312534, -19.487844, 831.447690880326945 ], [ -44.3147765, -19.48601027, 831.447690880326945 ], [ -44.31577459, -19.48572324, 831.447690880326945 ], [ -44.32151518321222, -19.488042044489141, 831.447690880326945 ], [ -44.32657302, -19.48925987, 831.447690880326945 ], [ -44.327196307388697, -19.490954194263949, 831.447690880326945 ], [ -44.32671468, -19.48933929, 831.447690880326945 ], [ -44.32796445, -19.48930951, 831.447690880326945 ], [ -44.3285706, -19.48899791, 831.447690880326945 ], [ -44.3302384, -19.487153609999989, 831.447690880326945 ], [ -44.33089104, -19.48685709, 831.447690880326945 ], [ -44.33177725, -19.48678048, 831.447690880326945 ], [ -44.332185171029977, -19.487822442871376, 831.447690880326945 ], [ -44.33182179, -19.48677639, 831.447690880326945 ], [ -44.33201854, -19.48681373, 831.447690880326945 ], [ -44.337070675794081, -19.490067070594584, 831.447690880326945 ], [ -44.33967847, -19.49102338, 712.544105901557259 ], [ -44.341318321881346, -19.492239658313466, 712.544105901557259 ], [ -44.342830008329067, -19.487797299020457, 737.976823404751144 ], [ -44.34198139, -19.48655722, 745.72 ], [ -44.343373903716348, -19.486198899735172, 712.544105901557259 ], [ -44.33607042, -19.48758975, 831.447690880326945 ], [ -44.336227347498905, -19.4867254777376, 831.447690880326945 ], [ -44.33584062, -19.48829492, 831.447690880326945 ], [ -44.3354548, -19.48859518, 831.447690880326945 ], [ -44.3323284, -19.48660949, 831.447690880326945 ], [ -44.33037917, -19.48651664, 831.447690880326945 ], [ -44.32848599, -19.48879853, 831.447690880326945 ], [ -44.32732633, -19.4891881, 831.447690880326945 ], [ -44.32085787, -19.48763105, 831.447690880326945 ], [ -44.315956138393297, -19.485574840388725, 768.069 ], [ -44.315559940340073, -19.482095566454952, 831.447690880326945 ], [ -44.31244004, -19.48339752, 831.447690880326945 ], [ -44.30911777, -19.48367741, 831.447690880326945 ], [ -44.30774258, -19.4841207, 831.447690880326945 ], [ -44.30568867, -19.48539487, 831.447690880326945 ], [ -44.30371221, -19.4856853, 831.447690880326945 ], [ -44.30159567, -19.48555134, 831.447690880326945 ], [ -44.29865594, -19.48439404, 831.447690880326945 ], [ -44.29682677, -19.48175138, 831.447690880326945 ], [ -44.29586818, -19.48120145, 831.447690880326945 ], [ -44.29588954, -19.48085364, 831.447690880326945 ], [ -44.29633699, -19.48081646, 831.447690880326945 ], [ -44.29725968, -19.48139565, 831.447690880326945 ], [ -44.29901946, -19.48397419, 831.447690880326945 ], [ -44.30238196, -19.485096899999988, 831.447690880326945 ], [ -44.30553395, -19.48487278, 831.447690880326945 ], [ -44.30748874, -19.48363206, 831.447690880326945 ], [ -44.30864142, -19.48326663, 831.447690880326945 ], [ -44.30835256, -19.48224468, 831.447690880326945 ], [ -44.30686013, -19.4815259, 831.447690880326945 ], [ -44.30598505, -19.48037452, 831.447690880326945 ], [ -44.30630637, -19.47825356, 831.447690880326945 ], [ -44.30670581, -19.47852525, 831.447690880326945 ], [ -44.30659372, -19.48033748, 831.447690880326945 ], [ -44.30720742, -19.48109278, 831.447690880326945 ], [ -44.3087821, -19.48188621, 831.447690880326945 ], [ -44.30921584, -19.48312745, 831.447690880326945 ], [ -44.31228644, -19.48287523, 831.447690880326945 ], [ -44.31345311, -19.48235531, 831.447690880326945 ], [ -44.31163472, -19.4813829, 831.447690880326945 ], [ -44.31025127, -19.47989078, 831.447690880326945 ], [ -44.30983043, -19.47875775, 831.447690880326945 ], [ -44.30962459, -19.476749906709937, 831.447690880326945 ], [ -44.30710222, -19.47791083, 961.19 ], [ -44.30535806, -19.47800972, 955.38 ], [ -44.3037575, -19.47909917, 831.447690880326945 ], [ -44.30105444, -19.47776583, 831.447690880326945 ], [ -44.29822611, -19.47680222, 831.447690880326945 ], [ -44.296775, -19.4781575, 831.447690880326945 ], [ -44.29542972, -19.478345, 831.447690880326945 ], [ -44.29285056, -19.4779675, 831.447690880326945 ], [ -44.29232583, -19.47586861, 831.447690880326945 ], [ -44.29182333, -19.47509778, 831.447690880326945 ], [ -44.29300583, -19.47386972, 831.447690880326945 ], [ -44.293959473861939, -19.471921693577286, 831.447690880326945 ], [ -44.29349742, -19.47186441, 831.447690880326945 ], [ -44.296275040557731, -19.466185460237103, 831.447690880326945 ], [ -44.295890254286491, -19.466273365193793, 812.048259979790032 ], [ -44.294131920729249, -19.470118712499115, 829.648 ], [ -44.292267311846039, -19.473199545358955, 859.783 ], [ -44.291052127834242, -19.473921886145433, 896.363 ], [ -44.29071987, -19.47387757, 831.447690880326945 ], [ -44.28932805, -19.47167775, 831.447690880326945 ], [ -44.2880809, -19.47067605, 831.447690880326945 ], [ -44.286561990017383, -19.470293026919272, 935.617205028716853 ], [ -44.28574083, -19.47036724, 831.447690880326945 ], [ -44.284020858381787, -19.469615829883281, 845.840029242720902 ], [ -44.28264978366191, -19.469567027586823, 833.347024617651982 ], [ -44.28211699, -19.47000832, 831.447690880326945 ], [ -44.28213098, -19.47345145, 831.447690880326945 ], [ -44.281628050382608, -19.476645042770549, 831.447690880326945 ], [ -44.28236705, -19.47670663, 831.447690880326945 ], [ -44.28262403, -19.47718847, 831.447690880326945 ], [ -44.28333073000001, -19.47680299, 831.447690880326945 ], [ -44.28606116, -19.47632115, 831.447690880326945 ], [ -44.28728182, -19.47619266, 831.447690880326945 ], [ -44.28779578, -19.47664238, 831.447690880326945 ], [ -44.28689635, -19.47731696, 831.447690880326945 ], [ -44.28561144, -19.47754182, 831.447690880326945 ], [ -44.2862539, -19.47847338, 831.447690880326945 ], [ -44.285271959330935, -19.479240511597663, 831.447690880326945 ], [ -44.28926637, -19.48139826, 831.447690880326945 ], [ -44.2914926, -19.48077899, 831.447690880326945 ], [ -44.2944285, -19.47933816, 831.447690880326945 ], [ -44.29504754, -19.47873708, 831.447690880326945 ], [ -44.29541902, -19.47891402, 831.447690880326945 ], [ -44.29470821, -19.47982143, 831.447690880326945 ], [ -44.29009277, -19.481824299999989, 831.447690880326945 ], [ -44.29065369, -19.48256553, 831.447690880326945 ], [ -44.29082218, -19.48404066, 831.447690880326945 ], [ -44.28867909, -19.48779895, 831.447690880326945 ], [ -44.28834891, -19.48739255, 831.447690880326945 ], [ -44.29025687, -19.48395038, 831.447690880326945 ], [ -44.29028965, -19.48330326, 831.447690880326945 ], [ -44.28984317, -19.48235331, 831.447690880326945 ], [ -44.285668100432574, -19.480066618749088, 831.447690880326945 ], [ -44.284200198813572, -19.481593458890757, 831.447690880326945 ], [ -44.28616475, -19.48360471, 831.447690880326945 ], [ -44.286026434734261, -19.484489804000145, 831.447690880326945 ], [ -44.28653725, -19.48813784, 831.447690880326945 ], [ -44.2862073, -19.48870138, 831.447690880326945 ], [ -44.286395540776226, -19.489076407276496, 831.447690880326945 ], [ -44.28685646, -19.48916574, 831.447690880326945 ], [ -44.287341514652411, -19.490961018573802, 831.447690880326945 ], [ -44.289184864156439, -19.49364793198793, 831.447690880326945 ], [ -44.28931762, -19.49327668, 831.447690880326945 ], [ -44.28870795000001, -19.49201907, 831.447690880326945 ], [ -44.28865894, -19.49103214, 831.447690880326945 ], [ -44.28877706, -19.49029491, 831.447690880326945 ], [ -44.28925377, -19.49032125, 831.447690880326945 ], [ -44.2892643, -19.49188746, 831.447690880326945 ], [ -44.28988621, -19.49319658, 831.447690880326945 ], [ -44.28970332, -19.49411026, 831.447690880326945 ], [ -44.289941325538749, -19.494405786558929, 831.447690880326945 ], [ -44.29089721, -19.49418179, 831.447690880326945 ], [ -44.29212501, -19.49289561, 831.447690880326945 ], [ -44.29358161, -19.49047157, 831.447690880326945 ], [ -44.29340452, -19.49001932, 831.447690880326945 ], [ -44.29392889, -19.48960215, 831.447690880326945 ], [ -44.29423423, -19.48859043, 831.447690880326945 ], [ -44.29416541, -19.48755995, 831.447690880326945 ], [ -44.2912903, -19.48475564, 831.447690880326945 ], [ -44.29182257, -19.48469888, 831.447690880326945 ], [ -44.29442046, -19.48699809, 831.447690880326945 ], [ -44.295031, -19.48528894, 831.447690880326945 ], [ -44.29413083, -19.48308372, 831.447690880326945 ], [ -44.29441296, -19.48275407, 831.447690880326945 ], [ -44.29513956, -19.48360048, 831.447690880326945 ], [ -44.29558885, -19.48495482, 831.447690880326945 ], [ -44.29551533, -19.48587659, 831.447690880326945 ], [ -44.29475923, -19.48756966, 831.447690880326945 ], [ -44.29492722, -19.4888118, 831.447690880326945 ], [ -44.29644457, -19.48892076, 831.447690880326945 ], [ -44.29731723, -19.49030507, 831.447690880326945 ], [ -44.300772377288119, -19.492748340835295, 831.447690880326945 ], [ -44.3015578, -19.49287925, 831.447690880326945 ], [ -44.302235011111215, -19.49460685012377, 759.823395213566641 ], [ -44.302901632644726, -19.494667516588212, 765.79442714276388 ], [ -44.30241209, -19.49458802, 831.447690880326945 ], [ -44.30224579, -19.49407727, 831.447690880326945 ], [ -44.30293243, -19.49356147, 831.447690880326945 ], [ -44.304299870665183, -19.493451984342599, 831.447690880326945 ], [ -44.30424183, -19.49325166, 831.447690880326945 ] ] ] } },
{ "type": "Feature", "properties": { "area_ha": 3043.3, "proveniencia": "limite_municipal − cadastro − exclusoes", "veg_nativa_pct": 55.9, "silvicultura_pct": 0.0, "uso_antropico_pct": 42.6, "supressao_ha": 43.65, "regeneracao_ha": 27.09, "titularidade": "sem_registro_conhecido", "municipio": "Felixlândia", "codigo_ibge": "3125705", "largura_media_m": 358.0, "compacidade": 0.013, "ponto_lat": -18.582372, "ponto_lon": -44.881934, "utm_e": 512457.1, "utm_n": 7945377.1 }, "geometry": { "type": "Polygon", "coordinates": [ [ [ -44.917106906573075, -18.539904428845581, 647.5 ], [ -44.915571235300845, -18.54257415202407, 647.28 ], [ -44.914677856398583, -18.543376877873339, 647.45 ], [ -44.9075353586801, -18.547331578392189, 647.05 ], [ -44.901933065486134, -18.548784159440153, 647.2 ], [ -44.90211652, -18.54588759, 757.106155199217142 ], [ -44.9017147, -18.54464535, 757.106155199217142 ], [ -44.901580530855277, -18.544359209498847, 647.218488782395525 ], [ -44.90045543, -18.54472885, 757.106155199217142 ], [ -44.900366090438169, -18.549006218984601, 647.5 ], [ -44.898178612843111, -18.549409417183867, 647.8 ], [ -44.894174878277703, -18.552554013656923, 647.4 ], [ -44.89421059, -18.55035222, 757.106155199217142 ], [ -44.89382752, -18.54826525, 757.106155199217142 ], [ -44.89460778963349, -18.545218262401498, 647.200000541588224 ], [ -44.89405149, -18.54114055, 757.106155199217142 ], [ -44.89578336, -18.53644794, 757.106155199217142 ], [ -44.89544735, -18.53344809, 757.106155199217142 ], [ -44.89570508, -18.53293176, 757.106155199217142 ], [ -44.895011958159579, -18.53016955011681, 757.106155199217142 ], [ -44.888748823897963, -18.532795978452121, 757.106155199217142 ], [ -44.89006872, -18.53540495, 757.106155199217142 ], [ -44.88994438, -18.53583077, 757.106155199217142 ], [ -44.88957079, -18.53572408, 757.106155199217142 ], [ -44.888228199097902, -18.533014288032163, 757.106155199217142 ], [ -44.883696258715446, -18.5349145472298, 757.106155199217142 ], [ -44.88435484, -18.53567364, 757.106155199217142 ], [ -44.88535983, -18.53595188, 757.106155199217142 ], [ -44.88613092, -18.53697858, 757.106155199217142 ], [ -44.8871435, -18.53738111, 757.106155199217142 ], [ -44.88690196, -18.53855779, 757.106155199217142 ], [ -44.88817908, -18.54195337, 757.106155199217142 ], [ -44.89080264, -18.54302194, 757.106155199217142 ], [ -44.89206451, -18.54460104, 757.106155199217142 ], [ -44.89165331, -18.54482749, 757.106155199217142 ], [ -44.89049297, -18.54347876, 757.106155199217142 ], [ -44.88813072, -18.54253494, 757.106155199217142 ], [ -44.88650906, -18.54546152, 757.106155199217142 ], [ -44.88576131, -18.54617136, 757.106155199217142 ], [ -44.88537112, -18.54612805, 757.106155199217142 ], [ -44.88533172, -18.54580654, 757.106155199217142 ], [ -44.88675834, -18.54410264, 757.106155199217142 ], [ -44.88758952, -18.54236931, 757.106155199217142 ], [ -44.8875946, -18.5416808, 757.106155199217142 ], [ -44.88633833, -18.53864773, 757.106155199217142 ], [ -44.88664258, -18.53765739, 757.106155199217142 ], [ -44.88580296, -18.53742339, 757.106155199217142 ], [ -44.8849928, -18.53637123, 757.106155199217142 ], [ -44.88403565, -18.53612912, 757.106155199217142 ], [ -44.88352795, -18.53545842, 757.106155199217142 ], [ -44.88244712, -18.53573116, 757.106155199217142 ], [ -44.88191052, -18.53640628, 757.106155199217142 ], [ -44.88226878, -18.53672218, 757.106155199217142 ], [ -44.88219843, -18.53726972, 757.106155199217142 ], [ -44.880502899176051, -18.537767123291559, 757.106155199217142 ], [ -44.88141429, -18.54052396, 757.106155199217142 ], [ -44.88157124, -18.54400478, 757.106155199217142 ], [ -44.88359713, -18.54555098, 757.106155199217142 ], [ -44.88366173, -18.54957083, 757.106155199217142 ], [ -44.89370979, -18.54889306, 757.106155199217142 ], [ -44.89410986, -18.55037797, 757.106155199217142 ], [ -44.89411266, -18.5526196, 757.106155199217142 ], [ -44.88501021, -18.55328599, 757.106155199217142 ], [ -44.86921515, -18.56191296, 757.106155199217142 ], [ -44.865621414555257, -18.563519844608187, 913.78 ], [ -44.864943378093635, -18.56216400886515, 896.99 ], [ -44.864836756036894, -18.562166335992202, 895.512315222138568 ], [ -44.86561455, -18.56354769, 757.106155199217142 ], [ -44.86402553, -18.56510659, 757.106155199217142 ], [ -44.86208861, -18.56884385, 757.106155199217142 ], [ -44.85884228, -18.57158176, 757.106155199217142 ], [ -44.85749547523357, -18.571470578557552, 757.106155199217142 ], [ -44.856166940415022, -18.571939216669609, 757.106155199217142 ], [ -44.856362265047274, -18.572494140298801, 757.106155199217142 ], [ -44.85846359, -18.5720491, 757.106155199217142 ], [ -44.86212608, -18.56902992, 757.106155199217142 ], [ -44.86485439, -18.56486265, 757.106155199217142 ], [ -44.86654371, -18.56347956, 757.106155199217142 ], [ -44.87044714, -18.56159772, 757.106155199217142 ], [ -44.87226165, -18.5638526, 757.106155199217142 ], [ -44.87469383, -18.5679592, 757.106155199217142 ], [ -44.87963847, -18.57392158, 757.106155199217142 ], [ -44.87975611, -18.5779692, 757.106155199217142 ], [ -44.88182116, -18.58225086, 757.106155199217142 ], [ -44.88272477, -18.58484064, 757.106155199217142 ], [ -44.88185426, -18.58697534, 757.106155199217142 ], [ -44.88046629, -18.58757022, 757.106155199217142 ], [ -44.88073058, -18.58777101, 757.106155199217142 ], [ -44.88060432, -18.58809819, 757.106155199217142 ], [ -44.87664769, -18.58849045, 757.106155199217142 ], [ -44.87568422, -18.58896948, 757.106155199217142 ], [ -44.87654569, -18.59088301, 757.106155199217142 ], [ -44.87580175, -18.59306501, 757.106155199217142 ], [ -44.87755019, -18.59435056, 757.106155199217142 ], [ -44.87843854, -18.5954044, 757.106155199217142 ], [ -44.87829431, -18.59596029, 757.106155199217142 ], [ -44.87707859, -18.597182499999988, 757.106155199217142 ], [ -44.88020511, -18.59975955, 757.106155199217142 ], [ -44.88116194, -18.60645835, 757.106155199217142 ], [ -44.88234817, -18.60652023, 757.106155199217142 ], [ -44.88299684, -18.60697628, 757.106155199217142 ], [ -44.88285083, -18.60561297, 757.106155199217142 ], [ -44.8819876, -18.60419353, 757.106155199217142 ], [ -44.8829477, -18.60324285, 757.106155199217142 ], [ -44.88268758000001, -18.60244774, 757.106155199217142 ], [ -44.88285777, -18.60193335, 757.106155199217142 ], [ -44.88452024, -18.60117108, 757.106155199217142 ], [ -44.88484257, -18.6006627, 757.106155199217142 ], [ -44.88465429, -18.59901474, 757.106155199217142 ], [ -44.88495247, -18.59636087, 757.106155199217142 ], [ -44.8846198, -18.59412054, 757.106155199217142 ], [ -44.88557044, -18.59148931, 757.106155199217142 ], [ -44.88591975, -18.5917688, 757.106155199217142 ], [ -44.8858569, -18.59285712, 757.106155199217142 ], [ -44.88518771, -18.59417317, 757.106155199217142 ], [ -44.88549605, -18.59612567, 757.106155199217142 ], [ -44.88758311, -18.594851, 757.106155199217142 ], [ -44.88869461, -18.59301477, 757.106155199217142 ], [ -44.88918614, -18.59328109, 757.106155199217142 ], [ -44.88799027, -18.59523213, 757.106155199217142 ], [ -44.88549651, -18.59684733, 757.106155199217142 ], [ -44.88522251, -18.59904431, 757.106155199217142 ], [ -44.88535288, -18.60092892, 757.106155199217142 ], [ -44.88483069, -18.6016272, 757.106155199217142 ], [ -44.88331693, -18.60225965, 757.106155199217142 ], [ -44.88349446, -18.60341135, 757.106155199217142 ], [ -44.88255221, -18.60429156, 757.106155199217142 ], [ -44.88339216, -18.60544616, 757.106155199217142 ], [ -44.88365206, -18.60728748, 757.106155199217142 ], [ -44.88416, -18.60757916, 757.106155199217142 ], [ -44.88443463, -18.6068278, 757.106155199217142 ], [ -44.88566862, -18.60706129, 757.106155199217142 ], [ -44.88604151, -18.60619822, 757.106155199217142 ], [ -44.88543661, -18.605585, 757.106155199217142 ], [ -44.88536883, -18.60508123, 757.106155199217142 ], [ -44.88665708, -18.6042462, 757.106155199217142 ], [ -44.88765507, -18.60420809, 757.106155199217142 ], [ -44.88913328, -18.60484386, 757.106155199217142 ], [ -44.88960264, -18.60591338, 757.106155199217142 ], [ -44.89025986, -18.60649175, 757.106155199217142 ], [ -44.89035621, -18.60778473, 757.106155199217142 ], [ -44.88981929, -18.60874486, 757.106155199217142 ], [ -44.88884201, -18.60885726, 757.106155199217142 ], [ -44.8878343, -18.6095783, 757.106155199217142 ], [ -44.88885956, -18.61060766, 734.064747045124477 ], [ -44.88928817, -18.61151211, 734.064747045124477 ], [ -44.89162451, -18.6123331, 734.064747045124477 ], [ -44.89357432834079, -18.612546687311717, 734.064747045124477 ], [ -44.89335104, -18.61156506, 734.064747045124477 ], [ -44.89400959, -18.61065359, 734.064747045124477 ], [ -44.893182595604024, -18.609124513961255, 757.106155199217142 ], [ -44.89275114, -18.60919647, 757.106155199217142 ], [ -44.89324164, -18.60651602, 757.106155199217142 ], [ -44.89424268, -18.60529691, 757.106155199217142 ], [ -44.89382437, -18.60492741, 757.106155199217142 ], [ -44.89351525, -18.60394122, 757.106155199217142 ], [ -44.894976, -18.60436688, 757.106155199217142 ], [ -44.89642595, -18.60353615, 757.106155199217142 ], [ -44.89744729, -18.60340444, 757.106155199217142 ], [ -44.89750008, -18.60229336, 757.106155199217142 ], [ -44.89822066, -18.60152291, 757.106155199217142 ], [ -44.89820788, -18.60039818, 757.106155199217142 ], [ -44.89618049, -18.59676069, 757.106155199217142 ], [ -44.89515234, -18.59606863, 757.106155199217142 ], [ -44.89405238, -18.59589468, 757.106155199217142 ], [ -44.89289095, -18.5947758, 757.106155199217142 ], [ -44.89296275, -18.59438751, 757.106155199217142 ], [ -44.89330165, -18.59440633, 757.106155199217142 ], [ -44.89441384, -18.5954697, 757.106155199217142 ], [ -44.89517536, -18.59549806, 757.106155199217142 ], [ -44.89616608, -18.5959874, 757.106155199217142 ], [ -44.89718569, -18.59725969, 757.106155199217142 ], [ -44.89878869, -18.60029509, 757.106155199217142 ], [ -44.89877052, -18.60167049, 757.106155199217142 ], [ -44.89801491, -18.60262663, 757.106155199217142 ], [ -44.89963909, -18.60212752, 757.106155199217142 ], [ -44.90280031, -18.60196346, 757.106155199217142 ], [ -44.90265669, -18.60243864, 757.106155199217142 ], [ -44.89918977, -18.60276949, 757.106155199217142 ], [ -44.89812365, -18.60316314, 757.106155199217142 ], [ -44.89773797, -18.60387784, 757.106155199217142 ], [ -44.89659538, -18.60405991, 757.106155199217142 ], [ -44.90051714, -18.60408443, 757.106155199217142 ], [ -44.90102203, -18.60503687, 757.106155199217142 ], [ -44.90170089, -18.60545132, 757.106155199217142 ], [ -44.90382804, -18.60560717, 757.106155199217142 ], [ -44.90359857, -18.60876572, 757.106155199217142 ], [ -44.9017595, -18.60951535, 757.106155199217142 ], [ -44.89949686, -18.60967604, 757.106155199217142 ], [ -44.89895767, -18.61051217, 734.064747045124477 ], [ -44.89985681, -18.61126752, 734.064747045124477 ], [ -44.89951003, -18.61210314, 734.064747045124477 ], [ -44.897608930007898, -18.612793330328739, 734.064747045124477 ], [ -44.8970035, -18.61346429, 734.064747045124477 ], [ -44.89697568, -18.61391922, 734.064747045124477 ], [ -44.89786301, -18.61517979, 734.064747045124477 ], [ -44.89848541, -18.61472272, 734.064747045124477 ], [ -44.89878285, -18.61375681, 734.064747045124477 ], [ -44.90071429, -18.61322778, 734.064747045124477 ], [ -44.90234675, -18.61220544, 734.064747045124477 ], [ -44.90268603, -18.61259704, 734.064747045124477 ], [ -44.90095812, -18.6137189, 734.064747045124477 ], [ -44.89903942, -18.61425631, 734.064747045124477 ], [ -44.898675590000011, -18.61543756, 734.064747045124477 ], [ -44.89798549, -18.61571122, 734.064747045124477 ], [ -44.89794922, -18.6174933, 734.064747045124477 ], [ -44.89719631, -18.61785555, 734.064747045124477 ], [ -44.89657506, -18.61712004, 734.064747045124477 ], [ -44.89627165, -18.61949399, 734.064747045124477 ], [ -44.89773183, -18.61835626, 734.064747045124477 ], [ -44.89838419, -18.61848745, 734.064747045124477 ], [ -44.898680464794197, -18.619117307352095, 734.064747045124477 ], [ -44.90144184, -18.6171855, 734.064747045124477 ], [ -44.90181723, -18.61707859, 734.064747045124477 ], [ -44.90242666, -18.61751971, 734.064747045124477 ], [ -44.90393509, -18.61699544, 734.064747045124477 ], [ -44.908638640722486, -18.621406035037261, 734.064747045124477 ], [ -44.91067401, -18.62017144, 734.064747045124477 ], [ -44.91129769, -18.62070428, 734.064747045124477 ], [ -44.91280595, -18.62094096, 734.064747045124477 ], [ -44.91471733, -18.62181306, 734.064747045124477 ], [ -44.913769166516332, -18.623361531416784, 734.064747045124477 ], [ -44.91412556, -18.62348139, 787.57 ], [ -44.914100944727764, -18.623987115559444, 755.009203959114643 ], [ -44.9145915, -18.62396615, 734.064747045124477 ], [ -44.91492119, -18.62489949, 734.064747045124477 ], [ -44.9154329, -18.62538001, 734.064747045124477 ], [ -44.91772728, -18.6250905, 734.064747045124477 ], [ -44.91790648, -18.62642064, 734.064747045124477 ], [ -44.91754718, -18.62804245, 734.064747045124477 ], [ -44.91541501, -18.62959725, 734.064747045124477 ], [ -44.91544981, -18.63069495, 734.064747045124477 ], [ -44.91701238, -18.63303773, 734.064747045124477 ], [ -44.91617383, -18.63269198, 734.064747045124477 ], [ -44.91602641, -18.63293088, 734.064747045124477 ], [ -44.9152687, -18.63155797, 734.064747045124477 ], [ -44.91421732, -18.63236404, 734.064747045124477 ], [ -44.91351632, -18.63171807, 734.064747045124477 ], [ -44.912880594416173, -18.631716072463462, 734.064747045124477 ], [ -44.91366773, -18.63196646, 734.064747045124477 ], [ -44.91387206, -18.6326385, 734.064747045124477 ], [ -44.9135253, -18.63327562, 734.064747045124477 ], [ -44.912817215702596, -18.633460673196826, 734.064747045124477 ], [ -44.91313853, -18.63414067, 734.064747045124477 ], [ -44.914443720785222, -18.635467769906843, 734.064747045124477 ], [ -44.91585399, -18.63477395, 734.064747045124477 ], [ -44.9175487, -18.63312321, 734.064747045124477 ], [ -44.92095458, -18.63261831, 734.064747045124477 ], [ -44.915678536346746, -18.639955822288236, 734.064747045124477 ], [ -44.92099952, -18.6325683, 734.064747045124477 ], [ -44.92853815, -18.63152837, 734.064747045124477 ], [ -44.928681531072009, -18.6323316713321, 734.064747045124477 ], [ -44.92859423, -18.63149917, 734.064747045124477 ], [ -44.93687153, -18.62999452, 734.064747045124477 ], [ -44.93728995, -18.6301521, 734.064747045124477 ], [ -44.93761718, -18.63514893, 734.064747045124477 ], [ -44.938357856828354, -18.636430124635385, 734.064747045124477 ], [ -44.93769019, -18.63502415, 734.064747045124477 ], [ -44.93733878, -18.63022849, 734.064747045124477 ], [ -44.94248807, -18.62953447, 734.064747045124477 ], [ -44.944081029387362, -18.633092555756381, 734.064747045124477 ], [ -44.94250068, -18.62953481, 734.064747045124477 ], [ -44.9452654, -18.62914258, 734.064747045124477 ], [ -44.94787923, -18.63567326, 734.064747045124477 ], [ -44.9480937053481, -18.635529815248937, 734.064747045124477 ], [ -44.945660384642807, -18.629012568020645, 734.064747045124477 ], [ -44.94320154, -18.62933368, 734.064747045124477 ], [ -44.942273356024103, -18.624969772383537, 734.064747045124477 ], [ -44.94309648, -18.62932109, 734.064747045124477 ], [ -44.93929054, -18.62986977, 734.064747045124477 ], [ -44.938846535100261, -18.629132363833424, 734.064747045124477 ], [ -44.93928513, -18.6299114, 734.064747045124477 ], [ -44.93731443, -18.62996708, 734.064747045124477 ], [ -44.93773755, -18.62575513, 734.064747045124477 ], [ -44.93874674, -18.62451055, 734.064747045124477 ], [ -44.939855501149133, -18.62382989631449, 734.064747045124477 ], [ -44.93840432, -18.62178974, 734.064747045124477 ], [ -44.93845554, -18.62074241, 734.064747045124477 ], [ -44.93710413, -18.62282418, 734.064747045124477 ], [ -44.93214078, -18.6257291, 734.064747045124477 ], [ -44.93262605, -18.62660909, 734.064747045124477 ], [ -44.92929809, -18.62890179, 734.064747045124477 ], [ -44.92646477, -18.63167381, 734.064747045124477 ], [ -44.92312838, -18.63214453, 734.064747045124477 ], [ -44.9263347, -18.62652859, 734.064747045124477 ], [ -44.92683577, -18.62720619, 734.064747045124477 ], [ -44.93075882, -18.62395286, 734.064747045124477 ], [ -44.934632299387808, -18.621461913002804, 734.064747045124477 ], [ -44.93401004, -18.62183502, 734.064747045124477 ], [ -44.93257449, -18.62069575, 734.064747045124477 ], [ -44.93353033, -18.61938661, 734.064747045124477 ], [ -44.935229328630925, -18.618598389038148, 734.064747045124477 ], [ -44.93450361, -18.61715132, 734.064747045124477 ], [ -44.93350181, -18.61631529, 734.064747045124477 ], [ -44.93298344, -18.61666045, 734.064747045124477 ], [ -44.93230427, -18.61659067, 734.064747045124477 ], [ -44.9318485, -18.6171238, 734.064747045124477 ], [ -44.9297166, -18.61680758, 734.064747045124477 ], [ -44.928693627254674, -18.618822459487038, 734.064747045124477 ], [ -44.93062631, -18.61984238, 734.064747045124477 ], [ -44.93058813, -18.62028298, 734.064747045124477 ], [ -44.929580737847374, -18.620348097853118, 734.064747045124477 ], [ -44.9289, -18.62140093, 734.064747045124477 ], [ -44.928188000906495, -18.621251124358555, 734.064747045124477 ], [ -44.928269469615955, -18.621354056504529, 734.064747045124477 ], [ -44.92914945, -18.62144668, 734.064747045124477 ], [ -44.9286157, -18.62304792, 734.064747045124477 ], [ -44.92937574, -18.62367217, 734.064747045124477 ], [ -44.92617756, -18.62655307, 734.064747045124477 ], [ -44.92735857902683, -18.622173977987238, 734.064747045124477 ], [ -44.9260354, -18.62174407, 734.064747045124477 ], [ -44.926485792956051, -18.619405877300025, 734.064747045124477 ], [ -44.925476266245617, -18.616211413563164, 734.064747045124477 ], [ -44.92485532, -18.61601019, 734.064747045124477 ], [ -44.92466841, -18.615329599999988, 734.064747045124477 ], [ -44.92357776, -18.61510183, 734.064747045124477 ], [ -44.92132137, -18.61586765, 734.064747045124477 ], [ -44.91923192, -18.61594122, 734.064747045124477 ], [ -44.91822052, -18.61560375, 734.064747045124477 ], [ -44.91770605, -18.61833708, 734.064747045124477 ], [ -44.91569585, -18.61882794, 734.064747045124477 ], [ -44.91499158, -18.61788324, 734.064747045124477 ], [ -44.91473395220067, -18.613559148615956, 734.064747045124477 ], [ -44.91368808, -18.61390342, 734.064747045124477 ], [ -44.91310105, -18.61446926, 734.064747045124477 ], [ -44.91272003, -18.61423033, 734.064747045124477 ], [ -44.91338708, -18.61344136, 734.064747045124477 ], [ -44.914743891923258, -18.613016824091886, 734.064747045124477 ], [ -44.91466173, -18.61099543, 734.064747045124477 ], [ -44.91533158838827, -18.610603499552901, 734.064747045124477 ], [ -44.91426897, -18.60878585, 757.106155199217142 ], [ -44.91396626, -18.60715357, 757.106155199217142 ], [ -44.91345751, -18.60643714, 757.106155199217142 ], [ -44.91365551, -18.60460726, 757.106155199217142 ], [ -44.91341508, -18.60299881, 757.106155199217142 ], [ -44.91381745, -18.60308974, 757.106155199217142 ], [ -44.91418169, -18.60433321, 757.106155199217142 ], [ -44.91401246, -18.60631629, 757.106155199217142 ], [ -44.91451006, -18.60699472, 757.106155199217142 ], [ -44.91479566, -18.60857433, 757.106155199217142 ], [ -44.91576746, -18.61000829, 757.106155199217142 ], [ -44.91638678, -18.6098855, 757.106155199217142 ], [ -44.91678921, -18.61060256, 734.064747045124477 ], [ -44.917256185681865, -18.610413890431349, 734.064747045124477 ], [ -44.91791181, -18.60920588, 757.106155199217142 ], [ -44.91953284, -18.60797743, 757.106155199217142 ], [ -44.92060362, -18.60922357, 757.106155199217142 ], [ -44.92179645, -18.60994391, 757.106155199217142 ], [ -44.92300597, -18.60998594, 757.106155199217142 ], [ -44.924491017927949, -18.608911094585736, 757.106155199217142 ], [ -44.92396738, -18.6075275, 757.106155199217142 ], [ -44.92224748, -18.60522836, 757.106155199217142 ], [ -44.92088818, -18.60397899, 757.106155199217142 ], [ -44.92043685, -18.60118248, 757.106155199217142 ], [ -44.92079981, -18.60122293, 757.106155199217142 ], [ -44.92107463, -18.60183097, 757.106155199217142 ], [ -44.92150725, -18.60392113, 757.106155199217142 ], [ -44.92267483, -18.60486967, 757.106155199217142 ], [ -44.924372238936449, -18.607143336343071, 757.106155199217142 ], [ -44.92475841, -18.60610754, 757.106155199217142 ], [ -44.92618085, -18.60545737, 757.106155199217142 ], [ -44.92651499, -18.60574203, 757.106155199217142 ], [ -44.92601208, -18.60646577, 757.106155199217142 ], [ -44.926902441072023, -18.608357634072359, 757.106155199217142 ], [ -44.92855491, -18.60831558, 757.106155199217142 ], [ -44.92883336, -18.6076517, 757.106155199217142 ], [ -44.93010212, -18.60693403, 757.106155199217142 ], [ -44.93026649, -18.60650966, 757.106155199217142 ], [ -44.92966612, -18.60602871, 757.106155199217142 ], [ -44.92924783, -18.60370614, 757.106155199217142 ], [ -44.92965227, -18.60341131, 757.106155199217142 ], [ -44.93020534, -18.60585499, 757.106155199217142 ], [ -44.93074253, -18.60620113, 757.106155199217142 ], [ -44.93080066, -18.60676384, 757.106155199217142 ], [ -44.93032553, -18.60748231, 757.106155199217142 ], [ -44.9292215, -18.60804928, 757.106155199217142 ], [ -44.92891662, -18.60874829, 757.106155199217142 ], [ -44.9269931, -18.60895816, 757.106155199217142 ], [ -44.92697964, -18.60936818, 757.106155199217142 ], [ -44.92763279, -18.61019108, 757.106155199217142 ], [ -44.92749156, -18.61046141, 734.064747045124477 ], [ -44.9279064, -18.61083144, 734.064747045124477 ], [ -44.92875518, -18.61094193, 734.064747045124477 ], [ -44.93092852, -18.61365516, 734.064747045124477 ], [ -44.93070177, -18.61393956, 734.064747045124477 ], [ -44.93191693, -18.61598258, 734.064747045124477 ], [ -44.930933725841015, -18.616371789030392, 734.064747045124477 ], [ -44.93170892, -18.61657376, 734.064747045124477 ], [ -44.93204484, -18.61609079, 734.064747045124477 ], [ -44.9331144, -18.615918, 734.064747045124477 ], [ -44.93193779, -18.61381595, 734.064747045124477 ], [ -44.93307618, -18.61227636, 734.064747045124477 ], [ -44.93351564, -18.61229231, 734.064747045124477 ], [ -44.93355505, -18.61261382, 734.064747045124477 ], [ -44.93252179, -18.61378995, 734.064747045124477 ], [ -44.9325993, -18.614148419999989, 734.064747045124477 ], [ -44.93419783, -18.61634751, 734.064747045124477 ], [ -44.9349314, -18.61678264, 734.064747045124477 ], [ -44.93544129, -18.61805642, 734.064747045124477 ], [ -44.93575567, -18.61831578, 734.064747045124477 ], [ -44.93658006, -18.61804826, 734.064747045124477 ], [ -44.93718705, -18.61897576, 734.064747045124477 ], [ -44.93802525, -18.6190756, 734.064747045124477 ], [ -44.93832326, -18.61971586, 734.064747045124477 ], [ -44.93816831, -18.62016235, 734.064747045124477 ], [ -44.93904607, -18.62050829, 734.064747045124477 ], [ -44.93893442, -18.62158788, 734.064747045124477 ], [ -44.939773527171084, -18.622570462323626, 734.064747045124477 ], [ -44.94136646, -18.62039487, 734.064747045124477 ], [ -44.942828959433157, -18.619513918775681, 734.064747045124477 ], [ -44.94256769, -18.61872718, 734.064747045124477 ], [ -44.94290663, -18.61870836, 734.064747045124477 ], [ -44.943315114274569, -18.619221073973272, 734.064747045124477 ], [ -44.94369115, -18.61899456, 734.064747045124477 ], [ -44.94406958, -18.61916534, 734.064747045124477 ], [ -44.94493452, -18.61593775, 734.064747045124477 ], [ -44.94624995, -18.61448618, 734.064747045124477 ], [ -44.94765548, -18.61426416, 734.064747045124477 ], [ -44.949864724706053, -18.616213310525346, 639.56534969946108 ], [ -44.9478364, -18.61412616, 734.064747045124477 ], [ -44.947860155428778, -18.610055003428698, 751.54 ], [ -44.948572932755653, -18.609651740425942, 736.29 ], [ -44.94958222, -18.61000444, 704.01 ], [ -44.94965716, -18.60847591, 757.106155199217142 ], [ -44.94889356, -18.60742161, 757.106155199217142 ], [ -44.948711906296097, -18.605939392167137, 701.479982864955332 ], [ -44.947105093545957, -18.603659043527774, 757.106155199217142 ], [ -44.94320307, -18.60489822, 757.106155199217142 ], [ -44.942831895848592, -18.604558713035914, 757.106155199217142 ], [ -44.94165656, -18.60476602, 757.106155199217142 ], [ -44.93785287, -18.60188773, 757.106155199217142 ], [ -44.93579015468476, -18.598907541108748, 757.106155199217142 ], [ -44.93605614, -18.59945621, 757.106155199217142 ], [ -44.92736578, -18.59839869, 757.106155199217142 ], [ -44.91642847, -18.59639378, 757.106155199217142 ], [ -44.9187398, -18.59441257, 757.106155199217142 ], [ -44.92030621, -18.59201272, 757.106155199217142 ], [ -44.920949226975317, -18.590388983529497, 757.106155199217142 ], [ -44.920571862575272, -18.590542048103934, 762.578 ], [ -44.92036585, -18.591521, 757.106155199217142 ], [ -44.91863959, -18.59444147, 757.106155199217142 ], [ -44.916424191826927, -18.596350559415246, 845.987 ], [ -44.914414913448816, -18.596048940517761, 840.66802917677694 ], [ -44.911266622368771, -18.597624376228186, 823.812 ], [ -44.911132954714681, -18.59564620473515, 812.13934718254086 ], [ -44.91123576, -18.59770532, 757.106155199217142 ], [ -44.91103582, -18.59783767, 757.106155199217142 ], [ -44.90690046, -18.59996285, 757.106155199217142 ], [ -44.9053482, -18.60025017, 757.106155199217142 ], [ -44.90367651, -18.59986295, 757.106155199217142 ], [ -44.90342544, -18.59947305, 757.106155199217142 ], [ -44.9035933, -18.59870966, 757.106155199217142 ], [ -44.90522846, -18.59460301, 757.106155199217142 ], [ -44.90547884, -18.59416193, 757.106155199217142 ], [ -44.90596101, -18.5942149, 757.106155199217142 ], [ -44.906853215252411, -18.593531311461305, 757.106155199217142 ], [ -44.906281443002612, -18.590759410753726, 733.858489984249104 ], [ -44.905611573433582, -18.590912579573281, 740.222 ], [ -44.901935190123865, -18.593647610748761, 781.382 ], [ -44.89820913, -18.5910042, 757.106155199217142 ], [ -44.895233261516921, -18.590105329261384, 806.455091438371028 ], [ -44.893132501639428, -18.590135692525966, 823.432 ], [ -44.89045008, -18.59080326, 757.106155199217142 ], [ -44.88775378, -18.5903214, 757.106155199217142 ], [ -44.88695795, -18.58971556, 757.106155199217142 ], [ -44.885781890209167, -18.587331530424027, 847.811764835446297 ], [ -44.882875271355722, -18.584860945273842, 855.045 ], [ -44.882058399490774, -18.582492429565075, 846.95210073258454 ], [ -44.879889727674588, -18.578092170011065, 822.419 ], [ -44.879799996715462, -18.573771195935613, 864.220730344713274 ], [ -44.87515306, -18.56832786, 757.106155199217142 ], [ -44.87206889, -18.56335425, 757.106155199217142 ], [ -44.87061778, -18.56149258, 757.106155199217142 ], [ -44.88481833, -18.55341833, 919.927 ], [ -44.89435722, -18.55283833, 916.834 ], [ -44.89442278, -18.5534, 914.754 ], [ -44.89666139, -18.55520528, 886.281 ], [ -44.90120333, -18.56311444, 866.664 ], [ -44.902322781454302, -18.562105791171575, 855.188812791200803 ], [ -44.90210946, -18.56170106, 757.106155199217142 ], [ -44.90322738, -18.56059019, 757.106155199217142 ], [ -44.90656691, -18.55988058, 757.106155199217142 ], [ -44.90867689, -18.56028404, 757.106155199217142 ], [ -44.91068482, -18.55957711, 757.106155199217142 ], [ -44.91138688, -18.5577614, 757.106155199217142 ], [ -44.91254846, -18.55625201, 757.106155199217142 ], [ -44.91201182, -18.55594368, 757.106155199217142 ], [ -44.91191517, -18.55543622, 757.106155199217142 ], [ -44.91112014, -18.55545554, 757.106155199217142 ], [ -44.91071594, -18.55516758, 757.106155199217142 ], [ -44.91027723, -18.55364968, 757.106155199217142 ], [ -44.91044068, -18.55264968, 757.106155199217142 ], [ -44.90919608, -18.55263192, 757.106155199217142 ], [ -44.90804112, -18.55121504, 757.106155199217142 ], [ -44.90711557, -18.55116972, 757.106155199217142 ], [ -44.90581091, -18.55168304, 757.106155199217142 ], [ -44.90412334, -18.55171509, 757.106155199217142 ], [ -44.90316408, -18.55236123, 757.106155199217142 ], [ -44.90151574, -18.5522266, 757.106155199217142 ], [ -44.90132348, -18.55318539, 757.106155199217142 ], [ -44.90024825, -18.55370157, 757.106155199217142 ], [ -44.89738369, -18.55310468, 757.106155199217142 ], [ -44.89749603, -18.55275929, 757.106155199217142 ], [ -44.89799105, -18.55264549, 757.106155199217142 ], [ -44.90026525, -18.5531587, 757.106155199217142 ], [ -44.9009207, -18.5527969, 757.106155199217142 ], [ -44.9009592, -18.55207885, 757.106155199217142 ], [ -44.90038093, -18.55148649, 757.106155199217142 ], [ -44.89984053, -18.55119592, 757.106155199217142 ], [ -44.89902603, -18.55125974, 757.106155199217142 ], [ -44.89895151, -18.55082222, 757.106155199217142 ], [ -44.89994826, -18.55066112, 757.106155199217142 ], [ -44.90136882, -18.55170287, 757.106155199217142 ], [ -44.9024752, -18.55156992, 757.106155199217142 ], [ -44.90291473, -18.55183144, 757.106155199217142 ], [ -44.9039726, -18.55119133, 757.106155199217142 ], [ -44.90570905, -18.55114841, 757.106155199217142 ], [ -44.90779828, -18.55058853, 757.106155199217142 ], [ -44.90881326, -18.55109002, 757.106155199217142 ], [ -44.90936532, -18.55206805, 757.106155199217142 ], [ -44.90993964, -18.55224362, 757.106155199217142 ], [ -44.91029212, -18.55212532, 757.106155199217142 ], [ -44.91143128, -18.55034773, 757.106155199217142 ], [ -44.91096732, -18.54833278, 757.106155199217142 ], [ -44.91145618, -18.54838728, 757.106155199217142 ], [ -44.91198508, -18.55047882, 757.106155199217142 ], [ -44.91315681, -18.54995588, 757.106155199217142 ], [ -44.91413162, -18.54890785, 757.106155199217142 ], [ -44.91405391, -18.54669884, 757.106155199217142 ], [ -44.91433759, -18.54644356, 757.106155199217142 ], [ -44.91465298, -18.54673457, 757.106155199217142 ], [ -44.91477749, -18.54814966, 757.106155199217142 ], [ -44.91431876, -18.54972867, 757.106155199217142 ], [ -44.91343615, -18.55042816, 757.106155199217142 ], [ -44.91140149, -18.55131659, 757.106155199217142 ], [ -44.9108877, -18.55203344, 757.106155199217142 ], [ -44.91084158, -18.55357966, 757.106155199217142 ], [ -44.91122895, -18.55491405, 757.106155199217142 ], [ -44.91259236, -18.55497302, 757.106155199217142 ], [ -44.91274568, -18.55532032, 757.106155199217142 ], [ -44.91248692, -18.55563887, 757.106155199217142 ], [ -44.91310615, -18.55612974, 757.106155199217142 ], [ -44.9138125, -18.55556217, 757.106155199217142 ], [ -44.9150212, -18.5558169, 757.106155199217142 ], [ -44.91752405, -18.55466252, 757.106155199217142 ], [ -44.91806841, -18.55481267, 757.106155199217142 ], [ -44.91846624, -18.5553522, 757.106155199217142 ], [ -44.91972775, -18.55505125, 757.106155199217142 ], [ -44.91997742, -18.55574057, 757.106155199217142 ], [ -44.92195383, -18.55536495, 757.106155199217142 ], [ -44.92090461, -18.55139347, 757.106155199217142 ], [ -44.92125, -18.55108268, 757.106155199217142 ], [ -44.92250752, -18.55522046, 757.106155199217142 ], [ -44.92320595, -18.55527522, 757.106155199217142 ], [ -44.92357085, -18.55605573, 757.106155199217142 ], [ -44.92444379, -18.55605015, 757.106155199217142 ], [ -44.92467378, -18.55658715, 757.106155199217142 ], [ -44.92424543, -18.55710711, 757.106155199217142 ], [ -44.92553959, -18.55754033, 757.106155199217142 ], [ -44.92680297, -18.55889741, 757.106155199217142 ], [ -44.92949299, -18.55998371, 757.106155199217142 ], [ -44.93000843, -18.55930991, 757.106155199217142 ], [ -44.93090717, -18.55922038, 757.106155199217142 ], [ -44.93132138, -18.55848406, 757.106155199217142 ], [ -44.93182365, -18.55833081, 757.106155199217142 ], [ -44.93363124, -18.55948903, 757.106155199217142 ], [ -44.93381353, -18.56012161, 757.106155199217142 ], [ -44.93480719, -18.56043911, 757.106155199217142 ], [ -44.93496374, -18.55916933, 757.106155199217142 ], [ -44.93550221, -18.55841599, 757.106155199217142 ], [ -44.93542731, -18.55735822, 757.106155199217142 ], [ -44.93591947, -18.55691029, 757.106155199217142 ], [ -44.93693289, -18.55671277, 757.106155199217142 ], [ -44.93645983, -18.55475616, 757.106155199217142 ], [ -44.93608075, -18.55456858, 757.106155199217142 ], [ -44.935805190000011, -18.55490883, 757.106155199217142 ], [ -44.93514252, -18.55483929, 757.106155199217142 ], [ -44.934388, -18.55432769, 757.106155199217142 ], [ -44.93436143, -18.55380175, 757.106155199217142 ], [ -44.9338969, -18.5536921, 757.106155199217142 ], [ -44.93479666, -18.55166113, 757.106155199217142 ], [ -44.93641019, -18.55051356, 757.106155199217142 ], [ -44.93633272, -18.54969385, 757.106155199217142 ], [ -44.93680935, -18.54910183, 757.106155199217142 ], [ -44.93676279, -18.54873645, 757.106155199217142 ], [ -44.9360396, -18.54885813, 757.106155199217142 ], [ -44.93530365, -18.54696702, 757.106155199217142 ], [ -44.93433949, -18.54771284, 757.106155199217142 ], [ -44.93311635, -18.547515, 757.106155199217142 ], [ -44.93186315, -18.54360025, 757.106155199217142 ], [ -44.93049150370291, -18.543581832158779, 757.106155199217142 ], [ -44.93052, -18.544822, 757.106155199217142 ], [ -44.926341, -18.546429, 757.106155199217142 ], [ -44.924895528975192, -18.545739163354245, 757.106155199217142 ], [ -44.92228, -18.548464, 757.106155199217142 ], [ -44.920871854467023, -18.545014815406727, 757.106155199217142 ], [ -44.919917, -18.54611986, 757.106155199217142 ], [ -44.9191663, -18.54631183, 757.106155199217142 ], [ -44.91887285, -18.54607636, 757.106155199217142 ], [ -44.920662598683137, -18.544502240698847, 757.106155199217142 ], [ -44.918155, -18.539066, 757.106155199217142 ], [ -44.919958, -18.537428, 757.106155199217142 ], [ -44.924694, -18.54436, 757.106155199217142 ], [ -44.92802411, -18.54291017, 757.106155199217142 ], [ -44.92664946, -18.5413795, 757.106155199217142 ], [ -44.92346088, -18.53915988, 757.106155199217142 ], [ -44.92380947, -18.53877481, 757.106155199217142 ], [ -44.92556831, -18.53996996, 757.106155199217142 ], [ -44.92539098, -18.53855043, 757.106155199217142 ], [ -44.9248113, -18.53729062, 757.106155199217142 ], [ -44.92505749, -18.536971, 757.106155199217142 ], [ -44.9258404, -18.5380827, 757.106155199217142 ], [ -44.92620369, -18.54046023, 757.106155199217142 ], [ -44.92763583, -18.54148583, 757.106155199217142 ], [ -44.92876943, -18.5428397, 757.106155199217142 ], [ -44.92975897, -18.54307878, 757.106155199217142 ], [ -44.93187531, -18.5429791, 757.106155199217142 ], [ -44.93249255, -18.54185866, 757.106155199217142 ], [ -44.9317477, -18.54091342, 757.106155199217142 ], [ -44.93219356, -18.53947017, 757.106155199217142 ], [ -44.93175424, -18.53823923, 757.106155199217142 ], [ -44.93025583, -18.53754337, 757.106155199217142 ], [ -44.9298678, -18.53653058, 757.106155199217142 ], [ -44.93034904, -18.53629543, 757.106155199217142 ], [ -44.93065815, -18.53715304, 757.106155199217142 ], [ -44.93166532, -18.53758438, 757.106155199217142 ], [ -44.93127794, -18.53559479, 757.106155199217142 ], [ -44.93162713, -18.5353153, 757.106155199217142 ], [ -44.9321584, -18.53634143, 757.106155199217142 ], [ -44.93238571, -18.53867465, 757.106155199217142 ], [ -44.93278076, -18.53947642, 757.106155199217142 ], [ -44.93237201, -18.54089494, 757.106155199217142 ], [ -44.93296628, -18.54137913, 757.106155199217142 ], [ -44.93473562, -18.5400813, 757.106155199217142 ], [ -44.93605197, -18.53963119, 757.106155199217142 ], [ -44.93639094, -18.53986618, 757.106155199217142 ], [ -44.93426198, -18.54105173, 757.106155199217142 ], [ -44.93301193, -18.54207901, 757.106155199217142 ], [ -44.932508, -18.54289199, 757.106155199217142 ], [ -44.93235875, -18.54330461, 757.106155199217142 ], [ -44.93351504, -18.54712178, 757.106155199217142 ], [ -44.93416684, -18.54719505, 757.106155199217142 ], [ -44.93508299, -18.54643664, 757.106155199217142 ], [ -44.93644274, -18.54671706, 757.106155199217142 ], [ -44.93751393, -18.54583207, 757.106155199217142 ], [ -44.93824711, -18.54106412, 757.106155199217142 ], [ -44.93873596, -18.54028509, 757.106155199217142 ], [ -44.93909878, -18.54056409, 757.106155199217142 ], [ -44.93848683, -18.54344049, 757.106155199217142 ], [ -44.94046994, -18.54248327, 757.106155199217142 ], [ -44.94109457, -18.54174472, 757.106155199217142 ], [ -44.94129479, -18.54046075, 757.106155199217142 ], [ -44.9416199, -18.54036792, 757.106155199217142 ], [ -44.94180686, -18.54062325, 757.106155199217142 ], [ -44.9416298, -18.5419287, 757.106155199217142 ], [ -44.94098503, -18.54276532, 757.106155199217142 ], [ -44.93845603, -18.54407912, 757.106155199217142 ], [ -44.938222, -18.54522629, 757.106155199217142 ], [ -44.93872909000001, -18.54590419, 757.106155199217142 ], [ -44.94158549, -18.54647734, 757.106155199217142 ], [ -44.94270966, -18.54641513, 757.106155199217142 ], [ -44.94341101, -18.5462567, 757.106155199217142 ], [ -44.94560124, -18.54479697, 757.106155199217142 ], [ -44.94612709, -18.54465431, 757.106155199217142 ], [ -44.94637394, -18.54487644, 757.106155199217142 ], [ -44.94349746, -18.54680486, 757.106155199217142 ], [ -44.94207592, -18.54702575, 757.106155199217142 ], [ -44.94003748, -18.54657141, 757.106155199217142 ], [ -44.93841325, -18.54674936, 757.106155199217142 ], [ -44.93806297, -18.54877675, 757.106155199217142 ], [ -44.9373327, -18.54875826, 757.106155199217142 ], [ -44.93706231, -18.55084603, 757.106155199217142 ], [ -44.93555025, -18.55165129, 757.106155199217142 ], [ -44.9348574, -18.55269668, 757.106155199217142 ], [ -44.93490516, -18.55399906, 757.106155199217142 ], [ -44.93532942, -18.55402621, 757.106155199217142 ], [ -44.93554208, -18.55439259, 757.106155199217142 ], [ -44.93577182, -18.55405, 757.106155199217142 ], [ -44.93624695, -18.5540485, 757.106155199217142 ], [ -44.93704581, -18.55461757, 757.106155199217142 ], [ -44.93750239, -18.55667679, 757.106155199217142 ], [ -44.93716555, -18.55733944, 757.106155199217142 ], [ -44.93592829, -18.55762116, 757.106155199217142 ], [ -44.93606266, -18.55852855, 757.106155199217142 ], [ -44.93550292, -18.55934372, 757.106155199217142 ], [ -44.93514869, -18.56109603, 757.106155199217142 ], [ -44.93591661, -18.56168785, 757.106155199217142 ], [ -44.93629971, -18.56150126, 757.106155199217142 ], [ -44.93681835, -18.56169047, 757.106155199217142 ], [ -44.93770705, -18.56326079, 757.106155199217142 ], [ -44.93742987, -18.56403483, 757.106155199217142 ], [ -44.93578956, -18.56502115, 757.106155199217142 ], [ -44.93717285, -18.5666685, 757.106155199217142 ], [ -44.93692327, -18.56718526, 757.106155199217142 ], [ -44.9360431, -18.56747306, 757.106155199217142 ], [ -44.93614469, -18.56769233, 757.106155199217142 ], [ -44.93691778, -18.56875041, 757.106155199217142 ], [ -44.93816258, -18.5696058, 757.106155199217142 ], [ -44.93855026, -18.57035378, 757.106155199217142 ], [ -44.93788885, -18.57150538, 757.106155199217142 ], [ -44.93813688, -18.57204697, 757.106155199217142 ], [ -44.93801314, -18.57268868, 757.106155199217142 ], [ -44.93716922, -18.57308513, 757.106155199217142 ], [ -44.9375462, -18.5737673, 757.106155199217142 ], [ -44.93704866, -18.57563738, 757.106155199217142 ], [ -44.93819442, -18.57601102, 757.106155199217142 ], [ -44.93885044000001, -18.57702576, 757.106155199217142 ], [ -44.94083684, -18.57709287, 757.106155199217142 ], [ -44.94133641, -18.57775868, 757.106155199217142 ], [ -44.94155238, -18.5790975, 757.106155199217142 ], [ -44.94218791, -18.57966965, 757.106155199217142 ], [ -44.946953284422477, -18.582063313861763, 757.106155199217142 ], [ -44.94721413, -18.58214857, 757.106155199217142 ], [ -44.94809389, -18.5799316, 757.106155199217142 ], [ -44.95004654, -18.58111128, 757.106155199217142 ], [ -44.950822052803474, -18.581409407249591, 757.106155199217142 ], [ -44.94811535, -18.5799316, 757.106155199217142 ], [ -44.94865179, -18.57867056, 757.106155199217142 ], [ -44.9463129, -18.57574166, 757.106155199217142 ], [ -44.94868464573193, -18.570926730101384, 757.106155199217142 ], [ -44.94787559, -18.57066402, 757.106155199217142 ], [ -44.9475411, -18.57025071, 757.106155199217142 ], [ -44.9475846, -18.56869798, 757.106155199217142 ], [ -44.94673802, -18.56897067, 757.106155199217142 ], [ -44.94630656, -18.56873608, 757.106155199217142 ], [ -44.94656, -18.56721403, 757.106155199217142 ], [ -44.94532946, -18.56498864, 757.106155199217142 ], [ -44.94574371, -18.56453086, 757.106155199217142 ], [ -44.94661091, -18.56467176, 757.106155199217142 ], [ -44.94753264, -18.56428332, 757.106155199217142 ], [ -44.94797329, -18.56378661, 757.106155199217142 ], [ -44.94754341, -18.56318014, 757.106155199217142 ], [ -44.947782753699848, -18.562563201335443, 757.106155199217142 ], [ -44.94526033, -18.56140175, 757.106155199217142 ], [ -44.94303946, -18.56078642, 757.106155199217142 ], [ -44.94343106, -18.56035924, 757.106155199217142 ], [ -44.94383339, -18.55869631, 757.106155199217142 ], [ -44.94406943, -18.55598574, 757.106155199217142 ], [ -44.94322185, -18.55253771, 757.106155199217142 ], [ -44.94403724, -18.55123578, 757.106155199217142 ], [ -44.94708423, -18.54831148, 757.106155199217142 ], [ -44.948346412717541, -18.548368184633354, 757.106155199217142 ], [ -44.94779348, -18.54748734, 757.106155199217142 ], [ -44.94912386, -18.54569713, 757.106155199217142 ], [ -44.95830774, -18.54467995, 757.106155199217142 ], [ -44.960720850704696, -18.544851544947068, 757.106155199217142 ], [ -44.95805307, -18.544524609999989, 757.106155199217142 ], [ -44.94928012, -18.54550048, 757.106155199217142 ], [ -44.94819676, -18.54438766, 757.106155199217142 ], [ -44.94702591, -18.54168662, 757.106155199217142 ], [ -44.95063706, -18.53855554, 757.106155199217142 ], [ -44.95071785, -18.5381919, 757.106155199217142 ], [ -44.95029026000001, -18.53755988, 757.106155199217142 ], [ -44.950534880946094, -18.537188984398785, 757.106155199217142 ], [ -44.949633, -18.53617781, 757.106155199217142 ], [ -44.94928529, -18.53621614, 757.106155199217142 ], [ -44.951087311767068, -18.528822014686824, 757.106155199217142 ], [ -44.94964653, -18.53140026, 757.106155199217142 ], [ -44.94799801, -18.53326026, 757.106155199217142 ], [ -44.94788491, -18.53597618, 757.106155199217142 ], [ -44.94822903, -18.53737914, 757.106155199217142 ], [ -44.94746561, -18.54110908, 757.106155199217142 ], [ -44.94215237, -18.53912973, 757.106155199217142 ], [ -44.93905978, -18.53732719, 757.106155199217142 ], [ -44.94033086, -18.5359744, 757.106155199217142 ], [ -44.94116395, -18.53393638, 757.106155199217142 ], [ -44.943239310136093, -18.532637740235881, 757.106155199217142 ], [ -44.94315856, -18.53136447, 757.106155199217142 ], [ -44.945087823006745, -18.529679638386877, 757.106155199217142 ], [ -44.94548577, -18.52850024, 757.106155199217142 ], [ -44.94602585168888, -18.527870467893294, 757.106155199217142 ], [ -44.945860611576407, -18.52729185504645, 757.106155199217142 ], [ -44.94515943, -18.52668677, 757.106155199217142 ], [ -44.94541810934907, -18.52579134812763, 757.106155199217142 ], [ -44.944421333857584, -18.524648712958712, 757.106155199217142 ], [ -44.9437708, -18.5249968, 757.106155199217142 ], [ -44.94314913, -18.52483044, 757.106155199217142 ], [ -44.9422026, -18.52720417, 757.106155199217142 ], [ -44.93729013, -18.53298315, 757.106155199217142 ], [ -44.93548673, -18.53459825, 757.106155199217142 ], [ -44.93392025, -18.53409872, 757.106155199217142 ], [ -44.92549984, -18.53488802, 757.106155199217142 ], [ -44.920712461526975, -18.535045228577186, 647.447866160531589 ], [ -44.920845885536743, -18.535863188661761, 647.5 ], [ -44.917106906573075, -18.539904428845581, 647.5 ] ], [ [ -44.92420426, -18.62993089, 734.064747045124477 ], [ -44.92156229, -18.63034257, 734.064747045124477 ], [ -44.9222572, -18.62897851, 734.064747045124477 ], [ -44.92507999, -18.6282772, 734.064747045124477 ], [ -44.92420426, -18.62993089, 734.064747045124477 ] ], [ [ -44.92198564, -18.62742436, 734.064747045124477 ], [ -44.92119257, -18.6259346, 734.064747045124477 ], [ -44.91881274, -18.62390771, 734.064747045124477 ], [ -44.91894915, -18.62221791, 734.064747045124477 ], [ -44.9196122, -18.62130969, 734.064747045124477 ], [ -44.92060943, -18.62093206, 734.064747045124477 ], [ -44.92106845, -18.62032168, 734.064747045124477 ], [ -44.92318874, -18.62090684, 734.064747045124477 ], [ -44.92462504, -18.621714, 734.064747045124477 ], [ -44.92707626, -18.6223122, 734.064747045124477 ], [ -44.92611773, -18.62630635, 734.064747045124477 ], [ -44.925266627178431, -18.626590451496174, 734.064747045124477 ], [ -44.9246015, -18.62784858, 734.064747045124477 ], [ -44.923457271131568, -18.627054303566947, 734.064747045124477 ], [ -44.92198564, -18.62742436, 734.064747045124477 ] ] ] } },
{ "type": "Feature", "properties": { "area_ha": 545.5, "proveniencia": "limite_municipal − cadastro − exclusoes", "veg_nativa_pct": 50.3, "silvicultura_pct": 0.0, "uso_antropico_pct": 47.2, "supressao_ha": 14.94, "regeneracao_ha": 8.55, "titularidade": "sem_registro_conhecido", "municipio": "Felixlândia", "codigo_ibge": "3125705", "largura_media_m": 204.0, "compacidade": 0.024, "ponto_lat": -18.669778, "ponto_lon": -44.874087, "utm_e": 513278.3, "utm_n": 7935705.6 }, "geometry": { "type": "Polygon", "coordinates": [ [ [ -44.86867715, -18.65515538, 734.064747045124477 ], [ -44.87016018, -18.65442787, 734.064747045124477 ], [ -44.87243296, -18.654148089999985, 734.064747045124477 ], [ -44.87271298, -18.65437206, 734.064747045124477 ], [ -44.87249455, -18.65468878, 734.064747045124477 ], [ -44.87030299, -18.65495474, 734.064747045124477 ], [ -44.86882577, -18.655678879999989, 734.064747045124477 ], [ -44.86753622, -18.65574288, 734.064747045124477 ], [ -44.86625371, -18.6562521, 734.064747045124477 ], [ -44.86477578, -18.656178, 734.064747045124477 ], [ -44.86481137, -18.65683621, 734.064747045124477 ], [ -44.86548971, -18.6568297, 734.064747045124477 ], [ -44.86723055, -18.65853916, 734.064747045124477 ], [ -44.86846944, -18.65843642, 734.064747045124477 ], [ -44.86993236, -18.65766715, 734.064747045124477 ], [ -44.87170684, -18.65807198, 734.064747045124477 ], [ -44.87228505, -18.65807593, 734.064747045124477 ], [ -44.87301027, -18.6575966, 734.064747045124477 ], [ -44.87332833, -18.65771709, 734.064747045124477 ], [ -44.87330707000001, -18.658064929999988, 734.064747045124477 ], [ -44.87243381, -18.65860192, 734.064747045124477 ], [ -44.87001242, -18.65820704, 734.064747045124477 ], [ -44.86878514, -18.6589023, 734.064747045124477 ], [ -44.86765728, -18.65910297, 734.064747045124477 ], [ -44.86969449, -18.66026404, 734.064747045124477 ], [ -44.87039356, -18.65978041, 734.064747045124477 ], [ -44.87207994, -18.65975981, 734.064747045124477 ], [ -44.87389403, -18.65900477, 734.064747045124477 ], [ -44.87434781, -18.65928675, 734.064747045124477 ], [ -44.87221753, -18.66028748, 734.064747045124477 ], [ -44.87080365, -18.66025679, 734.064747045124477 ], [ -44.87026197, -18.66051813, 734.064747045124477 ], [ -44.87133719, -18.6608477, 734.064747045124477 ], [ -44.873570890000011, -18.66085046, 734.064747045124477 ], [ -44.87349906, -18.66123876, 734.064747045124477 ], [ -44.87269309, -18.66145323, 734.064747045124477 ], [ -44.87016957, -18.6610744, 734.064747045124477 ], [ -44.86731909, -18.65956371, 734.064747045124477 ], [ -44.86694376, -18.66056036, 734.064747045124477 ], [ -44.86736663, -18.66099327, 734.064747045124477 ], [ -44.86732085, -18.66201722, 734.064747045124477 ], [ -44.86779707, -18.6624783, 734.064747045124477 ], [ -44.86751734, -18.66300942, 734.064747045124477 ], [ -44.86822784, -18.66356521, 734.064747045124477 ], [ -44.86785225, -18.66460504, 734.064747045124477 ], [ -44.86859149, -18.66471706, 734.064747045124477 ], [ -44.86889779, -18.66426622, 734.064747045124477 ], [ -44.87189498, -18.66284671, 734.064747045124477 ], [ -44.87201219, -18.66331806, 734.064747045124477 ], [ -44.86957923, -18.66456348, 734.064747045124477 ], [ -44.86987832, -18.66518713, 734.064747045124477 ], [ -44.87386212, -18.66505473, 734.064747045124477 ], [ -44.87518914, -18.66391762, 734.064747045124477 ], [ -44.8755968, -18.66420688, 734.064747045124477 ], [ -44.87498824, -18.66503955, 734.064747045124477 ], [ -44.87412424, -18.665547, 734.064747045124477 ], [ -44.87223651, -18.66550395, 734.064747045124477 ], [ -44.87048671, -18.66585322, 734.064747045124477 ], [ -44.87091306, -18.66715565, 734.064747045124477 ], [ -44.87202136, -18.66709371, 734.064747045124477 ], [ -44.87326673, -18.66651932, 734.064747045124477 ], [ -44.87591392, -18.66622248, 734.064747045124477 ], [ -44.87700508, -18.66677789, 734.064747045124477 ], [ -44.87672604, -18.6670693, 734.064747045124477 ], [ -44.87584316, -18.66677017, 734.064747045124477 ], [ -44.87276019, -18.66732823, 734.064747045124477 ], [ -44.87435464, -18.66799911, 734.064747045124477 ], [ -44.87509725, -18.66864491, 734.064747045124477 ], [ -44.87682584, -18.66844348, 734.064747045124477 ], [ -44.876754, -18.66883178, 734.064747045124477 ], [ -44.87575052, -18.66917592, 734.064747045124477 ], [ -44.87487943, -18.66914761, 734.064747045124477 ], [ -44.87404433, -18.66845688, 734.064747045124477 ], [ -44.87206278, -18.66763761, 734.064747045124477 ], [ -44.87044892, -18.66748632, 734.064747045124477 ], [ -44.87030873, -18.66767886, 734.064747045124477 ], [ -44.86953948, -18.66961691, 734.064747045124477 ], [ -44.86991637, -18.67137759, 734.064747045124477 ], [ -44.87070913, -18.67124993, 734.064747045124477 ], [ -44.87171949, -18.67157942, 734.064747045124477 ], [ -44.87338108, -18.6710026, 734.064747045124477 ], [ -44.8757552, -18.6708679, 734.064747045124477 ], [ -44.87735895, -18.67139348, 734.064747045124477 ], [ -44.87704291, -18.67170872, 734.064747045124477 ], [ -44.87573259, -18.67140996, 734.064747045124477 ], [ -44.87392595, -18.67147277, 734.064747045124477 ], [ -44.87217074, -18.672023, 734.064747045124477 ], [ -44.87218465, -18.67274193, 734.064747045124477 ], [ -44.87169145, -18.67369642, 734.064747045124477 ], [ -44.87203973, -18.67390223, 734.064747045124477 ], [ -44.87295509, -18.67398465, 734.064747045124477 ], [ -44.87541773, -18.6733981, 734.064747045124477 ], [ -44.87663364, -18.67341041, 734.064747045124477 ], [ -44.87685913, -18.6737828, 734.064747045124477 ], [ -44.87282142, -18.67454115, 734.064747045124477 ], [ -44.87133239, -18.67411979, 734.064747045124477 ], [ -44.87126387, -18.67457915, 734.064747045124477 ], [ -44.87046879, -18.67493839, 734.064747045124477 ], [ -44.87017366, -18.67595406, 734.064747045124477 ], [ -44.87038024, -18.67679248, 734.064747045124477 ], [ -44.87121071, -18.6765563, 734.064747045124477 ], [ -44.87310788, -18.67518879, 734.064747045124477 ], [ -44.87447934, -18.67510104, 734.064747045124477 ], [ -44.87516801, -18.67471096, 734.064747045124477 ], [ -44.87612746, -18.67463142, 734.064747045124477 ], [ -44.87670293, -18.67418523, 734.064747045124477 ], [ -44.87704691, -18.67454909, 734.064747045124477 ], [ -44.87634419, -18.67513685, 734.064747045124477 ], [ -44.87307728, -18.67577399, 734.064747045124477 ], [ -44.87150477, -18.67702371, 734.064747045124477 ], [ -44.87053615, -18.67731379, 734.064747045124477 ], [ -44.87235547, -18.67797486, 734.064747045124477 ], [ -44.87373578, -18.67793638, 734.064747045124477 ], [ -44.87513292, -18.67683865, 734.064747045124477 ], [ -44.87646232, -18.67670501, 734.064747045124477 ], [ -44.87734754, -18.67626678, 734.064747045124477 ], [ -44.87759459, -18.67648891, 734.064747045124477 ], [ -44.87744199, -18.67678768, 734.064747045124477 ], [ -44.87659621, -18.6772387, 734.064747045124477 ], [ -44.87538188, -18.67732657, 734.064747045124477 ], [ -44.87454677, -18.67792121, 734.064747045124477 ], [ -44.87652275, -18.67780287, 734.064747045124477 ], [ -44.87705703, -18.67789655, 734.064747045124477 ], [ -44.87716189, -18.67823034, 734.064747045124477 ], [ -44.87231719, -18.67851676, 734.064747045124477 ], [ -44.87097446, -18.67806884, 734.064747045124477 ], [ -44.87114942, -18.6797253, 734.064747045124477 ], [ -44.87007926, -18.6812694, 734.064747045124477 ], [ -44.8714741, -18.68267538, 734.064747045124477 ], [ -44.87157972, -18.68363701, 734.064747045124477 ], [ -44.87136139, -18.68388498, 734.064747045124477 ], [ -44.87103468, -18.6837286, 734.064747045124477 ], [ -44.87096289, -18.68292141, 734.064747045124477 ], [ -44.86957345, -18.68166977, 734.064747045124477 ], [ -44.8695543, -18.68103649, 734.064747045124477 ], [ -44.87060662, -18.6795574, 734.064747045124477 ], [ -44.87046952, -18.67898467, 734.064747045124477 ], [ -44.86986779, -18.67932071, 734.064747045124477 ], [ -44.86922031, -18.68034802, 734.064747045124477 ], [ -44.8684055, -18.68077865, 734.064747045124477 ], [ -44.86761051, -18.68189142, 734.064747045124477 ], [ -44.86595656, -18.68271153, 734.064747045124477 ], [ -44.86564469, -18.68258332, 734.064747045124477 ], [ -44.86568412, -18.68226181, 734.064747045124477 ], [ -44.86723438, -18.68148452, 734.064747045124477 ], [ -44.86798646, -18.68039842, 734.064747045124477 ], [ -44.86898883, -18.67963654, 734.064747045124477 ], [ -44.86718669, -18.67947283, 734.064747045124477 ], [ -44.86403316, -18.68068789, 734.064747045124477 ], [ -44.86359324, -18.68058547, 734.064747045124477 ], [ -44.86371189, -18.68020775, 734.064747045124477 ], [ -44.86634675, -18.67927999, 734.064747045124477 ], [ -44.86453484, -18.67845818, 734.064747045124477 ], [ -44.86312903, -18.67816434, 734.064747045124477 ], [ -44.86314208, -18.67764698, 734.064747045124477 ], [ -44.86796457, -18.67903236, 734.064747045124477 ], [ -44.8693153, -18.67913379, 734.064747045124477 ], [ -44.87039113, -18.67841106, 734.064747045124477 ], [ -44.8696045, -18.6759874, 734.064747045124477 ], [ -44.86989913, -18.67486655, 734.064747045124477 ], [ -44.86941469, -18.67480625, 734.064747045124477 ], [ -44.86749707, -18.67603076, 734.064747045124477 ], [ -44.86482644, -18.67598469, 734.064747045124477 ], [ -44.86296559, -18.67666094, 734.064747045124477 ], [ -44.86275874, -18.67620392, 734.064747045124477 ], [ -44.86473349, -18.67544848, 734.064747045124477 ], [ -44.86735981, -18.67550131, 734.064747045124477 ], [ -44.86922225, -18.67428912, 734.064747045124477 ], [ -44.87067609, -18.67418592, 734.064747045124477 ], [ -44.87063404, -18.67377645, 734.064747045124477 ], [ -44.87117263, -18.67345713, 734.064747045124477 ], [ -44.87164974, -18.67247554, 734.064747045124477 ], [ -44.87160719, -18.67212299, 734.064747045124477 ], [ -44.87118391, -18.67195856, 734.064747045124477 ], [ -44.8700763, -18.6720214, 734.064747045124477 ], [ -44.86940917, -18.67164688, 734.064747045124477 ], [ -44.86794776, -18.67369344, 734.064747045124477 ], [ -44.86613594, -18.67403093, 734.064747045124477 ], [ -44.86565251, -18.67446146, 734.064747045124477 ], [ -44.86534065, -18.67433325, 734.064747045124477 ], [ -44.86576886, -18.67360319, 734.064747045124477 ], [ -44.86752896, -18.67329604, 734.064747045124477 ], [ -44.86835002, -18.67243338, 734.064747045124477 ], [ -44.86844836, -18.6722379, 734.064747045124477 ], [ -44.86772784, -18.67237999, 734.064747045124477 ], [ -44.86699301, -18.67303026, 734.064747045124477 ], [ -44.86660822, -18.6727982, 734.064747045124477 ], [ -44.86731344, -18.67197805, 734.064747045124477 ], [ -44.86885339, -18.67150594, 734.064747045124477 ], [ -44.86917451, -18.67076964, 734.064747045124477 ], [ -44.86892896, -18.66956873, 734.064747045124477 ], [ -44.8693193, -18.66899278, 734.064747045124477 ], [ -44.86830602, -18.66996974, 734.064747045124477 ], [ -44.86656408, -18.67052997, 734.064747045124477 ], [ -44.86563824, -18.6722802, 734.064747045124477 ], [ -44.86478267, -18.67271302, 734.064747045124477 ], [ -44.86427389, -18.67257216, 734.064747045124477 ], [ -44.86435221, -18.67225719, 734.064747045124477 ], [ -44.8654585, -18.67168499, 734.064747045124477 ], [ -44.86619833, -18.67011213, 734.064747045124477 ], [ -44.86799664, -18.66951166, 734.064747045124477 ], [ -44.86953012, -18.66816536, 734.064747045124477 ], [ -44.87027261, -18.66670766, 734.064747045124477 ], [ -44.86913280000001, -18.66491354, 734.064747045124477 ], [ -44.86881121, -18.66522078, 734.064747045124477 ], [ -44.86807862, -18.6652591, 734.064747045124477 ], [ -44.86731856, -18.66480649, 734.064747045124477 ], [ -44.86721731, -18.6641828, 734.064747045124477 ], [ -44.86754205, -18.66367244, 734.064747045124477 ], [ -44.86699233, -18.6632284, 734.064747045124477 ], [ -44.86713195, -18.66258505, 734.064747045124477 ], [ -44.86675237, -18.66208732, 734.064747045124477 ], [ -44.86681806, -18.66114339, 734.064747045124477 ], [ -44.86633621, -18.66063218, 734.064747045124477 ], [ -44.86695654, -18.659091, 734.064747045124477 ], [ -44.86636814, -18.65822104, 734.064747045124477 ], [ -44.864944853977789, -18.657366521667953, 734.064747045124477 ], [ -44.86510772, -18.65794313, 734.064747045124477 ], [ -44.86048525, -18.66182972, 734.064747045124477 ], [ -44.86304592, -18.66462479, 734.064747045124477 ], [ -44.86461954, -18.66474906, 734.064747045124477 ], [ -44.86515555, -18.666020899999989, 734.064747045124477 ], [ -44.86518981, -18.66718324, 734.064747045124477 ], [ -44.863644465591413, -18.667690231499041, 734.064747045124477 ], [ -44.862683716439314, -18.669492413424091, 734.064747045124477 ], [ -44.86297533, -18.67006579, 734.064747045124477 ], [ -44.86297814, -18.671379, 734.064747045124477 ], [ -44.86257478, -18.67250215, 734.064747045124477 ], [ -44.86147679, -18.67352663, 734.064747045124477 ], [ -44.86108749, -18.6734652, 734.064747045124477 ], [ -44.86108749, -18.6731415, 734.064747045124477 ], [ -44.86230148, -18.67179685, 734.064747045124477 ], [ -44.862388920669083, -18.670045385236399, 734.064747045124477 ], [ -44.8614477, -18.67181088, 734.064747045124477 ], [ -44.860636596523676, -18.671781438154181, 734.064747045124477 ], [ -44.85973694, -18.67223204, 734.064747045124477 ], [ -44.85915351, -18.67358282, 734.064747045124477 ], [ -44.858148301724668, -18.673964925927663, 642.65064000000018 ], [ -44.858226506546245, -18.674923525946639, 642.65064000000018 ], [ -44.857314520033142, -18.674960037082997, 642.65064000000018 ], [ -44.85951082, -18.6768016, 734.064747045124477 ], [ -44.858140364086715, -18.678422721524026, 642.65064000000018 ], [ -44.85339427, -18.67839761, 734.064747045124477 ], [ -44.851417221382953, -18.678858799407852, 642.65064000000018 ], [ -44.85256441, -18.68005707, 734.064747045124477 ], [ -44.85415767, -18.68059328, 734.064747045124477 ], [ -44.85504918, -18.67873284, 734.064747045124477 ], [ -44.85553754, -18.67873484, 734.064747045124477 ], [ -44.85546682, -18.67952934, 734.064747045124477 ], [ -44.85472427, -18.6806726, 734.064747045124477 ], [ -44.85457672, -18.68201539, 734.064747045124477 ], [ -44.85490583, -18.68368614, 734.064747045124477 ], [ -44.85569071, -18.6847643, 734.064747045124477 ], [ -44.85627049, -18.68253921, 734.064747045124477 ], [ -44.85570558, -18.68057626, 734.064747045124477 ], [ -44.85588388, -18.67950237, 734.064747045124477 ], [ -44.85641744, -18.67947275, 734.064747045124477 ], [ -44.85627042, -18.68050117, 734.064747045124477 ], [ -44.85669031, -18.68154703, 734.064747045124477 ], [ -44.85700618, -18.6805568, 734.064747045124477 ], [ -44.85689486, -18.67913663, 734.064747045124477 ], [ -44.85742841, -18.67910702, 734.064747045124477 ], [ -44.85757026, -18.6806495, 734.064747045124477 ], [ -44.856286, -18.68415315, 734.064747045124477 ], [ -44.85620646, -18.68540937, 734.064747045124477 ], [ -44.85586556, -18.68585933, 734.064747045124477 ], [ -44.85596544, -18.68692045, 734.064747045124477 ], [ -44.85517475, -18.68827365, 734.064747045124477 ], [ -44.85552867, -18.68918761, 734.064747045124477 ], [ -44.85539675, -18.68869174, 734.064747045124477 ], [ -44.855639027161622, -18.688764764497844, 734.064747045124477 ], [ -44.85622986, -18.68802302, 734.064747045124477 ], [ -44.85689797, -18.68626513, 734.064747045124477 ], [ -44.85794611, -18.68532472, 734.064747045124477 ], [ -44.85850483, -18.6836323, 734.064747045124477 ], [ -44.8589083, -18.68321019, 734.064747045124477 ], [ -44.85864364, -18.68057878, 734.064747045124477 ], [ -44.8589338, -18.67860216, 734.064747045124477 ], [ -44.85938052, -18.67878155, 734.064747045124477 ], [ -44.85921248, -18.68056875, 734.064747045124477 ], [ -44.85947266, -18.68292238, 734.064747045124477 ], [ -44.86061284, -18.68196509, 734.064747045124477 ], [ -44.86128001, -18.68027662, 734.064747045124477 ], [ -44.86162566, -18.68049328, 734.064747045124477 ], [ -44.8615144, -18.68129741, 734.064747045124477 ], [ -44.86074228, -18.68271757, 734.064747045124477 ], [ -44.85906168, -18.68378849, 734.064747045124477 ], [ -44.85854102, -18.68540528, 734.064747045124477 ], [ -44.85747848, -18.68639359, 734.064747045124477 ], [ -44.85711277, -18.68716303, 734.064747045124477 ], [ -44.8573007, -18.6872101, 734.064747045124477 ], [ -44.85882417, -18.68666334, 734.064747045124477 ], [ -44.86043633, -18.68656932, 734.064747045124477 ], [ -44.86186053, -18.68361949, 734.064747045124477 ], [ -44.86224937, -18.68392748, 734.064747045124477 ], [ -44.86125165, -18.68637347, 734.064747045124477 ], [ -44.86276615, -18.68610958, 734.064747045124477 ], [ -44.86309857, -18.68320769, 734.064747045124477 ], [ -44.86334562, -18.68298556, 734.064747045124477 ], [ -44.86367438, -18.68335871, 734.064747045124477 ], [ -44.86338687, -18.68590144, 734.064747045124477 ], [ -44.86482288, -18.68383638, 734.064747045124477 ], [ -44.86512468, -18.684221, 734.064747045124477 ], [ -44.86423127, -18.68572754, 734.064747045124477 ], [ -44.86611841, -18.68546054, 734.064747045124477 ], [ -44.867284278753324, -18.685786328631675, 734.064747045124477 ], [ -44.86784728, -18.68411716, 734.064747045124477 ], [ -44.871519263246839, -18.684878960130646, 734.064747045124477 ], [ -44.87639543, -18.68073675, 734.064747045124477 ], [ -44.87780069, -18.67777457, 734.064747045124477 ], [ -44.87874096, -18.67401926, 734.064747045124477 ], [ -44.87830963, -18.6638404, 734.064747045124477 ], [ -44.87999464, -18.65884256, 734.064747045124477 ], [ -44.88276862905024, -18.65889532474479, 887.871977515109734 ], [ -44.88022175, -18.65882199, 734.064747045124477 ], [ -44.87994582, -18.65787665, 734.064747045124477 ], [ -44.875668200102453, -18.654264534272972, 734.064747045124477 ], [ -44.87264056, -18.65291532, 734.064747045124477 ], [ -44.87192263, -18.65160394, 734.064747045124477 ], [ -44.86940583, -18.65039449, 734.064747045124477 ], [ -44.867987224599979, -18.65050565544713, 734.064747045124477 ], [ -44.86790043, -18.65088439, 734.064747045124477 ], [ -44.86474821, -18.65127135, 734.064747045124477 ], [ -44.867161391966228, -18.655297455254637, 734.064747045124477 ], [ -44.86867715, -18.65515538, 734.064747045124477 ] ] ] } },
{ "type": "Feature", "properties": { "area_ha": 567.9, "proveniencia": "limite_municipal − cadastro − exclusoes", "veg_nativa_pct": 40.4, "silvicultura_pct": 0.2, "uso_antropico_pct": 59.3, "supressao_ha": 1.71, "regeneracao_ha": 5.76, "titularidade": "sem_registro_conhecido", "municipio": "Felixlândia", "codigo_ibge": "3125705", "largura_media_m": 278.0, "compacidade": 0.043, "ponto_lat": -18.610945, "ponto_lon": -44.815934, "utm_e": 519417.6, "utm_n": 7942209.8 }, "geometry": { "type": "Polygon", "coordinates": [ [ [ -44.81414646, -18.61249571, 687.209383670609895 ], [ -44.81408301, -18.61283885, 687.209383670609895 ], [ -44.813543063466533, -18.613013636442954, 687.209383670609895 ], [ -44.811644211094467, -18.617558979527345, 687.209383670609895 ], [ -44.81288533, -18.61756938, 687.209383670609895 ], [ -44.8130381, -18.61796054, 687.209383670609895 ], [ -44.811366366738007, -18.618224042052248, 687.209383670609895 ], [ -44.806839258899998, -18.629059557100003, 687.209383670609895 ], [ -44.806268534485945, -18.635471926709613, 687.209383670609895 ], [ -44.812474304880098, -18.634449982641947, 687.209383670609895 ], [ -44.81270403, -18.63241196, 687.209383670609895 ], [ -44.81242621, -18.63112006, 687.209383670609895 ], [ -44.81090263, -18.63313221, 687.209383670609895 ], [ -44.81040657, -18.63290105, 687.209383670609895 ], [ -44.81088571, -18.63201081, 687.209383670609895 ], [ -44.81154065, -18.63166852, 687.209383670609895 ], [ -44.81307172, -18.62888466, 687.209383670609895 ], [ -44.81321483, -18.62820363, 687.209383670609895 ], [ -44.81296887, -18.62756024, 687.209383670609895 ], [ -44.81215909, -18.62779918, 687.209383670609895 ], [ -44.81158982, -18.62751935, 687.209383670609895 ], [ -44.81047319, -18.62769812, 687.209383670609895 ], [ -44.81053692, -18.62887852, 687.209383670609895 ], [ -44.80967494, -18.63100646, 687.209383670609895 ], [ -44.8083006, -18.63192568, 687.209383670609895 ], [ -44.80798812, -18.63289066, 687.209383670609895 ], [ -44.80753301, -18.63276077, 687.209383670609895 ], [ -44.80785739, -18.63158435, 687.209383670609895 ], [ -44.80916362, -18.63076446, 687.209383670609895 ], [ -44.80997888, -18.6287698, 687.209383670609895 ], [ -44.80984356, -18.62782638, 687.209383670609895 ], [ -44.81007323, -18.62730883, 687.209383670609895 ], [ -44.81107567, -18.62698674, 687.209383670609895 ], [ -44.81222683, -18.62723468, 687.209383670609895 ], [ -44.81418608, -18.62632566, 687.209383670609895 ], [ -44.81494555, -18.626379, 687.209383670609895 ], [ -44.81560443, -18.62679695, 687.209383670609895 ], [ -44.81705346, -18.62587385, 687.209383670609895 ], [ -44.81788348, -18.62592203, 687.209383670609895 ], [ -44.81822654, -18.62547445, 687.209383670609895 ], [ -44.8191696, -18.6251172, 687.209383670609895 ], [ -44.81761741, -18.62380566, 687.209383670609895 ], [ -44.81785053, -18.62244978, 687.209383670609895 ], [ -44.81696495, -18.6211697, 687.209383670609895 ], [ -44.81709478, -18.619276989999989, 687.209383670609895 ], [ -44.81658551, -18.618574429999988, 687.209383670609895 ], [ -44.81653601, -18.617952389999989, 687.209383670609895 ], [ -44.81697869, -18.61798911, 687.209383670609895 ], [ -44.81762752, -18.61908295, 687.209383670609895 ], [ -44.81749763, -18.62093689, 687.209383670609895 ], [ -44.81788865, -18.62161452, 687.209383670609895 ], [ -44.81836072, -18.62045275, 687.209383670609895 ], [ -44.81796038, -18.61868486, 687.209383670609895 ], [ -44.81827334, -18.61846273, 687.209383670609895 ], [ -44.81857608, -18.61874191, 687.209383670609895 ], [ -44.81892953, -18.62049087, 687.209383670609895 ], [ -44.81830791, -18.62211189, 687.209383670609895 ], [ -44.81954417, -18.62106918, 687.209383670609895 ], [ -44.81999082, -18.62120881, 687.209383670609895 ], [ -44.81880587, -18.62238035, 687.209383670609895 ], [ -44.81815658, -18.62358628, 687.209383670609895 ], [ -44.81928474, -18.62433108, 687.209383670609895 ], [ -44.81977834, -18.62508287, 687.209383670609895 ], [ -44.82168674, -18.6252212, 687.209383670609895 ], [ -44.82327461, -18.62343181, 687.209383670609895 ], [ -44.823652356532499, -18.621970521799774, 687.209383670609895 ], [ -44.82291629, -18.62126654, 687.209383670609895 ], [ -44.82297975, -18.6209234, 687.209383670609895 ], [ -44.8233447, -18.620887, 687.209383670609895 ], [ -44.823902666529506, -18.621452987649622, 687.209383670609895 ], [ -44.82404709, -18.62115438, 687.209383670609895 ], [ -44.82593536, -18.62050367, 687.209383670609895 ], [ -44.82563496, -18.61777884, 687.209383670609895 ], [ -44.82486248, -18.61749415, 687.209383670609895 ], [ -44.82172966, -18.61753482, 687.209383670609895 ], [ -44.81975555, -18.61720946, 687.209383670609895 ], [ -44.81773853, -18.61497261, 687.209383670609895 ], [ -44.81743813, -18.61123091, 687.209383670609895 ], [ -44.81773853, -18.60777383, 784.102648809523771 ], [ -44.81756687, -18.60667568, 784.102648809523771 ], [ -44.8182106, -18.60350322, 784.102648809523771 ], [ -44.82164383, -18.60362524, 784.102648809523771 ], [ -44.82069969, -18.60179495, 784.102648809523771 ], [ -44.82134342, -18.60016801, 784.102648809523771 ], [ -44.82181549, -18.59967992, 784.102648809523771 ], [ -44.824954544469541, -18.598954287148349, 784.102648809523771 ], [ -44.82540524657621, -18.59697184182237, 795.24 ], [ -44.826887155095292, -18.595889888937645, 791.170560080577502 ], [ -44.82702515, -18.59482603, 784.102648809523771 ], [ -44.82966033, -18.59458277, 784.102648809523771 ], [ -44.83063855, -18.5936692, 784.102648809523771 ], [ -44.83036106, -18.59245818, 784.102648809523771 ], [ -44.83103936, -18.59135088, 784.102648809523771 ], [ -44.83273199, -18.59083605, 784.102648809523771 ], [ -44.83410559, -18.59077492, 757.106155199217142 ], [ -44.83533679, -18.5901845, 757.106155199217142 ], [ -44.83558094, -18.59059769, 757.106155199217142 ], [ -44.83476448, -18.59109084, 757.106155199217142 ], [ -44.83170395, -18.59162131, 784.102648809523771 ], [ -44.83092758, -18.59253976, 784.102648809523771 ], [ -44.83122885, -18.59319185, 784.102648809523771 ], [ -44.83314332, -18.59373877, 784.102648809523771 ], [ -44.8344391, -18.59463048, 757.106155199217142 ], [ -44.83543736, -18.59456608, 757.106155199217142 ], [ -44.83550984, -18.595023529999988, 757.106155199217142 ], [ -44.83425895, -18.59514483, 757.106155199217142 ], [ -44.83289984, -18.59423049, 784.102648809523771 ], [ -44.83123586, -18.5937386, 784.102648809523771 ], [ -44.829825950653891, -18.595101891855936, 784.102648809523771 ], [ -44.83, -18.59545, 784.102648809523771 ], [ -44.8359, -18.59923333, 757.106155199217142 ], [ -44.83291667, -18.60296667, 784.102648809523771 ], [ -44.83253333, -18.6046, 784.102648809523771 ], [ -44.832797709765373, -18.607491621251505, 850.286343292764286 ], [ -44.835480743446929, -18.606487843486587, 818.12 ], [ -44.836162307761342, -18.606681228248938, 757.106155199217142 ], [ -44.83637861, -18.60644889, 757.106155199217142 ], [ -44.83801544, -18.60632804, 757.106155199217142 ], [ -44.84103178, -18.60710256, 757.106155199217142 ], [ -44.84164858, -18.60628779, 757.106155199217142 ], [ -44.84122768, -18.6041705, 757.106155199217142 ], [ -44.84041493, -18.60397921, 757.106155199217142 ], [ -44.84020732, -18.60323946, 757.106155199217142 ], [ -44.83892725, -18.60284094, 757.106155199217142 ], [ -44.83678557, -18.60124218, 757.106155199217142 ], [ -44.83707854, -18.600982, 757.106155199217142 ], [ -44.83785611, -18.60117567, 757.106155199217142 ], [ -44.83936956, -18.6024273, 757.106155199217142 ], [ -44.83937342, -18.60073796, 757.106155199217142 ], [ -44.83859352, -18.59992585, 757.106155199217142 ], [ -44.83878007, -18.5996554, 757.106155199217142 ], [ -44.83914735, -18.59975183, 757.106155199217142 ], [ -44.83991718, -18.60056101, 757.106155199217142 ], [ -44.83988467, -18.60219628, 757.106155199217142 ], [ -44.8407418, -18.60297974, 757.106155199217142 ], [ -44.84075319, -18.60353924, 757.106155199217142 ], [ -44.8414981, -18.60367747, 757.106155199217142 ], [ -44.84183983, -18.60412067, 757.106155199217142 ], [ -44.84186847, -18.60533482, 757.106155199217142 ], [ -44.84354894, -18.60563054, 757.106155199217142 ], [ -44.84461594, -18.60455273, 757.106155199217142 ], [ -44.84619141, -18.60411332, 757.106155199217142 ], [ -44.84520435, -18.60228303, 757.106155199217142 ], [ -44.84481812, -18.5986224, 757.106155199217142 ], [ -44.845010553685853, -18.598512971545183, 757.106155199217142 ], [ -44.84298, -18.59561951, 757.106155199217142 ], [ -44.8425228, -18.59306187, 757.106155199217142 ], [ -44.84289785, -18.59299732, 757.106155199217142 ], [ -44.84321404, -18.59342476, 757.106155199217142 ], [ -44.84349688, -18.59539111, 757.106155199217142 ], [ -44.84537534, -18.59805176, 757.106155199217142 ], [ -44.84563081, -18.59576866, 757.106155199217142 ], [ -44.84415519, -18.59270693, 757.106155199217142 ], [ -44.84465548, -18.59262281, 757.106155199217142 ], [ -44.84573888, -18.5947071, 757.106155199217142 ], [ -44.84622397, -18.59299228, 757.106155199217142 ], [ -44.84662639, -18.59247402, 757.106155199217142 ], [ -44.84703101, -18.59252252, 757.106155199217142 ], [ -44.84638419, -18.5942133, 757.106155199217142 ], [ -44.84626412, -18.59653953, 757.106155199217142 ], [ -44.84751972, -18.59512375, 757.106155199217142 ], [ -44.84766208, -18.59388317, 757.106155199217142 ], [ -44.84807754, -18.59400675, 757.106155199217142 ], [ -44.84818101, -18.59491519, 757.106155199217142 ], [ -44.84761935, -18.5960195, 757.106155199217142 ], [ -44.84616959, -18.59731095, 757.106155199217142 ], [ -44.845955592555136, -18.59797556516974, 757.106155199217142 ], [ -44.84825134, -18.59667003, 757.106155199217142 ], [ -44.849695950490485, -18.599884279030576, 757.106155199217142 ], [ -44.85176691, -18.59790655, 757.106155199217142 ], [ -44.85180498, -18.59709841, 757.106155199217142 ], [ -44.85224264, -18.5966287, 757.106155199217142 ], [ -44.85192316, -18.59504843, 757.106155199217142 ], [ -44.8513881, -18.59412661, 757.106155199217142 ], [ -44.851008122196106, -18.591905780930702, 757.106155199217142 ], [ -44.84984009, -18.59066536, 757.106155199217142 ], [ -44.84876365, -18.58781825, 757.106155199217142 ], [ -44.84850305202815, -18.585979806278541, 757.106155199217142 ], [ -44.847946008962047, -18.586175154936349, 931.489123448754981 ], [ -44.847495996711629, -18.58816400128449, 936.21 ], [ -44.844477433717564, -18.590125323804685, 934.1 ], [ -44.84302555333813, -18.590549179907313, 932.05 ], [ -44.839676106527143, -18.587490180604323, 923.136781900969709 ], [ -44.832595731300003, -18.586975638599995, 784.102648809523771 ], [ -44.818154800599999, -18.6019732677, 784.102648809523771 ], [ -44.813810292523236, -18.61237394042886, 687.209383670609895 ], [ -44.81414646, -18.61249571, 687.209383670609895 ] ], [ [ -44.84960083, -18.59033201, 757.106155199217142 ], [ -44.85122605, -18.59328636, 757.106155199217142 ], [ -44.84832419, -18.59245232, 757.106155199217142 ], [ -44.84793894, -18.59268624, 757.106155199217142 ], [ -44.84664158, -18.59186106, 757.106155199217142 ], [ -44.84448576, -18.59148263, 757.106155199217142 ], [ -44.84320165, -18.59075233, 757.106155199217142 ], [ -44.84484839, -18.5899943, 757.106155199217142 ], [ -44.84756501, -18.58822249, 757.106155199217142 ], [ -44.84802589, -18.58621756, 757.106155199217142 ], [ -44.84834377, -18.58606885, 757.106155199217142 ], [ -44.84875133, -18.58801249, 757.106155199217142 ], [ -44.84960083, -18.59033201, 757.106155199217142 ] ] ] } },
{ "type": "Feature", "properties": { "area_ha": 567.0, "proveniencia": "limite_municipal − cadastro − exclusoes", "veg_nativa_pct": 41.1, "silvicultura_pct": 0.0, "uso_antropico_pct": 57.4, "supressao_ha": 9.09, "regeneracao_ha": 10.8, "titularidade": "sem_registro_conhecido", "municipio": "Jaboticatubas", "codigo_ibge": "3134608", "largura_media_m": 152.0, "compacidade": 0.013, "ponto_lat": -19.476837, "ponto_lon": -43.811971, "utm_e": 624686.5, "utm_n": 7845979.1 }, "geometry": { "type": "Polygon", "coordinates": [ [ [ -43.79236811, -19.476732, 798.417543196331394 ], [ -43.7917258, -19.47545823, 798.417543196331394 ], [ -43.790415613911421, -19.473896647195719, 798.417543196331394 ], [ -43.79051307, -19.47417587, 798.417543196331394 ], [ -43.78905061, -19.47382169, 798.417543196331394 ], [ -43.78795459, -19.47225698, 798.417543196331394 ], [ -43.78722504, -19.47211031, 798.417543196331394 ], [ -43.78826604, -19.471322610000012, 798.417543196331394 ], [ -43.789329, -19.46890989, 798.417543196331394 ], [ -43.79075468, -19.46782283, 798.417543196331394 ], [ -43.790879040803645, -19.469345718521954, 798.417543196331394 ], [ -43.79075405, -19.46779014, 798.417543196331394 ], [ -43.792249183750315, -19.466654641828505, 798.417543196331394 ], [ -43.78982984, -19.46836508, 798.417543196331394 ], [ -43.78871229, -19.46852441, 798.417543196331394 ], [ -43.78704583, -19.4678622, 798.417543196331394 ], [ -43.78695083, -19.46719498, 798.417543196331394 ], [ -43.7874496, -19.46569164, 798.417543196331394 ], [ -43.78731732, -19.46379842, 798.417543196331394 ], [ -43.78740224, -19.4635705, 798.417543196331394 ], [ -43.788687987311583, -19.463286417505039, 798.417543196331394 ], [ -43.78740264, -19.46356707, 798.417543196331394 ], [ -43.78782057, -19.46221649, 798.417543196331394 ], [ -43.787769822825418, -19.460423502766591, 798.417543196331394 ], [ -43.78752510568485, -19.460620059516259, 798.417543196331394 ], [ -43.78774345, -19.46165578, 798.417543196331394 ], [ -43.786511488111273, -19.461629227642526, 798.417543196331394 ], [ -43.78572688, -19.46220392, 798.417543196331394 ], [ -43.78758788, -19.46283933, 798.417543196331394 ], [ -43.78729284, -19.46363847, 798.417543196331394 ], [ -43.78620317, -19.463632, 798.417543196331394 ], [ -43.785492446661188, -19.463274377689224, 798.417543196331394 ], [ -43.783948647626708, -19.464461396911027, 798.417543196331394 ], [ -43.78431374, -19.46532716, 798.417543196331394 ], [ -43.78546262, -19.46607651, 798.417543196331394 ], [ -43.785438164138874, -19.466470298856255, 798.417543196331394 ], [ -43.78630665, -19.46729074, 798.417543196331394 ], [ -43.78615353, -19.46787615, 798.417543196331394 ], [ -43.78492048, -19.4676431, 798.417543196331394 ], [ -43.78095021, -19.46318297, 798.417543196331394 ], [ -43.78189067, -19.46111538, 798.417543196331394 ], [ -43.78092981, -19.46322439, 798.417543196331394 ], [ -43.77852357, -19.46184155, 798.417543196331394 ], [ -43.77794907, -19.46130923, 798.417543196331394 ], [ -43.77684467, -19.46059946, 798.417543196331394 ], [ -43.77604929, -19.45963838, 798.417543196331394 ], [ -43.775218491763994, -19.459967118148068, 798.417543196331394 ], [ -43.775372224195152, -19.460182322821776, 798.417543196331394 ], [ -43.77591478, -19.45978973, 798.417543196331394 ], [ -43.77697191, -19.46071789, 798.417543196331394 ], [ -43.77914462, -19.46238112, 798.417543196331394 ], [ -43.78097794, -19.46331534, 798.417543196331394 ], [ -43.78479838, -19.46764424, 798.417543196331394 ], [ -43.78907333, -19.46867444, 818.57 ], [ -43.78908528, -19.46929972, 810.61 ], [ -43.78823161, -19.47116439, 798.417543196331394 ], [ -43.78730893, -19.47195338, 798.417543196331394 ], [ -43.78472328, -19.47250971, 798.417543196331394 ], [ -43.783880209334747, -19.471985003023153, 805.342684551861112 ], [ -43.78185868, -19.47268167, 798.417543196331394 ], [ -43.78178674, -19.47135102, 798.417543196331394 ], [ -43.78257566, -19.46949053, 798.417543196331394 ], [ -43.78255803, -19.46805273, 798.417543196331394 ], [ -43.782127893581574, -19.467713223426312, 798.417543196331394 ], [ -43.78051212, -19.46877581, 798.417543196331394 ], [ -43.77887154, -19.46651, 798.417543196331394 ], [ -43.778858842204535, -19.46455931183467, 798.417543196331394 ], [ -43.777837729369558, -19.464228365402175, 798.417543196331394 ], [ -43.77726138, -19.46448313, 798.417543196331394 ], [ -43.778129, -19.46715119, 798.417543196331394 ], [ -43.778998045342441, -19.468117735595946, 798.417543196331394 ], [ -43.7796086, -19.46777412, 798.417543196331394 ], [ -43.7800622, -19.46830902, 798.417543196331394 ], [ -43.78109234, -19.47003621, 798.417543196331394 ], [ -43.78111954, -19.47103829, 798.417543196331394 ], [ -43.78047495, -19.47243902, 798.417543196331394 ], [ -43.77965808, -19.47290916, 798.417543196331394 ], [ -43.77828638, -19.47261187, 798.417543196331394 ], [ -43.77671176, -19.47180329, 798.417543196331394 ], [ -43.77572833, -19.47203668, 798.417543196331394 ], [ -43.77568619, -19.47180715, 798.417543196331394 ], [ -43.775662216111243, -19.47171673469494, 798.417543196331394 ], [ -43.775716323917763, -19.472102847126813, 780.184972636261364 ], [ -43.776645344804315, -19.471905360929913, 793.35 ], [ -43.778268469946305, -19.472672050873804, 798.96 ], [ -43.779453663545816, -19.472942794239152, 805.82 ], [ -43.77949727, -19.47307837000001, 798.417543196331394 ], [ -43.77855865, -19.47376271, 798.417543196331394 ], [ -43.77765512, -19.47458324, 798.417543196331394 ], [ -43.77710208, -19.47634993, 798.417543196331394 ], [ -43.77573459, -19.4780974, 798.417543196331394 ], [ -43.7701598, -19.48116268, 798.417543196331394 ], [ -43.76958512, -19.48163335, 798.417543196331394 ], [ -43.76886477, -19.48263348, 798.417543196331394 ], [ -43.76887462084651, -19.482952760995641, 709.14 ], [ -43.76920955330791, -19.483173184435323, 700.055556547310516 ], [ -43.769938762753718, -19.482865873111571, 798.417543196331394 ], [ -43.76969223, -19.48158533, 798.417543196331394 ], [ -43.77111746, -19.48080466, 798.417543196331394 ], [ -43.77146891, -19.48066986, 798.417543196331394 ], [ -43.772193442589149, -19.481816417691768, 798.417543196331394 ], [ -43.77441833, -19.48037333, 798.417543196331394 ], [ -43.77486372, -19.47971856, 798.417543196331394 ], [ -43.77631758, -19.47895199, 798.417543196331394 ], [ -43.77901745, -19.4788388, 798.417543196331394 ], [ -43.780228622629608, -19.476482728039638, 798.417543196331394 ], [ -43.77902119, -19.47828555, 798.417543196331394 ], [ -43.77724631, -19.47619396, 798.417543196331394 ], [ -43.77783597, -19.47442038, 798.417543196331394 ], [ -43.77981414, -19.47298352, 798.417543196331394 ], [ -43.78164338, -19.4727763, 798.417543196331394 ], [ -43.78263881, -19.47359928, 798.417543196331394 ], [ -43.783040848198745, -19.474710287284807, 798.417543196331394 ], [ -43.78344983, -19.47268016, 798.417543196331394 ], [ -43.78382129, -19.47250322, 798.417543196331394 ], [ -43.7839546, -19.47390913, 798.417543196331394 ], [ -43.78343276, -19.47515668, 798.417543196331394 ], [ -43.78568679, -19.47527781, 798.417543196331394 ], [ -43.78684864, -19.47268861, 798.417543196331394 ], [ -43.78719383, -19.47256945, 798.417543196331394 ], [ -43.78736984, -19.47290184, 798.417543196331394 ], [ -43.78623866, -19.47546372, 798.417543196331394 ], [ -43.78790999, -19.47583277, 798.417543196331394 ], [ -43.78806559, -19.47624083, 798.417543196331394 ], [ -43.78499789, -19.47576101, 798.417543196331394 ], [ -43.78612768, -19.47890771, 798.417543196331394 ], [ -43.78561404, -19.47877899, 798.417543196331394 ], [ -43.78444036, -19.47592361, 798.417543196331394 ], [ -43.78352398, -19.47569251, 798.417543196331394 ], [ -43.78196927, -19.4762093, 798.417543196331394 ], [ -43.78273587, -19.47764282, 798.417543196331394 ], [ -43.78357601, -19.47836823, 798.417543196331394 ], [ -43.78348776, -19.47873399, 798.417543196331394 ], [ -43.78251496, -19.47823514, 798.417543196331394 ], [ -43.78171486, -19.47669623, 798.417543196331394 ], [ -43.78129511, -19.47646169, 798.417543196331394 ], [ -43.78045576, -19.47708703, 798.417543196331394 ], [ -43.77963046, -19.47888305, 798.417543196331394 ], [ -43.781261017867564, -19.480476785144383, 798.417543196331394 ], [ -43.78344769000001, -19.4791231, 798.417543196331394 ], [ -43.78646593, -19.47989291, 798.417543196331394 ], [ -43.78704384, -19.47978674, 798.417543196331394 ], [ -43.787054042745623, -19.48114432807359, 798.417543196331394 ], [ -43.78879843, -19.48136036, 798.417543196331394 ], [ -43.79001086, -19.4820058, 798.417543196331394 ], [ -43.79136437, -19.48442587, 798.417543196331394 ], [ -43.79223863, -19.4848004, 798.417543196331394 ], [ -43.79174818, -19.48383157, 798.417543196331394 ], [ -43.79138463, -19.48168155, 798.417543196331394 ], [ -43.7905833, -19.48028048, 798.417543196331394 ], [ -43.78944339, -19.47983713, 798.417543196331394 ], [ -43.78840069, -19.48061971, 798.417543196331394 ], [ -43.78737657, -19.4807353, 798.417543196331394 ], [ -43.78712833, -19.48051318, 798.417543196331394 ], [ -43.78726456, -19.48021541, 798.417543196331394 ], [ -43.78819186, -19.48011297, 798.417543196331394 ], [ -43.78933618, -19.47930195, 798.417543196331394 ], [ -43.79047814, -19.47973441, 798.417543196331394 ], [ -43.78978706, -19.47538119, 798.417543196331394 ], [ -43.78984024, -19.47466332, 798.417543196331394 ], [ -43.79030985, -19.474571439999988, 798.417543196331394 ], [ -43.79102313, -19.47935867, 798.417543196331394 ], [ -43.79233497, -19.47903425, 798.417543196331394 ], [ -43.79304143, -19.47812093, 798.417543196331394 ], [ -43.79348222, -19.47829554, 798.417543196331394 ], [ -43.79333595, -19.47891603, 798.417543196331394 ], [ -43.79262697, -19.47950326, 798.417543196331394 ], [ -43.79107204, -19.47989894, 798.417543196331394 ], [ -43.79192987, -19.48151542, 798.417543196331394 ], [ -43.79233188, -19.48373368, 798.417543196331394 ], [ -43.7930258, -19.48475794, 798.417543196331394 ], [ -43.79394694, -19.48516208, 798.417543196331394 ], [ -43.79441854, -19.48573976, 787.00733614185674 ], [ -43.79478766, -19.48726579, 787.00733614185674 ], [ -43.79448979, -19.49052152, 787.00733614185674 ], [ -43.794951408590556, -19.491382866147955, 787.00733614185674 ], [ -43.79499531, -19.49112433, 787.00733614185674 ], [ -43.79742002, -19.48994351, 787.00733614185674 ], [ -43.79783967, -19.49040096, 787.00733614185674 ], [ -43.798409098661374, -19.490782725349593, 787.00733614185674 ], [ -43.79743664, -19.48974215, 787.00733614185674 ], [ -43.79962891609204, -19.487490449179028, 787.00733614185674 ], [ -43.79865398, -19.48685155, 787.00733614185674 ], [ -43.79786481, -19.48583889, 787.00733614185674 ], [ -43.7964554, -19.48228893, 798.417543196331394 ], [ -43.79553281, -19.48205233, 798.417543196331394 ], [ -43.7948661, -19.48134974, 798.417543196331394 ], [ -43.79448798, -19.479769279999989, 798.417543196331394 ], [ -43.79467552, -19.47949886, 798.417543196331394 ], [ -43.79509392, -19.47972784, 798.417543196331394 ], [ -43.79539876, -19.48114992, 798.417543196331394 ], [ -43.79583275, -19.48158604, 798.417543196331394 ], [ -43.79652913, -19.48174848, 798.417543196331394 ], [ -43.79735629, -19.48052303, 798.417543196331394 ], [ -43.79721165, -19.47978235, 798.417543196331394 ], [ -43.79538774, -19.47743572, 798.417543196331394 ], [ -43.79602002, -19.4769235, 798.417543196331394 ], [ -43.796302019860839, -19.477181176522045, 798.417543196331394 ], [ -43.79927695, -19.47744584, 798.417543196331394 ], [ -43.79979384997791, -19.477968574014032, 798.417543196331394 ], [ -43.79968066, -19.47732544, 798.417543196331394 ], [ -43.79996982, -19.47701542, 798.417543196331394 ], [ -43.80331099, -19.47420652, 798.417543196331394 ], [ -43.80519446, -19.47457568, 798.417543196331394 ], [ -43.80649697, -19.47426277, 798.417543196331394 ], [ -43.80857751, -19.4753963, 798.417543196331394 ], [ -43.808496581927109, -19.476508016943662, 798.417543196331394 ], [ -43.80871239, -19.47595326, 798.417543196331394 ], [ -43.80943712, -19.47731316, 798.417543196331394 ], [ -43.80802896, -19.47935609, 798.417543196331394 ], [ -43.807099834397711, -19.479940494603024, 798.417543196331394 ], [ -43.807582506697798, -19.480714859414011, 798.417543196331394 ], [ -43.80850911, -19.48064716, 798.417543196331394 ], [ -43.81110549, -19.4789934, 798.417543196331394 ], [ -43.811481, -19.47939799, 798.417543196331394 ], [ -43.811373208620935, -19.479819452882584, 798.417543196331394 ], [ -43.81159365, -19.47976212, 798.417543196331394 ], [ -43.81189406, -19.48138047, 798.417543196331394 ], [ -43.81170094, -19.48278639, 798.417543196331394 ], [ -43.80985558, -19.4825841, 798.417543196331394 ], [ -43.807964057228901, -19.483021869232672, 798.417543196331394 ], [ -43.80776911, -19.48392785, 798.417543196331394 ], [ -43.808701514329627, -19.487691738172376, 787.00733614185674 ], [ -43.80994141, -19.48607863, 787.00733614185674 ], [ -43.81017213, -19.48587549, 787.00733614185674 ], [ -43.809518765499973, -19.48697424054394, 787.00733614185674 ], [ -43.81189068, -19.48435144, 798.417543196331394 ], [ -43.81263971, -19.48374727, 798.417543196331394 ], [ -43.81294012, -19.48396979, 798.417543196331394 ], [ -43.81275445, -19.48550663, 787.00733614185674 ], [ -43.81360935, -19.48693193, 787.00733614185674 ], [ -43.81192694, -19.489065, 787.00733614185674 ], [ -43.811491645350984, -19.488723983260595, 787.00733614185674 ], [ -43.810548437363842, -19.49033434524863, 787.00733614185674 ], [ -43.81138385, -19.4913881, 787.00733614185674 ], [ -43.81256312, -19.4911363, 787.00733614185674 ], [ -43.81250301, -19.4906764, 787.00733614185674 ], [ -43.8129818, -19.48976803, 787.00733614185674 ], [ -43.813949982169049, -19.489740729617676, 698.281015807814128 ], [ -43.81439773, -19.48756864, 698.281015807814128 ], [ -43.81606355, -19.48748496, 698.281015807814128 ], [ -43.81885742, -19.48865074, 698.281015807814128 ], [ -43.818678388170518, -19.492414106533861, 698.281015807814128 ], [ -43.81914631, -19.49315271, 698.281015807814128 ], [ -43.820180647241976, -19.492966196897314, 698.281015807814128 ], [ -43.8205602, -19.48955898, 698.281015807814128 ], [ -43.821985558133093, -19.487681422060852, 698.281015807814128 ], [ -43.82065147, -19.4860443, 698.281015807814128 ], [ -43.819933441403741, -19.485581135824805, 698.281015807814128 ], [ -43.82012418, -19.48584994, 698.281015807814128 ], [ -43.81726384, -19.487793, 698.281015807814128 ], [ -43.81625533, -19.48747946, 698.281015807814128 ], [ -43.81540134, -19.4874903, 698.281015807814128 ], [ -43.81451726, -19.48755026, 698.281015807814128 ], [ -43.81422472, -19.485750039999989, 698.281015807814128 ], [ -43.81644866, -19.48469406, 688.977807469377467 ], [ -43.81731483, -19.48391386, 688.977807469377467 ], [ -43.81815789, -19.4837558, 688.977807469377467 ], [ -43.817089933829699, -19.482643234149084, 688.977807469377467 ], [ -43.8150131, -19.48129894, 688.977807469377467 ], [ -43.81396244, -19.4795487, 688.977807469377467 ], [ -43.81294233, -19.47866721, 798.417543196331394 ], [ -43.81306155, -19.47828952, 798.417543196331394 ], [ -43.81439927, -19.47919855, 688.977807469377467 ], [ -43.81543347, -19.48093019, 688.977807469377467 ], [ -43.817129567282599, -19.482008237653666, 688.977807469377467 ], [ -43.81785474, -19.47986833, 688.977807469377467 ], [ -43.81861446, -19.48013159, 688.977807469377467 ], [ -43.82037294, -19.48021806, 688.977807469377467 ], [ -43.81910878, -19.48419557, 688.977807469377467 ], [ -43.82068142, -19.48540679, 698.281015807814128 ], [ -43.82174579, -19.48424389, 688.977807469377467 ], [ -43.82440328, -19.48267476, 688.977807469377467 ], [ -43.8247742, -19.48272392, 688.977807469377467 ], [ -43.82477275, -19.48314096, 688.977807469377467 ], [ -43.82208437, -19.48468447, 688.977807469377467 ], [ -43.8211363, -19.48574461, 698.281015807814128 ], [ -43.82352565, -19.48839913, 698.281015807814128 ], [ -43.82410327, -19.48859226, 698.281015807814128 ], [ -43.82440723, -19.487701, 698.281015807814128 ], [ -43.82616156, -19.486190499999989, 698.281015807814128 ], [ -43.82653523, -19.48497876, 688.977807469377467 ], [ -43.82701409, -19.48494743, 688.977807469377467 ], [ -43.82664138, -19.4864872, 698.281015807814128 ], [ -43.82487065, -19.48802158, 698.281015807814128 ], [ -43.82468839, -19.48876968, 698.281015807814128 ], [ -43.82563924, -19.48994773, 698.281015807814128 ], [ -43.82684289, -19.49073222, 698.281015807814128 ], [ -43.82711177, -19.49193218, 698.281015807814128 ], [ -43.82808544, -19.49236792, 698.281015807814128 ], [ -43.82813398, -19.49391439, 698.281015807814128 ], [ -43.82873185, -19.4926753, 698.281015807814128 ], [ -43.83118245, -19.492380229999988, 698.281015807814128 ], [ -43.83175405, -19.49200187, 698.281015807814128 ], [ -43.83404666, -19.49284955, 698.281015807814128 ], [ -43.83456088, -19.49276296, 698.281015807814128 ], [ -43.83535077, -19.491038549999988, 698.281015807814128 ], [ -43.83492232, -19.4908919, 698.281015807814128 ], [ -43.83459151, -19.49127995, 698.281015807814128 ], [ -43.8337787, -19.49122631, 698.281015807814128 ], [ -43.83298748, -19.49038535, 698.281015807814128 ], [ -43.83298284, -19.48968476, 698.281015807814128 ], [ -43.83091604, -19.48918805, 698.281015807814128 ], [ -43.83014483, -19.48832259, 698.281015807814128 ], [ -43.82942903, -19.4861616, 698.281015807814128 ], [ -43.82719274, -19.48514257, 688.977807469377467 ], [ -43.82716609, -19.48470854, 688.977807469377467 ], [ -43.82854167, -19.4849664, 688.977807469377467 ], [ -43.82985929, -19.48580188, 698.281015807814128 ], [ -43.83067091, -19.48809817, 698.281015807814128 ], [ -43.83126903, -19.48875785, 698.281015807814128 ], [ -43.83317256, -19.48913472, 698.281015807814128 ], [ -43.83386876, -19.48821559, 698.281015807814128 ], [ -43.83312937, -19.48603605, 698.281015807814128 ], [ -43.83258477, -19.48551199, 698.281015807814128 ], [ -43.83275788, -19.48517806, 688.977807469377467 ], [ -43.83352284, -19.48558326, 698.281015807814128 ], [ -43.83427892, -19.48783701, 698.281015807814128 ], [ -43.83527975, -19.48735679, 698.281015807814128 ], [ -43.83608517, -19.48783471, 698.281015807814128 ], [ -43.83643837, -19.48762956, 698.281015807814128 ], [ -43.83549662, -19.48487625, 688.977807469377467 ], [ -43.83566289, -19.48334891, 688.977807469377467 ], [ -43.83632075, -19.48268316, 688.977807469377467 ], [ -43.83653939, -19.48296548, 688.977807469377467 ], [ -43.83606797, -19.48484257, 688.977807469377467 ], [ -43.83701959, -19.48748903, 698.281015807814128 ], [ -43.83883886, -19.48808995, 698.281015807814128 ], [ -43.83952919, -19.48804904, 698.281015807814128 ], [ -43.84171931, -19.48934015, 698.281015807814128 ], [ -43.84229393, -19.48934448, 698.281015807814128 ], [ -43.8409865, -19.48862271, 698.281015807814128 ], [ -43.84034504, -19.48779938, 698.281015807814128 ], [ -43.83938789, -19.48751033, 698.281015807814128 ], [ -43.83913576, -19.48648481, 698.281015807814128 ], [ -43.839462998551753, -19.48594677551689, 698.281015807814128 ], [ -43.83756147, -19.48332009, 688.977807469377467 ], [ -43.84361771, -19.48129571, 688.977807469377467 ], [ -43.84396692, -19.4821718, 688.977807469377467 ], [ -43.84533053, -19.4817648, 688.977807469377467 ], [ -43.84523516, -19.48101137, 688.977807469377467 ], [ -43.84417047, -19.47894338, 688.977807469377467 ], [ -43.84355179, -19.47837226, 688.977807469377467 ], [ -43.84349178, -19.47773812, 688.977807469377467 ], [ -43.84201527, -19.47788077, 688.977807469377467 ], [ -43.84013102, -19.47674995, 688.977807469377467 ], [ -43.838943782600175, -19.476932684207174, 688.977807469377467 ], [ -43.84021008, -19.47895573, 688.977807469377467 ], [ -43.83955376, -19.479554719999989, 688.977807469377467 ], [ -43.838537370139385, -19.476808884893842, 688.977807469377467 ], [ -43.83787044, -19.4760458, 688.977807469377467 ], [ -43.83742082, -19.4774896, 688.977807469377467 ], [ -43.83656045, -19.47760178, 688.977807469377467 ], [ -43.83553712, -19.47716118, 688.977807469377467 ], [ -43.83504327032324, -19.478101554158908, 688.977807469377467 ], [ -43.8354063, -19.48293811, 688.977807469377467 ], [ -43.83383979, -19.48446217, 688.977807469377467 ], [ -43.833933994340185, -19.481860243197264, 688.977807469377467 ], [ -43.83241919, -19.4810789, 688.977807469377467 ], [ -43.83210287, -19.48250341, 688.977807469377467 ], [ -43.83297524, -19.484546640000012, 688.977807469377467 ], [ -43.8327025, -19.48481046, 688.977807469377467 ], [ -43.8323876, -19.48463983, 688.977807469377467 ], [ -43.83153942, -19.48260373, 688.977807469377467 ], [ -43.83185048, -19.48116197, 688.977807469377467 ], [ -43.83169039, -19.48002105, 688.977807469377467 ], [ -43.83129209265784, -19.480152508075729, 688.977807469377467 ], [ -43.83123621, -19.48128901, 688.977807469377467 ], [ -43.82980585, -19.48413162, 688.977807469377467 ], [ -43.82945774111078, -19.484082740924389, 688.977807469377467 ], [ -43.82924297, -19.48445776, 688.977807469377467 ], [ -43.82645215, -19.4839323, 688.977807469377467 ], [ -43.82546659, -19.48295558, 688.977807469377467 ], [ -43.82485314, -19.48159271, 688.977807469377467 ], [ -43.825440369596372, -19.480654587741451, 688.977807469377467 ], [ -43.82446119, -19.48197128, 688.977807469377467 ], [ -43.8240684, -19.48172728, 688.977807469377467 ], [ -43.82432574, -19.48032137, 688.977807469377467 ], [ -43.825893843002312, -19.476569885657657, 688.977807469377467 ], [ -43.8255349789966, -19.4761900992536, 688.977807469377467 ], [ -43.82473992, -19.4763511, 688.977807469377467 ], [ -43.82447106, -19.476875259999989, 688.977807469377467 ], [ -43.82371305, -19.47711219, 688.977807469377467 ], [ -43.82339349, -19.47933752, 688.977807469377467 ], [ -43.82415877, -19.480650050000012, 688.977807469377467 ], [ -43.82403854, -19.4814881, 688.977807469377467 ], [ -43.82059999, -19.4802184, 688.977807469377467 ], [ -43.81854793, -19.48005873, 688.977807469377467 ], [ -43.81618375, -19.47750705, 688.977807469377467 ], [ -43.81321348, -19.47576304, 798.417543196331394 ], [ -43.813777146626677, -19.474818630136514, 798.417543196331394 ], [ -43.81191894, -19.47438563, 798.417543196331394 ], [ -43.81214814, -19.47400911, 798.417543196331394 ], [ -43.81357282, -19.47429562, 798.417543196331394 ], [ -43.81458077, -19.47409872, 688.977807469377467 ], [ -43.81588566, -19.4726977, 688.977807469377467 ], [ -43.81451922, -19.46994824, 688.977807469377467 ], [ -43.81309551, -19.46963609, 798.417543196331394 ], [ -43.81321599, -19.47116657, 798.417543196331394 ], [ -43.81257701, -19.47232292, 798.417543196331394 ], [ -43.81180453, -19.47300756, 798.417543196331394 ], [ -43.81157534, -19.47263105, 798.417543196331394 ], [ -43.81266855, -19.47100787, 798.417543196331394 ], [ -43.81251594, -19.46981731, 798.417543196331394 ], [ -43.80992737, -19.46925011, 798.417543196331394 ], [ -43.8081621, -19.4716368, 798.417543196331394 ], [ -43.8082194, -19.47212223, 798.417543196331394 ], [ -43.80954746, -19.47388066, 798.417543196331394 ], [ -43.80941333, -19.47423018, 798.417543196331394 ], [ -43.80907725, -19.47417398, 798.417543196331394 ], [ -43.80796345, -19.47277627, 798.417543196331394 ], [ -43.80760252, -19.47178461, 798.417543196331394 ], [ -43.80491255, -19.47284063, 798.417543196331394 ], [ -43.80326058, -19.47271739, 798.417543196331394 ], [ -43.80279032, -19.47440808, 798.417543196331394 ], [ -43.8024493, -19.47455741, 798.417543196331394 ], [ -43.802201120000035, -19.474287968564791, 798.417543196331394 ], [ -43.80110955, -19.47566619, 798.417543196331394 ], [ -43.8003148, -19.47369395, 798.417543196331394 ], [ -43.800575153386525, -19.470286308172, 798.417543196331394 ], [ -43.79938654, -19.47197837, 798.417543196331394 ], [ -43.79842369, -19.4726925, 798.417543196331394 ], [ -43.79835179, -19.47311371, 798.417543196331394 ], [ -43.79835318, -19.47367726, 798.417543196331394 ], [ -43.79959923, -19.47477723, 798.417543196331394 ], [ -43.79995921, -19.47546505, 798.417543196331394 ], [ -43.79992962, -19.4766413, 798.417543196331394 ], [ -43.79951675, -19.47659553, 798.417543196331394 ], [ -43.79914389, -19.47510686, 798.417543196331394 ], [ -43.79828091, -19.47431537, 798.417543196331394 ], [ -43.79763784, -19.47564672, 798.417543196331394 ], [ -43.79673024, -19.47650491, 798.417543196331394 ], [ -43.79597567, -19.47666004, 798.417543196331394 ], [ -43.79595431, -19.47631222, 798.417543196331394 ], [ -43.79761486, -19.47476946, 798.417543196331394 ], [ -43.79778202, -19.47381197, 798.417543196331394 ], [ -43.79781589, -19.47286167, 798.417543196331394 ], [ -43.79639909, -19.47287473, 798.417543196331394 ], [ -43.795703182592263, -19.472929727021473, 798.417543196331394 ], [ -43.795851, -19.47411219, 798.417543196331394 ], [ -43.79523665, -19.47589492, 798.417543196331394 ], [ -43.79423927, -19.47740409, 798.417543196331394 ], [ -43.79317873, -19.47749268, 798.417543196331394 ], [ -43.79236811, -19.476732, 798.417543196331394 ] ] ] } },
{ "type": "Feature", "properties": { "area_ha": 796.3, "proveniencia": "limite_municipal − cadastro − exclusoes", "veg_nativa_pct": 60.1, "silvicultura_pct": 0.0, "uso_antropico_pct": 38.3, "supressao_ha": 13.86, "regeneracao_ha": 19.17, "titularidade": "sem_registro_conhecido", "municipio": "Jaboticatubas", "codigo_ibge": "3134608", "largura_media_m": 210.0, "compacidade": 0.017, "ponto_lat": -19.266218, "ponto_lon": -43.752844, "utm_e": 631061.0, "utm_n": 7869245.0 }, "geometry": { "type": "Polygon", "coordinates": [ [ [ -43.74527001, -19.2382, 808.071720814705259 ], [ -43.74519903, -19.23996998, 808.071720814705259 ], [ -43.7442241, -19.24233765, 808.071720814705259 ], [ -43.74639015, -19.24336458, 808.071720814705259 ], [ -43.74744378, -19.24421892, 808.071720814705259 ], [ -43.74697271, -19.24443655, 808.071720814705259 ], [ -43.7445018, -19.24308517, 808.071720814705259 ], [ -43.74487324, -19.24467236, 808.071720814705259 ], [ -43.74451734, -19.24551208, 808.071720814705259 ], [ -43.74652381, -19.24622137, 808.071720814705259 ], [ -43.74839599, -19.24730737, 808.071720814705259 ], [ -43.74790218, -19.24748575, 808.071720814705259 ], [ -43.74440442, -19.24610881, 808.071720814705259 ], [ -43.74455369, -19.24677497, 808.071720814705259 ], [ -43.74525651, -19.24800748, 808.071720814705259 ], [ -43.74748275, -19.24919961, 808.071720814705259 ], [ -43.74984547, -19.25176416, 808.071720814705259 ], [ -43.75005598, -19.25258411, 808.071720814705259 ], [ -43.74964082, -19.2550196, 808.071720814705259 ], [ -43.74932801, -19.25519639, 808.071720814705259 ], [ -43.74904936, -19.254966, 808.071720814705259 ], [ -43.74948582, -19.25251072, 808.071720814705259 ], [ -43.74905341, -19.25171664, 808.071720814705259 ], [ -43.74878346, -19.25264846000001, 808.071720814705259 ], [ -43.74767393, -19.25408781, 808.071720814705259 ], [ -43.74712617, -19.25465486, 808.071720814705259 ], [ -43.7466795, -19.25452214, 808.071720814705259 ], [ -43.74828747, -19.25237698, 808.071720814705259 ], [ -43.74854584, -19.25125465, 808.071720814705259 ], [ -43.74711709, -19.24961924, 808.071720814705259 ], [ -43.74609875, -19.24915231, 808.071720814705259 ], [ -43.74655071, -19.25084588, 808.071720814705259 ], [ -43.74569951, -19.25290749, 808.071720814705259 ], [ -43.74536039, -19.25259509, 808.071720814705259 ], [ -43.7459774, -19.25081825, 808.071720814705259 ], [ -43.74545785, -19.24887119, 808.071720814705259 ], [ -43.74461913, -19.24813332, 808.071720814705259 ], [ -43.74383044, -19.24923117, 808.071720814705259 ], [ -43.74359129, -19.25032986, 808.071720814705259 ], [ -43.74309005, -19.250292679999987, 808.071720814705259 ], [ -43.74330462, -19.24901625, 808.071720814705259 ], [ -43.74426632, -19.247629, 808.071720814705259 ], [ -43.74380601, -19.24604211, 808.071720814705259 ], [ -43.74307394, -19.24778787, 808.071720814705259 ], [ -43.74285936, -19.250461940000012, 808.071720814705259 ], [ -43.74244802706859, -19.24864253045698, 808.071720814705259 ], [ -43.74219418, -19.24953007, 808.071720814705259 ], [ -43.739917723419758, -19.247848864020604, 808.071720814705259 ], [ -43.74059361, -19.25039255, 808.071720814705259 ], [ -43.74009593, -19.25111713, 808.071720814705259 ], [ -43.7402442, -19.25152584, 808.071720814705259 ], [ -43.74077393, -19.2520961, 808.071720814705259 ], [ -43.74231087, -19.25280378, 808.071720814705259 ], [ -43.74316166, -19.25368258, 808.071720814705259 ], [ -43.74312209, -19.25400407, 808.071720814705259 ], [ -43.74271673, -19.25403221, 808.071720814705259 ], [ -43.74194623, -19.25322174, 808.071720814705259 ], [ -43.74035497, -19.25247579, 808.071720814705259 ], [ -43.7395172, -19.25117878, 808.071720814705259 ], [ -43.73838102, -19.25089644, 808.071720814705259 ], [ -43.73737107, -19.25127908, 808.071720814705259 ], [ -43.736944, -19.25370079, 808.071720814705259 ], [ -43.73739252, -19.25341184, 808.071720814705259 ], [ -43.73786167, -19.25356129, 808.071720814705259 ], [ -43.73869095, -19.25478489, 808.071720814705259 ], [ -43.73993521, -19.25476975, 808.071720814705259 ], [ -43.74273994, -19.25535978, 808.071720814705259 ], [ -43.74345733, -19.25584985, 808.071720814705259 ], [ -43.74321664, -19.25630502, 808.071720814705259 ], [ -43.74258594, -19.25588781, 808.071720814705259 ], [ -43.73882129, -19.25533688, 808.071720814705259 ], [ -43.7394294, -19.25616303, 808.071720814705259 ], [ -43.73950109, -19.25697592, 808.071720814705259 ], [ -43.74119481, -19.25809188, 808.071720814705259 ], [ -43.74212304, -19.2583163, 808.071720814705259 ], [ -43.74401056, -19.25799979, 808.071720814705259 ], [ -43.7456649, -19.25844727, 808.071720814705259 ], [ -43.74724005, -19.25826272, 808.071720814705259 ], [ -43.74885966, -19.25707011, 808.071720814705259 ], [ -43.7523278, -19.25770552, 808.071720814705259 ], [ -43.75383864, -19.25909173, 808.071720814705259 ], [ -43.75427914, -19.2610607, 808.071720814705259 ], [ -43.75400576, -19.26125398, 808.071720814705259 ], [ -43.75370898, -19.26105571, 808.071720814705259 ], [ -43.75333894, -19.25935694, 808.071720814705259 ], [ -43.75216948, -19.25822887, 808.071720814705259 ], [ -43.7488944, -19.25761514, 808.071720814705259 ], [ -43.74773888, -19.25857837, 808.071720814705259 ], [ -43.74926964, -19.26019534, 808.071720814705259 ], [ -43.75183203, -19.26064384, 808.071720814705259 ], [ -43.75183755, -19.26116733, 808.071720814705259 ], [ -43.74990645, -19.26101563, 808.071720814705259 ], [ -43.74898378, -19.26066557, 808.071720814705259 ], [ -43.74685894, -19.25875508, 808.071720814705259 ], [ -43.74626077, -19.25883108, 808.071720814705259 ], [ -43.74669392, -19.259873899999988, 808.071720814705259 ], [ -43.74658956, -19.26088597, 808.071720814705259 ], [ -43.74628305, -19.26107743, 808.071720814705259 ], [ -43.74603514, -19.26085531, 808.071720814705259 ], [ -43.74608169, -19.2595096, 808.071720814705259 ], [ -43.74559623, -19.25898549, 808.071720814705259 ], [ -43.74396127, -19.25854556, 808.071720814705259 ], [ -43.74149576, -19.25877588, 808.071720814705259 ], [ -43.73920469, -19.25744347, 808.071720814705259 ], [ -43.738788572972496, -19.258107647694388, 808.071720814705259 ], [ -43.739606666354007, -19.25886735089496, 808.071720814705259 ], [ -43.74032711, -19.25906527, 808.071720814705259 ], [ -43.74054275, -19.25972068, 808.071720814705259 ], [ -43.73997361, -19.26074106, 808.071720814705259 ], [ -43.738936932807817, -19.260982915336903, 808.071720814705259 ], [ -43.73874207, -19.26195675, 808.071720814705259 ], [ -43.74161445, -19.26277237, 808.071720814705259 ], [ -43.74380438, -19.26221433, 808.071720814705259 ], [ -43.74385931, -19.26270374, 808.071720814705259 ], [ -43.74209669, -19.26329169, 808.071720814705259 ], [ -43.74344385, -19.26469035, 808.071720814705259 ], [ -43.74428889, -19.26496645, 808.071720814705259 ], [ -43.74737467, -19.26516352, 808.071720814705259 ], [ -43.74713866, -19.26260418, 808.071720814705259 ], [ -43.74732594000001, -19.26233375, 808.071720814705259 ], [ -43.74775861, -19.26260645, 808.071720814705259 ], [ -43.74789068, -19.264839689999988, 808.071720814705259 ], [ -43.75003382, -19.26330637, 808.071720814705259 ], [ -43.75020147, -19.26360213, 808.071720814705259 ], [ -43.74988754, -19.26416314, 808.071720814705259 ], [ -43.74805699, -19.26537034, 808.071720814705259 ], [ -43.74886519, -19.26635812, 808.071720814705259 ], [ -43.749298, -19.2663784, 808.071720814705259 ], [ -43.75027488, -19.265983, 808.071720814705259 ], [ -43.75295038, -19.26302033, 808.071720814705259 ], [ -43.75552115, -19.26261684, 808.071720814705259 ], [ -43.75560987, -19.26313088, 808.071720814705259 ], [ -43.75322694, -19.26349621, 808.071720814705259 ], [ -43.75217991, -19.26455391, 808.071720814705259 ], [ -43.75456937, -19.26565461, 808.071720814705259 ], [ -43.75604304, -19.26567153, 808.071720814705259 ], [ -43.75612888, -19.26613381, 808.071720814705259 ], [ -43.75442857, -19.26618298, 808.071720814705259 ], [ -43.75237367, -19.26513052, 808.071720814705259 ], [ -43.75177768, -19.26510467, 808.071720814705259 ], [ -43.75063825, -19.26640679, 808.071720814705259 ], [ -43.74992302, -19.2667586, 808.071720814705259 ], [ -43.75102869, -19.26762229, 808.071720814705259 ], [ -43.75167034, -19.26871517, 808.071720814705259 ], [ -43.75388971, -19.26920152, 808.071720814705259 ], [ -43.7557073, -19.26918959, 808.071720814705259 ], [ -43.75678173, -19.26808664, 808.071720814705259 ], [ -43.7571857, -19.26817756, 808.071720814705259 ], [ -43.75697085, -19.26888461, 808.071720814705259 ], [ -43.7558846, -19.26970602, 808.071720814705259 ], [ -43.75475654, -19.26985844, 808.071720814705259 ], [ -43.75256667, -19.26945474, 808.071720814705259 ], [ -43.75292285, -19.26999677, 808.071720814705259 ], [ -43.75298346000001, -19.27161278, 808.071720814705259 ], [ -43.7538673, -19.2719806, 808.071720814705259 ], [ -43.75516818, -19.27149743, 808.071720814705259 ], [ -43.75682267, -19.27150877, 808.071720814705259 ], [ -43.75824506, -19.27103508, 808.071720814705259 ], [ -43.75925876, -19.27185996, 808.071720814705259 ], [ -43.76119064, -19.27276735, 808.071720814705259 ], [ -43.76237793, -19.27427034, 808.071720814705259 ], [ -43.76194005, -19.27444971, 808.071720814705259 ], [ -43.76083741, -19.27319715, 808.071720814705259 ], [ -43.75895994, -19.27232642, 808.071720814705259 ], [ -43.75809963, -19.27157109, 808.071720814705259 ], [ -43.75696576, -19.27203567, 808.071720814705259 ], [ -43.75527272, -19.27203232, 808.071720814705259 ], [ -43.75377182, -19.27251985, 808.071720814705259 ], [ -43.75456135000001, -19.27382003, 808.071720814705259 ], [ -43.75780485, -19.27391721, 808.071720814705259 ], [ -43.75940715, -19.27472371, 808.071720814705259 ], [ -43.76076379, -19.27616725, 808.071720814705259 ], [ -43.7603259, -19.27644074, 808.071720814705259 ], [ -43.75904313, -19.27514223, 808.071720814705259 ], [ -43.75761491, -19.27442988, 808.071720814705259 ], [ -43.75456316, -19.27439041, 808.071720814705259 ], [ -43.75447023, -19.27675439, 808.071720814705259 ], [ -43.7572315, -19.27752162, 808.071720814705259 ], [ -43.75873735, -19.2787199, 808.071720814705259 ], [ -43.75997197, -19.27868112, 808.071720814705259 ], [ -43.76024542, -19.2789128, 808.071720814705259 ], [ -43.76003017, -19.279223569999989, 808.071720814705259 ], [ -43.75858385, -19.27924404, 808.071720814705259 ], [ -43.75697797, -19.27801022, 808.071720814705259 ], [ -43.75432648, -19.27728342, 808.071720814705259 ], [ -43.75437367, -19.27801149, 808.071720814705259 ], [ -43.7570819, -19.27968512, 808.071720814705259 ], [ -43.75930452, -19.28204983, 808.071720814705259 ], [ -43.75915919, -19.28236974, 808.071720814705259 ], [ -43.75878815, -19.28231757, 808.071720814705259 ], [ -43.75671498, -19.2801011, 808.071720814705259 ], [ -43.75515544, -19.27914072, 808.071720814705259 ], [ -43.75529822, -19.28036738, 808.071720814705259 ], [ -43.75677522, -19.28239783, 808.071720814705259 ], [ -43.75670021, -19.28275098, 808.071720814705259 ], [ -43.75633577, -19.28279143, 808.071720814705259 ], [ -43.75464251, -19.280309429999988, 808.071720814705259 ], [ -43.75458121, -19.27900883, 808.071720814705259 ], [ -43.75370549, -19.2779399, 808.071720814705259 ], [ -43.75379095, -19.2770852, 808.071720814705259 ], [ -43.75190465, -19.27744286, 808.071720814705259 ], [ -43.75138503, -19.27778768, 808.071720814705259 ], [ -43.75097214, -19.27763605, 808.071720814705259 ], [ -43.75170742, -19.27693261, 808.071720814705259 ], [ -43.75394288, -19.27650962, 808.071720814705259 ], [ -43.75403813, -19.27403676, 808.071720814705259 ], [ -43.75340819, -19.27330292, 808.071720814705259 ], [ -43.75319169, -19.27228997, 808.071720814705259 ], [ -43.75232242, -19.27167799, 808.071720814705259 ], [ -43.75234132, -19.27009449, 808.071720814705259 ], [ -43.7519823, -19.26920857, 808.071720814705259 ], [ -43.75130618, -19.26914008, 808.071720814705259 ], [ -43.75061165, -19.26799565, 808.071720814705259 ], [ -43.74903075, -19.26690856, 808.071720814705259 ], [ -43.74908062, -19.26773383, 808.071720814705259 ], [ -43.7485585, -19.26880103, 808.071720814705259 ], [ -43.7489264, -19.26958617, 808.071720814705259 ], [ -43.74853977, -19.27024586, 808.071720814705259 ], [ -43.74904063, -19.27119727, 808.071720814705259 ], [ -43.74892968, -19.27273687, 808.071720814705259 ], [ -43.74852402, -19.27349517, 808.071720814705259 ], [ -43.74861005, -19.27421356, 808.071720814705259 ], [ -43.74808361, -19.27474603, 808.071720814705259 ], [ -43.74749233, -19.27627389, 808.071720814705259 ], [ -43.74819869, -19.27792249, 808.071720814705259 ], [ -43.74828206, -19.27967809, 808.071720814705259 ], [ -43.74996887, -19.28006243, 808.071720814705259 ], [ -43.75100702, -19.28074241, 808.071720814705259 ], [ -43.75175466, -19.28212078, 808.071720814705259 ], [ -43.75179293, -19.28321502, 808.071720814705259 ], [ -43.75153268, -19.28347748, 808.071720814705259 ], [ -43.75121969, -19.28334928, 808.071720814705259 ], [ -43.75120912, -19.28228211, 808.071720814705259 ], [ -43.75060141, -19.28112437, 808.071720814705259 ], [ -43.7497717, -19.2805749, 808.071720814705259 ], [ -43.7483416, -19.28029026, 808.071720814705259 ], [ -43.74887959, -19.28238679, 808.071720814705259 ], [ -43.75065327, -19.28504757, 808.071720814705259 ], [ -43.750516858954789, -19.285773433489371, 862.14 ], [ -43.748364549532475, -19.286065460547647, 864.0 ], [ -43.747343040021022, -19.285320015589711, 868.557933900775538 ], [ -43.74688209, -19.28553508, 808.071720814705259 ], [ -43.746932831132355, -19.284895151238743, 870.339849567065244 ], [ -43.745811692462823, -19.283603183088335, 872.152843373043765 ], [ -43.745625479952047, -19.283553520815655, 808.071720814705259 ], [ -43.74643609, -19.28446509, 808.071720814705259 ], [ -43.74449135, -19.28621742, 808.071720814705259 ], [ -43.74309184, -19.28791365, 808.071720814705259 ], [ -43.74301671, -19.28852879, 808.071720814705259 ], [ -43.74423178, -19.28820223, 808.071720814705259 ], [ -43.74649085, -19.28831248, 808.071720814705259 ], [ -43.748204800000011, -19.28729266, 808.071720814705259 ], [ -43.74982301, -19.28684481, 808.071720814705259 ], [ -43.7516452, -19.2873748, 808.071720814705259 ], [ -43.75224613, -19.2880764, 808.071720814705259 ], [ -43.75190133, -19.28819557, 808.071720814705259 ], [ -43.74983251, -19.28739037, 808.071720814705259 ], [ -43.74845627, -19.28778013, 808.071720814705259 ], [ -43.74662547, -19.2888407, 808.071720814705259 ], [ -43.74429177, -19.28874341, 808.071720814705259 ], [ -43.74339987, -19.28896288, 808.071720814705259 ], [ -43.74430623, -19.28957848, 808.071720814705259 ], [ -43.74589106, -19.29226794, 808.071720814705259 ], [ -43.74548746, -19.29240645, 808.071720814705259 ], [ -43.744881774284281, -19.291900013099649, 808.071720814705259 ], [ -43.74509039, -19.29262363, 808.071720814705259 ], [ -43.74398662, -19.29268464, 808.071720814705259 ], [ -43.74103978, -19.29413215, 808.071720814705259 ], [ -43.73904321, -19.29262472, 808.071720814705259 ], [ -43.739136790766949, -19.292261474358575, 808.071720814705259 ], [ -43.73874473, -19.29256719, 808.071720814705259 ], [ -43.7366591, -19.29287786, 808.071720814705259 ], [ -43.7351018, -19.29260698, 808.071720814705259 ], [ -43.73301098, -19.29282716, 808.071720814705259 ], [ -43.73212032, -19.29254018, 808.071720814705259 ], [ -43.73210109, -19.29334124, 808.071720814705259 ], [ -43.73393732, -19.29489181, 808.071720814705259 ], [ -43.73488786, -19.29454007, 808.071720814705259 ], [ -43.73555068, -19.29497483, 808.071720814705259 ], [ -43.73571923, -19.29437786, 808.071720814705259 ], [ -43.73654706, -19.2943625, 808.071720814705259 ], [ -43.73716134, -19.29391744, 808.071720814705259 ], [ -43.73868579, -19.29413787, 808.071720814705259 ], [ -43.73955525, -19.29537961, 808.071720814705259 ], [ -43.73945076, -19.29590668, 808.071720814705259 ], [ -43.73999692, -19.29603325, 808.071720814705259 ], [ -43.74017715, -19.29427391, 808.071720814705259 ], [ -43.74057412, -19.2944258, 808.071720814705259 ], [ -43.74442577, -19.29272459, 808.071720814705259 ], [ -43.74621749, -19.29298787, 808.071720814705259 ], [ -43.746699991159041, -19.293530181009977, 808.071720814705259 ], [ -43.7473046, -19.29303083, 808.071720814705259 ], [ -43.74751987, -19.2933416, 808.071720814705259 ], [ -43.7471469, -19.29398454, 808.071720814705259 ], [ -43.74718002, -19.29545124, 808.071720814705259 ], [ -43.74684808, -19.29641091, 808.071720814705259 ], [ -43.74705472, -19.29690476, 808.071720814705259 ], [ -43.74783267, -19.29678738, 808.071720814705259 ], [ -43.74838054, -19.29715501, 808.071720814705259 ], [ -43.74968597, -19.29629092, 808.071720814705259 ], [ -43.74954552, -19.29581273, 808.071720814705259 ], [ -43.74994225, -19.29548994, 808.071720814705259 ], [ -43.74992521, -19.295067899999989, 808.071720814705259 ], [ -43.75049849, -19.29485566, 808.071720814705259 ], [ -43.75083478, -19.29450321, 808.071720814705259 ], [ -43.75074271, -19.29397642, 808.071720814705259 ], [ -43.75128033, -19.29365753, 808.071720814705259 ], [ -43.75032117, -19.29285255, 808.071720814705259 ], [ -43.75030062, -19.29213219, 808.071720814705259 ], [ -43.74846658, -19.29207399, 808.071720814705259 ], [ -43.7477285, -19.29155684, 808.071720814705259 ], [ -43.74802422, -19.29134838, 808.071720814705259 ], [ -43.7506532, -19.29169384, 808.071720814705259 ], [ -43.75098472, -19.29087261, 808.071720814705259 ], [ -43.75040665, -19.28969854, 808.071720814705259 ], [ -43.75057269, -19.28874633, 808.071720814705259 ], [ -43.75099161, -19.28886541, 808.071720814705259 ], [ -43.75097467, -19.2895795, 808.071720814705259 ], [ -43.751561700000011, -19.29086178, 808.071720814705259 ], [ -43.75078682, -19.29251731, 808.071720814705259 ], [ -43.75168752, -19.29327758, 808.071720814705259 ], [ -43.7528598, -19.29337265, 808.071720814705259 ], [ -43.75320117, -19.2937969, 808.071720814705259 ], [ -43.75492615, -19.29339344, 808.071720814705259 ], [ -43.75521296, -19.2925803, 808.071720814705259 ], [ -43.75505666, -19.29187743, 808.071720814705259 ], [ -43.75377934, -19.29038617, 808.071720814705259 ], [ -43.75349246, -19.28885177, 808.071720814705259 ], [ -43.75367977, -19.28858134, 808.071720814705259 ], [ -43.75406743, -19.28873455, 808.071720814705259 ], [ -43.75430386, -19.29016621, 808.071720814705259 ], [ -43.75538499, -19.2912643, 808.071720814705259 ], [ -43.75573654, -19.29231116, 808.071720814705259 ], [ -43.75654776, -19.29171655, 808.071720814705259 ], [ -43.75676694, -19.29066418, 808.071720814705259 ], [ -43.75643176, -19.28813354, 808.071720814705259 ], [ -43.7558098, -19.28663778, 808.071720814705259 ], [ -43.75533522, -19.28632779, 808.071720814705259 ], [ -43.75469067, -19.28645471, 808.071720814705259 ], [ -43.75415955, -19.28685409, 808.071720814705259 ], [ -43.75336562, -19.28827852, 808.071720814705259 ], [ -43.75286753000001, -19.28818536, 808.071720814705259 ], [ -43.75371074, -19.28651482, 808.071720814705259 ], [ -43.75466055, -19.28590708, 808.071720814705259 ], [ -43.75385291, -19.28566096, 808.071720814705259 ], [ -43.75193516, -19.28576266, 808.071720814705259 ], [ -43.75214194, -19.28532917, 808.071720814705259 ], [ -43.75423846000001, -19.28516785, 808.071720814705259 ], [ -43.75334746, -19.28345432, 808.071720814705259 ], [ -43.75385384, -19.28347868, 808.071720814705259 ], [ -43.75487637, -19.28539051, 808.071720814705259 ], [ -43.75583692, -19.2859618, 808.071720814705259 ], [ -43.75613069, -19.28543238, 808.071720814705259 ], [ -43.75713462, -19.28495134, 808.071720814705259 ], [ -43.75714842, -19.2846202, 808.071720814705259 ], [ -43.75679776, -19.28432508, 808.071720814705259 ], [ -43.75542022, -19.28414149, 808.071720814705259 ], [ -43.75544896, -19.28367287, 808.071720814705259 ], [ -43.75711194, -19.28386358, 808.071720814705259 ], [ -43.75771358, -19.28476677, 808.071720814705259 ], [ -43.75892362, -19.2840451, 808.071720814705259 ], [ -43.759065362748679, -19.283693195751315, 808.071720814705259 ], [ -43.75842146, -19.28360074, 808.071720814705259 ], [ -43.75946536, -19.28271163, 808.071720814705259 ], [ -43.76068224, -19.28286977, 808.071720814705259 ], [ -43.76196795, -19.28217215, 808.071720814705259 ], [ -43.763356425606553, -19.282708410267961, 808.071720814705259 ], [ -43.76150222, -19.28191944, 850.447 ], [ -43.7615072248201, -19.281562900980141, 808.071720814705259 ], [ -43.76063923, -19.28171032, 808.071720814705259 ], [ -43.76065478, -19.2812963, 808.071720814705259 ], [ -43.761404453460749, -19.280958375717734, 827.979262091838791 ], [ -43.75966692, -19.28149073, 808.071720814705259 ], [ -43.76105194, -19.27977611, 858.487 ], [ -43.76136386, -19.27718933, 808.071720814705259 ], [ -43.76293944, -19.27351556, 878.642 ], [ -43.76251234, -19.27332939, 808.071720814705259 ], [ -43.76151046, -19.27100622, 808.071720814705259 ], [ -43.76167641, -19.26863501, 808.071720814705259 ], [ -43.76011308, -19.2658743, 808.071720814705259 ], [ -43.7588535, -19.26854577, 808.071720814705259 ], [ -43.75839094, -19.26893264, 808.071720814705259 ], [ -43.75805173, -19.26874666, 808.071720814705259 ], [ -43.75871999, -19.26769757, 808.071720814705259 ], [ -43.7592196, -19.26600679, 808.071720814705259 ], [ -43.76003739, -19.26507349, 808.071720814705259 ], [ -43.76030768, -19.26389423, 808.071720814705259 ], [ -43.75866165, -19.26385672, 808.071720814705259 ], [ -43.75700585, -19.26260654, 808.071720814705259 ], [ -43.75742701, -19.26231644, 808.071720814705259 ], [ -43.75885527, -19.26334363, 808.071720814705259 ], [ -43.76048862, -19.26326452, 808.071720814705259 ], [ -43.7617207, -19.26052441, 808.071720814705259 ], [ -43.76140501, -19.25933067, 808.071720814705259 ], [ -43.76169307, -19.25838439, 808.071720814705259 ], [ -43.76100272, -19.25705772, 808.071720814705259 ], [ -43.76135468, -19.25586636, 808.071720814705259 ], [ -43.76103511, -19.25538837, 808.071720814705259 ], [ -43.75906521, -19.25822989, 808.071720814705259 ], [ -43.75870381, -19.259863289999988, 808.071720814705259 ], [ -43.75839087, -19.25999149, 808.071720814705259 ], [ -43.75817179, -19.25974354, 808.071720814705259 ], [ -43.75855169, -19.257992719999987, 808.071720814705259 ], [ -43.76072445, -19.25473643, 808.071720814705259 ], [ -43.76135787, -19.25219537, 808.071720814705259 ], [ -43.76100995, -19.25199633, 808.071720814705259 ], [ -43.75965316, -19.2521249, 808.071720814705259 ], [ -43.75915488, -19.25376765, 808.071720814705259 ], [ -43.75649552, -19.25712096, 808.071720814705259 ], [ -43.75611328, -19.25937427, 808.071720814705259 ], [ -43.75583342, -19.25988029, 808.071720814705259 ], [ -43.75541988, -19.25993498, 808.071720814705259 ], [ -43.75596806, -19.25690532, 808.071720814705259 ], [ -43.75866003, -19.25349488, 808.071720814705259 ], [ -43.75907853, -19.25210329, 808.071720814705259 ], [ -43.75803672, -19.25106423, 808.071720814705259 ], [ -43.75780916, -19.25030305, 808.071720814705259 ], [ -43.75615308, -19.25156124, 808.071720814705259 ], [ -43.75555408, -19.25232171, 808.071720814705259 ], [ -43.75514935, -19.2562775, 808.071720814705259 ], [ -43.75476687, -19.25603858, 808.071720814705259 ], [ -43.75498542, -19.25320163, 808.071720814705259 ], [ -43.75302071, -19.25480196, 808.071720814705259 ], [ -43.75251462, -19.25492155, 808.071720814705259 ], [ -43.75228319, -19.25461268, 808.071720814705259 ], [ -43.75400791, -19.253460789999988, 808.071720814705259 ], [ -43.75573746, -19.25118846, 808.071720814705259 ], [ -43.7574299, -19.24988949, 808.071720814705259 ], [ -43.75672416, -19.24907452, 808.071720814705259 ], [ -43.75673919, -19.24796862, 808.071720814705259 ], [ -43.75593003, -19.2472154, 808.071720814705259 ], [ -43.75648221, -19.24596104, 808.071720814705259 ], [ -43.7563954, -19.24530041, 808.071720814705259 ], [ -43.75603976, -19.24509573, 808.071720814705259 ], [ -43.7556233, -19.24618483, 808.071720814705259 ], [ -43.75348019, -19.24803229, 808.071720814705259 ], [ -43.75109119, -19.24837249, 808.071720814705259 ], [ -43.7511504, -19.24789139, 808.071720814705259 ], [ -43.75318611, -19.24756643, 808.071720814705259 ], [ -43.75536641, -19.24559789, 808.071720814705259 ], [ -43.75547343, -19.24486987, 808.071720814705259 ], [ -43.75438913, -19.24382777, 808.071720814705259 ], [ -43.75477635, -19.24285565, 808.071720814705259 ], [ -43.75405966, -19.24231882, 808.071720814705259 ], [ -43.7540184, -19.24152804, 808.071720814705259 ], [ -43.75332184, -19.24348024, 808.071720814705259 ], [ -43.75132817, -19.24540563, 808.071720814705259 ], [ -43.75057047, -19.24707757, 808.071720814705259 ], [ -43.74995259, -19.24763021, 808.071720814705259 ], [ -43.74977683, -19.24729781, 808.071720814705259 ], [ -43.75060545, -19.24548335, 808.071720814705259 ], [ -43.75282179, -19.24321453, 808.071720814705259 ], [ -43.75323175, -19.24220635, 808.071720814705259 ], [ -43.753307028562439, -19.240498044605729, 808.071720814705259 ], [ -43.75176573614403, -19.239279543335734, 808.071720814705259 ], [ -43.7513305, -19.24269768, 808.071720814705259 ], [ -43.74977586, -19.24470009, 808.071720814705259 ], [ -43.74885157, -19.24520005, 808.071720814705259 ], [ -43.74872028, -19.24478354, 808.071720814705259 ], [ -43.75022512, -19.24342762, 808.071720814705259 ], [ -43.75079537, -19.24250482, 808.071720814705259 ], [ -43.751122462396999, -19.238770980804002, 808.071720814705259 ], [ -43.749730200976991, -19.23767026198329, 808.071720814705259 ], [ -43.7488943, -19.23812907, 808.071720814705259 ], [ -43.74812399, -19.2377882, 808.071720814705259 ], [ -43.74753558, -19.23864471, 808.071720814705259 ], [ -43.74763816, -19.23987436, 808.071720814705259 ], [ -43.74721937, -19.23999345, 808.071720814705259 ], [ -43.747035165513338, -19.238355260121597, 808.071720814705259 ], [ -43.74625829, -19.23834167, 808.071720814705259 ], [ -43.74615433, -19.23789057, 808.071720814705259 ], [ -43.747184313401995, -19.236813038359873, 808.071720814705259 ], [ -43.74626474, -19.2364569, 808.071720814705259 ], [ -43.74566038, -19.2352013, 808.071720814705259 ], [ -43.744774590638649, -19.235948743241341, 808.071720814705259 ], [ -43.74541155, -19.23689198, 808.071720814705259 ], [ -43.744731937290076, -19.23766413524789, 808.071720814705259 ], [ -43.74527001, -19.2382, 808.071720814705259 ] ] ] } },
{ "type": "Feature", "properties": { "area_ha": 770.3, "proveniencia": "limite_municipal − cadastro − exclusoes", "veg_nativa_pct": 58.4, "silvicultura_pct": 0.0, "uso_antropico_pct": 40.2, "supressao_ha": 11.52, "regeneracao_ha": 13.05, "titularidade": "sem_registro_conhecido", "municipio": "Jaboticatubas", "codigo_ibge": "3134608", "largura_media_m": 201.0, "compacidade": 0.016, "ponto_lat": -19.331032, "ponto_lon": -43.699447, "utm_e": 636619.3, "utm_n": 7862030.6 }, "geometry": { "type": "Polygon", "coordinates": [ [ [ -43.68539889, -19.33834361, 873.62 ], [ -43.68330227, -19.34023426, 808.071720814705259 ], [ -43.68304111, -19.34103921, 808.071720814705259 ], [ -43.68346248, -19.34267589, 808.071720814705259 ], [ -43.68285167, -19.34380222, 877.32 ], [ -43.67959389, -19.34539972, 855.39 ], [ -43.67871194, -19.34543889, 845.89 ], [ -43.67883828, -19.34594916, 808.071720814705259 ], [ -43.6778865, -19.34658631, 808.071720814705259 ], [ -43.676669388540098, -19.348910940326316, 808.071720814705259 ], [ -43.677740634076329, -19.3503020427897, 808.071720814705259 ], [ -43.67916047, -19.34835266, 808.071720814705259 ], [ -43.68077594, -19.34788486, 808.071720814705259 ], [ -43.68255323, -19.34604279, 808.071720814705259 ], [ -43.68306561, -19.3462221, 808.071720814705259 ], [ -43.68113306, -19.34830939, 808.071720814705259 ], [ -43.67951867, -19.34877586, 808.071720814705259 ], [ -43.67838568, -19.35016586, 808.071720814705259 ], [ -43.678074300159317, -19.350876979452256, 808.071720814705259 ], [ -43.67900962, -19.35129866, 808.071720814705259 ], [ -43.67978449, -19.35207925, 808.071720814705259 ], [ -43.67862433, -19.35165148, 808.071720814705259 ], [ -43.677962386013093, -19.351060858315275, 808.071720814705259 ], [ -43.67751386, -19.35158319, 808.071720814705259 ], [ -43.67762742, -19.35236276, 808.071720814705259 ], [ -43.67991058, -19.35211174, 808.071720814705259 ], [ -43.6813702, -19.3515762, 808.071720814705259 ], [ -43.68251081, -19.35072341, 808.071720814705259 ], [ -43.682805779449524, -19.350429653206866, 808.071720814705259 ], [ -43.6816609, -19.3492022, 808.071720814705259 ], [ -43.68202266, -19.34883075, 808.071720814705259 ], [ -43.68237432, -19.34900695, 808.071720814705259 ], [ -43.68244381, -19.34968195, 808.071720814705259 ], [ -43.68294149, -19.3496692, 808.071720814705259 ], [ -43.68320233116453, -19.350034729237233, 808.071720814705259 ], [ -43.68688836, -19.34784515, 808.071720814705259 ], [ -43.68698932, -19.34702648, 808.071720814705259 ], [ -43.68633679, -19.34512688, 808.071720814705259 ], [ -43.68630314, -19.34347611, 808.071720814705259 ], [ -43.68579392, -19.34228887, 808.071720814705259 ], [ -43.68440374, -19.34064638, 808.071720814705259 ], [ -43.68472783, -19.34025009, 808.071720814705259 ], [ -43.68627674, -19.34199682, 808.071720814705259 ], [ -43.68684654, -19.34329925, 808.071720814705259 ], [ -43.68690349, -19.34504852, 808.071720814705259 ], [ -43.68752562, -19.34733975, 808.071720814705259 ], [ -43.68871871, -19.34618044, 808.071720814705259 ], [ -43.69090488, -19.34623473, 808.071720814705259 ], [ -43.69283962, -19.34550894, 808.071720814705259 ], [ -43.69386528, -19.3437721, 808.071720814705259 ], [ -43.69439016, -19.34380507, 808.071720814705259 ], [ -43.6938444, -19.34514666, 808.071720814705259 ], [ -43.69315673, -19.34596267, 808.071720814705259 ], [ -43.69100931, -19.34677417, 808.071720814705259 ], [ -43.68891154, -19.34669239, 808.071720814705259 ], [ -43.68614981, -19.34899393, 808.071720814705259 ], [ -43.68755722, -19.35032075, 808.071720814705259 ], [ -43.69130159, -19.35006922, 808.071720814705259 ], [ -43.69263945, -19.3503948, 808.071720814705259 ], [ -43.6924064, -19.3508204, 808.071720814705259 ], [ -43.69129688, -19.35061709, 808.071720814705259 ], [ -43.68790606, -19.35085844, 808.071720814705259 ], [ -43.68991967, -19.35174541, 808.071720814705259 ], [ -43.693082065539109, -19.351761051091454, 808.071720814705259 ], [ -43.69323485, -19.3510002, 808.071720814705259 ], [ -43.69434044, -19.35088315, 808.071720814705259 ], [ -43.694207239402225, -19.351899013928065, 808.071720814705259 ], [ -43.69659412, -19.35279472, 808.071720814705259 ], [ -43.7005077, -19.3549219, 808.071720814705259 ], [ -43.70033316, -19.35537706, 808.071720814705259 ], [ -43.69917999, -19.35500379, 808.071720814705259 ], [ -43.696268417245406, -19.353249202429506, 808.071720814705259 ], [ -43.69698588, -19.3553927, 808.071720814705259 ], [ -43.69620082, -19.35534426, 808.071720814705259 ], [ -43.69526524772639, -19.352814290220334, 808.071720814705259 ], [ -43.694135278940308, -19.352447818924482, 808.071720814705259 ], [ -43.693712086205814, -19.355675195498019, 808.071720814705259 ], [ -43.69410977, -19.3560169, 808.071720814705259 ], [ -43.693938286542775, -19.35635705442639, 808.071720814705259 ], [ -43.69433381, -19.35647101, 808.071720814705259 ], [ -43.69544424, -19.35584342, 808.071720814705259 ], [ -43.69769193, -19.35560048, 808.071720814705259 ], [ -43.70065845, -19.35728586, 808.071720814705259 ], [ -43.69661703, -19.35772771, 798.417543196331394 ], [ -43.69465513, -19.35960042, 798.417543196331394 ], [ -43.69643857, -19.36003967, 798.417543196331394 ], [ -43.69764697, -19.35946093, 798.417543196331394 ], [ -43.69990488, -19.35942723, 798.417543196331394 ], [ -43.70000824014592, -19.359764629684506, 798.417543196331394 ], [ -43.70051898, -19.35984173, 798.417543196331394 ], [ -43.6998216, -19.36131956, 798.417543196331394 ], [ -43.69969286, -19.36227103, 798.417543196331394 ], [ -43.699725738713354, -19.362955910706141, 798.417543196331394 ], [ -43.69978859, -19.36156522, 798.417543196331394 ], [ -43.70068636, -19.35977201, 798.417543196331394 ], [ -43.70077112, -19.35727067, 808.071720814705259 ], [ -43.701027354071385, -19.357248001777382, 808.071720814705259 ], [ -43.70080233, -19.3558501, 808.071720814705259 ], [ -43.70140314, -19.35540472, 808.071720814705259 ], [ -43.70154262, -19.35463541, 808.071720814705259 ], [ -43.70263696, -19.35536423, 808.071720814705259 ], [ -43.70259404, -19.35593108, 808.071720814705259 ], [ -43.70589852, -19.35931193, 798.417543196331394 ], [ -43.705673193494512, -19.359654818532043, 798.417543196331394 ], [ -43.708552182381219, -19.361069186158787, 798.417543196331394 ], [ -43.70815574, -19.36071085, 798.417543196331394 ], [ -43.708856599099228, -19.3595465392766, 798.417543196331394 ], [ -43.70477778, -19.35738319, 808.071720814705259 ], [ -43.70326224, -19.35446581, 808.071720814705259 ], [ -43.70336752, -19.35413204, 808.071720814705259 ], [ -43.70381539, -19.35422014, 808.071720814705259 ], [ -43.70518132, -19.3569993, 808.071720814705259 ], [ -43.709194615022604, -19.359098001983575, 798.417543196331394 ], [ -43.70997361, -19.35718323, 808.071720814705259 ], [ -43.714068769292638, -19.358534005763179, 798.417543196331394 ], [ -43.71617066, -19.35698859, 808.071720814705259 ], [ -43.7170358, -19.35591946, 808.071720814705259 ], [ -43.715975088141889, -19.354936606956834, 808.071720814705259 ], [ -43.71529719, -19.35547358, 808.071720814705259 ], [ -43.71475523, -19.35538844, 808.071720814705259 ], [ -43.71281206, -19.35674812, 808.071720814705259 ], [ -43.71206197, -19.35770962, 808.071720814705259 ], [ -43.71043097, -19.35689391, 808.071720814705259 ], [ -43.70942097, -19.35677764, 808.071720814705259 ], [ -43.709507712684726, -19.356348960118083, 808.071720814705259 ], [ -43.70891976, -19.35658503, 808.071720814705259 ], [ -43.70808577, -19.35610927, 808.071720814705259 ], [ -43.70736992, -19.35513738, 808.071720814705259 ], [ -43.70524869, -19.35372181, 808.071720814705259 ], [ -43.70513393, -19.35258252, 808.071720814705259 ], [ -43.70453563, -19.35134651, 808.071720814705259 ], [ -43.70445943, -19.34985347, 808.071720814705259 ], [ -43.70475987, -19.34891188, 808.071720814705259 ], [ -43.70632702, -19.34739821, 808.071720814705259 ], [ -43.70655121, -19.34582408, 808.071720814705259 ], [ -43.70522427, -19.3426085, 808.071720814705259 ], [ -43.70419823, -19.34182287, 808.071720814705259 ], [ -43.70265405, -19.34133464, 808.071720814705259 ], [ -43.70219308, -19.34083087, 808.071720814705259 ], [ -43.701109532741945, -19.343253928237658, 808.071720814705259 ], [ -43.70250821, -19.34367237, 808.071720814705259 ], [ -43.701764069044046, -19.345179231879502, 808.071720814705259 ], [ -43.70221057, -19.34447226, 808.071720814705259 ], [ -43.704707996857195, -19.346083666996215, 900.85 ], [ -43.705302495509791, -19.347878193083655, 896.52 ], [ -43.70029203174856, -19.347265815691198, 808.071720814705259 ], [ -43.70034579, -19.34768533, 808.071720814705259 ], [ -43.70273382, -19.35108665, 808.071720814705259 ], [ -43.70433588, -19.35198038, 808.071720814705259 ], [ -43.70438138, -19.35234982, 808.071720814705259 ], [ -43.70405469, -19.35244265, 808.071720814705259 ], [ -43.70266426, -19.35175683, 808.071720814705259 ], [ -43.70114048, -19.34994, 808.071720814705259 ], [ -43.70091429, -19.35151541, 808.071720814705259 ], [ -43.70139991, -19.353398569999989, 808.071720814705259 ], [ -43.70101721, -19.35363748, 808.071720814705259 ], [ -43.70034342, -19.35154999, 808.071720814705259 ], [ -43.700611697709718, -19.349511266484189, 836.487739404106151 ], [ -43.699315442121012, -19.350175199377293, 864.89 ], [ -43.69825676195255, -19.351211237729252, 892.71 ], [ -43.69688803, -19.35021655, 808.071720814705259 ], [ -43.69518356, -19.34947918, 808.071720814705259 ], [ -43.69668192, -19.34685798, 808.071720814705259 ], [ -43.69718465, -19.34527892, 808.071720814705259 ], [ -43.698931481542466, -19.343974565393967, 864.10958022361649 ], [ -43.70001737, -19.34264987, 808.071720814705259 ], [ -43.700246259290175, -19.342227425313212, 858.53 ], [ -43.700324738265252, -19.341139746753178, 855.58 ], [ -43.70130449401897, -19.341742438401219, 808.071720814705259 ], [ -43.70161213, -19.34116381, 808.071720814705259 ], [ -43.701488170217011, -19.33809501936992, 808.071720814705259 ], [ -43.69961679, -19.33839811, 808.071720814705259 ], [ -43.69910181, -19.3372744, 808.071720814705259 ], [ -43.69915545, -19.33563437, 808.071720814705259 ], [ -43.6999923, -19.3345815, 808.071720814705259 ], [ -43.702143433665626, -19.334711643275032, 808.071720814705259 ], [ -43.70301989, -19.33217185, 808.071720814705259 ], [ -43.704403099815075, -19.32991748956989, 808.071720814705259 ], [ -43.70359182, -19.3293272, 808.071720814705259 ], [ -43.70539427, -19.32667467, 808.071720814705259 ], [ -43.706989679086227, -19.327581266071554, 808.071720814705259 ], [ -43.70812485, -19.32718142, 808.071720814705259 ], [ -43.709165807335744, -19.326079147579044, 808.071720814705259 ], [ -43.70788221, -19.32564257, 808.071720814705259 ], [ -43.70691224, -19.3259127, 808.071720814705259 ], [ -43.70600591, -19.32546944, 808.071720814705259 ], [ -43.70717119, -19.32442869, 808.071720814705259 ], [ -43.70762559, -19.32221213, 808.071720814705259 ], [ -43.7091769, -19.3207049, 808.071720814705259 ], [ -43.70981796, -19.31873803, 808.071720814705259 ], [ -43.70892303, -19.31761776, 808.071720814705259 ], [ -43.70866942, -19.31681598, 808.071720814705259 ], [ -43.70866673, -19.31836533, 808.071720814705259 ], [ -43.70723974, -19.31999962, 808.071720814705259 ], [ -43.70511967, -19.32444093, 808.071720814705259 ], [ -43.7048066, -19.32456914, 808.071720814705259 ], [ -43.70458744, -19.32432119, 808.071720814705259 ], [ -43.70674216, -19.31973208, 808.071720814705259 ], [ -43.70816013, -19.31810827, 808.071720814705259 ], [ -43.70809797, -19.31682295, 808.071720814705259 ], [ -43.70761945000001, -19.31624416, 808.071720814705259 ], [ -43.70797405, -19.31401975, 808.071720814705259 ], [ -43.70707918, -19.3137229, 808.071720814705259 ], [ -43.7051137, -19.31809135, 808.071720814705259 ], [ -43.70473271, -19.31827209, 808.071720814705259 ], [ -43.70449237, -19.31792519, 808.071720814705259 ], [ -43.70650502, -19.31397862, 808.071720814705259 ], [ -43.70642851, -19.31341445, 808.071720814705259 ], [ -43.7028805, -19.31487499, 808.071720814705259 ], [ -43.70241002, -19.31457567, 808.071720814705259 ], [ -43.70576459, -19.31318797, 808.071720814705259 ], [ -43.70604654, -19.31284857, 808.071720814705259 ], [ -43.70601411, -19.31179832, 808.071720814705259 ], [ -43.70462692, -19.31204807, 808.071720814705259 ], [ -43.70194122, -19.3133062, 808.071720814705259 ], [ -43.70146969, -19.31311943, 808.071720814705259 ], [ -43.7016227, -19.31283018, 808.071720814705259 ], [ -43.70449974, -19.31151924, 808.071720814705259 ], [ -43.70428076, -19.31107739, 808.071720814705259 ], [ -43.70240114, -19.310974739999988, 808.071720814705259 ], [ -43.70246651, -19.31045759, 808.071720814705259 ], [ -43.70449421, -19.31056601, 808.071720814705259 ], [ -43.70516270000001, -19.31144676, 808.071720814705259 ], [ -43.7059301, -19.31123205, 808.071720814705259 ], [ -43.70534575, -19.31069816, 808.071720814705259 ], [ -43.7059943, -19.30971952, 808.071720814705259 ], [ -43.70639587, -19.30757109, 808.071720814705259 ], [ -43.70588262, -19.30696661, 808.071720814705259 ], [ -43.70625542, -19.306016649999989, 808.071720814705259 ], [ -43.705940474094234, -19.305173946210282, 808.071720814705259 ], [ -43.70554505, -19.30576881, 808.071720814705259 ], [ -43.70434278, -19.30630674, 808.071720814705259 ], [ -43.70241449, -19.30773489, 808.071720814705259 ], [ -43.70151587, -19.30976305, 808.071720814705259 ], [ -43.70116863, -19.31003605, 808.071720814705259 ], [ -43.70085437, -19.30981393, 808.071720814705259 ], [ -43.70195543, -19.30740529, 808.071720814705259 ], [ -43.702545507298488, -19.307016339184688, 808.071720814705259 ], [ -43.70183229, -19.30729574, 808.071720814705259 ], [ -43.70084524, -19.30689072, 808.071720814705259 ], [ -43.704311935359996, -19.30046261768889, 808.071720814705259 ], [ -43.703664354521429, -19.299472811550142, 808.071720814705259 ], [ -43.702729456143544, -19.299577422628996, 808.071720814705259 ], [ -43.7009819, -19.30099954, 808.071720814705259 ], [ -43.69966961, -19.30345824, 808.071720814705259 ], [ -43.69937438, -19.30308172, 808.071720814705259 ], [ -43.70048168, -19.30073024, 808.071720814705259 ], [ -43.701103807783497, -19.300219928557755, 808.071720814705259 ], [ -43.700660176486892, -19.299302028106521, 808.071720814705259 ], [ -43.700282548919226, -19.299150559243014, 808.071720814705259 ], [ -43.70050192, -19.30061281, 808.071720814705259 ], [ -43.697876015980647, -19.301266254825133, 808.071720814705259 ], [ -43.69877107, -19.30220085, 808.071720814705259 ], [ -43.69817376, -19.30286074, 808.071720814705259 ], [ -43.69703376, -19.30325402, 808.071720814705259 ], [ -43.69596152, -19.30285784, 808.071720814705259 ], [ -43.695382009028272, -19.302247808781239, 808.071720814705259 ], [ -43.69356429, -19.30220891, 808.071720814705259 ], [ -43.69047981, -19.30132611, 808.071720814705259 ], [ -43.687955149338165, -19.305057351268349, 808.071720814705259 ], [ -43.70117244, -19.30459368, 808.071720814705259 ], [ -43.70097105, -19.3053787, 808.071720814705259 ], [ -43.686490445385651, -19.306463284432024, 808.071720814705259 ], [ -43.68555996, -19.30690828, 808.071720814705259 ], [ -43.6891137, -19.31017106, 808.071720814705259 ], [ -43.69113341, -19.3129123, 808.071720814705259 ], [ -43.69262704, -19.31295834, 808.071720814705259 ], [ -43.69424831, -19.311732299999989, 808.071720814705259 ], [ -43.69636117, -19.31112947, 808.071720814705259 ], [ -43.69624492, -19.31158729, 808.071720814705259 ], [ -43.69395841, -19.31250176, 808.071720814705259 ], [ -43.6928492, -19.31346075, 808.071720814705259 ], [ -43.69109253, -19.31347987, 808.071720814705259 ], [ -43.69130321, -19.3143705, 808.071720814705259 ], [ -43.69301266, -19.31560502, 808.071720814705259 ], [ -43.69667826, -19.31641312, 808.071720814705259 ], [ -43.69787428, -19.31722397, 808.071720814705259 ], [ -43.698486826122789, -19.318096336880757, 808.071720814705259 ], [ -43.69893832, -19.31753706, 808.071720814705259 ], [ -43.70201026, -19.31637921, 808.071720814705259 ], [ -43.70253989, -19.31506092, 808.071720814705259 ], [ -43.70372681, -19.31763616, 808.071720814705259 ], [ -43.70349295, -19.3185076, 808.071720814705259 ], [ -43.703763356183863, -19.319453706192242, 808.071720814705259 ], [ -43.70414044, -19.3197257, 808.071720814705259 ], [ -43.703630490743464, -19.320061948739699, 808.071720814705259 ], [ -43.70337758, -19.32121973, 808.071720814705259 ], [ -43.70381433, -19.32333329, 808.071720814705259 ], [ -43.70463827, -19.32449329, 808.071720814705259 ], [ -43.70553024, -19.32498826, 808.071720814705259 ], [ -43.70175106, -19.32981175, 808.071720814705259 ], [ -43.70018092, -19.33027537, 808.071720814705259 ], [ -43.69808624, -19.32718018, 808.071720814705259 ], [ -43.69510727, -19.32626288, 808.071720814705259 ], [ -43.69197828, -19.32636071, 808.071720814705259 ], [ -43.69004891, -19.32731317, 808.071720814705259 ], [ -43.68863227, -19.32763485, 808.071720814705259 ], [ -43.68901708, -19.32882596, 808.071720814705259 ], [ -43.68997553, -19.32953271, 808.071720814705259 ], [ -43.69454807, -19.32877905, 808.071720814705259 ], [ -43.69436036, -19.32922266, 808.071720814705259 ], [ -43.69042883, -19.3300515, 808.071720814705259 ], [ -43.691324684863034, -19.330767264327569, 808.071720814705259 ], [ -43.69521528, -19.33094704, 808.071720814705259 ], [ -43.695082032020608, -19.332247792864692, 808.071720814705259 ], [ -43.69760585, -19.33237062, 808.071720814705259 ], [ -43.69970994, -19.33297417, 808.071720814705259 ], [ -43.69948094, -19.33340702, 808.071720814705259 ], [ -43.69752113, -19.33290694, 808.071720814705259 ], [ -43.695026431937031, -19.332790546953152, 808.071720814705259 ], [ -43.69486526, -19.33436384, 808.071720814705259 ], [ -43.692881190103343, -19.335252459055763, 808.071720814705259 ], [ -43.693667812118925, -19.336265661322408, 808.071720814705259 ], [ -43.69428279, -19.33576095, 808.071720814705259 ], [ -43.69642999, -19.33510824, 808.071720814705259 ], [ -43.69816054, -19.33572578, 808.071720814705259 ], [ -43.69904557, -19.33556113, 808.071720814705259 ], [ -43.69897803, -19.33693295, 808.071720814705259 ], [ -43.698580505439288, -19.336997724003229, 808.071720814705259 ], [ -43.6989712, -19.33695139, 808.071720814705259 ], [ -43.6990266, -19.33729449, 808.071720814705259 ], [ -43.694740964693011, -19.337660776773841, 808.071720814705259 ], [ -43.696421189222704, -19.339062106996842, 808.071720814705259 ], [ -43.69746566667925, -19.339032252989202, 808.071720814705259 ], [ -43.69951966, -19.33842502, 808.071720814705259 ], [ -43.70022297, -19.3416376, 808.071720814705259 ], [ -43.70009422, -19.34228549, 808.071720814705259 ], [ -43.69880676, -19.34396594, 808.071720814705259 ], [ -43.69709015, -19.34507949, 808.071720814705259 ], [ -43.69678974, -19.34558564, 808.071720814705259 ], [ -43.69560957, -19.34514023, 808.071720814705259 ], [ -43.69434128, -19.34065813, 808.071720814705259 ], [ -43.69449591, -19.33969141, 808.071720814705259 ], [ -43.695570260239556, -19.339202189968908, 808.071720814705259 ], [ -43.69421635, -19.33816883, 808.071720814705259 ], [ -43.69284211, -19.33615453, 808.071720814705259 ], [ -43.69256983, -19.33904121, 808.071720814705259 ], [ -43.692688133627094, -19.339232359229683, 808.071720814705259 ], [ -43.69292474, -19.33888776, 808.071720814705259 ], [ -43.69290297, -19.33792722, 808.071720814705259 ], [ -43.69334854, -19.339027409999989, 808.071720814705259 ], [ -43.693325033827655, -19.340069785237425, 808.071720814705259 ], [ -43.694438, -19.34120049, 808.071720814705259 ], [ -43.69511314, -19.34379165, 808.071720814705259 ], [ -43.69265448, -19.34294276, 808.071720814705259 ], [ -43.69097752, -19.34314757, 808.071720814705259 ], [ -43.69033582, -19.34244722, 808.071720814705259 ], [ -43.68990691, -19.34251642, 808.071720814705259 ], [ -43.68978587, -19.34230955, 808.071720814705259 ], [ -43.69065698, -19.34156405, 808.071720814705259 ], [ -43.69110925, -19.34013065, 808.071720814705259 ], [ -43.692016, -19.33890673, 808.071720814705259 ], [ -43.69239054, -19.33563563, 808.071720814705259 ], [ -43.69108832, -19.33393263, 808.071720814705259 ], [ -43.68905093, -19.33639205, 808.071720814705259 ], [ -43.68844396, -19.33955713, 808.071720814705259 ], [ -43.68784901, -19.34060945, 808.071720814705259 ], [ -43.68741232, -19.34058531, 808.071720814705259 ], [ -43.68853876, -19.33614737, 808.071720814705259 ], [ -43.69079383, -19.3333829, 808.071720814705259 ], [ -43.691128946904207, -19.332568968767688, 808.071720814705259 ], [ -43.690904007391381, -19.332003345998061, 808.071720814705259 ], [ -43.68833073, -19.33436549, 808.071720814705259 ], [ -43.68596549, -19.33560875, 808.071720814705259 ], [ -43.68560836, -19.3355284, 808.071720814705259 ], [ -43.68599483, -19.33490062, 808.071720814705259 ], [ -43.68833589, -19.33368635, 808.071720814705259 ], [ -43.690648499468395, -19.33136085261803, 808.071720814705259 ], [ -43.690439003420586, -19.33083405576695, 808.071720814705259 ], [ -43.68884436, -19.32939368, 808.071720814705259 ], [ -43.68745531, -19.33068652, 808.071720814705259 ], [ -43.68709864, -19.33170128, 808.071720814705259 ], [ -43.68668332, -19.33170128, 808.071720814705259 ], [ -43.68696818, -19.33040106, 808.071720814705259 ], [ -43.68846569, -19.32896737, 808.071720814705259 ], [ -43.6879986, -19.32755215, 808.071720814705259 ], [ -43.68720204, -19.32704201, 808.071720814705259 ], [ -43.68682563, -19.32616022, 808.071720814705259 ], [ -43.6855339, -19.32559414, 808.071720814705259 ], [ -43.68495706, -19.32671184, 808.071720814705259 ], [ -43.683300138383771, -19.327720906157115, 808.071720814705259 ], [ -43.68570249, -19.33017351, 808.071720814705259 ], [ -43.68660083, -19.33252333, 846.96 ], [ -43.684957357183571, -19.336495862436369, 866.984335026108397 ], [ -43.68539889, -19.33834361, 873.62 ] ], [ [ -43.69780431, -19.35430116, 808.071720814705259 ], [ -43.69826115, -19.354532, 808.071720814705259 ], [ -43.69787423, -19.35549402, 808.071720814705259 ], [ -43.69737303, -19.35542187, 808.071720814705259 ], [ -43.69780431, -19.35430116, 808.071720814705259 ] ] ] } },
{ "type": "Feature", "properties": { "area_ha": 1035.3, "proveniencia": "limite_municipal − cadastro − exclusoes", "veg_nativa_pct": 98.7, "silvicultura_pct": 0.0, "uso_antropico_pct": 1.3, "supressao_ha": 0.0, "regeneracao_ha": 1.53, "titularidade": "sem_registro_conhecido", "municipio": "Jaboticatubas", "codigo_ibge": "3134608", "largura_media_m": 447.0, "compacidade": 0.061, "ponto_lat": -19.518098, "ponto_lon": -43.6299, "utm_e": 643761.4, "utm_n": 7841270.2 }, "geometry": { "type": "Polygon", "coordinates": [ [ [ -43.63302535, -19.54617643, 1106.09298160000003 ], [ -43.63179937, -19.54237239, 1106.09298160000003 ], [ -43.63172159, -19.54029372, 1106.09298160000003 ], [ -43.63209224, -19.53928459, 1106.09298160000003 ], [ -43.63173117487343, -19.538269179075506, 1106.09298160000003 ], [ -43.63067094, -19.53895759, 1106.09298160000003 ], [ -43.62642274, -19.5404701, 1106.09298160000003 ], [ -43.62439414, -19.53995433, 1106.09298160000003 ], [ -43.62232367, -19.5398731, 1106.09298160000003 ], [ -43.6215471, -19.53945254, 1106.09298160000003 ], [ -43.62186566, -19.53916761, 1106.09298160000003 ], [ -43.62672857, -19.53986327, 1106.09298160000003 ], [ -43.63042832, -19.53846614, 1106.09298160000003 ], [ -43.63245597, -19.53692628, 1106.09298160000003 ], [ -43.62873063, -19.53581927, 1106.09298160000003 ], [ -43.62735981, -19.53454417, 1106.09298160000003 ], [ -43.62624936, -19.53440728, 1106.09298160000003 ], [ -43.62481667, -19.534908, 1106.09298160000003 ], [ -43.62180997, -19.53389182, 1106.09298160000003 ], [ -43.62167579, -19.5335423, 1106.09298160000003 ], [ -43.62205877, -19.53336341, 1106.09298160000003 ], [ -43.62490964, -19.5343727, 1106.09298160000003 ], [ -43.62615221, -19.53386994, 1106.09298160000003 ], [ -43.62751424, -19.53401976, 1106.09298160000003 ], [ -43.62897708, -19.53532887, 1106.09298160000003 ], [ -43.63316084, -19.53656653, 1106.09298160000003 ], [ -43.63477762, -19.53607288, 1106.09298160000003 ], [ -43.6350775, -19.5350185, 1106.09298160000003 ], [ -43.63502548, -19.53335376, 1106.09298160000003 ], [ -43.63563917, -19.53289929, 1106.09298160000003 ], [ -43.63663646, -19.53280119, 1106.09298160000003 ], [ -43.63694384, -19.53176175, 1106.09298160000003 ], [ -43.6359038, -19.53157467, 1106.09298160000003 ], [ -43.63445186, -19.53062961, 1106.09298160000003 ], [ -43.63241181, -19.53019536, 1106.09298160000003 ], [ -43.62902061, -19.52749969, 1106.09298160000003 ], [ -43.62894188, -19.52718474, 1106.09298160000003 ], [ -43.62948179, -19.52709351, 1106.09298160000003 ], [ -43.63284347, -19.52979363, 1106.09298160000003 ], [ -43.63466495, -19.53012592, 1106.09298160000003 ], [ -43.63639174, -19.53118036, 1106.09298160000003 ], [ -43.63725464, -19.53122182, 1106.09298160000003 ], [ -43.637614495138209, -19.530905315852642, 1106.09298160000003 ], [ -43.63641636, -19.52804327, 1106.09298160000003 ], [ -43.637053550331366, -19.526819912920562, 1106.09298160000003 ], [ -43.63335652, -19.52239374, 1106.09298160000003 ], [ -43.63354813, -19.52060965, 1106.09298160000003 ], [ -43.63812922664772, -19.518239979602875, 1174.103 ], [ -43.641981530851915, -19.515020619773107, 1147.6247 ], [ -43.643920619185963, -19.513223743127519, 1145.333285369863688 ], [ -43.644344007440026, -19.512220536155692, 1134.8557 ], [ -43.646924408989143, -19.509458505879618, 1096.403720078229981 ], [ -43.64661935, -19.50959407, 787.00733614185674 ], [ -43.65026339, -19.50377938, 787.00733614185674 ], [ -43.65558699, -19.49913137, 787.00733614185674 ], [ -43.655962096077289, -19.499527847931507, 787.00733614185674 ], [ -43.65755194, -19.4986764, 787.00733614185674 ], [ -43.65725094, -19.49856738, 787.00733614185674 ], [ -43.65458916, -19.49941598, 787.00733614185674 ], [ -43.6535348, -19.49934758, 787.00733614185674 ], [ -43.65328319, -19.49906164, 787.00733614185674 ], [ -43.65350258, -19.49878218, 787.00733614185674 ], [ -43.65466012, -19.49886199, 787.00733614185674 ], [ -43.65717498, -19.49802407, 787.00733614185674 ], [ -43.657708852476809, -19.498153027415132, 787.00733614185674 ], [ -43.6576803, -19.49740949, 787.00733614185674 ], [ -43.658049362236582, -19.497329047375754, 787.00733614185674 ], [ -43.6584987, -19.49648662, 787.00733614185674 ], [ -43.658123877668942, -19.495686220389999, 787.00733614185674 ], [ -43.65771267, -19.4954701, 787.00733614185674 ], [ -43.658045394073561, -19.494763666105882, 787.00733614185674 ], [ -43.657917147229817, -19.493869270168901, 787.00733614185674 ], [ -43.65701372, -19.49411595, 787.00733614185674 ], [ -43.656250369497528, -19.493950141813624, 787.00733614185674 ], [ -43.655407, -19.49548283, 787.00733614185674 ], [ -43.65385602, -19.49678881, 787.00733614185674 ], [ -43.65295031, -19.49818541, 787.00733614185674 ], [ -43.65238438, -19.49810251, 787.00733614185674 ], [ -43.65340969, -19.49644783, 787.00733614185674 ], [ -43.65464969, -19.49549203, 787.00733614185674 ], [ -43.6553109, -19.49458372, 787.00733614185674 ], [ -43.65596413, -19.49236388, 787.00733614185674 ], [ -43.65529333, -19.49319399, 787.00733614185674 ], [ -43.65479396, -19.49459715, 787.00733614185674 ], [ -43.65144582, -19.49751936, 787.00733614185674 ], [ -43.65099318, -19.49738572, 787.00733614185674 ], [ -43.65232063, -19.495827869999989, 787.00733614185674 ], [ -43.65435929, -19.49424148000001, 787.00733614185674 ], [ -43.65506388, -19.49244868, 787.00733614185674 ], [ -43.65586932, -19.49168054, 787.00733614185674 ], [ -43.65555386, -19.49034032, 787.00733614185674 ], [ -43.65505904, -19.48971508, 787.00733614185674 ], [ -43.653481950636518, -19.489552992799204, 787.00733614185674 ], [ -43.65251775, -19.49015009, 787.00733614185674 ], [ -43.65081146, -19.48964936, 787.00733614185674 ], [ -43.650428384695914, -19.490312053752625, 787.00733614185674 ], [ -43.65023585, -19.49594217, 787.00733614185674 ], [ -43.647876743840754, -19.497703553181768, 787.00733614185674 ], [ -43.64742428, -19.49846191, 787.00733614185674 ], [ -43.64717972, -19.49938951, 787.00733614185674 ], [ -43.6477559, -19.5014386, 787.00733614185674 ], [ -43.64681148, -19.50430831, 787.00733614185674 ], [ -43.6463123, -19.50408465, 787.00733614185674 ], [ -43.647185, -19.50140171, 787.00733614185674 ], [ -43.646606, -19.49939835, 787.00733614185674 ], [ -43.646971452161011, -19.498125489687588, 787.00733614185674 ], [ -43.644846021212111, -19.499124164534212, 1106.09298160000003 ], [ -43.64546863, -19.49919111, 1106.09298160000003 ], [ -43.64537216, -19.49965618, 1106.09298160000003 ], [ -43.643941536654815, -19.499466390227184, 1106.09298160000003 ], [ -43.64145123, -19.50077714, 1106.09298160000003 ], [ -43.640839783543655, -19.50043819973564, 1106.09298160000003 ], [ -43.64185737, -19.50281439, 1106.09298160000003 ], [ -43.645084, -19.50482693, 1106.09298160000003 ], [ -43.64530205, -19.50570262, 1106.09298160000003 ], [ -43.64503352, -19.50845641, 1106.09298160000003 ], [ -43.64455888, -19.50815852, 1106.09298160000003 ], [ -43.64457953, -19.50508715, 1106.09298160000003 ], [ -43.64218204, -19.50370271, 1106.09298160000003 ], [ -43.64261405, -19.50601347, 1106.09298160000003 ], [ -43.64162849, -19.50857788, 1106.09298160000003 ], [ -43.64142796, -19.509979, 1106.09298160000003 ], [ -43.641167, -19.51020586, 1106.09298160000003 ], [ -43.64083645, -19.51003401, 1106.09298160000003 ], [ -43.64207728, -19.50531076, 1106.09298160000003 ], [ -43.64051952, -19.50096434, 1106.09298160000003 ], [ -43.63973223, -19.49993267, 1106.09298160000003 ], [ -43.640208450181277, -19.49808074359553, 1106.09298160000003 ], [ -43.636714282847997, -19.498878101910353, 1106.09298160000003 ], [ -43.63651948, -19.49965298, 1106.09298160000003 ], [ -43.63575412, -19.50057098, 1106.09298160000003 ], [ -43.63383289, -19.50180626, 1106.09298160000003 ], [ -43.63261717, -19.50182117, 1106.09298160000003 ], [ -43.63149909, -19.50119988, 1106.09298160000003 ], [ -43.63093118, -19.50168851, 1106.09298160000003 ], [ -43.63103082, -19.50484063, 1106.09298160000003 ], [ -43.63069355, -19.50607879, 1106.09298160000003 ], [ -43.63077421, -19.5088994, 1106.09298160000003 ], [ -43.6305517, -19.50956033, 1106.09298160000003 ], [ -43.63181524, -19.51148877, 1106.09298160000003 ], [ -43.63449726, -19.51374562, 1106.09298160000003 ], [ -43.63577568, -19.51540021, 1106.09298160000003 ], [ -43.63602135, -19.51638119, 1106.09298160000003 ], [ -43.6357883, -19.51785492, 1106.09298160000003 ], [ -43.63551439, -19.51810027, 1106.09298160000003 ], [ -43.63517462, -19.51790242, 1106.09298160000003 ], [ -43.63544891, -19.51640512, 1106.09298160000003 ], [ -43.63495319, -19.51517902, 1106.09298160000003 ], [ -43.63139356, -19.51185502, 1106.09298160000003 ], [ -43.63007777, -19.50995134, 1106.09298160000003 ], [ -43.62873989, -19.51070188, 1106.09298160000003 ], [ -43.62849575, -19.51275297, 1106.09298160000003 ], [ -43.6276792, -19.51400854, 1106.09298160000003 ], [ -43.62435887, -19.514645059999989, 1106.09298160000003 ], [ -43.62306802, -19.5152218, 1106.09298160000003 ], [ -43.6218823, -19.51622772, 1106.09298160000003 ], [ -43.62157386, -19.51804577, 1106.09298160000003 ], [ -43.62292908, -19.52222128, 1106.09298160000003 ], [ -43.62046733, -19.52966436, 1106.09298160000003 ], [ -43.61935852, -19.53101273, 1106.09298160000003 ], [ -43.61953268, -19.53276984, 1106.09298160000003 ], [ -43.61864309, -19.53459818, 1106.09298160000003 ], [ -43.61814433, -19.53437329, 1106.09298160000003 ], [ -43.61897026, -19.5326606, 1106.09298160000003 ], [ -43.61875944, -19.53118768, 1106.09298160000003 ], [ -43.61691654, -19.53186603, 1106.09298160000003 ], [ -43.6152266, -19.53289617, 1106.09298160000003 ], [ -43.61474996, -19.53261928, 1106.09298160000003 ], [ -43.61664036, -19.53139131, 1106.09298160000003 ], [ -43.61911325, -19.53037894, 1106.09298160000003 ], [ -43.61993993, -19.52945318, 1106.09298160000003 ], [ -43.62236293, -19.5221441, 1106.09298160000003 ], [ -43.62100607, -19.51812819, 1106.09298160000003 ], [ -43.62114653, -19.51694742, 1106.09298160000003 ], [ -43.61999278, -19.51746019, 1106.09298160000003 ], [ -43.61938424, -19.51905965, 1106.09298160000003 ], [ -43.62008109, -19.52263505, 1106.09298160000003 ], [ -43.61944592, -19.52382303, 1106.09298160000003 ], [ -43.61806007, -19.52465148, 1106.09298160000003 ], [ -43.61583323, -19.52524613, 1106.09298160000003 ], [ -43.61549176, -19.52510745, 1106.09298160000003 ], [ -43.61561102, -19.52472976, 1106.09298160000003 ], [ -43.61869906, -19.52372678, 1106.09298160000003 ], [ -43.61950709, -19.52265136, 1106.09298160000003 ], [ -43.61933656, -19.5209569, 1106.09298160000003 ], [ -43.61877465, -19.51944605, 1106.09298160000003 ], [ -43.61934338, -19.51745107, 1106.09298160000003 ], [ -43.61766437, -19.51697729, 1106.09298160000003 ], [ -43.61589005, -19.51711513, 1106.09298160000003 ], [ -43.61505293, -19.517905, 1106.09298160000003 ], [ -43.6143892, -19.51792569, 1106.09298160000003 ], [ -43.61174169, -19.51986299, 1106.09298160000003 ], [ -43.61121091, -19.5217226, 1106.09298160000003 ], [ -43.611056, -19.52388522, 1106.09298160000003 ], [ -43.61069862, -19.5243231, 1106.09298160000003 ], [ -43.60902536, -19.52495536, 1106.09298160000003 ], [ -43.60865589, -19.52536555, 1106.09298160000003 ], [ -43.60794458, -19.52918153, 1106.09298160000003 ], [ -43.60747599, -19.52956732, 1106.09298160000003 ], [ -43.606087904545106, -19.52976017192367, 1106.09298160000003 ], [ -43.613487493689753, -19.534819949494342, 1388.820098846552128 ], [ -43.615412601178981, -19.534846375603397, 1381.619999999999891 ], [ -43.615464467001338, -19.535615027146196, 1365.16 ], [ -43.61859785244885, -19.538041985300246, 1330.9 ], [ -43.618747525660332, -19.538416350993703, 1331.299948914252809 ], [ -43.631102993247154, -19.546862868210695, 1106.09298160000003 ], [ -43.63302535, -19.54617643, 1106.09298160000003 ] ] ] } },
{ "type": "Feature", "properties": { "area_ha": 1498.9, "proveniencia": "limite_municipal − cadastro − exclusoes", "veg_nativa_pct": 99.8, "silvicultura_pct": 0.0, "uso_antropico_pct": 0.2, "supressao_ha": 0.0, "regeneracao_ha": 0.0, "titularidade": "sem_registro_conhecido", "municipio": "Jaboticatubas", "codigo_ibge": "3134608", "largura_media_m": 371.0, "compacidade": 0.029, "ponto_lat": -19.502051, "ponto_lon": -43.622447, "utm_e": 644557.9, "utm_n": 7843040.0 }, "geometry": { "type": "Polygon", "coordinates": [ [ [ -43.60855458, -19.524626720000011, 1106.09298160000003 ], [ -43.61055334, -19.52362628, 1106.09298160000003 ], [ -43.61064401, -19.52164728, 1106.09298160000003 ], [ -43.61120016, -19.51968113, 1106.09298160000003 ], [ -43.60984659, -19.52025586, 1106.09298160000003 ], [ -43.60878321, -19.52127542, 1106.09298160000003 ], [ -43.60893797, -19.52379848, 1106.09298160000003 ], [ -43.6083539, -19.52441131, 1106.09298160000003 ], [ -43.60758987, -19.52453603, 1106.09298160000003 ], [ -43.60668625, -19.52424995, 1106.09298160000003 ], [ -43.6055567, -19.52450594, 1106.09298160000003 ], [ -43.60044449, -19.52456257, 1106.09298160000003 ], [ -43.60012018, -19.52431386, 1106.09298160000003 ], [ -43.60033575, -19.5240031, 1106.09298160000003 ], [ -43.60236524, -19.52385073, 1106.09298160000003 ], [ -43.60553223, -19.5239638, 1106.09298160000003 ], [ -43.60668872, -19.52370087, 1106.09298160000003 ], [ -43.60811538, -19.52391861, 1106.09298160000003 ], [ -43.6083711, -19.52369712, 1106.09298160000003 ], [ -43.60806756, -19.52183029, 1106.09298160000003 ], [ -43.60832582, -19.52094751, 1106.09298160000003 ], [ -43.61003748, -19.51948225, 1106.09298160000003 ], [ -43.6120483, -19.51900504, 1106.09298160000003 ], [ -43.61372432, -19.51780261, 1106.09298160000003 ], [ -43.61183847, -19.5166292, 1106.09298160000003 ], [ -43.61125707, -19.5165698, 1106.09298160000003 ], [ -43.60998043, -19.51710641, 1106.09298160000003 ], [ -43.60903458, -19.51914521, 1106.09298160000003 ], [ -43.60839882, -19.51976899, 1106.09298160000003 ], [ -43.60366425, -19.52024084, 1106.09298160000003 ], [ -43.60364294, -19.51980206, 1106.09298160000003 ], [ -43.60453584, -19.51956695, 1106.09298160000003 ], [ -43.60813972, -19.51928211, 1106.09298160000003 ], [ -43.6095367, -19.51676373, 1106.09298160000003 ], [ -43.61061426, -19.51618285, 1106.09298160000003 ], [ -43.60907385, -19.51427145, 1106.09298160000003 ], [ -43.60702686, -19.51327595, 1106.09298160000003 ], [ -43.60671713, -19.51270785, 1106.09298160000003 ], [ -43.60536299000001, -19.51361823, 1106.09298160000003 ], [ -43.6045737, -19.51524884, 1106.09298160000003 ], [ -43.60312408, -19.51546732, 1106.09298160000003 ], [ -43.60194708, -19.51679174, 1106.09298160000003 ], [ -43.60056409, -19.51775413, 1106.09298160000003 ], [ -43.60045795, -19.51838782, 1106.09298160000003 ], [ -43.60144573, -19.51919856, 1106.09298160000003 ], [ -43.6017145, -19.51988879, 1106.09298160000003 ], [ -43.60088078, -19.52180614, 1106.09298160000003 ], [ -43.60035177, -19.52238095, 1106.09298160000003 ], [ -43.59989706, -19.52205377, 1106.09298160000003 ], [ -43.60114026, -19.51987928, 1106.09298160000003 ], [ -43.59990596, -19.518529, 1106.09298160000003 ], [ -43.59873583, -19.51955176, 1106.09298160000003 ], [ -43.59762062, -19.52253477, 1106.09298160000003 ], [ -43.59727301, -19.52268644, 1106.09298160000003 ], [ -43.59702438, -19.52241774, 1106.09298160000003 ], [ -43.59825523, -19.51925413, 1106.09298160000003 ], [ -43.60250164, -19.51525331, 1106.09298160000003 ], [ -43.60086229, -19.51363734, 1106.09298160000003 ], [ -43.60013461, -19.51377997, 1106.09298160000003 ], [ -43.59911876, -19.51449662, 1106.09298160000003 ], [ -43.59691101, -19.51477067, 1106.09298160000003 ], [ -43.59590659, -19.51549105, 1106.09298160000003 ], [ -43.59466057, -19.51533143, 1106.09298160000003 ], [ -43.59376077, -19.5155692, 1106.09298160000003 ], [ -43.59221278, -19.51788265, 1106.09298160000003 ], [ -43.5920326, -19.51931411, 1106.09298160000003 ], [ -43.5915165, -19.51935482, 1106.09298160000003 ], [ -43.59156791, -19.51796719, 1106.09298160000003 ], [ -43.59338387, -19.51515676, 1106.09298160000003 ], [ -43.59318755, -19.51461353, 1106.09298160000003 ], [ -43.59190716, -19.51454817, 1106.09298160000003 ], [ -43.59113669, -19.5153583, 1106.09298160000003 ], [ -43.59050498, -19.51553096, 1106.09298160000003 ], [ -43.58774143, -19.51419481, 1106.09298160000003 ], [ -43.58710954, -19.51339635, 1106.09298160000003 ], [ -43.58675764, -19.51071373, 1106.09298160000003 ], [ -43.58726993, -19.51096988, 1106.09298160000003 ], [ -43.58779105, -19.513504489999988, 1106.09298160000003 ], [ -43.59035771, -19.51494993, 1106.09298160000003 ], [ -43.59228735, -19.51392257, 1106.09298160000003 ], [ -43.59339453, -19.51404174, 1106.09298160000003 ], [ -43.59392697, -19.5149551, 1106.09298160000003 ], [ -43.59560587, -19.51496491, 1106.09298160000003 ], [ -43.59666324, -19.51427326, 1106.09298160000003 ], [ -43.59802896, -19.51391835, 1106.09298160000003 ], [ -43.59706882, -19.51214488, 1106.09298160000003 ], [ -43.5961477, -19.51110495, 1106.09298160000003 ], [ -43.59436467, -19.5104494, 1106.09298160000003 ], [ -43.59332719, -19.50899242, 1106.09298160000003 ], [ -43.59104359, -19.50698453, 1106.09298160000003 ], [ -43.5902538, -19.50514157, 1106.09298160000003 ], [ -43.58951541, -19.50423084, 1106.09298160000003 ], [ -43.58792909, -19.50358084, 1106.09298160000003 ], [ -43.58485465, -19.5032121, 1106.09298160000003 ], [ -43.58521683, -19.50276854, 1106.09298160000003 ], [ -43.58761284, -19.50297125, 1106.09298160000003 ], [ -43.58902952, -19.50341319, 1106.09298160000003 ], [ -43.58855628, -19.5019561, 1106.09298160000003 ], [ -43.58714447, -19.50137043, 1106.09298160000003 ], [ -43.58477922, -19.50133519, 1106.09298160000003 ], [ -43.58349682, -19.50042714, 1106.09298160000003 ], [ -43.58382821, -19.5000372, 1106.09298160000003 ], [ -43.58495512, -19.50081905, 1106.09298160000003 ], [ -43.58795998, -19.501046899999988, 1106.09298160000003 ], [ -43.58519694, -19.49727518, 1106.09298160000003 ], [ -43.58531916, -19.49425381, 1106.09298160000003 ], [ -43.58586579, -19.49447491, 1106.09298160000003 ], [ -43.58573286, -19.49708607, 1106.09298160000003 ], [ -43.58813555, -19.50038573, 1106.09298160000003 ], [ -43.5880965, -19.49958121, 1106.09298160000003 ], [ -43.5892262, -19.49739112, 1106.09298160000003 ], [ -43.5895258, -19.49546832, 1106.09298160000003 ], [ -43.5900436, -19.49542078, 1106.09298160000003 ], [ -43.58977468, -19.49754543, 1106.09298160000003 ], [ -43.58864791, -19.49977529, 1106.09298160000003 ], [ -43.58867933, -19.50104764, 1106.09298160000003 ], [ -43.58953383, -19.50315807, 1106.09298160000003 ], [ -43.59075892, -19.504887390000011, 1106.09298160000003 ], [ -43.59148777, -19.50664171, 1106.09298160000003 ], [ -43.5925995, -19.50761342, 1106.09298160000003 ], [ -43.59286193, -19.50618409, 1106.09298160000003 ], [ -43.59273773, -19.50401101, 1106.09298160000003 ], [ -43.59327802, -19.50277459, 1106.09298160000003 ], [ -43.59342722, -19.50144756, 1106.09298160000003 ], [ -43.59396421, -19.50133856, 1106.09298160000003 ], [ -43.5938345, -19.50290044, 1106.09298160000003 ], [ -43.59330387, -19.50410481, 1106.09298160000003 ], [ -43.5932622, -19.50812687, 1106.09298160000003 ], [ -43.59474869, -19.51004404, 1106.09298160000003 ], [ -43.59629175, -19.51050587, 1106.09298160000003 ], [ -43.59753112, -19.51182608, 1106.09298160000003 ], [ -43.59756792, -19.51008495, 1106.09298160000003 ], [ -43.59608264, -19.50844019, 1106.09298160000003 ], [ -43.59664973, -19.50843294, 1106.09298160000003 ], [ -43.59782067, -19.509482019999989, 1106.09298160000003 ], [ -43.59828115, -19.51078592, 1106.09298160000003 ], [ -43.59790144, -19.51250029, 1106.09298160000003 ], [ -43.59883846, -19.5139623, 1106.09298160000003 ], [ -43.60018, -19.51316534, 1106.09298160000003 ], [ -43.60100399, -19.51311007, 1106.09298160000003 ], [ -43.60239575, -19.51453451, 1106.09298160000003 ], [ -43.60377715, -19.51498381, 1106.09298160000003 ], [ -43.60419586, -19.5148332, 1106.09298160000003 ], [ -43.60456453, -19.51389455, 1106.09298160000003 ], [ -43.60338853, -19.51326079, 1106.09298160000003 ], [ -43.60200577, -19.51132948, 1106.09298160000003 ], [ -43.60108614, -19.50845619, 1106.09298160000003 ], [ -43.60109085, -19.50641012, 1106.09298160000003 ], [ -43.60042477, -19.50562592, 1106.09298160000003 ], [ -43.60055712, -19.50527328, 1106.09298160000003 ], [ -43.60095579, -19.50532947, 1106.09298160000003 ], [ -43.60163119, -19.50622672, 1106.09298160000003 ], [ -43.60164901, -19.50835304, 1106.09298160000003 ], [ -43.60221179, -19.50950165, 1106.09298160000003 ], [ -43.60237032, -19.51067026, 1106.09298160000003 ], [ -43.60380052, -19.51288484, 1106.09298160000003 ], [ -43.60485865, -19.51335617, 1106.09298160000003 ], [ -43.60596083, -19.51244683, 1106.09298160000003 ], [ -43.60680545000001, -19.51216821, 1106.09298160000003 ], [ -43.60825432, -19.51341716, 1106.09298160000003 ], [ -43.6091828, -19.51369711, 1106.09298160000003 ], [ -43.60889877, -19.51265548, 1106.09298160000003 ], [ -43.6073426, -19.51098875, 1106.09298160000003 ], [ -43.60721357, -19.51016811, 1106.09298160000003 ], [ -43.60891136, -19.50816577, 1106.09298160000003 ], [ -43.61049451, -19.50704371, 1106.09298160000003 ], [ -43.61185749, -19.5054085, 1106.09298160000003 ], [ -43.61226422, -19.50541663, 1106.09298160000003 ], [ -43.61234293, -19.50573157, 1106.09298160000003 ], [ -43.61177188, -19.50648804, 1106.09298160000003 ], [ -43.6093167, -19.50854815, 1106.09298160000003 ], [ -43.60775786, -19.51039484, 1106.09298160000003 ], [ -43.60946763, -19.51250593, 1106.09298160000003 ], [ -43.60976846, -19.51426551, 1106.09298160000003 ], [ -43.61085863, -19.51565808, 1106.09298160000003 ], [ -43.61211938000001, -19.51615413, 1106.09298160000003 ], [ -43.61349858, -19.51719182, 1106.09298160000003 ], [ -43.61458403, -19.51741576, 1106.09298160000003 ], [ -43.61606381, -19.51654502, 1106.09298160000003 ], [ -43.61769603, -19.5164298, 1106.09298160000003 ], [ -43.61892058, -19.51685649, 1106.09298160000003 ], [ -43.62014332, -19.51690301, 1106.09298160000003 ], [ -43.62306572, -19.51461726, 1106.09298160000003 ], [ -43.62486973, -19.51395856, 1106.09298160000003 ], [ -43.6273331, -19.51357319, 1106.09298160000003 ], [ -43.62794552, -19.51260187, 1106.09298160000003 ], [ -43.62823908, -19.51043713, 1106.09298160000003 ], [ -43.63012769, -19.50918384, 1106.09298160000003 ], [ -43.63012362, -19.506032, 1106.09298160000003 ], [ -43.63045704000001, -19.50482098, 1106.09298160000003 ], [ -43.6302034, -19.50227731, 1106.09298160000003 ], [ -43.62249284, -19.50597905, 1106.09298160000003 ], [ -43.62027908, -19.50607325, 1106.09298160000003 ], [ -43.61926744, -19.50554162, 1106.09298160000003 ], [ -43.61924327, -19.50514804, 1106.09298160000003 ], [ -43.62099791, -19.50565112, 1106.09298160000003 ], [ -43.62232833, -19.50545936, 1106.09298160000003 ], [ -43.63046067, -19.50138022, 1106.09298160000003 ], [ -43.62817524, -19.50012718, 1106.09298160000003 ], [ -43.62594138, -19.5001025, 1106.09298160000003 ], [ -43.62589877, -19.49957673, 1106.09298160000003 ], [ -43.62832741, -19.49960399, 1106.09298160000003 ], [ -43.63074377, -19.50090183, 1106.09298160000003 ], [ -43.63162271, -19.50066714, 1106.09298160000003 ], [ -43.63277203, -19.5012988, 1106.09298160000003 ], [ -43.63365444, -19.50128825, 1106.09298160000003 ], [ -43.63575283, -19.49975909, 1106.09298160000003 ], [ -43.63613725, -19.49891341, 1106.09298160000003 ], [ -43.63607442, -19.498106, 1106.09298160000003 ], [ -43.63562874, -19.4985132, 1106.09298160000003 ], [ -43.63408953, -19.4987649, 1106.09298160000003 ], [ -43.63209575, -19.49881327, 1106.09298160000003 ], [ -43.63132484, -19.49852012, 1106.09298160000003 ], [ -43.62965926, -19.49711086, 1106.09298160000003 ], [ -43.62712087, -19.49342297, 1106.09298160000003 ], [ -43.62612429, -19.49263656, 1106.09298160000003 ], [ -43.62479627, -19.49318602, 1106.09298160000003 ], [ -43.62148928, -19.49551073, 1106.09298160000003 ], [ -43.61860187, -19.4987365, 1106.09298160000003 ], [ -43.61709322, -19.49979944, 1106.09298160000003 ], [ -43.61586545, -19.50171502, 1106.09298160000003 ], [ -43.6141186, -19.50273057, 1106.09298160000003 ], [ -43.61122268, -19.5031453, 1106.09298160000003 ], [ -43.60926353, -19.50403805, 1106.09298160000003 ], [ -43.60888778, -19.503793, 1106.09298160000003 ], [ -43.61105073, -19.50262776, 1106.09298160000003 ], [ -43.61333787, -19.5023482, 1106.09298160000003 ], [ -43.61487653, -19.50181134, 1106.09298160000003 ], [ -43.61631981, -19.49998711, 1106.09298160000003 ], [ -43.61544904, -19.49929487, 1106.09298160000003 ], [ -43.612076111553279, -19.499566808467076, 1106.09298160000003 ], [ -43.61117116, -19.50076124, 1106.09298160000003 ], [ -43.61028658, -19.50121775, 1106.09298160000003 ], [ -43.60835481, -19.5008935, 1106.09298160000003 ], [ -43.60749737, -19.50165104, 1106.09298160000003 ], [ -43.60652625, -19.50201173, 1106.09298160000003 ], [ -43.60601496, -19.50282803, 1106.09298160000003 ], [ -43.60524599, -19.5032724, 1106.09298160000003 ], [ -43.60193487, -19.50262301, 1106.09298160000003 ], [ -43.5989769, -19.5033182, 1106.09298160000003 ], [ -43.59698417, -19.5029477, 1106.09298160000003 ], [ -43.59679661, -19.50267728, 1106.09298160000003 ], [ -43.59704874, -19.50242387, 1106.09298160000003 ], [ -43.59895259, -19.50277555, 1106.09298160000003 ], [ -43.60152132, -19.50210858, 1106.09298160000003 ], [ -43.60276767, -19.50220918, 1106.09298160000003 ], [ -43.60204089, -19.50009689, 1106.09298160000003 ], [ -43.60079202, -19.49925406, 1106.09298160000003 ], [ -43.6004983, -19.49750842, 1106.09298160000003 ], [ -43.6000951, -19.49707135, 1106.09298160000003 ], [ -43.59862335, -19.49652978, 1106.09298160000003 ], [ -43.59756951, -19.49667524, 1106.09298160000003 ], [ -43.59672283, -19.49723008, 1106.09298160000003 ], [ -43.59634513, -19.49698636, 1106.09298160000003 ], [ -43.5973294, -19.49618222, 1106.09298160000003 ], [ -43.59863211, -19.49598652, 1106.09298160000003 ], [ -43.5998896, -19.4962681, 1106.09298160000003 ], [ -43.60060954, -19.49678729, 1106.09298160000003 ], [ -43.60017678, -19.49519809, 1106.09298160000003 ], [ -43.60033414, -19.49424661, 1106.09298160000003 ], [ -43.60078961, -19.49360604, 1106.09298160000003 ], [ -43.60117103, -19.49384892, 1106.09298160000003 ], [ -43.60075041, -19.49521744, 1106.09298160000003 ], [ -43.60118119, -19.49673953, 1106.09298160000003 ], [ -43.60117431, -19.4986967, 1106.09298160000003 ], [ -43.60142289, -19.49918053, 1106.09298160000003 ], [ -43.60252122, -19.49978483, 1106.09298160000003 ], [ -43.60346898, -19.50238427, 1106.09298160000003 ], [ -43.6052803, -19.50268881, 1106.09298160000003 ], [ -43.60615553, -19.50159399, 1106.09298160000003 ], [ -43.60778594, -19.50062686, 1106.09298160000003 ], [ -43.60465512, -19.49877801, 1106.09298160000003 ], [ -43.60217314, -19.49784455, 1106.09298160000003 ], [ -43.6022501, -19.49733592, 1106.09298160000003 ], [ -43.6049332, -19.49830365, 1106.09298160000003 ], [ -43.60836318, -19.50033956, 1106.09298160000003 ], [ -43.60986198, -19.50072343, 1106.09298160000003 ], [ -43.610615892340775, -19.500445201398414, 1106.09298160000003 ], [ -43.60299826, -19.49636962, 1106.09298160000003 ], [ -43.603008741460016, -19.489891472074614, 1106.09298160000003 ], [ -43.60258222, -19.49000739, 1106.09298160000003 ], [ -43.60097508, -19.48951949, 1106.09298160000003 ], [ -43.59930679, -19.48790005, 1106.09298160000003 ], [ -43.59876002, -19.49122931, 1106.09298160000003 ], [ -43.59850385, -19.49147147, 1106.09298160000003 ], [ -43.5981701, -19.49133155, 1106.09298160000003 ], [ -43.59873637, -19.4883548, 1106.09298160000003 ], [ -43.59804286, -19.48588195, 1106.09298160000003 ], [ -43.5985231, -19.48161436, 833.455523255813091 ], [ -43.59813711, -19.47892997, 833.455523255813091 ], [ -43.59768888, -19.47802085, 833.455523255813091 ], [ -43.59533771000001, -19.47721474, 833.455523255813091 ], [ -43.59568436, -19.47904532, 833.455523255813091 ], [ -43.59541866, -19.4813732, 833.455523255813091 ], [ -43.59575514, -19.48266301, 833.455523255813091 ], [ -43.59534144, -19.48291767, 833.455523255813091 ], [ -43.59484603, -19.48140298, 833.455523255813091 ], [ -43.59511257, -19.47907194, 833.455523255813091 ], [ -43.59469725, -19.47708249, 833.455523255813091 ], [ -43.59375933, -19.47630681, 833.455523255813091 ], [ -43.59342269, -19.474659, 833.455523255813091 ], [ -43.592561779402558, -19.47454935591924, 833.455523255813091 ], [ -43.59231297, -19.47662979, 833.455523255813091 ], [ -43.59276668, -19.47759763, 833.455523255813091 ], [ -43.59243336, -19.47826347, 833.455523255813091 ], [ -43.59351417, -19.47920976, 833.455523255813091 ], [ -43.59340641, -19.48097467, 833.455523255813091 ], [ -43.59430483, -19.48172833, 833.455523255813091 ], [ -43.59412813, -19.48257151, 833.455523255813091 ], [ -43.59479489, -19.48293607, 833.455523255813091 ], [ -43.59433363, -19.48430048, 1106.09298160000003 ], [ -43.59560961, -19.48486967, 1106.09298160000003 ], [ -43.59666483, -19.48670244, 1106.09298160000003 ], [ -43.59548396, -19.49008513, 1106.09298160000003 ], [ -43.59643201, -19.49293965, 1106.09298160000003 ], [ -43.59640503, -19.49401311, 1106.09298160000003 ], [ -43.59579506, -19.49511316, 1106.09298160000003 ], [ -43.59544391, -19.49481492, 1106.09298160000003 ], [ -43.59586056, -19.49297758, 1106.09298160000003 ], [ -43.59491178, -19.49002613, 1106.09298160000003 ], [ -43.59609974, -19.48679293, 1106.09298160000003 ], [ -43.59532763, -19.48586479, 1106.09298160000003 ], [ -43.59521156, -19.48526436, 1106.09298160000003 ], [ -43.5944296, -19.48508438, 1106.09298160000003 ], [ -43.59380143, -19.48450241, 1106.09298160000003 ], [ -43.59374587, -19.48379587, 1106.09298160000003 ], [ -43.5941978, -19.48315959, 833.455523255813091 ], [ -43.59357412, -19.48273269, 833.455523255813091 ], [ -43.5937723, -19.48194381, 833.455523255813091 ], [ -43.59285913, -19.48114757, 833.455523255813091 ], [ -43.59304642, -19.4795625, 833.455523255813091 ], [ -43.59190688000001, -19.47849746, 833.455523255813091 ], [ -43.59219269, -19.47755109, 833.455523255813091 ], [ -43.591799262086511, -19.476871955923929, 833.455523255813091 ], [ -43.58843653, -19.47785915, 833.455523255813091 ], [ -43.58689834, -19.47983027, 833.455523255813091 ], [ -43.584060185361182, -19.481816321810019, 833.455523255813091 ], [ -43.58395512, -19.48217457, 833.455523255813091 ], [ -43.5841208, -19.4829827, 833.455523255813091 ], [ -43.58577788, -19.48482132, 1106.09298160000003 ], [ -43.58642666, -19.48597245, 1106.09298160000003 ], [ -43.58736299, -19.48832374, 1106.09298160000003 ], [ -43.58767602, -19.48997154, 1106.09298160000003 ], [ -43.59091267, -19.49263645, 1106.09298160000003 ], [ -43.59083396, -19.4929514, 1106.09298160000003 ], [ -43.59049323, -19.49297022, 1106.09298160000003 ], [ -43.58830461, -19.49120682, 1106.09298160000003 ], [ -43.58907481, -19.49399712, 1106.09298160000003 ], [ -43.58889271, -19.49439283, 1106.09298160000003 ], [ -43.5885212, -19.49421589, 1106.09298160000003 ], [ -43.58769571, -19.49085882, 1106.09298160000003 ], [ -43.5870948, -19.49008337, 1106.09298160000003 ], [ -43.58681555, -19.48848795, 1106.09298160000003 ], [ -43.58590119, -19.48618617, 1106.09298160000003 ], [ -43.58362587, -19.48325502, 833.455523255813091 ], [ -43.583375118571347, -19.482295695624472, 833.455523255813091 ], [ -43.582731898695386, -19.482745782033863, 833.455523255813091 ], [ -43.58297265, -19.4839504, 1106.09298160000003 ], [ -43.58255013, -19.48608673, 1106.09298160000003 ], [ -43.58302217, -19.48667163, 1106.09298160000003 ], [ -43.5852288, -19.48809514, 1106.09298160000003 ], [ -43.58506476, -19.48856396, 1106.09298160000003 ], [ -43.58265603, -19.48708927, 1106.09298160000003 ], [ -43.58201672, -19.48628755, 1106.09298160000003 ], [ -43.58236467, -19.48445313, 1106.09298160000003 ], [ -43.582260514367114, -19.483075625154047, 833.455523255813091 ], [ -43.580168091911538, -19.483566582625517, 833.455523255813091 ], [ -43.57933277, -19.4852104, 1106.09298160000003 ], [ -43.57953635, -19.48735719, 1106.09298160000003 ], [ -43.57900916, -19.48751532, 1106.09298160000003 ], [ -43.57876385, -19.48513845, 1106.09298160000003 ], [ -43.579557825743997, -19.48353085444759, 833.455523255813091 ], [ -43.57753309, -19.48238445, 833.455523255813091 ], [ -43.577021929782603, -19.481271673999426, 833.455523255813091 ], [ -43.57698328, -19.48243064, 833.455523255813091 ], [ -43.57650419, -19.48362215, 1106.09298160000003 ], [ -43.57668228, -19.4850305, 1106.09298160000003 ], [ -43.57593265, -19.48589631, 1106.09298160000003 ], [ -43.57664416, -19.4869374, 1106.09298160000003 ], [ -43.57692785, -19.48801939, 1106.09298160000003 ], [ -43.57798752, -19.48898201, 1106.09298160000003 ], [ -43.57872304, -19.49079066, 1106.09298160000003 ], [ -43.583840717699999, -19.493791758, 1106.09298160000003 ], [ -43.582694376399999, -19.513759929099994, 1106.09298160000003 ], [ -43.60532575254949, -19.529238984664822, 1106.09298160000003 ], [ -43.60677028, -19.52918568, 1106.09298160000003 ], [ -43.60748079, -19.52885872, 1106.09298160000003 ], [ -43.60810868, -19.5252015, 1106.09298160000003 ], [ -43.60855458, -19.524626720000011, 1106.09298160000003 ] ] ] } },
{ "type": "Feature", "properties": { "area_ha": 1436.6, "proveniencia": "limite_municipal − cadastro − exclusoes", "veg_nativa_pct": 96.9, "silvicultura_pct": 0.0, "uso_antropico_pct": 2.9, "supressao_ha": 2.61, "regeneracao_ha": 3.06, "titularidade": "sem_registro_conhecido", "municipio": "Jaboticatubas", "codigo_ibge": "3134608", "largura_media_m": 300.0, "compacidade": 0.02, "ponto_lat": -19.413479, "ponto_lon": -43.616098, "utm_e": 645303.1, "utm_n": 7852837.6 }, "geometry": { "type": "Polygon", "coordinates": [ [ [ -43.64035434, -19.36649053, 833.455523255813091 ], [ -43.63942574, -19.36454309, 833.455523255813091 ], [ -43.63960163, -19.36421069, 833.455523255813091 ], [ -43.64026972, -19.36477829, 833.455523255813091 ], [ -43.64081295, -19.36614323, 833.455523255813091 ], [ -43.643172491302273, -19.366617731923885, 833.455523255813091 ], [ -43.64192073, -19.36635701, 833.455523255813091 ], [ -43.64177399, -19.366026, 833.455523255813091 ], [ -43.64170562, -19.36109238, 833.455523255813091 ], [ -43.644170607448956, -19.358586108565333, 833.455523255813091 ], [ -43.64373295, -19.35864813, 833.455523255813091 ], [ -43.64369876, -19.35822246, 833.455523255813091 ], [ -43.644753372624898, -19.357777647578661, 833.455523255813091 ], [ -43.646747993670196, -19.353991536544871, 795.261084905660596 ], [ -43.645648466623065, -19.354275000948732, 795.261084905660596 ], [ -43.64427548, -19.35539301, 795.261084905660596 ], [ -43.643025320061156, -19.355280551901664, 795.261084905660596 ], [ -43.64424795, -19.3554199, 795.261084905660596 ], [ -43.6434111, -19.35648275, 795.261084905660596 ], [ -43.64266545, -19.35669026, 795.261084905660596 ], [ -43.64221752000001, -19.35728242, 833.455523255813091 ], [ -43.64187419, -19.35731785, 833.455523255813091 ], [ -43.641533971821424, -19.356560355687748, 795.261084905660596 ], [ -43.64063691549714, -19.356483362439015, 795.261084905660596 ], [ -43.64151957, -19.35747175, 833.455523255813091 ], [ -43.64134639, -19.3589775, 909.38 ], [ -43.63786833, -19.3629025, 955.88 ], [ -43.63657333, -19.36614444, 973.65 ], [ -43.635987637814431, -19.365646285197474, 968.908394342479824 ], [ -43.63311774, -19.37041744, 833.455523255813091 ], [ -43.629964509792408, -19.373984332502609, 833.455523255813091 ], [ -43.63071805, -19.37404977, 833.455523255813091 ], [ -43.62822616, -19.3773446, 833.455523255813091 ], [ -43.6259464, -19.37968262, 833.455523255813091 ], [ -43.624645280677733, -19.381679634443426, 833.455523255813091 ], [ -43.617627619395741, -19.398929863658584, 833.455523255813091 ], [ -43.61695632, -19.40301358, 833.455523255813091 ], [ -43.613165401231591, -19.409896284231156, 833.455523255813091 ], [ -43.611512576501113, -19.41414024885886, 833.455523255813091 ], [ -43.61122391, -19.41671964, 833.455523255813091 ], [ -43.60647559, -19.4282665, 833.455523255813091 ], [ -43.604435014918863, -19.427570164109774, 833.455523255813091 ], [ -43.6022901, -19.42797539, 833.455523255813091 ], [ -43.600340901404316, -19.42912562830638, 833.455523255813091 ], [ -43.595127602596285, -19.435528254712466, 833.455523255813091 ], [ -43.59502392, -19.43793644, 833.455523255813091 ], [ -43.59418238, -19.44015425, 833.455523255813091 ], [ -43.59435907, -19.4459623, 833.455523255813091 ], [ -43.59311734, -19.44872257, 833.455523255813091 ], [ -43.59074669, -19.45195399, 833.455523255813091 ], [ -43.58820292, -19.45480169, 833.455523255813091 ], [ -43.58683043, -19.45542426, 833.455523255813091 ], [ -43.58593532, -19.45697051, 833.455523255813091 ], [ -43.58552172, -19.46108929, 833.455523255813091 ], [ -43.58423987, -19.46364807, 833.455523255813091 ], [ -43.58246349, -19.46512766, 833.455523255813091 ], [ -43.57943894, -19.4652832, 833.455523255813091 ], [ -43.57696778, -19.46505672, 833.455523255813091 ], [ -43.57404222, -19.46541605, 833.455523255813091 ], [ -43.57060361, -19.4668227, 833.455523255813091 ], [ -43.5681659, -19.46900185, 833.455523255813091 ], [ -43.568078712668139, -19.469428986498112, 833.455523255813091 ], [ -43.568580689275933, -19.471116289634303, 833.455523255813091 ], [ -43.57019635, -19.47220853, 833.455523255813091 ], [ -43.57242583, -19.47216045, 833.455523255813091 ], [ -43.57482504, -19.47286779, 833.455523255813091 ], [ -43.57566435, -19.472823, 833.455523255813091 ], [ -43.57623279, -19.47221471, 833.455523255813091 ], [ -43.57699062, -19.47037971, 833.455523255813091 ], [ -43.57471299, -19.46960124, 833.455523255813091 ], [ -43.57119758, -19.47058518, 833.455523255813091 ], [ -43.57031137, -19.47030257, 833.455523255813091 ], [ -43.57045331, -19.46985289, 833.455523255813091 ], [ -43.57178236, -19.46999565, 833.455523255813091 ], [ -43.57471976, -19.46905681, 833.455523255813091 ], [ -43.57749007, -19.46997894, 833.455523255813091 ], [ -43.57908873, -19.47004337, 833.455523255813091 ], [ -43.57816832, -19.46828476, 833.455523255813091 ], [ -43.57539528, -19.46770507, 833.455523255813091 ], [ -43.57354346, -19.46657577, 833.455523255813091 ], [ -43.57388308, -19.46623434, 833.455523255813091 ], [ -43.57559705, -19.46719724, 833.455523255813091 ], [ -43.57809971, -19.46769363, 833.455523255813091 ], [ -43.57825818, -19.46687784, 833.455523255813091 ], [ -43.57755384, -19.46554262, 833.455523255813091 ], [ -43.57780591, -19.46525768, 833.455523255813091 ], [ -43.57871362, -19.46639509, 833.455523255813091 ], [ -43.57861056, -19.46793852, 833.455523255813091 ], [ -43.57971997, -19.47004659, 833.455523255813091 ], [ -43.58064557, -19.46654322, 833.455523255813091 ], [ -43.58121315, -19.46653978, 833.455523255813091 ], [ -43.5802852, -19.47014265, 833.455523255813091 ], [ -43.580443590354825, -19.470618366688086, 833.455523255813091 ], [ -43.58218826, -19.46764735, 833.455523255813091 ], [ -43.589143272052794, -19.460089031225554, 833.455523255813091 ], [ -43.589555826908388, -19.458611149021372, 833.455523255813091 ], [ -43.58713855, -19.45793249, 833.455523255813091 ], [ -43.58697392, -19.45757049, 833.455523255813091 ], [ -43.58732938, -19.45740334, 833.455523255813091 ], [ -43.589702309406064, -19.45808640181772, 833.455523255813091 ], [ -43.59008734, -19.45670708, 833.455523255813091 ], [ -43.59437601, -19.4499951, 833.455523255813091 ], [ -43.597095607175397, -19.444737565284463, 833.455523255813091 ], [ -43.59567426000001, -19.44267586, 833.455523255813091 ], [ -43.59538579, -19.44066631, 833.455523255813091 ], [ -43.59581684, -19.44073841, 833.455523255813091 ], [ -43.59620299, -19.44246931, 833.455523255813091 ], [ -43.59751316733967, -19.444245679014195, 833.455523255813091 ], [ -43.599253461231676, -19.444647052885859, 833.455523255813091 ], [ -43.59954452, -19.44066749, 833.455523255813091 ], [ -43.60005198, -19.44040801, 833.455523255813091 ], [ -43.599826049438633, -19.444744987919663, 833.455523255813091 ], [ -43.601381532127824, -19.445011026833658, 833.455523255813091 ], [ -43.60147836, -19.4443885, 833.455523255813091 ], [ -43.60215142, -19.44381965, 833.455523255813091 ], [ -43.60254927, -19.44049322, 833.455523255813091 ], [ -43.60298841, -19.43948576, 833.455523255813091 ], [ -43.6026435, -19.43872045, 833.455523255813091 ], [ -43.6026196, -19.43725521, 833.455523255813091 ], [ -43.60220449, -19.43643053, 833.455523255813091 ], [ -43.60270593, -19.43541266, 833.455523255813091 ], [ -43.60212963, -19.43463239, 833.455523255813091 ], [ -43.60244071000001, -19.43391763, 833.455523255813091 ], [ -43.60203648, -19.43316421, 833.455523255813091 ], [ -43.60399918, -19.42871606, 833.455523255813091 ], [ -43.60442982, -19.42902021, 833.455523255813091 ], [ -43.60260489, -19.43323179, 833.455523255813091 ], [ -43.60303008, -19.43390286, 833.455523255813091 ], [ -43.60268228, -19.43447417, 833.455523255813091 ], [ -43.60326923, -19.43531589, 833.455523255813091 ], [ -43.60277471, -19.43639413, 833.455523255813091 ], [ -43.60317266, -19.43711762, 833.455523255813091 ], [ -43.60321079, -19.43862959, 833.455523255813091 ], [ -43.60356131, -19.43952394, 833.455523255813091 ], [ -43.60310972, -19.44060158, 833.455523255813091 ], [ -43.60270473, -19.44397029, 833.455523255813091 ], [ -43.60196735, -19.44497874, 833.455523255813091 ], [ -43.60475146, -19.44544247, 833.455523255813091 ], [ -43.60771769, -19.44506013, 833.455523255813091 ], [ -43.60945725, -19.44586927, 833.455523255813091 ], [ -43.61086349, -19.44561021, 833.455523255813091 ], [ -43.61159174, -19.44588375, 833.455523255813091 ], [ -43.61241662, -19.44547444, 833.455523255813091 ], [ -43.61530338, -19.4466602, 833.455523255813091 ], [ -43.61734939, -19.44511204, 833.455523255813091 ], [ -43.61606978, -19.44371425, 833.455523255813091 ], [ -43.61538051, -19.44128355, 833.455523255813091 ], [ -43.61466176, -19.44025167, 833.455523255813091 ], [ -43.61477845, -19.43994752, 833.455523255813091 ], [ -43.61514596, -19.43994844, 833.455523255813091 ], [ -43.61563357, -19.44055223, 833.455523255813091 ], [ -43.61665738, -19.4436253, 833.455523255813091 ], [ -43.61783565, -19.44476776, 833.455523255813091 ], [ -43.61944708, -19.44362139, 833.455523255813091 ], [ -43.62062313, -19.44224518, 833.455523255813091 ], [ -43.622608299289105, -19.441778920551545, 833.455523255813091 ], [ -43.62315309, -19.44036784, 833.455523255813091 ], [ -43.62137802, -19.43907423, 833.455523255813091 ], [ -43.61455794, -19.43853728, 833.455523255813091 ], [ -43.61513278, -19.43573377, 833.455523255813091 ], [ -43.61525557, -19.43297143, 833.455523255813091 ], [ -43.614984988919211, -19.432338972680999, 833.455523255813091 ], [ -43.61312657, -19.43186482, 833.455523255813091 ], [ -43.61324432, -19.43139351, 833.455523255813091 ], [ -43.61473513, -19.4317854, 833.455523255813091 ], [ -43.61718316000001, -19.43191749, 833.455523255813091 ], [ -43.61973085, -19.43349634, 833.455523255813091 ], [ -43.62254662, -19.43454509, 833.455523255813091 ], [ -43.625905325050816, -19.434756077041889, 833.455523255813091 ], [ -43.62598137853545, -19.434258675035512, 833.455523255813091 ], [ -43.62509429, -19.43415353, 833.455523255813091 ], [ -43.62514794, -19.4337033, 833.455523255813091 ], [ -43.6261189, -19.43377918, 833.455523255813091 ], [ -43.62617254, -19.43279778, 833.455523255813091 ], [ -43.62724543, -19.43285848, 833.455523255813091 ], [ -43.62707715551285, -19.434265698100454, 833.455523255813091 ], [ -43.6271609, -19.4346785, 833.455523255813091 ], [ -43.626683111765281, -19.435080760486489, 833.455523255813091 ], [ -43.6293741, -19.43786181, 833.455523255813091 ], [ -43.630646463308508, -19.438354360472189, 833.455523255813091 ], [ -43.63087814, -19.43813233, 833.455523255813091 ], [ -43.63035149, -19.43762804, 833.455523255813091 ], [ -43.629348145740558, -19.435271579687736, 833.455523255813091 ], [ -43.62879038, -19.43551434, 833.455523255813091 ], [ -43.62816811, -19.4342193, 833.455523255813091 ], [ -43.62718456, -19.43413015, 833.455523255813091 ], [ -43.627306246180332, -19.432814170535451, 833.455523255813091 ], [ -43.62500578, -19.43264095, 833.455523255813091 ], [ -43.62492263, -19.43203389, 833.455523255813091 ], [ -43.626004657546105, -19.432139448472562, 833.455523255813091 ], [ -43.62498808, -19.43196783, 833.455523255813091 ], [ -43.62482422, -19.43089291, 833.455523255813091 ], [ -43.62420255, -19.43005641, 833.455523255813091 ], [ -43.624399488580167, -19.429919238569948, 833.455523255813091 ], [ -43.62312483, -19.4294819, 833.455523255813091 ], [ -43.62148037, -19.428260019999989, 833.455523255813091 ], [ -43.6178017, -19.42735338, 833.455523255813091 ], [ -43.61715405, -19.42669386, 833.455523255813091 ], [ -43.616141882739058, -19.424347166748948, 833.455523255813091 ], [ -43.61217651, -19.42659879, 833.455523255813091 ], [ -43.60670715, -19.42856059, 833.455523255813091 ], [ -43.61207946, -19.41614719, 833.455523255813091 ], [ -43.62086044, -19.41897278, 833.455523255813091 ], [ -43.62345545, -19.41707217, 833.455523255813091 ], [ -43.623651056916707, -19.417166925076195, 833.455523255813091 ], [ -43.623940367407073, -19.416494511084053, 833.455523255813091 ], [ -43.62070369, -19.41639383, 833.455523255813091 ], [ -43.61854933, -19.41596347, 833.455523255813091 ], [ -43.61848685, -19.41546514, 833.455523255813091 ], [ -43.62141594, -19.4159666, 833.455523255813091 ], [ -43.62270939, -19.41577492, 833.455523255813091 ], [ -43.624156320897796, -19.415992584694592, 833.455523255813091 ], [ -43.62432803, -19.41559349, 833.455523255813091 ], [ -43.626626504776254, -19.416718931733538, 833.455523255813091 ], [ -43.62709004, -19.41574239, 833.455523255813091 ], [ -43.62885729, -19.41532662, 833.455523255813091 ], [ -43.629196216983779, -19.414721636299728, 833.455523255813091 ], [ -43.62957621, -19.41211889, 833.455523255813091 ], [ -43.63069512, -19.41207665, 833.455523255813091 ], [ -43.63101141, -19.4118184, 833.455523255813091 ], [ -43.62912045, -19.41200314, 833.455523255813091 ], [ -43.62737154, -19.410607, 833.455523255813091 ], [ -43.62615126, -19.41124418, 833.455523255813091 ], [ -43.62496308, -19.41112954, 833.455523255813091 ], [ -43.62396256, -19.41193959, 833.455523255813091 ], [ -43.62234482, -19.41226137, 833.455523255813091 ], [ -43.62044724, -19.41417967, 833.455523255813091 ], [ -43.61853057, -19.41450531, 833.455523255813091 ], [ -43.61684461, -19.41547072, 833.455523255813091 ], [ -43.61516007, -19.41562928, 833.455523255813091 ], [ -43.61382106, -19.41485081, 833.455523255813091 ], [ -43.6137969, -19.41445722, 833.455523255813091 ], [ -43.61413286, -19.41440102, 833.455523255813091 ], [ -43.61527973, -19.41509577, 833.455523255813091 ], [ -43.61668725, -19.41494785, 833.455523255813091 ], [ -43.61832005, -19.41400121, 833.455523255813091 ], [ -43.62017735, -19.41369921, 833.455523255813091 ], [ -43.62095571, -19.41288495, 833.455523255813091 ], [ -43.61966741, -19.41301909, 833.455523255813091 ], [ -43.61873458, -19.41278511, 833.455523255813091 ], [ -43.61670784, -19.41175461, 833.455523255813091 ], [ -43.61576816, -19.41171343, 833.455523255813091 ], [ -43.61574826, -19.41121482, 833.455523255813091 ], [ -43.61689374, -19.41123939, 833.455523255813091 ], [ -43.61970034, -19.41247562, 833.455523255813091 ], [ -43.62142198, -19.41226214, 833.455523255813091 ], [ -43.62283692, -19.41150572, 833.455523255813091 ], [ -43.62175836, -19.41071705, 833.455523255813091 ], [ -43.62007388, -19.41087327, 833.455523255813091 ], [ -43.61813143, -19.41002433, 833.455523255813091 ], [ -43.61656929, -19.40975738, 833.455523255813091 ], [ -43.61647793, -19.40929956, 833.455523255813091 ], [ -43.61829487, -19.40950449, 833.455523255813091 ], [ -43.62019803, -19.41034158, 833.455523255813091 ], [ -43.62193681, -19.41020062, 833.455523255813091 ], [ -43.62360608, -19.41147544, 833.455523255813091 ], [ -43.62477442, -19.41061227, 833.455523255813091 ], [ -43.62601196, -19.41070803, 833.455523255813091 ], [ -43.62737037, -19.41005133, 833.455523255813091 ], [ -43.62931884, -19.41149077, 833.455523255813091 ], [ -43.63082666, -19.41128376, 833.455523255813091 ], [ -43.63129579, -19.40936964, 833.455523255813091 ], [ -43.63250036, -19.40813404, 833.455523255813091 ], [ -43.63197702, -19.4061356, 833.455523255813091 ], [ -43.63295149, -19.40518434, 833.455523255813091 ], [ -43.63302134, -19.40409585, 833.455523255813091 ], [ -43.63351317, -19.4037075, 833.455523255813091 ], [ -43.63500918, -19.40337675, 833.455523255813091 ], [ -43.63577081, -19.40227876, 833.455523255813091 ], [ -43.63461883, -19.40190524, 833.455523255813091 ], [ -43.632471364877105, -19.400297251443245, 833.455523255813091 ], [ -43.63254849, -19.4004903, 833.455523255813091 ], [ -43.63204445, -19.40041423, 833.455523255813091 ], [ -43.6315511, -19.40019477, 833.455523255813091 ], [ -43.631768626194862, -19.399999641432327, 833.455523255813091 ], [ -43.63082793, -19.39969589, 833.455523255813091 ], [ -43.63020787, -19.39978468, 833.455523255813091 ], [ -43.62786442, -19.40071071, 833.455523255813091 ], [ -43.62638406, -19.40177851, 833.455523255813091 ], [ -43.62551879, -19.40283005, 833.455523255813091 ], [ -43.624408, -19.40562416, 833.455523255813091 ], [ -43.62216005, -19.40790312, 833.455523255813091 ], [ -43.62059771, -19.408504, 833.455523255813091 ], [ -43.6186206, -19.40814444, 833.455523255813091 ], [ -43.6170866, -19.40729208, 833.455523255813091 ], [ -43.61704109, -19.40692264, 833.455523255813091 ], [ -43.61743697, -19.40682358, 833.455523255813091 ], [ -43.61881699, -19.40763523, 833.455523255813091 ], [ -43.62018564, -19.40795039, 833.455523255813091 ], [ -43.62152245, -19.40767627, 833.455523255813091 ], [ -43.62394175, -19.40530903, 833.455523255813091 ], [ -43.62499702, -19.40260324, 833.455523255813091 ], [ -43.62598248, -19.40139193, 833.455523255813091 ], [ -43.62759258, -19.40023172, 833.455523255813091 ], [ -43.630247, -19.39923092, 833.455523255813091 ], [ -43.62859382, -19.39782702, 833.455523255813091 ], [ -43.62698768, -19.39719435, 833.455523255813091 ], [ -43.62461402, -19.39706176, 833.455523255813091 ], [ -43.61978664, -19.39762252, 833.455523255813091 ], [ -43.61950119, -19.39744932, 833.455523255813091 ], [ -43.61957985, -19.39713437, 833.455523255813091 ], [ -43.62251915, -19.3966498, 833.455523255813091 ], [ -43.626146135694093, -19.396601147034378, 833.455523255813091 ], [ -43.62591766, -19.39437838, 833.455523255813091 ], [ -43.62977225, -19.39501153, 833.455523255813091 ], [ -43.63148416, -19.39638875, 833.455523255813091 ], [ -43.63261784, -19.39659966, 833.455523255813091 ], [ -43.630108558014136, -19.398321768239843, 833.455523255813091 ], [ -43.63099811, -19.3991783, 833.455523255813091 ], [ -43.632233468361072, -19.39958265928345, 833.455523255813091 ], [ -43.6351089, -19.39687739, 833.455523255813091 ], [ -43.6354176, -19.39689144, 833.455523255813091 ], [ -43.63457323, -19.39976462, 833.455523255813091 ], [ -43.632912804402125, -19.399899057657471, 833.455523255813091 ], [ -43.63493364, -19.40145213, 833.455523255813091 ], [ -43.63621943, -19.40177764, 833.455523255813091 ], [ -43.6372846, -19.40125843, 833.455523255813091 ], [ -43.63820502, -19.40176931, 833.455523255813091 ], [ -43.63895242, -19.40018105, 833.455523255813091 ], [ -43.63975076, -19.39928307, 833.455523255813091 ], [ -43.64029125, -19.39891364, 833.455523255813091 ], [ -43.641711488980341, -19.398783807187879, 833.455523255813091 ], [ -43.63948922, -19.39859734, 833.455523255813091 ], [ -43.63802991, -19.3980708, 833.455523255813091 ], [ -43.63813239, -19.39757902, 833.455523255813091 ], [ -43.64012279, -19.39820995, 833.455523255813091 ], [ -43.64308995, -19.39837197, 833.455523255813091 ], [ -43.64465584, -19.39934001000001, 833.455523255813091 ], [ -43.64555211, -19.39952403, 833.455523255813091 ], [ -43.64592844, -19.39853738, 833.455523255813091 ], [ -43.64655405, -19.39795158, 833.455523255813091 ], [ -43.64626968, -19.39736122, 833.455523255813091 ], [ -43.64685649, -19.39707774, 798.417543196331394 ], [ -43.64675429, -19.39654456, 798.417543196331394 ], [ -43.6473053, -19.39612851, 798.417543196331394 ], [ -43.64701444, -19.39549455, 798.417543196331394 ], [ -43.64749651, -19.39508379, 798.417543196331394 ], [ -43.647342288443156, -19.394254351600001, 798.417543196331394 ], [ -43.64666126, -19.39399233, 798.417543196331394 ], [ -43.64713551, -19.39325991, 798.417543196331394 ], [ -43.647660257058874, -19.393473853488576, 798.417543196331394 ], [ -43.647950592881635, -19.392844859168655, 798.417543196331394 ], [ -43.64608388, -19.39257718, 833.455523255813091 ], [ -43.64582669, -19.39173506, 833.455523255813091 ], [ -43.64366615, -19.39148346, 833.455523255813091 ], [ -43.643053559651605, -19.39170009531669, 833.455523255813091 ], [ -43.64260428, -19.39239768, 833.455523255813091 ], [ -43.641544827549325, -19.393124891973194, 833.455523255813091 ], [ -43.641014676841309, -19.394558116446007, 833.455523255813091 ], [ -43.64174461, -19.39557667, 833.455523255813091 ], [ -43.64007733, -19.39626921, 833.455523255813091 ], [ -43.63852554, -19.39087315, 833.455523255813091 ], [ -43.6394853, -19.39110592, 833.455523255813091 ], [ -43.640629201185632, -19.394014403856108, 833.455523255813091 ], [ -43.63935237, -19.39071088, 833.455523255813091 ], [ -43.63923955, -19.39053837, 833.455523255813091 ], [ -43.639411747126935, -19.389919274728573, 833.455523255813091 ], [ -43.637240580078824, -19.388734833875588, 833.455523255813091 ], [ -43.6365962, -19.38984923, 833.455523255813091 ], [ -43.63699629, -19.3921887, 833.455523255813091 ], [ -43.63529259, -19.39229504, 833.455523255813091 ], [ -43.63543784013514, -19.390258427736388, 833.455523255813091 ], [ -43.633916600450704, -19.38901136004641, 833.455523255813091 ], [ -43.633098539059937, -19.389514124086492, 833.455523255813091 ], [ -43.63368273, -19.39048536, 833.455523255813091 ], [ -43.63305622, -19.39063372, 833.455523255813091 ], [ -43.63255679, -19.39033778, 833.455523255813091 ], [ -43.631453746255673, -19.391072148500321, 833.455523255813091 ], [ -43.63258585, -19.39055212, 833.455523255813091 ], [ -43.63314471, -19.39066425, 833.455523255813091 ], [ -43.63296537, -19.39155471, 833.455523255813091 ], [ -43.6314523, -19.39402504, 833.455523255813091 ], [ -43.62945557, -19.3944727, 833.455523255813091 ], [ -43.62627983, -19.39358213, 833.455523255813091 ], [ -43.62546444, -19.39309637, 833.455523255813091 ], [ -43.62700939, -19.38949357, 833.455523255813091 ], [ -43.63008388, -19.39015899, 833.455523255813091 ], [ -43.630519475776318, -19.390737589281013, 833.455523255813091 ], [ -43.63027905, -19.39034942, 833.455523255813091 ], [ -43.63094558, -19.38896377, 833.455523255813091 ], [ -43.63142409, -19.38924651, 833.455523255813091 ], [ -43.632614729656957, -19.389192755801737, 833.455523255813091 ], [ -43.63070113, -19.38824164, 833.455523255813091 ], [ -43.631262947995126, -19.387301831683757, 833.455523255813091 ], [ -43.63043718, -19.38668853, 833.455523255813091 ], [ -43.631220733983611, -19.385051720471434, 833.455523255813091 ], [ -43.62964689, -19.38452448, 833.455523255813091 ], [ -43.6272805, -19.38431071, 833.455523255813091 ], [ -43.62536613000001, -19.38467216, 833.455523255813091 ], [ -43.6252123, -19.38418643, 833.455523255813091 ], [ -43.62731821, -19.38376964, 833.455523255813091 ], [ -43.62976105, -19.3839929, 833.455523255813091 ], [ -43.631466798786875, -19.384562577879585, 833.455523255813091 ], [ -43.631732745040956, -19.382978794273662, 833.455523255813091 ], [ -43.6310358, -19.38297355, 833.455523255813091 ], [ -43.63430214, -19.37947434, 833.455523255813091 ], [ -43.63625718, -19.37908242, 833.455523255813091 ], [ -43.637588821490496, -19.379311860123433, 833.455523255813091 ], [ -43.63608247, -19.37839573, 833.455523255813091 ], [ -43.63608283, -19.37794493, 833.455523255813091 ], [ -43.63855198, -19.379111, 833.455523255813091 ], [ -43.63934891, -19.37896784, 833.455523255813091 ], [ -43.63985466, -19.37844478, 833.455523255813091 ], [ -43.64006766, -19.37761417, 833.455523255813091 ], [ -43.63953191, -19.37675063, 833.455523255813091 ], [ -43.63901196, -19.37650126, 833.455523255813091 ], [ -43.63392517, -19.37656655, 833.455523255813091 ], [ -43.63118906, -19.37616983, 833.455523255813091 ], [ -43.63135587, -19.37579343, 833.455523255813091 ], [ -43.63201239, -19.37574539, 833.455523255813091 ], [ -43.63393797, -19.37602336, 833.455523255813091 ], [ -43.63610504, -19.37581464, 833.455523255813091 ], [ -43.63826596, -19.37598558, 833.455523255813091 ], [ -43.63644336, -19.37516926, 833.455523255813091 ], [ -43.63305252, -19.37535972, 833.455523255813091 ], [ -43.63203283, -19.37495683, 833.455523255813091 ], [ -43.63228765, -19.37464114, 833.455523255813091 ], [ -43.63418981, -19.37487065, 833.455523255813091 ], [ -43.6361449, -19.37460049, 833.455523255813091 ], [ -43.63744281, -19.37490154, 833.455523255813091 ], [ -43.63950735, -19.37612774, 833.455523255813091 ], [ -43.64006074, -19.37445319, 833.455523255813091 ], [ -43.64122696, -19.37234527, 833.455523255813091 ], [ -43.64130187, -19.37151466, 833.455523255813091 ], [ -43.63926595, -19.37353851, 833.455523255813091 ], [ -43.63775088, -19.37381517, 833.455523255813091 ], [ -43.63563647, -19.37363236, 833.455523255813091 ], [ -43.63544905, -19.37336194, 833.455523255813091 ], [ -43.63569236, -19.37310235, 833.455523255813091 ], [ -43.63773759, -19.37327267, 833.455523255813091 ], [ -43.63903744000001, -19.37304055, 833.455523255813091 ], [ -43.6409126, -19.37109145, 833.455523255813091 ], [ -43.63556051, -19.37202999, 833.455523255813091 ], [ -43.63544742, -19.37155561, 833.455523255813091 ], [ -43.63673504, -19.3711178, 833.455523255813091 ], [ -43.64006161, -19.37070495, 833.455523255813091 ], [ -43.63887422, -19.37007394, 833.455523255813091 ], [ -43.63556369, -19.36973959, 833.455523255813091 ], [ -43.63543231, -19.36932308, 833.455523255813091 ], [ -43.63902848, -19.36954661, 833.455523255813091 ], [ -43.64153819, -19.37061048, 833.455523255813091 ], [ -43.64266176, -19.36899724, 833.455523255813091 ], [ -43.64354242, -19.36829689, 833.455523255813091 ], [ -43.64435577, -19.36780614, 833.455523255813091 ], [ -43.645856511735047, -19.367477490924522, 833.455523255813091 ], [ -43.64405271, -19.36699982, 833.455523255813091 ], [ -43.6427668, -19.36718581, 833.455523255813091 ], [ -43.64035434, -19.36649053, 833.455523255813091 ] ], [ [ -43.63928318, -19.39569722, 833.455523255813091 ], [ -43.63956213, -19.3955859, 833.455523255813091 ], [ -43.63971233, -19.39601093, 833.455523255813091 ], [ -43.63945484, -19.39610201, 833.455523255813091 ], [ -43.63928318, -19.39569722, 833.455523255813091 ] ] ] } },
{ "type": "Feature", "properties": { "area_ha": 527.1, "proveniencia": "limite_municipal − cadastro − exclusoes", "veg_nativa_pct": 77.6, "silvicultura_pct": 1.2, "uso_antropico_pct": 22.4, "supressao_ha": 0.09, "regeneracao_ha": 3.24, "titularidade": "sem_registro_conhecido", "municipio": "Nova União", "codigo_ibge": "3136603", "largura_media_m": 218.0, "compacidade": 0.028, "ponto_lat": -19.549335, "ponto_lon": -43.568361, "utm_e": 650190.7, "utm_n": 7837760.1 }, "geometry": { "type": "Polygon", "coordinates": [ [ [ -43.562559731074735, -19.55410842680244, 1015.271445103857559 ], [ -43.56330156, -19.55390618, 1015.271445103857559 ], [ -43.56336594, -19.55410838, 1015.271445103857559 ], [ -43.56364489, -19.55580686, 1015.271445103857559 ], [ -43.562880116491591, -19.555932804160964, 1015.271445103857559 ], [ -43.56308702, -19.55707656, 1015.271445103857559 ], [ -43.56111273, -19.55723754, 1015.271445103857559 ], [ -43.558863911528455, -19.556960620677927, 1015.271445103857559 ], [ -43.557869193335577, -19.557205400319248, 1015.271445103857559 ], [ -43.556402465203035, -19.558860015688413, 1015.271445103857559 ], [ -43.558272308948411, -19.558667741025069, 1015.271445103857559 ], [ -43.55994131, -19.55798504, 1015.271445103857559 ], [ -43.56221363, -19.55753117, 1015.271445103857559 ], [ -43.56314119, -19.55705963, 1015.271445103857559 ], [ -43.56403306, -19.55628295, 1015.271445103857559 ], [ -43.564341107145296, -19.558609704193696, 1015.271445103857559 ], [ -43.56468685, -19.55675374, 1015.271445103857559 ], [ -43.56531657, -19.55589451, 1015.271445103857559 ], [ -43.56658989, -19.55546675, 1015.271445103857559 ], [ -43.56768539, -19.55441031, 1015.271445103857559 ], [ -43.56841346, -19.554144, 1015.271445103857559 ], [ -43.57028972, -19.55474032, 1015.271445103857559 ], [ -43.57162614, -19.55557067, 1015.271445103857559 ], [ -43.5722815, -19.55478988, 1015.271445103857559 ], [ -43.57290899, -19.5523429, 1015.271445103857559 ], [ -43.57348875, -19.55233047, 1015.271445103857559 ], [ -43.57281078, -19.5549962, 1015.271445103857559 ], [ -43.57188923, -19.5560544, 1015.271445103857559 ], [ -43.5711269, -19.55607429, 1015.271445103857559 ], [ -43.57011989, -19.55526469, 1015.271445103857559 ], [ -43.56843091, -19.55468734, 1015.271445103857559 ], [ -43.56691471, -19.55591476, 1015.271445103857559 ], [ -43.56566183, -19.55632817, 1015.271445103857559 ], [ -43.56523147, -19.55692259, 1015.271445103857559 ], [ -43.56489574, -19.55875218, 1015.271445103857559 ], [ -43.564428729670041, -19.55938145039924, 1015.271445103857559 ], [ -43.564538670206353, -19.560538359831039, 1015.271445103857559 ], [ -43.56559191, -19.56010298, 1015.271445103857559 ], [ -43.56779877, -19.56008104, 1015.271445103857559 ], [ -43.56968401, -19.55932902, 1015.271445103857559 ], [ -43.57001535, -19.55949725, 1015.271445103857559 ], [ -43.56990994, -19.55983101, 1015.271445103857559 ], [ -43.56794923, -19.5606041, 1015.271445103857559 ], [ -43.56567838, -19.5606405, 1015.271445103857559 ], [ -43.56353027, -19.56141909, 1015.271445103857559 ], [ -43.56127452, -19.56086938, 1015.271445103857559 ], [ -43.560227451987927, -19.561323892062518, 1015.271445103857559 ], [ -43.55957531, -19.56277931, 1015.271445103857559 ], [ -43.558233123385797, -19.562817044049694, 1015.271445103857559 ], [ -43.55838776, -19.56316674, 1015.271445103857559 ], [ -43.557772235589908, -19.563269097001328, 1015.271445103857559 ], [ -43.557752581480877, -19.564040891758257, 1015.271445103857559 ], [ -43.55806321, -19.5645391, 1015.271445103857559 ], [ -43.560508984517647, -19.566331092957242, 1041.72 ], [ -43.559469816490413, -19.567987299009165, 1003.26 ], [ -43.560027907019091, -19.569445203605657, 990.666232585060357 ], [ -43.56068439, -19.56900477, 1015.271445103857559 ], [ -43.55973448, -19.56788334, 1015.271445103857559 ], [ -43.5598928, -19.56772502, 1015.271445103857559 ], [ -43.56030179, -19.56813401, 1015.271445103857559 ], [ -43.56110657, -19.56748754, 1015.271445103857559 ], [ -43.56039414, -19.56657721, 1015.271445103857559 ], [ -43.56053926, -19.56631334, 1015.271445103857559 ], [ -43.5597754, -19.565618, 1015.271445103857559 ], [ -43.56334432, -19.56355673, 1015.271445103857559 ], [ -43.563544872755912, -19.564355800145297, 1015.271445103857559 ], [ -43.56437445, -19.56383397, 1015.271445103857559 ], [ -43.56503963, -19.56551213, 1015.271445103857559 ], [ -43.562536161634995, -19.567375974526627, 1015.271445103857559 ], [ -43.56350076, -19.56823341, 1015.271445103857559 ], [ -43.56307087, -19.5706434, 1015.271445103857559 ], [ -43.56370894, -19.5714752, 1015.271445103857559 ], [ -43.563523735611618, -19.571774679142951, 1015.271445103857559 ], [ -43.565346160471698, -19.572150788997178, 1015.271445103857559 ], [ -43.56658459, -19.56721049, 1015.271445103857559 ], [ -43.56812954, -19.56528972, 1015.271445103857559 ], [ -43.57149839, -19.56288368, 1015.271445103857559 ], [ -43.57143402, -19.5653706, 1015.271445103857559 ], [ -43.57100685509436, -19.56648022581383, 1015.271445103857559 ], [ -43.57197046, -19.56464272, 1015.271445103857559 ], [ -43.57263565, -19.56585584, 1015.271445103857559 ], [ -43.57270002, -19.56799901, 1015.271445103857559 ], [ -43.57222795, -19.57048585, 1015.271445103857559 ], [ -43.57091904, -19.57202241, 1015.271445103857559 ], [ -43.569417, -19.57285134, 1015.271445103857559 ], [ -43.56804371, -19.57299287, 1015.271445103857559 ], [ -43.56763601, -19.57264917, 1015.271445103857559 ], [ -43.567717218107411, -19.572198578972031, 1015.271445103857559 ], [ -43.56748664, -19.57302138, 1015.271445103857559 ], [ -43.56788712, -19.57338372, 1015.271445103857559 ], [ -43.56843281, -19.57523925, 1015.271445103857559 ], [ -43.570714369097473, -19.574630567699195, 1015.271445103857559 ], [ -43.57199218, -19.5739506, 1015.271445103857559 ], [ -43.573576704505058, -19.570816920297375, 1015.271445103857559 ], [ -43.57387402, -19.56778283, 1015.271445103857559 ], [ -43.57368738, -19.56567342, 1015.271445103857559 ], [ -43.574343689666293, -19.564243169254944, 1015.271445103857559 ], [ -43.57285685, -19.56559653, 1015.271445103857559 ], [ -43.57204954, -19.56447869, 1015.271445103857559 ], [ -43.57245482, -19.56419858, 1015.271445103857559 ], [ -43.57304971, -19.56460646, 1015.271445103857559 ], [ -43.57344463, -19.56419551, 1015.271445103857559 ], [ -43.57191114, -19.56337652, 1015.271445103857559 ], [ -43.57235495, -19.56239775, 1015.271445103857559 ], [ -43.574381173701696, -19.563504690618949, 1015.271445103857559 ], [ -43.57392554, -19.562217690000015, 1015.271445103857559 ], [ -43.5741135, -19.56097706, 1015.271445103857559 ], [ -43.57371954, -19.55907482, 1015.271445103857559 ], [ -43.57326365, -19.55843826, 1015.271445103857559 ], [ -43.57342979, -19.55814326, 1015.271445103857559 ], [ -43.57377168, -19.55818339, 1015.271445103857559 ], [ -43.57424907, -19.55886582, 1015.271445103857559 ], [ -43.57468626, -19.56094259, 1015.271445103857559 ], [ -43.57449301, -19.56214255, 1015.271445103857559 ], [ -43.57498889, -19.56374956, 1015.271445103857559 ], [ -43.57485101, -19.56471328, 1015.271445103857559 ], [ -43.574273388250759, -19.565679453996388, 1015.271445103857559 ], [ -43.57507785, -19.56536614, 1015.271445103857559 ], [ -43.57577694, -19.5655626, 1015.271445103857559 ], [ -43.57691754, -19.56507723, 1015.271445103857559 ], [ -43.577176857581001, -19.565793122006777, 1015.271445103857559 ], [ -43.57743535, -19.56225433, 1015.271445103857559 ], [ -43.57630247, -19.56044076, 1015.271445103857559 ], [ -43.57597626, -19.55788372, 1015.271445103857559 ], [ -43.57532071, -19.55727951, 1015.271445103857559 ], [ -43.5742454, -19.55763481, 1015.271445103857559 ], [ -43.57452851, -19.55633214, 1015.271445103857559 ], [ -43.57560774, -19.55509441, 1015.271445103857559 ], [ -43.57365154, -19.5523903, 1015.271445103857559 ], [ -43.57627142, -19.5487671, 1015.271445103857559 ], [ -43.576969080744632, -19.546489200660393, 1015.271445103857559 ], [ -43.575667122600002, -19.5456882354, 1015.271445103857559 ], [ -43.577335925091184, -19.535095892164534, 1015.271445103857559 ], [ -43.57511912, -19.52948995, 1015.271445103857559 ], [ -43.57252484, -19.53044847, 1015.271445103857559 ], [ -43.57177497, -19.53161881, 1015.271445103857559 ], [ -43.5713174, -19.53148893, 1015.271445103857559 ], [ -43.57163631, -19.53050516, 1015.271445103857559 ], [ -43.57218602, -19.53001126, 1015.271445103857559 ], [ -43.57497902, -19.52890477, 1015.271445103857559 ], [ -43.57437073, -19.5268955, 1015.271445103857559 ], [ -43.571593839431308, -19.525975767675085, 1015.271445103857559 ], [ -43.57099167, -19.5273619, 1015.271445103857559 ], [ -43.57033361, -19.52793729, 1015.271445103857559 ], [ -43.56884665, -19.52846999, 1015.271445103857559 ], [ -43.56828937, -19.52813013, 1015.271445103857559 ], [ -43.56785419, -19.52841467, 1015.271445103857559 ], [ -43.56706137, -19.52802793, 1015.271445103857559 ], [ -43.56811539, -19.5274204, 1015.271445103857559 ], [ -43.56830488, -19.52697031, 1015.271445103857559 ], [ -43.56864302, -19.52693682, 1015.271445103857559 ], [ -43.569438254464245, -19.525797632670503, 1015.271445103857559 ], [ -43.56869436, -19.52675684, 1015.271445103857559 ], [ -43.56825961, -19.52685737, 1015.271445103857559 ], [ -43.56802654, -19.52742913, 1015.271445103857559 ], [ -43.56684678, -19.52797174, 1015.271445103857559 ], [ -43.56504329, -19.52708291, 1015.271445103857559 ], [ -43.56528987, -19.52587862, 1015.271445103857559 ], [ -43.565962912529891, -19.526028380957786, 1015.271445103857559 ], [ -43.566779049167202, -19.525063452345531, 1015.271445103857559 ], [ -43.56416189, -19.52434766, 1015.271445103857559 ], [ -43.56299131, -19.52342148, 1015.271445103857559 ], [ -43.562315088970053, -19.525674203955095, 1015.271445103857559 ], [ -43.562374653206419, -19.526063491845626, 1015.271445103857559 ], [ -43.56302261, -19.52618198, 1015.271445103857559 ], [ -43.56291533, -19.5266269, 1015.271445103857559 ], [ -43.56210071, -19.5274258, 1015.271445103857559 ], [ -43.56154652, -19.52752936, 1015.271445103857559 ], [ -43.56179519, -19.5279824, 1015.271445103857559 ], [ -43.56276578, -19.528439689999988, 1015.271445103857559 ], [ -43.563147010483021, -19.529635468680809, 1015.271445103857559 ], [ -43.56467281, -19.52935056, 1015.271445103857559 ], [ -43.56482395, -19.52818089, 1015.271445103857559 ], [ -43.56868554, -19.52902761, 1015.271445103857559 ], [ -43.56953282, -19.52966669, 1015.271445103857559 ], [ -43.56787358, -19.53107655, 1015.271445103857559 ], [ -43.567887539279859, -19.533023611189417, 1015.271445103857559 ], [ -43.56847286, -19.53295675, 1015.271445103857559 ], [ -43.56806517, -19.53566658, 1015.271445103857559 ], [ -43.56652021, -19.53503968, 1015.271445103857559 ], [ -43.56540442, -19.53501946, 1015.271445103857559 ], [ -43.565263368088658, -19.534010520838919, 1015.271445103857559 ], [ -43.56525421, -19.53499924, 1015.271445103857559 ], [ -43.563763166636257, -19.535269244651907, 1015.271445103857559 ], [ -43.56605887, -19.53538347, 1015.271445103857559 ], [ -43.56869078, -19.53613229, 1015.271445103857559 ], [ -43.56959127, -19.53594644, 1015.271445103857559 ], [ -43.569654868194483, -19.53644857490638, 1015.271445103857559 ], [ -43.57220031, -19.53758007, 1015.271445103857559 ], [ -43.572022790285338, -19.538067020506002, 1015.271445103857559 ], [ -43.5744381, -19.53934702, 1015.271445103857559 ], [ -43.57477575, -19.54309341, 1015.271445103857559 ], [ -43.5663271, -19.54035812, 1015.271445103857559 ], [ -43.563633376165278, -19.539755796494912, 1015.271445103857559 ], [ -43.56271387704944, -19.539860207592096, 1015.271445103857559 ], [ -43.56330156, -19.54029745, 1015.271445103857559 ], [ -43.56343031, -19.54215785, 1015.271445103857559 ], [ -43.563083282179107, -19.542329252957604, 1015.271445103857559 ], [ -43.56598112, -19.54271837, 1015.271445103857559 ], [ -43.56737806, -19.54216676, 1015.271445103857559 ], [ -43.56911487, -19.54205795, 1015.271445103857559 ], [ -43.57044529, -19.54220347, 1015.271445103857559 ], [ -43.57062404, -19.54258869, 1015.271445103857559 ], [ -43.56759481, -19.54267665, 1015.271445103857559 ], [ -43.56598207, -19.54326348, 1015.271445103857559 ], [ -43.56319615, -19.54286933, 1015.271445103857559 ], [ -43.56194871, -19.54309591, 1015.271445103857559 ], [ -43.56111481, -19.542744949999989, 1015.271445103857559 ], [ -43.56055669, -19.54311043, 1015.271445103857559 ], [ -43.55961725, -19.5429684, 1015.271445103857559 ], [ -43.55830594, -19.54337557, 1015.271445103857559 ], [ -43.55831692, -19.54355782, 1015.271445103857559 ], [ -43.56027292, -19.54343027, 1015.271445103857559 ], [ -43.56315136, -19.54369469, 1015.271445103857559 ], [ -43.5648036, -19.54448332, 1015.271445103857559 ], [ -43.56761456, -19.54529217, 1015.271445103857559 ], [ -43.56707811, -19.54747605, 1015.271445103857559 ], [ -43.56461048, -19.5461819, 1015.271445103857559 ], [ -43.56388092, -19.54547416, 1015.271445103857559 ], [ -43.56220722, -19.54482708, 1015.271445103857559 ], [ -43.559105391604483, -19.545352326908727, 1015.271445103857559 ], [ -43.5618434, -19.54656641, 1015.271445103857559 ], [ -43.56418528, -19.54656896, 1015.271445103857559 ], [ -43.56604, -19.5474476, 1015.271445103857559 ], [ -43.56611874, -19.54776254, 1015.271445103857559 ], [ -43.56583975, -19.54793741, 1015.271445103857559 ], [ -43.56365945, -19.54695292, 1015.271445103857559 ], [ -43.56143146, -19.54701789, 1015.271445103857559 ], [ -43.56034143, -19.5463414, 1015.271445103857559 ], [ -43.55827335, -19.54567334, 1015.271445103857559 ], [ -43.557972, -19.54657288, 1015.271445103857559 ], [ -43.5588321, -19.547061, 1015.271445103857559 ], [ -43.55946822, -19.54853923, 1015.271445103857559 ], [ -43.56004505, -19.549038, 1015.271445103857559 ], [ -43.56280681, -19.54952575, 1015.271445103857559 ], [ -43.56396086, -19.55041697, 1015.271445103857559 ], [ -43.56560358, -19.54953045, 1015.271445103857559 ], [ -43.56776467, -19.54988638, 1015.271445103857559 ], [ -43.57099563, -19.54952125, 1015.271445103857559 ], [ -43.57309642, -19.54971376, 1015.271445103857559 ], [ -43.57286712, -19.55009028, 1015.271445103857559 ], [ -43.56777563, -19.550429, 1015.271445103857559 ], [ -43.56567195, -19.55007051, 1015.271445103857559 ], [ -43.56454658, -19.55080767, 1015.271445103857559 ], [ -43.56375969, -19.55094175, 1015.271445103857559 ], [ -43.56260889, -19.55003583, 1015.271445103857559 ], [ -43.55974404, -19.54950033, 1015.271445103857559 ], [ -43.55897245, -19.5488138, 1015.271445103857559 ], [ -43.55837229, -19.54738507, 1015.271445103857559 ], [ -43.55774813, -19.54710314, 1015.271445103857559 ], [ -43.55761239, -19.54837156, 1015.271445103857559 ], [ -43.55668758, -19.54895521, 1015.271445103857559 ], [ -43.55631554, -19.55042468, 1015.271445103857559 ], [ -43.55572895, -19.55093702, 1015.271445103857559 ], [ -43.55450182, -19.55108419, 1015.271445103857559 ], [ -43.554806818361456, -19.552084643966101, 1015.271445103857559 ], [ -43.555742193269502, -19.552465807050954, 1015.271445103857559 ], [ -43.55617437, -19.55136495, 1015.271445103857559 ], [ -43.55657744, -19.55195853, 1015.271445103857559 ], [ -43.55719766, -19.55219475, 1015.271445103857559 ], [ -43.56214478, -19.55135403, 1015.271445103857559 ], [ -43.562559731074735, -19.55410842680244, 1015.271445103857559 ] ], [ [ -43.56555462, -19.56626022, 1015.271445103857559 ], [ -43.56624126, -19.5665635, 1015.271445103857559 ], [ -43.56639147, -19.56698808, 1015.271445103857559 ], [ -43.56589794, -19.56977821, 1015.271445103857559 ], [ -43.56454611, -19.56957603, 1015.271445103857559 ], [ -43.56349468, -19.56996018, 1015.271445103857559 ], [ -43.56463194, -19.56723071, 1015.271445103857559 ], [ -43.56555462, -19.56626022, 1015.271445103857559 ] ] ] } },
{ "type": "Feature", "properties": { "area_ha": 694.5, "proveniencia": "limite_municipal − cadastro − exclusoes", "veg_nativa_pct": 17.3, "silvicultura_pct": 48.0, "uso_antropico_pct": 82.3, "supressao_ha": 3.42, "regeneracao_ha": 8.64, "titularidade": "sem_registro_conhecido", "municipio": "Papagaios", "codigo_ibge": "3146909", "largura_media_m": 558.0, "compacidade": 0.141, "ponto_lat": -19.387577, "ponto_lon": -44.79167, "utm_e": 521875.5, "utm_n": 7856273.9 }, "geometry": { "type": "Polygon", "coordinates": [ [ [ -44.78837943, -19.40542303, 735.956147121535082 ], [ -44.79323895, -19.39830025, 735.956147121535082 ], [ -44.79620821, -19.3957629, 735.956147121535082 ], [ -44.797176820266785, -19.396786862400969, 735.956147121535082 ], [ -44.793863231300001, -19.371104756200001, 735.956147121535082 ], [ -44.787385711512279, -19.365668350741583, 721.658712851741029 ], [ -44.78646889, -19.36625667, 717.65 ], [ -44.7868824, -19.36684268, 735.956147121535082 ], [ -44.7811532, -19.37074963, 735.956147121535082 ], [ -44.78127686, -19.36925994, 735.956147121535082 ], [ -44.78237037299477, -19.366007925518634, 735.956147121535082 ], [ -44.78184095, -19.36705959, 735.956147121535082 ], [ -44.78103983, -19.37005173, 735.956147121535082 ], [ -44.78104406, -19.37064634, 735.956147121535082 ], [ -44.77754831, -19.37269295, 735.956147121535082 ], [ -44.77525194, -19.38235111, 748.64 ], [ -44.774751846331469, -19.382410549516333, 732.631978714870002 ], [ -44.77537087, -19.38246907, 735.956147121535082 ], [ -44.77452518580688, -19.387698397584302, 735.956147121535082 ], [ -44.778522905777351, -19.388047372115771, 735.956147121535082 ], [ -44.77916818, -19.38579733, 735.956147121535082 ], [ -44.779183146246979, -19.387956290183613, 735.956147121535082 ], [ -44.78120429, -19.38714887, 735.956147121535082 ], [ -44.782001503864173, -19.386536410654458, 735.956147121535082 ], [ -44.78153583000001, -19.38336253, 735.956147121535082 ], [ -44.78317735, -19.38323096, 735.956147121535082 ], [ -44.783416839384977, -19.385520877486158, 735.956147121535082 ], [ -44.78503741, -19.38512064, 735.956147121535082 ], [ -44.78741036, -19.38506587, 735.956147121535082 ], [ -44.78866078, -19.3842574, 735.956147121535082 ], [ -44.78981215, -19.38165572, 735.956147121535082 ], [ -44.79018764, -19.38154904, 735.956147121535082 ], [ -44.79024105, -19.3825154, 735.956147121535082 ], [ -44.78884137, -19.38485124, 735.956147121535082 ], [ -44.78753757, -19.38560368, 735.956147121535082 ], [ -44.78452784000001, -19.38575973, 735.956147121535082 ], [ -44.7870668, -19.38729456, 735.956147121535082 ], [ -44.787826870000011, -19.38835618, 735.956147121535082 ], [ -44.78883981, -19.38819533, 735.956147121535082 ], [ -44.78948495, -19.38916725, 735.956147121535082 ], [ -44.7894693, -19.38967912, 735.956147121535082 ], [ -44.79214913, -19.39135245, 735.956147121535082 ], [ -44.7928001, -19.39252376, 735.956147121535082 ], [ -44.79269664, -19.39526741, 735.956147121535082 ], [ -44.79244595, -19.39558483, 735.956147121535082 ], [ -44.79208094, -19.39538848, 735.956147121535082 ], [ -44.79223302, -19.39259292, 735.956147121535082 ], [ -44.79171193, -19.39170366, 735.956147121535082 ], [ -44.78909336, -19.39009328, 735.956147121535082 ], [ -44.7874198, -19.38977212, 735.956147121535082 ], [ -44.78715805, -19.38928273, 735.956147121535082 ], [ -44.78738475, -19.38870851, 735.956147121535082 ], [ -44.78689694, -19.38790421, 735.956147121535082 ], [ -44.78397506, -19.38607445, 735.956147121535082 ], [ -44.78353622, -19.38605643, 735.956147121535082 ], [ -44.78152529, -19.3875984, 735.956147121535082 ], [ -44.78012371, -19.38819764, 735.956147121535082 ], [ -44.78234033, -19.38891958, 735.956147121535082 ], [ -44.78318665, -19.38952729, 735.956147121535082 ], [ -44.78353757, -19.3903205, 735.956147121535082 ], [ -44.78367759, -19.39307493, 735.956147121535082 ], [ -44.78331886, -19.3930207, 735.956147121535082 ], [ -44.78312078, -19.3924969, 735.956147121535082 ], [ -44.78273236, -19.38986246, 735.956147121535082 ], [ -44.78169566, -19.38924784, 735.956147121535082 ], [ -44.779287721507956, -19.388492964842936, 735.956147121535082 ], [ -44.7798703, -19.39179858, 735.956147121535082 ], [ -44.7780913, -19.40067983, 735.956147121535082 ], [ -44.774194572759306, -19.398485656883761, 735.956147121535082 ], [ -44.77752686, -19.40066603, 735.956147121535082 ], [ -44.77720499, -19.40362094, 735.956147121535082 ], [ -44.775349543946582, -19.405327654900322, 735.956147121535082 ], [ -44.77738861, -19.40374788, 735.956147121535082 ], [ -44.78282389, -19.40606361, 735.956147121535082 ], [ -44.78243289033793, -19.406649578473271, 735.956147121535082 ], [ -44.78300294, -19.40603691, 735.956147121535082 ], [ -44.790100587359674, -19.408899157777547, 735.956147121535082 ], [ -44.79116215, -19.4089493, 735.956147121535082 ], [ -44.792600160772572, -19.409474304712887, 735.956147121535082 ], [ -44.793041149405227, -19.409224399333336, 735.956147121535082 ], [ -44.79229662, -19.40878831, 735.956147121535082 ], [ -44.789914, -19.40859986, 735.956147121535082 ], [ -44.78638718, -19.40714605, 735.956147121535082 ], [ -44.78837943, -19.40542303, 735.956147121535082 ] ] ] } },
{ "type": "Feature", "properties": { "area_ha": 946.1, "proveniencia": "limite_municipal − cadastro − exclusoes", "veg_nativa_pct": 61.7, "silvicultura_pct": 0.1, "uso_antropico_pct": 34.8, "supressao_ha": 34.65, "regeneracao_ha": 12.6, "titularidade": "sem_registro_conhecido", "municipio": "Pompéu", "codigo_ibge": "3152006", "largura_media_m": 341.0, "compacidade": 0.039, "ponto_lat": -19.076387, "ponto_lon": -44.958282, "utm_e": 504388.8, "utm_n": 7890719.9 }, "geometry": { "type": "Polygon", "coordinates": [ [ [ -44.93140156, -19.04402045, 735.56383482205058 ], [ -44.93120405, -19.04451011, 735.56383482205058 ], [ -44.92806516, -19.044436, 735.56383482205058 ], [ -44.93028658, -19.04768804, 735.56383482205058 ], [ -44.93201597, -19.04881087, 735.56383482205058 ], [ -44.93183798, -19.04927009, 735.56383482205058 ], [ -44.92985321, -19.04804143, 735.56383482205058 ], [ -44.92721128, -19.04412113, 735.56383482205058 ], [ -44.92473304, -19.04412665, 735.56383482205058 ], [ -44.92626704, -19.04643257, 735.56383482205058 ], [ -44.92618159, -19.04817221, 735.56383482205058 ], [ -44.92682934, -19.04966486, 735.56383482205058 ], [ -44.92674351, -19.05092237, 735.56383482205058 ], [ -44.92775027, -19.05148901, 735.56383482205058 ], [ -44.93141037042718, -19.054937128638752, 735.56383482205058 ], [ -44.93327438, -19.05336673, 735.56383482205058 ], [ -44.93371782, -19.05329795, 735.56383482205058 ], [ -44.93376851, -19.05371037, 735.56383482205058 ], [ -44.93206926, -19.05515362, 735.56383482205058 ], [ -44.93389529, -19.05545065, 735.56383482205058 ], [ -44.93471844, -19.05530682, 735.56383482205058 ], [ -44.93498488, -19.05554559, 735.56383482205058 ], [ -44.93480168, -19.055847329999988, 735.56383482205058 ], [ -44.93388873, -19.05599348, 735.56383482205058 ], [ -44.93160691, -19.05549383, 735.56383482205058 ], [ -44.92915326, -19.05667011, 735.56383482205058 ], [ -44.92766619, -19.05700698, 735.56383482205058 ], [ -44.92845472, -19.05896362, 735.56383482205058 ], [ -44.92839371, -19.06121488, 735.56383482205058 ], [ -44.92885656, -19.06133086, 735.56383482205058 ], [ -44.929126223892332, -19.065416580713205, 735.56383482205058 ], [ -44.93010612, -19.06366819, 735.56383482205058 ], [ -44.93254989, -19.0688113, 735.56383482205058 ], [ -44.93427317, -19.06956327, 735.56383482205058 ], [ -44.93569605, -19.07175149, 735.56383482205058 ], [ -44.93595134, -19.07162651, 735.56383482205058 ], [ -44.93506014, -19.07511841, 735.56383482205058 ], [ -44.932876134394618, -19.077168580473327, 735.56383482205058 ], [ -44.9348464, -19.07578678, 735.56383482205058 ], [ -44.93514226, -19.07516568, 735.56383482205058 ], [ -44.93611549, -19.07209028, 735.56383482205058 ], [ -44.93583254, -19.06821503, 735.56383482205058 ], [ -44.9361981, -19.06687135, 735.56383482205058 ], [ -44.9371368, -19.06584926, 735.56383482205058 ], [ -44.94149736, -19.06528226, 735.56383482205058 ], [ -44.94304114, -19.06428521, 735.56383482205058 ], [ -44.94318274, -19.06473491, 735.56383482205058 ], [ -44.94171302, -19.065785749999989, 735.56383482205058 ], [ -44.938751142408087, -19.0660491057344, 735.56383482205058 ], [ -44.939554073691859, -19.06647061235514, 715.188775654613892 ], [ -44.93961599663379, -19.066023084893509, 714.95 ], [ -44.939731537067381, -19.066571847624214, 714.219793708320367 ], [ -44.94134264, -19.06749569, 735.56383482205058 ], [ -44.941659074880562, -19.06912177005038, 735.56383482205058 ], [ -44.94133843, -19.06747129, 735.56383482205058 ], [ -44.95240485, -19.06844506, 735.56383482205058 ], [ -44.95345733, -19.06952589, 735.56383482205058 ], [ -44.95463861, -19.07543643, 735.56383482205058 ], [ -44.95460929, -19.07706571, 735.56383482205058 ], [ -44.95280397, -19.0774175, 735.56383482205058 ], [ -44.95060016, -19.07706699, 735.56383482205058 ], [ -44.95217514, -19.07746949, 735.56383482205058 ], [ -44.95274721, -19.07747423, 735.56383482205058 ], [ -44.95451686, -19.0772311, 735.56383482205058 ], [ -44.95427613, -19.08195302, 735.56383482205058 ], [ -44.95288398, -19.08182517, 735.56383482205058 ], [ -44.952999106883809, -19.081393628936084, 735.56383482205058 ], [ -44.94880889, -19.08173061, 735.56383482205058 ], [ -44.948501696033993, -19.082552328509951, 735.56383482205058 ], [ -44.94875603, -19.08285054, 735.56383482205058 ], [ -44.94836151, -19.08371292, 735.56383482205058 ], [ -44.95006344, -19.08421426, 735.56383482205058 ], [ -44.95029755, -19.08378816, 735.56383482205058 ], [ -44.95075776, -19.08385706, 735.56383482205058 ], [ -44.95221401, -19.0831823, 735.56383482205058 ], [ -44.95442185, -19.08289246, 735.56383482205058 ], [ -44.95441028, -19.08311239, 735.56383482205058 ], [ -44.95434345, -19.08332508, 735.56383482205058 ], [ -44.9516994, -19.0839504, 735.56383482205058 ], [ -44.95187091, -19.08512459, 735.56383482205058 ], [ -44.95282082, -19.08567871, 735.56383482205058 ], [ -44.95210839, -19.08639114, 735.56383482205058 ], [ -44.95136957, -19.08652308, 735.56383482205058 ], [ -44.95129041, -19.08612728, 735.56383482205058 ], [ -44.95028772, -19.08607451, 735.56383482205058 ], [ -44.94999747, -19.08676056, 735.56383482205058 ], [ -44.94941697, -19.08654946, 735.56383482205058 ], [ -44.94925865, -19.0882382, 735.56383482205058 ], [ -44.94960167, -19.08831736, 735.56383482205058 ], [ -44.94911328, -19.09041709, 735.56383482205058 ], [ -44.94756262715353, -19.090323412392713, 735.56383482205058 ], [ -44.94899688000001, -19.09042128, 735.56383482205058 ], [ -44.94922822, -19.09156062, 735.56383482205058 ], [ -44.94996582, -19.0913984, 735.56383482205058 ], [ -44.95014553, -19.08976352, 735.56383482205058 ], [ -44.95345001, -19.09014626, 735.56383482205058 ], [ -44.95364984, -19.09042888, 735.56383482205058 ], [ -44.95292698, -19.09788453, 735.56383482205058 ], [ -44.95279421, -19.09804547, 735.56383482205058 ], [ -44.95165562, -19.09793268, 735.56383482205058 ], [ -44.95101189, -19.09805181, 735.56383482205058 ], [ -44.950343627348822, -19.098616483475681, 747.725350421266171 ], [ -44.949115003029426, -19.100206859257007, 735.56383482205058 ], [ -44.95104024, -19.09815593, 735.56383482205058 ], [ -44.95157669, -19.09797344, 735.56383482205058 ], [ -44.95290706, -19.0981762, 735.56383482205058 ], [ -44.95234916, -19.10421853, 735.56383482205058 ], [ -44.95303581, -19.10628665, 735.56383482205058 ], [ -44.952357704772417, -19.106580766302898, 749.2425 ], [ -44.95294601, -19.10642736, 735.56383482205058 ], [ -44.955134482890344, -19.112705565658111, 735.56383482205058 ], [ -44.955464636360951, -19.112849328170658, 735.56383482205058 ], [ -44.95322089, -19.10636477, 735.56383482205058 ], [ -44.95346457842502, -19.106291118355145, 735.56383482205058 ], [ -44.95316304, -19.10636711, 735.56383482205058 ], [ -44.95270669, -19.1050485, 735.56383482205058 ], [ -44.95266843000001, -19.10238127, 735.56383482205058 ], [ -44.962601458969239, -19.103044240297926, 735.56383482205058 ], [ -44.962629662486115, -19.102672289491441, 735.56383482205058 ], [ -44.96259055, -19.10300227, 735.56383482205058 ], [ -44.95270314, -19.10234059, 735.56383482205058 ], [ -44.9530077, -19.09898472, 735.56383482205058 ], [ -44.960917839143214, -19.096843663881046, 735.56383482205058 ], [ -44.95304191, -19.09860433, 735.56383482205058 ], [ -44.9543992, -19.08393389, 735.56383482205058 ], [ -44.96095504, -19.08458561, 735.56383482205058 ], [ -44.960309387737119, -19.089560145827576, 735.56383482205058 ], [ -44.96113055, -19.08456907, 735.56383482205058 ], [ -44.967271486002801, -19.083444067119505, 735.56383482205058 ], [ -44.9611479, -19.08451998, 735.56383482205058 ], [ -44.96356193, -19.08081271, 735.56383482205058 ], [ -44.963844380915994, -19.079543907673294, 735.56383482205058 ], [ -44.959313929201606, -19.080126996976887, 735.56383482205058 ], [ -44.95838284, -19.08432414, 735.56383482205058 ], [ -44.95443463, -19.08391857, 735.56383482205058 ], [ -44.95471895, -19.07778425, 735.56383482205058 ], [ -44.95984465, -19.07800985, 735.56383482205058 ], [ -44.959452611543753, -19.079573771944087, 735.56383482205058 ], [ -44.963972085655286, -19.07897023657997, 735.56383482205058 ], [ -44.96414888, -19.07817604, 735.56383482205058 ], [ -44.9647148, -19.07833885, 735.56383482205058 ], [ -44.96092379, -19.07724514, 735.56383482205058 ], [ -44.96703655, -19.07202524, 735.56383482205058 ], [ -44.96832594045491, -19.071391153487195, 735.56383482205058 ], [ -44.96599743, -19.07226281, 735.56383482205058 ], [ -44.96213179, -19.07218566, 735.56383482205058 ], [ -44.96144184, -19.07346079, 735.56383482205058 ], [ -44.960006, -19.07368994, 735.56383482205058 ], [ -44.95781942, -19.07250899, 735.56383482205058 ], [ -44.95695482, -19.07131729, 735.56383482205058 ], [ -44.95739546, -19.07113739, 735.56383482205058 ], [ -44.9581909, -19.07209437, 735.56383482205058 ], [ -44.9597093, -19.07310206, 735.56383482205058 ], [ -44.96069247, -19.07314817, 735.56383482205058 ], [ -44.96114403, -19.07298809, 735.56383482205058 ], [ -44.96194219, -19.07166876, 735.56383482205058 ], [ -44.96592448, -19.07172288, 735.56383482205058 ], [ -44.96815297, -19.0708697, 735.56383482205058 ], [ -44.96834901, -19.07035386, 735.56383482205058 ], [ -44.96786195, -19.06943168, 735.56383482205058 ], [ -44.96778702, -19.06846518, 735.56383482205058 ], [ -44.96662609, -19.06798648, 735.56383482205058 ], [ -44.9653232, -19.06819261, 735.56383482205058 ], [ -44.96510287, -19.06790625, 735.56383482205058 ], [ -44.96529024, -19.06764197, 735.56383482205058 ], [ -44.96651432, -19.06743908, 735.56383482205058 ], [ -44.96793125, -19.06793876, 735.56383482205058 ], [ -44.96833203, -19.06715827, 735.56383482205058 ], [ -44.96789045, -19.0663059, 735.56383482205058 ], [ -44.96804891, -19.06540931, 735.56383482205058 ], [ -44.96739515, -19.06434465, 735.56383482205058 ], [ -44.96629064, -19.06399383, 735.56383482205058 ], [ -44.96585189000001, -19.06335834, 735.56383482205058 ], [ -44.9653174, -19.06366351, 735.56383482205058 ], [ -44.9642117, -19.06349518, 735.56383482205058 ], [ -44.96286579, -19.06369485, 735.56383482205058 ], [ -44.96154082, -19.06443983, 735.56383482205058 ], [ -44.9586339, -19.06489989, 735.56383482205058 ], [ -44.958248, -19.06468217, 735.56383482205058 ], [ -44.95842357, -19.06434976, 735.56383482205058 ], [ -44.96170103, -19.063854049999989, 735.56383482205058 ], [ -44.96268806, -19.06317859, 735.56383482205058 ], [ -44.96416293, -19.062954369999989, 735.56383482205058 ], [ -44.96524634, -19.06311979, 735.56383482205058 ], [ -44.96606729, -19.06283881, 735.56383482205058 ], [ -44.96661263, -19.06354377, 735.56383482205058 ], [ -44.96714681, -19.06374893, 735.56383482205058 ], [ -44.96639798, -19.0623806, 735.56383482205058 ], [ -44.9661083, -19.06100802, 735.56383482205058 ], [ -44.96524877, -19.06028977, 735.56383482205058 ], [ -44.96158444, -19.0554575, 764.22 ], [ -44.95843722, -19.05189222, 770.54 ], [ -44.961196341269755, -19.046649040713074, 762.79709310147507 ], [ -44.95793207, -19.05246593, 735.56383482205058 ], [ -44.95643423, -19.05642898, 735.56383482205058 ], [ -44.94513077, -19.05405307, 735.56383482205058 ], [ -44.94655414, -19.04979967, 735.56383482205058 ], [ -44.948343259118438, -19.048655397297587, 751.65138645854006 ], [ -44.94659459, -19.04975508, 735.56383482205058 ], [ -44.94765904, -19.04616341, 735.56383482205058 ], [ -44.945422780825133, -19.04675644853123, 735.56383482205058 ], [ -44.94454634, -19.04854276, 735.56383482205058 ], [ -44.94184419, -19.050304879999988, 735.56383482205058 ], [ -44.94159275, -19.05005145, 735.56383482205058 ], [ -44.94177498, -19.04970294, 735.56383482205058 ], [ -44.94413871, -19.04816295, 735.56383482205058 ], [ -44.944667426335613, -19.046982439021775, 735.56383482205058 ], [ -44.93800941, -19.04853664, 735.56383482205058 ], [ -44.935824068942999, -19.040602779285038, 596.208189629385856 ], [ -44.93538969, -19.04089181, 596.208189629385856 ], [ -44.934911197764109, -19.040022337317016, 596.208189629385856 ], [ -44.930611394551541, -19.043992901074205, 735.56383482205058 ], [ -44.93140156, -19.04402045, 735.56383482205058 ] ] ] } },
{ "type": "Feature", "properties": { "area_ha": 580.7, "proveniencia": "limite_municipal − cadastro − exclusoes", "veg_nativa_pct": 66.1, "silvicultura_pct": 0.0, "uso_antropico_pct": 33.7, "supressao_ha": 1.53, "regeneracao_ha": 6.57, "titularidade": "sem_registro_conhecido", "municipio": "Rio Manso", "codigo_ibge": "3155306", "largura_media_m": 431.0, "compacidade": 0.101, "ponto_lat": -20.187994, "ponto_lon": -44.286797, "utm_e": 574517.3, "utm_n": 7767555.0 }, "geometry": { "type": "Polygon", "coordinates": [ [ [ -44.311336068440603, -20.201374532439708, 869.018604838709393 ], [ -44.310387080424462, -20.196944498914693, 866.091 ], [ -44.310356430672535, -20.193666032342399, 870.138 ], [ -44.309719442868804, -20.193240377053659, 866.685 ], [ -44.31126491, -20.19153114, 869.018604838709393 ], [ -44.31052609, -20.19088467, 869.018604838709393 ], [ -44.3101171, -20.19220399, 869.018604838709393 ], [ -44.30962895, -20.19212483, 869.018604838709393 ], [ -44.3103018, -20.19031736, 869.018604838709393 ], [ -44.309993285107744, -20.190239007272208, 869.018604838709393 ], [ -44.30931925, -20.19283772, 869.018604838709393 ], [ -44.3082358, -20.19212155, 869.018604838709393 ], [ -44.30854003, -20.19165653, 869.018604838709393 ], [ -44.308694252377151, -20.189909088542549, 869.018604838709393 ], [ -44.30863945, -20.19038332, 869.018604838709393 ], [ -44.30809853, -20.19035694, 869.018604838709393 ], [ -44.30795341, -20.19100341, 869.018604838709393 ], [ -44.30702988, -20.18990837, 869.018604838709393 ], [ -44.30631229, -20.19108695, 869.018604838709393 ], [ -44.30604806, -20.19094462, 869.018604838709393 ], [ -44.30617451, -20.19056296, 869.018604838709393 ], [ -44.3067577, -20.1893737, 869.018604838709393 ], [ -44.30961575, -20.18820644, 869.018604838709393 ], [ -44.30873181, -20.18783703, 869.018604838709393 ], [ -44.30895609, -20.18744123, 869.018604838709393 ], [ -44.3106976, -20.187903, 869.018604838709393 ], [ -44.31082953, -20.18759955, 869.018604838709393 ], [ -44.31201692, -20.18783703, 869.018604838709393 ], [ -44.31381242, -20.18660681, 869.018604838709393 ], [ -44.31502479, -20.18630053, 869.018604838709393 ], [ -44.31638071437726, -20.187013490204944, 869.018604838709393 ], [ -44.31736151, -20.18567037, 869.018604838709393 ], [ -44.31768007, -20.1845333, 869.018604838709393 ], [ -44.31708384, -20.18377405, 869.018604838709393 ], [ -44.31621777, -20.18376763, 869.018604838709393 ], [ -44.31510578, -20.18420183, 869.018604838709393 ], [ -44.31391391, -20.18410539, 869.018604838709393 ], [ -44.31217014, -20.18277788, 869.018604838709393 ], [ -44.31071501, -20.18386587, 869.018604838709393 ], [ -44.30985966, -20.18425607, 869.018604838709393 ], [ -44.30945768, -20.18413989, 869.018604838709393 ], [ -44.30880345, -20.18506149, 869.018604838709393 ], [ -44.30848954, -20.18476424, 869.018604838709393 ], [ -44.30887659, -20.18420462, 869.018604838709393 ], [ -44.30890195, -20.18351823, 869.018604838709393 ], [ -44.30786234, -20.18397162, 869.018604838709393 ], [ -44.30658738, -20.18309227, 869.018604838709393 ], [ -44.30556679, -20.1833631, 869.018604838709393 ], [ -44.30461709, -20.18314259, 869.018604838709393 ], [ -44.30413818, -20.18483922, 869.018604838709393 ], [ -44.30515143, -20.18659369, 869.018604838709393 ], [ -44.30476358, -20.1869503, 869.018604838709393 ], [ -44.30370139, -20.18550656, 869.018604838709393 ], [ -44.30359664, -20.18336322, 869.018604838709393 ], [ -44.30280295, -20.18147869, 869.018604838709393 ], [ -44.30156386, -20.18098011, 869.018604838709393 ], [ -44.30087650509941, -20.180232361274406, 869.018604838709393 ], [ -44.30015215, -20.18017746, 869.018604838709393 ], [ -44.29827631, -20.1819624, 869.018604838709393 ], [ -44.29746628, -20.1821691, 869.018604838709393 ], [ -44.29651246, -20.18199924, 869.018604838709393 ], [ -44.29626294, -20.18229688, 869.018604838709393 ], [ -44.29603995, -20.18510756, 869.018604838709393 ], [ -44.29528773, -20.18729202, 869.018604838709393 ], [ -44.29628689, -20.18809866, 869.018604838709393 ], [ -44.29783176, -20.1887628, 869.018604838709393 ], [ -44.29761142, -20.18901072, 869.018604838709393 ], [ -44.2969716, -20.18894233, 869.018604838709393 ], [ -44.29515985, -20.18787862, 869.018604838709393 ], [ -44.29517635, -20.18847059, 869.018604838709393 ], [ -44.29433665, -20.19029312, 869.018604838709393 ], [ -44.2945095, -20.19130973, 869.018604838709393 ], [ -44.29525937, -20.19265983, 869.018604838709393 ], [ -44.2946711, -20.19258939, 869.018604838709393 ], [ -44.29380241, -20.19078993, 869.018604838709393 ], [ -44.29179035, -20.19209017, 869.018604838709393 ], [ -44.29068986, -20.19239615, 869.018604838709393 ], [ -44.29057156, -20.19192488, 869.018604838709393 ], [ -44.2925726, -20.19102741, 869.018604838709393 ], [ -44.29382765, -20.19003131, 869.018604838709393 ], [ -44.29462063, -20.18832253, 869.018604838709393 ], [ -44.29496047, -20.18504476, 869.018604838709393 ], [ -44.29464458, -20.18166121, 869.018604838709393 ], [ -44.29305638, -20.18137565, 869.018604838709393 ], [ -44.29013951, -20.181428, 869.018604838709393 ], [ -44.2888535, -20.18185025, 869.018604838709393 ], [ -44.28573992, -20.18497572, 869.018604838709393 ], [ -44.28416829, -20.18607473, 869.018604838709393 ], [ -44.28406688, -20.18567075, 869.018604838709393 ], [ -44.2855919, -20.18431888, 869.018604838709393 ], [ -44.28662818, -20.18268686, 869.018604838709393 ], [ -44.28701, -20.18092323, 869.018604838709393 ], [ -44.28405673, -20.18019582, 869.018604838709393 ], [ -44.28221374, -20.1792485, 869.018604838709393 ], [ -44.28172348, -20.17839609, 869.018604838709393 ], [ -44.2810598, -20.1781594, 869.018604838709393 ], [ -44.28078598, -20.177635, 869.018604838709393 ], [ -44.28113806, -20.17651164, 869.018604838709393 ], [ -44.28099935, -20.17611474, 869.018604838709393 ], [ -44.27997631, -20.17464987, 869.018604838709393 ], [ -44.27916605, -20.17430938, 869.018604838709393 ], [ -44.27989238, -20.17598965, 869.018604838709393 ], [ -44.27887774, -20.17898176, 869.018604838709393 ], [ -44.27971681, -20.18006273, 869.018604838709393 ], [ -44.27975887, -20.1810651, 869.018604838709393 ], [ -44.27950137, -20.181751609999989, 869.018604838709393 ], [ -44.2782129, -20.18318665, 869.018604838709393 ], [ -44.27959385, -20.18411476, 869.018604838709393 ], [ -44.27994765, -20.18478075, 869.018604838709393 ], [ -44.2799458, -20.18564274, 869.018604838709393 ], [ -44.27902092, -20.18791778, 869.018604838709393 ], [ -44.27752102, -20.18947268, 869.018604838709393 ], [ -44.27719559, -20.19041806, 869.018604838709393 ], [ -44.2775196, -20.19127974, 869.018604838709393 ], [ -44.27710964, -20.19183374, 869.018604838709393 ], [ -44.2777592, -20.1945038, 869.018604838709393 ], [ -44.27935663, -20.1963691, 869.018604838709393 ], [ -44.28028591, -20.19855445, 869.018604838709393 ], [ -44.28069775, -20.19798095, 869.018604838709393 ], [ -44.28283436, -20.197203989999988, 869.018604838709393 ], [ -44.28385411, -20.19583377, 869.018604838709393 ], [ -44.28531669, -20.19548702, 869.018604838709393 ], [ -44.28530579, -20.19489086, 869.018604838709393 ], [ -44.28478383, -20.19428448, 869.018604838709393 ], [ -44.28406855, -20.19408268, 869.018604838709393 ], [ -44.28411961, -20.19367031, 869.018604838709393 ], [ -44.28506103, -20.19380827, 869.018604838709393 ], [ -44.28640356, -20.19488249, 869.018604838709393 ], [ -44.28823699, -20.19338169, 869.018604838709393 ], [ -44.28845225, -20.19378633, 869.018604838709393 ], [ -44.28725254, -20.1947074, 869.018604838709393 ], [ -44.28682159, -20.19548252, 869.018604838709393 ], [ -44.28722323, -20.19551334, 869.018604838709393 ], [ -44.28808284, -20.19628179, 869.018604838709393 ], [ -44.28865305, -20.19569244, 869.018604838709393 ], [ -44.29025704, -20.19530667, 869.018604838709393 ], [ -44.29091267, -20.19469276, 869.018604838709393 ], [ -44.2912549, -20.19471158, 869.018604838709393 ], [ -44.29132674, -20.19511529, 869.018604838709393 ], [ -44.29084058, -20.19562368, 869.018604838709393 ], [ -44.28865229, -20.19644099, 869.018604838709393 ], [ -44.28943774, -20.19645722, 869.018604838709393 ], [ -44.2892778, -20.19718579, 869.018604838709393 ], [ -44.28994648, -20.19812158, 869.018604838709393 ], [ -44.29087009, -20.19838962, 869.018604838709393 ], [ -44.29291462, -20.20001841, 869.018604838709393 ], [ -44.2951418, -20.19811115, 869.018604838709393 ], [ -44.29627566, -20.19785509, 869.018604838709393 ], [ -44.29542066, -20.19551048, 869.018604838709393 ], [ -44.29559487, -20.19499551, 869.018604838709393 ], [ -44.29592462, -20.19515186, 869.018604838709393 ], [ -44.2969, -20.19759108, 869.018604838709393 ], [ -44.29858255, -20.19680144, 869.018604838709393 ], [ -44.30342667, -20.19721716, 869.018604838709393 ], [ -44.30464926, -20.19687612, 869.018604838709393 ], [ -44.30593763, -20.19465391, 869.018604838709393 ], [ -44.30615235, -20.19221277, 869.018604838709393 ], [ -44.30663955, -20.19180046, 869.018604838709393 ], [ -44.30689277, -20.19208537, 869.018604838709393 ], [ -44.30640791, -20.19500634, 869.018604838709393 ], [ -44.30580978, -20.19566094, 869.018604838709393 ], [ -44.30541477, -20.19691545, 869.018604838709393 ], [ -44.30484401, -20.19739699, 869.018604838709393 ], [ -44.30417745, -20.1975098, 869.018604838709393 ], [ -44.30538087, -20.19816935, 869.018604838709393 ], [ -44.3068778, -20.19853163, 869.018604838709393 ], [ -44.31016069, -20.2017628, 869.018604838709393 ], [ -44.311336068440603, -20.201374532439708, 869.018604838709393 ] ] ] } },
{ "type": "Feature", "properties": { "area_ha": 755.7, "proveniencia": "limite_municipal − cadastro − exclusoes", "veg_nativa_pct": 22.6, "silvicultura_pct": 0.0, "uso_antropico_pct": 75.0, "supressao_ha": 18.09, "regeneracao_ha": 1.35, "titularidade": "sem_registro_conhecido", "municipio": "Taquaraçu de Minas", "codigo_ibge": "3168309", "largura_media_m": 249.0, "compacidade": 0.026, "ponto_lat": -19.722528, "ponto_lon": -43.726701, "utm_e": 633434.0, "utm_n": 7818722.9 }, "geometry": { "type": "Polygon", "coordinates": [ [ [ -43.72063082, -19.7359835, 843.02388104089016 ], [ -43.7187706, -19.73625643, 843.02388104089016 ], [ -43.71703035, -19.73578255, 843.02388104089016 ], [ -43.71648603, -19.73603342, 843.02388104089016 ], [ -43.71609038, -19.7367965, 843.02388104089016 ], [ -43.71450211, -19.73814806, 843.02388104089016 ], [ -43.714534153719377, -19.741386751997123, 843.02388104089016 ], [ -43.717483156822176, -19.741884163071898, 843.02388104089016 ], [ -43.718174474775857, -19.741752665193506, 843.893671885607887 ], [ -43.718287230814454, -19.74053419429465, 863.55 ], [ -43.721292700296985, -19.738741581143284, 852.066146202614846 ], [ -43.72074306, -19.7384802, 843.02388104089016 ], [ -43.71864861, -19.73855632, 843.02388104089016 ], [ -43.71663732, -19.73777569, 843.02388104089016 ], [ -43.71655849, -19.73746076, 843.02388104089016 ], [ -43.71687908, -19.73728891, 843.02388104089016 ], [ -43.71881992, -19.73803765, 843.02388104089016 ], [ -43.72080088, -19.73793603, 843.02388104089016 ], [ -43.72159016, -19.73824344, 843.02388104089016 ], [ -43.723635698734711, -19.742139526900793, 774.50274412416843 ], [ -43.72522632810437, -19.739326345335929, 774.50274412416843 ], [ -43.72163222, -19.73637783, 843.02388104089016 ], [ -43.72214655, -19.73619192, 774.50274412416843 ], [ -43.725496607437151, -19.738848318268662, 774.50274412416843 ], [ -43.72735367, -19.73507288, 774.50274412416843 ], [ -43.72596092, -19.73379633, 774.50274412416843 ], [ -43.72523495, -19.73178538, 774.50274412416843 ], [ -43.72538836, -19.73149615, 774.50274412416843 ], [ -43.72581342, -19.73162934, 774.50274412416843 ], [ -43.72660217, -19.73375695, 774.50274412416843 ], [ -43.728005858480749, -19.734767928527308, 774.50274412416843 ], [ -43.728732140927484, -19.734615274982946, 774.50274412416843 ], [ -43.72809063, -19.7327798, 774.50274412416843 ], [ -43.72724897, -19.73198492, 774.50274412416843 ], [ -43.72744576, -19.73161388, 774.50274412416843 ], [ -43.72852622, -19.73241122, 774.50274412416843 ], [ -43.72931564593263, -19.734492628714712, 774.50274412416843 ], [ -43.732590637711347, -19.733804222573742, 774.50274412416843 ], [ -43.7320521, -19.7333412, 774.50274412416843 ], [ -43.732715840775668, -19.733170270926017, 774.50274412416843 ], [ -43.73136115, -19.73047307, 774.50274412416843 ], [ -43.72854219, -19.72922613, 774.50274412416843 ], [ -43.72801321, -19.72881889, 774.50274412416843 ], [ -43.72817812, -19.72845689, 774.50274412416843 ], [ -43.73178424, -19.73010611, 774.50274412416843 ], [ -43.7334084, -19.7328793, 774.50274412416843 ], [ -43.733471261778625, -19.733619103253766, 774.50274412416843 ], [ -43.73901034, -19.73228383, 774.50274412416843 ], [ -43.73738068, -19.72731077, 774.50274412416843 ], [ -43.73762001, -19.7269592, 774.50274412416843 ], [ -43.73816155, -19.72746919, 774.50274412416843 ], [ -43.73896741, -19.72971784, 774.50274412416843 ], [ -43.73925302, -19.73165062, 774.50274412416843 ], [ -43.73956655, -19.73197523, 774.50274412416843 ], [ -43.74193655, -19.73105983, 774.50274412416843 ], [ -43.74149608, -19.73043028, 774.50274412416843 ], [ -43.74149732, -19.7297888, 774.50274412416843 ], [ -43.74229184, -19.72790565, 774.50274412416843 ], [ -43.74267998, -19.72819113, 774.50274412416843 ], [ -43.74204491, -19.7302627, 774.50274412416843 ], [ -43.743176949887584, -19.731578514603704, 774.50274412416843 ], [ -43.745015352247421, -19.731191930693488, 761.977461636529711 ], [ -43.744445, -19.73078861, 767.24 ], [ -43.74331278, -19.72832667, 798.26 ], [ -43.74561361, -19.73031139, 752.78 ], [ -43.74672194, -19.73064278, 737.39 ], [ -43.749084856055887, -19.730336110431892, 774.50274412416843 ], [ -43.7498551, -19.72976102, 774.50274412416843 ], [ -43.75149438, -19.72972857, 774.50274412416843 ], [ -43.75104733, -19.72884545, 774.50274412416843 ], [ -43.75103598, -19.727909159999989, 774.50274412416843 ], [ -43.75028569, -19.72704892, 774.50274412416843 ], [ -43.74824674, -19.72642982, 774.50274412416843 ], [ -43.74651752, -19.72734375, 774.50274412416843 ], [ -43.74123553, -19.72559972, 774.50274412416843 ], [ -43.73926742, -19.72563048, 774.50274412416843 ], [ -43.73901495, -19.72537707, 774.50274412416843 ], [ -43.73928882, -19.72508036, 774.50274412416843 ], [ -43.74137098, -19.72507193, 774.50274412416843 ], [ -43.74656217, -19.72679755, 774.50274412416843 ], [ -43.74755128, -19.72621996, 774.50274412416843 ], [ -43.74505239, -19.72396858, 774.50274412416843 ], [ -43.74351926, -19.72415256, 774.50274412416843 ], [ -43.74196343, -19.72369037, 774.50274412416843 ], [ -43.73947350000001, -19.72365207, 774.50274412416843 ], [ -43.7396384, -19.72329008, 774.50274412416843 ], [ -43.7410846, -19.72308355, 774.50274412416843 ], [ -43.74355321, -19.72361116, 774.50274412416843 ], [ -43.74470713, -19.7234098, 774.50274412416843 ], [ -43.74412042, -19.72030649, 774.50274412416843 ], [ -43.7441506, -19.71934561, 774.50274412416843 ], [ -43.74445797, -19.71915416, 774.50274412416843 ], [ -43.74473924, -19.71942802, 774.50274412416843 ], [ -43.7447189, -19.7206133, 774.50274412416843 ], [ -43.74542668, -19.72355464, 774.50274412416843 ], [ -43.74786165, -19.7257645, 774.50274412416843 ], [ -43.74951864, -19.72634039, 774.50274412416843 ], [ -43.74936935, -19.72407732, 774.50274412416843 ], [ -43.74850293, -19.72301914, 774.50274412416843 ], [ -43.7486799, -19.7227113, 774.50274412416843 ], [ -43.74902541, -19.7227622, 774.50274412416843 ], [ -43.74992055, -19.723922409999989, 774.50274412416843 ], [ -43.75015628, -19.72648995, 774.50274412416843 ], [ -43.7506658, -19.72663439, 774.50274412416843 ], [ -43.75123764, -19.72729469, 774.50274412416843 ], [ -43.75300784, -19.72416034, 774.50274412416843 ], [ -43.75277804, -19.72245927, 774.50274412416843 ], [ -43.7529416, -19.72088577, 774.50274412416843 ], [ -43.75215025, -19.72026291, 774.50274412416843 ], [ -43.75072958, -19.72088308, 774.50274412416843 ], [ -43.75023311, -19.72144143, 774.50274412416843 ], [ -43.74887683, -19.721697549999988, 774.50274412416843 ], [ -43.74666435, -19.72049134, 774.50274412416843 ], [ -43.74707073, -19.72022952, 774.50274412416843 ], [ -43.74854255, -19.72104216, 774.50274412416843 ], [ -43.74929704, -19.72114315, 774.50274412416843 ], [ -43.75189666, -19.71976537, 774.50274412416843 ], [ -43.75192922, -19.71879084, 774.50274412416843 ], [ -43.75171469, -19.71869224, 774.50274412416843 ], [ -43.75082615, -19.71866455, 774.50274412416843 ], [ -43.75013999, -19.71905579, 774.50274412416843 ], [ -43.74837691, -19.71892881, 774.50274412416843 ], [ -43.7481347, -19.71866714, 774.50274412416843 ], [ -43.7483544, -19.71838769, 774.50274412416843 ], [ -43.75007443, -19.71850001, 774.50274412416843 ], [ -43.75104707, -19.71809443, 774.50274412416843 ], [ -43.75208444, -19.71825564, 774.50274412416843 ], [ -43.75232713, -19.71723776, 774.50274412416843 ], [ -43.75120911, -19.71498115, 774.50274412416843 ], [ -43.75141726, -19.71463973, 774.50274412416843 ], [ -43.75201272, -19.71504412, 774.50274412416843 ], [ -43.7528926, -19.71714687, 774.50274412416843 ], [ -43.75247011, -19.719749, 774.50274412416843 ], [ -43.75340013, -19.72055982, 774.50274412416843 ], [ -43.75362476, -19.72115909, 774.50274412416843 ], [ -43.75335194, -19.72244069, 774.50274412416843 ], [ -43.7535641, -19.72428905, 774.50274412416843 ], [ -43.75161, -19.72790752, 774.50274412416843 ], [ -43.75177273, -19.72915818, 774.50274412416843 ], [ -43.752169207706011, -19.729687400006888, 774.50274412416843 ], [ -43.759173954686432, -19.728213920351983, 774.50274412416843 ], [ -43.75816632, -19.72779236, 774.50274412416843 ], [ -43.757463707131308, -19.725986576392291, 774.50274412416843 ], [ -43.75689726, -19.72623074, 774.50274412416843 ], [ -43.75655946, -19.72440582, 774.50274412416843 ], [ -43.75713282000001, -19.7232011, 774.50274412416843 ], [ -43.75718186, -19.72073943, 774.50274412416843 ], [ -43.75923423, -19.72052255, 774.50274412416843 ], [ -43.76101393, -19.72118968, 774.50274412416843 ], [ -43.762183585247811, -19.720877592316725, 740.66190869146601 ], [ -43.762035343012158, -19.720230330282941, 741.56 ], [ -43.76054958, -19.72061128, 774.50274412416843 ], [ -43.75863406, -19.71998903, 774.50274412416843 ], [ -43.7587117, -19.71856273, 774.50274412416843 ], [ -43.75793338, -19.71888363, 774.50274412416843 ], [ -43.75631064, -19.71708587, 774.50274412416843 ], [ -43.75682294, -19.71607336, 774.50274412416843 ], [ -43.757796732625181, -19.715898484823555, 774.50274412416843 ], [ -43.75735721, -19.71544473, 774.50274412416843 ], [ -43.75556891, -19.71500528, 774.50274412416843 ], [ -43.753500889048098, -19.713661205134084, 774.50274412416843 ], [ -43.75292807, -19.71467857, 774.50274412416843 ], [ -43.75201075, -19.71370645, 774.50274412416843 ], [ -43.75075548, -19.7132469, 774.50274412416843 ], [ -43.75122754, -19.71256009, 774.50274412416843 ], [ -43.75192492, -19.7131358, 774.50274412416843 ], [ -43.753252854126409, -19.713416854277629, 774.50274412416843 ], [ -43.75271374, -19.71251792, 774.50274412416843 ], [ -43.75306155, -19.71220717, 774.50274412416843 ], [ -43.75395505, -19.71332636, 774.50274412416843 ], [ -43.7556293, -19.71442904, 774.50274412416843 ], [ -43.75746791, -19.71490016, 774.50274412416843 ], [ -43.75683528, -19.71338172, 774.50274412416843 ], [ -43.7570305, -19.71275585, 774.50274412416843 ], [ -43.75739812, -19.71266955, 774.50274412416843 ], [ -43.75741703, -19.71355089, 774.50274412416843 ], [ -43.75806781, -19.715325, 774.50274412416843 ], [ -43.75900531, -19.71620549, 774.50274412416843 ], [ -43.759291288410587, -19.714448489517476, 774.50274412416843 ], [ -43.75858316, -19.71412721, 774.50274412416843 ], [ -43.75878067, -19.71346788, 774.50274412416843 ], [ -43.75930396786012, -19.713812738631137, 771.632421237405879 ], [ -43.75956559, -19.71221196, 774.50274412416843 ], [ -43.759964659818188, -19.712129285210231, 774.50274412416843 ], [ -43.76016309, -19.71162945, 774.50274412416843 ], [ -43.760989689822715, -19.711602495577207, 799.79 ], [ -43.76139732, -19.71136221, 774.50274412416843 ], [ -43.7623062, -19.71032875, 774.50274412416843 ], [ -43.764940265955794, -19.710504843586399, 784.56 ], [ -43.766397131754978, -19.712321126943671, 765.92 ], [ -43.767634544220094, -19.711739986992736, 755.46 ], [ -43.769153425753558, -19.712092382476754, 751.583190955647297 ], [ -43.7703116, -19.71133419, 774.50274412416843 ], [ -43.76813554, -19.71115443, 774.50274412416843 ], [ -43.767292090725107, -19.710802084250329, 774.50274412416843 ], [ -43.76557847, -19.71125206, 774.50274412416843 ], [ -43.76536085, -19.71093721, 774.50274412416843 ], [ -43.76580562, -19.71029164, 774.50274412416843 ], [ -43.766561873517986, -19.710269671074215, 774.50274412416843 ], [ -43.76580103, -19.70937596, 774.50274412416843 ], [ -43.76588104, -19.70900899, 774.50274412416843 ], [ -43.76646668, -19.70914889, 774.50274412416843 ], [ -43.767015354918001, -19.709929264510034, 774.50274412416843 ], [ -43.76797624386252, -19.709066486375914, 774.50274412416843 ], [ -43.76764025, -19.7080637, 774.50274412416843 ], [ -43.76697147, -19.7081733, 774.50274412416843 ], [ -43.76619101, -19.70768389, 774.50274412416843 ], [ -43.76674617, -19.70682891, 774.50274412416843 ], [ -43.76758237405474, -19.706720651392541, 774.50274412416843 ], [ -43.76651219, -19.70685818, 774.50274412416843 ], [ -43.763152703317772, -19.707928071099786, 808.09201511356116 ], [ -43.7625725, -19.70851111, 814.0 ], [ -43.76103639, -19.711515, 800.0 ], [ -43.75913694, -19.7117475, 794.0 ], [ -43.75774111, -19.71261111, 791.0 ], [ -43.75635944, -19.712227219999988, 800.0 ], [ -43.75551889, -19.71235583, 803.0 ], [ -43.75497028, -19.7111175, 804.0 ], [ -43.75311075, -19.71060996, 774.50274412416843 ], [ -43.75289173, -19.70936892, 774.50274412416843 ], [ -43.75071515, -19.70566981, 774.50274412416843 ], [ -43.74988212, -19.705087899999988, 774.50274412416843 ], [ -43.75029896, -19.70402339, 774.50274412416843 ], [ -43.75172734, -19.70350199, 774.50274412416843 ], [ -43.752068070451088, -19.703072404135849, 774.50274412416843 ], [ -43.75058413, -19.70354651, 774.50274412416843 ], [ -43.750248917194277, -19.703091203187281, 774.50274412416843 ], [ -43.74952835, -19.70312365, 774.50274412416843 ], [ -43.74794277, -19.7052495, 774.50274412416843 ], [ -43.74651077, -19.70570637, 774.50274412416843 ], [ -43.747107333083214, -19.706244934089487, 774.50274412416843 ], [ -43.74802956, -19.70611823, 774.50274412416843 ], [ -43.74940133, -19.70450118, 774.50274412416843 ], [ -43.75020893, -19.70402338, 774.50274412416843 ], [ -43.74980789, -19.70515727, 774.50274412416843 ], [ -43.75067791, -19.70575168, 774.50274412416843 ], [ -43.75142479, -19.70708378, 774.50274412416843 ], [ -43.75138209, -19.7082078, 774.50274412416843 ], [ -43.7519197, -19.70900665, 774.50274412416843 ], [ -43.75023055, -19.71029597, 774.50274412416843 ], [ -43.74882091, -19.7096054, 774.50274412416843 ], [ -43.7480388, -19.70873565, 774.50274412416843 ], [ -43.74667951159266, -19.709936820068762, 774.50274412416843 ], [ -43.746514802679521, -19.710572072618138, 774.50274412416843 ], [ -43.74732401, -19.71108887, 774.50274412416843 ], [ -43.745913182790353, -19.712080514689511, 774.50274412416843 ], [ -43.74573522, -19.71288933, 774.50274412416843 ], [ -43.746855617084869, -19.714413017862224, 774.50274412416843 ], [ -43.74747276, -19.71291965, 774.50274412416843 ], [ -43.74740839, -19.71140463, 774.50274412416843 ], [ -43.74828815, -19.71118243, 774.50274412416843 ], [ -43.74959718, -19.71640802, 774.50274412416843 ], [ -43.74835253, -19.71700002, 774.50274412416843 ], [ -43.74658116507851, -19.714904089008822, 774.50274412416843 ], [ -43.746198064896475, -19.715800042658049, 774.50274412416843 ], [ -43.74699681, -19.71771074, 774.50274412416843 ], [ -43.74558258, -19.71858406, 774.50274412416843 ], [ -43.7438491, -19.71859326, 774.50274412416843 ], [ -43.74356478, -19.71955525, 774.50274412416843 ], [ -43.74215174, -19.72155846, 774.50274412416843 ], [ -43.741765287861909, -19.720725662732026, 774.50274412416843 ], [ -43.74210116, -19.72162751, 774.50274412416843 ], [ -43.73931971, -19.72285207, 774.50274412416843 ], [ -43.73779353, -19.72206431, 774.50274412416843 ], [ -43.737180031921135, -19.720940499276505, 774.50274412416843 ], [ -43.73481479, -19.72133452, 774.50274412416843 ], [ -43.73448934, -19.72113145, 774.50274412416843 ], [ -43.73466561, -19.72079907, 774.50274412416843 ], [ -43.73696259, -19.72043856, 774.50274412416843 ], [ -43.73790157, -19.71999164, 774.50274412416843 ], [ -43.7389948, -19.71719977, 774.50274412416843 ], [ -43.739746230389528, -19.716503237835326, 774.50274412416843 ], [ -43.7386993, -19.71506041, 774.50274412416843 ], [ -43.739065301632323, -19.715007369744878, 774.50274412416843 ], [ -43.73796062, -19.71366885, 774.50274412416843 ], [ -43.738445793088104, -19.713133817900605, 774.50274412416843 ], [ -43.73744119, -19.71244978, 774.50274412416843 ], [ -43.73593968, -19.71219715, 774.50274412416843 ], [ -43.7353212, -19.71273489, 774.50274412416843 ], [ -43.734082, -19.71512807, 774.50274412416843 ], [ -43.732475311934309, -19.719249462614577, 774.50274412416843 ], [ -43.73299956, -19.71885838, 774.50274412416843 ], [ -43.73360038, -19.72011073, 774.50274412416843 ], [ -43.73224854, -19.72079751, 774.50274412416843 ], [ -43.732033714116419, -19.720190817620768, 774.50274412416843 ], [ -43.731542, -19.72195352, 774.50274412416843 ], [ -43.73208624, -19.72251827, 774.50274412416843 ], [ -43.73543273, -19.72333901, 774.50274412416843 ], [ -43.73558269, -19.72372917, 774.50274412416843 ], [ -43.73358019, -19.72359242, 774.50274412416843 ], [ -43.73182062, -19.72299852, 774.50274412416843 ], [ -43.73103808, -19.7223266, 774.50274412416843 ], [ -43.72997818, -19.72387499, 774.50274412416843 ], [ -43.7283343, -19.72512573, 774.50274412416843 ], [ -43.72813797, -19.72469473, 774.50274412416843 ], [ -43.72955675, -19.72350726, 774.50274412416843 ], [ -43.73102933, -19.72158362, 774.50274412416843 ], [ -43.731523263986645, -19.719930592770933, 774.50274412416843 ], [ -43.72958892, -19.71838726, 774.50274412416843 ], [ -43.73018841, -19.71797299, 774.50274412416843 ], [ -43.73136805, -19.71602276, 774.50274412416843 ], [ -43.73148504, -19.71689697, 774.50274412416843 ], [ -43.732248523411286, -19.71834090262195, 774.50274412416843 ], [ -43.7337461, -19.7140423, 774.50274412416843 ], [ -43.73545736, -19.71184114, 774.50274412416843 ], [ -43.73310863, -19.71138629, 774.50274412416843 ], [ -43.73177167, -19.71048407, 774.50274412416843 ], [ -43.72931708, -19.7096395, 774.50274412416843 ], [ -43.72749965, -19.71227576, 774.50274412416843 ], [ -43.72689053, -19.71476399, 774.50274412416843 ], [ -43.72671986, -19.71698643, 774.50274412416843 ], [ -43.72561936, -19.71822443, 774.50274412416843 ], [ -43.72531378, -19.71952922, 774.50274412416843 ], [ -43.72447202, -19.72022286, 774.50274412416843 ], [ -43.72316355, -19.72272779, 774.50274412416843 ], [ -43.72318986, -19.72474503, 774.50274412416843 ], [ -43.72437481, -19.72795456, 774.50274412416843 ], [ -43.72312286, -19.73367562, 774.50274412416843 ], [ -43.72262897, -19.73347389, 774.50274412416843 ], [ -43.72380127, -19.72793635, 774.50274412416843 ], [ -43.72263296, -19.72487113, 774.50274412416843 ], [ -43.72254711, -19.72333455, 774.50274412416843 ], [ -43.7209871, -19.72370244, 843.02388104089016 ], [ -43.71971159, -19.72491707, 843.02388104089016 ], [ -43.71856482, -19.72531178, 843.02388104089016 ], [ -43.71737518, -19.72625693, 843.02388104089016 ], [ -43.71642362, -19.72790246, 843.02388104089016 ], [ -43.71630217, -19.72859698, 843.02388104089016 ], [ -43.716605198854346, -19.729556607895628, 843.02388104089016 ], [ -43.72072044, -19.73042868, 843.02388104089016 ], [ -43.72033538, -19.73169515, 843.02388104089016 ], [ -43.719800333472207, -19.731630215304545, 843.02388104089016 ], [ -43.72116875, -19.7337221, 843.02388104089016 ], [ -43.72112661, -19.734690939999989, 843.02388104089016 ], [ -43.72063082, -19.7359835, 843.02388104089016 ] ] ] } },
{ "type": "Feature", "properties": { "area_ha": 1967.1, "proveniencia": "limite_municipal − cadastro − exclusoes", "veg_nativa_pct": 40.1, "silvicultura_pct": 0.0, "uso_antropico_pct": 58.6, "supressao_ha": 27.81, "regeneracao_ha": 12.78, "titularidade": "sem_registro_conhecido", "municipio": "Taquaraçu de Minas", "codigo_ibge": "3168309", "largura_media_m": 218.0, "compacidade": 0.008, "ponto_lat": -19.678869, "ponto_lon": -43.739566, "utm_e": 632121.6, "utm_n": 7823565.0 }, "geometry": { "type": "Polygon", "coordinates": [ [ [ -43.71472948, -19.72381404, 843.02388104089016 ], [ -43.714397406962043, -19.725059502440118, 843.02388104089016 ], [ -43.71648552, -19.72533335, 843.02388104089016 ], [ -43.717168332173216, -19.725707426040024, 843.02388104089016 ], [ -43.71824958, -19.7248565, 843.02388104089016 ], [ -43.71938914, -19.72446361, 843.02388104089016 ], [ -43.72068069, -19.72324396, 843.02388104089016 ], [ -43.72241797, -19.72276585, 774.50274412416843 ], [ -43.72398286, -19.71993909, 774.50274412416843 ], [ -43.72485699, -19.71916552, 774.50274412416843 ], [ -43.72496504, -19.71842676, 774.50274412416843 ], [ -43.72174501, -19.7181918, 843.02388104089016 ], [ -43.72091889, -19.71641423, 843.02388104089016 ], [ -43.71906281, -19.71512145, 843.02388104089016 ], [ -43.719165, -19.71411056, 854.09 ], [ -43.72033611, -19.7135275, 858.09 ], [ -43.72086291, -19.71250539, 843.02388104089016 ], [ -43.72074816, -19.71148159, 843.02388104089016 ], [ -43.71923889, -19.71005278, 854.64 ], [ -43.72246528, -19.70937389, 828.33 ], [ -43.722763678767379, -19.710101801631982, 827.347263422835113 ], [ -43.72381278, -19.70999, 820.56 ], [ -43.72653815, -19.71188223, 774.50274412416843 ], [ -43.72678632, -19.71158003, 774.50274412416843 ], [ -43.726996395154693, -19.712002830169595, 794.34284409784857 ], [ -43.72753531, -19.7112433, 774.50274412416843 ], [ -43.72670709, -19.71082986, 774.50274412416843 ], [ -43.72581136, -19.7088265, 774.50274412416843 ], [ -43.72416848, -19.70820668, 774.50274412416843 ], [ -43.72283147000001, -19.707113159999988, 774.50274412416843 ], [ -43.7211341, -19.70676534, 843.02388104089016 ], [ -43.71805327, -19.70802615, 843.02388104089016 ], [ -43.71793004, -19.70751604, 843.02388104089016 ], [ -43.720101479130776, -19.706514772680876, 843.02388104089016 ], [ -43.71560685, -19.7063237, 843.02388104089016 ], [ -43.71493606, -19.70603902, 843.02388104089016 ], [ -43.71547739, -19.70567295, 843.02388104089016 ], [ -43.71559642, -19.70510617, 843.02388104089016 ], [ -43.71747635, -19.7045118, 843.02388104089016 ], [ -43.72174345, -19.70528205, 843.02388104089016 ], [ -43.721720993856152, -19.706257032273623, 843.02388104089016 ], [ -43.72284171, -19.70653444, 774.50274412416843 ], [ -43.72267146978394, -19.705292343857547, 774.50274412416843 ], [ -43.7201035, -19.70467778, 843.02388104089016 ], [ -43.72098327, -19.70397074, 843.02388104089016 ], [ -43.72176647, -19.70180919, 843.02388104089016 ], [ -43.723520981787303, -19.700499799547636, 886.174524630086239 ], [ -43.72381306, -19.70001889, 888.49 ], [ -43.72390556, -19.69955861, 887.41 ], [ -43.72428111, -19.70047583, 879.75 ], [ -43.72497278, -19.70103556, 871.79 ], [ -43.72589417, -19.70118806, 863.59 ], [ -43.72684497, -19.70084326, 774.50274412416843 ], [ -43.7282825, -19.69905306, 831.65 ], [ -43.72898036, -19.69862668, 774.50274412416843 ], [ -43.7292475, -19.69737722, 817.11 ], [ -43.731655819779903, -19.695980767691342, 808.77951739391699 ], [ -43.732268010923214, -19.695212314174594, 774.50274412416843 ], [ -43.7314236, -19.69549016, 774.50274412416843 ], [ -43.73059541, -19.69538058, 774.50274412416843 ], [ -43.73007181, -19.69474876, 774.50274412416843 ], [ -43.7299063, -19.69396091, 774.50274412416843 ], [ -43.72941531, -19.69387629, 774.50274412416843 ], [ -43.7280203, -19.69528792, 774.50274412416843 ], [ -43.72697718, -19.69587248, 774.50274412416843 ], [ -43.726706593547789, -19.695771062431888, 774.50274412416843 ], [ -43.72866539, -19.69841818, 774.50274412416843 ], [ -43.72671171, -19.70067003, 774.50274412416843 ], [ -43.72534398, -19.700946, 774.50274412416843 ], [ -43.72435562, -19.70019962, 774.50274412416843 ], [ -43.72379527, -19.69868753, 774.50274412416843 ], [ -43.72238206, -19.69787343, 774.50274412416843 ], [ -43.72126299, -19.69640916, 843.02388104089016 ], [ -43.71981199, -19.69313637, 843.02388104089016 ], [ -43.720346252600329, -19.692955507132627, 843.02388104089016 ], [ -43.71982725, -19.6931192, 843.02388104089016 ], [ -43.71889048, -19.69234767, 843.02388104089016 ], [ -43.71840725, -19.69133705, 843.02388104089016 ], [ -43.71852456, -19.6906327, 843.02388104089016 ], [ -43.71900784, -19.69028572, 843.02388104089016 ], [ -43.71966154, -19.69031228, 843.02388104089016 ], [ -43.72035908, -19.69084282, 843.02388104089016 ], [ -43.72063096, -19.69086899, 843.02388104089016 ], [ -43.7213025, -19.69044031, 843.02388104089016 ], [ -43.72209004, -19.69084854, 843.02388104089016 ], [ -43.724829100578475, -19.68897742214407, 774.50274412416843 ], [ -43.72318919, -19.68906366, 774.50274412416843 ], [ -43.72102626, -19.68864333, 843.02388104089016 ], [ -43.72077347, -19.68841821, 843.02388104089016 ], [ -43.72095738, -19.68811649, 843.02388104089016 ], [ -43.72166386, -19.68803708, 843.02388104089016 ], [ -43.72323525, -19.68852232, 774.50274412416843 ], [ -43.72635152, -19.68835317, 774.50274412416843 ], [ -43.726019424990788, -19.687856691165308, 774.50274412416843 ], [ -43.72537136, -19.68762708, 774.50274412416843 ], [ -43.72539282, -19.68696037, 774.50274412416843 ], [ -43.72245312, -19.68750586, 774.50274412416843 ], [ -43.72217417, -19.68732403, 843.02388104089016 ], [ -43.72256041, -19.68683915, 774.50274412416843 ], [ -43.724587888201988, -19.686140236178485, 774.50274412416843 ], [ -43.72283799, -19.68501252, 774.50274412416843 ], [ -43.72294824, -19.68457188, 774.50274412416843 ], [ -43.72516286, -19.68586952, 774.50274412416843 ], [ -43.725982408117119, -19.685935208662919, 774.50274412416843 ], [ -43.726245506765899, -19.68502856253394, 774.50274412416843 ], [ -43.72593462, -19.6843036, 774.50274412416843 ], [ -43.726246807863554, -19.684181393389036, 774.50274412416843 ], [ -43.72553981, -19.68259681, 774.50274412416843 ], [ -43.7256855, -19.68227691, 774.50274412416843 ], [ -43.72613735, -19.68242948, 774.50274412416843 ], [ -43.726683737885331, -19.683756760041714, 774.50274412416843 ], [ -43.72736156, -19.68315198, 774.50274412416843 ], [ -43.728838073950783, -19.683712530208258, 774.50274412416843 ], [ -43.72905706, -19.68270583, 774.50274412416843 ], [ -43.72872709, -19.68151624, 774.50274412416843 ], [ -43.72912203, -19.68119689, 774.50274412416843 ], [ -43.72978741, -19.68118184, 774.50274412416843 ], [ -43.73005627, -19.68040679, 774.50274412416843 ], [ -43.7276745, -19.67975118, 774.50274412416843 ], [ -43.7270152, -19.67924364, 774.50274412416843 ], [ -43.72692517, -19.6788294, 774.50274412416843 ], [ -43.72728573, -19.67868208, 774.50274412416843 ], [ -43.72791504, -19.67925844, 774.50274412416843 ], [ -43.73049229, -19.68005546, 774.50274412416843 ], [ -43.73042956, -19.679465379999989, 774.50274412416843 ], [ -43.73105443, -19.67851228, 774.50274412416843 ], [ -43.73053823, -19.67793722, 774.50274412416843 ], [ -43.72882587, -19.67741838, 774.50274412416843 ], [ -43.72877498, -19.67700599, 774.50274412416843 ], [ -43.7307459, -19.67743057, 774.50274412416843 ], [ -43.73145992, -19.67800688, 774.50274412416843 ], [ -43.73160311, -19.6786861, 774.50274412416843 ], [ -43.73097265, -19.6796421, 774.50274412416843 ], [ -43.73134696, -19.68025921, 774.50274412416843 ], [ -43.73231436, -19.67892022, 774.50274412416843 ], [ -43.73362894, -19.67882184, 774.50274412416843 ], [ -43.7343121, -19.67773105, 774.50274412416843 ], [ -43.73532047, -19.67721399, 774.50274412416843 ], [ -43.73606191, -19.67626855, 774.50274412416843 ], [ -43.73667701, -19.67591332, 774.50274412416843 ], [ -43.73708104, -19.67609112, 774.50274412416843 ], [ -43.73568508, -19.6776345, 774.50274412416843 ], [ -43.73472318, -19.6781119, 774.50274412416843 ], [ -43.73401886, -19.6792233, 774.50274412416843 ], [ -43.73265475, -19.67935893, 774.50274412416843 ], [ -43.73177764, -19.68065533, 774.50274412416843 ], [ -43.73041347, -19.68093038, 774.50274412416843 ], [ -43.7301095, -19.68163594, 774.50274412416843 ], [ -43.72928184, -19.68171977, 774.50274412416843 ], [ -43.729586713799797, -19.682487314076248, 774.50274412416843 ], [ -43.73029471, -19.68240649, 774.50274412416843 ], [ -43.7361688, -19.68022594, 774.50274412416843 ], [ -43.736247588651274, -19.680690170445445, 980.424163798957125 ], [ -43.73669304, -19.68064832, 774.50274412416843 ], [ -43.73538697, -19.6828143, 774.50274412416843 ], [ -43.73519247, -19.68429648, 774.50274412416843 ], [ -43.73393116, -19.68529739, 774.50274412416843 ], [ -43.729372417152632, -19.684393003016755, 774.50274412416843 ], [ -43.729436333500523, -19.685837600581987, 774.50274412416843 ], [ -43.7299633, -19.68558653, 774.50274412416843 ], [ -43.73049974, -19.68572796, 774.50274412416843 ], [ -43.73073578, -19.68627345, 774.50274412416843 ], [ -43.72944832, -19.68728362, 774.50274412416843 ], [ -43.72865438, -19.68851602, 774.50274412416843 ], [ -43.72783899, -19.68833419, 774.50274412416843 ], [ -43.72766733, -19.6877281, 774.50274412416843 ], [ -43.727889351701705, -19.687240323368748, 774.50274412416843 ], [ -43.72712566, -19.68819436, 774.50274412416843 ], [ -43.72736624, -19.68886883, 774.50274412416843 ], [ -43.728172689280342, -19.689693745638646, 774.50274412416843 ], [ -43.72854391, -19.68879476, 774.50274412416843 ], [ -43.72968586, -19.68819698, 774.50274412416843 ], [ -43.73072448, -19.68721179, 774.50274412416843 ], [ -43.73195365, -19.68671726, 774.50274412416843 ], [ -43.732201558088079, -19.687136503939854, 774.50274412416843 ], [ -43.73333333, -19.68623229, 774.50274412416843 ], [ -43.73439422, -19.68944674, 774.50274412416843 ], [ -43.73407796, -19.69159968, 774.50274412416843 ], [ -43.73540944, -19.69282361, 845.62 ], [ -43.734804761158507, -19.694142512183767, 774.50274412416843 ], [ -43.73538862, -19.69288034, 774.50274412416843 ], [ -43.7371748, -19.69380548, 774.50274412416843 ], [ -43.73804921648243, -19.693894093325596, 774.50274412416843 ], [ -43.741232527268295, -19.691719085389348, 774.50274412416843 ], [ -43.74092953, -19.69121405, 774.50274412416843 ], [ -43.73934561, -19.69122651, 774.50274412416843 ], [ -43.73819529, -19.69087597, 774.50274412416843 ], [ -43.73601416, -19.69212339, 774.50274412416843 ], [ -43.73566317, -19.69208902, 774.50274412416843 ], [ -43.73564887, -19.69164748, 774.50274412416843 ], [ -43.73799002, -19.69036474, 774.50274412416843 ], [ -43.7355229, -19.68825258, 774.50274412416843 ], [ -43.7344783, -19.68656974, 774.50274412416843 ], [ -43.73494784, -19.68634639, 774.50274412416843 ], [ -43.73593992, -19.68787992, 774.50274412416843 ], [ -43.73879915, -19.69036633, 774.50274412416843 ], [ -43.73972287, -19.69070092, 774.50274412416843 ], [ -43.7388247, -19.69012929, 774.50274412416843 ], [ -43.73860952, -19.68944954, 774.50274412416843 ], [ -43.73962284, -19.68850072, 774.50274412416843 ], [ -43.73957737, -19.68732264, 774.50274412416843 ], [ -43.7399754, -19.68653407, 774.50274412416843 ], [ -43.73940952, -19.6849777, 774.50274412416843 ], [ -43.73996915, -19.6842781, 774.50274412416843 ], [ -43.74066856, -19.67920134, 774.50274412416843 ], [ -43.7410405, -19.67937827, 774.50274412416843 ], [ -43.74110867, -19.68094797, 774.50274412416843 ], [ -43.74067429, -19.68217937, 774.50274412416843 ], [ -43.74052859, -19.68440536, 774.50274412416843 ], [ -43.73998774, -19.68502396, 774.50274412416843 ], [ -43.74053696, -19.68673059, 774.50274412416843 ], [ -43.7422622, -19.68548343, 774.50274412416843 ], [ -43.74432375, -19.68536117, 774.50274412416843 ], [ -43.74459703, -19.68570327, 774.50274412416843 ], [ -43.7441378, -19.68595812, 774.50274412416843 ], [ -43.74241876, -19.68600602, 774.50274412416843 ], [ -43.74115554, -19.68703456, 774.50274412416843 ], [ -43.74015031, -19.68740302, 774.50274412416843 ], [ -43.74013113, -19.68878099, 774.50274412416843 ], [ -43.73922313, -19.68969992, 774.50274412416843 ], [ -43.74134824, -19.69082468, 774.50274412416843 ], [ -43.741698770509309, -19.691399978368267, 774.50274412416843 ], [ -43.74599266, -19.6884913, 774.50274412416843 ], [ -43.74626757, -19.68993887, 774.50274412416843 ], [ -43.745385961167969, -19.689991640670417, 774.50274412416843 ], [ -43.744635695491425, -19.691666411723745, 774.50274412416843 ], [ -43.74493986, -19.69383284, 774.50274412416843 ], [ -43.74656793, -19.69547058, 774.50274412416843 ], [ -43.7463248, -19.69606521, 774.50274412416843 ], [ -43.74749951, -19.69724265, 774.50274412416843 ], [ -43.74887853, -19.69704226, 774.50274412416843 ], [ -43.74945678000001, -19.69776746, 774.50274412416843 ], [ -43.74990133, -19.69782255, 774.50274412416843 ], [ -43.74868511, -19.69571598, 774.50274412416843 ], [ -43.74867938, -19.69464302, 774.50274412416843 ], [ -43.74911123, -19.69409149, 774.50274412416843 ], [ -43.74939688, -19.69434673, 774.50274412416843 ], [ -43.74926909, -19.69567063, 774.50274412416843 ], [ -43.750404997308372, -19.69756428604309, 774.50274412416843 ], [ -43.751153086860363, -19.697225991095575, 719.179473070332165 ], [ -43.75033275, -19.69415758, 774.50274412416843 ], [ -43.750573988237832, -19.693911378692032, 774.50274412416843 ], [ -43.75001999, -19.69373979, 774.50274412416843 ], [ -43.74973463, -19.69324665, 774.50274412416843 ], [ -43.74971632, -19.69054293, 774.50274412416843 ], [ -43.7478309, -19.68904275, 774.50274412416843 ], [ -43.74766792, -19.68729819, 774.50274412416843 ], [ -43.74675345, -19.68479755, 774.50274412416843 ], [ -43.74723073, -19.68482388, 774.50274412416843 ], [ -43.74810215, -19.68683536, 774.50274412416843 ], [ -43.74834505, -19.6888004, 774.50274412416843 ], [ -43.7497316, -19.68983992, 774.50274412416843 ], [ -43.74946806, -19.68632917, 865.9 ], [ -43.75009772, -19.68664119, 774.50274412416843 ], [ -43.75043028000001, -19.68715139, 855.07 ], [ -43.75161306, -19.68832889, 831.81 ], [ -43.75245722, -19.68863222, 825.31 ], [ -43.753773441176975, -19.688419110266643, 774.50274412416843 ], [ -43.75221619, -19.68839872, 774.50274412416843 ], [ -43.75167975, -19.688075470000012, 774.50274412416843 ], [ -43.75055268, -19.68718653, 774.50274412416843 ], [ -43.750650127996515, -19.686444109024659, 774.50274412416843 ], [ -43.74992572, -19.68598279, 774.50274412416843 ], [ -43.75017349, -19.68566665, 774.50274412416843 ], [ -43.750726540523821, -19.685861943670815, 774.50274412416843 ], [ -43.750945475505802, -19.684193911009196, 774.50274412416843 ], [ -43.75050213, -19.68427169, 774.50274412416843 ], [ -43.75035328, -19.68379052, 774.50274412416843 ], [ -43.75117403, -19.6799102, 774.50274412416843 ], [ -43.751591536003147, -19.679271421154414, 774.50274412416843 ], [ -43.75029028, -19.6792804, 774.50274412416843 ], [ -43.74760159, -19.68148383, 774.50274412416843 ], [ -43.74727425, -19.68139101, 774.50274412416843 ], [ -43.7472896, -19.68105001, 774.50274412416843 ], [ -43.7449704, -19.68190249, 774.50274412416843 ], [ -43.74488294, -19.68140469, 774.50274412416843 ], [ -43.74704664, -19.68050161, 774.50274412416843 ], [ -43.74797468, -19.67867632, 774.50274412416843 ], [ -43.74497172, -19.67941335, 774.50274412416843 ], [ -43.74473041, -19.6789582, 774.50274412416843 ], [ -43.7489576, -19.67789888, 774.50274412416843 ], [ -43.74728369, -19.67689265, 774.50274412416843 ], [ -43.74510805, -19.67672072, 774.50274412416843 ], [ -43.74243386, -19.67606333, 774.50274412416843 ], [ -43.74163207, -19.67553402, 774.50274412416843 ], [ -43.74200153, -19.67519767, 774.50274412416843 ], [ -43.74523775, -19.6761913, 774.50274412416843 ], [ -43.74748394, -19.67638439, 774.50274412416843 ], [ -43.74905687, -19.67722059, 774.50274412416843 ], [ -43.7503896, -19.67864003, 774.50274412416843 ], [ -43.75164013, -19.67869267, 774.50274412416843 ], [ -43.753887227975532, -19.679754257588797, 774.50274412416843 ], [ -43.75388861, -19.6775251, 774.50274412416843 ], [ -43.754175351799525, -19.677303248606776, 774.50274412416843 ], [ -43.754016492708345, -19.676171860489472, 774.50274412416843 ], [ -43.75138415, -19.67651412, 774.50274412416843 ], [ -43.74984188, -19.67610991, 774.50274412416843 ], [ -43.74873486, -19.67630144, 774.50274412416843 ], [ -43.74744635, -19.67547897, 774.50274412416843 ], [ -43.74601683, -19.67547623, 774.50274412416843 ], [ -43.74508339, -19.67516111, 774.50274412416843 ], [ -43.7453652, -19.6747838, 774.50274412416843 ], [ -43.74755522, -19.67494457, 774.50274412416843 ], [ -43.74876175, -19.67573588, 774.50274412416843 ], [ -43.74923429, -19.67567314, 774.50274412416843 ], [ -43.74807445, -19.67416168, 774.50274412416843 ], [ -43.74900366, -19.67296615, 774.50274412416843 ], [ -43.749093780340012, -19.672210732322711, 774.50274412416843 ], [ -43.74768734, -19.67047354, 774.50274412416843 ], [ -43.74886751, -19.66946326, 763.780936842104666 ], [ -43.750151703925496, -19.671153630643357, 774.50274412416843 ], [ -43.74833107, -19.66753361, 763.780936842104666 ], [ -43.75047684, -19.66723052, 763.780936842104666 ], [ -43.75167847, -19.66657383, 763.780936842104666 ], [ -43.753629738658184, -19.66620974694791, 763.780936842104666 ], [ -43.754584562659169, -19.665827813626109, 763.780936842104666 ], [ -43.75155611, -19.66647456, 763.780936842104666 ], [ -43.75061048, -19.66709045, 763.780936842104666 ], [ -43.7488494, -19.6673648, 763.780936842104666 ], [ -43.74790693, -19.66683079, 763.780936842104666 ], [ -43.74753695, -19.66500143, 763.780936842104666 ], [ -43.748875205969441, -19.662230549632415, 763.780936842104666 ], [ -43.74638315, -19.6573828, 763.780936842104666 ], [ -43.7465127, -19.65615172, 763.780936842104666 ], [ -43.74471671, -19.65638028, 763.780936842104666 ], [ -43.74373016, -19.65901764, 763.780936842104666 ], [ -43.74217193, -19.65989388, 763.780936842104666 ], [ -43.74180663, -19.66194274, 763.780936842104666 ], [ -43.741954831703389, -19.662374331444202, 763.780936842104666 ], [ -43.742295881704486, -19.662448981212879, 763.780936842104666 ], [ -43.74417965, -19.66208769, 763.780936842104666 ], [ -43.74507586, -19.6623605, 763.780936842104666 ], [ -43.74720364, -19.66427375, 763.780936842104666 ], [ -43.74684935, -19.66654912, 763.780936842104666 ], [ -43.74710255, -19.667778129999988, 763.780936842104666 ], [ -43.745545525635855, -19.668906439663047, 763.780936842104666 ], [ -43.74572394, -19.66927818, 763.780936842104666 ], [ -43.74609964, -19.66906004, 763.780936842104666 ], [ -43.74670634, -19.67007824, 774.50274412416843 ], [ -43.74627292, -19.67073701, 774.50274412416843 ], [ -43.74311686, -19.67368618, 774.50274412416843 ], [ -43.74236584, -19.67281736, 774.50274412416843 ], [ -43.74271243, -19.67213452, 774.50274412416843 ], [ -43.74198225, -19.67270755, 774.50274412416843 ], [ -43.7398577, -19.67071074, 774.50274412416843 ], [ -43.73904485, -19.66894133, 763.780936842104666 ], [ -43.739030043382293, -19.667933609687111, 763.780936842104666 ], [ -43.73753161, -19.66797851, 763.780936842104666 ], [ -43.73809279, -19.67031476, 774.50274412416843 ], [ -43.7398572, -19.67169943, 774.50274412416843 ], [ -43.73947881, -19.67319726, 774.50274412416843 ], [ -43.74025172, -19.67458162, 774.50274412416843 ], [ -43.74051754, -19.67669294, 774.50274412416843 ], [ -43.74002979, -19.67657843, 774.50274412416843 ], [ -43.73970409, -19.67474225, 774.50274412416843 ], [ -43.73891533, -19.67329613, 774.50274412416843 ], [ -43.73930535, -19.6718581, 774.50274412416843 ], [ -43.737714, -19.67074347, 774.50274412416843 ], [ -43.73724949, -19.66981943, 774.50274412416843 ], [ -43.73707318, -19.6683047, 763.780936842104666 ], [ -43.73544914, -19.6670456, 763.780936842104666 ], [ -43.73535893, -19.66810577, 763.780936842104666 ], [ -43.73476101, -19.66894797, 763.780936842104666 ], [ -43.73451933, -19.6702271, 774.50274412416843 ], [ -43.73345709, -19.67270415, 774.50274412416843 ], [ -43.73440521, -19.67459993, 774.50274412416843 ], [ -43.73393552, -19.67459316, 774.50274412416843 ], [ -43.7330364, -19.67333415, 774.50274412416843 ], [ -43.73289336, -19.67259424, 774.50274412416843 ], [ -43.73396943, -19.67007412, 774.50274412416843 ], [ -43.73423154, -19.6687377, 763.780936842104666 ], [ -43.73481315, -19.6679332, 763.780936842104666 ], [ -43.73493458, -19.66679664, 763.780936842104666 ], [ -43.73402853, -19.66711376, 763.780936842104666 ], [ -43.73316758, -19.66695714, 763.780936842104666 ], [ -43.73244533, -19.66895592, 763.780936842104666 ], [ -43.73170806, -19.66966912, 763.780936842104666 ], [ -43.73148557, -19.67084521, 774.50274412416843 ], [ -43.7320781, -19.67170397, 774.50274412416843 ], [ -43.73187674, -19.67217503, 774.50274412416843 ], [ -43.73128966, -19.67249956, 774.50274412416843 ], [ -43.73152612, -19.67400185, 774.50274412416843 ], [ -43.73285303, -19.67521547, 774.50274412416843 ], [ -43.73275195, -19.67561947, 774.50274412416843 ], [ -43.73143697, -19.67479923, 774.50274412416843 ], [ -43.73096938, -19.67413003, 774.50274412416843 ], [ -43.73067808, -19.67240596, 774.50274412416843 ], [ -43.73150278, -19.67168562, 774.50274412416843 ], [ -43.73092268, -19.67097189, 774.50274412416843 ], [ -43.73111127, -19.6701637, 774.50274412416843 ], [ -43.729849, -19.67071785, 774.50274412416843 ], [ -43.72925397, -19.672099909999989, 774.50274412416843 ], [ -43.72875332, -19.67190329, 774.50274412416843 ], [ -43.72921131, -19.67061073, 774.50274412416843 ], [ -43.73179253, -19.66890076, 763.780936842104666 ], [ -43.73204215, -19.66791191, 763.780936842104666 ], [ -43.73039026, -19.66824547, 763.780936842104666 ], [ -43.72949031, -19.66796235, 763.780936842104666 ], [ -43.728376611810305, -19.668570399235968, 763.780936842104666 ], [ -43.728272984823775, -19.669159603532961, 763.780936842104666 ], [ -43.72889042, -19.66851359, 763.780936842104666 ], [ -43.72959852, -19.66871565, 763.780936842104666 ], [ -43.72987747, -19.66942285, 763.780936842104666 ], [ -43.72846127, -19.6714636, 774.50274412416843 ], [ -43.7277360350366, -19.671213697610799, 774.50274412416843 ], [ -43.72687607, -19.67274851, 774.50274412416843 ], [ -43.72603637, -19.67312196, 774.50274412416843 ], [ -43.7253908, -19.67391293, 774.50274412416843 ], [ -43.72461496, -19.67354219, 774.50274412416843 ], [ -43.72428498, -19.67370212, 774.50274412416843 ], [ -43.7226817, -19.67337764, 774.50274412416843 ], [ -43.72262811, -19.67080802, 774.50274412416843 ], [ -43.72464606, -19.66779531, 763.780936842104666 ], [ -43.72520677, -19.66742887, 763.780936842104666 ], [ -43.72375887, -19.66490497, 763.780936842104666 ], [ -43.72386972, -19.66456584, 763.780936842104666 ], [ -43.72465769, -19.66498432, 763.780936842104666 ], [ -43.72569994, -19.66715406, 763.780936842104666 ], [ -43.72768593, -19.6681942, 763.780936842104666 ], [ -43.72883586, -19.66764466, 763.780936842104666 ], [ -43.72784016, -19.66636509, 763.780936842104666 ], [ -43.72730667, -19.66508648, 763.780936842104666 ], [ -43.72707922, -19.66368821, 763.780936842104666 ], [ -43.72758335, -19.66258393, 763.780936842104666 ], [ -43.72796649, -19.66282887, 763.780936842104666 ], [ -43.72765153, -19.6637223, 763.780936842104666 ], [ -43.72785794, -19.66493942, 763.780936842104666 ], [ -43.72864623, -19.666604039999989, 763.780936842104666 ], [ -43.72959315, -19.66742293, 763.780936842104666 ], [ -43.73040354, -19.6676994, 763.780936842104666 ], [ -43.73228268, -19.66738443, 763.780936842104666 ], [ -43.73295312, -19.66644969, 763.780936842104666 ], [ -43.7339663, -19.66656916, 763.780936842104666 ], [ -43.734872944335699, -19.666240307610455, 763.780936842104666 ], [ -43.73314501, -19.66560674, 763.780936842104666 ], [ -43.73107163, -19.66390363, 763.780936842104666 ], [ -43.730404303202135, -19.662426563482033, 763.780936842104666 ], [ -43.72952602, -19.66163742, 763.780936842104666 ], [ -43.7309569, -19.66108195, 763.780936842104666 ], [ -43.73209215, -19.6608884, 763.780936842104666 ], [ -43.73340577, -19.66178574, 763.780936842104666 ], [ -43.73383546, -19.66178943, 763.780936842104666 ], [ -43.73382367, -19.66213131, 763.780936842104666 ], [ -43.73326703, -19.66245666, 763.780936842104666 ], [ -43.73347988, -19.66339504, 763.780936842104666 ], [ -43.734451268849149, -19.664226818301533, 763.780936842104666 ], [ -43.73470077, -19.66372361, 763.780936842104666 ], [ -43.73534101, -19.66391176, 763.780936842104666 ], [ -43.73618643929256, -19.664869029735112, 763.780936842104666 ], [ -43.73725481, -19.66419093, 763.780936842104666 ], [ -43.73868056, -19.66454716, 763.780936842104666 ], [ -43.74125633, -19.66421674, 763.780936842104666 ], [ -43.741300670459637, -19.663938266745756, 763.780936842104666 ], [ -43.73982239, -19.66345978, 763.780936842104666 ], [ -43.73970795, -19.66286469, 763.780936842104666 ], [ -43.740308287227705, -19.661321358949856, 763.780936842104666 ], [ -43.73922428, -19.66097662, 763.780936842104666 ], [ -43.73764631, -19.66126488, 763.780936842104666 ], [ -43.73637109, -19.66062448, 763.780936842104666 ], [ -43.73630723, -19.66028138, 763.780936842104666 ], [ -43.73665281, -19.66016222, 763.780936842104666 ], [ -43.73795923, -19.66076438, 763.780936842104666 ], [ -43.73924142, -19.66043403, 763.780936842104666 ], [ -43.74130254, -19.66086665, 763.780936842104666 ], [ -43.74194036, -19.65927028, 763.780936842104666 ], [ -43.74325693, -19.65870555, 763.780936842104666 ], [ -43.74429831, -19.6559975, 763.780936842104666 ], [ -43.74508343, -19.65566653, 763.780936842104666 ], [ -43.74706438, -19.65549741, 763.780936842104666 ], [ -43.74738804, -19.65343522, 763.780936842104666 ], [ -43.74527235, -19.65360463, 763.780936842104666 ], [ -43.74498677, -19.65331787, 763.780936842104666 ], [ -43.74520638, -19.65306993, 763.780936842104666 ], [ -43.747424, -19.65289425, 763.780936842104666 ], [ -43.747504531607532, -19.650500884592759, 751.195352103090954 ], [ -43.74634315344835, -19.64905188643932, 874.429631352370052 ], [ -43.74332227698919, -19.647939492558503, 937.87 ], [ -43.74395671, -19.64538501, 763.780936842104666 ], [ -43.746250953191037, -19.644320039522103, 905.781 ], [ -43.747462280908685, -19.642135505436478, 893.672 ], [ -43.747561010874001, -19.638603273055448, 809.239 ], [ -43.746950747778904, -19.637388134920236, 756.929534606183665 ], [ -43.7455326, -19.63922372, 763.780936842104666 ], [ -43.7460275, -19.64175826, 763.780936842104666 ], [ -43.7456322, -19.64177364, 763.780936842104666 ], [ -43.74527175, -19.64117492, 763.780936842104666 ], [ -43.74496322, -19.63914314, 763.780936842104666 ], [ -43.74320055, -19.63954586, 763.780936842104666 ], [ -43.73650934, -19.64481655, 763.780936842104666 ], [ -43.735576729756708, -19.645977845391734, 763.780936842104666 ], [ -43.73745739000001, -19.64605334, 763.780936842104666 ], [ -43.73816013, -19.647073869999989, 763.780936842104666 ], [ -43.73970509, -19.64788221, 763.780936842104666 ], [ -43.739181876155712, -19.64906812826905, 763.780936842104666 ], [ -43.74035248, -19.64983398, 763.780936842104666 ], [ -43.74145322, -19.64997071, 763.780936842104666 ], [ -43.74164361, -19.65028714, 763.780936842104666 ], [ -43.74139511, -19.65050925, 763.780936842104666 ], [ -43.74041472, -19.65041629, 763.780936842104666 ], [ -43.73896123, -19.64957704, 763.780936842104666 ], [ -43.73743308000001, -19.65000171, 763.780936842104666 ], [ -43.735807777905237, -19.649914473731645, 763.780936842104666 ], [ -43.73530052, -19.6520083, 763.780936842104666 ], [ -43.73539779, -19.65402853, 763.780936842104666 ], [ -43.73579961, -19.65512209, 763.780936842104666 ], [ -43.73553645, -19.65674048, 763.780936842104666 ], [ -43.73490415, -19.65815978, 763.780936842104666 ], [ -43.73383908000001, -19.65954156, 763.780936842104666 ], [ -43.73348938, -19.65953311, 763.780936842104666 ], [ -43.73337253, -19.65922897, 763.780936842104666 ], [ -43.73492349, -19.65680472, 763.780936842104666 ], [ -43.73522669, -19.65527206, 763.780936842104666 ], [ -43.73483089, -19.65411349, 763.780936842104666 ], [ -43.73472685, -19.6520199, 763.780936842104666 ], [ -43.735135030697563, -19.650485928405505, 763.780936842104666 ], [ -43.73445332, -19.65106499, 763.780936842104666 ], [ -43.73352528, -19.64998386, 763.780936842104666 ], [ -43.73324633, -19.64877137, 763.780936842104666 ], [ -43.731983738393311, -19.647516426567648, 763.780936842104666 ], [ -43.73102779, -19.64896996, 763.780936842104666 ], [ -43.73095255, -19.65012125, 763.780936842104666 ], [ -43.73045067, -19.65099367, 763.780936842104666 ], [ -43.73105444, -19.65357038, 763.780936842104666 ], [ -43.73108169, -19.65688883, 763.780936842104666 ], [ -43.73023287, -19.65906814, 763.780936842104666 ], [ -43.72975911, -19.65880965, 763.780936842104666 ], [ -43.73048123, -19.65728023, 763.780936842104666 ], [ -43.73049994, -19.65383268, 763.780936842104666 ], [ -43.72986662, -19.65116232, 763.780936842104666 ], [ -43.73043478, -19.64975865, 763.780936842104666 ], [ -43.7275632, -19.65133645, 763.780936842104666 ], [ -43.72466735, -19.65210388, 763.780936842104666 ], [ -43.72431967, -19.65188725, 763.780936842104666 ], [ -43.724473, -19.65159801, 763.780936842104666 ], [ -43.72735341, -19.65083165, 763.780936842104666 ], [ -43.72975485, -19.64960538, 763.780936842104666 ], [ -43.73254359, -19.64601292, 763.780936842104666 ], [ -43.734885388761882, -19.646017709026161, 763.780936842104666 ], [ -43.73611722, -19.6444213, 763.780936842104666 ], [ -43.73717582, -19.64380976, 763.780936842104666 ], [ -43.74227986, -19.63941796, 763.780936842104666 ], [ -43.74491288, -19.638585499999987, 763.780936842104666 ], [ -43.7459139, -19.63786225, 763.780936842104666 ], [ -43.746618687349915, -19.636915164875159, 763.780936842104666 ], [ -43.74605656, -19.63644388, 763.780936842104666 ], [ -43.74494423, -19.63410427, 763.780936842104666 ], [ -43.74332417, -19.63448361, 890.05 ], [ -43.74318715, -19.63383694, 763.780936842104666 ], [ -43.74194861, -19.63289, 873.41 ], [ -43.741906449183759, -19.631898500155582, 763.780936842104666 ], [ -43.73992157, -19.63209534, 763.780936842104666 ], [ -43.740019349344784, -19.631834289309154, 763.780936842104666 ], [ -43.73991305, -19.63207342, 763.780936842104666 ], [ -43.74041883, -19.63425159, 763.780936842104666 ], [ -43.7403012, -19.63726568, 763.780936842104666 ], [ -43.73972899, -19.63773386, 763.780936842104666 ], [ -43.73818091, -19.6403157, 763.780936842104666 ], [ -43.73413849, -19.64265633, 763.780936842104666 ], [ -43.73317337, -19.64393616, 763.780936842104666 ], [ -43.73246384, -19.6441803, 763.780936842104666 ], [ -43.73077774, -19.64412689, 763.780936842104666 ], [ -43.72947693, -19.64554405, 763.780936842104666 ], [ -43.72723389, -19.64575768, 763.780936842104666 ], [ -43.72741699, -19.64733696, 763.780936842104666 ], [ -43.72671509, -19.64822578, 763.780936842104666 ], [ -43.72654724, -19.64915466, 763.780936842104666 ], [ -43.72563553, -19.64983177, 763.780936842104666 ], [ -43.72410965, -19.65032578, 763.780936842104666 ], [ -43.72262573, -19.65203857, 763.780936842104666 ], [ -43.72101593, -19.65123367, 772.508774258758308 ], [ -43.719880248545223, -19.650235966610943, 772.508774258758308 ], [ -43.71709047215429, -19.652127078687464, 772.508774258758308 ], [ -43.72113465, -19.65352599, 772.508774258758308 ], [ -43.72252334, -19.65528421, 772.508774258758308 ], [ -43.72305506, -19.65653407, 763.780936842104666 ], [ -43.72443877, -19.65757482, 763.780936842104666 ], [ -43.72616233, -19.65974092, 763.780936842104666 ], [ -43.72609847, -19.66008402, 763.780936842104666 ], [ -43.72566482, -19.66006455, 763.780936842104666 ], [ -43.72399831, -19.65792208, 763.780936842104666 ], [ -43.72272216, -19.65701658, 763.780936842104666 ], [ -43.72236977, -19.65638521, 772.508774258758308 ], [ -43.721595880327321, -19.657367029279857, 772.508774258758308 ], [ -43.72261154, -19.65776224, 763.780936842104666 ], [ -43.72089417, -19.65938517, 772.508774258758308 ], [ -43.71958869, -19.65973344, 772.508774258758308 ], [ -43.71921988, -19.66072753, 772.508774258758308 ], [ -43.71984182, -19.66119004, 772.508774258758308 ], [ -43.719912134514395, -19.662528717515674, 772.508774258758308 ], [ -43.72051656, -19.66382579, 772.508774258758308 ], [ -43.71921837, -19.6635429, 772.508774258758308 ], [ -43.71870456, -19.66447491, 772.508774258758308 ], [ -43.7182312, -19.66458893, 772.508774258758308 ], [ -43.7163353, -19.66384888, 772.508774258758308 ], [ -43.71604264, -19.66327378, 772.508774258758308 ], [ -43.71512532, -19.66300743, 772.508774258758308 ], [ -43.71471763, -19.6625831, 772.508774258758308 ], [ -43.7153399, -19.66172432, 772.508774258758308 ], [ -43.716660170350465, -19.661287277882884, 772.508774258758308 ], [ -43.71513496, -19.65915131, 772.508774258758308 ], [ -43.71537904, -19.65891855, 772.508774258758308 ], [ -43.71513573, -19.65821674, 772.508774258758308 ], [ -43.71474924, -19.65821397, 772.508774258758308 ], [ -43.71350622, -19.65920328, 772.508774258758308 ], [ -43.71284228, -19.65907832, 772.508774258758308 ], [ -43.71214849, -19.6583425, 772.508774258758308 ], [ -43.71192902, -19.65700867, 772.508774258758308 ], [ -43.711392922206791, -19.656202830806347, 772.508774258758308 ], [ -43.7118535, -19.65863296, 772.508774258758308 ], [ -43.709701207214493, -19.657603152580847, 822.86930206211855 ], [ -43.70938263, -19.65847867, 772.508774258758308 ], [ -43.71103889, -19.6592375, 824.6 ], [ -43.71127555, -19.66074035, 772.508774258758308 ], [ -43.71167474, -19.66105895, 772.508774258758308 ], [ -43.710327964968741, -19.662164547682412, 772.508774258758308 ], [ -43.71112649, -19.6624303, 772.508774258758308 ], [ -43.71312141, -19.66428956, 772.508774258758308 ], [ -43.71515091, -19.6653005, 772.508774258758308 ], [ -43.71783889, -19.66544375, 772.508774258758308 ], [ -43.71986502, -19.6643215, 772.508774258758308 ], [ -43.72204418, -19.66507011, 772.508774258758308 ], [ -43.72174829, -19.66544662, 772.508774258758308 ], [ -43.71990224, -19.66486579, 772.508774258758308 ], [ -43.71836676, -19.66578935, 772.508774258758308 ], [ -43.71974207, -19.6669224, 772.508774258758308 ], [ -43.72203144, -19.66797347, 772.508774258758308 ], [ -43.72198961, -19.66839146, 772.508774258758308 ], [ -43.72149, -19.66843277, 772.508774258758308 ], [ -43.71943272, -19.66737932, 772.508774258758308 ], [ -43.71774856, -19.66597979, 772.508774258758308 ], [ -43.71423923, -19.66559415, 772.508774258758308 ], [ -43.71246556, -19.66450881, 772.508774258758308 ], [ -43.71077612, -19.66285947, 772.508774258758308 ], [ -43.71003112, -19.66268312, 772.508774258758308 ], [ -43.71059343, -19.66457447, 772.508774258758308 ], [ -43.71230836, -19.66622045, 772.508774258758308 ], [ -43.71238043000001, -19.66737726, 772.508774258758308 ], [ -43.71525762, -19.66873589, 772.508774258758308 ], [ -43.71638168, -19.66896402, 772.508774258758308 ], [ -43.7169565, -19.66936423, 772.508774258758308 ], [ -43.71729071, -19.67022804, 843.02388104089016 ], [ -43.71820025, -19.67000296, 843.02388104089016 ], [ -43.71898414, -19.67054976, 843.02388104089016 ], [ -43.71859765, -19.67201424, 843.02388104089016 ], [ -43.71807273, -19.67196984, 843.02388104089016 ], [ -43.71708702, -19.67288349, 843.02388104089016 ], [ -43.716340092790027, -19.672621340340807, 843.02388104089016 ], [ -43.71696894, -19.67305144, 843.02388104089016 ], [ -43.71654735, -19.67430196, 843.02388104089016 ], [ -43.71388274, -19.67332256, 843.02388104089016 ], [ -43.71301714, -19.67272055, 843.02388104089016 ], [ -43.71323344, -19.66985333, 843.02388104089016 ], [ -43.71237034, -19.66877437, 772.508774258758308 ], [ -43.71138088, -19.66954771, 772.508774258758308 ], [ -43.71116385, -19.67050988, 843.02388104089016 ], [ -43.71078436, -19.67089926, 843.02388104089016 ], [ -43.70973847, -19.67127658, 843.02388104089016 ], [ -43.70935837, -19.67115331, 843.02388104089016 ], [ -43.70943267, -19.67076202, 843.02388104089016 ], [ -43.71060208, -19.6703351, 843.02388104089016 ], [ -43.71089491, -19.66925746, 772.508774258758308 ], [ -43.71201766, -19.66822549, 772.508774258758308 ], [ -43.71135511, -19.66700123, 772.508774258758308 ], [ -43.71178081, -19.6664402, 772.508774258758308 ], [ -43.710647866118727, -19.665481910109222, 772.508774258758308 ], [ -43.70885405, -19.66661262, 772.508774258758308 ], [ -43.708318147955531, -19.665864800746188, 772.508774258758308 ], [ -43.70843212, -19.66605783, 772.508774258758308 ], [ -43.703277512447912, -19.665085976949438, 772.508774258758308 ], [ -43.70120172, -19.66729132, 772.508774258758308 ], [ -43.7001204, -19.66748872, 772.508774258758308 ], [ -43.700951978552567, -19.669766734077179, 843.02388104089016 ], [ -43.702651810234642, -19.670075951063879, 843.02388104089016 ], [ -43.70314799, -19.66950582, 772.508774258758308 ], [ -43.70370137, -19.66935918, 772.508774258758308 ], [ -43.70411432, -19.66959738, 843.02388104089016 ], [ -43.704274971212115, -19.670371204902391, 843.02388104089016 ], [ -43.70785781, -19.67102287, 843.02388104089016 ], [ -43.70933467, -19.67288345, 843.02388104089016 ], [ -43.70993926, -19.67430913, 843.02388104089016 ], [ -43.70907341, -19.6744227, 843.02388104089016 ], [ -43.70636069, -19.67342504, 843.02388104089016 ], [ -43.7046254, -19.67422277, 843.02388104089016 ], [ -43.703492165387438, -19.674000597632265, 843.02388104089016 ], [ -43.7047042, -19.67428346, 843.02388104089016 ], [ -43.70393665000001, -19.67556192, 843.02388104089016 ], [ -43.70277093, -19.67644162, 843.02388104089016 ], [ -43.70118657, -19.67689446, 843.02388104089016 ], [ -43.70033561, -19.67611491, 843.02388104089016 ], [ -43.699460078203451, -19.6758526692252, 843.02388104089016 ], [ -43.70100889, -19.67679422, 843.02388104089016 ], [ -43.70007798, -19.67744379, 843.02388104089016 ], [ -43.697534945202158, -19.682576836743237, 843.02388104089016 ], [ -43.69883, -19.68276465, 843.02388104089016 ], [ -43.70036334, -19.6810738, 843.02388104089016 ], [ -43.70114258, -19.6771411, 843.02388104089016 ], [ -43.7031418, -19.6764456, 843.02388104089016 ], [ -43.70427784, -19.67559891, 843.02388104089016 ], [ -43.7068406, -19.67487335, 843.02388104089016 ], [ -43.70723395, -19.6750331, 843.02388104089016 ], [ -43.70709966, -19.67538262, 843.02388104089016 ], [ -43.70448908, -19.67610494, 843.02388104089016 ], [ -43.70340975, -19.6769263, 843.02388104089016 ], [ -43.70153769, -19.67753744, 843.02388104089016 ], [ -43.70098518, -19.68047738, 843.02388104089016 ], [ -43.70333413, -19.67951919, 843.02388104089016 ], [ -43.70439029, -19.67986656, 843.02388104089016 ], [ -43.7054036, -19.67965992, 843.02388104089016 ], [ -43.7066352, -19.6798932, 843.02388104089016 ], [ -43.70756463, -19.67964424, 843.02388104089016 ], [ -43.70773952, -19.68009938, 843.02388104089016 ], [ -43.70664977, -19.68043814, 843.02388104089016 ], [ -43.7053937, -19.68020743, 843.02388104089016 ], [ -43.70434206, -19.68040702, 843.02388104089016 ], [ -43.70316661, -19.68010425, 843.02388104089016 ], [ -43.70126481, -19.68095579, 843.02388104089016 ], [ -43.69962579, -19.68259697, 843.02388104089016 ], [ -43.70056518, -19.68318464, 843.02388104089016 ], [ -43.70217139, -19.68322168, 843.02388104089016 ], [ -43.70242642, -19.68469014, 843.02388104089016 ], [ -43.70341146, -19.68538558, 843.02388104089016 ], [ -43.70443019, -19.68499154, 843.02388104089016 ], [ -43.70468421, -19.68462603, 843.02388104089016 ], [ -43.70519182, -19.68191913, 843.02388104089016 ], [ -43.70606202, -19.68060473, 843.02388104089016 ], [ -43.7065374, -19.68088963, 843.02388104089016 ], [ -43.7057378, -19.68208698, 843.02388104089016 ], [ -43.70515699, -19.68493364, 843.02388104089016 ], [ -43.70535465, -19.68497684, 843.02388104089016 ], [ -43.70642706, -19.68340553, 843.02388104089016 ], [ -43.70786198, -19.68277139, 843.02388104089016 ], [ -43.70842304, -19.68194546, 843.02388104089016 ], [ -43.70955882, -19.68112708, 843.02388104089016 ], [ -43.70975901, -19.68082161, 843.02388104089016 ], [ -43.7090622, -19.6789202, 843.02388104089016 ], [ -43.70909844, -19.67798052, 843.02388104089016 ], [ -43.70979443, -19.67681507, 843.02388104089016 ], [ -43.7118851, -19.67491781, 843.02388104089016 ], [ -43.71228587, -19.674915, 843.02388104089016 ], [ -43.71233146, -19.67528443, 843.02388104089016 ], [ -43.71022008, -19.67717982, 843.02388104089016 ], [ -43.70964742, -19.67814043, 843.02388104089016 ], [ -43.70962628, -19.67881949, 843.02388104089016 ], [ -43.71022751, -19.680378, 843.02388104089016 ], [ -43.711738863800882, -19.678936961547663, 843.02388104089016 ], [ -43.71176702, -19.67667378, 843.02388104089016 ], [ -43.71258551149473, -19.676309416741105, 951.96150280981135 ], [ -43.71277236, -19.67570889, 843.02388104089016 ], [ -43.71382583, -19.67502056, 969.75 ], [ -43.715633229310043, -19.67519113241903, 981.908458364794569 ], [ -43.71649806, -19.67440139, 974.49 ], [ -43.71695528, -19.67469028, 963.66 ], [ -43.71692167, -19.67520583, 961.0 ], [ -43.716038987183687, -19.677310908339901, 931.936132495093034 ], [ -43.71566528, -19.67842333, 921.48 ], [ -43.71837944, -19.67908056, 854.55 ], [ -43.71866636, -19.67948105, 843.02388104089016 ], [ -43.71789081, -19.6780322, 843.02388104089016 ], [ -43.717794415196863, -19.67700021590511, 843.02388104089016 ], [ -43.71666003, -19.6764754, 843.02388104089016 ], [ -43.7165742, -19.67607131, 843.02388104089016 ], [ -43.71768999, -19.6747782, 843.02388104089016 ], [ -43.71843068494934, -19.67471010261848, 843.02388104089016 ], [ -43.71797778, -19.67298661, 843.02388104089016 ], [ -43.71816168, -19.6726849, 843.02388104089016 ], [ -43.7185336, -19.67286183, 843.02388104089016 ], [ -43.71949244, -19.67615213, 843.02388104089016 ], [ -43.71897746, -19.67639458, 843.02388104089016 ], [ -43.718371498232173, -19.677393083174628, 843.02388104089016 ], [ -43.7185184, -19.67807238, 843.02388104089016 ], [ -43.72095015, -19.67739186, 843.02388104089016 ], [ -43.72266665, -19.67569765, 774.50274412416843 ], [ -43.72304021, -19.67568177, 774.50274412416843 ], [ -43.72304751, -19.6762972, 774.50274412416843 ], [ -43.72126516, -19.67784506, 843.02388104089016 ], [ -43.71881418, -19.67857294, 843.02388104089016 ], [ -43.720561902052125, -19.68091203397919, 870.423377422099065 ], [ -43.720940759597681, -19.680864653039983, 879.131989886765268 ], [ -43.72130751, -19.68006816, 843.02388104089016 ], [ -43.72145895, -19.67870771, 843.02388104089016 ], [ -43.72313842, -19.67732833, 774.50274412416843 ], [ -43.72358124, -19.67499789, 774.50274412416843 ], [ -43.72414376, -19.67370141, 774.50274412416843 ], [ -43.72504694, -19.67376889, 990.56 ], [ -43.72651528, -19.67440333, 992.56 ], [ -43.72733306, -19.67638417, 996.84 ], [ -43.72671222, -19.67806389, 956.13 ], [ -43.72637333, -19.68044583, 922.65 ], [ -43.7250832510002, -19.681972569055226, 888.835772193285607 ], [ -43.72511338, -19.68234962, 774.50274412416843 ], [ -43.72255028, -19.68422306, 865.58 ], [ -43.72273139, -19.68639861, 878.6 ], [ -43.72120889, -19.68728361, 886.4 ], [ -43.71996472, -19.68518167, 841.49 ], [ -43.7205775, -19.68480861, 841.87 ], [ -43.720313336473467, -19.684426217844567, 839.134625122955867 ], [ -43.719193914785023, -19.684954446982452, 843.02388104089016 ], [ -43.72025289, -19.68806407, 843.02388104089016 ], [ -43.72010425, -19.68832973, 843.02388104089016 ], [ -43.72118761, -19.6894131, 843.02388104089016 ], [ -43.72115321, -19.69044116, 843.02388104089016 ], [ -43.72035673, -19.69079436, 843.02388104089016 ], [ -43.720059819439747, -19.689649837814887, 843.02388104089016 ], [ -43.718987, -19.68870351, 843.02388104089016 ], [ -43.71891334, -19.68595802, 843.02388104089016 ], [ -43.71837211, -19.68534641, 843.02388104089016 ], [ -43.71672162, -19.68618044, 843.02388104089016 ], [ -43.71183921, -19.68541757, 843.02388104089016 ], [ -43.71025812, -19.68633241, 843.02388104089016 ], [ -43.7082744, -19.68629293, 843.02388104089016 ], [ -43.70927629, -19.68821489, 843.02388104089016 ], [ -43.70930593, -19.689362, 843.02388104089016 ], [ -43.70902393, -19.68958719, 843.02388104089016 ], [ -43.70874983, -19.68939391, 843.02388104089016 ], [ -43.70858872, -19.68790141, 843.02388104089016 ], [ -43.70742913, -19.6862277, 843.02388104089016 ], [ -43.70669306, -19.68555932, 843.02388104089016 ], [ -43.70591819, -19.68573082, 843.02388104089016 ], [ -43.70468126, -19.6854798, 843.02388104089016 ], [ -43.70414946, -19.68570261, 843.02388104089016 ], [ -43.70531227, -19.68843414, 843.02388104089016 ], [ -43.70495209, -19.6886001, 843.02388104089016 ], [ -43.7045712, -19.68828997, 843.02388104089016 ], [ -43.70382841, -19.68623058, 843.02388104089016 ], [ -43.70334459, -19.68592516, 843.02388104089016 ], [ -43.70355114, -19.68752002, 843.02388104089016 ], [ -43.70283674, -19.68950968, 843.02388104089016 ], [ -43.70247463, -19.68979283, 843.02388104089016 ], [ -43.70222607, -19.6894766, 843.02388104089016 ], [ -43.70300185, -19.68704965, 843.02388104089016 ], [ -43.70275679, -19.68572149, 843.02388104089016 ], [ -43.70185263, -19.684780629999988, 843.02388104089016 ], [ -43.70183996, -19.68367109, 843.02388104089016 ], [ -43.70044085, -19.68371893, 843.02388104089016 ], [ -43.69967551, -19.68314121, 843.02388104089016 ], [ -43.69888917, -19.6833544, 843.02388104089016 ], [ -43.69735183, -19.68310298, 843.02388104089016 ], [ -43.695738092139301, -19.682402582414539, 843.02388104089016 ], [ -43.69464741, -19.68228328, 843.02388104089016 ], [ -43.69526385, -19.68387375, 843.02388104089016 ], [ -43.69398851, -19.68477391, 843.02388104089016 ], [ -43.69247879, -19.68447958, 843.02388104089016 ], [ -43.69168561, -19.68366195, 843.02388104089016 ], [ -43.691379444199356, -19.68085487820731, 843.02388104089016 ], [ -43.69135807, -19.6813824, 843.02388104089016 ], [ -43.68780884, -19.68341563, 843.02388104089016 ], [ -43.68618259, -19.68317497, 843.02388104089016 ], [ -43.68486325, -19.68347753, 843.02388104089016 ], [ -43.68477487, -19.68414196, 843.02388104089016 ], [ -43.68511742, -19.68490106, 843.02388104089016 ], [ -43.68489724, -19.68544008, 843.02388104089016 ], [ -43.68580596, -19.68556502, 843.02388104089016 ], [ -43.68750749, -19.68490133, 843.02388104089016 ], [ -43.68806687, -19.68496014, 843.02388104089016 ], [ -43.68851306, -19.6853581, 843.02388104089016 ], [ -43.68881192, -19.68634398, 843.02388104089016 ], [ -43.68995574, -19.68721504, 843.02388104089016 ], [ -43.690272239351629, -19.688210227262719, 843.02388104089016 ], [ -43.69511963, -19.68576847, 843.02388104089016 ], [ -43.695318830555436, -19.686333643467076, 843.02388104089016 ], [ -43.69605912, -19.68582323, 843.02388104089016 ], [ -43.69699495, -19.68578495, 843.02388104089016 ], [ -43.69696486, -19.68618627, 843.02388104089016 ], [ -43.69605605, -19.68640247, 843.02388104089016 ], [ -43.69563922, -19.68679948, 843.02388104089016 ], [ -43.69336099, -19.68961599, 843.02388104089016 ], [ -43.69238229, -19.69031194, 843.02388104089016 ], [ -43.69157808, -19.69031132, 843.02388104089016 ], [ -43.69149801, -19.69120315, 843.02388104089016 ], [ -43.69284585, -19.69263026, 843.02388104089016 ], [ -43.69458307, -19.69350796, 843.02388104089016 ], [ -43.69649916, -19.69020014, 843.02388104089016 ], [ -43.69747328, -19.69000495, 843.02388104089016 ], [ -43.69852446, -19.69028966, 843.02388104089016 ], [ -43.6983511, -19.69071703, 843.02388104089016 ], [ -43.69688816, -19.69061007, 843.02388104089016 ], [ -43.69641698, -19.69138995, 843.02388104089016 ], [ -43.696151786138522, -19.692038587430861, 843.02388104089016 ], [ -43.69691849, -19.69223337, 843.02388104089016 ], [ -43.69659662, -19.6948193, 843.02388104089016 ], [ -43.6958456, -19.69530416, 843.02388104089016 ], [ -43.69492292, -19.69508193, 843.02388104089016 ], [ -43.695058943844799, -19.693857459155524, 843.02388104089016 ], [ -43.69450603, -19.69419637, 843.02388104089016 ], [ -43.69420135, -19.69512518, 843.02388104089016 ], [ -43.69359704, -19.69581682, 843.02388104089016 ], [ -43.69448841, -19.69629407, 843.02388104089016 ], [ -43.69543523, -19.69634963, 843.02388104089016 ], [ -43.6965403, -19.69600619, 843.02388104089016 ], [ -43.697294, -19.696162759999989, 843.02388104089016 ], [ -43.69749248, -19.69645569, 843.02388104089016 ], [ -43.69680583, -19.69738499, 843.02388104089016 ], [ -43.695627301288731, -19.697669991319103, 843.02388104089016 ], [ -43.69659488, -19.69802778, 843.02388104089016 ], [ -43.69688441, -19.69913777, 843.02388104089016 ], [ -43.69772727, -19.69916153, 843.02388104089016 ], [ -43.69835702, -19.69876611, 843.02388104089016 ], [ -43.69929378, -19.69685895, 843.02388104089016 ], [ -43.70188738, -19.6939415, 843.02388104089016 ], [ -43.70220614, -19.69418411, 843.02388104089016 ], [ -43.702007837013568, -19.69448990976856, 843.02388104089016 ], [ -43.70280975, -19.69480279, 843.02388104089016 ], [ -43.70288705, -19.69706605, 843.02388104089016 ], [ -43.70258201, -19.69777363, 843.02388104089016 ], [ -43.703091560513066, -19.699068132176027, 843.02388104089016 ], [ -43.70340131, -19.69640451, 843.02388104089016 ], [ -43.704416290849274, -19.694922663784638, 843.02388104089016 ], [ -43.70419693, -19.69439888, 843.02388104089016 ], [ -43.70340665, -19.6939632, 843.02388104089016 ], [ -43.70207596, -19.69241142, 843.02388104089016 ], [ -43.70107776, -19.69208677, 843.02388104089016 ], [ -43.70122147, -19.69094467, 843.02388104089016 ], [ -43.70204955, -19.69043532, 843.02388104089016 ], [ -43.70332106, -19.69068207, 843.02388104089016 ], [ -43.70377032, -19.69032738, 843.02388104089016 ], [ -43.704049471885746, -19.690568984354091, 843.02388104089016 ], [ -43.70701981, -19.69093323, 843.02388104089016 ], [ -43.7074852, -19.69180679, 843.02388104089016 ], [ -43.70814299, -19.69201716, 843.02388104089016 ], [ -43.708432781823468, -19.691930069750974, 843.02388104089016 ], [ -43.70752788, -19.69171434, 843.02388104089016 ], [ -43.70721805, -19.69097857, 843.02388104089016 ], [ -43.70821322, -19.69105135, 843.02388104089016 ], [ -43.708483, -19.69057306, 843.02388104089016 ], [ -43.71075852, -19.68897513, 843.02388104089016 ], [ -43.71261125, -19.68878268, 843.02388104089016 ], [ -43.71413391, -19.6894156, 843.02388104089016 ], [ -43.7151852, -19.68938608, 843.02388104089016 ], [ -43.715531567223024, -19.690231239034784, 843.02388104089016 ], [ -43.71665382, -19.69011354, 843.02388104089016 ], [ -43.71782554, -19.69093194, 843.02388104089016 ], [ -43.71751055, -19.69124817, 843.02388104089016 ], [ -43.71647358, -19.69062947, 843.02388104089016 ], [ -43.71583651, -19.69069198, 843.02388104089016 ], [ -43.713797189107787, -19.692070766332929, 843.02388104089016 ], [ -43.713181866222605, -19.692875361588104, 843.02388104089016 ], [ -43.715086671001139, -19.693390185976657, 843.02388104089016 ], [ -43.71762514, -19.69255662, 843.02388104089016 ], [ -43.71930957, -19.69292026, 843.02388104089016 ], [ -43.72039318, -19.695688, 843.02388104089016 ], [ -43.719106560386116, -19.697094726120255, 843.02388104089016 ], [ -43.7193438, -19.69729902, 843.02388104089016 ], [ -43.71831131, -19.69756508, 843.02388104089016 ], [ -43.71689606, -19.69725227, 843.02388104089016 ], [ -43.71659088, -19.69722939, 843.02388104089016 ], [ -43.71583939, -19.69725418, 843.02388104089016 ], [ -43.71513748, -19.69744873, 843.02388104089016 ], [ -43.71430206, -19.6972065, 843.02388104089016 ], [ -43.71181107, -19.69707108, 843.02388104089016 ], [ -43.710167514166265, -19.695545629446872, 843.02388104089016 ], [ -43.70920082, -19.69621015, 843.02388104089016 ], [ -43.70813467, -19.69791555, 843.02388104089016 ], [ -43.711529042895542, -19.698866620352483, 843.02388104089016 ], [ -43.711988, -19.69712434, 843.02388104089016 ], [ -43.71490206, -19.69744726, 843.02388104089016 ], [ -43.71334282, -19.69963145, 843.02388104089016 ], [ -43.714264389897011, -19.698854203380836, 843.02388104089016 ], [ -43.71413204, -19.69860311, 843.02388104089016 ], [ -43.71495682, -19.69744654, 843.02388104089016 ], [ -43.71521968, -19.6974819, 843.02388104089016 ], [ -43.71590096, -19.69726977, 843.02388104089016 ], [ -43.71681903, -19.69729544, 843.02388104089016 ], [ -43.7174325, -19.69745917, 843.02388104089016 ], [ -43.71792066, -19.69801978, 843.02388104089016 ], [ -43.71800113, -19.69885311, 843.02388104089016 ], [ -43.71737349, -19.69895917, 843.02388104089016 ], [ -43.71694454, -19.69841657, 843.02388104089016 ], [ -43.71610119, -19.69804498, 843.02388104089016 ], [ -43.71394429, -19.69988687, 843.02388104089016 ], [ -43.71584629, -19.70027547, 843.02388104089016 ], [ -43.71718419, -19.70122043, 843.02388104089016 ], [ -43.71816773, -19.70143192, 843.02388104089016 ], [ -43.71907084, -19.70118078, 843.02388104089016 ], [ -43.719043, -19.69964678, 843.02388104089016 ], [ -43.7198312, -19.69909213, 843.02388104089016 ], [ -43.72387622, -19.69937555, 774.50274412416843 ], [ -43.72352689, -19.70034292, 774.50274412416843 ], [ -43.72133186, -19.70044861, 843.02388104089016 ], [ -43.719550329996956, -19.700179577110692, 843.02388104089016 ], [ -43.71944772, -19.70159474, 843.02388104089016 ], [ -43.71766061, -19.70194984, 843.02388104089016 ], [ -43.71563189, -19.70077936, 843.02388104089016 ], [ -43.712978698191748, -19.700056949019324, 843.02388104089016 ], [ -43.71296544, -19.70042761, 843.02388104089016 ], [ -43.71176296, -19.70076243, 843.02388104089016 ], [ -43.71065329, -19.69959869, 843.02388104089016 ], [ -43.711104160990352, -19.699354025220856, 843.02388104089016 ], [ -43.71018169, -19.69919675, 843.02388104089016 ], [ -43.7111533, -19.70082436, 843.02388104089016 ], [ -43.71408125, -19.70280984, 843.02388104089016 ], [ -43.71531321, -19.70456066, 843.02388104089016 ], [ -43.71506533, -19.70503149, 843.02388104089016 ], [ -43.71364206, -19.70315771, 843.02388104089016 ], [ -43.71267371, -19.70236856, 843.02388104089016 ], [ -43.710652425876511, -19.701117896341952, 843.02388104089016 ], [ -43.71019757, -19.70117558, 843.02388104089016 ], [ -43.7079481, -19.70011067, 843.02388104089016 ], [ -43.70735282, -19.70034745, 843.02388104089016 ], [ -43.706650976843903, -19.699547332743652, 843.02388104089016 ], [ -43.70545688, -19.70094209, 843.02388104089016 ], [ -43.704752481786073, -19.701219126138337, 843.02388104089016 ], [ -43.7053272, -19.70146789, 843.02388104089016 ], [ -43.70474411, -19.70218641, 843.02388104089016 ], [ -43.70493774, -19.70438108, 843.02388104089016 ], [ -43.70584174, -19.70822942, 843.02388104089016 ], [ -43.704455972219527, -19.708594329191307, 843.02388104089016 ], [ -43.70395302, -19.70996516, 843.02388104089016 ], [ -43.70482111, -19.70969731, 843.02388104089016 ], [ -43.70583937, -19.71017768, 843.02388104089016 ], [ -43.70735044, -19.71039215, 843.02388104089016 ], [ -43.70800306, -19.7100074, 843.02388104089016 ], [ -43.70842219, -19.70929228, 843.02388104089016 ], [ -43.70927432, -19.70606936, 843.02388104089016 ], [ -43.709948572628278, -19.705233107775758, 843.02388104089016 ], [ -43.710286282248603, -19.703283122409115, 843.02388104089016 ], [ -43.70880604, -19.7071423, 843.02388104089016 ], [ -43.70614529, -19.70809174, 843.02388104089016 ], [ -43.70613456, -19.70348591, 843.02388104089016 ], [ -43.70725036, -19.70211221, 843.02388104089016 ], [ -43.70617747, -19.70162737, 843.02388104089016 ], [ -43.70718598, -19.70041528, 843.02388104089016 ], [ -43.70795846, -19.70037487, 843.02388104089016 ], [ -43.71103764, -19.70166778, 843.02388104089016 ], [ -43.71268988, -19.70275866, 843.02388104089016 ], [ -43.71226072, -19.70413235, 843.02388104089016 ], [ -43.71320486, -19.70643527, 843.02388104089016 ], [ -43.71348381, -19.70793014, 843.02388104089016 ], [ -43.71279716, -19.70877857, 843.02388104089016 ], [ -43.71196032, -19.70898057, 843.02388104089016 ], [ -43.71032953, -19.70845536, 843.02388104089016 ], [ -43.70917082, -19.70873817, 843.02388104089016 ], [ -43.709236410141692, -19.708443153270231, 843.02388104089016 ], [ -43.70867123, -19.71005703, 843.02388104089016 ], [ -43.70749292, -19.71091717, 843.02388104089016 ], [ -43.70770809, -19.7111748, 843.02388104089016 ], [ -43.708017830887357, -19.71145414612835, 843.02388104089016 ], [ -43.7092065, -19.71107278, 843.02388104089016 ], [ -43.70993353, -19.71175929, 843.02388104089016 ], [ -43.70986543, -19.71185499, 843.02388104089016 ], [ -43.709550136050346, -19.712530064003765, 843.02388104089016 ], [ -43.710238827204961, -19.712135214166395, 843.02388104089016 ], [ -43.70985429, -19.71205539, 843.02388104089016 ], [ -43.70988662, -19.7118409, 843.02388104089016 ], [ -43.71077899, -19.71084793, 843.02388104089016 ], [ -43.7114165, -19.71108052, 843.02388104089016 ], [ -43.71232685, -19.71168832, 843.02388104089016 ], [ -43.711462334189079, -19.712534377362292, 843.02388104089016 ], [ -43.71228013, -19.71351314, 843.02388104089016 ], [ -43.71286239, -19.71365292, 843.02388104089016 ], [ -43.71552686, -19.71194633, 843.02388104089016 ], [ -43.71981658, -19.71269948, 843.02388104089016 ], [ -43.71968225, -19.713049, 843.02388104089016 ], [ -43.71888436, -19.71310691, 843.02388104089016 ], [ -43.71543342, -19.71252664, 843.02388104089016 ], [ -43.71340086, -19.71410186, 843.02388104089016 ], [ -43.71245336, -19.71411387, 843.02388104089016 ], [ -43.7120831, -19.71467831, 843.02388104089016 ], [ -43.712248839029463, -19.71529697211022, 843.02388104089016 ], [ -43.71263708, -19.71540649, 843.02388104089016 ], [ -43.71304669, -19.71508979, 843.02388104089016 ], [ -43.71346103, -19.71639158, 843.02388104089016 ], [ -43.714309882443537, -19.717554041561446, 843.02388104089016 ], [ -43.71609853, -19.71618036, 843.02388104089016 ], [ -43.717456382926876, -19.716212164881302, 831.737502292788236 ], [ -43.71775521, -19.71589616, 843.02388104089016 ], [ -43.71763833, -19.71559389, 843.07 ], [ -43.71912444, -19.715205279999985, 848.1 ], [ -43.71910167, -19.71663472, 853.25 ], [ -43.71875611, -19.71724361, 865.15 ], [ -43.71937836, -19.7202211, 843.02388104089016 ], [ -43.71849889, -19.72196667, 827.71 ], [ -43.71710556, -19.7237875, 844.54 ], [ -43.715751656088862, -19.723499394707503, 831.916232725265445 ], [ -43.71598103, -19.72363941, 843.02388104089016 ], [ -43.71512222, -19.72384262, 843.02388104089016 ], [ -43.71231383, -19.72284902, 843.02388104089016 ], [ -43.71089444, -19.72297154, 843.02388104089016 ], [ -43.7112943, -19.72138956, 843.02388104089016 ], [ -43.709041669773669, -19.720174229939811, 843.02388104089016 ], [ -43.70758108, -19.72180498, 843.02388104089016 ], [ -43.70631218, -19.72187953, 843.02388104089016 ], [ -43.70633767, -19.72227514, 843.02388104089016 ], [ -43.706862323727229, -19.722962800644876, 843.02388104089016 ], [ -43.70657413, -19.72199422, 843.02388104089016 ], [ -43.70850004, -19.72217074, 843.02388104089016 ], [ -43.708795, -19.72227225, 843.02388104089016 ], [ -43.70852768, -19.72348104, 843.02388104089016 ], [ -43.70871733, -19.72362697, 843.02388104089016 ], [ -43.70968737, -19.72402247, 843.02388104089016 ], [ -43.71026112, -19.72386396, 843.02388104089016 ], [ -43.71104166, -19.72409546, 843.02388104089016 ], [ -43.710395857812813, -19.724714935871397, 843.02388104089016 ], [ -43.710425275409136, -19.725701779338003, 843.02388104089016 ], [ -43.710897273703601, -19.725522446750876, 843.02388104089016 ], [ -43.71108055, -19.72400914, 843.02388104089016 ], [ -43.71224962, -19.72411041, 843.02388104089016 ], [ -43.712232274238822, -19.724328936051528, 843.02388104089016 ], [ -43.71251429, -19.72301575, 843.02388104089016 ], [ -43.71472948, -19.72381404, 843.02388104089016 ] ], [ [ -43.70078087000001, -19.69059694, 843.02388104089016 ], [ -43.69977096, -19.68856523, 843.02388104089016 ], [ -43.70114846, -19.687865269999989, 843.02388104089016 ], [ -43.7019091, -19.69030089, 843.02388104089016 ], [ -43.70078087000001, -19.69059694, 843.02388104089016 ] ] ] } }
]
}
