data;abertura;maxima;minima;fechamento;volume
2015-01-02;21,70;21,95;21,06;21,28;120672152,00
2015-01-05;20,76;21,13;20,51;20,96;173776434,00
2015-01-06;21,27;22,13;21,07;21,80;212788714,00
2015-01-07;22,32;22,81;21,97;22,60;135618045,00
2015-01-08;22,77;22,88;22,11;22,84;104941063,00
2015-01-09;22,59;22,85;22,29;22,35;80426260,00
2015-01-12;22,11;22,65;21,93;22,64;100940967,00
2015-01-13;22,70;23,13;22,51;22,51;138353492,00
2015-01-14;21,80;22,00;20,69;20,70;230101143,00
2015-01-15;20,80;21,26;20,45;20,94;120767192,00
2015-01-16;21,05;22,22;20,85;21,88;85680704,00
2015-01-19;21,45;21,68;21,30;21,65;45170451,00
2015-01-20;22,08;22,08;21,52;21,74;44663799,00
2015-01-21;21,87;22,28;21,51;22,08;62850131,00
2015-01-22;22,35;22,87;21,76;21,91;89307796,00
2015-01-23;21,50;21,60;20,47;20,52;151241415,00
2015-01-26;20,01;20,11;19,57;19,58;98493046,00
2015-01-27;19,37;19,54;18,58;19,00;104539827,00
2015-01-28;18,72;19,35;18,65;18,95;75852897,00
2015-01-29;19,00;19,21;17,91;18,05;158945414,00
2015-01-30;17,70;18,68;17,65;18,61;131716704,00
2015-02-02;18,95;19,82;18,65;19,74;122071091,00
2015-02-03;20,34;21,22;20,13;20,87;204861505,00
2015-02-04;20,88;21,17;20,16;20,55;151206912,00
2015-02-05;20,56;21,17;20,43;20,45;93971965,00
2015-02-06;20,21;20,63;19,96;20,42;88761115,00
2015-02-09;20,25;21,86;20,21;21,59;95206066,00
2015-02-10;21,28;21,61;20,40;20,40;117748383,00
2015-02-11;20,33;21,18;20,33;21,10;119451730,00
2015-02-12;21,70;21,87;21,27;21,58;121288815,00
2015-02-13;21,89;22,70;21,81;22,48;155415881,00
2015-02-18;22,70;23,00;22,68;22,71;132272780,00
2015-02-19;22,88;22,88;22,04;22,10;102713090,00
2015-02-20;22,21;22,71;21,95;22,62;56546818,00
2015-02-23;22,10;22,28;21,38;21,62;121138017,00
2015-02-24;21,65;22,29;21,59;22,04;140836565,00
2015-02-25;21,83;22,26;21,80;22,14;104727005,00
2015-02-26;21,87;21,94;20,88;21,25;156425773,00
2015-02-27;21,35;21,63;21,11;21,25;105830950,00
2015-03-02;21,16;21,25;20,39;20,56;95130559,00
2015-03-03;20,71;21,12;20,62;20,79;91093307,00
2015-03-04;20,48;20,67;20,09;20,39;121180851,00
2015-03-05;20,38;20,38;19,39;19,50;140902565,00
2015-03-06;19,45;19,87;19,07;19,59;141754274,00
2015-03-09;19,43;19,77;19,15;19,54;103781908,00
2015-03-10;19,13;19,53;19,04;19,10;109646334,00
2015-03-11;19,13;19,18;18,78;18,86;210702613,00
2015-03-12;19,12;19,56;18,86;18,86;197353779,00
2015-03-13;18,60;19,13;18,15;18,88;261898074,00
2015-03-16;19,07;19,33;18,53;18,90;143723226,00
2015-03-17;18,98;20,00;18,97;19,88;167794761,00
2015-03-18;19,55;19,71;19,13;19,59;182153968,00
2015-03-19;19,65;19,67;19,15;19,15;66955048,00
2015-03-20;19,47;20,25;19,09;20,25;201530072,00
2015-03-23;20,33;20,46;19,88;20,38;97471943,00
2015-03-24;20,20;20,43;19,41;19,58;101814039,00
2015-03-25;19,74;19,94;19,28;19,76;90576961,00
2015-03-26;19,60;19,81;18,92;18,92;131378238,00
2015-03-27;18,83;18,88;18,17;18,35;110210742,00
2015-03-30;18,62;18,73;18,23;18,62;74082343,00
2015-03-31;18,31;18,37;17,83;17,94;84427799,00
2015-04-01;17,78;17,81;17,37;17,54;184286680,00
2015-04-02;17,46;18,14;17,17;18,00;114392611,00
2015-04-06;18,24;18,50;17,88;18,13;85342041,00
2015-04-07;18,35;19,20;18,27;19,00;219987370,00
2015-04-08;19,45;19,55;18,63;18,75;122607521,00
2015-04-09;18,45;18,93;18,19;18,80;145873575,00
2015-04-10;18,80;18,93;18,42;18,42;70528581,00
2015-04-13;18,40;18,87;18,04;18,24;86546932,00
2015-04-14;18,55;19,25;18,55;18,75;128683324,00
2015-04-15;18,45;18,71;18,10;18,60;156081494,00
2015-04-16;18,46;18,72;18,01;18,06;85964548,00
2015-04-17;17,91;18,12;17,76;17,80;72379645,00
2015-04-20;17,86;18,12;17,71;17,73;53815545,00
2015-04-22;18,27;19,56;18,21;19,45;152599826,00
2015-04-23;19,26;21,25;19,26;21,09;166977889,00
2015-04-24;21,95;23,55;21,90;23,20;477897080,00
2015-04-27;23,35;24,81;23,04;23,46;399948742,00
2015-04-28;23,73;24,14;22,07;22,55;377393093,00
2015-04-29;21,65;21,87;21,09;21,11;295161751,00
2015-04-30;20,60;22,76;20,37;22,65;470153785,00
2015-05-04;24,10;24,78;23,72;24,78;244791966,00
2015-05-05;24,88;27,11;24,76;27,06;374052069,00
2015-05-06;27,50;27,89;24,88;24,93;457559485,00
2015-05-07;25,00;25,40;23,57;23,88;299064636,00
2015-05-08;24,45;24,70;22,71;22,75;240828079,00
2015-05-11;23,26;23,94;23,07;23,28;189953323,00
2015-05-12;23,20;23,59;22,26;22,33;141774160,00
2015-05-13;22,15;22,38;21,52;21,60;201641364,00
2015-05-14;21,55;22,05;21,14;21,33;153938890,00
2015-05-15;21,35;21,65;21,19;21,28;117443380,00
2015-05-18;21,21;21,50;20,24;20,24;206555705,00
2015-05-19;20,00;20,23;19,83;20,12;235845612,00
2015-05-20;20,01;20,48;19,80;19,85;131432171,00
2015-05-21;19,78;20,50;19,78;20,25;66941997,00
2015-05-22;20,50;20,69;20,16;20,26;121479594,00
2015-05-25;20,11;20,86;20,11;20,57;31282554,00
2015-05-26;20,64;21,18;20,50;20,79;141537053,00
2015-05-27;20,80;21,01;20,26;20,95;92381795,00
2015-05-28;20,52;20,75;20,28;20,54;78417433,00
2015-05-29;20,49;20,69;20,05;20,05;174673804,00
2015-06-01;20,07;20,39;19,79;20,04;135103428,00
2015-06-02;20,10;21,40;20,10;21,35;122063499,00
2015-06-03;21,36;21,54;20,75;20,89;100873890,00
2015-06-05;20,50;20,99;20,32;20,60;125524654,00
2015-06-08;20,53;20,65;20,09;20,10;94389065,00
2015-06-09;19,95;20,62;19,90;19,98;126978202,00
2015-06-10;20,55;21,35;20,39;21,21;109420157,00
2015-06-11;21,44;21,72;21,07;21,33;132062587,00
2015-06-12;21,12;21,31;20,94;21,16;76215149,00
2015-06-15;20,88;21,03;20,25;20,34;89737099,00
2015-06-16;20,15;20,18;19,69;19,75;125025075,00
2015-06-17;19,75;19,83;19,30;19,47;104092441,00
2015-06-18;19,65;20,40;19,49;20,40;110440798,00
2015-06-19;20,14;20,35;19,85;20,32;63625307,00
2015-06-22;20,50;20,53;19,69;19,69;101820556,00
2015-06-23;20,17;20,17;19,81;19,81;57025653,00
2015-06-24;20,08;20,18;19,71;19,80;57030430,00
2015-06-25;19,85;19,88;19,13;19,32;98465616,00
2015-06-26;19,39;19,63;19,06;19,62;58255270,00
2015-06-29;19,18;19,49;19,01;19,20;55460648,00
2015-06-30;19,04;19,20;18,16;18,29;98725151,00
2015-07-01;18,32;18,61;17,97;18,11;44428729,00
2015-07-02;17,89;18,36;17,75;18,07;76903198,00
2015-07-03;17,90;18,08;17,56;17,68;34515128,00
2015-07-06;17,45;17,68;17,24;17,65;81740082,00
2015-07-07;17,50;18,05;16,64;17,93;137860145,00
2015-07-08;17,35;17,82;17,03;17,16;144542153,00
2015-07-10;17,99;18,05;17,11;17,11;84486255,00
2015-07-13;17,40;18,52;16,94;18,50;202632389,00
2015-07-14;18,17;18,21;17,66;17,82;94148462,00
2015-07-15;18,08;18,19;17,11;17,11;112752942,00
2015-07-16;17,32;17,69;17,28;17,64;50197666,00
2015-07-17;17,73;17,74;17,28;17,45;51044979,00
2015-07-20;17,40;17,92;17,30;17,31;61259824,00
2015-07-21;17,41;18,03;17,20;17,55;102734689,00
2015-07-22;17,25;17,46;16,84;17,29;134573835,00
2015-07-23;17,31;17,93;17,28;17,32;102756617,00
2015-07-24;17,32;17,55;16,54;16,79;94805371,00
2015-07-27;16,75;17,55;16,41;16,76;106151276,00
2015-07-28;17,17;18,20;17,06;18,09;190011722,00
2015-07-29;18,40;18,70;18,20;18,35;136091187,00
2015-07-30;19,10;19,81;17,39;17,45;184843956,00
2015-07-31;17,53;18,04;17,13;17,87;150866883,00
2015-08-03;17,81;17,94;17,30;17,59;74957506,00
2015-08-04;17,92;18,31;17,92;18,10;70460959,00
2015-08-05;18,65;19,28;18,65;19,01;146530265,00
2015-08-06;18,76;19,79;18,67;19,58;200153711,00
2015-08-07;19,45;19,49;18,42;18,42;125147484,00
2015-08-10;18,55;19,56;18,33;19,35;223228790,00
2015-08-11;18,85;19,04;18,11;18,60;212789317,00
2015-08-12;18,40;19,13;18,15;18,92;232869680,00
2015-08-13;19,00;19,50;18,44;18,48;112478369,00
2015-08-14;18,50;18,75;18,20;18,20;119949326,00
2015-08-17;18,10;18,33;17,97;18,01;77515744,00
2015-08-18;18,05;18,05;17,42;17,42;78258310,00
2015-08-19;17,40;17,49;16,68;16,84;88379171,00
2015-08-20;16,91;17,34;16,73;17,17;104355993,00
2015-08-21;16,95;17,16;16,70;16,70;84558087,00
2015-08-24;15,14;16,40;14,77;15,40;166989664,00
2015-08-25;16,14;16,28;15,35;15,35;94774823,00
2015-08-26;15,73;15,95;15,28;15,90;102857784,00
2015-08-27;16,20;17,69;16,18;17,69;143488769,00
2015-08-28;17,45;18,39;17,21;17,31;109719319,00
2015-08-31;17,02;18,09;16,96;17,92;140156350,00
2015-09-01;17,31;17,96;17,10;17,10;111375056,00
2015-09-02;17,52;18,20;17,26;18,11;188732853,00
2015-09-03;18,18;19,37;18,10;18,73;167819596,00
2015-09-04;18,35;18,60;18,05;18,24;218762710,00
2015-09-08;18,97;19,20;18,63;18,93;123110951,00
2015-09-09;19,40;19,94;18,94;19,06;149305093,00
2015-09-10;18,70;20,06;18,66;19,94;190982991,00
2015-09-11;20,23;20,56;19,17;19,45;160753184,00
2015-09-14;19,32;19,59;18,80;19,15;109104767,00
2015-09-15;19,10;19,26;18,52;18,60;113688755,00
2015-09-16;18,82;19,27;18,63;19,04;123523229,00
2015-09-17;18,88;20,28;18,88;19,49;142035766,00
2015-09-18;19,46;20,41;19,39;19,91;224263729,00
2015-09-21;20,01;20,28;19,63;19,93;104419133,00
2015-09-22;19,45;19,71;18,84;19,46;157195628,00
2015-09-23;19,46;19,65;18,90;18,90;102840974,00
2015-09-24;18,35;18,99;18,35;18,45;113354174,00
2015-09-25;18,66;18,92;17,82;17,93;80135224,00
2015-09-28;17,70;17,70;16,57;16,59;127085155,00
2015-09-29;16,80;17,18;16,43;16,48;129006636,00
2015-09-30;16,96;17,05;16,33;16,58;110879522,00
2015-10-01;16,81;17,51;16,71;17,22;103747644,00
2015-10-02;17,08;17,93;16,87;17,82;124161963,00
2015-10-05;18,10;18,39;18,00;18,14;64938063,00
2015-10-06;18,35;18,55;18,00;18,31;83570190,00
2015-10-07;19,30;20,30;19,30;20,15;192139144,00
2015-10-08;20,07;20,18;19,68;20,06;117429569,00
2015-10-09;20,53;20,83;20,20;20,79;248135628,00
2015-10-13;19,97;20,00;18,55;18,58;167763689,00
2015-10-14;18,70;19,17;18,60;18,70;250909434,00
2015-10-15;18,86;19,05;18,43;18,97;99585433,00
2015-10-16;18,86;18,86;18,20;18,42;98124840,00
2015-10-19;18,41;18,55;17,71;17,80;119693280,00
2015-10-20;17,90;17,97;17,35;17,61;72139920,00
2015-10-21;17,60;18,28;17,59;18,09;66651944,00
2015-10-22;18,20;19,00;18,17;18,51;134605353,00
2015-10-23;19,25;19,33;18,35;18,60;158204069,00
2015-10-26;18,55;18,65;17,83;17,86;91016073,00
2015-10-27;17,81;17,91;16,95;17,03;130530685,00
2015-10-28;16,86;16,92;16,40;16,57;157584728,00
2015-10-29;16,21;16,50;16,14;16,14;96057371,00
2015-10-30;16,31;17,06;16,30;17,06;103043378,00
2015-11-03;17,25;17,75;16,84;17,75;140357325,00
2015-11-04;18,17;18,35;17,07;17,40;127402722,00
2015-11-05;17,41;17,41;16,64;16,95;100069445,00
2015-11-06;16,16;16,36;15,59;15,67;160332007,00
2015-11-09;15,64;15,84;15,36;15,44;46325592,00
2015-11-10;15,35;15,43;15,13;15,38;71601049,00
2015-11-11;15,51;15,84;15,06;15,32;61134558,00
2015-11-12;15,15;15,32;15,00;15,05;85496264,00
2015-11-13;15,09;15,39;15,00;15,37;57837683,00
2015-11-16;15,38;15,53;14,99;15,05;74990205,00
2015-11-17;15,10;15,10;14,49;14,52;67484036,00
2015-11-18;14,45;14,94;14,35;14,59;89754685,00
2015-11-19;14,88;15,00;14,50;14,64;59470887,00
2015-11-23;14,34;14,48;14,06;14,25;82024152,00
2015-11-24;14,11;14,64;13,88;14,47;66372648,00
2015-11-25;14,22;14,51;14,06;14,06;71962269,00
2015-11-26;14,12;14,27;14,09;14,19;54977633,00
2015-11-27;14,08;14,08;13,30;13,30;81248512,00
2015-11-30;13,04;13,39;12,60;13,17;179162717,00
2015-12-01;13,00;13,32;12,59;12,84;89440068,00
2015-12-02;12,84;13,03;12,25;12,94;124381475,00
2015-12-03;12,85;13,20;12,74;12,87;93570874,00
2015-12-04;12,84;12,90;12,16;12,35;78829853,00
2015-12-07;12,35;12,45;12,06;12,21;38320041,00
2015-12-08;11,94;11,94;11,25;11,65;91295777,00
2015-12-09;11,95;12,42;11,79;12,08;89036798,00
2015-12-10;12,10;12,68;12,05;12,67;123839686,00
2015-12-11;12,19;12,42;11,91;12,21;102410678,00
2015-12-14;12,18;12,55;12,18;12,46;70555336,00
2015-12-15;12,60;13,12;12,60;12,88;89208810,00
2015-12-16;12,71;13,47;12,71;13,25;59065149,00
2015-12-17;13,50;13,60;12,74;12,74;75769916,00
2015-12-18;12,32;12,96;12,32;12,89;140985466,00
2015-12-21;13,10;13,36;12,29;12,29;87684602,00
2015-12-22;12,38;12,63;12,24;12,55;70804162,00
2015-12-23;13,12;13,57;12,92;13,22;95568611,00
2015-12-28;13,00;13,17;12,56;12,64;39416347,00
2015-12-29;12,61;12,81;12,30;12,72;36705357,00
2015-12-30;12,88;13,14;12,63;13,03;67977989,00
2016-01-04;12,49;12,98;12,48;12,69;58457807,00
2016-01-05;12,67;12,84;12,41;12,52;33894476,00
2016-01-06;12,08;12,11;11,59;11,60;80221601,00
2016-01-07;11,26;11,37;10,88;10,91;71334915,00
2016-01-08;11,07;11,25;10,54;10,54;47962815,00
2016-01-11;10,50;10,76;10,14;10,24;58561175,00
2016-01-12;10,46;10,46;9,38;9,41;73161921,00
2016-01-13;9,61;9,85;8,80;9,00;84630348,00
2016-01-14;9,15;9,73;8,94;9,65;104745798,00
2016-01-15;9,17;9,51;8,99;9,37;123121248,00
2016-01-18;9,31;9,71;8,89;8,89;32152322,00
2016-01-19;9,51;9,62;9,18;9,18;102972024,00
2016-01-20;8,97;9,31;8,71;9,21;99252763,00
2016-01-21;9,21;9,80;9,14;9,14;101031383,00
2016-01-22;9,45;9,75;8,98;9,03;136777030,00
2016-01-26;8,79;9,06;8,63;8,95;63862326,00
2016-01-27;8,95;9,63;8,86;9,41;74039848,00
2016-01-28;9,41;9,91;9,19;9,33;80965444,00
2016-01-29;9,32;9,82;9,04;9,72;133268545,00
2016-02-01;9,63;9,74;9,35;9,50;63640632,00
2016-02-02;9,19;9,31;8,60;8,60;52405197,00
2016-02-03;8,75;9,18;8,70;9,01;56363545,00
2016-02-04;9,58;10,60;9,36;10,34;142877717,00
2016-02-05;10,29;10,79;10,13;10,23;96742254,00
2016-02-10;10,00;10,42;9,85;10,20;45513299,00
2016-02-11;9,95;10,06;9,61;9,87;65364385,00
2016-02-12;10,05;10,47;10,05;10,25;58711352,00
2016-02-15;10,68;10,80;10,51;10,51;23650016,00
2016-02-16;10,52;11,38;10,52;11,29;81933680,00
2016-02-17;11,69;12,70;11,51;11,91;154402087,00
2016-02-18;11,92;12,17;11,49;11,51;110527111,00
2016-02-19;11,41;12,11;11,37;11,83;88910169,00
2016-02-22;12,50;13,17;12,43;13,14;160968565,00
2016-02-23;12,98;13,44;12,32;12,38;125509743,00
2016-02-24;11,77;11,95;11,49;11,71;99728386,00
2016-02-25;11,17;11,62;10,91;11,02;81880706,00
2016-02-26;11,39;11,54;10,89;11,00;64434489,00
2016-02-29;11,23;12,02;11,19;11,81;146715785,00
2016-03-01;12,20;12,96;12,14;12,81;178811506,00
2016-03-02;12,81;14,22;12,74;14,22;213914269,00
2016-03-03;14,48;16,09;13,92;15,62;259198416,00
2016-03-04;16,72;18,33;16,03;16,55;467212680,00
2016-03-07;17,75;18,60;16,68;17,58;361136817,00
2016-03-08;16,81;17,09;15,03;15,03;279093871,00
2016-03-09;15,33;15,53;14,04;14,50;174448317,00
2016-03-10;15,00;15,00;13,28;14,00;155161380,00
2016-03-11;14,07;14,65;13,74;13,87;158894542,00
2016-03-14;13,90;14,15;13,28;13,44;121032450,00
2016-03-15;12,99;13,51;12,81;13,48;127788396,00
2016-03-16;13,52;14,87;13,41;14,82;143667924,00
2016-03-17;15,62;16,01;14,78;15,50;213894064,00
2016-03-18;15,89;16,10;14,94;15,33;217206421,00
2016-03-21;15,49;15,88;14,87;15,15;121228824,00
2016-03-22;14,99;15,60;14,95;15,43;95922721,00
2016-03-23;15,29;15,37;14,05;14,12;118994177,00
2016-03-24;13,99;15,21;13,68;15,05;115640431,00
2016-03-28;15,72;15,72;14,78;15,17;101681842,00
2016-03-29;15,10;15,40;14,44;15,09;119400490,00
2016-03-30;15,38;16,36;15,32;15,54;134951968,00
2016-03-31;15,20;15,56;14,85;15,15;125748923,00
2016-04-01;14,89;15,92;14,65;15,51;112801353,00
2016-04-04;15,61;15,91;14,75;14,79;95424647,00
2016-04-05;14,50;15,52;14,46;15,29;81881195,00
2016-04-06;15,08;15,49;14,91;15,07;95502305,00
2016-04-07;15,42;15,47;14,85;15,01;70786461,00
2016-04-08;15,50;16,34;15,36;16,24;102206041,00
2016-04-11;16,46;17,34;16,45;16,97;168513214,00
2016-04-12;17,50;19,10;17,38;18,74;163442794,00
2016-04-13;19,76;20,59;19,30;19,57;259110105,00
2016-04-14;19,91;20,04;18,02;18,20;161304454,00
2016-04-15;18,40;18,95;17,76;18,60;134820889,00
2016-04-18;18,70;19,47;18,56;19,05;126567403,00
2016-04-19;19,75;20,91;19,62;20,46;141301812,00
2016-04-20;20,57;22,19;20,53;21,76;267141431,00
2016-04-22;20,01;20,57;19,19;19,33;308163713,00
2016-04-25;19,20;19,20;18,02;18,06;254396032,00
2016-04-26;18,12;19,01;17,35;18,69;293681022,00
2016-04-27;18,71;19,63;18,18;19,45;298623173,00
2016-04-28;20,47;20,88;19,45;19,79;235901419,00
2016-04-29;20,26;20,93;19,69;19,69;247529671,00
2016-05-02;20,14;20,31;19,10;19,87;116777948,00
2016-05-03;19,14;19,40;18,46;18,66;136839097,00
2016-05-04;17,60;18,17;17,20;17,40;209939694,00
2016-05-05;17,80;17,83;16,30;16,66;204936948,00
2016-05-06;16,37;17,43;16,17;16,88;175302382,00
2016-05-09;16,10;16,34;15,05;15,23;196587408,00
2016-05-10;15,60;15,96;15,13;15,87;125029426,00
2016-05-11;16,23;16,45;15,58;15,94;107205807,00
2016-05-12;16,06;16,25;15,22;15,44;73255469,00
2016-05-13;15,41;15,88;14,60;14,68;157239506,00
2016-05-16;14,60;15,66;14,60;14,93;90278910,00
2016-05-17;15,18;15,74;14,61;15,13;131248569,00
2016-05-18;14,82;15,31;14,69;14,71;98529321,00
2016-05-19;14,34;14,92;14,07;14,89;129358228,00
2016-05-20;15,25;15,39;13,95;14,13;101319663,00
2016-05-23;13,66;14,68;13,66;14,44;98212144,00
2016-05-24;14,61;14,79;13,95;14,02;85577178,00
2016-05-25;14,10;14,72;13,99;14,62;160851533,00
2016-05-27;14,70;14,91;14,29;14,29;59107042,00
2016-05-30;14,39;14,47;14,12;14,28;15973142,00
2016-05-31;14,07;14,93;13,94;14,22;156411009,00
2016-06-01;14,09;14,50;13,80;14,43;69934947,00
2016-06-02;14,37;14,95;14,21;14,95;71852211,00
2016-06-03;15,26;16,32;15,11;16,24;112583309,00
2016-06-06;16,61;16,93;16,25;16,89;105236286,00
2016-06-07;16,84;17,35;16,48;16,57;93680415,00
2016-06-08;16,78;17,16;16,58;17,00;101886134,00
2016-06-09;16,80;16,80;15,49;15,70;180934253,00
2016-06-10;15,14;15,32;14,82;14,95;89956211,00
2016-06-13;14,66;15,49;14,50;15,20;97213177,00
2016-06-14;15,11;15,39;14,42;14,63;109727151,00
2016-06-15;14,80;15,51;14,76;15,00;144641134,00
2016-06-16;14,79;15,40;14,64;15,23;95216246,00
2016-06-17;15,64;15,93;15,08;15,28;132182985,00
2016-06-20;15,77;16,00;15,51;15,57;65849953,00
2016-06-21;15,62;15,67;15,11;15,60;60491961,00
2016-06-22;15,81;16,24;15,80;15,85;78173661,00
2016-06-23;16,26;16,64;15,95;16,59;67175983,00
2016-06-24;15,48;15,83;15,10;15,21;130426205,00
2016-06-27;15,31;15,45;14,61;14,80;77974634,00
2016-06-28;15,20;15,69;15,17;15,46;82222828,00
2016-06-29;15,88;16,04;15,65;15,71;77425364,00
2016-06-30;15,89;16,34;15,72;16,27;111814409,00
2016-07-01;16,31;16,82;15,96;16,62;86005208,00
2016-07-04;16,86;17,15;16,86;16,97;26793330,00
2016-07-05;16,61;17,03;15,94;16,06;89556665,00
2016-07-06;15,84;16,33;15,51;16,29;65790629,00
2016-07-07;16,35;16,74;15,73;16,02;90229419,00
2016-07-08;16,26;16,65;16,12;16,19;63638181,00
2016-07-11;16,55;16,95;16,47;16,86;80239750,00
2016-07-12;17,44;17,92;17,37;17,69;167172533,00
2016-07-13;17,75;17,92;17,07;17,82;114691803,00
2016-07-14;18,10;18,10;17,05;17,35;155733470,00
2016-07-15;17,36;17,67;17,13;17,34;66242538,00
2016-07-18;17,35;17,60;17,03;17,58;75570582,00
2016-07-19;17,24;17,33;16,51;16,84;138082205,00
2016-07-20;16,83;17,03;16,40;16,51;124484055,00
2016-07-21;16,89;17,54;16,84;17,40;130585485,00
2016-07-22;17,28;17,36;16,75;17,15;76568436,00
2016-07-25;17,34;17,45;16,94;17,42;89371987,00
2016-07-26;17,46;18,60;17,39;18,42;168102715,00
2016-07-27;18,60;19,09;18,60;18,92;99107271,00
2016-07-28;19,06;19,20;18,38;19,04;170421074,00
2016-07-29;18,90;18,90;18,11;18,50;139985603,00
2016-08-01;18,80;19,08;17,90;17,90;122152065,00
2016-08-02;18,01;18,48;17,65;17,99;74961038,00
2016-08-03;17,91;18,92;17,65;18,82;138846814,00
2016-08-04;18,58;19,09;18,37;18,76;129552828,00
2016-08-05;19,11;19,22;18,73;18,97;80558508,00
2016-08-08;19,05;19,38;18,76;18,98;66259390,00
2016-08-09;19,05;19,39;18,91;18,99;100229605,00
2016-08-10;19,19;19,22;18,09;18,09;170398924,00
2016-08-11;18,15;18,44;17,90;18,41;111758262,00
2016-08-12;18,34;18,38;17,77;17,96;106609449,00
2016-08-15;18,08;18,49;18,01;18,43;67890448,00
2016-08-16;18,58;19,25;18,55;18,98;96466404,00
2016-08-17;18,80;19,18;18,42;19,12;100941446,00
2016-08-18;19,14;19,34;18,67;18,92;76965641,00
2016-08-19;18,90;19,29;18,68;19,08;80265285,00
2016-08-22;18,94;18,94;18,28;18,38;89389852,00
2016-08-23;18,75;19,20;18,70;18,75;110797627,00
2016-08-24;18,60;18,80;18,02;18,15;127787108,00
2016-08-25;18,20;18,54;18,09;18,18;128525718,00
2016-08-26;18,31;18,60;17,55;17,71;108104408,00
2016-08-29;17,85;18,30;17,75;18,10;81844098,00
2016-08-30;18,11;18,19;17,61;17,65;62429404,00
2016-08-31;17,65;17,70;16,84;16,94;161264961,00
2016-09-01;17,05;17,53;17,02;17,44;92062345,00
2016-09-02;17,70;18,37;17,65;18,24;124149964,00
2016-09-05;18,39;18,39;17,85;17,90;45079068,00
2016-09-06;17,99;18,32;17,69;18,27;92734838,00
2016-09-08;18,01;18,17;17,66;17,79;143462477,00
2016-09-09;17,66;17,71;16,86;16,86;99427602,00
2016-09-12;16,84;17,55;16,58;17,49;124891583,00
2016-09-13;17,08;17,14;16,16;16,27;133037697,00
2016-09-14;16,50;16,86;16,36;16,64;60760318,00
2016-09-15;16,78;17,00;16,45;16,64;37767569,00
2016-09-16;16,58;16,60;16,22;16,41;86801127,00
2016-09-19;16,75;16,92;16,49;16,66;54862237,00
2016-09-20;16,72;16,80;16,38;16,70;55743427,00
2016-09-21;17,21;17,65;17,10;17,65;132129111,00
2016-09-22;17,86;17,96;17,32;17,55;94733979,00
2016-09-23;17,47;17,84;17,31;17,65;84032979,00
2016-09-26;17,39;17,68;17,38;17,44;40826847,00
2016-09-27;17,35;17,63;17,10;17,60;55292196,00
2016-09-28;17,68;18,22;17,65;18,19;89154503,00
2016-09-29;18,21;18,42;17,87;17,99;79759735,00
2016-09-30;18,02;18,08;17,66;17,81;81121563,00
2016-10-03;17,85;18,27;17,75;18,10;66735565,00
2016-10-04;18,20;18,30;17,56;17,65;95083411,00
2016-10-05;17,88;18,01;17,71;17,86;57554646,00
2016-10-06;17,84;17,95;17,70;17,80;74396453,00
2016-10-07;17,97;18,28;17,72;18,00;181013025,00
2016-10-10;18,24;19,09;18,16;19,05;166818745,00
2016-10-11;18,88;19,10;18,40;18,60;181181621,00
2016-10-13;18,25;18,25;17,70;17,75;329805901,00
2016-10-14;18,10;18,33;17,97;18,02;124711955,00
2016-10-17;18,09;18,45;17,98;18,24;94284004,00
2016-10-18;18,50;18,88;18,34;18,77;178498685,00
2016-10-19;18,76;18,92;18,51;18,62;85549955,00
2016-10-20;18,67;19,17;18,65;19,10;179402659,00
2016-10-21;19,15;20,20;18,88;19,91;317612486,00
2016-10-24;20,30;20,61;20,02;20,30;147288703,00
2016-10-25;20,83;21,35;20,62;21,35;244663930,00
2016-10-26;21,10;21,86;20,82;21,77;219978770,00
2016-10-27;22,10;22,31;21,66;22,00;223566114,00
2016-10-28;21,85;22,47;21,83;22,14;221352333,00
2016-10-31;22,15;22,34;21,66;22,08;143967276,00
2016-11-01;22,37;22,65;21,57;22,30;165784705,00
2016-11-03;22,05;22,66;21,88;21,96;199061192,00
2016-11-04;21,81;22,12;21,44;21,61;161371260,00
2016-11-07;22,39;23,21;22,20;23,13;117472768,00
2016-11-08;23,01;24,30;22,98;23,97;114917069,00
2016-11-09;23,60;25,89;23,32;25,00;337639737,00
2016-11-10;25,96;27,41;25,80;26,87;276309303,00
2016-11-11;27,69;28,01;25,80;25,98;404005450,00
2016-11-14;25,82;26,74;25,56;26,46;186187178,00
2016-11-16;25,09;25,32;24,17;25,15;185944565,00
2016-11-17;25,49;25,60;24,74;24,74;209733635,00
2016-11-18;24,60;24,87;23,72;24,57;166791102,00
2016-11-21;24,75;25,90;24,65;25,83;160145542,00
2016-11-22;27,07;27,88;26,90;27,77;203997338,00
2016-11-23;27,75;28,37;27,34;28,17;182030447,00
2016-11-24;28,29;28,53;27,59;27,59;75166468,00
2016-11-25;27,53;28,90;27,51;28,90;176875372,00
2016-11-28;29,00;31,01;28,59;31,01;264494469,00
2016-11-29;30,43;30,45;28,86;29,18;279541395,00
2016-11-30;28,98;29,55;27,92;28,06;423978126,00
2016-12-01;29,07;30,25;27,91;28,47;345357432,00
2016-12-02;27,81;29,49;27,45;29,49;273873347,00
2016-12-05;29,77;30,15;29,21;29,60;130685521,00
2016-12-06;29,32;30,00;29,13;30,00;144679045,00
2016-12-07;30,88;31,48;30,43;31,03;194989578,00
2016-12-08;31,30;31,65;30,00;30,13;157571694,00
2016-12-09;30,28;30,40;29,46;29,61;178561948,00
2016-12-12;29,79;30,05;29,19;29,49;107666493,00
2016-12-13;28,95;29,51;28,06;28,33;177828239,00
2016-12-14;28,15;28,67;27,50;27,88;217299687,00
2016-12-15;27,80;28,63;27,34;28,23;148232723,00
2016-12-16;28,28;28,59;27,75;27,75;177350202,00
2016-12-19;27,70;27,94;25,99;26,05;170132268,00
2016-12-20;26,21;26,64;25,92;26,58;120381762,00
2016-12-21;26,71;26,94;26,22;26,48;97697798,00
2016-12-22;25,90;26,03;25,21;25,38;100412824,00
2016-12-23;25,46;25,72;25,18;25,19;107284620,00
2016-12-26;25,33;26,07;25,14;25,99;22069591,00
2016-12-27;26,23;26,39;25,83;25,86;51207572,00
2016-12-28;26,21;26,92;26,21;26,68;167248170,00
2016-12-29;26,68;26,85;25,50;25,68;123590835,00
2017-01-02;25,28;25,49;25,05;25,06;28261350,00
2017-01-03;25,51;26,17;25,40;26,17;146274252,00
2017-01-04;26,06;26,23;25,36;25,70;55177058,00
2017-01-05;25,98;26,90;25,78;26,68;107092005,00
2017-01-06;26,29;26,59;25,86;25,97;109822735,00
2017-01-09;26,30;26,85;26,27;26,50;90785059,00
2017-01-10;27,42;28,54;27,42;28,54;101180784,00
2017-01-11;28,81;29,19;28,33;29,13;101008239,00
2017-01-12;30,08;30,42;29,71;30,07;165315405,00
2017-01-13;29,89;31,20;29,70;30,99;136237266,00
2017-01-16;31,20;32,11;31,20;31,82;64243603,00
2017-01-17;31,23;31,30;30,49;30,57;184095066,00
2017-01-18;30,35;32,69;30,35;32,11;470817361,00
2017-01-19;32,00;32,02;31,03;31,47;166928569,00
2017-01-20;30,99;32,43;30,95;32,10;199876799,00
2017-01-23;32,21;33,48;32,19;33,31;144192666,00
2017-01-24;34,07;34,72;33,27;34,13;183159903,00
2017-01-26;34,42;34,63;33,60;33,60;179287332,00
2017-01-27;33,48;34,20;33,41;33,70;109429933,00
2017-01-30;33,22;33,49;32,14;32,25;102056923,00
2017-01-31;32,70;32,95;32,11;32,18;131493331,00
2017-02-01;32,70;33,51;32,68;32,89;195493996,00
2017-02-02;32,41;33,44;32,41;32,66;132156045,00
2017-02-03;32,00;32,00;30,39;30,61;212071102,00
2017-02-06;30,66;30,77;29,87;29,92;107527276,00
2017-02-07;30,64;31,33;30,08;30,24;131561681,00
2017-02-08;30,79;30,82;30,04;30,59;117383720,00
2017-02-09;30,52;31,35;30,26;31,08;124215307,00
2017-02-10;32,16;32,80;32,10;32,80;163832613,00
2017-02-13;34,21;35,85;34,02;35,81;398362990,00
2017-02-14;35,53;35,56;34,03;34,40;161469281,00
2017-02-15;34,70;34,75;33,69;33,82;226215598,00
2017-02-16;33,78;34,44;33,62;33,77;178219250,00
2017-02-17;33,61;34,30;33,39;34,07;201004973,00
2017-02-20;35,89;36,56;35,78;36,43;218739550,00
2017-02-21;36,84;37,28;35,28;35,54;226104256,00
2017-02-22;35,33;35,33;34,03;34,69;235672515,00
2017-02-23;35,19;35,25;32,80;33,17;421908193,00
2017-02-24;32,15;33,91;32,00;32,72;328651430,00
2017-03-01;33,05;33,38;32,85;33,17;108249098,00
2017-03-02;33,30;33,60;31,35;31,46;218687193,00
2017-03-03;31,89;32,29;31,36;31,82;218414198,00
2017-03-06;31,40;31,61;30,68;31,10;198670494,00
2017-03-07;31,19;31,87;30,80;30,92;207137393,00
2017-03-08;31,22;31,35;29,83;30,12;175902450,00
2017-03-09;29,45;30,58;29,07;30,18;261598296,00
2017-03-10;30,66;31,02;29,65;29,65;167912023,00
2017-03-13;30,74;31,38;30,70;31,01;179411168,00
2017-03-14;30,75;31,50;30,29;31,17;127224003,00
2017-03-15;31,91;33,32;31,57;33,32;241607078,00
2017-03-16;33,62;33,84;32,28;32,53;147897324,00
2017-03-17;32,69;32,77;31,30;31,30;462675946,00
2017-03-20;31,15;31,89;30,90;31,63;105235673,00
2017-03-21;30,89;30,97;28,95;29,04;192655901,00
2017-03-22;28,45;30,08;28,29;29,40;206165753,00
2017-03-23;29,04;29,63;28,43;29,24;205685871,00
2017-03-24;29,50;29,51;28,55;29,00;113305935,00
2017-03-27;27,99;29,62;27,25;29,39;195983756,00
2017-03-28;29,67;30,00;29,36;29,81;132492097,00
2017-03-29;30,08;30,52;29,55;30,11;93760803,00
2017-03-30;30,00;30,39;29,75;30,10;68248966,00
2017-03-31;29,53;30,35;29,29;29,79;120121150,00
2017-04-03;29,81;30,00;29,09;29,51;120323039,00
2017-04-04;29,56;30,71;29,30;30,65;74087591,00
2017-04-05;31,00;31,48;29,27;29,45;189308504,00
2017-04-06;29,73;29,89;28,65;28,91;169021613,00
2017-04-07;28,20;29,54;27,93;29,15;216527096,00
2017-04-10;29,14;29,27;28,38;29,03;109129239,00
2017-04-11;29,08;29,29;27,82;28,66;145430119,00
2017-04-12;27,60;28,00;27,28;27,42;173045637,00
2017-04-13;27,38;27,90;27,28;27,42;120631961,00
2017-04-17;27,25;27,47;26,68;27,43;145673490,00
2017-04-18;26,55;26,76;26,15;26,61;190911366,00
2017-04-19;26,90;27,44;26,54;26,67;171038150,00
2017-04-20;27,29;28,10;27,12;28,05;127604096,00
2017-04-24;27,95;27,96;27,09;27,45;91925721,00
2017-04-25;27,32;28,35;27,12;28,35;130518000,00
2017-04-26;28,29;28,59;27,73;27,73;167587271,00
2017-04-27;27,89;28,16;26,42;26,83;251642087,00
2017-04-28;27,14;27,71;27,07;27,47;132073982,00
2017-05-02;27,70;28,18;27,60;28,06;218041439,00
2017-05-03;27,60;27,71;26,31;26,32;213010443,00
2017-05-04;25,95;25,95;25,06;25,35;195595575,00
2017-05-05;25,20;26,40;25,20;26,05;111454219,00
2017-05-08;26,00;26,15;25,43;26,03;117654784,00
2017-05-09;26,40;26,82;26,18;26,50;105589443,00
2017-05-10;26,88;27,05;26,18;26,56;120651436,00
2017-05-11;26,62;26,71;26,18;26,32;89986329,00
2017-05-12;26,68;26,70;25,74;25,91;100541267,00
2017-05-15;26,07;26,65;25,92;26,65;193892132,00
2017-05-16;26,82;27,42;26,68;27,26;190842357,00
2017-05-17;27,33;27,48;26,63;26,84;146452645,00
2017-05-18;25,00;27,40;25,00;26,86;540119643,00
2017-05-19;27,15;27,97;27,00;27,25;178348993,00
2017-05-22;27,25;28,17;26,92;27,92;221256650,00
2017-05-23;27,75;28,36;27,16;28,26;153310083,00
2017-05-24;28,13;28,13;27,27;27,52;119205069,00
2017-05-25;27,51;27,94;27,15;27,70;110194884,00
2017-05-26;27,49;27,92;27,33;27,86;82096179,00
2017-05-29;27,58;28,75;27,58;28,06;83560047,00
2017-05-30;28,15;28,90;27,92;28,60;88013794,00
2017-05-31;28,20;28,27;26,87;27,17;257191122,00
2017-06-01;27,15;27,37;26,49;26,67;185075083,00
2017-06-02;26,90;26,99;26,39;26,78;69542064,00
2017-06-05;26,35;26,65;26,22;26,49;91527675,00
2017-06-06;26,31;27,16;26,31;26,58;157801587,00
2017-06-07;26,90;27,04;26,33;26,45;156795150,00
2017-06-08;26,35;27,28;26,32;27,02;139133535,00
2017-06-09;27,16;27,54;26,93;27,30;142748426,00
2017-06-12;27,39;27,51;26,53;26,84;140004780,00
2017-06-13;26,65;26,89;26,15;26,37;120610871,00
2017-06-14;26,64;26,73;25,81;26,10;200005339,00
2017-06-16;25,81;26,01;25,40;25,56;333955370,00
2017-06-19;25,99;26,89;25,90;26,39;152766407,00
2017-06-20;26,12;26,14;25,52;25,71;112876868,00
2017-06-21;25,90;26,78;25,80;26,47;72697994,00
2017-06-22;26,45;27,51;26,32;27,02;128339166,00
2017-06-23;27,02;27,49;26,77;27,24;132452165,00
2017-06-26;27,34;27,67;27,30;27,47;111370512,00
2017-06-27;28,35;28,95;27,89;27,92;212704530,00
2017-06-28;28,51;28,88;28,34;28,79;244058090,00
2017-06-29;29,12;29,37;28,51;28,90;125514477,00
2017-06-30;28,95;29,19;28,66;29,00;137450466,00
2017-07-03;29,26;29,71;29,10;29,65;64152867,00
2017-07-04;29,46;29,62;29,36;29,62;31242603,00
2017-07-05;29,63;29,85;28,72;28,93;187264291,00
2017-07-06;28,84;28,98;28,44;28,92;139258693,00
2017-07-07;29,12;29,38;28,43;28,89;134050911,00
2017-07-10;28,90;29,75;28,62;29,71;148612429,00
2017-07-11;29,83;30,09;29,64;30,04;148151140,00
2017-07-12;30,20;30,29;29,47;29,90;254314441,00
2017-07-13;30,11;30,24;29,02;29,18;228291097,00
2017-07-14;29,45;29,71;29,30;29,52;110875416,00
2017-07-17;29,85;30,27;29,64;29,72;139528585,00
2017-07-18;29,90;30,04;29,52;29,90;119042228,00
2017-07-19;30,01;30,17;29,73;29,90;131784400,00
2017-07-20;29,83;29,83;28,65;28,72;171631466,00
2017-07-21;28,70;29,04;28,32;28,50;156983567,00
2017-07-24;28,62;29,16;28,50;29,13;121980780,00
2017-07-25;29,56;30,65;29,56;30,61;353632178,00
2017-07-26;30,90;30,90;29,65;29,66;321164828,00
2017-07-27;29,66;30,21;29,27;29,70;166304811,00
2017-07-28;29,53;30,35;29,33;30,34;155008964,00
2017-07-31;31,50;31,52;31,04;31,30;197233177,00
2017-08-01;31,25;31,25;30,70;31,06;134065523,00
2017-08-02;30,70;31,27;30,54;31,11;191353880,00
2017-08-03;31,14;31,23;30,64;30,68;155889181,00
2017-08-04;30,96;31,49;30,74;31,23;142828199,00
2017-08-07;31,60;32,43;31,59;32,42;251019368,00
2017-08-08;32,09;32,62;31,56;32,05;311147216,00
2017-08-09;32,00;32,25;31,70;31,92;250985948,00
2017-08-10;31,79;32,03;31,39;31,50;233991043,00
2017-08-11;31,27;31,27;30,56;30,80;420059746,00
2017-08-14;30,78;31,47;30,54;31,30;528416549,00
2017-08-15;31,30;31,45;30,69;31,12;554374566,00
2017-08-16;31,40;32,07;31,32;31,73;826097993,00
2017-08-17;31,89;32,04;31,11;31,20;444328067,00
2017-08-18;31,80;32,05;31,41;31,55;774389957,00
2017-08-21;31,99;32,24;31,71;31,75;639148062,00
2017-08-22;32,35;32,39;31,71;31,86;616510694,00
2017-08-23;31,74;32,55;31,60;32,54;499645701,00
2017-08-24;32,56;34,00;32,33;33,88;686637232,00
2017-08-25;34,12;34,33;33,42;33,83;554367266,00
2017-08-28;33,70;34,49;33,65;34,36;514070968,00
2017-08-29;34,00;34,66;33,91;34,44;538601840,00
2017-08-30;34,50;34,71;34,24;34,34;482620145,00
2017-08-31;34,92;35,18;34,45;35,08;1974731802,00
2017-09-01;35,50;35,98;35,26;35,67;804222790,00
2017-09-04;35,38;36,19;35,31;36,10;537441143,00
2017-09-05;36,50;36,69;35,18;35,60;868431080,00
2017-09-06;35,82;36,09;35,47;35,80;648197585,00
2017-09-08;35,69;36,11;34,47;34,48;804134835,00
2017-09-11;34,80;35,21;34,73;35,09;670106618,00
2017-09-12;35,37;35,73;35,23;35,26;572245115,00
2017-09-13;35,05;35,13;34,39;34,77;761740408,00
2017-09-14;34,00;34,10;33,35;33,62;818373746,00
2017-09-15;33,36;34,14;33,30;33,80;1158181592,00
2017-09-18;33,81;34,31;33,78;34,25;635846965,00
2017-09-19;33,80;33,99;33,33;33,92;576516887,00
2017-09-20;33,88;34,15;32,77;33,17;806842275,00
2017-09-21;32,65;32,77;32,16;32,51;849043437,00
2017-09-22;32,15;32,38;31,85;31,91;543114980,00
2017-09-25;31,80;32,29;31,00;31,09;660191230,00
2017-09-26;31,47;31,93;31,41;31,50;542252807,00
2017-09-27;31,98;32,25;31,03;31,93;830579091,00
2017-09-28;31,51;31,85;31,28;31,75;554293767,00
2017-09-29;32,14;32,40;31,61;31,87;512673355,00
2017-10-02;32,25;32,43;31,87;31,90;436410925,00
2017-10-03;32,09;32,68;31,76;32,68;757584260,00
2017-10-04;32,88;33,07;32,61;32,61;575893642,00
2017-10-05;33,00;33,19;32,24;32,27;564792519,00
2017-10-06;32,07;32,15;31,83;32,14;398544126,00
2017-10-09;32,05;32,10;31,26;31,50;426556423,00
2017-10-10;31,65;31,70;30,94;31,32;631488046,00
2017-10-11;30,94;31,49;30,73;31,10;716771924,00
2017-10-13;32,10;33,10;32,00;32,91;1022028201,00
2017-10-16;33,38;33,64;32,83;33,35;1196533396,00
2017-10-17;33,11;33,32;32,58;32,58;651366417,00
2017-10-18;32,76;32,95;31,79;32,27;684804295,00
2017-10-19;31,75;33,07;31,71;33,00;600606407,00
2017-10-20;33,75;33,78;32,95;32,95;812048113,00
2017-10-23;33,00;33,20;32,64;32,71;392846604,00
2017-10-24;32,88;33,83;32,55;33,83;667868589,00
2017-10-25;33,63;33,86;33,07;33,55;559246147,00
2017-10-26;33,87;33,90;32,67;32,67;836766087,00
2017-10-27;32,29;32,87;32,03;32,55;564637247,00
2017-10-30;32,19;32,93;31,84;32,35;628514203,00
2017-10-31;32,42;32,69;32,01;32,10;472975548,00
2017-11-01;32,80;33,28;32,69;32,82;979692563,00
2017-11-03;33,20;33,54;33,00;33,54;974592297,00
2017-11-06;33,89;34,34;33,83;34,34;900077440,00
2017-11-07;34,24;34,24;33,52;33,52;685581284,00
2017-11-08;33,81;33,95;33,45;33,94;390868993,00
2017-11-09;33,70;33,71;32,80;32,80;637627702,00
2017-11-10;32,78;33,03;32,50;32,77;399788939,00
2017-11-13;32,84;33,44;32,59;33,14;410779369,00
2017-11-14;33,02;33,10;31,94;32,16;758972456,00
2017-11-16;32,46;32,79;32,03;32,60;529243373,00
2017-11-17;32,59;33,17;32,32;32,92;451495007,00
2017-11-21;33,29;34,05;33,15;34,05;801041123,00
2017-11-22;34,40;34,97;34,28;34,74;768638434,00
2017-11-23;34,83;35,35;34,57;35,20;419065223,00
2017-11-24;35,18;35,85;35,11;35,79;1097478069,00
2017-11-27;35,46;35,78;35,08;35,41;534439699,00
2017-11-28;35,45;36,65;35,25;36,25;1031401247,00
2017-11-29;36,28;36,58;35,63;35,70;653991424,00
2017-11-30;35,70;36,08;34,93;35,14;897057674,00
2017-12-01;35,20;35,97;34,89;35,48;609757970,00
2017-12-04;35,96;36,98;35,85;36,83;826000669,00
2017-12-05;36,81;37,40;36,02;36,02;948853706,00
2017-12-06;35,58;35,99;35,36;35,76;727320701,00
2017-12-07;35,05;35,50;34,90;35,34;700059219,00
2017-12-08;35,81;35,95;35,46;35,48;765161114,00
2017-12-11;35,83;36,00;35,48;35,76;529686722,00
2017-12-12;35,63;36,18;35,22;36,18;630620138,00
2017-12-13;36,43;36,48;36,05;36,11;765885906,00
2017-12-14;35,91;36,58;35,79;36,24;642287629,00
2017-12-15;36,51;37,28;36,36;36,89;1215814051,00
2017-12-18;37,49;38,02;37,34;37,84;917370975,00
2017-12-19;37,71;38,10;37,64;37,85;531864758,00
2017-12-20;37,97;39,21;37,97;39,15;745871562,00
2017-12-21;39,10;39,73;39,08;39,73;464971299,00
2017-12-22;39,34;39,83;39,22;39,79;402090044,00
2017-12-26;39,61;40,00;39,02;39,85;395600380,00
2017-12-27;39,80;40,21;39,63;39,86;396560567,00
2017-12-28;40,01;40,26;39,93;40,26;399988754,00
2018-01-02;40,44;41,74;40,44;41,72;584490551,00
2018-01-03;41,83;41,88;41,30;41,47;530011942,00
2018-01-04;41,81;42,37;41,52;41,64;774747912,00
2018-01-05;41,57;42,29;41,31;42,29;638897201,00
2018-01-08;42,40;43,23;42,40;43,23;624702239,00
2018-01-09;43,58;43,75;42,93;43,07;692635956,00
2018-01-10;42,74;42,95;42,42;42,47;517775599,00
2018-01-11;42,60;43,30;42,60;43,30;439432600,00
2018-01-12;42,95;43,66;42,75;43,55;652035283,00
2018-01-15;43,50;43,72;43,27;43,47;315487028,00
2018-01-16;42,98;43,14;42,30;42,30;858879617,00
2018-01-17;42,40;43,22;42,36;43,15;707945960,00
2018-01-18;43,50;43,61;42,68;42,86;463740293,00
2018-01-19;43,20;43,40;42,60;42,88;480193446,00
2018-01-22;43,10;43,16;42,22;42,65;493060038,00
2018-01-23;41,99;42,11;40,80;40,87;1005678548,00
2018-01-24;41,21;42,13;41,14;41,78;921090140,00
2018-01-26;41,85;41,88;40,71;41,43;793958021,00
2018-01-29;41,10;42,24;41,04;41,89;697169334,00
2018-01-30;41,70;41,96;41,23;41,47;547302650,00
2018-01-31;41,75;42,68;41,45;41,45;960097834,00
2018-02-01;41,60;42,47;41,57;41,79;920862393,00
2018-02-02;41,65;41,65;40,75;40,80;735811060,00
2018-02-05;40,60;42,04;40,33;40,35;923610479,00
2018-02-06;40,01;42,47;39,93;42,47;1078958144,00
2018-02-07;42,43;42,72;41,70;41,71;868494891,00
2018-02-08;41,69;42,13;41,07;41,59;787830337,00
2018-02-09;41,40;42,40;41,03;42,00;950851013,00
2018-02-14;43,40;44,55;43,26;44,51;1139832997,00
2018-02-15;45,01;45,96;44,95;45,95;1414199108,00
2018-02-16;45,82;46,19;45,47;46,03;968157606,00
2018-02-19;46,10;46,80;45,96;46,45;593221468,00
2018-02-20;46,05;46,45;45,24;45,51;845977795,00
2018-02-21;45,51;45,96;44,71;44,80;1099598850,00
2018-02-22;45,23;45,68;45,12;45,67;640345727,00
2018-02-23;46,00;46,41;45,65;46,08;804862678,00
2018-02-26;46,74;47,40;46,69;47,40;959852224,00
2018-02-27;47,47;47,60;46,71;47,33;709735772,00
2018-02-28;46,99;47,09;44,65;45,05;1814392209,00
2018-03-01;45,21;45,63;43,97;44,45;1153189602,00
2018-03-02;43,80;43,88;42,74;43,75;1092848534,00
2018-03-05;43,48;43,94;42,88;43,70;700589321,00
2018-03-06;44,50;44,92;43,42;43,49;989744833,00
2018-03-07;42,51;43,02;42,20;42,85;822752989,00
2018-03-08;42,68;42,79;41,25;41,46;833431667,00
2018-03-09;40,97;42,27;40,51;42,10;878310594,00
2018-03-12;42,29;42,63;41,94;42,46;501437606,00
2018-03-13;42,74;42,80;42,05;42,13;585838406,00
2018-03-14;42,85;43,34;42,57;42,60;769953477,00
2018-03-15;42,70;42,82;42,13;42,40;679867937,00
2018-03-16;42,40;42,60;42,05;42,30;1134269107,00
2018-03-19;41,52;41,52;40,67;41,10;897720575,00
2018-03-20;41,10;41,92;40,93;41,60;386478030,00
2018-03-21;41,75;42,69;41,43;42,50;837737485,00
2018-03-22;41,94;42,25;41,62;41,93;639094288,00
2018-03-23;41,24;42,20;41,01;41,60;625766259,00
2018-03-26;42,00;42,38;41,61;42,00;413552169,00
2018-03-27;42,39;42,39;40,72;40,86;482448721,00
2018-03-28;40,61;41,70;40,06;41,54;776718668,00
2018-03-29;41,87;42,75;41,74;42,21;863080847,00
2018-04-02;42,32;43,47;42,32;43,00;814485403,00
2018-04-03;43,40;43,55;42,44;42,87;587557318,00
2018-04-04;41,80;42,60;41,59;42,55;523747259,00
2018-04-05;43,31;43,69;43,03;43,25;636997098,00
2018-04-06;42,91;43,10;42,25;42,74;481300369,00
2018-04-09;43,07;43,23;42,21;42,95;510109910,00
2018-04-10;43,80;44,84;43,67;44,84;996943545,00
2018-04-11;44,56;45,06;44,22;44,64;790325396,00
2018-04-12;44,42;44,86;44,32;44,81;438401965,00
2018-04-13;44,85;45,17;44,60;44,98;695768916,00
2018-04-16;44,61;44,85;44,31;44,54;509086602,00
2018-04-17;44,60;46,00;44,56;45,93;608329673,00
2018-04-18;47,00;48,08;46,85;47,48;1314779859,00
2018-04-19;47,78;48,17;47,40;47,83;769909692,00
2018-04-20;47,76;47,90;47,33;47,63;484911445,00
2018-04-23;47,22;47,98;47,06;47,50;559598090,00
2018-04-24;47,70;48,59;47,70;48,31;729069687,00
2018-04-25;47,75;48,49;47,44;47,95;744660025,00
2018-04-26;47,70;49,00;47,62;48,70;642413154,00
2018-04-27;48,90;49,15;47,86;48,35;707278340,00
2018-04-30;48,26;48,83;48,15;48,67;411200143,00
2018-05-02;48,50;49,32;48,42;48,71;808649926,00
2018-05-03;48,81;49,33;48,58;49,09;687272416,00
2018-05-04;48,92;49,90;48,92;49,70;735919038,00
2018-05-07;49,72;50,04;49,11;49,24;763120433,00
2018-05-08;49,25;49,68;48,91;49,19;1105091891,00
2018-05-09;49,42;50,42;49,33;50,25;837211350,00
2018-05-10;50,41;51,40;50,38;51,40;730150330,00
2018-05-11;51,77;53,58;51,75;52,63;1128746163,00
2018-05-14;53,08;54,40;53,00;54,27;853976090,00
2018-05-15;53,81;54,65;53,18;54,65;861967139,00
2018-05-16;55,33;56,00;55,14;55,90;1166371189,00
2018-05-17;55,30;55,80;54,75;55,38;1119792152,00
2018-05-18;54,70;55,50;53,45;54,77;1218234675,00
2018-05-21;55,01;55,10;53,00;53,00;1214405305,00
2018-05-22;52,87;53,06;51,87;52,34;1073668131,00
2018-05-23;51,80;52,24;51,25;51,94;812282943,00
2018-05-24;51,32;53,00;51,26;52,46;759303397,00
2018-05-25;52,58;52,79;51,05;51,48;677238430,00
2018-05-28;50,90;52,46;50,71;51,07;712076875,00
2018-05-29;51,97;52,06;49,99;50,16;949149179,00
2018-05-30;50,21;51,35;49,70;50,63;1308263384,00
2018-06-01;50,90;53,08;50,65;52,76;1057721434,00
2018-06-04;53,18;53,45;51,76;52,52;731255250,00
2018-06-05;52,50;54,00;52,50;53,73;910379447,00
2018-06-06;54,50;56,23;54,49;56,07;1488610257,00
2018-06-07;56,46;56,75;53,07;54,37;1765464144,00
2018-06-08;53,99;53,99;50,66;50,89;1569106399,00
2018-06-11;51,37;52,00;50,59;50,85;735021139,00
2018-06-12;50,50;52,36;50,16;51,70;951252478,00
2018-06-13;51,98;52,24;50,73;51,55;801464247,00
2018-06-14;51,87;51,89;50,75;51,71;967193446,00
2018-06-15;51,40;51,44;48,70;49,13;1812084563,00
2018-06-18;48,62;49,29;47,86;49,21;999738290,00
2018-06-19;47,70;48,75;47,03;48,30;1282584425,00
2018-06-20;49,05;49,08;48,07;48,81;702334717,00
2018-06-21;48,51;49,20;47,04;47,21;665696911,00
2018-06-22;48,15;48,47;47,48;48,01;462038264,00
2018-06-25;47,70;47,80;46,26;47,16;647096058,00
2018-06-26;47,50;48,34;46,63;48,34;736189190,00
2018-06-27;48,48;49,28;47,90;48,15;701821566,00
2018-06-28;47,85;49,44;47,50;49,07;792685313,00
2018-06-29;49,70;50,10;49,05;49,59;606754490,00
2018-07-02;48,89;49,19;48,52;48,76;401184228,00
2018-07-03;49,30;49,49;47,96;47,96;558650313,00
2018-07-04;48,17;48,37;47,60;48,03;294908066,00
2018-07-05;48,55;49,77;48,31;49,70;599649693,00
2018-07-06;49,79;50,44;49,39;50,34;430473635,00
2018-07-10;50,70;51,10;49,35;49,53;545295840,00
2018-07-11;48,50;49,10;48,45;48,86;629522394,00
2018-07-12;49,35;50,67;48,96;50,45;1038879636,00
2018-07-13;50,60;50,89;49,93;50,31;785317140,00
2018-07-16;50,31;50,60;49,60;50,00;627971125,00
2018-07-17;50,13;51,02;49,70;50,70;585327580,00
2018-07-18;51,15;51,67;50,82;51,45;500961160,00
2018-07-19;50,71;50,75;49,06;49,43;1041892404,00
2018-07-20;49,59;49,86;48,63;48,72;823910310,00
2018-07-23;49,08;50,13;48,53;49,60;422852493,00
2018-07-24;51,92;52,39;51,31;51,31;1082631439,00
2018-07-25;51,46;51,75;50,74;51,75;783387857,00
2018-07-26;52,47;53,18;52,40;52,78;2873852821,00
2018-07-27;53,48;53,67;53,25;53,45;1151652445,00
2018-07-30;53,70;54,35;53,56;54,33;838660298,00
2018-07-31;54,20;54,98;54,05;54,84;870319254,00
2018-08-01;53,40;53,77;53,02;53,06;1966466362,00
2018-08-02;52,09;53,09;51,50;52,84;1035431916,00
2018-08-03;52,31;52,94;51,33;52,55;819571657,00
2018-08-06;52,10;52,91;52,00;52,40;626207635,00
2018-08-07;53,39;53,65;52,63;52,75;1014452529,00
2018-08-08;53,30;53,33;52,26;52,40;690154259,00
2018-08-09;52,50;53,04;51,73;51,84;666009827,00
2018-08-10;51,41;51,91;50,72;51,71;750607445,00
2018-08-13;52,07;52,69;51,74;52,28;768898185,00
2018-08-14;52,10;52,91;51,77;52,76;915746006,00
2018-08-15;51,60;51,98;50,35;50,41;1356781798,00
2018-08-16;50,90;51,03;49,63;49,72;1009801446,00
2018-08-17;49,53;51,19;49,23;50,80;873786639,00
2018-08-20;51,10;51,77;51,04;51,44;760895269,00
2018-08-21;51,16;52,10;51,02;51,73;692364819,00
2018-08-22;51,65;53,30;51,63;53,30;689865887,00
2018-08-23;53,10;53,52;52,65;53,35;650822550,00
2018-08-24;53,60;54,46;53,55;54,15;593745941,00
2018-08-27;54,17;55,67;54,17;55,67;617634060,00
2018-08-28;55,93;56,41;55,07;55,65;995710633,00
2018-08-29;55,25;56,16;55,14;55,22;572045709,00
2018-08-30;55,30;55,89;54,40;54,57;796095083,00
2018-08-31;54,52;54,80;53,31;53,62;806689474,00
2018-09-03;53,30;54,17;53,21;54,05;235068736,00
2018-09-04;53,60;53,79;52,00;52,00;553773904,00
2018-09-05;52,08;52,64;51,75;52,15;370649139,00
2018-09-06;52,79;53,87;52,40;53,48;665801918,00
2018-09-10;53,91;54,04;52,96;53,22;499422685,00
2018-09-11;52,61;52,99;52,13;52,59;543680849,00
2018-09-12;53,00;53,71;52,18;53,45;754393833,00
2018-09-13;53,70;54,43;53,52;53,78;774619632,00
2018-09-14;54,10;55,23;54,05;55,20;933805050,00
2018-09-17;55,30;55,57;54,79;55,04;667499896,00
2018-09-18;55,63;57,47;55,51;57,34;1166958282,00
2018-09-19;57,61;58,94;57,53;58,58;728076247,00
2018-09-20;59,21;59,61;58,43;59,32;665113673,00
2018-09-21;59,89;61,01;59,60;61,01;1397105561,00
2018-09-24;60,85;61,25;60,15;60,20;545346542,00
2018-09-25;60,00;62,22;59,86;62,20;1035538070,00
2018-09-26;62,20;62,42;59,75;60,01;1494423124,00
2018-09-27;60,22;60,75;58,61;59,48;1224763718,00
2018-09-28;58,85;60,29;58,85;59,82;881140541,00
2018-10-01;59,68;60,57;59,08;60,40;537123678,00
2018-10-02;60,87;61,74;60,48;61,20;1256758449,00
2018-10-03;62,01;62,19;59,32;59,95;1618720433,00
2018-10-04;59,99;60,34;58,67;58,80;854190057,00
2018-10-05;57,85;58,31;57,23;57,49;1165330354,00
2018-10-08;57,00;57,57;55,26;57,05;1497734921,00
2018-10-09;57,40;58,32;56,72;57,66;1027429653,00
2018-10-10;57,38;58,14;55,89;55,89;802581939,00
2018-10-11;56,44;57,16;55,62;56,48;903782597,00
2018-10-15;56,95;58,45;56,84;57,67;940597719,00
2018-10-16;57,94;58,85;57,25;57,70;916892675,00
2018-10-17;58,34;58,92;57,75;58,80;1276411353,00
2018-10-18;58,85;58,85;56,32;56,50;985289548,00
2018-10-19;57,10;57,53;56,36;56,53;763372640,00
2018-10-22;57,70;58,42;57,03;58,37;815167688,00
2018-10-23;57,31;57,55;56,00;56,75;1175335377,00
2018-10-24;57,40;57,59;54,43;54,43;1003859041,00
2018-10-25;55,97;56,04;53,80;54,61;1614926322,00
2018-10-26;54,90;55,89;53,51;55,60;1457558161,00
2018-10-29;56,50;56,50;52,60;53,10;1418015974,00
2018-10-30;53,60;54,85;52,96;53,87;1285139081,00
2018-10-31;54,35;56,71;54,27;56,71;1491507507,00
2018-11-01;56,75;58,26;55,52;57,50;1169969749,00
2018-11-05;57,61;58,00;57,04;57,53;891378095,00
2018-11-06;57,00;57,85;56,56;57,23;644123081,00
2018-11-07;57,79;58,15;57,40;57,59;750009868,00
2018-11-08;57,78;58,77;57,02;57,02;970187523,00
2018-11-09;56,50;57,00;54,13;54,65;1616616496,00
2018-11-12;55,10;55,45;54,40;54,85;877744767,00
2018-11-13;54,90;56,27;54,35;56,27;1040026420,00
2018-11-14;55,21;55,67;54,25;55,16;1557232906,00
2018-11-16;55,85;56,35;55,15;56,15;1095643588,00
2018-11-19;56,15;56,28;54,81;55,37;719162448,00
2018-11-21;54,15;54,55;53,71;54,53;1007794112,00
2018-11-22;54,69;54,72;53,75;54,04;500332111,00
2018-11-23;53,39;53,39;50,35;50,35;1718233694,00
2018-11-26;49,95;51,09;49,00;50,12;1517353779,00
2018-11-27;49,69;50,49;49,10;49,92;1273834166,00
2018-11-28;50,50;52,32;50,22;52,30;1497792983,00
2018-11-29;51,92;52,73;51,13;52,00;1214866826,00
2018-11-30;51,56;53,69;51,56;52,80;1558424964,00
2018-12-03;55,60;55,68;53,74;54,11;1769910366,00
2018-12-04;54,35;54,52;52,50;52,88;1438900836,00
2018-12-05;53,30;53,48;52,43;52,80;511029656,00
2018-12-06;51,70;52,60;51,07;52,30;1107907007,00
2018-12-07;52,48;53,26;51,09;51,29;1015598751,00
2018-12-10;51,12;51,64;50,19;50,20;726571640,00
2018-12-11;51,15;51,74;50,25;50,60;990439784,00
2018-12-12;51,15;51,40;50,35;50,37;804996158,00
2018-12-13;50,85;51,28;50,25;50,60;768703133,00
2018-12-14;50,38;51,19;49,85;50,88;858323605,00
2018-12-17;51,90;52,27;51,03;51,25;1104420898,00
2018-12-18;51,35;52,19;51,35;51,44;983185918,00
2018-12-19;51,80;52,40;50,01;50,01;1262213308,00
2018-12-20;50,74;51,17;49,45;49,81;1277518438,00
2018-12-21;50,28;51,25;50,22;50,86;1437350581,00
2018-12-26;50,11;50,70;49,40;50,44;669735755,00
2018-12-27;50,10;50,39;49,28;49,50;714974681,00
2018-12-28;50,31;51,20;50,25;51,00;604233637,00
2019-01-02;50,01;51,37;49,79;51,09;877485830,00
2019-01-03;50,80;50,94;48,40;49,00;1484680692,00
2019-01-04;49,82;52,45;49,82;52,19;2233199223,00
2019-01-07;52,87;53,65;51,72;51,91;1103211511,00
2019-01-08;52,20;52,80;51,62;52,41;1041094262,00
2019-01-09;53,16;54,06;52,83;53,69;1484753562,00
2019-01-10;53,23;53,29;52,27;53,10;957120815,00
2019-01-11;53,26;53,46;52,38;52,38;652562226,00
2019-01-14;51,98;52,70;51,43;52,60;763435641,00
2019-01-15;52,85;53,20;51,87;52,35;761337623,00
2019-01-16;52,40;52,82;52,20;52,65;809334855,00
2019-01-17;52,44;54,71;52,27;54,23;1371411718,00
2019-01-18;54,95;55,60;54,25;54,76;1419486635,00
2019-01-21;54,85;55,35;54,39;55,28;586259642,00
2019-01-22;54,48;55,08;54,35;55,08;938404653,00
2019-01-23;55,46;55,90;55,33;55,65;749434792,00
2019-01-24;55,80;56,20;55,50;56,15;790442912,00
2019-01-28;45,00;48,00;42,36;42,38;8147843579,00
2019-01-29;43,27;44,69;42,60;42,74;2969276406,00
2019-01-30;46,25;46,80;44,98;46,60;3137193115,00
2019-01-31;46,99;47,44;45,50;45,50;1843325805,00
2019-02-01;45,72;46,33;45,58;46,25;979684029,00
2019-02-04;46,00;46,10;44,05;44,68;1602272421,00
2019-02-05;44,45;45,21;43,81;44,64;979910578,00
2019-02-06;44,00;44,40;42,46;42,46;1275799764,00
2019-02-07;42,15;42,79;41,21;41,59;1314473372,00
2019-02-08;40,64;43,59;40,51;43,16;2025245558,00
2019-02-11;43,86;44,05;41,89;42,02;1307419424,00
2019-02-12;42,50;44,33;42,05;44,30;1580002329,00
2019-02-13;44,31;45,99;44,30;45,49;1735808600,00
2019-02-14;45,39;45,94;45,05;45,66;1094715846,00
2019-02-15;45,40;46,02;45,19;45,88;1274533048,00
2019-02-18;45,79;46,15;44,90;45,25;853976975,00
2019-02-19;45,50;45,94;45,23;45,49;936012536,00
2019-02-20;45,90;46,08;44,94;45,80;1164187777,00
2019-02-21;45,84;46,09;45,13;45,38;973244272,00
2019-02-22;45,70;47,06;45,57;46,99;815710469,00
2019-02-25;47,35;47,75;46,40;47,12;791267515,00
2019-02-26;46,79;47,29;46,60;47,20;487483214,00
2019-02-27;47,25;47,25;46,34;46,83;702341042,00
2019-02-28;46,58;47,10;46,10;47,10;835508197,00
2019-03-01;47,29;47,50;44,55;46,74;1384184969,00
2019-03-06;47,43;48,05;47,19;48,05;726491033,00
2019-03-07;47,83;48,96;47,72;48,86;1026830531,00
2019-03-08;48,26;48,89;47,65;48,85;1230865719,00
2019-03-11;48,90;49,95;48,61;49,88;1002942753,00
2019-03-12;49,80;50,33;49,55;49,97;779416288,00
2019-03-13;49,94;51,00;49,70;50,70;1110802244,00
2019-03-14;50,80;50,93;50,20;50,71;871485461,00
2019-03-15;50,80;51,24;50,40;50,55;1322953650,00
2019-03-18;50,25;50,67;49,83;50,46;1154495774,00
2019-03-19;50,70;52,39;50,59;51,90;1653299118,00
2019-03-20;51,45;51,68;50,40;50,56;1309346631,00
2019-03-21;50,53;51,47;50,51;50,89;1001798497,00
2019-03-22;50,47;51,33;49,70;50,05;1295813911,00
2019-03-25;49,60;50,31;49,16;49,55;788609098,00
2019-03-26;49,81;50,70;49,80;50,28;674630439,00
2019-03-27;50,05;50,74;49,31;49,60;1037696051,00
2019-03-28;50,51;50,60;48,62;49,30;1409955248,00
2019-03-29;49,95;51,60;49,95;50,93;1283755606,00
2019-04-01;52,35;53,05;52,10;52,60;1337458051,00
2019-04-02;53,05;53,30;51,63;51,63;1119873417,00
2019-04-03;52,78;52,83;51,61;51,78;1125069542,00
2019-04-04;52,00;52,46;51,62;52,16;736638730,00
2019-04-05;52,20;52,36;51,70;51,98;434447729,00
2019-04-08;52,50;53,39;52,36;53,39;762255469,00
2019-04-09;53,18;53,30;52,30;52,35;775647998,00
2019-04-10;52,74;52,74;51,52;51,76;815050524,00
2019-04-11;51,50;51,86;50,93;51,79;528109548,00
2019-04-12;52,09;52,72;51,31;51,48;879231353,00
2019-04-15;51,59;51,72;50,78;51,33;810348152,00
2019-04-16;51,27;53,16;50,84;53,10;991372682,00
2019-04-17;53,16;53,80;51,70;52,25;1397407458,00
2019-04-18;52,20;52,97;52,01;52,58;562509852,00
2019-04-22;51,95;52,00;50,80;51,30;837469872,00
2019-04-23;51,59;51,92;51,28;51,92;511190449,00
2019-04-24;51,55;51,74;50,16;50,36;1013101627,00
2019-04-25;50,23;50,43;49,38;50,33;795732771,00
2019-04-26;50,48;50,65;49,52;50,42;532176884,00
2019-04-29;50,94;51,06;50,12;50,25;440393079,00
2019-04-30;50,22;50,69;49,76;50,10;569811712,00
2019-05-02;49,28;49,28;48,72;48,94;779179839,00
2019-05-03;49,45;50,63;49,39;50,40;533777860,00
2019-05-06;49,60;49,75;49,09;49,66;516786623,00
2019-05-07;49,35;49,70;48,72;49,70;748938987,00
2019-05-08;49,82;50,14;48,94;49,00;912014464,00
2019-05-09;49,00;49,01;48,05;48,54;603096863,00
2019-05-10;48,30;49,80;48,06;49,46;1235325668,00
2019-05-13;48,53;48,75;47,43;47,43;892935681,00
2019-05-14;48,18;48,35;47,35;47,59;677046157,00
2019-05-15;47,15;48,45;47,02;47,95;884458271,00
2019-05-16;48,55;48,93;45,82;46,40;2336144655,00
2019-05-17;46,40;47,72;46,30;47,72;1603156634,00
2019-05-20;47,62;47,74;46,63;46,75;1123270757,00
2019-05-21;47,10;47,96;46,09;47,41;1523552581,00
2019-05-22;47,78;48,69;47,37;47,46;1015905164,00
2019-05-23;47,07;47,90;46,42;47,82;747140425,00
2019-05-24;48,64;49,43;48,31;48,31;1218414878,00
2019-05-27;49,00;50,25;48,90;50,19;861557537,00
2019-05-28;49,95;50,95;49,85;50,25;1865717767,00
2019-05-29;49,52;49,85;49,15;49,70;883785317,00
2019-05-30;49,71;50,13;49,44;50,01;641796185,00
2019-05-31;49,51;51,00;48,71;49,00;1432917057,00
2019-06-03;49,35;49,60;48,44;48,83;1097620656,00
2019-06-04;49,18;49,35;48,30;49,11;951551668,00
2019-06-05;49,28;49,43;47,86;48,39;696226806,00
2019-06-06;48,89;48,94;48,31;48,80;528593618,00
2019-06-07;49,05;49,10;48,36;48,66;566677215,00
2019-06-10;48,95;49,23;48,33;48,34;569125896,00
2019-06-11;49,76;51,48;49,66;51,43;2265180187,00
2019-06-12;51,55;52,09;50,93;51,49;1262263996,00
2019-06-13;51,90;52,25;51,59;51,85;937709350,00
2019-06-14;51,70;51,82;51,15;51,40;1048286795,00
2019-06-17;51,00;51,33;50,20;50,20;1040342391,00
2019-06-18;51,00;52,42;51,00;52,00;1406407853,00
2019-06-19;53,00;53,10;51,83;52,30;1241748542,00
2019-06-21;52,75;52,93;52,10;52,44;1075670099,00
2019-06-24;52,48;52,48;52,10;52,40;488849703,00
2019-06-25;52,19;52,47;51,34;51,38;644674966,00
2019-06-26;51,50;52,04;51,37;51,58;686576787,00
2019-06-27;52,15;52,15;51,52;51,70;774041756,00
2019-06-28;52,07;52,20;51,69;51,82;576180099,00
2019-07-01;53,10;53,79;53,10;53,65;1220492444,00
2019-07-02;54,10;54,16;50,02;51,39;2512082261,00
2019-07-03;51,77;51,97;51,15;51,29;1033703512,00
2019-07-04;51,68;52,10;51,15;51,67;837667231,00
2019-07-05;50,40;50,58;49,76;50,36;1394718158,00
2019-07-08;50,65;51,60;50,46;50,95;652480520,00
2019-07-10;51,61;52,56;51,40;52,13;1466439066,00
2019-07-11;51,87;52,50;51,72;52,05;967780160,00
2019-07-12;52,46;52,78;51,73;51,81;1160674698,00
2019-07-15;52,46;52,93;52,25;52,69;1061025355,00
2019-07-16;53,20;53,47;52,79;53,05;925137649,00
2019-07-17;52,99;53,12;52,46;52,69;731347620,00
2019-07-18;52,61;52,82;52,23;52,59;642094296,00
2019-07-19;52,81;53,23;52,55;52,72;609929067,00
2019-07-22;52,18;52,66;51,81;52,45;591715511,00
2019-07-23;52,40;52,60;51,76;51,76;579513940,00
2019-07-24;51,09;51,26;50,55;50,65;1275425288,00
2019-07-25;51,00;51,12;50,10;50,49;643702166,00
2019-07-26;51,00;51,05;50,18;50,23;635583989,00
2019-07-29;50,30;50,60;49,80;50,26;423980724,00
2019-07-30;50,17;50,58;50,01;50,01;511370543,00
2019-07-31;50,38;50,55;49,22;49,81;1158617803,00
2019-08-01;49,24;49,34;48,25;48,40;2227290545,00
2019-08-02;48,20;48,29;47,41;47,84;947888330,00
2019-08-05;46,60;46,60;45,76;46,00;1678864565,00
2019-08-06;46,46;46,97;46,29;46,62;1021994053,00
2019-08-07;45,85;46,48;45,45;46,48;958039966,00
2019-08-08;47,30;47,49;46,92;47,18;1143709087,00
2019-08-09;46,70;46,81;45,49;45,49;1134743816,00
2019-08-12;45,15;45,99;45,03;45,16;744933878,00
2019-08-13;45,55;46,80;45,35;46,50;926992395,00
2019-08-14;45,98;45,98;44,73;44,88;1125645267,00
2019-08-15;45,01;45,50;43,17;43,89;1080864078,00
2019-08-16;44,45;44,70;43,48;43,69;856415656,00
2019-08-19;44,29;44,43;43,21;43,65;1203652434,00
2019-08-20;43,51;44,49;42,90;43,84;741619538,00
2019-08-21;43,60;44,33;43,07;44,15;710505420,00
2019-08-22;44,38;44,38;43,55;43,89;538951683,00
2019-08-23;43,83;44,59;42,90;43,28;1136857554,00
2019-08-26;43,49;43,65;42,54;42,80;569033152,00
2019-08-27;43,15;43,91;42,44;43,32;1203975006,00
2019-08-28;43,31;44,17;43,04;43,48;586093363,00
2019-08-29;44,11;45,25;43,96;45,10;1048732345,00
2019-08-30;45,99;46,33;45,27;45,57;1250521094,00
2019-09-02;46,55;46,67;45,85;46,01;589090145,00
2019-09-03;46,00;46,05;45,34;45,52;603820924,00
2019-09-04;46,05;46,52;45,97;46,52;575153792,00
2019-09-05;46,95;47,19;46,52;46,52;950274679,00
2019-09-06;46,45;46,69;46,09;46,45;482926525,00
2019-09-09;46,70;47,89;46,29;47,89;1153512430,00
2019-09-10;47,88;48,50;47,20;48,24;1027989642,00
2019-09-11;48,60;48,60;47,58;47,95;812126922,00
2019-09-12;48,62;49,77;48,60;49,69;1939278652,00
2019-09-13;49,96;50,30;49,66;49,79;1104982550,00
2019-09-16;49,40;49,44;48,35;48,59;1284862270,00
2019-09-17;48,25;49,15;48,23;48,90;706443561,00
2019-09-18;49,00;49,00;47,98;48,40;742185498,00
2019-09-19;48,40;48,58;47,76;48,32;756798475,00
2019-09-20;48,66;48,74;48,00;48,42;1155290706,00
2019-09-23;48,19;48,58;47,96;48,10;575984656,00
2019-09-24;47,71;47,88;46,78;46,93;722847732,00
2019-09-25;47,03;48,02;46,83;47,86;691783942,00
2019-09-26;48,10;48,28;47,53;47,86;585868238,00
2019-09-27;48,15;48,35;47,27;47,66;642987057,00
2019-09-30;47,65;48,04;47,21;47,75;578527404,00
2019-10-01;47,85;48,88;47,66;47,71;772264545,00
2019-10-02;46,90;46,90;45,10;45,10;1127655966,00
2019-10-03;45,32;45,81;44,22;45,44;1111731881,00
2019-10-04;45,70;46,79;45,68;46,59;988680613,00
2019-10-07;46,30;46,98;46,04;46,04;582137428,00
2019-10-08;46,30;46,37;45,32;45,32;669155699,00
2019-10-09;45,67;46,04;45,33;45,67;434718696,00
2019-10-10;46,06;47,45;46,06;47,24;726173894,00
2019-10-11;48,03;48,92;48,00;48,64;1190823117,00
2019-10-14;48,20;48,25;47,56;47,99;551892296,00
2019-10-15;47,88;48,29;47,53;47,91;702374259,00
2019-10-16;47,39;47,52;46,64;46,80;1146953580,00
2019-10-17;46,99;47,05;46,61;46,71;662454166,00
2019-10-18;46,89;47,18;46,02;46,03;764968212,00
2019-10-21;46,42;47,21;46,26;47,21;633194609,00
2019-10-22;47,28;47,54;47,10;47,30;718945005,00
2019-10-23;47,60;47,83;47,03;47,11;584984355,00
2019-10-24;47,46;47,57;46,52;46,75;685921850,00
2019-10-25;47,75;48,56;47,55;48,56;1047645077,00
2019-10-28;48,65;48,80;48,34;48,70;531747290,00
2019-10-29;48,41;48,80;48,08;48,65;490407552,00
2019-10-30;48,40;48,62;47,69;48,59;738321569,00
2019-10-31;48,10;48,48;46,86;47,20;1029275473,00
2019-11-01;47,80;48,70;47,76;48,44;976749106,00
2019-11-04;49,08;49,82;49,08;49,82;1040910689,00
2019-11-05;50,07;50,28;49,43;49,87;794873289,00
2019-11-06;49,90;49,97;48,90;49,69;737623307,00
2019-11-07;49,84;50,53;49,54;50,11;1341024844,00
2019-11-08;49,33;49,55;48,81;49,18;975351920,00
2019-11-11;48,44;48,44;47,96;48,13;981724229,00
2019-11-12;48,30;48,49;47,90;47,90;632783000,00
2019-11-13;47,65;48,06;46,97;47,12;799351578,00
2019-11-14;47,35;47,58;46,96;47,00;668067308,00
2019-11-18;47,72;48,05;47,48;47,61;800890691,00
2019-11-19;48,11;48,49;47,72;48,17;630605848,00
2019-11-21;47,76;48,42;47,70;48,42;751838667,00
2019-11-22;48,55;50,03;48,55;50,03;1371928584,00
2019-11-25;50,54;51,18;50,43;50,86;1246501096,00
2019-11-26;50,60;51,50;50,46;51,22;1657128115,00
2019-11-27;50,93;51,20;50,13;50,58;683218551,00
2019-11-28;50,56;50,88;49,69;50,37;511286553,00
2019-11-29;50,37;50,47;49,82;49,98;514790673,00
2019-12-02;50,15;51,69;50,11;51,34;1224361754,00
2019-12-03;51,25;51,26;50,25;50,42;680710317,00
2019-12-04;50,83;51,03;50,53;50,92;462958189,00
2019-12-05;50,70;51,08;50,55;50,95;483845957,00
2019-12-06;51,25;51,69;51,03;51,35;715155798,00
2019-12-09;52,25;52,49;51,33;51,44;1005479569,00
2019-12-10;51,22;51,43;50,90;51,20;710134638,00
2019-12-11;51,38;52,05;51,22;51,83;806014133,00
2019-12-12;52,10;53,06;51,73;52,95;1320155619,00
2019-12-13;53,30;54,00;52,84;53,76;1506381551,00
2019-12-16;54,50;54,67;53,34;53,34;1178341749,00
2019-12-17;53,25;53,71;53,05;53,35;723759437,00
2019-12-18;53,28;53,54;52,60;53,47;1219492379,00
2019-12-19;53,50;54,24;53,22;54,00;954125578,00
2019-12-20;54,77;54,99;54,15;54,79;2306926102,00
2019-12-23;54,90;54,98;54,40;54,58;558051374,00
2019-12-26;54,81;55,00;54,51;54,79;1118209452,00
2019-12-27;53,99;54,00;53,42;53,60;747388516,00
2019-12-30;53,65;53,86;53,20;53,30;637829565,00
2020-01-02;53,98;54,44;53,75;54,33;947482405,00
2020-01-03;53,68;54,50;53,58;53,93;933866470,00
2020-01-06;53,80;53,80;53,15;53,61;1752721242,00
2020-01-07;53,50;54,19;53,40;54,00;879974431,00
2020-01-08;54,20;54,37;53,62;54,01;825585512,00
2020-01-09;53,75;53,87;53,05;53,30;781001787,00
2020-01-10;53,75;53,87;53,11;53,36;487328297,00
2020-01-13;53,64;55,64;53,51;55,30;1506920715,00
2020-01-14;55,30;56,35;55,00;55,64;1556802130,00
2020-01-15;55,30;56,08;55,11;55,46;1190561383,00
2020-01-16;55,60;55,95;55,10;55,17;727525136,00
2020-01-17;56,25;57,09;56,10;57,00;2067925639,00
2020-01-20;57,00;57,36;56,53;57,36;953066800,00
2020-01-21;56,80;57,01;55,74;56,03;1432086547,00
2020-01-22;56,60;56,85;56,06;56,30;973507152,00
2020-01-23;55,43;55,73;54,71;55,50;1270554037,00
2020-01-24;55,62;55,73;53,69;53,80;1073507315,00
2020-01-27;51,66;51,82;50,48;50,51;1977515345,00
2020-01-28;51,20;52,09;51,08;51,20;1186723163,00
2020-01-29;51,70;51,89;50,46;50,75;1189128813,00
2020-01-30;49,97;51,50;49,80;51,50;1165784299,00
2020-01-31;50,96;51,06;49,80;50,27;1507241661,00
2020-02-03;50,50;51,09;49,80;50,91;955291007,00
2020-02-04;52,20;52,58;51,97;52,27;1128014323,00
2020-02-05;53,32;53,62;52,99;52,99;1427742519,00
2020-02-06;53,66;53,92;52,82;53,28;1184866665,00
2020-02-07;52,88;52,96;51,92;52,10;755429204,00
2020-02-10;51,90;51,90;49,92;50,19;1430210305,00
2020-02-11;51,15;52,20;51,02;52,05;1430137181,00
2020-02-12;53,10;53,38;52,83;53,07;1516493020,00
2020-02-13;52,22;52,40;51,56;52,14;1046107591,00
2020-02-14;52,21;52,28;50,95;51,00;1019525151,00
2020-02-17;51,71;53,41;51,62;53,41;1481590209,00
2020-02-18;52,55;53,05;52,12;52,80;948261006,00
2020-02-19;52,93;53,12;52,40;52,81;762435157,00
2020-02-20;53,27;53,49;52,06;52,20;992359937,00
2020-02-21;51,00;51,14;49,80;50,13;1619247697,00
2020-02-26;46,66;46,84;45,06;45,35;2151505892,00
2020-02-27;44,65;45,54;43,56;44,47;1895342344,00
2020-02-28;43,99;44,31;43,20;44,31;1454800527,00
2020-03-02;44,88;47,09;44,81;46,36;2231466804,00
2020-03-03;46,74;49,09;46,07;46,35;2487105272,00
2020-03-04;48,00;49,09;47,00;48,57;1515493922,00
2020-03-05;47,66;47,95;45,95;46,85;1372843258,00
2020-03-06;44,20;45,82;43,65;44,61;1768819389,00
2020-03-09;40,45;41,54;37,81;37,83;2329735090,00
2020-03-10;41,90;45,34;40,80;44,81;2702482804,00
2020-03-11;43,01;44,29;39,00;40,74;2077222977,00
2020-03-12;36,00;36,00;32,45;35,35;2157605889,00
2020-03-13;42,00;44,03;37,00;42,90;2735506253,00
2020-03-16;36,01;41,40;36,01;39,04;2323873047,00
2020-03-17;40,50;43,57;39,11;41,51;2201186825,00
2020-03-18;38,80;40,87;35,70;38,65;2290980883,00
2020-03-19;37,50;39,00;35,26;36,40;1953395208,00
2020-03-20;37,90;39,41;34,71;35,19;1873403437,00
2020-03-23;35,55;35,86;33,37;34,10;1440723931,00
2020-03-24;36,86;38,65;36,86;37,64;1388874761,00
2020-03-25;38,19;41,35;38,09;40,85;1518130210,00
2020-03-26;41,01;42,41;39,99;42,00;1504800577,00
2020-03-27;39,30;41,44;39,20;40,10;1303554642,00
2020-03-30;40,92;42,32;40,74;41,77;1304091267,00
2020-03-31;42,30;44,49;42,22;43,22;1704435151,00
2020-04-01;41,81;44,12;41,20;43,37;1602815010,00
2020-04-02;43,95;44,57;41,92;42,78;1486147212,00
2020-04-03;42,80;42,87;39,76;40,50;1292885346,00
2020-04-06;42,60;43,39;41,97;43,13;1373845398,00
2020-04-07;45,19;45,50;43,56;43,78;1516375765,00
2020-04-08;43,50;44,25;43,05;43,51;1284308049,00
2020-04-09;43,95;44,47;42,84;43,28;1302984488,00
2020-04-13;43,20;44,57;42,98;44,57;973750110,00
2020-04-14;45,62;46,00;44,50;44,53;1119231266,00
2020-04-15;43,50;43,90;42,61;43,19;1247659357,00
2020-04-16;43,80;43,99;42,04;42,76;1042736045,00
2020-04-17;43,90;44,23;43,22;44,00;1033023458,00
2020-04-20;43,26;43,26;42,23;42,46;1241443637,00
2020-04-22;42,60;43,24;42,05;42,90;972011215,00
2020-04-23;43,29;44,69;42,81;43,51;1191364092,00
2020-04-24;43,37;44,20;41,83;43,76;2379933959,00
2020-04-27;44,46;45,05;43,86;44,55;1139364466,00
2020-04-28;45,20;45,29;43,48;44,61;1139901911,00
2020-04-29;45,35;47,38;44,84;46,73;1535626161,00
2020-04-30;45,71;46,17;44,76;44,86;1162057510,00
2020-05-04;43,70;44,33;43,40;43,93;744712695,00
2020-05-05;44,45;45,03;43,70;43,70;843881869,00
2020-05-06;44,19;44,76;43,61;44,33;1173265081,00
2020-05-07;45,63;46,98;45,45;46,05;1955446950,00
2020-05-08;47,50;48,96;46,97;48,85;1630675784,00
2020-05-11;48,21;49,25;47,73;47,73;1196432408,00
2020-05-12;48,43;48,60;47,46;47,46;1047989747,00
2020-05-13;48,17;49,18;47,66;48,54;1654835774,00
2020-05-14;47,95;48,46;46,94;48,09;1698859598,00
2020-05-15;48,69;49,30;48,05;48,05;1708184493,00
2020-05-18;50,34;51,60;49,95;51,26;2140022648,00
2020-05-19;51,30;52,71;51,09;52,44;1444370247,00
2020-05-20;53,37;53,67;52,50;52,50;1434989519,00
2020-05-21;52,29;52,66;50,37;51,13;2146704319,00
2020-05-22;50,77;51,10;49,90;50,27;1204518321,00
2020-05-25;51,41;51,68;49,92;50,10;1068541510,00
2020-05-26;50,38;50,52;48,84;49,20;1430997088,00
2020-05-27;49,84;50,83;48,78;50,64;1601461341,00
2020-05-28;51,00;51,65;50,05;50,09;1193985957,00
2020-05-29;51,40;53,00;51,06;53,00;4853775697,00
2020-06-01;52,82;53,85;52,50;53,42;1449671995,00
2020-06-02;53,80;53,80;53,00;53,42;1366904290,00
2020-06-03;53,90;54,34;53,38;53,66;1699214663,00
2020-06-04;53,72;55,70;53,52;55,66;2061987267,00
2020-06-05;56,39;56,70;54,34;54,61;2201607091,00
2020-06-08;54,98;55,65;53,98;54,78;1499337191,00
2020-06-09;54,16;54,99;54,12;54,99;1085167855,00
2020-06-10;54,91;55,20;53,76;54,20;1321862850,00
2020-06-12;53,71;54,05;51,98;53,40;1653350654,00
2020-06-15;52,50;54,43;52,13;53,88;1462475179,00
2020-06-16;55,49;55,50;54,22;55,39;1615410097,00
2020-06-17;55,49;56,44;55,15;56,20;1555634201,00
2020-06-18;56,30;56,54;55,61;56,17;1447019687,00
2020-06-19;56,33;56,60;54,71;55,17;2108494685,00
2020-06-22;55,00;55,35;54,43;55,00;817260447,00
2020-06-23;55,53;56,56;55,37;55,59;1023220051,00
2020-06-24;56,25;56,26;54,82;55,39;1006100022,00
2020-06-25;55,50;56,15;54,87;56,00;946535479,00
2020-06-26;55,90;56,95;55,21;55,62;1212003992,00
2020-06-29;55,44;55,91;54,84;55,63;855945316,00
2020-06-30;55,44;56,54;55,01;55,92;1533156950,00
2020-07-01;56,08;56,08;54,05;54,54;1585047801,00
2020-07-02;54,85;55,74;54,75;55,49;1333608014,00
2020-07-03;55,20;55,70;54,93;55,26;433334349,00
2020-07-06;56,09;56,74;55,59;56,57;1328536374,00
2020-07-07;56,74;56,98;56,10;56,37;767588759,00
2020-07-08;56,90;57,72;55,79;57,32;1865842883,00
2020-07-09;57,52;57,68;56,06;56,42;1119967837,00
2020-07-10;56,52;57,30;56,16;56,97;838703971,00
2020-07-13;57,73;59,22;57,65;57,65;1683064765,00
2020-07-14;57,92;61,97;57,90;61,70;3159888088,00
2020-07-15;62,30;62,93;60,39;61,79;1831834785,00
2020-07-16;61,30;61,69;59,85;60,12;1378647317,00
2020-07-17;60,50;61,25;60,32;61,04;1149658725,00
2020-07-20;61,12;61,49;60,35;60,80;1006323931,00
2020-07-21;60,44;60,48;59,27;59,70;1733148780,00
2020-07-22;59,93;60,25;58,80;59,24;1166252811,00
2020-07-23;59,90;60,16;58,64;58,85;1025413558,00
2020-07-24;58,57;58,85;57,82;58,60;1314610170,00
2020-07-27;59,10;61,63;58,98;61,37;2128834063,00
2020-07-28;60,70;61,16;60,20;60,34;1315499896,00
2020-07-29;61,21;62,95;60,85;62,95;1832217280,00
2020-07-30;62,30;62,37;60,65;61,27;1977993992,00
2020-07-31;61,10;62,21;60,50;60,71;1603489967,00
2020-08-03;61,86;62,67;60,26;60,26;2204500870,00
2020-08-04;60,26;60,84;59,36;60,70;10996395951,00
2020-08-05;61,90;62,90;61,85;62,19;2305638466,00
2020-08-06;62,62;62,88;61,28;61,83;1394705695,00
2020-08-07;61,39;61,39;59,78;60,45;1721979202,00
2020-08-10;60,70;62,20;60,41;62,20;1801506889,00
2020-08-11;62,79;62,82;60,16;60,28;1462537126,00
2020-08-12;60,88;62,29;60,58;61,50;1825091964,00
2020-08-13;61,40;62,16;60,11;60,35;1515704372,00
2020-08-14;60,35;61,43;60,30;61,35;1087735291,00
2020-08-17;61,78;62,60;61,15;62,23;2654795046,00
2020-08-18;63,30;63,70;62,85;63,06;2040631439,00
2020-08-19;63,41;63,88;62,33;62,39;1483732284,00
2020-08-20;61,82;63,50;61,67;62,95;1623009375,00
2020-08-21;62,41;62,79;61,51;62,20;1692725260,00
2020-08-24;62,94;63,13;62,24;62,96;1125549057,00
2020-08-25;62,80;62,84;61,05;61,62;1452540423,00
2020-08-26;61,66;62,35;61,24;61,75;1476231057,00
2020-08-27;61,69;62,18;60,33;60,79;1109798040,00
2020-08-28;61,18;61,70;60,63;61,10;920636827,00
2020-08-31;61,10;61,15;59,68;59,68;1873922443,00
2020-09-01;60,29;61,79;60,20;61,76;1484054733,00
2020-09-02;61,90;62,34;60,32;61,32;1328900081,00
2020-09-03;60,00;60,55;58,85;59,32;2147172735,00
2020-09-04;59,71;60,50;58,70;60,49;1594632183,00
2020-09-08;59,59;59,76;58,91;59,27;869246761,00
2020-09-09;59,90;60,33;59,37;60,00;985645856,00
2020-09-10;60,00;60,20;58,32;58,53;1147015406,00
2020-09-11;60,05;62,30;59,84;61,95;2826395262,00
2020-09-14;62,80;63,35;61,38;61,91;2214325716,00
2020-09-15;62,71;63,65;62,15;62,60;2049690307,00
2020-09-16;62,32;62,50;60,65;60,97;1763195484,00
2020-09-17;60,40;62,42;60,11;62,08;1932201220,00
2020-09-18;62,48;63,10;61,66;61,66;2062398778,00
2020-09-21;61,05;61,39;59,44;60,00;3186125833,00
2020-09-22;58,14;58,28;57,15;57,81;1385529646,00
2020-09-23;57,67;59,61;57,06;59,10;2189381332,00
2020-09-24;59,69;59,78;58,44;58,66;1867092783,00
2020-09-25;58,35;59,45;58,20;59,25;1625109743,00
2020-09-28;59,94;60,24;58,70;58,78;1796051507,00
2020-09-29;58,73;59,96;58,35;58,35;1546421739,00
2020-09-30;59,21;60,27;58,75;59,11;1544121943,00
2020-10-01;59,53;59,85;58,02;58,86;1339782591,00
2020-10-02;58,61;59,44;58,11;58,32;1390335965,00
2020-10-05;58,90;59,84;58,75;59,59;1064295885,00
2020-10-06;60,01;60,28;58,21;58,62;1295905966,00
2020-10-07;59,14;60,76;58,96;60,17;1635170401,00
2020-10-08;60,35;61,49;60,06;61,29;1352993570,00
2020-10-09;61,69;61,94;60,85;61,60;1295460436,00
2020-10-13;61,27;62,64;61,03;62,14;1151765620,00
2020-10-14;62,08;63,29;62,04;63,00;1395147452,00
2020-10-15;62,41;62,86;61,98;62,47;1019562739,00
2020-10-16;62,70;63,10;62,24;62,24;993965898,00
2020-10-19;62,73;63,18;61,95;61,95;1823061772,00
2020-10-20;61,78;62,29;61,33;61,84;1564264589,00
2020-10-21;61,65;63,21;61,60;62,85;1348179217,00
2020-10-22;63,11;63,49;62,44;63,10;2024847720,00
2020-10-23;62,62;63,89;62,22;63,45;1532447511,00
2020-10-26;62,90;63,45;62,01;62,50;1141924918,00
2020-10-27;62,50;62,90;62,06;62,53;1136123286,00
2020-10-28;61,95;62,07;60,25;60,26;1441007310,00
2020-10-29;60,97;62,24;59,79;62,02;2333439618,00
2020-10-30;61,80;62,41;60,01;60,55;1676290328,00
2020-11-03;61,90;63,34;61,22;63,34;2052615223,00
2020-11-04;63,28;63,28;61,45;61,58;1732814661,00
2020-11-05;62,30;63,06;61,45;62,55;1596592558,00
2020-11-06;62,38;63,96;62,34;63,19;1676799161,00
2020-11-09;64,15;64,27;62,87;63,19;2394361686,00
2020-11-10;63,24;63,59;62,69;63,16;3412255859,00
2020-11-11;63,18;63,92;63,00;63,60;1643158712,00
2020-11-12;63,57;63,77;62,46;62,67;1493690147,00
2020-11-13;62,73;63,55;62,61;63,25;1583459140,00
2020-11-16;63,50;65,34;62,97;64,92;5833548296,00
2020-11-17;64,80;68,10;64,80;66,97;4176267072,00
2020-11-18;66,99;67,39;66,07;66,45;1522008471,00
2020-11-19;66,71;67,72;66,47;67,72;1738240308,00
2020-11-20;67,93;68,44;67,45;68,44;1567565509,00
2020-11-23;68,81;71,32;68,50;71,29;2714118790,00
2020-11-24;71,05;74,89;70,18;74,80;3475360125,00
2020-11-25;73,80;75,90;73,61;75,50;2718931095,00
2020-11-26;75,42;76,60;75,40;76,57;1549591408,00
2020-11-27;77,00;78,78;76,77;78,44;3819795714,00
2020-11-30;78,85;79,36;77,12;78,00;3787989304,00
2020-12-01;79,83;81,50;79,25;81,25;4951560764,00
2020-12-02;80,90;81,25;77,31;79,84;4264304093,00
2020-12-03;81,00;81,05;78,61;78,96;2798102574,00
2020-12-04;80,10;82,68;80,10;81,98;3987405822,00
2020-12-07;82,42;82,99;81,67;82,95;2257822815,00
2020-12-08;82,97;83,30;81,66;82,90;2361510349,00
2020-12-09;83,10;83,83;82,22;82,70;2230959930,00
2020-12-10;83,65;85,22;83,20;85,00;3481333911,00
2020-12-11;84,62;85,28;84,40;84,86;2131164039,00
2020-12-14;85,20;85,22;82,95;83,55;1754341857,00
2020-12-15;84,16;85,38;84,01;84,50;1589723112,00
2020-12-16;84,90;86,23;84,36;86,22;1968051347,00
2020-12-17;86,50;87,95;86,17;87,20;1864449245,00
2020-12-18;87,62;88,38;87,43;87,80;2096984125,00
2020-12-21;86,15;87,40;84,78;86,86;2758515964,00
2020-12-22;86,86;86,99;85,43;86,94;1997274623,00
2020-12-23;86,53;87,53;86,40;87,36;1542163017,00
2020-12-28;87,79;88,58;87,08;87,31;2285784601,00
2020-12-29;87,97;88,20;86,51;87,07;1720104103,00
2020-12-30;87,19;87,59;86,65;87,45;2629354918,00
2021-01-04;89,35;91,48;88,85;91,46;3429983702,00
2021-01-05;91,46;93,00;90,52;93,00;3145713443,00
2021-01-06;94,98;96,35;94,40;95,61;5138191563,00
2021-01-07;96,61;102,53;96,61;102,32;7423056200,00
2021-01-08;103,01;103,35;98,20;102,00;5902736324,00
2021-01-11;100,25;101,98;99,70;101,98;2968636447,00
2021-01-12;102,50;102,62;99,18;99,19;2874099494,00
2021-01-13;98,87;98,92;95,74;96,22;3063803381,00
2021-01-14;97,22;98,86;96,70;97,80;2029724662,00
2021-01-15;96,58;97,20;93,20;93,55;2989872711,00
2021-01-18;93,90;95,64;93,55;94,31;2145159603,00
2021-01-19;94,50;94,57;91,90;94,06;2529167309,00
2021-01-20;95,00;95,14;90,83;92,32;1894372256,00
2021-01-21;92,30;96,10;92,14;93,36;2435386703,00
2021-01-22;91,99;93,81;90,99;93,17;2383702087,00
2021-01-26;92,99;94,16;91,36;91,75;2307371901,00
2021-01-27;90,39;91,18;88,20;89,20;2906956857,00
2021-01-28;88,20;91,35;88,10;91,10;3212866120,00
2021-01-29;89,99;90,85;87,79;87,95;2804667244,00
2021-02-01;90,01;91,27;88,58;91,27;2444852319,00
2021-02-02;90,18;90,58;87,51;87,66;3046137728,00
2021-02-03;88,85;91,42;88,60;90,43;3095233501,00
2021-02-04;91,95;92,87;89,09;89,29;2706470053,00
2021-02-05;90,20;92,77;89,55;92,69;2482204623,00
2021-02-08;92,97;94,91;92,45;94,01;2645670455,00
2021-02-09;94,60;95,22;92,32;94,25;3033517523,00
2021-02-10;94,66;95,67;94,38;94,70;3829303874,00
2021-02-11;95,47;95,47;93,10;93,10;1860766587,00
2021-02-12;93,12;94,14;92,20;93,89;1379776755,00
2021-02-17;96,01;96,72;95,19;96,35;2808843708,00
2021-02-18;97,36;98,40;96,02;97,40;3213375107,00
2021-02-19;97,21;98,85;96,33;97,77;2444413442,00
2021-02-22;96,50;98,52;94,04;95,35;4813377379,00
2021-02-23;96,59;97,35;93,31;96,95;3425450980,00
2021-02-24;97,13;98,21;95,86;97,93;2125263633,00
2021-02-25;98,70;98,95;95,02;95,71;2381973752,00
2021-02-26;96,55;97,70;94,02;94,52;4081039478,00
2021-03-01;96,00;99,33;95,36;98,57;3205251226,00
2021-03-02;97,50;102,18;94,94;101,60;4745130127,00
2021-03-03;102,00;104,00;99,65;100,35;4193770735,00
2021-03-04;99,40;101,49;97,52;98,86;4813278266,00
2021-03-05;94,72;100,60;93,93;100,21;4575324958,00
2021-03-08;99,20;101,93;98,90;99,67;3992943602,00
2021-03-09;97,50;99,31;95,88;98,67;3966310938,00
2021-03-10;97,50;97,84;95,72;97,15;3031333501,00
2021-03-11;98,99;100,10;98,21;99,70;2605860500,00
2021-03-12;99,00;99,44;96,71;97,40;2060407674,00
2021-03-15;96,50;97,35;95,76;96,82;1934240523,00
2021-03-16;97,04;97,84;96,02;96,51;1854552725,00
2021-03-17;96,40;98,12;96,06;97,90;2080171640,00
2021-03-18;97,70;98,27;95,53;96,16;1854408993,00
2021-03-19;96,10;96,16;93,44;94,78;3652103986,00
2021-03-22;93,52;93,84;91,85;93,21;1958475728,00
2021-03-23;93,34;93,78;91,06;91,06;1895391841,00
2021-03-24;92,00;94,64;91,81;93,15;2315851653,00
2021-03-25;93,04;93,29;90,61;92,44;2181472755,00
2021-03-26;93,74;95,73;93,39;95,53;2532488479,00
2021-03-29;96,00;98,45;95,87;97,98;2532885018,00
2021-03-30;97,91;98,50;96,58;97,07;1762031667,00
2021-03-31;97,17;98,56;96,70;97,97;1833519874,00
2021-04-01;98,50;98,86;96,13;97,39;1672958112,00
2021-04-05;99,83;103,82;99,80;103,39;3670452972,00
2021-04-06;103,80;104,56;102,05;102,05;2293013377,00
2021-04-07;102,37;105,32;102,15;104,56;3413033232,00
2021-04-08;104,94;105,30;104,12;104,50;2715103500,00
2021-04-09;104,00;104,66;102,94;103,00;1954794134,00
2021-04-12;102,90;103,63;102,21;103,40;1525954683,00
2021-04-13;103,90;104,29;102,85;103,58;1821911797,00
2021-04-14;103,97;107,78;103,77;107,00;4060001780,00
2021-04-15;108,66;109,88;107,55;108,21;2099421510,00
2021-04-16;108,64;109,11;107,50;108,67;1884600960,00
2021-04-19;109,00;109,88;107,64;107,73;2528026295,00
2021-04-20;107,95;108,35;105,02;106,16;2220400878,00
2021-04-22;107,24;107,24;104,34;106,23;2096196259,00
2021-04-23;107,15;108,10;106,46;107,99;1375024021,00
2021-04-26;109,95;110,69;108,15;108,57;1831588722,00
2021-04-27;108,88;110,60;108,52;110,12;2643696018,00
2021-04-28;110,56;112,43;109,33;111,92;2294860134,00
2021-04-29;112,19;112,95;110,89;111,95;2208657598,00
2021-04-30;110,99;111,56;109,02;109,02;4057332018,00
2021-05-03;109,70;110,35;108,26;108,46;2142276797,00
2021-05-04;108,95;111,07;108,66;110,10;2286014278,00
2021-05-05;111,99;112,82;110,39;110,71;2907378589,00
2021-05-06;111,94;115,20;111,48;115,05;4345828409,00
2021-05-07;116,54;116,55;114,19;115,45;2498604797,00
2021-05-10;119,80;120,45;114,69;114,69;4568013219,00
2021-05-11;113,98;118,72;113,32;118,72;3353042958,00
2021-05-12;118,00;118,46;113,96;114,33;3676792710,00
2021-05-13;112,00;114,22;110,72;112,49;3863269287,00
2021-05-14;111,20;111,79;109,62;110,56;2837041967,00
2021-05-17;111,50;113,82;111,17;113,46;2944269040,00
2021-05-18;114,56;115,40;113,19;114,60;3097673136,00
2021-05-19;112,10;112,78;109,84;112,25;3667067833,00
2021-05-20;111,70;112,10;110,20;111,11;2323317940,00
2021-05-21;111,11;111,25;108,50;109,40;3043139047,00
2021-05-24;108,00;110,14;107,51;109,78;2105535914,00
2021-05-25;110,28;110,89;106,78;107,05;2524171717,00
2021-05-26;106,37;110,32;106,03;110,20;3057637685,00
2021-05-27;110,80;112,09;109,77;110,99;6156584688,00
2021-05-28;111,11;112,75;109,42;111,59;2796289676,00
2021-05-31;112,50;114,89;112,50;114,78;2037167969,00
2021-06-01;117,00;118,00;113,20;113,20;3621853664,00
2021-06-02;114,22;115,70;113,50;114,80;2334372149,00
2021-06-04;114,50;114,78;112,39;112,90;2088153022,00
2021-06-07;112,20;112,65;110,70;111,80;2543841562,00
2021-06-08;112,48;112,77;109,70;109,92;2513610348,00
2021-06-09;110,00;113,34;109,20;112,20;2519861610,00
2021-06-10;112,22;113,37;111,04;111,83;3298540078,00
2021-06-11;113,35;114,76;113,02;114,34;2093024760,00
2021-06-14;114,91;115,28;113,12;113,72;2192714759,00
2021-06-15;113,77;113,86;111,25;111,50;2307850849,00
2021-06-16;111,50;111,63;108,03;108,15;4158338877,00
2021-06-17;107,68;109,16;104,90;105,90;3584942805,00
2021-06-18;107,01;109,09;106,52;109,09;6493650849,00
2021-06-21;107,75;110,69;107,14;110,11;2483164669,00
2021-06-22;110,69;112,08;110,18;111,40;2068491607,00
2021-06-23;112,41;114,25;112,16;113,07;3343847304,00
2021-06-24;111,72;111,92;110,27;111,03;2569650361,00
2021-06-25;111,60;113,97;111,40;112,40;2953567362,00
2021-06-28;113,24;113,70;110,01;110,60;2095108428,00
2021-06-29;110,60;113,05;110,60;112,51;2200592559,00
2021-06-30;111,83;114,28;111,68;113,25;2140190888,00
2021-07-01;113,41;114,36;110,76;111,28;2471853703,00
2021-07-02;112,00;113,62;111,58;113,58;2224096685,00
2021-07-05;113,90;113,96;112,28;113,17;1552432735,00
2021-07-06;113,50;114,35;112,67;113,77;2163750912,00
2021-07-07;114,81;115,58;114,00;114,10;2463209380,00
2021-07-08;112,02;114,51;111,50;113,66;2467696409,00
2021-07-12;115,31;116,30;115,00;115,07;2582726137,00
2021-07-13;115,10;115,91;114,85;115,75;1466578900,00
2021-07-14;116,26;116,43;114,44;115,12;2246592471,00
2021-07-15;114,99;116,16;114,50;115,48;2104766539,00
2021-07-16;115,34;115,87;113,00;113,40;2228488656,00
2021-07-19;112,00;112,16;110,21;112,16;2070984548,00
2021-07-20;112,16;113,12;110,21;113,10;1467326354,00
2021-07-21;112,76;114,87;112,50;114,40;2240481337,00
2021-07-22;113,68;114,70;112,69;114,70;1374219614,00
2021-07-23;113,62;114,49;112,80;114,12;1495949420,00
2021-07-26;114,44;116,85;114,44;116,60;1905895295,00
2021-07-27;115,70;116,05;113,89;114,18;2533238468,00
2021-07-28;115,50;117,60;115,25;117,30;2943269138,00
2021-07-29;116,37;117,56;114,75;115,57;3535459591,00
2021-07-30;113,51;113,51;108,76;108,76;4639637663,00
2021-08-02;110,90;111,37;108,93;108,93;2547814209,00
2021-08-03;109,78;113,03;109,44;112,64;4094288620,00
2021-08-04;112,00;113,25;111,62;112,52;2121357483,00
2021-08-05;109,64;109,99;107,90;109,08;3510065266,00
2021-08-06;109,85;110,89;109,50;109,70;2124238159,00
2021-08-09;108,20;109,45;107,68;109,01;2337204062,00
2021-08-10;108,95;110,74;108,84;110,06;1920006317,00
2021-08-11;110,19;110,50;109,26;109,27;1611516830,00
2021-08-12;109,20;109,98;108,83;109,20;1624961575,00
2021-08-13;109,70;109,90;107,96;108,30;1287084467,00
2021-08-16;107,24;108,90;105,92;108,80;2351776592,00
2021-08-17;108,11;109,32;105,66;107,00;2501505813,00
2021-08-18;105,74;105,74;103,41;103,41;3688444991,00
2021-08-19;98,66;100,28;97,30;97,51;5943790894,00
2021-08-20;97,59;99,10;97,44;97,55;3077494055,00
2021-08-23;97,56;97,93;96,16;96,20;1911930393,00
2021-08-24;99,38;101,27;99,10;99,71;2983869370,00
2021-08-25;100,09;100,46;98,55;99,50;1500616272,00
2021-08-26;99,49;99,80;98,23;98,23;1782773302,00
2021-08-27;99,01;101,00;98,90;100,69;1963106718,00
2021-08-30;100,82;101,64;99,95;100,05;1310213653,00
2021-08-31;99,00;99,26;97,70;98,68;2009442969,00
2021-09-01;97,36;99,59;95,72;98,85;2041468777,00
2021-09-02;98,77;100,00;97,91;98,54;2418367670,00
2021-09-03;100,16;100,88;98,51;98,61;3831566705,00
2021-09-06;96,89;97,55;96,16;97,06;1154618121,00
2021-09-08;96,47;96,73;94,70;95,04;2159361917,00
2021-09-09;95,16;95,72;93,17;94,70;2743909120,00
2021-09-10;95,51;96,19;94,81;94,81;1719245609,00
2021-09-13;94,70;95,00;93,94;94,76;1780883938,00
2021-09-14;95,15;95,58;93,07;94,09;2409555660,00
2021-09-15;93,88;94,44;91,74;91,74;3252128310,00
2021-09-16;90,43;90,43;87,92;87,93;3540434476,00
2021-09-17;88,29;88,79;85,08;86,15;6441557270,00
2021-09-20;82,80;83,94;81,14;83,31;4095820300,00
2021-09-21;84,70;84,70;82,51;84,12;2711778634,00
2021-09-22;88,10;89,48;86,51;87,11;5461384874,00
2021-09-23;79,20;80,34;77,62;78,91;3749772943,00
2021-09-24;78,29;78,79;77,00;77,69;2074457156,00
2021-09-27;78,60;79,33;76,50;78,80;3008487850,00
2021-09-28;77,48;77,80;74,56;74,85;2720991268,00
2021-09-29;75,77;76,80;74,85;75,80;3020961428,00
2021-09-30;77,40;78,34;75,73;76,24;3019625259,00
2021-10-01;76,75;77,31;75,68;76,20;1770370559,00
2021-10-04;76,59;77,00;75,44;75,49;1910166988,00
2021-10-05;75,99;76,10;74,95;74,95;1652390897,00
2021-10-06;74,06;77,27;73,92;77,06;2071355018,00
2021-10-07;78,34;80,37;77,71;79,36;2630732885,00
2021-10-08;81,46;81,84;79,59;79,85;2995193429,00
2021-10-11;81,90;83,10;80,74;81,62;2325803709,00
2021-10-13;80,80;80,80;79,17;79,20;2555290865,00
2021-10-14;79,99;80,24;79,13;79,20;1913115680,00
2021-10-15;79,49;80,95;79,30;80,68;2166085545,00
2021-10-18;79,91;80,40;78,48;79,92;1659865990,00
2021-10-19;79,72;80,24;78,81;79,00;1648666120,00
2021-10-20;78,37;78,37;76,28;76,41;2122231609,00
2021-10-21;74,50;75,16;72,95;75,16;2783080600,00
2021-10-22;74,67;77,10;74,64;76,08;2681703231,00
2021-10-25;77,20;77,57;76,37;77,00;1380724043,00
2021-10-26;77,01;77,07;76,07;76,18;1275844236,00
2021-10-27;75,98;76,73;74,45;74,45;1518815197,00
2021-10-28;74,45;74,68;73,55;73,70;1681827629,00
2021-10-29;73,02;73,16;71,02;71,61;2180003425,00
2021-11-01;72,00;72,86;71,15;72,32;1416683698,00
2021-11-03;70,60;70,90;66,61;66,83;5251022664,00
2021-11-04;66,89;67,62;65,62;66,07;1997128323,00
2021-11-05;66,43;66,66;64,00;64,11;2324604975,00
2021-11-08;64,40;68,15;64,33;67,60;1852197905,00
2021-11-09;67,25;67,30;65,23;65,94;1384566542,00
2021-11-10;64,61;66,28;64,40;65,69;1472973161,00
2021-11-11;68,46;69,26;67,60;68,01;1969625859,00
2021-11-12;67,18;69,59;67,01;68,30;1682834774,00
2021-11-16;68,00;68,07;66,19;66,33;1149578586,00
2021-11-17;66,99;67,71;65,00;65,00;1681884693,00
2021-11-18;64,21;64,65;61,85;62,33;3224038065,00
2021-11-19;63,27;64,80;62,81;64,03;1717664671,00
2021-11-22;65,55;69,02;65,15;67,59;3027526267,00
2021-11-23;70,61;71,97;69,21;69,37;2132403047,00
2021-11-24;70,11;70,98;69,51;70,98;1462072285,00
2021-11-25;71,29;71,29;69,80;70,50;1209203416,00
2021-11-26;67,50;69,36;67,50;68,64;1546845731,00
2021-11-29;70,28;70,60;69,16;69,50;1267518433,00
2021-11-30;69,00;71,47;68,69;69,95;2978930384,00
2021-12-01;71,30;71,95;69,97;70,23;2001717637,00
2021-12-02;70,97;73,56;70,11;73,49;1798075260,00
2021-12-03;73,09;74,34;71,00;71,87;2485819340,00
2021-12-06;72,87;75,99;71,96;75,77;2155191182,00
2021-12-07;78,28;79,81;76,10;76,33;2884479162,00
2021-12-08;76,99;76,99;74,98;75,76;1839107918,00
2021-12-09;74,89;75,95;74,45;75,18;1272486190,00
2021-12-10;75,50;76,20;74,84;75,65;1269014654,00
2021-12-13;77,50;78,73;77,39;77,86;2475941571,00
2021-12-14;78,52;78,89;77,23;77,85;1644633843,00
2021-12-15;78,08;78,18;76,20;77,41;1705418124,00
2021-12-16;79,00;80,46;78,46;80,44;2400807717,00
2021-12-17;79,90;80,67;79,07;79,17;3148579121,00
2021-12-20;78,00;78,90;77,28;78,28;1499868115,00
2021-12-21;79,80;80,39;79,15;80,34;1564221319,00
2021-12-22;79,89;80,15;78,58;79,92;1484995654,00
2021-12-23;79,95;80,06;78,80;79,15;1041248109,00
2021-12-27;78,87;79,45;78,26;78,95;897996902,00
2021-12-28;78,51;78,53;76,57;76,80;1458896743,00
2021-12-29;76,38;77,98;76,35;77,25;936898903,00
2021-12-30;77,99;78,98;77,61;77,96;2079147660,00
2022-01-03;79,00;79,97;78,00;78,00;1461746493,00
2022-01-04;78,51;79,07;76,90;77,08;1411613046,00
2022-01-05;77,37;78,68;77,13;77,81;1716007602,00
2022-01-06;78,64;80,35;78,31;79,38;1755365619,00
2022-01-07;80,40;84,00;79,79;84,00;2893194149,00
2022-01-10;82,49;84,27;82,30;83,00;2083872689,00
2022-01-11;83,48;85,15;83,31;84,58;2398344526,00
2022-01-12;86,49;86,58;84,93;85,50;2343640024,00
2022-01-13;84,84;85,23;83,70;84,20;1953844601,00
2022-01-14;83,72;84,93;82,91;84,69;1779526167,00
2022-01-17;84,00;84,60;84,00;84,25;816637603,00
2022-01-18;84,58;86,88;84,48;86,31;2073114513,00
2022-01-19;88,48;89,00;87,88;88,21;2590272918,00
2022-01-20;88,80;88,97;86,64;86,71;1993928950,00
2022-01-21;86,47;86,73;84,34;84,91;2830005220,00
2022-01-24;83,70;83,96;82,08;83,87;2412433881,00
2022-01-25;84,06;85,05;83,05;84,06;1888917451,00
2022-01-26;85,90;86,56;83,82;84,30;2197484142,00
2022-01-27;85,00;85,46;83,27;84,49;1771974153,00
2022-01-28;85,58;86,35;82,83;83,66;2400117598,00
2022-01-31;82,94;82,94;80,87;80,87;2557570964,00
2022-02-01;81,50;85,33;81,37;85,31;2022961977,00
2022-02-02;85,50;86,29;84,72;85,79;1497684678,00
2022-02-03;86,30;86,78;85,32;85,75;1649650039,00
2022-02-04;85,75;88,17;85,55;87,98;2139338183,00
2022-02-07;88,15;90,24;88,15;90,13;2231940527,00
2022-02-08;90,45;91,48;89,50;91,39;2413957066,00
2022-02-09;90,00;91,80;89,33;91,41;2256606665,00
2022-02-10;92,45;94,48;92,03;93,87;4477396403,00
2022-02-11;93,36;93,40;91,60;91,97;3193244608,00
2022-02-14;91,11;92,17;90,82;91,57;2083722487,00
2022-02-15;89,02;89,94;87,70;88,85;2633109041,00
2022-02-16;89,44;90,62;89,10;89,50;1864467120,00
2022-02-17;88,85;89,00;85,37;85,65;3139570949,00
2022-02-18;86,44;87,03;85,43;85,83;1952802915,00
2022-02-21;86,60;87,99;85,50;85,90;1267630502,00
2022-02-22;86,69;87,40;85,80;87,39;2048499437,00
2022-02-23;88,09;88,34;85,55;86,47;2112888555,00
2022-02-24;84,62;88,04;83,73;87,54;3189273261,00
2022-02-25;86,52;92,41;85,10;92,28;4580107303,00
2022-03-02;98,97;99,70;97,06;99,65;4162106797,00
2022-03-03;100,20;101,26;99,50;99,70;3875004070,00
2022-03-04;98,68;102,09;98,12;101,97;3070046530,00
2022-03-07;104,44;105,90;103,87;105,07;5806541327,00
2022-03-08;106,99;107,11;99,72;100,46;5422988564,00
2022-03-09;95,79;95,80;92,56;94,19;3848973829,00
2022-03-10;94,50;97,30;94,08;97,30;3175864571,00
2022-03-11;97,43;98,41;96,76;96,79;2374339177,00
2022-03-14;94,98;95,20;91,25;91,60;3431274344,00
2022-03-15;88,99;89,58;87,28;88,97;4175584223,00
2022-03-16;91,89;93,88;89,31;91,13;3455468976,00
2022-03-17;92,90;94,98;92,56;94,30;3820752480,00
2022-03-18;95,41;96,09;93,80;96,09;4403258036,00
2022-03-21;97,33;99,43;97,15;98,81;2499913639,00
2022-03-22;98,51;98,96;96,19;96,60;2858274469,00
2022-03-23;97,50;98,94;96,29;96,39;2559611040,00
2022-03-24;96,20;97,60;95,31;96,91;2235507995,00
2022-03-25;97,70;98,30;94,30;95,23;2152499365,00
2022-03-28;95,70;96,34;93,61;95,34;1548531700,00
2022-03-29;95,34;95,66;93,40;94,52;3621321167,00
2022-03-30;96,32;97,11;95,27;95,87;2113070524,00
2022-03-31;96,42;96,89;95,36;95,60;1725426575,00
2022-04-01;96,78;97,50;96,07;96,96;2176331937,00
2022-04-04;96,77;98,25;96,55;97,94;1654729485,00
2022-04-05;97,36;97,78;94,82;95,11;2481391471,00
2022-04-06;95,33;96,72;95,33;96,55;2176732752,00
2022-04-07;95,50;97,69;95,14;97,13;1926507809,00
2022-04-08;96,64;97,40;94,62;95,15;2570939002,00
2022-04-11;93,81;94,71;92,92;94,00;1553177631,00
2022-04-12;95,10;95,61;93,24;93,37;1587017095,00
2022-04-13;93,49;94,38;92,81;93,40;2213040072,00
2022-04-14;93,31;94,00;91,36;92,09;2304078903,00
2022-04-18;91,61;92,00;90,01;90,57;1344417904,00
2022-04-19;89,69;89,69;86,84;87,68;3036460254,00
2022-04-20;86,61;86,67;84,40;85,40;2525618640,00
2022-04-22;83,25;83,40;80,08;80,45;3187947338,00
2022-04-25;77,94;79,61;77,54;79,08;3055693718,00
2022-04-26;79,08;79,32;77,85;78,00;2914874526,00
2022-04-27;80,46;82,70;80,15;82,17;4036127353,00
2022-04-28;85,02;85,55;80,83;84,20;4686048700,00
2022-04-29;86,18;87,20;83,29;83,29;4041578740,00
2022-05-02;83,16;83,20;80,64;82,92;2578434660,00
2022-05-03;82,95;84,21;82,19;82,50;2275862991,00
2022-05-04;81,93;82,18;79,85;81,81;2754028432,00
2022-05-05;81,55;83,20;79,08;80,33;2485232692,00
2022-05-06;79,20;80,90;78,25;79,76;2007469278,00
2022-05-09;77,53;77,98;76,08;76,49;2849183030,00
2022-05-10;76,27;76,94;74,87;75,54;2414772501,00
2022-05-11;77,37;79,89;77,12;78,69;2674129618,00
2022-05-12;77,05;77,90;75,87;77,90;2140115195,00
2022-05-13;78,42;79,35;77,80;77,81;2046792952,00
2022-05-16;78,68;80,64;78,52;80,14;1906349218,00
2022-05-17;81,85;81,92;78,86;79,80;2345826557,00
2022-05-18;78,71;79,25;77,42;77,78;2388300849,00
2022-05-19;77,78;80,38;77,47;79,85;2386571056,00
2022-05-20;82,01;82,46;80,58;81,26;3124361775,00
2022-05-23;82,30;83,65;82,27;82,92;2296447837,00
2022-05-24;81,82;84,09;81,00;84,04;2911819029,00
2022-05-25;84,00;84,80;83,41;84,30;2073847773,00
2022-05-26;84,16;84,65;83,10;84,25;2308303744,00
2022-05-27;84,90;85,88;84,70;85,72;1694978526,00
2022-05-30;86,28;87,41;86,01;86,65;1401784497,00
2022-05-31;87,22;87,43;85,01;86,21;3560284923,00
2022-06-01;86,19;88,78;86,00;88,24;2302500226,00
2022-06-02;90,00;90,28;89,00;89,90;2257926592,00
2022-06-03;89,50;89,82;88,36;88,46;1639061435,00
2022-06-06;89,64;89,79;88,55;88,55;1331122555,00
2022-06-07;88,24;90,89;88,11;90,62;2437634659,00
2022-06-08;89,78;90,33;86,85;87,50;2382843315,00
2022-06-09;87,00;87,00;84,45;84,54;3088870005,00
2022-06-10;83,37;84,99;82,38;84,56;2407542649,00
2022-06-13;82,10;82,87;80,10;81,88;2533439890,00
2022-06-14;82,33;82,80;80,89;81,72;1844557300,00
2022-06-15;82,10;83,77;81,54;81,67;2772642950,00
2022-06-17;79,35;79,35;76,11;77,41;4404173698,00
2022-06-20;75,60;76,18;74,25;75,50;2016037970,00
2022-06-21;76,80;77,64;75,76;76,00;1608384474,00
2022-06-22;74,00;76,05;73,38;75,35;2411479614,00
2022-06-23;76,44;77,31;72,43;72,60;2362386413,00
2022-06-24;72,78;74,88;72,60;74,62;1657769362,00
2022-06-27;76,50;78,97;76,06;78,05;2241650629,00
2022-06-28;80,00;80,23;78,78;79,45;2068886427,00
2022-06-29;79,61;80,09;78,04;78,79;1472176688,00
2022-06-30;76,99;78,05;76,17;76,56;2110396282,00
2022-07-01;75,52;76,53;73,80;75,10;2000961979,00
2022-07-04;74,00;75,01;73,58;74,67;928259428,00
2022-07-05;74,34;74,42;72,57;74,30;1945015586,00
2022-07-06;74,65;75,45;73,54;75,00;1725765344,00
2022-07-07;77,26;78,22;76,88;77,18;2655786050,00
2022-07-08;76,83;77,86;75,30;75,40;1839112252,00
2022-07-11;74,15;74,16;72,56;72,83;1612402656,00
2022-07-12;72,00;73,17;71,06;73,05;1626834633,00
2022-07-13;72,95;73,64;72,31;72,80;1675537976,00
2022-07-14;70,50;70,83;67,56;67,95;3958182388,00
2022-07-15;67,50;68,49;66,65;68,37;2478015094,00
2022-07-18;70,39;70,39;68,70;68,73;1538153198,00
2022-07-19;68,21;69,27;67,99;68,88;1496545104,00
2022-07-20;68,46;68,48;66,18;67,39;2712453764,00
2022-07-21;67,31;68,62;66,64;68,57;1834702979,00
2022-07-22;69,80;70,75;68,97;69,21;1947524802,00
2022-07-25;70,66;71,23;70,04;70,49;1398568828,00
2022-07-26;71,32;71,42;69,58;70,36;1390964637,00
2022-07-27;69,97;70,62;69,31;70,52;1517129000,00
2022-07-28;71,46;71,97;70,31;70,69;1547746302,00
2022-07-29;69,67;70,32;68,03;69,75;5354088615,00
2022-08-01;68,94;69,85;67,93;68,08;2667027544,00
2022-08-02;68,33;70,47;66,98;70,25;2256718355,00
2022-08-03;70,06;70,15;67,52;67,52;2185458771,00
2022-08-04;67,67;68,05;66,82;67,13;2733035650,00
2022-08-05;67,89;68,75;67,50;68,00;2459783992,00
2022-08-08;68,83;69,14;67,76;68,58;2440445147,00
2022-08-09;68,59;70,16;68,15;70,00;2441421445,00
2022-08-10;70,73;70,81;69,12;70,05;2108703130,00
2022-08-11;70,80;73,65;70,55;72,49;3714375520,00
2022-08-12;68,78;69,80;68,30;69,80;2462875377,00
2022-08-15;68,00;68,55;67,04;68,30;1817790112,00
2022-08-16;69,50;70,35;69,11;69,95;1539944670,00
2022-08-17;68,32;68,80;67,89;68,23;1990029228,00
2022-08-18;68,30;68,61;67,71;67,72;1886576188,00
2022-08-19;67,00;67,44;66,48;66,96;3070960649,00
2022-08-22;66,80;66,91;65,83;65,98;1282739242,00
2022-08-23;66,78;70,30;66,65;70,21;2576650609,00
2022-08-24;69,78;70,25;67,81;67,95;1979638797,00
2022-08-25;68,90;69,43;68,25;69,27;1719185823,00
2022-08-26;69,65;71,20;68,23;68,23;1979306540,00
2022-08-29;67,50;67,90;66,85;66,91;1489217558,00
2022-08-30;65,94;66,58;64,40;64,97;2249438650,00
2022-08-31;65,42;65,68;64,50;64,50;2158670703,00
2022-09-01;63,98;63,98;61,90;63,89;2575998010,00
2022-09-02;64,49;64,82;62,92;62,92;3168664314,00
2022-09-05;64,45;66,48;64,23;65,22;1588909956,00
2022-09-06;64,67;65,55;63,59;63,67;1578398960,00
2022-09-08;64,17;64,70;63,56;64,51;1550231488,00
2022-09-09;66,55;69,64;66,24;69,55;3359595148,00
2022-09-12;70,09;70,60;69,26;70,15;1736694788,00
2022-09-13;69,32;71,00;68,09;68,25;2048565250,00
2022-09-14;67,75;68,98;66,47;67,00;2095005592,00
2022-09-15;67,80;68,63;67,18;68,35;2511197590,00
2022-09-16;67,28;68,85;66,59;68,25;4441343066,00
2022-09-19;67,43;70,56;67,33;70,46;2369280895,00
2022-09-20;69,80;70,10;68,40;69,45;2437011573,00
2022-09-21;69,45;69,99;68,41;68,45;3068790563,00
2022-09-22;70,17;70,70;69,28;70,02;2415778634,00
2022-09-23;68,71;69,05;67,83;68,57;3016693959,00
2022-09-26;67,70;69,42;67,64;68,00;2369759586,00
2022-09-27;68,58;68,80;67,19;67,70;2150321539,00
2022-09-28;67,71;68,84;67,44;68,34;1665554890,00
2022-09-29;67,93;68,78;67,35;68,43;2376157670,00
2022-09-30;68,49;72,90;68,26;72,04;3973699212,00
2022-10-03;73,24;74,17;71,13;74,00;3125371018,00
2022-10-04;74,20;76,25;74,06;75,79;3149105130,00
2022-10-05;76,29;77,86;76,12;76,96;3287425376,00
2022-10-06;77,20;77,57;74,92;75,55;5818708700,00
2022-10-07;75,36;79,44;75,16;75,51;6476271065,00
2022-10-10;76,41;77,02;73,48;73,99;3382072533,00
2022-10-11;73,20;74,18;72,03;73,49;2484743027,00
2022-10-13;72,25;72,80;71,05;72,18;2374064347,00
2022-10-14;72,61;73,36;69,60;69,83;2409717770,00
2022-10-17;70,21;71,24;69,26;70,67;1825278413,00
2022-10-18;72,30;72,83;70,74;71,96;1973641232,00
2022-10-19;71,63;72,13;70,58;71,11;1613673255,00
2022-10-20;70,98;73,19;70,32;72,02;2681972922,00
2022-10-21;71,80;74,68;71,44;74,13;2708625883,00
2022-10-24;73,27;73,95;71,18;71,93;2314881873,00
2022-10-25;71,61;73,27;70,92;71,93;2031875352,00
2022-10-26;71,28;74,85;71,12;73,53;3006828856,00
2022-10-27;72,00;72,12;69,43;70,91;3705253599,00
2022-10-28;68,59;69,05;66,65;67,45;3575700994,00
2022-10-31;66,00;69,40;65,52;67,13;2640282845,00
2022-11-01;69,45;70,80;68,95;69,17;2972650460,00
2022-11-03;67,64;67,94;66,58;67,15;2309153420,00
2022-11-04;71,15;73,39;70,80;72,25;4418424560,00
2022-11-07;72,00;73,03;71,44;71,87;2123349254,00
2022-11-08;71,65;74,93;71,65;74,05;2942761641,00
2022-11-09;74,10;74,78;72,52;73,15;3107519422,00
2022-11-10;71,50;75,47;71,38;74,55;3541966413,00
2022-11-11;77,99;82,99;77,21;82,30;6434074135,00
2022-11-14;82,39;84,44;81,38;83,31;3640204638,00
2022-11-16;83,32;84,77;81,54;82,44;2721680856,00
2022-11-17;80,87;83,29;80,74;83,10;2606935916,00
2022-11-18;84,35;84,49;80,70;80,83;3616036705,00
2022-11-21;79,10;80,19;78,28;79,92;2202320094,00
2022-11-22;79,95;81,46;79,39;80,14;2174836392,00
2022-11-23;80,93;81,36;79,94;80,93;1808622969,00
2022-11-24;81,51;82,39;80,61;81,45;1012722477,00
2022-11-25;82,00;82,88;80,68;80,90;1673690400,00
2022-11-28;80,60;82,34;79,52;81,30;1312910164,00
2022-11-29;82,85;85,68;82,62;84,44;3609055123,00
2022-11-30;85,00;86,62;84,76;85,71;5144833236,00
2022-12-01;86,42;86,75;84,73;86,18;2951304106,00
2022-12-02;86,76;87,74;84,97;86,80;2620147553,00
2022-12-05;87,90;88,99;86,68;86,71;1921878301,00
2022-12-06;86,99;88,93;86,88;87,97;1875287796,00
2022-12-07;85,91;86,42;83,86;84,84;3854194264,00
2022-12-08;85,50;87,25;85,35;85,88;2580693988,00
2022-12-09;88,06;89,54;87,53;88,74;3350232228,00
2022-12-12;88,15;88,30;85,38;86,09;3020528151,00
2022-12-13;86,25;87,40;85,63;86,16;2730863706,00
2022-12-14;85,75;87,33;85,50;86,89;2996218030,00
2022-12-15;87,39;88,17;86,89;87,17;2167747441,00
2022-12-16;87,00;87,32;84,51;85,68;3232625565,00
2022-12-19;85,00;85,59;84,24;85,37;2341451042,00
2022-12-20;85,37;87,25;85,31;85,75;1955922727,00
2022-12-21;86,90;87,40;85,80;86,24;3387000743,00
2022-12-22;86,28;86,65;84,69;85,75;1658974523,00
2022-12-23;85,28;86,52;85,08;86,32;1602632933,00
2022-12-26;86,42;87,54;86,33;87,11;1604684526,00
2022-12-27;88,00;89,65;87,47;89,19;2368586788,00
2022-12-28;89,19;90,21;88,70;88,99;2081064974,00
2022-12-29;89,00;89,95;88,83;88,88;3573893267,00
2023-01-02;88,68;89,90;88,53;89,40;1143137603,00
2023-01-03;89,40;90,09;88,89;89,24;2265047908,00
2023-01-04;89,30;89,65;87,94;89,40;2346038611,00
2023-01-05;89,46;91,68;89,00;90,90;2635650196,00
2023-01-06;91,00;92,74;91,00;92,34;2894857755,00
2023-01-09;91,53;92,99;91,25;92,44;1782778255,00
2023-01-10;92,49;93,90;92,34;93,58;1851953717,00
2023-01-11;93,99;94,48;92,26;93,25;2222630420,00
2023-01-12;93,48;94,30;92,94;93,74;1692242791,00
2023-01-13;93,69;94,28;93,36;93,82;1586533419,00
2023-01-16;92,00;92,39;90,83;92,25;1795008814,00
2023-01-17;92,51;93,24;91,83;92,13;1729675088,00
2023-01-18;93,06;94,24;92,91;93,34;1566014351,00
2023-01-19;93,80;94,37;93,32;93,74;2039627235,00
2023-01-20;93,90;94,57;93,50;93,99;2553158720,00
2023-01-23;94,35;94,70;93,70;94,30;1274937110,00
2023-01-24;94,31;95,30;93,20;95,30;1647493286,00
2023-01-25;95,20;96,40;94,77;96,20;1747376475,00
2023-01-26;96,50;98,00;96,39;98,00;2618100849,00
2023-01-27;97,85;98,29;94,83;95,32;3322096988,00
2023-01-30;95,90;96,30;94,19;94,98;2262857049,00
2023-01-31;94,31;94,88;93,85;94,51;1952926454,00
2023-02-01;95,20;95,20;91,59;93,46;2667175644,00
2023-02-02;91,69;91,96;88,86;89,14;3404878924,00
2023-02-03;89,76;90,77;88,69;88,95;2020000653,00
2023-02-06;88,20;88,25;86,66;87,84;1564268418,00
2023-02-07;87,59;88,68;86,99;88,42;1432763767,00
2023-02-08;89,10;89,37;87,60;88,72;1275318530,00
2023-02-09;88,72;89,55;87,47;88,39;1751325342,00
2023-02-10;88,18;88,95;86,36;86,80;1576512030,00
2023-02-13;85,92;87,11;85,30;86,71;1192130006,00
2023-02-14;87,00;87,72;86,53;87,10;1749715831,00
2023-02-15;87,10;89,24;86,56;89,00;2512077163,00
2023-02-16;89,29;90,26;88,90;89,19;2574569696,00
2023-02-17;89,60;89,75;87,54;88,03;2336897991,00
2023-02-22;87,05;88,45;86,57;87,36;1474198647,00
2023-02-23;87,00;88,07;85,55;86,95;1864505643,00
2023-02-24;86,05;86,48;84,65;85,04;1465082657,00
2023-02-27;84,56;85,38;83,65;85,04;1220265691,00
2023-02-28;85,06;86,50;84,34;85,32;1807145465,00
2023-03-01;87,77;89,85;87,50;89,20;2751333561,00
2023-03-02;89,20;90,14;88,42;89,00;1937563736,00
2023-03-03;90,10;90,30;88,81;89,30;1770524190,00
2023-03-06;87,43;87,90;86,12;86,15;2365109235,00
2023-03-07;86,85;87,40;84,80;85,33;1791349055,00
2023-03-08;85,60;86,41;85,40;86,11;1915486807,00
2023-03-09;85,13;86,49;84,82;84,98;2086934689,00
2023-03-10;84,60;86,18;84,27;84,70;1857632679,00
2023-03-13;84,37;86,00;84,05;85,05;1998143689,00
2023-03-14;83,12;84,35;82,90;83,98;1513895347,00
2023-03-15;82,00;83,09;80,10;81,45;2774140656,00
2023-03-16;81,22;82,15;80,71;81,75;1677912115,00
2023-03-17;82,91;83,50;82,63;82,73;3307558041,00
2023-03-20;82,72;83,99;81,81;83,41;1637734050,00
2023-03-21;83,22;83,44;81,54;82,71;1292121555,00
2023-03-22;82,00;82,75;81,61;81,68;1485137292,00
2023-03-23;81,52;82,18;78,81;79,58;2086755430,00
2023-03-24;79,69;79,86;78,09;78,67;2186131778,00
2023-03-27;79,51;80,08;78,03;78,54;1119096067,00
2023-03-28;78,72;79,90;78,59;79,37;1102102205,00
2023-03-29;79,99;80,84;79,84;80,51;1394377265,00
2023-03-30;81,70;81,95;81,15;81,82;1162238781,00
2023-03-31;81,60;82,17;79,91;80,29;1817205096,00
2023-04-03;79,80;80,39;79,41;80,31;1079206602,00
2023-04-04;79,96;80,18;77,75;78,04;1611504654,00
2023-04-05;77,75;77,76;75,90;76,89;1944426822,00
2023-04-06;76,67;77,50;76,28;76,75;1072594288,00
2023-04-10;76,75;78,26;76,70;78,23;1079183411,00
2023-04-11;80,50;82,95;80,06;82,36;2801667811,00
2023-04-12;82,75;82,80;80,29;80,60;2649244007,00
2023-04-13;80,00;80,73;78,97;79,51;1699138932,00
2023-04-14;79,10;79,80;78,00;78,81;1789307348,00
2023-04-17;79,48;80,44;77,45;77,87;1689979505,00
2023-04-18;78,79;78,93;77,66;78,54;1191369778,00
2023-04-19;77,30;77,62;75,02;76,25;2364491274,00
2023-04-20;75,90;76,46;74,53;74,66;2343119281,00
2023-04-24;72,20;72,54;71,59;71,96;2140887424,00
2023-04-25;71,20;71,20;69,71;70,00;2228607945,00
2023-04-26;71,00;71,43;70,27;70,27;1831620873,00
2023-04-27;69,70;71,78;69,18;71,76;2247607008,00
2023-04-28;71,63;72,42;71,06;72,40;2401332804,00
2023-05-02;71,30;71,60;69,32;69,54;2609617286,00
2023-05-03;69,94;70,08;68,86;69,00;1384077591,00
2023-05-04;69,05;69,33;66,71;66,86;2426315823,00
2023-05-05;67,69;69,25;67,23;69,04;1859293065,00
2023-05-08;70,70;71,16;69,85;69,97;1755647070,00
2023-05-09;69,50;70,71;68,68;70,69;1312376111,00
2023-05-10;70,89;71,06;68,69;69,36;1723361929,00
2023-05-11;68,00;68,29;67,36;68,01;1879857666,00
2023-05-12;67,90;68,57;67,41;68,08;1195505455,00
2023-05-15;69,30;70,13;68,92;69,06;1455279270,00
2023-05-16;69,00;69,20;67,60;67,64;1637136275,00
2023-05-17;69,12;70,24;68,81;69,88;2156243192,00
2023-05-18;69,88;70,32;69,12;69,98;1651535277,00
2023-05-19;70,50;70,61;69,13;69,21;2350452521,00
2023-05-22;68,40;68,90;67,77;68,10;1293332799,00
2023-05-23;67,50;67,69;66,51;66,56;2634118767,00
2023-05-24;65,78;65,78;64,82;65,05;2170347185,00
2023-05-25;65,80;65,80;64,78;64,85;2403414250,00
2023-05-26;66,75;67,04;65,91;66,33;2542137338,00
2023-05-29;67,34;67,70;65,74;65,83;1150941866,00
2023-05-30;66,32;66,32;63,87;64,28;2576373030,00
2023-05-31;64,28;64,87;63,51;63,81;6619016682,00
2023-06-01;64,94;65,77;64,15;65,16;3385642804,00
2023-06-02;68,00;68,20;67,37;67,94;2657023572,00
2023-06-05;68,47;68,48;66,63;67,38;1448718238,00
2023-06-06;67,80;68,39;67,40;67,60;2163525832,00
2023-06-07;67,60;68,68;67,40;68,67;1866577211,00
2023-06-09;69,67;69,80;68,25;68,36;2077981920,00
2023-06-12;67,80;67,80;66,70;67,12;1789480443,00
2023-06-13;68,30;68,57;67,61;67,83;2331851300,00
2023-06-14;68,99;69,61;68,49;69,02;3716785997,00
2023-06-15;69,10;69,65;68,36;69,56;2199802442,00
2023-06-16;69,40;70,20;69,21;69,67;2773400980,00
2023-06-19;69,65;69,65;68,68;69,40;1032396223,00
2023-06-20;69,00;69,02;67,31;67,61;2422254748,00
2023-06-21;67,07;67,34;66,72;66,93;1829503602,00
2023-06-22;66,67;67,86;66,30;66,57;1428679764,00
2023-06-23;66,00;66,10;65,30;65,90;1543457281,00
2023-06-26;65,56;66,30;65,32;66,04;990843806,00
2023-06-27;66,90;67,28;66,45;66,83;1520132406,00
2023-06-28;66,78;66,82;64,72;64,72;2460147899,00
2023-06-29;64,72;65,93;64,35;65,51;1626894319,00
2023-06-30;65,71;66,06;64,22;64,22;2788630089,00
2023-07-03;64,71;66,50;64,64;66,23;1501915733,00
2023-07-04;65,84;66,46;65,80;65,90;830593996,00
2023-07-05;65,61;65,86;65,01;65,32;1789033147,00
2023-07-06;64,72;65,59;64,44;64,85;1205317613,00
2023-07-07;64,48;65,60;64,31;65,46;3716856088,00
2023-07-10;64,50;65,19;64,33;64,46;2376940592,00
2023-07-11;65,08;67,01;64,88;66,58;2346813291,00
2023-07-12;68,00;68,08;67,00;67,05;1542403664,00
2023-07-13;68,22;68,80;67,92;68,61;1656097368,00
2023-07-14;69,19;69,29;68,26;68,61;1399492540,00
2023-07-17;68,33;68,33;67,03;67,85;1037167870,00
2023-07-18;67,73;68,27;67,28;67,42;1147601078,00
2023-07-19;67,49;67,97;66,96;67,24;976697768,00
2023-07-20;68,15;68,49;67,35;67,39;1423046697,00
2023-07-21;67,44;68,17;66,98;67,80;1678232494,00
2023-07-24;67,70;70,32;67,51;69,85;2127016927,00
2023-07-25;71,70;72,66;71,62;72,01;2280507056,00
2023-07-26;71,75;72,25;70,75;71,76;1364429012,00
2023-07-27;71,20;71,24;70,09;70,42;1991454598,00
2023-07-28;70,02;70,02;67,63;67,63;3143603160,00
2023-07-31;68,00;69,68;67,84;69,16;1802359181,00
2023-08-01;68,77;68,81;67,90;68,20;2049091633,00
2023-08-02;67,74;67,76;66,90;67,09;1985211355,00
2023-08-03;66,85;67,89;66,49;67,51;2392356934,00
2023-08-04;67,20;68,33;67,16;67,56;1558093766,00
2023-08-07;67,65;68,17;66,88;67,90;1559918898,00
2023-08-08;66,99;68,15;66,09;67,46;2906738192,00
2023-08-09;67,46;67,91;66,63;66,85;1468493683,00
2023-08-10;66,81;67,18;65,94;66,06;1881052453,00
2023-08-11;66,19;66,38;65,23;65,51;2777235795,00
2023-08-14;62,98;63,04;61,90;61,90;2553666195,00
2023-08-15;61,95;61,96;61,14;61,29;1760182123,00
2023-08-16;61,39;61,93;61,00;61,05;1872168231,00
2023-08-17;62,59;62,81;61,72;61,91;2461508130,00
2023-08-18;61,20;62,08;61,02;61,22;2090389212,00
2023-08-21;61,49;61,74;61,02;61,20;1084606592,00
2023-08-22;62,04;62,86;62,03;62,58;1935723157,00
2023-08-23;63,25;63,67;63,04;63,04;1211171813,00
2023-08-24;62,69;62,69;61,83;62,20;1109070869,00
2023-08-25;62,67;62,78;61,90;62,07;709469874,00
2023-08-28;62,43;63,27;62,27;62,96;892431348,00
2023-08-29;63,38;65,03;63,23;64,97;1844343610,00
2023-08-30;65,21;65,87;64,73;64,98;1421057432,00
2023-08-31;65,57;66,17;65,08;65,08;2030913388,00
2023-09-01;66,69;69,00;66,63;68,89;3896548734,00
2023-09-04;69,28;70,05;68,88;69,40;1557223802,00
2023-09-05;68,99;69,51;68,58;69,10;1331131404,00
2023-09-06;69,15;69,59;67,88;68,00;1948161900,00
2023-09-08;66,70;66,84;66,24;66,71;1330141702,00
2023-09-11;68,10;68,18;67,54;67,67;1323178754,00
2023-09-12;68,00;68,26;67,44;67,62;962084411,00
2023-09-13;67,67;67,78;67,15;67,36;1043318528,00
2023-09-14;69,30;70,68;69,05;70,12;4368329882,00
2023-09-15;71,00;71,23;69,54;69,54;2647192749,00
2023-09-18;69,54;70,05;68,55;68,72;1509805815,00
2023-09-19;68,67;69,25;68,21;68,85;3018702893,00
2023-09-20;69,28;69,77;69,04;69,31;997842194,00
2023-09-21;68,30;68,46;67,50;67,50;1471184956,00
2023-09-22;68,39;68,87;67,93;68,00;1167377242,00
2023-09-25;67,01;67,03;65,77;66,60;2305017116,00
2023-09-26;65,70;66,26;65,37;65,56;1588330806,00
2023-09-27;66,10;66,19;65,31;65,70;1124159317,00
2023-09-28;66,11;67,04;65,96;66,70;1736065573,00
2023-09-29;67,31;67,65;67,04;67,58;1281960115,00
2023-10-02;67,58;67,72;66,62;66,99;748389277,00
2023-10-03;66,08;66,96;66,07;66,58;1015392142,00
2023-10-04;66,40;66,78;65,53;65,87;948324302,00
2023-10-05;65,87;66,45;65,66;65,90;763262500,00
2023-10-06;65,89;67,45;65,82;66,86;1516584654,00
2023-10-09;65,73;66,38;65,39;66,38;948932806,00
2023-10-10;67,06;67,47;66,70;66,78;1223336820,00
2023-10-11;66,81;67,43;66,69;67,36;916635622,00
2023-10-13;67,20;67,30;66,46;66,59;1089212629,00
2023-10-16;67,40;67,75;67,18;67,30;884343357,00
2023-10-17;67,00;68,05;66,59;67,85;1622346818,00
2023-10-18;67,24;67,30;65,33;65,36;2299442709,00
2023-10-19;65,30;65,65;64,42;64,42;1484311318,00
2023-10-20;63,32;63,47;62,00;62,68;3633726173,00
2023-10-23;62,39;62,93;62,11;62,56;1101220071,00
2023-10-24;64,00;64,27;63,57;63,99;1392595270,00
2023-10-25;64,70;65,18;63,75;63,93;1680507534,00
2023-10-26;63,80;65,37;63,61;65,30;2003158877,00
2023-10-27;65,47;67,76;64,71;67,57;3212406140,00
2023-10-30;68,40;68,89;68,04;68,18;1823373399,00
2023-10-31;67,77;69,24;67,57;69,00;1443228324,00
2023-11-01;69,26;70,70;69,25;70,32;2216850041,00
2023-11-03;71,25;71,61;70,93;71,20;2039116579,00
2023-11-06;71,20;71,80;71,20;71,50;1367378514,00
2023-11-07;70,83;71,10;69,24;70,08;2603130043,00
2023-11-08;70,12;70,86;69,82;70,13;1478769309,00
2023-11-09;70,50;71,14;70,22;70,47;1168662319,00
2023-11-10;71,40;71,73;70,90;71,55;1585050950,00
2023-11-13;72,00;72,49;70,93;71,40;1029464543,00
2023-11-14;72,02;74,30;71,90;73,61;3839284270,00
2023-11-16;73,10;74,34;73,01;74,10;2303803084,00
2023-11-17;74,23;74,65;74,10;74,24;1784705263,00
2023-11-20;75,80;76,65;75,43;76,06;2193775575,00
2023-11-21;77,29;78,55;76,85;77,90;3528892539,00
2023-11-22;75,85;76,07;74,21;74,85;2528247383,00
2023-11-23;74,37;74,62;74,08;74,38;763985482,00
2023-11-24;74,50;74,50;73,40;73,75;1231063251,00
2023-11-27;73,44;73,86;72,90;73,31;1267978552,00
2023-11-28;72,28;73,77;72,16;73,47;1609724665,00
2023-11-29;73,80;74,00;72,71;73,45;1161013626,00
2023-11-30;74,01;74,44;73,72;73,85;2196435049,00
2023-12-01;74,73;75,48;74,42;75,22;1876236608,00
2023-12-04;74,24;74,50;73,04;73,53;1648851695,00
2023-12-05;73,23;73,37;72,53;72,85;1835276706,00
2023-12-06;73,50;73,92;72,12;72,37;1495868359,00
2023-12-07;72,69;73,08;72,42;72,60;1274950757,00
2023-12-08;73,10;73,26;72,33;72,80;1170939793,00
2023-12-11;72,08;73,24;71,76;72,86;1121729970,00
2023-12-12;73,60;73,85;72,60;72,99;805617270,00
2023-12-13;72,50;73,32;72,31;73,00;1841484330,00
2023-12-14;74,00;74,26;73,36;73,40;2169405422,00
2023-12-15;74,06;74,30;73,51;73,86;1708637436,00
2023-12-18;74,06;74,93;73,71;74,21;1215868505,00
2023-12-19;74,70;75,09;74,37;74,73;1627361249,00
2023-12-20;74,73;75,41;74,49;74,49;1061180870,00
2023-12-21;75,45;77,05;75,32;76,97;1853614455,00
2023-12-22;77,13;78,20;76,29;76,39;2022384077,00
2023-12-26;77,16;77,45;76,66;76,66;936596691,00
2023-12-27;76,85;77,55;76,85;77,40;1067998831,00
2023-12-28;77,00;77,46;76,75;77,20;1277962001,00
2024-01-02;77,60;78,18;76,59;77,05;1394969815,00
2024-01-03;76,71;76,90;75,85;76,65;1937293376,00
2024-01-04;76,43;76,64;75,36;75,62;1419514324,00
2024-01-05;75,03;75,05;74,12;74,65;1572477216,00
2024-01-08;73,94;74,56;73,51;74,27;1702986329,00
2024-01-09;74,10;74,16;73,15;73,33;1119864010,00
2024-01-10;72,79;72,79;71,95;72,23;1543217220,00
2024-01-11;72,45;72,91;71,85;72,61;1469491697,00
2024-01-12;72,20;72,70;71,64;71,69;1176916809,00
2024-01-15;71,22;71,70;70,70;71,55;907420487,00
2024-01-16;71,60;71,79;70,26;70,62;1600149841,00
2024-01-17;70,27;70,46;69,00;69,45;2998807079,00
2024-01-18;70,20;70,40;69,00;69,00;2117557327,00
2024-01-19;69,50;69,51;68,05;68,10;4111996885,00
2024-01-22;67,50;67,98;67,11;67,80;1579189550,00
2024-01-23;68,95;69,77;68,45;69,20;2347979030,00
2024-01-24;70,30;70,83;69,75;69,90;2596947973,00
2024-01-25;70,00;70,41;67,36;68,36;3278740166,00
2024-01-26;67,90;69,81;67,50;69,50;1893152356,00
2024-01-29;69,49;69,49;68,23;69,17;1091516599,00
2024-01-30;69,40;69,60;67,89;68,78;2362195542,00
2024-01-31;68,10;68,58;67,76;67,76;2370173328,00
2024-02-01;67,87;68,27;67,15;67,45;1421358061,00
2024-02-02;67,26;67,27;65,91;66,08;2161996423,00
2024-02-05;65,90;66,20;65,35;65,51;1580973087,00
2024-02-06;66,07;66,91;65,78;66,67;1830242102,00
2024-02-07;66,82;67,06;66,50;66,80;1326634128,00
2024-02-08;67,49;67,49;65,97;66,21;1714899832,00
2024-02-09;66,10;66,59;65,38;65,92;1220855399,00
2024-02-14;65,99;66,14;65,51;65,72;822029380,00
2024-02-15;65,50;65,87;65,04;65,51;1137006715,00
2024-02-16;66,49;68,32;66,34;67,68;2750176295,00
2024-02-19;67,04;67,59;66,64;67,49;844661338,00
2024-02-20;66,15;66,36;65,19;66,01;2920133027,00
2024-02-21;65,62;66,63;65,60;66,51;1350690609,00
2024-02-22;66,84;67,80;66,80;67,22;2414639238,00
2024-02-23;68,25;69,07;67,24;67,38;2866581940,00
2024-02-26;66,54;66,55;65,45;65,75;2227971978,00
2024-02-27;66,50;67,67;66,36;67,48;1888989242,00
2024-02-28;66,80;67,22;66,33;66,74;1356596846,00
2024-02-29;66,55;67,48;66,49;66,99;1388358130,00
2024-03-01;66,89;67,06;66,37;66,88;1493857558,00
2024-03-04;66,95;67,20;66,39;66,73;876755066,00
2024-03-05;66,00;66,29;65,60;65,85;1610695139,00
2024-03-06;66,22;67,08;66,17;66,75;2236433605,00
2024-03-07;67,46;67,66;66,46;66,52;1276144773,00
2024-03-08;66,20;66,98;65,90;66,01;1535010147,00
2024-03-11;64,78;64,78;63,72;63,96;3757239356,00
2024-03-12;62,36;62,57;60,66;60,84;2743373962,00
2024-03-13;60,60;61,39;60,29;61,23;1994962942,00
2024-03-14;61,10;61,14;60,17;60,45;1820218934,00
2024-03-15;60,10;60,24;59,36;59,76;3402214160,00
2024-03-18;60,49;61,00;60,01;60,90;1296729001,00
2024-03-19;61,73;62,05;61,30;61,40;1040639917,00
2024-03-20;61,41;61,82;60,92;61,81;1118482302,00
2024-03-21;62,43;62,63;61,59;61,66;1142181691,00
2024-03-22;61,50;61,56;60,93;60,95;675868422,00
2024-03-25;61,02;61,32;60,65;60,82;637990100,00
2024-03-26;60,31;60,52;59,59;60,05;1628939864,00
2024-03-27;59,80;60,67;59,69;60,60;1445656946,00
2024-03-28;60,62;61,09;60,07;60,83;1118307532,00
2024-04-01;61,60;61,90;61,00;61,22;1026216067,00
2024-04-02;61,37;62,47;61,30;61,94;1399771954,00
2024-04-03;61,37;61,64;60,55;61,05;1359908941,00
2024-04-04;60,90;61,29;60,17;60,37;1395922970,00
2024-04-05;60,28;60,48;59,61;59,71;920283692,00
2024-04-08;61,10;63,13;60,80;62,97;2506688067,00
2024-04-09;63,63;63,87;62,01;62,55;2322150044,00
2024-04-10;62,33;62,45;61,43;61,60;1309620981,00
2024-04-11;61,79;62,11;61,33;61,86;1009369301,00
2024-04-12;62,80;63,38;61,41;61,63;1605679752,00
2024-04-15;62,30;62,85;61,96;61,99;1780866804,00
2024-04-16;61,13;61,60;60,70;61,44;1837390084,00
2024-04-17;63,04;63,47;61,96;62,11;2145092279,00
2024-04-18;62,69;62,72;61,91;62,34;1242654155,00
2024-04-19;62,24;63,55;62,09;63,36;2067140450,00
2024-04-22;63,03;63,58;62,30;63,33;1713772280,00
2024-04-23;62,66;63,09;62,01;62,78;1450723282,00
2024-04-24;63,56;64,09;63,15;63,56;1601737092,00
2024-04-25;62,68;63,04;61,91;62,22;1694922098,00
2024-04-26;62,60;63,16;62,35;62,74;975222977,00
2024-04-29;62,88;63,95;62,80;63,90;1174541255,00
2024-04-30;63,50;63,74;62,93;63,29;986441159,00
2024-05-02;63,70;64,25;63,22;63,92;1139704151,00
2024-05-03;64,17;64,42;63,35;63,99;1511621103,00
2024-05-06;64,22;64,70;63,95;64,18;862672033,00
2024-05-07;64,75;65,18;64,30;64,58;1381049791,00
2024-05-08;63,65;64,23;63,59;63,99;1166858898,00
2024-05-09;63,90;64,93;63,78;64,51;1269565171,00
2024-05-10;64,75;64,95;64,16;64,29;882420870,00
2024-05-13;64,70;65,05;64,39;64,67;938784568,00
2024-05-14;64,47;64,75;64,02;64,63;857188757,00
2024-05-15;64,45;64,64;63,46;64,44;1364378069,00
2024-05-16;64,98;65,18;64,41;64,91;1081145118,00
2024-05-17;65,25;66,35;65,17;66,18;2130274977,00
2024-05-20;66,14;66,60;65,72;66,15;1470276520,00
2024-05-21;66,75;67,10;65,90;65,96;1530123408,00
2024-05-22;66,00;66,35;65,08;65,44;1143832199,00
2024-05-23;65,22;65,40;64,58;65,05;1068828413,00
2024-05-24;65,00;65,66;64,90;65,08;764693336,00
2024-05-27;64,91;65,30;64,71;65,30;333046274,00
2024-05-28;65,28;65,29;63,35;63,89;1421520232,00
2024-05-29;63,44;63,73;62,97;63,24;1044226361,00
2024-05-31;62,89;63,45;62,79;63,20;1476431403,00
2024-06-03;62,84;62,85;61,69;61,87;1169141265,00
2024-06-04;61,39;61,40;60,70;61,24;1212778118,00
2024-06-05;61,10;61,18;60,31;60,37;1091571754,00
2024-06-06;60,77;61,33;60,36;61,21;1090766392,00
2024-06-07;60,69;60,87;60,27;60,41;896325627,00
2024-06-10;60,60;61,31;60,40;61,07;898196621,00
2024-06-11;60,40;61,04;59,71;60,98;1484588176,00
2024-06-12;61,16;61,45;59,91;60,14;1327408064,00
2024-06-13;60,32;61,05;60,22;60,83;832200731,00
2024-06-14;60,85;60,88;60,26;60,62;744150039,00
2024-06-17;60,04;60,45;59,84;60,38;840743254,00
2024-06-18;60,35;60,88;60,22;60,66;742369147,00
2024-06-19;60,51;61,08;60,37;60,85;530865941,00
2024-06-20;61,05;61,62;60,82;61,40;1195740471,00
2024-06-21;61,03;61,36;60,74;60,83;2384256927,00
2024-06-24;60,47;61,08;60,40;60,90;831795096,00
2024-06-25;60,99;61,04;60,28;60,65;846065105,00
2024-06-26;61,07;61,58;60,91;61,40;1047518837,00
2024-06-27;61,45;61,56;60,86;61,56;842722481,00
2024-06-28;61,68;62,55;61,64;62,22;1396168141,00
2024-07-01;62,71;63,33;62,60;63,14;1276072673,00
2024-07-02;63,08;63,34;62,46;62,93;1529660752,00
2024-07-03;63,46;64,84;63,45;64,18;1923266487,00
2024-07-04;64,64;64,70;63,83;63,86;511151408,00
2024-07-05;63,30;63,85;63,19;63,60;835047510,00
2024-07-08;63,08;63,24;62,67;63,10;1174340381,00
2024-07-09;62,97;63,23;62,71;63,02;616767049,00
2024-07-10;62,67;62,75;61,84;62,17;1081312626,00
2024-07-11;62,42;62,69;61,84;62,01;833903832,00
2024-07-12;62,07;62,92;61,96;62,92;822356531,00
2024-07-15;62,80;63,18;62,42;62,99;640847566,00
2024-07-16;62,29;62,34;61,37;62,33;1384192299,00
2024-07-17;61,88;62,02;61,58;61,75;1429368194,00
2024-07-18;61,70;61,91;61,06;61,17;1266549400,00
2024-07-19;61,20;61,38;60,44;61,12;1253279447,00
2024-07-22;61,12;61,27;60,73;61,05;798334469,00
2024-07-23;60,60;60,60;60,00;60,23;1356026395,00
2024-07-24;60,26;60,75;60,21;60,60;1077533407,00
2024-07-25;60,50;61,19;60,26;60,57;1090289250,00
2024-07-26;61,45;61,74;61,01;61,47;4469525368,00
2024-07-29;61,69;61,80;61,15;61,58;1720752338,00
2024-07-30;61,03;61,11;60,20;60,22;1728962289,00
2024-07-31;60,91;61,68;60,76;61,63;2111104121,00
2024-08-01;61,85;61,87;60,22;60,25;2456088814,00
2024-08-02;60,64;60,85;59,36;59,41;2109099499,00
2024-08-05;56,31;57,39;55,90;57,02;1401186590,00
2024-08-06;56,74;57,52;56,30;57,31;1363052481,00
2024-08-07;57,31;57,59;57,02;57,20;1102833299,00
2024-08-08;57,03;57,50;56,82;56,85;832660362,00
2024-08-09;57,12;57,16;56,50;57,06;1249457790,00
2024-08-12;57,10;57,11;56,52;56,77;1045641396,00
2024-08-13;56,99;56,99;56,52;56,52;1478883955,00
2024-08-14;55,96;56,09;55,48;56,00;2884862014,00
2024-08-15;55,90;56,36;55,69;56,23;1579403428,00
2024-08-16;55,95;56,09;55,53;56,08;2477111225,00
2024-08-19;56,52;57,52;56,36;56,98;1620037365,00
2024-08-20;57,38;57,59;56,81;57,20;1112453580,00
2024-08-21;58,25;58,56;58,10;58,30;1353574963,00
2024-08-22;58,24;58,38;57,85;58,38;1030770810,00
2024-08-23;58,26;58,38;57,25;57,40;1389914106,00
2024-08-26;58,50;58,55;58,05;58,05;1000986404,00
2024-08-27;59,70;60,14;59,09;59,80;2104652080,00
2024-08-28;59,37;59,50;58,68;59,37;1258940170,00
2024-08-29;59,41;59,97;59,10;59,30;1140758398,00
2024-08-30;59,12;59,73;59,08;59,58;2182991866,00
2024-09-02;58,82;58,88;58,42;58,74;771176557,00
2024-09-03;57,95;57,95;56,47;56,55;1679818518,00
2024-09-04;56,70;57,44;56,47;56,99;1112032126,00
2024-09-05;56,89;57,64;56,73;57,40;951423674,00
2024-09-06;57,50;57,52;56,58;56,68;1018529525,00
2024-09-09;57,11;57,34;56,67;56,68;581331143,00
2024-09-10;56,84;56,90;55,93;56,00;987087726,00
2024-09-11;56,74;57,65;56,71;57,59;1467040573,00
2024-09-12;58,10;58,54;57,96;58,11;1044476050,00
2024-09-13;58,10;59,00;58,03;58,50;882333348,00
2024-09-16;58,43;58,55;58,08;58,50;615056517,00
2024-09-17;58,37;58,55;57,90;58,22;701432942,00
2024-09-18;57,59;58,17;57,45;57,54;832338126,00
2024-09-19;58,57;58,85;58,17;58,23;1129469064,00
2024-09-20;57,71;58,16;56,95;57,35;1769673322,00
2024-09-23;57,09;57,86;56,60;57,53;1043277047,00
2024-09-24;60,21;60,74;59,64;60,34;2710632167,00
2024-09-25;60,72;61,25;60,42;60,61;1311013431,00
2024-09-26;62,60;64,38;62,45;64,25;3910884125,00
2024-09-27;64,70;65,04;63,17;63,96;2396770398,00
2024-09-30;65,32;65,32;63,51;63,51;1864882244,00
2024-10-01;63,50;64,25;63,15;63,82;1154523336,00
2024-10-02;64,42;65,35;63,97;64,17;1311560160,00
2024-10-03;63,63;63,80;62,43;62,94;1678837775,00
2024-10-04;62,92;63,01;62,30;62,48;1018120694,00
2024-10-07;62,90;63,74;62,44;63,03;1419880088,00
2024-10-08;61,01;61,12;60,60;61,12;2315405673,00
2024-10-09;60,67;61,06;60,25;60,96;1380269179,00
2024-10-10;61,45;61,45;60,75;61,25;1051495097,00
2024-10-11;60,99;62,27;60,98;62,13;1295143445,00
2024-10-14;62,32;62,52;61,33;61,93;2785822508,00
2024-10-15;61,10;61,20;60,57;61,17;1556705819,00
2024-10-16;61,93;62,38;61,58;62,34;1844993217,00
2024-10-17;61,02;61,32;60,64;60,76;1239162778,00
2024-10-18;61,19;61,47;60,46;60,55;1323912830,00
2024-10-21;61,35;61,38;60,27;60,33;1157034337,00
2024-10-22;60,15;60,66;59,90;60,41;891788513,00
2024-10-23;59,89;59,90;59,15;59,35;1088442078,00
2024-10-24;59,34;59,70;59,21;59,70;674492646,00
2024-10-25;60,57;62,47;60,52;61,73;2372514437,00
2024-10-28;62,50;62,88;62,19;62,88;1037829334,00
2024-10-29;63,25;63,44;62,65;62,66;941593015,00
2024-10-30;62,50;62,69;62,12;62,47;765675347,00
2024-10-31;62,34;62,59;61,80;62,06;1027897819,00
2024-11-01;62,14;62,44;61,79;62,03;945799263,00
2024-11-04;62,40;62,87;62,12;62,67;773320278,00
2024-11-05;62,95;63,11;61,96;62,12;1019799446,00
2024-11-06;61,30;61,63;60,74;61,42;1207892554,00
2024-11-07;62,02;63,99;62,00;63,56;2421962052,00
2024-11-08;61,99;62,05;59,70;60,63;2925749222,00
2024-11-11;59,75;59,87;58,65;58,65;1448839628,00
2024-11-12;58,58;58,59;57,20;57,32;1554383087,00
2024-11-13;57,32;57,72;57,11;57,16;1166780611,00
2024-11-14;57,16;57,34;56,84;56,84;1022412773,00
2024-11-18;57,09;57,78;56,97;57,55;821004901,00
2024-11-19;57,80;57,98;57,46;57,68;745089023,00
2024-11-21;57,50;57,80;57,21;57,62;887190251,00
2024-11-22;57,44;58,27;57,25;58,18;728781063,00
2024-11-25;58,18;58,56;58,12;58,17;1016967102,00
2024-11-26;58,29;58,49;57,15;57,43;1232287017,00
2024-11-27;57,87;58,42;57,60;58,13;1284585963,00
2024-11-28;57,90;58,80;57,27;57,53;1189452043,00
2024-11-29;58,25;59,21;58,15;58,78;1822356027,00
2024-12-02;58,85;59,38;58,69;58,92;1120504868,00
2024-12-03;59,30;59,36;58,47;58,47;937980124,00
2024-12-04;58,40;58,48;56,96;57,33;1445624763,00
2024-12-05;57,46;57,80;56,87;57,80;812451046,00
2024-12-06;57,47;57,66;56,75;56,81;1018355672,00
2024-12-09;58,50;60,19;58,37;59,83;2409625528,00
2024-12-10;59,74;59,94;59,29;59,77;780827931,00
2024-12-11;59,50;59,59;58,45;58,84;1773807083,00
2024-12-12;57,40;57,68;56,67;56,71;1643539642,00
2024-12-13;56,48;56,71;55,70;55,86;1037332516,00
2024-12-16;55,85;56,54;55,34;55,83;1060247929,00
2024-12-17;55,88;56,40;55,65;56,11;1290685750,00
2024-12-18;55,77;55,87;54,76;54,81;1911676551,00
2024-12-19;55,02;55,17;53,60;53,77;1596435845,00
2024-12-20;53,42;54,62;53,33;54,62;3517466714,00
2024-12-23;54,67;55,23;54,40;54,85;1019476594,00
2024-12-26;54,85;55,40;54,40;55,01;723506571,00
2024-12-27;54,73;55,08;54,46;54,74;911263577,00
2024-12-30;54,90;55,19;54,55;54,55;615912878,00
2025-01-02;54,71;55,10;54,23;54,25;960890043,00
2025-01-03;53,90;54,00;52,88;53,24;1259091413,00
2025-01-06;53,48;53,79;52,48;52,56;1148126692,00
2025-01-07;52,63;52,89;51,94;52,05;1154893951,00
2025-01-08;52,03;52,29;51,43;51,55;1262068106,00
2025-01-09;52,05;52,25;51,14;51,23;819749495,00
2025-01-10;51,54;52,31;51,23;51,52;1335846460,00
2025-01-13;52,00;52,31;50,87;51,51;1591567206,00
2025-01-14;51,95;52,43;51,63;51,85;1110644393,00
2025-01-15;52,14;52,68;51,63;52,60;1829784180,00
2025-01-16;52,29;53,27;52,00;52,67;11528773785,00
2025-01-17;53,15;54,49;52,98;54,49;2956234442,00
2025-01-20;54,22;54,49;53,76;54,29;666238407,00
2025-01-21;54,29;54,32;53,25;54,02;1548583619,00
2025-01-22;54,28;54,29;52,42;52,66;1843897392,00
2025-01-23;52,95;52,99;51,84;52,32;1311852050,00
2025-01-24;52,60;53,19;52,60;53,03;1086239495,00
2025-01-27;52,89;53,98;52,57;53,96;1314507461,00
2025-01-28;53,59;53,78;52,54;52,65;1213869950,00
2025-01-29;52,80;53,51;52,63;52,80;1020098645,00
2025-01-30;53,30;55,60;53,28;55,03;2217850460,00
2025-01-31;54,99;55,21;54,00;54,17;1388231957,00
2025-02-03;53,73;54,28;53,33;54,21;1467173924,00
2025-02-04;54,13;54,71;53,81;54,02;1766085963,00
2025-02-05;53,91;54,46;53,86;54,31;1175579741,00
2025-02-06;55,40;55,64;54,97;55,13;1811745048,00
2025-02-07;55,30;55,78;54,56;54,83;1341940556,00
2025-02-10;54,87;55,40;54,84;55,40;858087646,00
2025-02-11;54,91;55,19;54,39;55,16;998961824,00
2025-02-12;55,01;55,29;54,70;54,79;1947522878,00
2025-02-13;54,85;55,00;54,13;54,86;1188920278,00
2025-02-14;55,22;55,81;55,00;55,67;2766474577,00
2025-02-17;55,64;55,92;55,28;55,37;689182490,00
2025-02-18;55,60;55,97;55,51;55,74;1539106635,00
2025-02-19;55,30;55,73;54,72;55,69;1464569761,00
2025-02-20;56,80;58,16;56,48;57,74;4409001263,00
2025-02-21;57,90;58,16;57,56;58,16;2152895324,00
2025-02-24;58,10;58,57;57,48;57,63;1104964356,00
2025-02-25;57,30;57,44;56,89;57,07;1116544312,00
2025-02-26;57,37;57,69;56,72;56,72;1451903522,00
2025-02-27;56,45;56,99;56,01;56,30;1052314198,00
2025-02-28;55,94;56,14;55,15;55,15;2588691084,00
2025-03-05;56,15;56,22;55,39;55,59;771902067,00
2025-03-06;55,64;56,52;55,55;56,20;993283215,00
2025-03-07;55,98;57,35;55,55;57,02;1445061135,00
2025-03-10;54,23;54,55;53,25;53,99;1272927170,00
2025-03-11;54,08;54,72;53,41;54,44;1248088510,00
2025-03-12;54,50;54,50;53,15;53,76;1008817972,00
2025-03-13;53,88;55,16;53,70;54,50;1123876286,00
2025-03-14;55,20;56,41;55,16;56,29;1779752655,00
2025-03-17;56,29;57,24;56,14;57,10;1320929091,00
2025-03-18;57,20;57,56;56,62;57,52;1039267349,00
2025-03-19;57,35;57,55;56,85;57,42;1328228051,00
2025-03-20;57,04;57,49;56,78;57,24;989396014,00
2025-03-21;56,95;57,45;56,83;57,45;1749670884,00
2025-03-24;57,95;58,24;56,96;57,15;1070823621,00
2025-03-25;57,32;57,75;57,11;57,34;896767474,00
2025-03-26;57,40;58,04;57,39;57,69;1696900712,00
2025-03-27;58,00;58,45;57,61;58,15;893198288,00
2025-03-28;58,10;58,38;57,56;57,56;1795849469,00
2025-03-31;56,72;57,02;56,03;56,70;1158474173,00
2025-04-01;57,10;57,93;56,95;57,19;710553311,00
2025-04-02;57,21;57,30;56,60;56,93;750348212,00
2025-04-03;56,00;56,44;54,76;54,87;1796753841,00
2025-04-04;53,22;53,52;51,60;52,68;2408136755,00
2025-04-07;51,71;53,48;51,17;52,05;1869918588,00
2025-04-08;52,35;52,81;49,02;49,20;2350737735,00
2025-04-09;49,15;52,06;48,77;51,85;2850710672,00
2025-04-10;52,10;53,24;51,46;52,78;1990218222,00
2025-04-11;52,56;54,15;52,56;53,66;1184878029,00
2025-04-14;54,40;54,88;54,19;54,36;1090958836,00
2025-04-15;54,38;54,65;53,53;53,81;941523665,00
2025-04-16;53,52;53,64;52,42;52,56;1220690502,00
2025-04-17;52,78;53,32;52,56;52,88;1225765134,00
2025-04-22;53,16;54,29;52,76;53,82;900274824,00
2025-04-23;54,90;55,35;54,40;54,46;1007569411,00
2025-04-24;54,45;55,67;54,31;55,31;1084350337,00
2025-04-25;54,50;54,62;53,64;53,85;1413308588,00
2025-04-28;53,90;54,18;53,63;54,04;647707891,00
2025-04-29;54,21;54,34;53,84;53,84;638028402,00
2025-04-30;52,60;53,25;52,21;52,86;992973767,00
2025-05-02;53,26;53,56;52,55;52,80;907618026,00
2025-05-05;52,90;53,08;52,73;52,96;645460124,00
2025-05-06;52,99;53,58;52,92;53,00;641648387,00
2025-05-07;53,55;53,55;52,66;52,90;595313410,00
2025-05-08;52,90;53,30;52,67;52,74;815218055,00
2025-05-09;53,00;53,08;52,51;52,95;820533468,00
2025-05-12;54,56;55,20;54,28;54,28;1447687993,00
2025-05-13;54,49;55,43;54,13;55,17;1165525662,00
2025-05-14;55,50;55,69;54,84;54,90;897602803,00
2025-05-15;55,00;55,65;54,84;55,45;773050279,00
2025-05-16;55,20;55,67;54,81;55,49;1002851522,00
2025-05-19;55,00;55,50;54,87;55,34;800358420,00
2025-05-20;55,33;55,53;55,09;55,35;580993076,00
2025-05-21;55,15;55,30;54,44;54,64;794523074,00
2025-05-22;54,62;54,64;53,97;54,23;1002474886,00
2025-05-23;54,00;54,44;53,59;54,32;798465254,00
2025-05-26;53,94;54,09;53,80;54,01;388190310,00
2025-05-27;54,00;54,21;53,62;53,84;965693642,00
2025-05-28;53,74;53,79;53,19;53,41;945710126,00
2025-05-29;53,73;53,88;53,33;53,45;548330432,00
2025-05-30;53,35;53,39;52,05;52,10;1481680717,00
2025-06-02;52,58;52,75;52,26;52,56;1013255791,00
2025-06-03;51,93;52,64;51,87;52,53;669676143,00
2025-06-04;52,62;53,33;52,62;52,77;620607458,00
2025-06-05;53,00;53,66;52,87;52,91;670875448,00
2025-06-06;53,15;53,47;52,71;52,98;881470027,00
2025-06-09;52,89;53,29;52,62;53,29;691108593,00
2025-06-10;53,30;53,87;53,11;53,65;1013467205,00
2025-06-11;53,81;53,81;52,99;53,18;726406008,00
2025-06-12;52,90;53,04;52,47;52,83;588179345,00
2025-06-13;52,07;52,51;51,96;52,13;692273510,00
2025-06-16;52,31;54,05;52,31;53,83;2212947171,00
2025-06-17;53,63;53,89;51,38;51,41;2273190524,00
2025-06-18;51,41;51,73;51,08;51,24;1054160707,00
2025-06-20;51,24;51,28;49,92;49,92;2004460599,00
2025-06-23;50,02;50,55;49,83;50,55;867431141,00
2025-06-24;50,74;50,75;50,14;50,54;937372942,00
2025-06-25;50,25;50,60;49,72;50,48;1171864215,00
2025-06-26;50,84;52,30;50,84;52,00;2101139514,00
2025-06-27;52,19;53,09;51,91;53,00;1370623764,00
2025-06-30;52,79;53,03;52,44;52,65;1052770976,00
2025-07-01;52,60;53,71;52,50;53,36;1161941246,00
2025-07-02;53,81;55,70;53,80;55,30;3482577160,00
2025-07-03;55,50;55,88;54,82;55,04;1008931746,00
2025-07-04;55,03;55,20;54,75;55,20;300019878,00
2025-07-07;55,05;55,18;54,20;54,39;718607086,00
2025-07-08;54,52;55,59;54,36;54,58;1460606711,00
2025-07-09;54,70;54,70;53,75;54,04;660135336,00
2025-07-10;55,34;57,12;55,20;55,28;2611708913,00
2025-07-11;55,20;56,22;55,01;56,00;1022130918,00
2025-07-14;55,86;55,91;54,87;55,36;837347020,00
2025-07-15;54,93;55,36;53,52;53,91;1351715279,00
2025-07-16;54,10;54,52;53,91;54,40;1432133458,00
2025-07-17;54,40;54,79;54,12;54,30;1102614633,00
2025-07-18;54,05;54,78;53,97;54,56;1292870744,00
2025-07-21;55,45;56,82;55,34;56,05;2273582613,00
2025-07-22;56,95;57,97;56,91;57,50;2353536445,00
2025-07-23;57,45;57,90;57,00;57,42;1028666841,00
2025-07-24;56,94;57,29;56,29;56,53;1225828881,00
2025-07-25;56,18;56,28;55,27;55,70;1216609433,00
2025-07-28;54,94;55,32;54,64;55,16;1054177423,00
2025-07-29;55,55;55,70;54,77;54,82;806890092,00
2025-07-30;54,32;54,69;53,33;53,84;1921923588,00
2025-07-31;53,01;53,62;52,37;53,46;1105602377,00
2025-08-01;54,24;54,90;53,57;53,75;2193961117,00
2025-08-04;54,39;54,40;53,81;54,18;875047834,00
2025-08-05;54,17;54,97;54,11;54,11;1144797588,00
2025-08-06;54,51;54,61;53,73;53,77;970456328,00
2025-08-07;54,10;54,49;53,90;54,11;1100559720,00
2025-08-08;54,20;55,70;54,19;55,39;1336440125,00
2025-08-11;55,48;55,99;55,30;55,33;1237923999,00
2025-08-12;55,95;56,17;55,70;55,91;1446674652,00
2025-08-13;54,30;54,50;53,94;54,09;1069944196,00
2025-08-14;53,55;53,61;53,08;53,42;2282838962,00
2025-08-15;53,46;53,58;53,00;53,32;1820812159,00
2025-08-18;53,10;53,71;53,03;53,20;679050643,00
2025-08-19;53,51;53,68;53,00;53,24;943947674,00
2025-08-20;52,90;53,27;52,86;53,00;513932510,00
2025-08-21;53,02;53,53;52,95;53,45;576032105,00
2025-08-22;53,43;54,89;53,31;54,79;1129533064,00
2025-08-25;55,17;55,40;54,74;54,92;572592145,00
2025-08-26;54,82;55,41;54,68;55,41;1042449207,00
2025-08-27;55,22;55,53;55,12;55,38;486212676,00
2025-08-28;56,00;56,19;55,33;55,40;1229375528,00
2025-08-29;55,49;55,83;55,45;55,56;772611361,00
2025-09-01;55,14;55,60;54,81;55,60;429016795,00
2025-09-02;55,11;55,56;55,04;55,39;529845529,00
2025-09-03;55,39;55,82;55,24;55,60;657204294,00
2025-09-04;55,85;56,16;55,55;55,71;470962993,00
2025-09-05;56,20;56,67;56,02;56,22;789005461,00
2025-09-08;56,23;56,62;56,23;56,36;547550148,00
2025-09-09;56,74;57,52;56,05;56,19;1379324184,00
2025-09-10;56,47;57,05;56,28;56,58;762151121,00
2025-09-11;56,45;57,27;56,31;57,02;804280122,00
2025-09-12;56,70;57,43;56,70;57,00;702537801,00
2025-09-15;57,48;57,55;56,98;57,50;714816110,00
2025-09-16;57,77;58,06;57,19;57,70;900215006,00
2025-09-17;57,54;58,02;57,36;57,80;1333466136,00
2025-09-18;57,84;58,08;57,40;57,69;1021237460,00
2025-09-19;57,97;58,19;57,55;57,92;1464166254,00
2025-09-22;57,82;58,44;57,81;58,00;1275882929,00
2025-09-23;58,00;58,39;57,66;57,67;1023484192,00
2025-09-24;57,95;58,14;57,67;57,89;752963180,00
2025-09-25;58,19;58,55;58,04;58,21;794515943,00
2025-09-26;57,74;57,94;56,54;57,09;1655749995,00
2025-09-29;57,50;57,75;57,13;57,28;894705439,00
2025-09-30;57,67;57,78;57,09;57,58;1050162241,00
2025-10-01;57,76;58,67;57,76;58,31;1065429174,00
2025-10-02;58,36;58,86;58,08;58,70;868529800,00
2025-10-03;58,70;59,12;58,50;58,59;1130751196,00
2025-10-06;58,81;59,97;58,80;59,59;1555213858,00
2025-10-07;59,50;59,62;58,75;58,75;1540330533,00
2025-10-08;59,12;59,39;58,89;59,20;1456662203,00
2025-10-09;59,86;60,38;59,11;59,11;1084140142,00
2025-10-10;59,57;59,80;58,87;58,87;1363364242,00
2025-10-13;59,67;60,06;59,55;59,75;1394539639,00
2025-10-14;59,30;60,13;59,22;59,75;1156766415,00
2025-10-15;59,49;60,98;59,46;60,86;2731823213,00
2025-10-16;60,61;60,93;60,07;60,30;1287979483,00
2025-10-17;59,90;60,30;59,80;60,13;1040493281,00
2025-10-20;60,14;61,35;60,14;60,90;1084549945,00
2025-10-21;60,65;61,05;60,57;60,80;816798391,00
2025-10-22;61,21;62,24;61,18;61,88;1562756213,00
2025-10-23;62,22;62,54;61,67;61,76;695806007,00
2025-10-24;61,99;62,13;61,33;61,73;686286412,00
2025-10-27;62,06;62,16;61,40;61,66;741857656,00
2025-10-28;61,66;62,54;61,58;62,20;982523017,00
2025-10-29;62,82;63,69;62,71;63,33;1952887052,00
2025-10-30;63,11;64,00;62,93;63,81;1628829919,00
2025-10-31;64,28;65,55;63,87;65,26;2528809247,00
2025-11-03;65,10;65,39;64,65;65,35;1107028675,00
2025-11-04;64,85;65,01;64,03;64,62;1423388375,00
2025-11-05;64,61;66,17;64,50;65,73;1477648126,00
2025-11-06;65,76;66,05;65,26;65,50;1046284896,00
2025-11-07;64,85;64,86;64,02;64,78;1339207523,00
2025-11-10;65,06;65,54;64,91;65,21;826805963,00
2025-11-11;65,21;65,66;64,76;65,04;1661138720,00
2025-11-12;65,26;65,95;65,26;65,76;1745751415,00
2025-11-13;65,76;66,45;65,31;65,67;1255292948,00
2025-11-14;64,85;65,54;64,61;65,27;1066255846,00
2025-11-17;65,60;65,77;64,91;65,22;1317222915,00
2025-11-18;64,45;65,29;64,30;65,02;1456873796,00
2025-11-19;65,02;65,26;64,70;64,95;1073069450,00
2025-11-21;64,55;65,27;64,13;65,16;1311600915,00
2025-11-24;65,01;65,52;64,78;65,09;1332994814,00
2025-11-25;65,16;65,91;65,16;65,60;1199118479,00
2025-11-26;65,99;66,89;65,92;66,58;2221768110,00
2025-11-27;66,50;66,65;66,14;66,33;646488544,00
2025-11-28;67,70;67,81;67,04;67,40;3099010708,00
2025-12-01;67,80;68,13;67,50;67,92;1062763423,00
2025-12-02;68,10;68,72;67,76;68,48;1538998544,00
2025-12-03;68,86;71,10;68,82;70,69;2982719159,00
2025-12-04;70,70;72,39;70,69;71,92;2726715671,00
2025-12-05;71,96;72,33;69,92;70,22;2855261264,00
2025-12-08;70,42;70,86;69,49;69,74;1460757455,00
2025-12-09;69,10;70,43;68,90;69,78;1610219444,00
2025-12-10;70,25;71,35;70,25;71,06;1735787002,00
2025-12-11;70,74;72,37;70,47;72,00;1840690800,00
2025-12-12;67,75;68,98;67,72;68,61;2494189956,00
2025-12-15;68,65;69,39;68,50;69,03;1160285555,00
2025-12-16;69,33;70,03;69,26;69,29;1528445402,00
2025-12-17;69,64;70,77;69,44;70,17;2063898479,00
2025-12-18;70,60;71,12;70,31;70,35;1302434157,00
2025-12-19;70,50;70,93;70,38;70,85;2619831131,00
2025-12-22;71,03;73,37;70,81;72,92;2025326289,00
2025-12-23;73,23;73,53;72,58;72,90;1251201195,00
2025-12-26;72,86;73,35;72,62;73,12;1196065454,00
2025-12-29;73,19;73,74;71,70;72,12;1444568364,00
2025-12-30;72,50;72,84;71,91;71,96;1233267162,00
2026-01-02;72,33;72,55;71,65;72,38;2050921717,00
2026-01-05;72,40;73,50;72,30;73,12;1824206423,00
2026-01-06;73,45;75,99;72,88;75,87;2967769173,00
2026-01-07;76,10;77,34;75,62;76,32;3178619450,00
2026-01-08;75,80;75,80;74,19;75,58;2394218240,00
2026-01-09;74,90;75,71;74,20;74,72;1858351601,00
2026-01-12;75,00;75,47;74,51;74,74;984883058,00
2026-01-13;74,47;76,05;74,28;75,35;1852093610,00
2026-01-14;75,84;79,09;75,64;78,92;3439918683,00
2026-01-15;78,90;79,64;78,51;78,85;2807342829,00
2026-01-16;78,39;78,88;77,57;78,88;3596350980,00
2026-01-19;78,52;78,65;77,87;78,57;836909727,00
2026-01-20;77,83;80,21;77,41;80,08;2473741192,00
2026-01-21;80,99;82,80;80,50;82,50;6813628355,00
2026-01-22;82,50;84,40;82,08;82,98;5229101577,00
2026-01-23;83,75;85,74;83,69;85,02;2150618793,00
2026-01-26;85,56;86,14;82,18;83,07;3003202155,00
2026-01-27;83,59;86,13;83,35;84,90;2630901150,00
2026-01-28;85,29;87,49;85,00;86,97;2463477928,00
2026-01-29;88,00;89,50;86,81;87,41;3706576189,00
2026-01-30;85,67;87,90;84,00;84,32;3558635564,00
2026-02-02;84,42;85,85;84,04;84,82;1892415924,00
2026-02-03;86,42;89,00;86,42;88,99;3319773979,00
2026-02-04;88,51;89,59;87,55;89,43;4587714823,00
2026-02-05;87,99;88,93;86,24;86,45;4988416495,00
2026-02-06;86,41;87,56;85,20;85,63;2480517572,00
2026-02-09;86,65;87,68;84,63;87,31;2292667101,00
2026-02-10;86,72;87,74;86,25;87,05;1236020594,00
2026-02-11;88,60;90,32;88,48;90,09;2544387510,00
2026-02-12;89,85;91,62;89,08;89,23;4651964905,00
2026-02-13;87,57;88,14;86,02;87,03;2493201127,00
2026-02-18;85,10;85,15;83,56;83,92;1763329212,00
2026-02-19;83,03;84,35;82,33;84,09;2478403936,00
2026-02-20;83,80;86,81;83,42;86,81;3471520369,00
2026-02-23;86,81;88,32;86,42;87,39;1850921168,00
2026-02-24;87,40;88,71;87,40;87,73;1741536601,00
2026-02-25;89,03;90,33;88,51;89,97;2572715783,00
2026-02-26;88,94;89,38;87,04;89,21;2166986512,00
2026-02-27;89,14;89,50;88,26;88,47;1538463467,00
2026-03-02;87,92;89,16;87,29;88,16;1228083617,00
2026-03-03;85,25;85,31;82,55;84,48;3029300731,00
2026-03-04;85,39;85,63;83,58;84,09;1486111183,00
2026-03-05;84,13;84,30;80,55;81,29;3091372700,00
2026-03-06;80,90;81,20;78,40;78,86;2342745219,00
2026-03-09;77,72;80,10;76,55;79,26;2394108504,00
2026-03-10;80,16;80,99;79,67;80,56;1381851553,00
2026-03-11;79,79;80,94;78,80;79,85;1660164022,00
2026-03-12;79,77;79,77;77,66;79,24;2297018329,00
2026-03-13;79,30;80,49;78,02;78,30;1136482992,00
2026-03-16;79,39;80,20;78,81;78,84;1078350237,00
2026-03-17;79,10;79,71;78,63;78,96;1124502805,00
2026-03-18;78,65;78,67;77,05;77,13;1503498889,00
2026-03-19;74,17;76,71;74,06;76,63;2063286903,00
2026-03-20;76,21;76,70;74,71;75,55;3334513436,00
2026-03-23;76,56;78,42;75,97;77,49;1815411610,00
2026-03-24;76,98;78,41;76,56;78,10;1223414382,00
2026-03-25;79,20;80,25;79,00;79,55;1484160540,00
2026-03-26;78,13;79,59;78,01;78,91;1065859339,00
2026-03-27;78,47;79,92;78,17;79,00;878423566,00
2026-03-30;80,25;81,06;79,29;79,50;1499975285,00
2026-03-31;80,74;82,74;80,59;82,48;2047441331,00
2026-04-01;83,31;84,04;82,58;83,00;2370001615,00
2026-04-02;81,51;83,77;81,36;83,55;1164308707,00
2026-04-06;84,04;84,22;82,80;83,09;722946972,00
2026-04-07;83,05;83,70;82,60;83,69;1275838041,00
2026-04-08;86,50;86,72;84,73;85,59;2134897272,00
2026-04-09;85,36;85,54;84,26;84,69;1523868199,00
2026-04-10;85,00;86,39;84,58;85,59;2055394675,00
2026-04-13;85,11;87,36;84,92;87,36;2135217732,00
2026-04-14;87,50;88,54;87,18;88,30;1632161807,00
2026-04-15;88,15;89,08;87,89;88,44;2170171545,00
2026-04-16;88,89;89,39;87,10;87,44;1196073290,00
2026-04-17;88,20;89,75;87,80;89,75;2680936099,00
2026-04-20;88,80;89,44;88,03;88,73;1426864666,00
2026-04-22;87,95;88,73;87,22;87,22;1159946693,00
2026-04-23;86,64;87,17;85,71;85,97;1090425658,00
2026-04-24;85,97;86,99;85,75;85,87;985624565,00
2026-04-27;86,15;86,30;84,89;85,50;739923482,00
2026-04-28;84,70;85,30;84,05;84,39;1157303953,00
2026-04-29;82,80;82,91;79,25;79,44;3480527606,00
2026-04-30;81,03;81,70;80,21;81,18;1426476417,00
2026-05-04;81,18;81,36;78,65;78,66;1472435875,00
2026-05-05;79,42;79,42;77,97;78,39;1279578318,00
2026-05-06;80,35;81,64;80,10;81,23;1413876866,00
2026-05-07;81,29;81,67;79,60;80,07;1516734607,00
2026-05-08;80,57;81,79;80,36;81,49;1364016445,00
2026-05-11;81,39;83,93;81,19;83,45;2070221905,00
2026-05-12;83,15;83,99;81,74;83,25;1370267851,00
2026-05-13;83,49;85,05;83,01;84,30;2668430424,00
2026-05-14;85,00;85,41;82,63;82,87;2666932291,00
2026-05-15;80,65;83,50;80,24;83,50;2982500429,00
2026-05-18;83,00;83,60;81,06;81,83;1857836165,00
2026-05-19;80,80;81,28;80,17;81,02;1641970230,00
2026-05-20;81,45;82,21;80,85;82,00;1280117908,00
2026-05-21;81,36;82,88;81,22;82,63;1244908615,00
2026-05-22;82,33;83,14;81,85;83,10;946097150,00
2026-05-25;82,84;83,59;82,45;83,59;585376809,00
2026-05-26;83,23;84,12;82,30;83,07;863250628,00
2026-05-27;83,68;83,94;82,51;83,45;883660916,00
2026-05-28;83,15;84,05;82,24;83,96;1069933806,00
2026-05-29;84,01;84,28;82,38;82,82;1731315150,00
2026-06-01;82,13;82,25;80,58;81,70;1350353696,00
2026-06-02;82,22;85,08;82,04;85,00;1556314538,00
2026-06-03;83,61;83,79;81,79;81,79;1588407933,00
2026-06-05;80,79;80,79;78,33;78,70;1821643514,00
2026-06-08;78,92;79,28;77,32;78,07;1222172128,00
2026-06-09;78,79;78,79;76,83;78,50;1366340230,00
2026-06-10;77,92;78,15;77,20;77,70;967365347,00
2026-06-11;78,12;79,05;77,10;78,80;1384259630,00
2026-06-12;78,66;79,80;78,13;79,17;960026266,00
2026-06-15;80,78;82,74;80,65;81,16;1827873904,00
2026-06-16;80,74;82,19;80,60;81,44;1609987883,00
2026-06-17;80,35;81,34;79,26;79,78;1625642881,00
2026-06-18;79,50;80,38;78,88;79,94;1569474596,00
2026-06-19;79,68;81,07;79,50;80,75;2120183474,00
2026-06-22;80,55;81,58;80,11;80,91;1465442438,00
2026-06-23;79,47;79,98;78,82;79,38;1462674827,00
2026-06-24;78,56;78,86;77,16;77,73;1753803837,00
2026-06-25;78,20;79,22;77,42;78,66;1089019679,00
2026-06-26;78,18;78,88;77,91;78,15;1980589972,00
2026-06-29;78,35;78,56;77,15;78,13;916274041,00
2026-06-30;78,10;78,29;77,25;77,88;879460246,00
2026-07-01;77,09;78,92;77,04;77,97;1203194121,00
2026-07-02;78,60;79,32;77,72;78,24;1343899086,00
2026-07-03;78,43;79,04;78,01;78,84;612618921,00
2026-07-06;78,29;78,78;77,50;77,79;965933342,00
2026-07-07;77,60;77,60;75,79;76,20;1287870523,00
2026-07-08;75,22;75,22;72,35;72,70;2143934195,00
2026-07-09;73,41;73,49;71,93;73,15;1383970525,00
2026-07-10;74,00;74,66;73,12;74,18;1642338378,00
2026-07-13;74,18;74,18;72,45;72,85;1186894203,00
2026-07-14;73,42;74,69;73,18;74,01;1094922277,00
2026-07-15;73,99;75,00;73,80;74,51;1150967924,00
2026-07-16;73,85;74,08;72,54;72,98;948594845,00
2026-07-17;72,98;73,12;72,10;72,94;981958396,00
2026-07-20;73,00;73,25;71,71;71,93;946596332,00
2026-07-21;72,34;72,97;71,57;72,24;908122247,00
2026-07-22;73,61;75,25;73,34;75,10;1342745354,00
2026-07-23;74,54;77,07;74,51;75,68;1205055415,00
2026-07-24;75,16;75,53;74,84;75,24;649875435,00
2026-07-27;74,36;75,72;74,24;75,69;820592356,00
2026-07-28;76,10;76,25;75,00;75,69;926662520,00
2026-07-29;76,01;76,20;74,61;75,05;923250742,00
2026-07-30;75,98;76,56;74,61;76,09;1265258437,00
2026-07-31;75,70;76,93;75,24;76,28;1324244961,00
2026-08-03;76,38;76,48;73,95;74,64;1756676763,00
2026-08-04;76,11;76,91;75,80;76,31;1509046643,00
2026-08-05;76,31;76,95;75,30;76,66;1153508559,00
2026-08-06;76,49;76,55;75,38;75,39;1666809207,00
2026-08-07;75,91;76,13;74,52;74,97;980657775,00
2026-08-10;74,90;76,33;74,70;75,93;1142856510,00
2026-08-11;76,31;76,70;73,71;74,40;2702661211,00
2026-08-12;73,11;73,54;72,66;73,18;1823213517,00
2026-08-13;72,20;73,20;71,50;71,90;1408108645,00
2026-08-14;71,55;71,98;71,09;71,30;1638436579,00
2026-08-17;71,20;71,80;70,69;71,41;714610946,00
2026-08-18;70,99;72,71;70,85;71,55;895516279,00
2026-08-19;72,60;73,85;71,76;72,13;1357623681,00
2026-08-20;71,49;74,10;71,25;74,02;1836132116,00
2026-08-21;74,80;75,81;74,51;75,03;2131728245,00
2026-08-24;74,71;78,36;74,71;77,13;2223766248,00
2026-08-25;77,10;78,76;76,89;78,70;1403950405,00
2026-08-26;79,00;79,58;78,21;78,45;1076745213,00
2026-08-27;78,07;79,30;77,88;79,11;909174655,00
2026-08-28;79,19;79,48;77,76;78,58;1022632716,00
